link,title,status,attempt_count,last_error,last_attempted_at,completed_at,scrape_version
https://www.imdb.com/title/tt0064115/?ref_=sr_i_1,1. Butch Cassidy and the Sundance Kid,completed,1,,2026-10-01T21:40:38+00:00,2026-10-01T21:40:56+00:00,2
https://www.imdb.com/title/tt0064665/?ref_=sr_i_2,2. Midnight Cowboy,completed,1,,2026-10-01T21:40:38+00:00,2026-10-01T21:41:06+00:00,2
https://www.imdb.com/title/tt0064757/?ref_=sr_i_3,3. On Her Majesty's Secret Service,completed,1,,2026-10-01T21:40:38+00:00,2026-10-01T21:41:18+00:00,2
https://www.imdb.com/title/tt0064782/?ref_=sr_i_4,4. Paint Your Wagon,completed,1,,2026-10-01T21:40:38+00:00,2026-10-01T21:41:29+00:00,2
https://www.imdb.com/title/tt0064940/?ref_=sr_i_5,5. Satyricon,completed,1,,2026-10-01T21:40:38+00:00,2026-10-01T21:41:41+00:00,2
https://www.imdb.com/title/tt0064040/?ref_=sr_i_6,6. Army of Shadows,completed,1,,2026-10-01T21:40:38+00:00,2026-10-01T21:41:51+00:00,2
https://www.imdb.com/title/tt0065214/?ref_=sr_i_7,7. The Wild Bunch,completed,1,,2026-10-01T21:40:38+00:00,2026-10-01T21:42:01+00:00,2
https://www.imdb.com/title/tt0064418/?ref_=sr_i_8,"8. Hello, Dolly!",completed,1,,2026-10-01T21:40:38+00:00,2026-10-01T21:42:15+00:00,2
https://www.imdb.com/title/tt0065126/?ref_=sr_i_9,9. True Grit,completed,1,,2026-10-01T21:40:38+00:00,2026-10-01T21:42:26+00:00,2
https://www.imdb.com/title/tt0064816/?ref_=sr_i_10,10. The Swimming Pool,completed,1,,2026-10-01T21:40:38+00:00,2026-10-01T21:42:36+00:00,2
https://www.imdb.com/title/tt0064276/?ref_=sr_i_11,11. Easy Rider,completed,1,,2026-10-01T21:40:38+00:00,2026-10-01T21:42:47+00:00,2
https://www.imdb.com/title/tt0065234/?ref_=sr_i_12,12. Z,completed,1,,2026-10-01T21:40:38+00:00,2026-10-01T21:42:59+00:00,2
https://www.imdb.com/title/tt0064990/?ref_=sr_i_13,13. Mississippi Mermaid,completed,1,,2026-10-01T21:40:38+00:00,2026-10-01T21:43:09+00:00,2
https://www.imdb.com/title/tt0219935/?ref_=sr_i_14,"14. Float Like a Butterfly, Sting Like a Bee",completed,1,,2026-10-01T21:40:38+00:00,2026-10-01T21:43:20+00:00,2
https://www.imdb.com/title/tt0064111/?ref_=sr_i_15,15. Bronco Bullfrog,completed,1,,2026-10-01T21:40:38+00:00,2026-10-01T21:43:30+00:00,2
https://www.imdb.com/title/tt0066904/?ref_=sr_i_16,16. The Sorrow and the Pity,completed,1,,2026-10-01T21:40:38+00:00,2026-10-01T21:43:41+00:00,2
https://www.imdb.com/title/tt0062916/?ref_=sr_i_17,17. Duet for Cannibals,completed,1,,2026-10-01T21:40:38+00:00,2026-10-01T21:43:53+00:00,2
https://www.imdb.com/title/tt0064536/?ref_=sr_i_18,18. Katzelmacher,completed,1,,2026-10-01T21:40:38+00:00,2026-10-01T21:44:06+00:00,2
https://www.imdb.com/title/tt0064588/?ref_=sr_i_19,19. Love Is Colder Than Death,completed,1,,2026-10-01T21:40:38+00:00,2026-10-01T21:44:16+00:00,2
https://www.imdb.com/title/tt0064541/?ref_=sr_i_20,20. Kes,completed,1,,2026-10-01T21:40:38+00:00,2026-10-01T21:44:27+00:00,2
https://www.imdb.com/title/tt0063555/?ref_=sr_i_21,21. The Color of Pomegranates,completed,1,,2026-10-01T21:40:38+00:00,2026-10-01T21:44:38+00:00,2
https://www.imdb.com/title/tt0064505/?ref_=sr_i_22,22. The Italian Job,completed,1,,2026-10-01T21:40:38+00:00,2026-10-01T21:44:49+00:00,2
https://www.imdb.com/title/tt0063633/?ref_=sr_i_23,23. The Cremator,completed,1,,2026-10-01T21:40:38+00:00,2026-10-01T21:45:00+00:00,2
https://www.imdb.com/title/tt0065088/?ref_=sr_i_24,"24. They Shoot Horses, Don't They?",completed,1,,2026-10-01T21:40:38+00:00,2026-10-01T21:45:11+00:00,2
https://www.imdb.com/title/tt0064573/?ref_=sr_i_25,25. Last Summer,completed,1,,2026-10-01T21:40:38+00:00,2026-10-01T21:45:23+00:00,2
https://www.imdb.com/title/tt0065054/?ref_=sr_i_26,26. Sweet Charity,completed,1,,2026-10-01T21:40:38+00:00,2026-10-01T21:45:34+00:00,2
https://www.imdb.com/title/tt0064840/?ref_=sr_i_27,27. The Prime of Miss Jean Brodie,completed,1,,2026-10-01T21:40:38+00:00,2026-10-01T21:45:44+00:00,2
https://www.imdb.com/title/tt0064072/?ref_=sr_i_28,28. Battle of Britain,completed,1,,2026-10-01T21:40:38+00:00,2026-10-01T21:46:01+00:00,2
https://www.imdb.com/title/tt0064100/?ref_=sr_i_29,29. Bob & Carol & Ted & Alice,completed,1,,2026-10-01T21:40:38+00:00,2026-10-01T21:46:12+00:00,2
https://www.imdb.com/title/tt0064612/?ref_=sr_i_30,30. My Night at Maud's,completed,1,,2026-10-01T21:40:38+00:00,2026-10-01T21:46:22+00:00,2
https://www.imdb.com/title/tt0064793/?ref_=sr_i_31,31. The Passion of Anna,completed,1,,2026-10-01T21:40:38+00:00,2026-10-01T21:46:33+00:00,2
https://www.imdb.com/title/tt0066579/?ref_=sr_i_32,32. Women in Love,completed,1,,2026-10-01T21:40:38+00:00,2026-10-01T21:46:43+00:00,2
https://www.imdb.com/title/tt0064068/?ref_=sr_i_33,33. Funeral Parade of Roses,completed,1,,2026-10-01T21:40:38+00:00,2026-10-01T21:46:53+00:00,2
https://www.imdb.com/title/tt0167166/?ref_=sr_i_34,34. Freedom to Love,completed,1,,2026-10-01T21:40:38+00:00,2026-10-01T21:47:02+00:00,2
https://www.imdb.com/title/tt0065738/?ref_=sr_i_35,35. Frankenstein Must Be Destroyed,completed,1,,2026-10-01T21:40:38+00:00,2026-10-01T21:47:14+00:00,2
https://www.imdb.com/title/tt0065112/?ref_=sr_i_36,36. Topaz,completed,1,,2026-10-01T21:40:38+00:00,2026-10-01T21:47:25+00:00,2
https://www.imdb.com/title/tt0062693/?ref_=sr_i_37,37. Baby Love,completed,1,,2026-10-01T21:40:38+00:00,2026-10-01T21:47:34+00:00,2
https://www.imdb.com/title/tt0064916/?ref_=sr_i_38,38. Sabata,completed,1,,2026-10-01T21:40:38+00:00,2026-10-01T21:47:44+00:00,2
https://www.imdb.com/title/tt0065051/?ref_=sr_i_39,39. Support Your Local Sheriff!,completed,1,,2026-10-01T21:40:38+00:00,2026-10-01T21:47:56+00:00,2
https://www.imdb.com/title/tt0065206/?ref_=sr_i_40,40. What Ever Happened to Aunt Alice?,completed,1,,2026-10-01T21:40:38+00:00,2026-10-01T21:48:07+00:00,2
https://www.imdb.com/title/tt0064323/?ref_=sr_i_41,41. The Unfaithful Wife,completed,1,,2026-10-01T21:40:38+00:00,2026-10-01T21:48:17+00:00,2
https://www.imdb.com/title/tt0063991/?ref_=sr_i_42,42. Age of Consent,completed,1,,2026-10-01T21:40:38+00:00,2026-10-01T21:48:26+00:00,2
https://www.imdb.com/title/tt0064961/?ref_=sr_i_43,43. A Thousand & One Nights,completed,1,,2026-10-01T21:40:38+00:00,2026-10-01T21:48:37+00:00,2
https://www.imdb.com/title/tt0062745/?ref_=sr_i_44,44. Blue Movie,completed,1,,2026-10-01T21:40:38+00:00,2026-10-01T21:48:46+00:00,2
https://www.imdb.com/title/tt0064146/?ref_=sr_i_45,45. The Brain,completed,1,,2026-10-01T21:40:38+00:00,2026-10-01T21:48:57+00:00,2
https://www.imdb.com/title/tt0065193/?ref_=sr_i_46,"46. Birds, Orphans and Fools",completed,1,,2026-10-01T21:40:38+00:00,2026-10-01T21:49:07+00:00,2
https://www.imdb.com/title/tt0064356/?ref_=sr_i_47,47. The Cow,completed,1,,2026-10-01T21:40:38+00:00,2026-10-01T21:49:18+00:00,2
https://www.imdb.com/title/tt0064030/?ref_=sr_i_48,48. Anne of the Thousand Days,completed,1,,2026-10-01T21:40:38+00:00,2026-10-01T21:49:28+00:00,2
https://www.imdb.com/title/tt0063699/?ref_=sr_i_49,49. Kingdom in the Clouds,completed,1,,2026-10-01T21:40:38+00:00,2026-10-01T21:49:39+00:00,2
https://www.imdb.com/title/tt0140384/?ref_=sr_i_50,50. Blind Beast,completed,1,,2026-10-01T21:40:38+00:00,2026-10-01T21:49:48+00:00,2
https://www.imdb.com/title/tt0064253/?ref_=sr_i_51,51. Downhill Racer,completed,1,,2026-10-01T21:40:38+00:00,2026-10-01T21:49:59+00:00,2
https://www.imdb.com/title/tt0062870/?ref_=sr_i_52,52. Marquis de Sade's Justine,completed,1,,2026-10-01T21:40:38+00:00,2026-10-01T21:50:10+00:00,2
https://www.imdb.com/title/tt0064363/?ref_=sr_i_53,53. The Gay Deceivers,completed,1,,2026-10-01T21:40:38+00:00,2026-10-01T21:50:23+00:00,2
https://www.imdb.com/title/tt0065011/?ref_=sr_i_54,54. Some Like It Sexy,completed,1,,2026-10-01T21:40:38+00:00,2026-10-01T21:50:32+00:00,2
https://www.imdb.com/title/tt0065566/?ref_=sr_i_55,55. The Computer Wore Tennis Shoes,completed,1,,2026-10-01T21:40:38+00:00,2026-10-01T21:50:43+00:00,2
https://www.imdb.com/title/tt0064638/?ref_=sr_i_56,56. Marlowe,completed,1,,2026-10-01T21:40:38+00:00,2026-10-01T21:50:54+00:00,2
https://www.imdb.com/title/tt0064873/?ref_=sr_i_57,57. The Rain People,completed,1,,2026-10-01T21:40:38+00:00,2026-10-01T21:51:05+00:00,2
https://www.imdb.com/title/tt0064117/?ref_=sr_i_58,58. Cactus Flower,completed,1,,2026-10-01T21:40:38+00:00,2026-10-01T21:51:15+00:00,2
https://www.imdb.com/title/tt0064639/?ref_=sr_i_59,59. Marooned,completed,1,,2026-10-01T21:40:38+00:00,2026-10-01T21:51:25+00:00,2
https://www.imdb.com/title/tt0066065/?ref_=sr_i_60,60. Medea,completed,1,,2026-10-01T21:40:38+00:00,2026-10-01T21:51:35+00:00,2
https://www.imdb.com/title/tt0064473/?ref_=sr_i_61,61. The Illustrated Man,completed,1,,2026-10-01T21:40:38+00:00,2026-10-01T21:51:46+00:00,2
https://www.imdb.com/title/tt0065063/?ref_=sr_i_62,62. Take the Money and Run,completed,1,,2026-10-01T21:40:38+00:00,2026-10-01T21:51:56+00:00,2
https://www.imdb.com/title/tt0064652/?ref_=sr_i_63,63. Medium Cool,completed,1,,2026-10-01T21:40:38+00:00,2026-10-01T21:52:08+00:00,2
https://www.imdb.com/title/tt0064861/?ref_=sr_i_64,64. This Man Must Die,completed,1,,2026-10-01T21:40:38+00:00,2026-10-01T21:52:18+00:00,2
https://www.imdb.com/title/tt0064943/?ref_=sr_i_65,65. School for Unclaimed Girls,completed,1,,2026-10-01T21:40:38+00:00,2026-10-01T21:52:28+00:00,2
https://www.imdb.com/title/tt0064728/?ref_=sr_i_66,66. The Night of the Following Day,completed,1,,2026-10-01T21:40:38+00:00,2026-10-01T21:52:39+00:00,2
https://www.imdb.com/title/tt0064373/?ref_=sr_i_67,67. All Monsters Attack,completed,1,,2026-10-01T21:40:38+00:00,2026-10-01T21:52:53+00:00,2
https://www.imdb.com/title/tt0065152/?ref_=sr_i_68,68. A Gentle Woman,completed,1,,2026-10-01T21:40:38+00:00,2026-10-01T21:53:02+00:00,2
https://www.imdb.com/title/tt0062759/?ref_=sr_i_69,69. The Diamond Arm,completed,1,,2026-10-01T21:40:38+00:00,2026-10-01T21:53:13+00:00,2
https://www.imdb.com/title/tt0064921/?ref_=sr_i_70,70. Salesman,completed,1,,2026-10-01T21:40:38+00:00,2026-10-01T21:53:23+00:00,2
https://www.imdb.com/title/tt0062757/?ref_=sr_i_71,71. The Brothers Karamazov,completed,1,,2026-10-01T21:40:38+00:00,2026-10-01T21:53:34+00:00,2
https://www.imdb.com/title/tt0064708/?ref_=sr_i_72,72. My Side of the Mountain,completed,1,,2026-10-01T21:40:38+00:00,2026-10-01T21:53:43+00:00,2
https://www.imdb.com/title/tt0064425/?ref_=sr_i_73,73. Hibernatus,completed,1,,2026-10-01T21:40:38+00:00,2026-10-01T21:53:54+00:00,2
https://www.imdb.com/title/tt0066534/?ref_=sr_i_74,74. The Milky Way,completed,1,,2026-10-01T21:40:38+00:00,2026-10-01T21:54:05+00:00,2
https://www.imdb.com/title/tt0067315/?ref_=sr_i_75,75. The Red Tent,completed,1,,2026-10-01T21:40:38+00:00,2026-10-01T21:54:16+00:00,2
https://www.imdb.com/title/tt0062663/?ref_=sr_i_76,76. Mad Love,completed,1,,2026-10-01T21:40:38+00:00,2026-10-01T21:54:27+00:00,2
https://www.imdb.com/title/tt0065233/?ref_=sr_i_77,"77. Go, Go Second Time Virgin",completed,1,,2026-10-01T21:40:38+00:00,2026-10-01T21:54:36+00:00,2
https://www.imdb.com/title/tt0064256/?ref_=sr_i_78,78. Antonio das Mortes,completed,1,,2026-10-01T21:40:38+00:00,2026-10-01T21:54:47+00:00,2
https://www.imdb.com/title/tt0244776/?ref_=sr_i_79,79. Satyakam,completed,1,,2026-10-01T21:40:38+00:00,2026-10-01T21:54:58+00:00,2
https://www.imdb.com/title/tt0066105/?ref_=sr_i_80,80. The Price of Power,completed,1,,2026-10-01T21:40:38+00:00,2026-10-01T21:55:08+00:00,2
https://www.imdb.com/title/tt0064011/?ref_=sr_i_81,81. The Ambush,completed,1,,2026-10-01T21:40:38+00:00,2026-10-01T21:55:19+00:00,2
https://www.imdb.com/title/tt0062836/?ref_=sr_i_82,82. The Exquisite Cadaver,completed,1,,2026-10-01T21:40:38+00:00,2026-10-01T21:55:29+00:00,2
https://www.imdb.com/title/tt0065076/?ref_=sr_i_83,83. The Big Dig,completed,1,,2026-10-01T21:40:38+00:00,2026-10-01T21:55:39+00:00,2
https://www.imdb.com/title/tt0065055/?ref_=sr_i_84,84. Sweet Hunters,completed,1,,2026-10-01T21:40:38+00:00,2026-10-01T21:55:48+00:00,2
https://www.imdb.com/title/tt0064118/?ref_=sr_i_85,85. The Damned,completed,1,,2026-10-01T21:40:38+00:00,2026-10-01T21:55:58+00:00,2
https://www.imdb.com/title/tt3141810/?ref_=sr_i_86,86. Vendetta for the Saint,completed,1,,2026-10-01T21:40:38+00:00,2026-10-01T21:56:10+00:00,2
https://www.imdb.com/title/tt0065150/?ref_=sr_i_87,87. The Undefeated,completed,1,,2026-10-01T21:40:38+00:00,2026-10-01T21:56:20+00:00,2
https://www.imdb.com/title/tt0064110/?ref_=sr_i_88,88. The Bridge at Remagen,completed,1,,2026-10-01T21:40:38+00:00,2026-10-01T21:56:36+00:00,2
https://www.imdb.com/title/tt0064615/?ref_=sr_i_89,89. Mackenna's Gold,completed,1,,2026-10-01T21:40:38+00:00,2026-10-01T21:56:46+00:00,2
https://www.imdb.com/title/tt1188708/?ref_=sr_i_90,90. Kangkarot,completed,1,,2026-10-01T21:40:38+00:00,2026-10-01T21:56:56+00:00,2
https://www.imdb.com/title/tt0064133/?ref_=sr_i_91,91. Carry on Camping,completed,1,,2026-10-01T21:40:38+00:00,2026-10-01T21:57:06+00:00,2
https://www.imdb.com/title/tt0063242/?ref_=sr_i_92,92. Love Camp 7,completed,1,,2026-10-01T21:40:38+00:00,2026-10-01T21:57:17+00:00,2
https://www.imdb.com/title/tt0065217/?ref_=sr_i_93,93. The Witchmaker,completed,1,,2026-10-01T21:40:38+00:00,2026-10-01T21:57:28+00:00,2
https://www.imdb.com/title/tt0064169/?ref_=sr_i_94,94. The Sicilian Clan,completed,1,,2026-10-01T21:40:38+00:00,2026-10-01T21:57:38+00:00,2
https://www.imdb.com/title/tt0366905/?ref_=sr_i_95,95. Pippi Longstocking,completed,1,,2026-10-01T21:40:38+00:00,2026-10-01T21:57:47+00:00,2
https://www.imdb.com/title/tt0063564/?ref_=sr_i_96,96. School for Sex,completed,1,,2026-10-01T21:40:38+00:00,2026-10-01T21:57:57+00:00,2
https://www.imdb.com/title/tt0064382/?ref_=sr_i_97,"97. Goodbye, Mr. Chips",completed,1,,2026-10-01T21:40:38+00:00,2026-10-01T21:58:07+00:00,2
https://www.imdb.com/title/tt0123770/?ref_=sr_i_98,98. The Curious Female,completed,1,,2026-10-01T21:40:38+00:00,2026-10-01T21:58:17+00:00,2
https://www.imdb.com/title/tt0063977/?ref_=sr_i_99,99. 99 Women,completed,1,,2026-10-01T21:40:38+00:00,2026-10-01T21:58:28+00:00,2
https://www.imdb.com/title/tt0064789/?ref_=sr_i_100,100. Venus in Furs,completed,1,,2026-10-01T21:40:38+00:00,2026-10-01T21:58:37+00:00,2
https://www.imdb.com/title/tt0065602/?ref_=sr_i_101,"101. Angel, Angel, Down We Go",completed,1,,2026-10-01T21:40:38+00:00,2026-10-01T21:58:47+00:00,2
https://www.imdb.com/title/tt0065243/?ref_=sr_i_102,102. The Love Factor,completed,1,,2026-10-01T21:40:38+00:00,2026-10-01T21:58:58+00:00,2
https://www.imdb.com/title/tt0064888/?ref_=sr_i_103,103. The House That Screamed,completed,1,,2026-10-01T21:40:38+00:00,2026-10-01T21:59:09+00:00,2
https://www.imdb.com/title/tt0065163/?ref_=sr_i_104,104. The Valley of Gwangi,completed,1,,2026-10-01T21:40:38+00:00,2026-10-01T21:59:20+00:00,2
https://www.imdb.com/title/tt0067714/?ref_=sr_i_105,105. The Scavengers,completed,1,,2026-10-01T21:40:38+00:00,2026-10-01T21:59:30+00:00,2
https://www.imdb.com/title/tt0064610/?ref_=sr_i_106,106. Ludwig auf Freiersfüßen,completed,1,,2026-10-01T21:40:38+00:00,2026-10-01T21:59:40+00:00,2
https://www.imdb.com/title/tt0064045/?ref_=sr_i_107,107. The Assassination Bureau,completed,1,,2026-10-01T21:40:38+00:00,2026-10-01T21:59:49+00:00,2
https://www.imdb.com/title/tt0063413/?ref_=sr_i_108,108. Paranoia,completed,1,,2026-10-01T21:40:38+00:00,2026-10-01T21:59:59+00:00,2
https://www.imdb.com/title/tt0064754/?ref_=sr_i_109,109. Oh! What a Lovely War,completed,1,,2026-10-01T21:40:38+00:00,2026-10-01T22:00:10+00:00,2
https://www.imdb.com/title/tt0064651/?ref_=sr_i_110,"110. Me, Natalie",completed,1,,2026-10-01T21:40:38+00:00,2026-10-01T22:00:20+00:00,2
https://www.imdb.com/title/tt0064471/?ref_=sr_i_111,"111. If It's Tuesday, This Must Be Belgium",completed,1,,2026-10-01T21:40:38+00:00,2026-10-01T22:00:33+00:00,2
https://www.imdb.com/title/tt0168192/?ref_=sr_i_112,112. The Stewardesses,completed,1,,2026-10-01T21:40:38+00:00,2026-10-01T22:00:42+00:00,2
https://www.imdb.com/title/tt0065079/?ref_=sr_i_113,113. Tell Them Willie Boy Is Here,completed,1,,2026-10-01T21:40:38+00:00,2026-10-01T22:00:53+00:00,2
https://www.imdb.com/title/tt0064107/?ref_=sr_i_114,114. A Boy Named Charlie Brown,completed,1,,2026-10-01T21:40:38+00:00,2026-10-01T22:01:04+00:00,2
https://www.imdb.com/title/tt0063789/?ref_=sr_i_115,115. Crime Thief,completed,1,,2026-10-01T21:40:38+00:00,2026-10-01T22:01:14+00:00,2
https://www.imdb.com/title/tt0064886/?ref_=sr_i_116,116. The Reivers,completed,1,,2026-10-01T21:40:38+00:00,2026-10-01T22:01:25+00:00,2
https://www.imdb.com/title/tt0063340/?ref_=sr_i_117,117. Attraction,completed,1,,2026-10-01T21:40:38+00:00,2026-10-01T22:01:35+00:00,2
https://www.imdb.com/title/tt0064679/?ref_=sr_i_118,118. Model Shop,completed,1,,2026-10-01T21:40:38+00:00,2026-10-01T22:01:45+00:00,2
https://www.imdb.com/title/tt0065148/?ref_=sr_i_119,119. One on Top of the Other,completed,1,,2026-10-01T21:40:38+00:00,2026-10-01T22:01:56+00:00,2
https://www.imdb.com/title/tt0064866/?ref_=sr_i_120,120. Burn!,completed,1,,2026-10-01T21:40:38+00:00,2026-10-01T22:02:06+00:00,2
https://www.imdb.com/title/tt0064691/?ref_=sr_i_121,121. Moon Zero Two,completed,1,,2026-10-01T21:40:38+00:00,2026-10-01T22:02:17+00:00,2
https://www.imdb.com/title/tt0195621/?ref_=sr_i_122,122. Mother's Heart,completed,1,,2026-10-01T21:40:38+00:00,2026-10-01T22:02:28+00:00,2
https://www.imdb.com/title/tt0064747/?ref_=sr_i_123,123. The Oblong Box,completed,1,,2026-10-01T21:40:38+00:00,2026-10-01T22:02:39+00:00,2
https://www.imdb.com/title/tt0124621/?ref_=sr_i_124,124. The Laughing Woman,completed,1,,2026-10-01T21:40:38+00:00,2026-10-01T22:02:49+00:00,2
https://www.imdb.com/title/tt0064041/?ref_=sr_i_125,125. The Arrangement,completed,1,,2026-10-01T21:40:38+00:00,2026-10-01T22:03:00+00:00,2
https://www.imdb.com/title/tt0064855/?ref_=sr_i_126,126. Putney Swope,completed,1,,2026-10-01T21:40:38+00:00,2026-10-01T22:03:12+00:00,2
https://www.imdb.com/title/tt0063297/?ref_=sr_i_127,127. A Midsummer Night's Dream,completed,1,,2026-10-01T21:40:38+00:00,2026-10-01T22:03:22+00:00,2
https://www.imdb.com/title/tt0064952/?ref_=sr_i_128,128. The Secret of Santa Vittoria,completed,1,,2026-10-01T21:40:38+00:00,2026-10-01T22:03:32+00:00,2
https://www.imdb.com/title/tt0065184/?ref_=sr_i_129,129. Viva Max,completed,1,,2026-10-01T21:40:38+00:00,2026-10-01T22:03:44+00:00,2
https://www.imdb.com/title/tt0064381/?ref_=sr_i_130,"130. Goodbye, Columbus",completed,1,,2026-10-01T21:40:38+00:00,2026-10-01T22:03:54+00:00,2
https://www.imdb.com/title/tt0064002/?ref_=sr_i_131,131. Alice's Restaurant,completed,1,,2026-10-01T21:40:38+00:00,2026-10-01T22:04:05+00:00,2
https://www.imdb.com/title/tt0064622/?ref_=sr_i_132,132. The Magic Christian,completed,1,,2026-10-01T21:40:38+00:00,2026-10-01T22:04:17+00:00,2
https://www.imdb.com/title/tt6344712/?ref_=sr_i_133,133. The Square Root,completed,1,,2026-10-01T21:40:38+00:00,2026-10-01T22:04:27+00:00,2
https://www.imdb.com/title/tt0063970/?ref_=sr_i_134,134. 100 Rifles,completed,1,,2026-10-01T21:40:38+00:00,2026-10-01T22:04:36+00:00,2
https://www.imdb.com/title/tt0064137/?ref_=sr_i_135,135. Castle Keep,completed,1,,2026-10-01T21:40:38+00:00,2026-10-01T22:04:47+00:00,2
https://www.imdb.com/title/tt0064193/?ref_=sr_i_136,136. Crossplot,completed,1,,2026-10-01T21:40:38+00:00,2026-10-01T22:04:58+00:00,2
https://www.imdb.com/title/tt0064694/?ref_=sr_i_137,137. More,completed,1,,2026-10-01T21:40:38+00:00,2026-10-01T22:05:07+00:00,2
https://www.imdb.com/title/tt0064091/?ref_=sr_i_138,138. The Battle of Neretva,completed,1,,2026-10-01T21:40:38+00:00,2026-10-01T22:05:17+00:00,2
https://www.imdb.com/title/tt0066565/?ref_=sr_i_139,139. White Sun of the Desert,completed,1,,2026-10-01T21:40:38+00:00,2026-10-01T22:05:29+00:00,2
https://www.imdb.com/title/tt0064677/?ref_=sr_i_140,140. Mnasidika,completed,1,,2026-10-01T21:40:38+00:00,2026-10-01T22:05:38+00:00,2
https://www.imdb.com/title/tt0167965/?ref_=sr_i_141,141. Graf Porno und die liebesdurstigen Töchter,completed,1,,2026-10-01T21:40:38+00:00,2026-10-01T22:05:54+00:00,2
https://www.imdb.com/title/tt0064073/?ref_=sr_i_142,142. The Conspiracy of Torture,completed,1,,2026-10-01T21:40:38+00:00,2026-10-01T22:06:10+00:00,2
https://www.imdb.com/title/tt0064122/?ref_=sr_i_143,143. Camille 2000,completed,1,,2026-10-01T21:40:38+00:00,2026-10-01T22:06:20+00:00,2
https://www.imdb.com/title/tt0064155/?ref_=sr_i_144,144. Charro!,completed,1,,2026-10-01T21:40:38+00:00,2026-10-01T22:06:30+00:00,2
https://www.imdb.com/title/tt0062808/?ref_=sr_i_145,145. The Girl from Rio,completed,1,,2026-10-01T21:40:38+00:00,2026-10-01T22:06:40+00:00,2
https://www.imdb.com/title/tt0065537/?ref_=sr_i_146,146. Change of Habit,completed,1,,2026-10-01T21:40:38+00:00,2026-10-01T22:06:51+00:00,2
https://www.imdb.com/title/tt0065215/?ref_=sr_i_147,147. Winning,completed,1,,2026-10-01T21:40:38+00:00,2026-10-01T22:07:01+00:00,2
https://www.imdb.com/title/tt0063443/?ref_=sr_i_148,148. Play Dirty,completed,1,,2026-10-01T21:40:38+00:00,2026-10-01T22:07:11+00:00,2
https://www.imdb.com/title/tt0064395/?ref_=sr_i_149,149. Guns of the Magnificent Seven,completed,1,,2026-10-01T21:40:38+00:00,2026-10-01T22:07:22+00:00,2
https://www.imdb.com/title/tt0064175/?ref_=sr_i_150,150. Boot Hill,completed,1,,2026-10-01T21:40:38+00:00,2026-10-01T22:07:32+00:00,2
https://www.imdb.com/title/tt0065037/?ref_=sr_i_151,151. The Sterile Cuckoo,completed,1,,2026-10-01T21:40:38+00:00,2026-10-01T22:07:43+00:00,2
https://www.imdb.com/title/tt0065361/?ref_=sr_i_152,152. 12 + 1,completed,1,,2026-10-01T21:40:38+00:00,2026-10-01T22:07:53+00:00,2
https://www.imdb.com/title/tt0064989/?ref_=sr_i_153,153. Sinner's Blood,completed,1,,2026-10-01T21:40:38+00:00,2026-10-01T22:08:03+00:00,2
https://www.imdb.com/title/tt0065522/?ref_=sr_i_154,154. Captain Nemo and the Underwater City,completed,1,,2026-10-01T21:40:38+00:00,2026-10-01T22:08:14+00:00,2
https://www.imdb.com/title/tt0065086/?ref_=sr_i_155,155. That Cold Day in the Park,completed,1,,2026-10-01T21:40:38+00:00,2026-10-01T22:08:24+00:00,2
https://www.imdb.com/title/tt0064626/?ref_=sr_i_156,156. Devil in the Flesh,completed,1,,2026-10-01T21:40:38+00:00,2026-10-01T22:08:34+00:00,2
https://www.imdb.com/title/tt0064186/?ref_=sr_i_157,157. So Sweet... So Perverse,completed,1,,2026-10-01T21:40:38+00:00,2026-10-01T22:08:43+00:00,2
https://www.imdb.com/title/tt0064513/?ref_=sr_i_158,158. John and Mary,completed,1,,2026-10-01T21:40:38+00:00,2026-10-01T22:08:54+00:00,2
https://www.imdb.com/title/tt0065033/?ref_=sr_i_159,159. Starlet!,completed,1,,2026-10-01T21:40:38+00:00,2026-10-01T22:09:02+00:00,2
https://www.imdb.com/title/tt0064606/?ref_=sr_i_160,160. The Love God?,completed,1,,2026-10-01T21:40:38+00:00,2026-10-01T22:09:16+00:00,2
https://www.imdb.com/title/tt0063707/?ref_=sr_i_161,161. Top Sensation,completed,1,,2026-10-01T21:40:38+00:00,2026-10-01T22:09:26+00:00,2
https://www.imdb.com/title/tt0065416/?ref_=sr_i_162,162. Aradhana,completed,1,,2026-10-01T21:40:38+00:00,2026-10-01T22:09:38+00:00,2
https://www.imdb.com/title/tt0064519/?ref_=sr_i_163,163. Journey to the Far Side of the Sun,completed,1,,2026-10-01T21:40:38+00:00,2026-10-01T22:09:48+00:00,2
https://www.imdb.com/title/tt0127819/?ref_=sr_i_164,164. The Secret Sex Lives of Romeo and Juliet,completed,1,,2026-10-01T21:40:38+00:00,2026-10-01T22:09:57+00:00,2
https://www.imdb.com/title/tt0064324/?ref_=sr_i_165,165. The Vixen,completed,1,,2026-10-01T21:40:38+00:00,2026-10-01T22:10:08+00:00,2
https://www.imdb.com/title/tt0064579/?ref_=sr_i_166,166. The Learning Tree,completed,1,,2026-10-01T21:40:38+00:00,2026-10-01T22:10:18+00:00,2
https://www.imdb.com/title/tt0064828/?ref_=sr_i_167,167. Pigsty,completed,1,,2026-10-01T21:40:38+00:00,2026-10-01T22:10:29+00:00,2
https://www.imdb.com/title/tt0065009/?ref_=sr_i_168,168. Some Girls Do,completed,1,,2026-10-01T21:40:38+00:00,2026-10-01T22:10:39+00:00,2
https://www.imdb.com/title/tt0064695/?ref_=sr_i_169,169. More Dead Than Alive,completed,1,,2026-10-01T21:40:38+00:00,2026-10-01T22:10:50+00:00,2
https://www.imdb.com/title/tt0064616/?ref_=sr_i_170,170. Macunaima,completed,1,,2026-10-01T21:40:38+00:00,2026-10-01T22:11:01+00:00,2
https://www.imdb.com/title/tt0062722/?ref_=sr_i_171,171. That Splendid November,completed,1,,2026-10-01T21:40:38+00:00,2026-10-01T22:11:12+00:00,2
https://www.imdb.com/title/tt0063176/?ref_=sr_i_172,172. Karla,completed,1,,2026-10-01T21:40:38+00:00,2026-10-01T22:11:21+00:00,2
https://www.imdb.com/title/tt0062957/?ref_=sr_i_173,173. Fangs of the Living Dead,completed,1,,2026-10-01T21:40:38+00:00,2026-10-01T22:11:31+00:00,2
https://www.imdb.com/title/tt0064074/?ref_=sr_i_174,174. The Bed Sitting Room,completed,1,,2026-10-01T21:40:38+00:00,2026-10-01T22:11:42+00:00,2
https://www.imdb.com/title/tt0142257/?ref_=sr_i_175,175. Horrors of Malformed Men,completed,1,,2026-10-01T21:40:38+00:00,2026-10-01T22:11:52+00:00,2
https://www.imdb.com/title/tt0064310/?ref_=sr_i_176,176. Eye of the Cat,completed,1,,2026-10-01T21:40:38+00:00,2026-10-01T22:12:03+00:00,2
https://www.imdb.com/title/tt0064212/?ref_=sr_i_177,177. De Sade,completed,1,,2026-10-01T21:40:38+00:00,2026-10-01T22:12:15+00:00,2
https://www.imdb.com/title/tt0064397/?ref_=sr_i_178,178. The Gypsy Moths,completed,1,,2026-10-01T21:40:38+00:00,2026-10-01T22:12:25+00:00,2
https://www.imdb.com/title/tt0065145/?ref_=sr_i_179,179. The Ultimate Degenerate,completed,1,,2026-10-01T21:40:38+00:00,2026-10-01T22:12:35+00:00,2
https://www.imdb.com/title/tt0066365/?ref_=sr_i_180,180. Shark,completed,1,,2026-10-01T21:40:38+00:00,2026-10-01T22:12:45+00:00,2
https://www.imdb.com/title/tt0064449/?ref_=sr_i_181,181. How to Commit Marriage,completed,1,,2026-10-01T21:40:38+00:00,2026-10-01T22:12:55+00:00,2
https://www.imdb.com/title/tt0064939/?ref_=sr_i_182,182. Satan's Sadists,completed,1,,2026-10-01T21:40:38+00:00,2026-10-01T22:13:06+00:00,2
https://www.imdb.com/title/tt0064526/?ref_=sr_i_183,183. Justine,completed,1,,2026-10-01T21:40:38+00:00,2026-10-01T22:13:16+00:00,2
https://www.imdb.com/title/tt0064360/?ref_=sr_i_184,184. Gamera vs. Guiron,completed,1,,2026-10-01T21:40:38+00:00,2026-10-01T22:13:27+00:00,2
https://www.imdb.com/title/tt0063255/?ref_=sr_i_185,185. Mad Doctor of Blood Island,completed,1,,2026-10-01T21:40:38+00:00,2026-10-01T22:13:38+00:00,2
https://www.imdb.com/title/tt0064688/?ref_=sr_i_186,186. Those Daring Young Men in Their Jaunty Jalopies,completed,1,,2026-10-01T21:40:38+00:00,2026-10-01T22:13:48+00:00,2
https://www.imdb.com/title/tt0062433/?ref_=sr_i_187,187. The Curious Dr. Humpp,completed,1,,2026-10-01T21:40:38+00:00,2026-10-01T22:13:58+00:00,2
https://www.imdb.com/title/tt0064160/?ref_=sr_i_188,"188. Cherry, Harry & Raquel!",completed,1,,2026-10-01T21:40:38+00:00,2026-10-01T22:14:07+00:00,2
https://www.imdb.com/title/tt0064892/?ref_=sr_i_189,189. The Erotic Adventures of Robin Hood,completed,1,,2026-10-01T21:40:38+00:00,2026-10-01T22:14:19+00:00,2
https://www.imdb.com/title/tt0065070/?ref_=sr_i_190,"190. Tarzana, the Wild Woman",completed,1,,2026-10-01T21:40:38+00:00,2026-10-01T22:14:29+00:00,2
https://www.imdb.com/title/tt0064036/?ref_=sr_i_191,191. The April Fools,completed,1,,2026-10-01T21:40:38+00:00,2026-10-01T22:14:38+00:00,2
https://www.imdb.com/title/tt0064748/?ref_=sr_i_192,192. Obsessions,completed,1,,2026-10-01T21:40:38+00:00,2026-10-01T22:14:50+00:00,2
https://www.imdb.com/title/tt0064893/?ref_=sr_i_193,193. Ring of Bright Water,completed,1,,2026-10-01T21:40:38+00:00,2026-10-01T22:15:01+00:00,2
https://www.imdb.com/title/tt0064217/?ref_=sr_i_194,194. Death of a Gunfighter,completed,1,,2026-10-01T21:40:38+00:00,2026-10-01T22:15:11+00:00,2
https://www.imdb.com/title/tt0065198/?ref_=sr_i_195,195. The Wedding Party,completed,1,,2026-10-01T21:40:38+00:00,2026-10-01T22:15:20+00:00,2
https://www.imdb.com/title/tt0065125/?ref_=sr_i_196,196. The Trouble with Girls,completed,1,,2026-10-01T21:40:38+00:00,2026-10-01T22:15:30+00:00,2
https://www.imdb.com/title/tt0065067/?ref_=sr_i_197,197. The Witness,completed,1,,2026-10-01T21:40:38+00:00,2026-10-01T22:15:40+00:00,2
https://www.imdb.com/title/tt0064618/?ref_=sr_i_198,198. Madame and Her Niece,completed,1,,2026-10-01T21:40:38+00:00,2026-10-01T22:15:51+00:00,2
https://www.imdb.com/title/tt0063026/?ref_=sr_i_199,199. Goto: Island of Love,completed,1,,2026-10-01T21:40:38+00:00,2026-10-01T22:16:03+00:00,2
https://www.imdb.com/title/tt0064924/?ref_=sr_i_200,200. The Swap,completed,1,,2026-10-01T21:40:38+00:00,2026-10-01T22:16:14+00:00,2
https://www.imdb.com/title/tt0063486/?ref_=sr_i_201,201. Una ragazza piuttosto complicata,completed,1,,2026-10-01T21:40:38+00:00,2026-10-01T22:16:25+00:00,2
https://www.imdb.com/title/tt0242601/?ref_=sr_i_202,202. The Book of Stone,completed,1,,2026-10-01T21:40:38+00:00,2026-10-01T22:16:35+00:00,2
https://www.imdb.com/title/tt0062440/?ref_=sr_i_203,203. Vibrations,completed,1,,2026-10-01T21:40:38+00:00,2026-10-01T22:16:43+00:00,2
https://www.imdb.com/title/tt0127207/?ref_=sr_i_204,204. The Ramrodder,completed,1,,2026-10-01T21:40:38+00:00,2026-10-01T22:16:53+00:00,2
https://www.imdb.com/title/tt0064587/?ref_=sr_i_205,205. Naughty Roommates,completed,1,,2026-10-01T21:40:38+00:00,2026-10-01T22:17:04+00:00,2
https://www.imdb.com/title/tt0063090/?ref_=sr_i_206,206. Night of the Bloody Apes,completed,1,,2026-10-01T21:40:38+00:00,2026-10-01T22:17:14+00:00,2
https://www.imdb.com/title/tt0064590/?ref_=sr_i_207,207. Linda and Abilene,completed,1,,2026-10-01T21:40:38+00:00,2026-10-01T22:17:23+00:00,2
https://www.imdb.com/title/tt0064439/?ref_=sr_i_208,"208. Hook, Line and Sinker",completed,1,,2026-10-01T21:40:38+00:00,2026-10-01T22:17:36+00:00,2
https://www.imdb.com/title/tt0064303/?ref_=sr_i_209,209. Swedish and Underage,completed,1,,2026-10-01T21:40:38+00:00,2026-10-01T22:17:47+00:00,2
https://www.imdb.com/title/tt0064409/?ref_=sr_i_210,210. Heaven with a Gun,completed,1,,2026-10-01T21:40:38+00:00,2026-10-01T22:17:57+00:00,2
https://www.imdb.com/title/tt0063876/?ref_=sr_i_211,211. Boy,completed,1,,2026-10-01T21:40:38+00:00,2026-10-01T22:18:07+00:00,2
https://www.imdb.com/title/tt0064699/?ref_=sr_i_212,212. Mosquito Squadron,completed,1,,2026-10-01T21:40:38+00:00,2026-10-01T22:18:17+00:00,2
https://www.imdb.com/title/tt0064670/?ref_=sr_i_213,213. The Minx,completed,1,,2026-10-01T21:40:38+00:00,2026-10-01T22:18:26+00:00,2
https://www.imdb.com/title/tt0064247/?ref_=sr_i_214,214. Don't Drink the Water,completed,1,,2026-10-01T21:40:38+00:00,2026-10-01T22:18:37+00:00,2
https://www.imdb.com/title/tt0064682/?ref_=sr_i_215,215. The Lady of Monza,completed,1,,2026-10-01T21:40:38+00:00,2026-10-01T22:18:48+00:00,2
https://www.imdb.com/title/tt0064132/?ref_=sr_i_216,216. Carry on Again Doctor,completed,1,,2026-10-01T21:40:38+00:00,2026-10-01T22:19:01+00:00,2
https://www.imdb.com/title/tt0064405/?ref_=sr_i_217,217. The Happy Ending,completed,1,,2026-10-01T21:40:38+00:00,2026-10-01T22:19:13+00:00,2
https://www.imdb.com/title/tt0064403/?ref_=sr_i_218,218. Hannibal Brooks,completed,1,,2026-10-01T21:40:38+00:00,2026-10-01T22:19:23+00:00,2
https://www.imdb.com/title/tt0064975/?ref_=sr_i_219,219. Double Suicide,completed,1,,2026-10-01T21:40:38+00:00,2026-10-01T22:19:34+00:00,2
https://www.imdb.com/title/tt0063740/?ref_=sr_i_220,220. Cemetery Without Crosses,completed,1,,2026-10-01T21:40:38+00:00,2026-10-01T22:19:45+00:00,2
https://www.imdb.com/title/tt0156329/?ref_=sr_i_221,221. The Doll of Satan,completed,1,,2026-10-01T21:40:38+00:00,2026-10-01T22:19:55+00:00,2
https://www.imdb.com/title/tt0064907/?ref_=sr_i_222,222. The Royal Hunt of the Sun,completed,1,,2026-10-01T21:40:38+00:00,2026-10-01T22:20:06+00:00,2
https://www.imdb.com/title/tt0064602/?ref_=sr_i_223,223. The Lost Man,completed,1,,2026-10-01T21:40:38+00:00,2026-10-01T22:20:19+00:00,2
https://www.imdb.com/title/tt0064563/?ref_=sr_i_224,224. Language of Love,completed,1,,2026-10-01T21:40:38+00:00,2026-10-01T22:20:29+00:00,2
https://www.imdb.com/title/tt0064387/?ref_=sr_i_225,225. The Steel Edge of Revenge,completed,1,,2026-10-01T21:40:38+00:00,2026-10-01T22:20:39+00:00,2
https://www.imdb.com/title/tt0063133/?ref_=sr_i_226,226. The Indelicate Balance,completed,1,,2026-10-01T21:40:38+00:00,2026-10-01T22:20:48+00:00,2
https://www.imdb.com/title/tt0063023/?ref_=sr_i_227,227. The Adventures of Goopy and Bagha,completed,1,,2026-10-01T21:40:38+00:00,2026-10-01T22:20:59+00:00,2
https://www.imdb.com/title/tt0064713/?ref_=sr_i_228,228. The Sins of Madame Bovary,completed,1,,2026-10-01T21:40:38+00:00,2026-10-01T22:21:10+00:00,2
https://www.imdb.com/title/tt1468704/?ref_=sr_i_229,229. Blue Film Woman,completed,1,,2026-10-01T21:40:38+00:00,2026-10-01T22:21:20+00:00,2
https://www.imdb.com/title/tt0064875/?ref_=sr_i_230,230. Rascal,completed,1,,2026-10-01T21:40:38+00:00,2026-10-01T22:21:30+00:00,2
https://www.imdb.com/title/tt0200710/?ref_=sr_i_231,231. Hitokiri,completed,1,,2026-10-01T21:40:38+00:00,2026-10-01T22:21:41+00:00,2
https://www.imdb.com/title/tt0064703/?ref_=sr_i_232,232. The Mummy,completed,1,,2026-10-01T21:40:38+00:00,2026-10-01T22:21:49+00:00,2
https://www.imdb.com/title/tt0142920/?ref_=sr_i_233,233. Inferno of Torture,completed,1,,2026-10-01T21:40:38+00:00,2026-10-01T22:22:00+00:00,2
https://www.imdb.com/title/tt0064683/?ref_=sr_i_234,234. Mondo Trasho,completed,1,,2026-10-01T21:40:38+00:00,2026-10-01T22:22:10+00:00,2
https://www.imdb.com/title/tt0064331/?ref_=sr_i_235,235. The First Time,completed,1,,2026-10-01T21:40:38+00:00,2026-10-01T22:22:20+00:00,2
https://www.imdb.com/title/tt0064443/?ref_=sr_i_236,236. Horror House,completed,1,,2026-10-01T21:40:38+00:00,2026-10-01T22:22:31+00:00,2
https://www.imdb.com/title/tt0064591/?ref_=sr_i_237,237. Lions Love (... and Lies),completed,1,,2026-10-01T21:40:38+00:00,2026-10-01T22:22:41+00:00,2
https://www.imdb.com/title/tt0064470/?ref_=sr_i_238,238. Latitude Zero,completed,1,,2026-10-01T21:40:38+00:00,2026-10-01T22:22:53+00:00,2
https://www.imdb.com/title/tt0064417/?ref_=sr_i_239,239. Hello Down There,completed,1,,2026-10-01T21:40:38+00:00,2026-10-01T22:23:03+00:00,2
https://www.imdb.com/title/tt0064923/?ref_=sr_i_240,240. Sam Whiskey,completed,1,,2026-10-01T21:40:38+00:00,2026-10-01T22:23:14+00:00,2
https://www.imdb.com/title/tt0064148/?ref_=sr_i_241,241. The Chairman,completed,1,,2026-10-01T21:40:38+00:00,2026-10-01T22:23:25+00:00,2
https://www.imdb.com/title/tt0065026/?ref_=sr_i_242,242. The Specialists,completed,1,,2026-10-01T21:40:38+00:00,2026-10-01T22:23:35+00:00,2
https://www.imdb.com/title/tt0064081/?ref_=sr_i_243,243. The Best House in London,completed,1,,2026-10-01T21:40:38+00:00,2026-10-01T22:23:46+00:00,2
https://www.imdb.com/title/tt0061453/?ref_=sr_i_244,244. Two Undercover Angels,completed,1,,2026-10-01T21:40:38+00:00,2026-10-01T22:23:58+00:00,2
https://www.imdb.com/title/tt0195209/?ref_=sr_i_245,245. Naked Violence,completed,1,,2026-10-01T21:40:38+00:00,2026-10-01T22:24:12+00:00,2
https://www.imdb.com/title/tt0064988/?ref_=sr_i_246,246. Sinful Davey,completed,1,,2026-10-01T21:40:38+00:00,2026-10-01T22:24:22+00:00,2
https://www.imdb.com/title/tt0064632/?ref_=sr_i_247,247. Let It All Hang Out,completed,1,,2026-10-01T21:40:38+00:00,2026-10-01T22:24:32+00:00,2
https://www.imdb.com/title/tt0140144/?ref_=sr_i_248,248. Her Odd Tastes,completed,1,,2026-10-01T21:40:38+00:00,2026-10-01T22:24:43+00:00,2
https://www.imdb.com/title/tt0143010/?ref_=sr_i_249,249. Orgies of Edo,completed,1,,2026-10-01T21:40:38+00:00,2026-10-01T22:24:53+00:00,2
https://www.imdb.com/title/tt0065895/?ref_=sr_i_250,250. Machine Gun McCain,completed,1,,2026-10-01T21:40:38+00:00,2026-10-01T22:25:06+00:00,2
https://www.imdb.com/title/tt0064005/?ref_=sr_i_251,251. Alle Kätzchen naschen gern,completed,1,,2026-10-01T21:40:38+00:00,2026-10-01T22:25:15+00:00,2
https://www.imdb.com/title/tt0064296/?ref_=sr_i_252,252. Eros + Massacre,completed,1,,2026-10-01T21:40:38+00:00,2026-10-01T22:25:25+00:00,2
https://www.imdb.com/title/tt0065097/?ref_=sr_i_253,253. Three Into Two Won't Go,completed,1,,2026-10-01T21:40:38+00:00,2026-10-01T22:25:35+00:00,2
https://www.imdb.com/title/tt0065075/?ref_=sr_i_254,254. El taxi de los conflictos,completed,1,,2026-10-01T21:40:38+00:00,2026-10-01T22:25:46+00:00,2
https://www.imdb.com/title/tt0064241/?ref_=sr_i_255,255. Do Raaste,completed,1,,2026-10-01T21:40:38+00:00,2026-10-01T22:25:56+00:00,2
https://www.imdb.com/title/tt0065944/?ref_=sr_i_256,256. King: A Filmed Record... Montgomery to Memphis,completed,1,,2026-10-01T21:40:38+00:00,2026-10-01T22:26:07+00:00,2
https://www.imdb.com/title/tt0064158/?ref_=sr_i_257,257. Che!,completed,1,,2026-10-01T21:40:38+00:00,2026-10-01T22:26:17+00:00,2
https://www.imdb.com/title/tt0064000/?ref_=sr_i_258,258. Alfred the Great,completed,1,,2026-10-01T21:40:38+00:00,2026-10-01T22:26:28+00:00,2
https://www.imdb.com/title/tt0064240/?ref_=sr_i_259,259. Django the Bastard,completed,1,,2026-10-01T21:40:38+00:00,2026-10-01T22:26:38+00:00,2
https://www.imdb.com/title/tt0064344/?ref_=sr_i_260,260. Frau Wirtin hat auch eine Nichte,completed,1,,2026-10-01T21:40:38+00:00,2026-10-01T22:26:48+00:00,2
https://www.imdb.com/title/tt0064516/?ref_=sr_i_261,261. Should a Schoolgirl Tell?,completed,1,,2026-10-01T21:40:38+00:00,2026-10-01T22:26:59+00:00,2
https://www.imdb.com/title/tt0065261/?ref_=sr_i_262,262. Adalen 31,completed,1,,2026-10-01T21:40:38+00:00,2026-10-01T22:27:10+00:00,2
https://www.imdb.com/title/tt0065146/?ref_=sr_i_263,263. Love Is a Funny Thing,completed,1,,2026-10-01T21:40:38+00:00,2026-10-01T22:27:21+00:00,2
https://www.imdb.com/title/tt0064180/?ref_=sr_i_264,264. Coming Apart,completed,1,,2026-10-01T21:40:38+00:00,2026-10-01T22:27:31+00:00,2
https://www.imdb.com/title/tt0064550/?ref_=sr_i_265,265. The Brazen Women of Balzac,completed,1,,2026-10-01T21:40:38+00:00,2026-10-01T22:27:41+00:00,2
https://www.imdb.com/title/tt0058660/?ref_=sr_i_266,266. A Time for Dying,completed,1,,2026-10-01T21:40:38+00:00,2026-10-01T22:27:52+00:00,2
https://www.imdb.com/title/tt0064868/?ref_=sr_i_267,267. A Quixote Without La Mancha,completed,1,,2026-10-01T21:40:38+00:00,2026-10-01T22:28:01+00:00,2
https://www.imdb.com/title/tt0065036/?ref_=sr_i_268,268. Stereo,completed,1,,2026-10-01T21:40:38+00:00,2026-10-01T22:28:11+00:00,2
https://www.imdb.com/title/tt0064714/?ref_=sr_i_269,269. Puss in Boots,completed,1,,2026-10-01T21:40:38+00:00,2026-10-01T22:28:23+00:00,2
https://www.imdb.com/title/tt0063979/?ref_=sr_i_270,270. Double Face,completed,1,,2026-10-01T21:40:38+00:00,2026-10-01T22:28:34+00:00,2
https://www.imdb.com/title/tt0064797/?ref_=sr_i_271,271. Pendulum,completed,1,,2026-10-01T21:40:38+00:00,2026-10-01T22:28:44+00:00,2
https://www.imdb.com/title/tt0064055/?ref_=sr_i_272,272. The Babysitter,completed,1,,2026-10-01T21:40:38+00:00,2026-10-01T22:28:54+00:00,2
https://www.imdb.com/title/tt0061412/?ref_=sr_i_273,273. Blood of Dracula's Castle,completed,1,,2026-10-01T21:40:38+00:00,2026-10-01T22:29:04+00:00,2
https://www.imdb.com/title/tt0157168/?ref_=sr_i_274,274. Wapas,completed,1,,2026-10-01T21:40:38+00:00,2026-10-01T22:29:13+00:00,2
https://www.imdb.com/title/tt0064819/?ref_=sr_i_275,275. Pit Stop,completed,1,,2026-10-01T21:40:38+00:00,2026-10-01T22:29:23+00:00,2
https://www.imdb.com/title/tt0064338/?ref_=sr_i_276,276. The Castle of Fu Manchu,completed,1,,2026-10-01T21:40:38+00:00,2026-10-01T22:29:35+00:00,2
https://www.imdb.com/title/tt0065106/?ref_=sr_i_277,277. Seven Crystal Balls and the Prisoners of the Sun,completed,1,,2026-10-01T21:40:38+00:00,2026-10-01T22:29:46+00:00,2
https://www.imdb.com/title/tt0166788/?ref_=sr_i_278,278. Satyricon,completed,1,,2026-10-01T21:40:38+00:00,2026-10-01T22:29:56+00:00,2
https://www.imdb.com/title/tt0064827/?ref_=sr_i_279,279. Popi,completed,1,,2026-10-01T21:40:38+00:00,2026-10-01T22:30:08+00:00,2
https://www.imdb.com/title/tt0065003/?ref_=sr_i_280,280. Smith!,completed,1,,2026-10-01T21:40:38+00:00,2026-10-01T22:30:18+00:00,2
https://www.imdb.com/title/tt0064300/?ref_=sr_i_281,281. The 5-Man Army,completed,1,,2026-10-01T21:40:38+00:00,2026-10-01T22:30:28+00:00,2
https://www.imdb.com/title/tt0064621/?ref_=sr_i_282,282. The Madwoman of Chaillot,completed,1,,2026-10-01T21:40:38+00:00,2026-10-01T22:30:38+00:00,2
https://www.imdb.com/title/tt0064379/?ref_=sr_i_283,283. The Good Guys and the Bad Guys,completed,1,,2026-10-01T21:40:38+00:00,2026-10-01T22:30:49+00:00,2
https://www.imdb.com/title/tt0066475/?ref_=sr_i_284,284. Torture Dungeon,completed,1,,2026-10-01T21:40:38+00:00,2026-10-01T22:30:59+00:00,2
https://www.imdb.com/title/tt0064026/?ref_=sr_i_285,285. Angel in My Pocket,completed,1,,2026-10-01T21:40:38+00:00,2026-10-01T22:31:09+00:00,2
https://www.imdb.com/title/tt0142652/?ref_=sr_i_286,286. Love & Crime,completed,1,,2026-10-01T21:40:38+00:00,2026-10-01T22:31:19+00:00,2
https://www.imdb.com/title/tt0179789/?ref_=sr_i_287,287. Mothers' Day,completed,1,,2026-10-01T21:40:38+00:00,2026-10-01T22:31:30+00:00,2
https://www.imdb.com/title/tt0064400/?ref_=sr_i_288,288. Hamlet,completed,1,,2026-10-01T21:40:38+00:00,2026-10-01T22:31:40+00:00,2
https://www.imdb.com/title/tt0062649/?ref_=sr_i_289,289. All Neat in Black Stockings,completed,1,,2026-10-01T21:40:38+00:00,2026-10-01T22:31:50+00:00,2
https://www.imdb.com/title/tt0064123/?ref_=sr_i_290,290. Can Heironymus Merkin Ever Forget Mercy Humppe and Find True Happiness?,completed,1,,2026-10-01T21:40:38+00:00,2026-10-01T22:32:00+00:00,2
https://www.imdb.com/title/tt0061671/?ref_=sr_i_291,291. Five the Hard Way,completed,1,,2026-10-01T21:40:38+00:00,2026-10-01T22:32:11+00:00,2
https://www.imdb.com/title/tt0065089/?ref_=sr_i_292,292. The Body Stealers,completed,1,,2026-10-01T21:40:38+00:00,2026-10-01T22:32:21+00:00,2
https://www.imdb.com/title/tt0208504/?ref_=sr_i_293,293. Santo in the Treasure of Dracula,completed,1,,2026-10-01T21:40:38+00:00,2026-10-01T22:32:32+00:00,2
https://www.imdb.com/title/tt0151392/?ref_=sr_i_294,294. Dirkie,completed,1,,2026-10-01T21:40:38+00:00,2026-10-01T22:32:45+00:00,2
https://www.imdb.com/title/tt0125210/?ref_=sr_i_295,295. I Want More,completed,1,,2026-10-01T21:40:38+00:00,2026-10-01T22:32:54+00:00,2
https://www.imdb.com/title/tt0064035/?ref_=sr_i_296,296. The Appointment,completed,1,,2026-10-01T21:40:38+00:00,2026-10-01T22:33:04+00:00,2
https://www.imdb.com/title/tt0064255/?ref_=sr_i_297,297. Dracula (The Dirty Old Man),completed,1,,2026-10-01T21:40:38+00:00,2026-10-01T22:33:14+00:00,2
https://www.imdb.com/title/tt0159948/?ref_=sr_i_298,298. Alice in Acidland,completed,1,,2026-10-01T21:40:38+00:00,2026-10-01T22:33:24+00:00,2
https://www.imdb.com/title/tt0065262/?ref_=sr_i_299,299. Åsa-Nisse i rekordform,completed,1,,2026-10-01T21:40:38+00:00,2026-10-01T22:33:38+00:00,2
https://www.imdb.com/title/tt0151338/?ref_=sr_i_300,300. The Sins of the Daughter,completed,1,,2026-10-01T21:40:38+00:00,2026-10-01T22:33:49+00:00,2
https://www.imdb.com/title/tt0064391/?ref_=sr_i_301,301. The Great Bank Robbery,completed,1,,2026-10-01T21:40:38+00:00,2026-10-01T22:34:01+00:00,2
https://www.imdb.com/title/tt0064394/?ref_=sr_i_302,302. Grimm's Fairy Tales for Adults,completed,1,,2026-10-01T21:40:38+00:00,2026-10-01T22:34:11+00:00,2
https://www.imdb.com/title/tt0062997/?ref_=sr_i_303,303. Le Gai Savoir,completed,1,,2026-10-01T21:40:38+00:00,2026-10-01T22:34:21+00:00,2
https://www.imdb.com/title/tt0065182/?ref_=sr_i_304,304. The Virgin Soldiers,completed,1,,2026-10-01T21:40:38+00:00,2026-10-01T22:34:30+00:00,2
https://www.imdb.com/title/tt0064909/?ref_=sr_i_305,"305. Run Wild, Run Free",completed,1,,2026-10-01T21:40:38+00:00,2026-10-01T22:34:40+00:00,2
https://www.imdb.com/title/tt0066030/?ref_=sr_i_306,306. Detective Belli,completed,1,,2026-10-01T21:40:38+00:00,2026-10-01T22:34:50+00:00,2
https://www.imdb.com/title/tt0195130/?ref_=sr_i_307,307. The Sin of Adam and Eve,completed,1,,2026-10-01T21:40:38+00:00,2026-10-01T22:34:59+00:00,2
https://www.imdb.com/title/tt0196382/?ref_=sr_i_308,308. O blofatzis,completed,1,,2026-10-01T21:40:38+00:00,2026-10-01T22:35:10+00:00,2
https://www.imdb.com/title/tt0065185/?ref_=sr_i_309,309. Sundance Cassidy and Butch the Kid,completed,1,,2026-10-01T21:40:38+00:00,2026-10-01T22:35:20+00:00,2
https://www.imdb.com/title/tt0065812/?ref_=sr_i_310,310. The Hang Up,completed,1,,2026-10-01T21:40:38+00:00,2026-10-01T22:35:29+00:00,2
https://www.imdb.com/title/tt0064571/?ref_=sr_i_311,311. Eagles Over London,completed,1,,2026-10-01T21:40:38+00:00,2026-10-01T22:35:41+00:00,2
https://www.imdb.com/title/tt0080084/?ref_=sr_i_312,312. I See Naked,completed,1,,2026-10-01T21:40:38+00:00,2026-10-01T22:35:51+00:00,2
https://www.imdb.com/title/tt0142431/?ref_=sr_i_313,313. Khamoshi,completed,1,,2026-10-01T21:40:38+00:00,2026-10-01T22:36:01+00:00,2
https://www.imdb.com/title/tt0178790/?ref_=sr_i_314,314. The Labyrinth of Sex,completed,1,,2026-10-01T21:40:38+00:00,2026-10-01T22:36:11+00:00,2
https://www.imdb.com/title/tt0064876/?ref_=sr_i_315,315. The Swingin' Pussycats,completed,1,,2026-10-01T21:40:38+00:00,2026-10-01T22:36:21+00:00,2
https://www.imdb.com/title/tt0064715/?ref_=sr_i_316,316. Naked Angels,completed,1,,2026-10-01T21:40:38+00:00,2026-10-01T22:36:32+00:00,2
https://www.imdb.com/title/tt0192796/?ref_=sr_i_317,317. Wild Gypsies,completed,1,,2026-10-01T21:40:38+00:00,2026-10-01T22:36:41+00:00,2
https://www.imdb.com/title/tt0064037/?ref_=sr_i_318,318. The Christmas Tree,completed,1,,2026-10-01T21:40:38+00:00,2026-10-01T22:36:51+00:00,2
https://www.imdb.com/title/tt0065518/?ref_=sr_i_319,319. The Year of the Cannibals,completed,1,,2026-10-01T21:40:38+00:00,2026-10-01T22:37:03+00:00,2
https://www.imdb.com/title/tt0063058/?ref_=sr_i_320,320. Hell's Belles,completed,1,,2026-10-01T21:40:38+00:00,2026-10-01T22:37:14+00:00,2
https://www.imdb.com/title/tt0064994/?ref_=sr_i_321,321. Larks on a String,completed,1,,2026-10-01T21:40:38+00:00,2026-10-01T22:37:24+00:00,2
https://www.imdb.com/title/tt0064087/?ref_=sr_i_322,322. The Big Bounce,completed,1,,2026-10-01T21:40:38+00:00,2026-10-01T22:37:34+00:00,2
https://www.imdb.com/title/tt0064580/?ref_=sr_i_323,323. Battle of the Commandos,completed,1,,2026-10-01T21:40:38+00:00,2026-10-01T22:37:44+00:00,2
https://www.imdb.com/title/tt0187152/?ref_=sr_i_324,324. The Haunted Castle,completed,1,,2026-10-01T21:40:38+00:00,2026-10-01T22:37:53+00:00,2
https://www.imdb.com/title/tt0063782/?ref_=sr_i_325,"325. Blow Hot, Blow Cold",completed,1,,2026-10-01T21:40:38+00:00,2026-10-01T22:38:04+00:00,2
https://www.imdb.com/title/tt0064611/?ref_=sr_i_326,326. No Room to Die,completed,1,,2026-10-01T21:40:38+00:00,2026-10-01T22:38:15+00:00,2
https://www.imdb.com/title/tt0362111/?ref_=sr_i_327,327. 'Sambandh',completed,1,,2026-10-01T21:40:38+00:00,2026-10-01T22:38:25+00:00,2
https://www.imdb.com/title/tt0065085/?ref_=sr_i_328,328. A Touch of Love,completed,1,,2026-10-01T21:40:38+00:00,2026-10-01T22:38:34+00:00,2
https://www.imdb.com/title/tt0063598/?ref_=sr_i_329,329. Diary of a Shinjuku Thief,completed,1,,2026-10-01T21:40:38+00:00,2026-10-01T22:38:44+00:00,2
https://www.imdb.com/title/tt0064734/?ref_=sr_i_330,330. The Nine Ages of Nakedness,completed,1,,2026-10-01T21:40:38+00:00,2026-10-01T22:38:54+00:00,2
https://www.imdb.com/title/tt0278105/?ref_=sr_i_331,331. La trinchera,completed,1,,2026-10-01T21:40:38+00:00,2026-10-01T22:39:05+00:00,2
https://www.imdb.com/title/tt0064357/?ref_=sr_i_332,"332. Gaily, Gaily",completed,1,,2026-10-01T21:40:38+00:00,2026-10-01T22:39:15+00:00,2
https://www.imdb.com/title/tt0065022/?ref_=sr_i_333,"333. My Sister, My Love",completed,1,,2026-10-01T21:40:38+00:00,2026-10-01T22:39:25+00:00,2
https://www.imdb.com/title/tt0064506/?ref_=sr_i_334,334. Ittefaq,completed,1,,2026-10-01T21:40:38+00:00,2026-10-01T22:39:36+00:00,2
https://www.imdb.com/title/tt0063117/?ref_=sr_i_335,335. I Sailed to Tahiti with an All Girl Crew,completed,1,,2026-10-01T21:40:38+00:00,2026-10-01T22:39:46+00:00,2
https://www.imdb.com/title/tt0062993/?ref_=sr_i_336,336. Fuego,completed,1,,2026-10-01T21:40:38+00:00,2026-10-01T22:39:55+00:00,2
https://www.imdb.com/title/tt0064019/?ref_=sr_i_337,337. Love and Anger,completed,1,,2026-10-01T21:40:38+00:00,2026-10-01T22:40:06+00:00,2
https://www.imdb.com/title/tt0062807/?ref_=sr_i_338,338. Five for Hell,completed,1,,2026-10-01T21:40:38+00:00,2026-10-01T22:40:17+00:00,2
https://www.imdb.com/title/tt0064743/?ref_=sr_i_339,339. Number One,completed,1,,2026-10-01T21:40:38+00:00,2026-10-01T22:40:28+00:00,2
https://www.imdb.com/title/tt0064485/?ref_=sr_i_340,340. Giacomo Casanova: Childhood and Adolescence,completed,1,,2026-10-01T21:40:38+00:00,2026-10-01T22:40:39+00:00,2
https://www.imdb.com/title/tt0065223/?ref_=sr_i_341,341. The Wonderful Land of Oz,completed,1,,2026-10-01T21:40:38+00:00,2026-10-01T22:40:49+00:00,2
https://www.imdb.com/title/tt0065962/?ref_=sr_i_342,342. Land Raiders,completed,1,,2026-10-01T21:40:38+00:00,2026-10-01T22:40:59+00:00,2
https://www.imdb.com/title/tt0065230/?ref_=sr_i_343,343. Young Billy Young,completed,1,,2026-10-01T21:40:38+00:00,2026-10-01T22:41:09+00:00,2
https://www.imdb.com/title/tt0064179/?ref_=sr_i_344,344. The Comic,completed,1,,2026-10-01T21:40:38+00:00,2026-10-01T22:41:21+00:00,2
https://www.imdb.com/title/tt0063985/?ref_=sr_i_345,345. The Adding Machine,completed,1,,2026-10-01T21:40:38+00:00,2026-10-01T22:41:32+00:00,2
https://www.imdb.com/title/tt0062893/?ref_=sr_i_346,346. Dillinger Is Dead,completed,1,,2026-10-01T21:40:38+00:00,2026-10-01T22:41:42+00:00,2
https://www.imdb.com/title/tt0165996/?ref_=sr_i_347,347. Trilogy,completed,1,,2026-10-01T21:40:38+00:00,2026-10-01T22:41:53+00:00,2
https://www.imdb.com/title/tt0064660/?ref_=sr_i_348,348. Love Circle,completed,1,,2026-10-01T21:40:38+00:00,2026-10-01T22:42:02+00:00,2
https://www.imdb.com/title/tt0064343/?ref_=sr_i_349,349. Four Rode Out,completed,1,,2026-10-01T21:40:38+00:00,2026-10-01T22:42:11+00:00,2
https://www.imdb.com/title/tt0064156/?ref_=sr_i_350,350. Chastity,completed,1,,2026-10-01T21:40:38+00:00,2026-10-01T22:42:21+00:00,2
https://www.imdb.com/title/tt0170054/?ref_=sr_i_351,351. Infrasexum,completed,1,,2026-10-01T21:40:38+00:00,2026-10-01T22:42:30+00:00,2
https://www.imdb.com/title/tt0064877/?ref_=sr_i_352,352. The Ravine,completed,1,,2026-10-01T21:40:38+00:00,2026-10-01T22:42:41+00:00,2
https://www.imdb.com/title/tt0065604/?ref_=sr_i_353,353. The Cycle Savages,completed,1,,2026-10-01T21:40:38+00:00,2026-10-01T22:42:52+00:00,2
https://www.imdb.com/title/tt0064895/?ref_=sr_i_354,354. Riot,completed,1,,2026-10-01T21:40:38+00:00,2026-10-01T22:43:02+00:00,2
https://www.imdb.com/title/tt0064370/?ref_=sr_i_355,355. The Girl Who Knew Too Much,completed,1,,2026-10-01T21:40:38+00:00,2026-10-01T22:43:13+00:00,2
https://www.imdb.com/title/tt0065138/?ref_=sr_i_356,356. Winter Wind,completed,1,,2026-10-01T21:40:38+00:00,2026-10-01T22:43:25+00:00,2
https://www.imdb.com/title/tt0312477/?ref_=sr_i_357,357. Hullumeelsus,completed,1,,2026-10-01T21:40:38+00:00,2026-10-01T22:43:36+00:00,2
https://www.imdb.com/title/tt0064664/?ref_=sr_i_358,358. Midas Run,completed,1,,2026-10-01T21:40:38+00:00,2026-10-01T22:43:47+00:00,2
https://www.imdb.com/title/tt0064842/?ref_=sr_i_359,359. Prince,completed,1,,2026-10-01T21:40:38+00:00,2026-10-01T22:43:58+00:00,2
https://www.imdb.com/title/tt0264558/?ref_=sr_i_360,360. Duelo en El Dorado,completed,1,,2026-10-01T21:40:38+00:00,2026-10-01T22:44:09+00:00,2
https://www.imdb.com/title/tt0064222/?ref_=sr_i_361,"361. The Seventh Day, the Eighth Night",completed,1,,2026-10-01T21:40:38+00:00,2026-10-01T22:44:19+00:00,2
https://www.imdb.com/title/tt0064368/?ref_=sr_i_362,362. Gheisar,completed,1,,2026-10-01T21:40:38+00:00,2026-10-01T22:44:29+00:00,2
https://www.imdb.com/title/tt0065019/?ref_=sr_i_363,"363. I Am Sartana, Your Angel of Death",completed,1,,2026-10-01T21:40:38+00:00,2026-10-01T22:44:41+00:00,2
https://www.imdb.com/title/tt0065135/?ref_=sr_i_364,364. Two Roses and a Golden Rod,completed,1,,2026-10-01T21:40:38+00:00,2026-10-01T22:44:50+00:00,2
https://www.imdb.com/title/tt0064532/?ref_=sr_i_365,365. Kama Sutra,completed,1,,2026-10-01T21:40:38+00:00,2026-10-01T22:45:00+00:00,2
https://www.imdb.com/title/tt0064328/?ref_=sr_i_366,366. The File of the Golden Goose,completed,1,,2026-10-01T21:40:38+00:00,2026-10-01T22:45:10+00:00,2
https://www.imdb.com/title/tt0166591/?ref_=sr_i_367,367. Swedish Wife Exchange Club,completed,1,,2026-10-01T21:40:38+00:00,2026-10-01T22:45:21+00:00,2
https://www.imdb.com/title/tt0064227/?ref_=sr_i_368,368. The Desperados,completed,1,,2026-10-01T21:40:38+00:00,2026-10-01T22:45:31+00:00,2
https://www.imdb.com/title/tt0064576/?ref_=sr_i_369,369. Laughter in the Dark,completed,1,,2026-10-01T21:40:38+00:00,2026-10-01T22:45:41+00:00,2
https://www.imdb.com/title/tt0064333/?ref_=sr_i_370,370. Flareup,completed,1,,2026-10-01T21:40:38+00:00,2026-10-01T22:45:52+00:00,2
https://www.imdb.com/title/tt0064327/?ref_=sr_i_371,371. A Very Curious Girl,completed,1,,2026-10-01T21:40:38+00:00,2026-10-01T22:46:02+00:00,2
https://www.imdb.com/title/tt0061432/?ref_=sr_i_372,372. Kiss Me Monster,completed,1,,2026-10-01T21:40:38+00:00,2026-10-01T22:46:13+00:00,2
https://www.imdb.com/title/tt0064067/?ref_=sr_i_373,"373. Have Sword, Will Travel",completed,1,,2026-10-01T21:40:38+00:00,2026-10-01T22:46:23+00:00,2
https://www.imdb.com/title/tt0244389/?ref_=sr_i_374,374. Le altre,completed,1,,2026-10-01T21:40:38+00:00,2026-10-01T22:46:33+00:00,2
https://www.imdb.com/title/tt0065031/?ref_=sr_i_375,375. Staircase,completed,1,,2026-10-01T21:40:38+00:00,2026-10-01T22:46:43+00:00,2
https://www.imdb.com/title/tt0123916/?ref_=sr_i_376,376. A Man for Emmanuelle,completed,1,,2026-10-01T21:40:38+00:00,2026-10-01T22:46:53+00:00,2
https://www.imdb.com/title/tt0214665/?ref_=sr_i_377,377. Ek Phool Do Mali,completed,1,,2026-10-01T21:40:38+00:00,2026-10-01T22:47:03+00:00,2
https://www.imdb.com/title/tt0270391/?ref_=sr_i_378,378. Graf Porno und seine Mädchen,completed,1,,2026-10-01T21:40:38+00:00,2026-10-01T22:47:13+00:00,2
https://www.imdb.com/title/tt0166789/?ref_=sr_i_379,379. Scacco alla regina,completed,1,,2026-10-01T21:40:38+00:00,2026-10-01T22:47:23+00:00,2
https://www.imdb.com/title/tt0064542/?ref_=sr_i_380,380. Spring,completed,1,,2026-10-01T21:40:38+00:00,2026-10-01T22:47:34+00:00,2
https://www.imdb.com/title/tt0251236/?ref_=sr_i_381,381. The Master Beater,completed,1,,2026-10-01T21:40:38+00:00,2026-10-01T22:47:45+00:00,2
https://www.imdb.com/title/tt0065195/?ref_=sr_i_382,382. A Walk with Love and Death,completed,1,,2026-10-01T21:40:38+00:00,2026-10-01T22:47:55+00:00,2
https://www.imdb.com/title/tt0065057/?ref_=sr_i_383,383. Syuzhet dlya nebolshogo rasskaza,completed,1,,2026-10-01T21:40:38+00:00,2026-10-01T22:48:05+00:00,2
https://www.imdb.com/title/tt0137536/?ref_=sr_i_384,"384. Fly Now, Pay Later",completed,1,,2026-10-01T21:40:38+00:00,2026-10-01T22:48:14+00:00,2
https://www.imdb.com/title/tt0063995/?ref_=sr_i_385,385. Red Lion,completed,1,,2026-10-01T21:40:38+00:00,2026-10-01T22:48:25+00:00,2
https://www.imdb.com/title/tt0064777/?ref_=sr_i_386,"386. Tora-san, Our Lovable Tramp",completed,1,,2026-10-01T21:40:38+00:00,2026-10-01T22:48:36+00:00,2
https://www.imdb.com/title/tt0065240/?ref_=sr_i_387,387. Zenabel,completed,1,,2026-10-01T21:40:38+00:00,2026-10-01T22:48:46+00:00,2
https://www.imdb.com/title/tt0065038/?ref_=sr_i_388,388. Stiletto,completed,1,,2026-10-01T21:40:38+00:00,2026-10-01T22:48:56+00:00,2
https://www.imdb.com/title/tt0218657/?ref_=sr_i_389,389. Le temps de vivre,completed,1,,2026-10-01T21:40:38+00:00,2026-10-01T22:49:05+00:00,2
https://www.imdb.com/title/tt0131492/?ref_=sr_i_390,390. The Mummy and the Curse of the Jackals,completed,1,,2026-10-01T21:40:38+00:00,2026-10-01T22:49:15+00:00,2
https://www.imdb.com/title/tt1262119/?ref_=sr_i_391,391. L'amour de femme,completed,1,,2026-10-01T21:40:38+00:00,2026-10-01T22:49:23+00:00,2
https://www.imdb.com/title/tt0064278/?ref_=sr_i_392,392. The Ecstasies of Women,completed,1,,2026-10-01T21:40:38+00:00,2026-10-01T22:49:33+00:00,2
https://www.imdb.com/title/tt0064307/?ref_=sr_i_393,393. The Extraordinary Seaman,completed,1,,2026-10-01T21:40:38+00:00,2026-10-01T22:49:44+00:00,2
https://www.imdb.com/title/tt0064353/?ref_=sr_i_394,394. Samurai Banners,completed,1,,2026-10-01T21:40:38+00:00,2026-10-01T22:49:54+00:00,2
https://www.imdb.com/title/tt0064232/?ref_=sr_i_395,395. The Devil by the Tail,completed,1,,2026-10-01T21:40:38+00:00,2026-10-01T22:50:05+00:00,2
https://www.imdb.com/title/tt0129273/?ref_=sr_i_396,396. Olsenbanden - Operasjon Egon,completed,1,,2026-10-01T21:40:38+00:00,2026-10-01T22:50:15+00:00,2
https://www.imdb.com/title/tt0064209/?ref_=sr_i_397,397. Daddy's Gone A-Hunting,completed,1,,2026-10-01T21:40:38+00:00,2026-10-01T22:50:26+00:00,2
https://www.imdb.com/title/tt0074921/?ref_=sr_i_398,398. Most,completed,1,,2026-10-01T21:40:38+00:00,2026-10-01T22:50:36+00:00,2
https://www.imdb.com/title/tt0063791/?ref_=sr_i_399,399. All My Good Countrymen,completed,1,,2026-10-01T21:40:38+00:00,2026-10-01T22:50:47+00:00,2
https://www.imdb.com/title/tt0065094/?ref_=sr_i_400,400. Three,completed,1,,2026-10-01T21:40:38+00:00,2026-10-01T22:50:57+00:00,2
https://www.imdb.com/title/tt0055329/?ref_=sr_i_401,401. Probabilità zero,completed,1,,2026-10-01T21:40:38+00:00,2026-10-01T22:51:09+00:00,2
https://www.imdb.com/title/tt0064265/?ref_=sr_i_402,402. Return of the One-Armed Swordsman,completed,1,,2026-10-01T21:40:38+00:00,2026-10-01T22:51:20+00:00,2
https://www.imdb.com/title/tt0064785/?ref_=sr_i_403,403. Colonel Wolodyjowski,completed,1,,2026-10-01T21:40:38+00:00,2026-10-01T22:51:32+00:00,2
https://www.imdb.com/title/tt0064775/?ref_=sr_i_404,404. Otley,completed,1,,2026-10-01T21:40:38+00:00,2026-10-01T22:51:42+00:00,2
https://www.imdb.com/title/tt0063679/?ref_=sr_i_405,405. Tepepa,completed,1,,2026-10-01T21:40:38+00:00,2026-10-01T22:51:54+00:00,2
https://www.imdb.com/title/tt0165285/?ref_=sr_i_406,406. Carnal Circuit,completed,1,,2026-10-01T21:40:38+00:00,2026-10-01T22:52:03+00:00,2
https://www.imdb.com/title/tt0065241/?ref_=sr_i_407,407. The Joke,completed,1,,2026-10-01T21:40:38+00:00,2026-10-01T22:52:14+00:00,2
https://www.imdb.com/title/tt0064096/?ref_=sr_i_408,408. The Blonde Connection,completed,1,,2026-10-01T21:40:38+00:00,2026-10-01T22:52:26+00:00,2
https://www.imdb.com/title/tt0064415/?ref_=sr_i_409,409. Hell's Angels '69,completed,1,,2026-10-01T21:40:38+00:00,2026-10-01T22:52:36+00:00,2
https://www.imdb.com/title/tt0062857/?ref_=sr_i_410,410. The Dance of Death,completed,1,,2026-10-01T21:40:38+00:00,2026-10-01T22:52:46+00:00,2
https://www.imdb.com/title/tt0064755/?ref_=sr_i_411,411. The Olsen Gang in a Fix,completed,1,,2026-10-01T21:40:38+00:00,2026-10-01T22:52:56+00:00,2
https://www.imdb.com/title/tt0065104/?ref_=sr_i_412,412. Gunman of Ave Maria,completed,1,,2026-10-01T21:40:38+00:00,2026-10-01T22:53:08+00:00,2
https://www.imdb.com/title/tt1272016/?ref_=sr_i_413,413. The Beauty,completed,1,,2026-10-01T21:40:38+00:00,2026-10-01T22:53:18+00:00,2
https://www.imdb.com/title/tt0196642/?ref_=sr_i_414,414. Isaia... mi horeveis,completed,1,,2026-10-01T21:40:38+00:00,2026-10-01T22:53:28+00:00,2
https://www.imdb.com/title/tt0064003/?ref_=sr_i_415,415. All the Loving Couples,completed,1,,2026-10-01T21:40:38+00:00,2026-10-01T22:53:39+00:00,2
https://www.imdb.com/title/tt0064915/?ref_=sr_i_416,416. Saat Hindustani,completed,1,,2026-10-01T21:40:38+00:00,2026-10-01T22:53:48+00:00,2
https://www.imdb.com/title/tt0064350/?ref_=sr_i_417,417. Fraulein Doktor,completed,1,,2026-10-01T21:40:38+00:00,2026-10-01T22:53:58+00:00,2
https://www.imdb.com/title/tt0064848/?ref_=sr_i_418,418. A Promise of Bed,completed,1,,2026-10-01T21:40:38+00:00,2026-10-01T22:54:09+00:00,2
https://www.imdb.com/title/tt0065166/?ref_=sr_i_419,419. Valérie,completed,1,,2026-10-01T21:40:38+00:00,2026-10-01T22:54:18+00:00,2
https://www.imdb.com/title/tt0065179/?ref_=sr_i_420,420. Life Love Death,completed,1,,2026-10-01T21:40:38+00:00,2026-10-01T22:54:30+00:00,2
https://www.imdb.com/title/tt0065180/?ref_=sr_i_421,421. The Last Relic,completed,1,,2026-10-01T21:40:38+00:00,2026-10-01T22:54:44+00:00,2
https://www.imdb.com/title/tt0064125/?ref_=sr_i_422,422. The Candy Man,completed,1,,2026-10-01T21:40:38+00:00,2026-10-01T22:54:53+00:00,2
https://www.imdb.com/title/tt0123917/?ref_=sr_i_423,"423. Isabella, Duchess of the Devils",completed,1,,2026-10-01T21:40:38+00:00,2026-10-01T22:55:04+00:00,2
https://www.imdb.com/title/tt0064406/?ref_=sr_i_424,424. Hard Contract,completed,1,,2026-10-01T21:40:38+00:00,2026-10-01T22:55:16+00:00,2
https://www.imdb.com/title/tt0064997/?ref_=sr_i_425,425. Slaves,completed,1,,2026-10-01T21:40:38+00:00,2026-10-01T22:55:26+00:00,2
https://www.imdb.com/title/tt0064119/?ref_=sr_i_426,426. Le calde notti di Poppea,completed,1,,2026-10-01T21:40:38+00:00,2026-10-01T22:55:37+00:00,2
https://www.imdb.com/title/tt0064490/?ref_=sr_i_427,427. Invasion,completed,1,,2026-10-01T21:40:38+00:00,2026-10-01T22:55:48+00:00,2
https://www.imdb.com/title/tt0123111/?ref_=sr_i_428,428. Pippi Goes on Board,completed,1,,2026-10-01T21:40:38+00:00,2026-10-01T22:55:58+00:00,2
https://www.imdb.com/title/tt0133842/?ref_=sr_i_429,429. The Harem Bunch,completed,1,,2026-10-01T21:40:38+00:00,2026-10-01T22:56:08+00:00,2
https://www.imdb.com/title/tt0064231/?ref_=sr_i_430,430. The Devil's 8,completed,1,,2026-10-01T21:40:38+00:00,2026-10-01T22:56:19+00:00,2
https://www.imdb.com/title/tt0065226/?ref_=sr_i_431,431. Everything for Sale,completed,1,,2026-10-01T21:40:38+00:00,2026-10-01T22:56:30+00:00,2
https://www.imdb.com/title/tt0065025/?ref_=sr_i_432,432. The Southern Star,completed,1,,2026-10-01T21:40:38+00:00,2026-10-01T22:56:42+00:00,2
https://www.imdb.com/title/tt0067631/?ref_=sr_i_433,433. Psychout for Murder,completed,1,,2026-10-01T21:40:38+00:00,2026-10-01T22:56:52+00:00,2
https://www.imdb.com/title/tt0063565/?ref_=sr_i_434,434. The Unnaturals,completed,1,,2026-10-01T21:40:38+00:00,2026-10-01T22:57:03+00:00,2
https://www.imdb.com/title/tt0064466/?ref_=sr_i_435,435. The Ice House,completed,1,,2026-10-01T21:40:38+00:00,2026-10-01T22:57:13+00:00,2
https://www.imdb.com/title/tt0216676/?ref_=sr_i_436,436. Decameron '69,completed,1,,2026-10-01T21:40:38+00:00,2026-10-01T22:57:23+00:00,2
https://www.imdb.com/title/tt0064354/?ref_=sr_i_437,437. Futz,completed,1,,2026-10-01T21:40:38+00:00,2026-10-01T22:57:32+00:00,2
https://www.imdb.com/title/tt0158766/?ref_=sr_i_438,438. Matou a Família e Foi ao Cinema,completed,1,,2026-10-01T21:40:38+00:00,2026-10-01T22:57:42+00:00,2
https://www.imdb.com/title/tt0064020/?ref_=sr_i_439,"439. Help Me, My Love",completed,1,,2026-10-01T21:40:38+00:00,2026-10-01T22:57:53+00:00,2
https://www.imdb.com/title/tt0063606/?ref_=sr_i_440,440. Simón Bolívar,completed,1,,2026-10-01T21:40:38+00:00,2026-10-01T22:58:04+00:00,2
https://www.imdb.com/title/tt0062773/?ref_=sr_i_441,441. Calcutta,completed,1,,2026-10-01T21:40:38+00:00,2026-10-01T22:58:15+00:00,2
https://www.imdb.com/title/tt0324120/?ref_=sr_i_442,442. Stoney,completed,1,,2026-10-01T21:40:38+00:00,2026-10-01T22:58:25+00:00,2
https://www.imdb.com/title/tt0229950/?ref_=sr_i_443,443. Aya Sawan Jhoom Ke,completed,1,,2026-10-01T21:40:38+00:00,2026-10-01T22:58:36+00:00,2
https://www.imdb.com/title/tt0064972/?ref_=sr_i_444,444. She Came on the Bus,completed,1,,2026-10-01T21:40:38+00:00,2026-10-01T22:58:45+00:00,2
https://www.imdb.com/title/tt0239479/?ref_=sr_i_445,445. Rabbit in the Pit,completed,1,,2026-10-01T21:40:38+00:00,2026-10-01T22:58:57+00:00,2
https://www.imdb.com/title/tt0064558/?ref_=sr_i_446,446. Sixtynine 69,completed,1,,2026-10-01T21:40:38+00:00,2026-10-01T22:59:07+00:00,2
https://www.imdb.com/title/tt0064421/?ref_=sr_i_447,447. Heart Break,completed,1,,2026-10-01T21:40:38+00:00,2026-10-01T22:59:17+00:00,2
https://www.imdb.com/title/tt0189089/?ref_=sr_i_448,448. Killer's Mission,completed,1,,2026-10-01T21:40:38+00:00,2026-10-01T22:59:27+00:00,2
https://www.imdb.com/title/tt0064959/?ref_=sr_i_449,449. The Seed of Man,completed,1,,2026-10-01T21:40:38+00:00,2026-10-01T22:59:36+00:00,2
https://www.imdb.com/title/tt0064815/?ref_=sr_i_450,450. Pirosmani,completed,1,,2026-10-01T21:40:38+00:00,2026-10-01T22:59:34+00:00,2
https://www.imdb.com/title/tt0064399/?ref_=sr_i_451,"451. Hail, Hero!",completed,1,,2026-10-01T21:40:38+00:00,2026-10-01T22:59:25+00:00,2
https://www.imdb.com/title/tt0217442/?ref_=sr_i_452,452. The Erotic Circus,completed,1,,2026-10-01T21:40:38+00:00,2026-10-01T22:59:15+00:00,2
https://www.imdb.com/title/tt0063310/?ref_=sr_i_453,453. Mission Impossible Versus the Mob,completed,1,,2026-10-01T21:40:38+00:00,2026-10-01T22:59:08+00:00,2
https://www.imdb.com/title/tt0065159/?ref_=sr_i_454,454. Up in the Air,completed,1,,2026-10-01T21:40:38+00:00,2026-10-01T22:58:59+00:00,2
https://www.imdb.com/title/tt0064458/?ref_=sr_i_455,"455. Hurra, die Schule brennt - Die Lümmel von der ersten Bank IV. Teil",completed,1,,2026-10-01T21:40:38+00:00,2026-10-01T22:58:51+00:00,2
https://www.imdb.com/title/tt0064617/?ref_=sr_i_456,456. The Mad Room,completed,1,,2026-10-01T21:40:38+00:00,2026-10-01T22:58:42+00:00,2
https://www.imdb.com/title/tt0059099/?ref_=sr_i_457,457. Nude in the Sand,completed,1,,2026-10-01T21:40:38+00:00,2026-10-01T22:58:33+00:00,2
https://www.imdb.com/title/tt0148353/?ref_=sr_i_458,458. Jeene Ki Raah,completed,1,,2026-10-01T21:40:38+00:00,2026-10-01T22:58:25+00:00,2
https://www.imdb.com/title/tt0258997/?ref_=sr_i_459,459. Submission,completed,1,,2026-10-01T21:40:38+00:00,2026-10-01T22:58:16+00:00,2
https://www.imdb.com/title/tt0064235/?ref_=sr_i_460,460. The War Devils,completed,1,,2026-10-01T21:40:38+00:00,2026-10-01T22:58:08+00:00,2
https://www.imdb.com/title/tt0244660/?ref_=sr_i_461,461. Modisto de señoras,completed,1,,2026-10-01T21:40:38+00:00,2026-10-01T22:57:59+00:00,2
https://www.imdb.com/title/tt0064763/?ref_=sr_i_462,462. One Million AC/DC,completed,1,,2026-10-01T21:40:38+00:00,2026-10-01T22:57:51+00:00,2
https://www.imdb.com/title/tt0065208/?ref_=sr_i_463,463. Where It's At,completed,1,,2026-10-01T21:40:38+00:00,2026-10-01T22:57:43+00:00,2
https://www.imdb.com/title/tt0064730/?ref_=sr_i_464,464. Japan Organized Crime Boss,completed,1,,2026-10-01T21:40:38+00:00,2026-10-01T22:57:34+00:00,2
https://www.imdb.com/title/tt0145100/?ref_=sr_i_465,465. A Mulher de Todos,completed,1,,2026-10-01T21:40:38+00:00,2026-10-01T22:57:25+00:00,2
https://www.imdb.com/title/tt0202627/?ref_=sr_i_466,466. Yokai Monsters: Along with Ghosts,completed,1,,2026-10-01T21:40:38+00:00,2026-10-01T22:57:17+00:00,2
https://www.imdb.com/title/tt0158449/?ref_=sr_i_467,467. Aadmi Aur Insaan,completed,1,,2026-10-01T21:40:38+00:00,2026-10-01T22:57:08+00:00,2
https://www.imdb.com/title/tt0279117/?ref_=sr_i_468,468. The Great Sex War,completed,1,,2026-10-01T21:40:38+00:00,2026-10-01T22:57:00+00:00,2
https://www.imdb.com/title/tt0065153/?ref_=sr_i_469,469. A Golden Widow,completed,1,,2026-10-01T21:40:38+00:00,2026-10-01T22:56:52+00:00,2
https://www.imdb.com/title/tt3586084/?ref_=sr_i_470,470. Der Porno-Graf von Schweden,completed,1,,2026-10-01T21:40:38+00:00,2026-10-01T22:56:42+00:00,2
https://www.imdb.com/title/tt0137708/?ref_=sr_i_471,471. The Girl from Pussycat,completed,1,,2026-10-01T21:40:38+00:00,2026-10-01T22:56:34+00:00,2
https://www.imdb.com/title/tt0064147/?ref_=sr_i_472,472. Jackal of Nahueltoro,completed,1,,2026-10-01T21:40:38+00:00,2026-10-01T22:56:26+00:00,2
https://www.imdb.com/title/tt0064509/?ref_=sr_i_473,473. Jeff,completed,1,,2026-10-01T21:40:38+00:00,2026-10-01T22:56:18+00:00,2
https://www.imdb.com/title/tt0063130/?ref_=sr_i_474,474. In Search of Gregory,completed,1,,2026-10-01T21:40:38+00:00,2026-10-01T22:56:09+00:00,2
https://www.imdb.com/title/tt0062438/?ref_=sr_i_475,475. Macabre,completed,1,,2026-10-01T21:40:38+00:00,2026-10-01T22:55:56+00:00,2
https://www.imdb.com/title/tt0064853/?ref_=sr_i_476,476. La taglia è tua... l'uomo l'ammazzo io,completed,1,,2026-10-01T21:40:38+00:00,2026-10-01T22:55:47+00:00,2
https://www.imdb.com/title/tt0063450/?ref_=sr_i_477,477. A Place in Hell,completed,1,,2026-10-01T21:40:38+00:00,2026-10-01T22:55:39+00:00,2
https://www.imdb.com/title/tt0064426/?ref_=sr_i_478,478. Red Peony Gambler 3: The Flower Cards Game,completed,1,,2026-10-01T21:40:38+00:00,2026-10-01T22:55:31+00:00,2
https://www.imdb.com/title/tt0065884/?ref_=sr_i_479,479. Impasse,completed,1,,2026-10-01T21:40:38+00:00,2026-10-01T22:55:23+00:00,2
https://www.imdb.com/title/tt0064047/?ref_=sr_i_480,480. He and She,completed,1,,2026-10-01T21:40:38+00:00,2026-10-01T22:55:14+00:00,2
https://www.imdb.com/title/tt0064086/?ref_=sr_i_481,481. Bhuvan Shome,completed,1,,2026-10-01T21:40:38+00:00,2026-10-01T22:55:05+00:00,2
https://www.imdb.com/title/tt0064152/?ref_=sr_i_482,482. Changes,completed,1,,2026-10-01T21:40:38+00:00,2026-10-01T22:54:57+00:00,2
https://www.imdb.com/title/tt0065759/?ref_=sr_i_483,483. Dead Are Countless,completed,1,,2026-10-01T21:40:38+00:00,2026-10-01T22:54:48+00:00,2
https://www.imdb.com/title/tt0165379/?ref_=sr_i_484,"484. Crimson Bat, the Blind Swordswoman",completed,1,,2026-10-01T21:40:38+00:00,2026-10-01T22:54:40+00:00,2
https://www.imdb.com/title/tt0323610/?ref_=sr_i_485,485. Peligro...! Mujeres en acción,completed,1,,2026-10-01T21:40:38+00:00,2026-10-01T22:54:31+00:00,2
https://www.imdb.com/title/tt0063270/?ref_=sr_i_486,486. The Man with the Glass Eye,completed,1,,2026-10-01T21:40:38+00:00,2026-10-01T22:54:23+00:00,2
https://www.imdb.com/title/tt0062714/?ref_=sr_i_487,487. The Battle of El Alamein,completed,1,,2026-10-01T21:40:38+00:00,2026-10-01T22:54:15+00:00,2
https://www.imdb.com/title/tt0064597/?ref_=sr_i_488,488. Lock Up Your Daughters!,completed,1,,2026-10-01T21:40:38+00:00,2026-10-01T22:54:06+00:00,2
https://www.imdb.com/title/tt0065083/?ref_=sr_i_489,489. Heads or Tails,completed,1,,2026-10-01T21:40:38+00:00,2026-10-01T22:53:58+00:00,2
https://www.imdb.com/title/tt0132535/?ref_=sr_i_490,490. The Seven Red Berets,completed,1,,2026-10-01T21:40:38+00:00,2026-10-01T22:53:49+00:00,2
https://www.imdb.com/title/tt0064433/?ref_=sr_i_491,491. Himmel og helvete,completed,1,,2026-10-01T21:40:38+00:00,2026-10-01T22:53:40+00:00,2
https://www.imdb.com/title/tt0064729/?ref_=sr_i_492,492. Nightmare in Wax,completed,1,,2026-10-01T21:40:38+00:00,2026-10-01T22:53:31+00:00,2
https://www.imdb.com/title/tt0064856/?ref_=sr_i_493,493. Pyasi Sham,completed,1,,2026-10-01T21:40:38+00:00,2026-10-01T22:53:22+00:00,2
https://www.imdb.com/title/tt0123918/?ref_=sr_i_494,494. L'isola delle svedesi,completed,1,,2026-10-01T21:40:38+00:00,2026-10-01T22:53:13+00:00,2
https://www.imdb.com/title/tt0182277/?ref_=sr_i_495,495. Lesbo,completed,1,,2026-10-01T21:40:38+00:00,2026-10-01T22:53:06+00:00,2
https://www.imdb.com/title/tt0065010/?ref_=sr_i_496,496. Some Kind of a Nut,completed,1,,2026-10-01T21:40:38+00:00,2026-10-01T22:52:58+00:00,2
https://www.imdb.com/title/tt0291305/?ref_=sr_i_497,"497. Running in Madness, Dying in Love",completed,1,,2026-10-01T21:40:38+00:00,2026-10-01T22:52:49+00:00,2
https://www.imdb.com/title/tt0219724/?ref_=sr_i_498,498. Gutter Trash,completed,1,,2026-10-01T21:40:38+00:00,2026-10-01T22:52:41+00:00,2
https://www.imdb.com/title/tt0065069/?ref_=sr_i_499,499. Target: Harry,completed,1,,2026-10-01T21:40:38+00:00,2026-10-01T22:52:33+00:00,2
https://www.imdb.com/title/tt0155604/?ref_=sr_i_500,500. Champagner für Zimmer 17,completed,1,,2026-10-01T21:40:38+00:00,2026-10-01T22:52:24+00:00,2
https://www.imdb.com/title/tt0065723/?ref_=sr_i_501,501. Five Bloody Graves,completed,1,,2026-10-01T21:40:38+00:00,2026-10-01T22:52:15+00:00,2
https://www.imdb.com/title/tt0065000/?ref_=sr_i_502,502. Slogan,completed,1,,2026-10-01T21:40:38+00:00,2026-10-01T22:52:08+00:00,2
https://www.imdb.com/title/tt0064059/?ref_=sr_i_503,503. Backtrack!,completed,1,,2026-10-01T21:40:38+00:00,2026-10-01T22:52:00+00:00,2
https://www.imdb.com/title/tt0064837/?ref_=sr_i_504,504. Prague Nights,completed,1,,2026-10-01T21:40:38+00:00,2026-10-01T22:51:51+00:00,2
https://www.imdb.com/title/tt0248603/?ref_=sr_i_505,505. The Vixens,completed,1,,2026-10-01T21:40:38+00:00,2026-10-01T22:51:42+00:00,2
https://www.imdb.com/title/tt0064534/?ref_=sr_i_506,506. Kampf um Rom II - Der Verrat,completed,1,,2026-10-01T21:40:38+00:00,2026-10-01T22:51:34+00:00,2
https://www.imdb.com/title/tt0064865/?ref_=sr_i_507,507. The Battle of the Damned,completed,1,,2026-10-01T21:40:38+00:00,2026-10-01T22:51:26+00:00,2
https://www.imdb.com/title/tt0188491/?ref_=sr_i_508,508. Sensual Jungle,completed,1,,2026-10-01T21:40:38+00:00,2026-10-01T22:51:18+00:00,2
https://www.imdb.com/title/tt0064627/?ref_=sr_i_509,509. The Maltese Bippy,completed,1,,2026-10-01T21:40:38+00:00,2026-10-01T22:51:09+00:00,2
https://www.imdb.com/title/tt0228336/?ref_=sr_i_510,510. Wicked Priest 3: A Killer's Pilgrimage,completed,1,,2026-10-01T21:40:38+00:00,2026-10-01T22:51:01+00:00,2
https://www.imdb.com/title/tt0064044/?ref_=sr_i_511,511. Arthur? Arthur!,completed,1,,2026-10-01T21:40:38+00:00,2026-10-01T22:50:53+00:00,2
https://www.imdb.com/title/tt0065263/?ref_=sr_i_512,512. Secret World,completed,1,,2026-10-01T21:40:38+00:00,2026-10-01T22:50:44+00:00,2
https://www.imdb.com/title/tt0064194/?ref_=sr_i_513,513. Cuando los hijos se van,completed,1,,2026-10-01T21:40:38+00:00,2026-10-01T22:50:34+00:00,2
https://www.imdb.com/title/tt0064159/?ref_=sr_i_514,514. The Pleasure Pit,completed,1,,2026-10-01T21:40:38+00:00,2026-10-01T22:50:26+00:00,2
https://www.imdb.com/title/tt0128531/?ref_=sr_i_515,515. Slaves of Love,completed,1,,2026-10-01T21:40:38+00:00,2026-10-01T22:50:16+00:00,2
https://www.imdb.com/title/tt0065064/?ref_=sr_i_516,516. Talash,completed,1,,2026-10-01T21:40:38+00:00,2026-10-01T22:50:09+00:00,2
https://www.imdb.com/title/tt1468849/?ref_=sr_i_517,517. How I Got My Mink,completed,1,,2026-10-01T21:40:38+00:00,2026-10-01T22:50:00+00:00,2
https://www.imdb.com/title/tt0064726/?ref_=sr_i_518,518. Night of Bloody Horror,completed,1,,2026-10-01T21:40:38+00:00,2026-10-01T22:49:52+00:00,2
https://www.imdb.com/title/tt0065021/?ref_=sr_i_519,519. Flying Phantom Ship,completed,1,,2026-10-01T21:40:38+00:00,2026-10-01T22:49:43+00:00,2
https://www.imdb.com/title/tt0065165/?ref_=sr_i_520,"520. Valparaíso, mi amor",completed,1,,2026-10-01T21:40:38+00:00,2026-10-01T22:49:35+00:00,2
https://www.imdb.com/title/tt0064498/?ref_=sr_i_521,521. Isten hozta örnagy úr,completed,1,,2026-10-01T21:40:38+00:00,2026-10-01T22:49:26+00:00,2
https://www.imdb.com/title/tt0065093/?ref_=sr_i_522,522. The Thousand Plane Raid,completed,1,,2026-10-01T21:40:38+00:00,2026-10-01T22:49:18+00:00,2
https://www.imdb.com/title/tt0064684/?ref_=sr_i_523,523. The Monitors,completed,1,,2026-10-01T21:40:38+00:00,2026-10-01T22:49:09+00:00,2
https://www.imdb.com/title/tt0065023/?ref_=sr_i_524,524. Under the Sign of Scorpio,completed,1,,2026-10-01T21:40:38+00:00,2026-10-01T22:49:00+00:00,2
https://www.imdb.com/title/tt0063401/?ref_=sr_i_525,525. Out of It,completed,1,,2026-10-01T21:40:38+00:00,2026-10-01T22:48:51+00:00,2
https://www.imdb.com/title/tt0064365/?ref_=sr_i_526,526. Generation,completed,1,,2026-10-01T21:40:38+00:00,2026-10-01T22:48:42+00:00,2
https://www.imdb.com/title/tt0173184/?ref_=sr_i_527,527. Unknown Woman,completed,1,,2026-10-01T21:40:38+00:00,2026-10-01T22:48:34+00:00,2
https://www.imdb.com/title/tt0194541/?ref_=sr_i_528,528. The Wild Pussycat,completed,1,,2026-10-01T21:40:38+00:00,2026-10-01T22:48:26+00:00,2
https://www.imdb.com/title/tt0065129/?ref_=sr_i_529,529. Relations,completed,1,,2026-10-01T21:40:38+00:00,2026-10-01T22:48:17+00:00,2
https://www.imdb.com/title/tt0064145/?ref_=sr_i_530,530. Diary of a Telephone Operator,completed,1,,2026-10-01T21:40:38+00:00,2026-10-01T22:48:09+00:00,2
https://www.imdb.com/title/tt0064825/?ref_=sr_i_531,531. Polowanie na muchy,completed,1,,2026-10-01T21:40:38+00:00,2026-10-01T22:47:59+00:00,2
https://www.imdb.com/title/tt0063976/?ref_=sr_i_532,532. 80 Steps to Jonah,completed,1,,2026-10-01T21:40:38+00:00,2026-10-01T22:47:51+00:00,2
https://www.imdb.com/title/tt0378060/?ref_=sr_i_533,533. Les hors-la-loi,completed,1,,2026-10-01T21:40:38+00:00,2026-10-01T22:47:42+00:00,2
https://www.imdb.com/title/tt0064802/?ref_=sr_i_534,534. Murder by Music,completed,1,,2026-10-01T21:40:38+00:00,2026-10-01T22:47:35+00:00,2
https://www.imdb.com/title/tt0064022/?ref_=sr_i_535,535. 5 figli di cane,completed,1,,2026-10-01T21:40:38+00:00,2026-10-01T22:47:26+00:00,2
https://www.imdb.com/title/tt0066577/?ref_=sr_i_536,536. Witchcraft '70,completed,1,,2026-10-01T21:40:38+00:00,2026-10-01T22:47:18+00:00,2
https://www.imdb.com/title/tt0292694/?ref_=sr_i_537,537. Slávnost v botanickej záhrade,completed,1,,2026-10-01T21:40:38+00:00,2026-10-01T22:47:10+00:00,2
https://www.imdb.com/title/tt0064322/?ref_=sr_i_538,538. The Woman with the Knife,completed,1,,2026-10-01T21:40:38+00:00,2026-10-01T22:47:02+00:00,2
https://www.imdb.com/title/tt0063756/?ref_=sr_i_539,539. Las vampiras,completed,1,,2026-10-01T21:40:38+00:00,2026-10-01T22:46:54+00:00,2
https://www.imdb.com/title/tt0064669/?ref_=sr_i_540,540. Wages of Sin,completed,1,,2026-10-01T21:40:38+00:00,2026-10-01T22:46:45+00:00,2
https://www.imdb.com/title/tt0244414/?ref_=sr_i_541,541. El aviso inoportuno,completed,1,,2026-10-01T21:40:38+00:00,2026-10-01T22:46:37+00:00,2
https://www.imdb.com/title/tt0153000/?ref_=sr_i_542,542. That Tender Touch,completed,1,,2026-10-01T21:40:38+00:00,2026-10-01T22:46:29+00:00,2
https://www.imdb.com/title/tt0323647/?ref_=sr_i_543,543. The Piranhas Mate by Lent,completed,1,,2026-10-01T21:40:38+00:00,2026-10-01T22:46:20+00:00,2
https://www.imdb.com/title/tt0064124/?ref_=sr_i_544,544. A Candidate for a Killing,completed,1,,2026-10-01T21:40:38+00:00,2026-10-01T22:46:12+00:00,2
https://www.imdb.com/title/tt0064259/?ref_=sr_i_545,545. A Dream of Kings,completed,1,,2026-10-01T21:40:38+00:00,2026-10-01T22:46:03+00:00,2
https://www.imdb.com/title/tt0239508/?ref_=sr_i_546,546. Female Student Guerrilla,completed,1,,2026-10-01T21:40:38+00:00,2026-10-01T22:45:53+00:00,2
https://www.imdb.com/title/tt0063986/?ref_=sr_i_547,547. Addio Alexandra,completed,1,,2026-10-01T21:40:38+00:00,2026-10-01T22:45:45+00:00,2
https://www.imdb.com/title/tt0064151/?ref_=sr_i_548,548. Change of Mind,completed,1,,2026-10-01T21:40:38+00:00,2026-10-01T22:45:37+00:00,2
https://www.imdb.com/title/tt0064219/?ref_=sr_i_549,549. Deine Zärtlichkeiten,completed,1,,2026-10-01T21:40:38+00:00,2026-10-01T22:45:29+00:00,2
https://www.imdb.com/title/tt0062818/?ref_=sr_i_550,"550. Come, quando, perché",completed,1,,2026-10-01T21:40:38+00:00,2026-10-01T22:45:20+00:00,2
https://www.imdb.com/title/tt0064718/?ref_=sr_i_551,551. Nell'anno del Signore,completed,1,,2026-10-01T21:40:38+00:00,2026-10-01T22:45:12+00:00,2
https://www.imdb.com/title/tt0064724/?ref_=sr_i_552,552. Night After Night After Night,completed,1,,2026-10-01T21:40:38+00:00,2026-10-01T22:45:03+00:00,2
https://www.imdb.com/title/tt0064434/?ref_=sr_i_553,553. L'hiver,completed,1,,2026-10-01T21:40:38+00:00,2026-10-01T22:44:54+00:00,2
https://www.imdb.com/title/tt0362283/?ref_=sr_i_554,554. Vishwas,completed,1,,2026-10-01T21:40:38+00:00,2026-10-01T22:44:46+00:00,2
https://www.imdb.com/title/tt0071505/?ref_=sr_i_555,555. De 5 og spionerne,completed,1,,2026-10-01T21:40:38+00:00,2026-10-01T22:44:37+00:00,2
https://www.imdb.com/title/tt0124410/?ref_=sr_i_556,556. The Divorcee,completed,1,,2026-10-01T21:40:38+00:00,2026-10-01T22:44:29+00:00,2
https://www.imdb.com/title/tt0065052/?ref_=sr_i_557,557. Svetáci,completed,1,,2026-10-01T21:40:38+00:00,2026-10-01T22:44:21+00:00,2
https://www.imdb.com/title/tt0064760/?ref_=sr_i_558,558. Once You Kiss a Stranger...,completed,1,,2026-10-01T21:40:38+00:00,2026-10-01T22:44:12+00:00,2
https://www.imdb.com/title/tt0192416/?ref_=sr_i_559,559. Pagine chiuse,completed,1,,2026-10-01T21:40:38+00:00,2026-10-01T22:44:04+00:00,2
https://www.imdb.com/title/tt0064101/?ref_=sr_i_560,560. Body Fever,completed,1,,2026-10-01T21:40:38+00:00,2026-10-01T22:43:56+00:00,2
https://www.imdb.com/title/tt0064371/?ref_=sr_i_561,561. The Gladiators,completed,1,,2026-10-01T21:40:38+00:00,2026-10-01T22:43:47+00:00,2
https://www.imdb.com/title/tt0064069/?ref_=sr_i_562,562. The Tough and the Mighty,completed,1,,2026-10-01T21:40:38+00:00,2026-10-01T22:43:39+00:00,2
https://www.imdb.com/title/tt0251380/?ref_=sr_i_563,563. Royal Family,completed,1,,2026-10-01T21:40:38+00:00,2026-10-01T22:43:30+00:00,2
https://www.imdb.com/title/tt0065059/?ref_=sr_i_564,564. The Lady from Constantinople,completed,1,,2026-10-01T21:40:38+00:00,2026-10-01T22:43:21+00:00,2
https://www.imdb.com/title/tt0065798/?ref_=sr_i_565,565. The Green Wall,completed,1,,2026-10-01T21:40:38+00:00,2026-10-01T22:43:12+00:00,2
https://www.imdb.com/title/tt0063812/?ref_=sr_i_566,566. Three-Cornered Bed,completed,1,,2026-10-01T21:40:38+00:00,2026-10-01T22:43:04+00:00,2
https://www.imdb.com/title/tt0242639/?ref_=sr_i_567,567. Mahua,completed,1,,2026-10-01T21:40:38+00:00,2026-10-01T22:42:56+00:00,2
https://www.imdb.com/title/tt0214550/?ref_=sr_i_568,568. Scorched Earth,completed,1,,2026-10-01T21:40:38+00:00,2026-10-01T22:42:48+00:00,2
https://www.imdb.com/title/tt0062995/?ref_=sr_i_569,569. The Confrontation,completed,1,,2026-10-01T21:40:38+00:00,2026-10-01T22:42:39+00:00,2
https://www.imdb.com/title/tt0181644/?ref_=sr_i_570,570. Lady Desire,completed,1,,2026-10-01T21:40:38+00:00,2026-10-01T22:42:30+00:00,2
https://www.imdb.com/title/tt0126463/?ref_=sr_i_571,571. Motel Confidential,completed,1,,2026-10-01T21:40:38+00:00,2026-10-01T22:42:22+00:00,2
https://www.imdb.com/title/tt0063093/?ref_=sr_i_572,572. Hostile Witness,completed,1,,2026-10-01T21:40:38+00:00,2026-10-01T22:42:13+00:00,2
https://www.imdb.com/title/tt0065196/?ref_=sr_i_573,573. The Viking Who Became a Bigamist,completed,1,,2026-10-01T21:40:38+00:00,2026-10-01T22:42:05+00:00,2
https://www.imdb.com/title/tt0065133/?ref_=sr_i_574,574. Two Gentlemen Sharing,completed,1,,2026-10-01T21:40:38+00:00,2026-10-01T22:41:56+00:00,2
https://www.imdb.com/title/tt0180946/?ref_=sr_i_575,575. The Racing Scene,completed,1,,2026-10-01T21:40:38+00:00,2026-10-01T22:41:45+00:00,2
https://www.imdb.com/title/tt0064857/?ref_=sr_i_576,576. Pyar Hi Pyar,completed,1,,2026-10-01T21:40:38+00:00,2026-10-01T22:41:37+00:00,2
https://www.imdb.com/title/tt0133148/?ref_=sr_i_577,577. Beyond Love and Evil,completed,1,,2026-10-01T21:40:38+00:00,2026-10-01T22:41:28+00:00,2
https://www.imdb.com/title/tt0122617/?ref_=sr_i_578,578. My Uncle Benjamin,completed,1,,2026-10-01T21:40:38+00:00,2026-10-01T22:41:19+00:00,2
https://www.imdb.com/title/tt0130795/?ref_=sr_i_579,579. The Intruders,completed,1,,2026-10-01T21:40:38+00:00,2026-10-01T22:41:08+00:00,2
https://www.imdb.com/title/tt0310610/?ref_=sr_i_580,"580. Alerta, alta tensión",completed,1,,2026-10-01T21:40:38+00:00,2026-10-01T22:40:59+00:00,2
https://www.imdb.com/title/tt0291202/?ref_=sr_i_581,581. Violent Virgin,completed,1,,2026-10-01T21:40:38+00:00,2026-10-01T22:40:51+00:00,2
https://www.imdb.com/title/tt0262709/?ref_=sr_i_582,582. The Promise,completed,1,,2026-10-01T21:40:38+00:00,2026-10-01T22:40:43+00:00,2
https://www.imdb.com/title/tt0173689/?ref_=sr_i_583,583. A Boy... a Girl,completed,1,,2026-10-01T21:40:38+00:00,2026-10-01T22:40:35+00:00,2
https://www.imdb.com/title/tt0065131/?ref_=sr_i_584,584. Turn on to Love,completed,1,,2026-10-01T21:40:38+00:00,2026-10-01T22:40:27+00:00,2
https://www.imdb.com/title/tt0123633/?ref_=sr_i_585,585. Career Bed,completed,1,,2026-10-01T21:40:38+00:00,2026-10-01T22:40:20+00:00,2
https://www.imdb.com/title/tt0064808/?ref_=sr_i_586,586. The Picasso Summer,completed,1,,2026-10-01T21:40:38+00:00,2026-10-01T22:40:05+00:00,2
https://www.imdb.com/title/tt0064192/?ref_=sr_i_587,587. Sophie's Place,completed,1,,2026-10-01T21:40:38+00:00,2026-10-01T22:39:56+00:00,2
https://www.imdb.com/title/tt0063972/?ref_=sr_i_588,588. 2000 Years Later,completed,1,,2026-10-01T21:40:38+00:00,2026-10-01T22:39:46+00:00,2
https://www.imdb.com/title/tt0487055/?ref_=sr_i_589,589. Tigress,completed,1,,2026-10-01T21:40:38+00:00,2026-10-01T22:39:37+00:00,2
https://www.imdb.com/title/tt0183570/?ref_=sr_i_590,590. I neraida kai to palikari,completed,1,,2026-10-01T21:40:38+00:00,2026-10-01T22:39:29+00:00,2
https://www.imdb.com/title/tt0064948/?ref_=sr_i_591,591. Scream Free!,completed,1,,2026-10-01T21:40:38+00:00,2026-10-01T22:39:20+00:00,2
https://www.imdb.com/title/tt0203691/?ref_=sr_i_592,592. Minifaldas con espuelas,completed,1,,2026-10-01T21:40:38+00:00,2026-10-01T22:39:11+00:00,2
https://www.imdb.com/title/tt0144261/?ref_=sr_i_593,593. Women for Sale,completed,1,,2026-10-01T21:40:38+00:00,2026-10-01T22:39:03+00:00,2
https://www.imdb.com/title/tt0064507/?ref_=sr_i_594,594. Hunting Scenes from Bavaria,completed,1,,2026-10-01T21:40:38+00:00,2026-10-01T22:38:56+00:00,2
https://www.imdb.com/title/tt0185663/?ref_=sr_i_595,595. La scoperta,completed,1,,2026-10-01T21:40:38+00:00,2026-10-01T22:38:47+00:00,2
https://www.imdb.com/title/tt0063798/?ref_=sr_i_596,596. Weisse Wölfe,completed,1,,2026-10-01T21:40:38+00:00,2026-10-01T22:38:39+00:00,2
https://www.imdb.com/title/tt0066372/?ref_=sr_i_597,597. Shinsengumi: Assassins of Honor,completed,1,,2026-10-01T21:40:38+00:00,2026-10-01T22:38:30+00:00,2
https://www.imdb.com/title/tt0063419/?ref_=sr_i_598,598. Passa Sartana... è l'ombra della tua morte,completed,1,,2026-10-01T21:40:38+00:00,2026-10-01T22:38:21+00:00,2
https://www.imdb.com/title/tt0063213/?ref_=sr_i_599,599. The Layout,completed,1,,2026-10-01T21:40:38+00:00,2026-10-01T22:38:12+00:00,2
https://www.imdb.com/title/tt0213773/?ref_=sr_i_600,600. Kismat,completed,1,,2026-10-01T21:40:38+00:00,2026-10-01T22:38:04+00:00,2
https://www.imdb.com/title/tt0065137/?ref_=sr_i_601,601. Tænk på et tal,completed,1,,2026-10-01T21:40:38+00:00,2026-10-01T22:37:56+00:00,2
https://www.imdb.com/title/tt0134032/?ref_=sr_i_602,602. The Pleasure Machines,completed,1,,2026-10-01T21:40:38+00:00,2026-10-01T22:37:47+00:00,2
https://www.imdb.com/title/tt0065228/?ref_=sr_i_603,603. Blood of the Condor,completed,1,,2026-10-01T21:40:38+00:00,2026-10-01T22:37:39+00:00,2
https://www.imdb.com/title/tt0064874/?ref_=sr_i_604,604. Early Works,completed,1,,2026-10-01T21:40:38+00:00,2026-10-01T22:37:28+00:00,2
https://www.imdb.com/title/tt0064029/?ref_=sr_i_605,605. The Angel Was Born,completed,1,,2026-10-01T21:40:38+00:00,2026-10-01T22:37:20+00:00,2
https://www.imdb.com/title/tt0064001/?ref_=sr_i_606,606. L'alibi,completed,1,,2026-10-01T21:40:38+00:00,2026-10-01T22:37:12+00:00,2
https://www.imdb.com/title/tt0064472/?ref_=sr_i_607,607. Shameless: Abnormal and Abusive Love,completed,1,,2026-10-01T21:40:38+00:00,2026-10-01T22:37:04+00:00,2
https://www.imdb.com/title/tt0064950/?ref_=sr_i_608,608. Scream Baby Scream,completed,1,,2026-10-01T21:40:38+00:00,2026-10-01T22:36:55+00:00,2
https://www.imdb.com/title/tt0065181/?ref_=sr_i_609,609. Virágvasárnap,completed,1,,2026-10-01T21:40:38+00:00,2026-10-01T22:36:46+00:00,2
https://www.imdb.com/title/tt0288678/?ref_=sr_i_610,610. Orestes,completed,1,,2026-10-01T21:40:38+00:00,2026-10-01T22:36:38+00:00,2
https://www.imdb.com/title/tt0063269/?ref_=sr_i_611,611. Eat It,completed,1,,2026-10-01T21:40:38+00:00,2026-10-01T22:36:30+00:00,2
https://www.imdb.com/title/tt0065169/?ref_=sr_i_612,612. Van de Velde: Das Leben zu zweit - Sexualität in der Ehe,completed,1,,2026-10-01T21:40:38+00:00,2026-10-01T22:36:21+00:00,2
https://www.imdb.com/title/tt0065496/?ref_=sr_i_613,613. A Woman on Fire!,completed,1,,2026-10-01T21:40:38+00:00,2026-10-01T22:36:13+00:00,2
https://www.imdb.com/title/tt0153642/?ref_=sr_i_614,614. The Sadistic Hypnotist,completed,1,,2026-10-01T21:40:38+00:00,2026-10-01T22:36:04+00:00,2
https://www.imdb.com/title/tt0065178/?ref_=sr_i_615,615. La vida sigue igual,completed,1,,2026-10-01T21:40:38+00:00,2026-10-01T22:35:56+00:00,2
https://www.imdb.com/title/tt0064396/?ref_=sr_i_616,616. The Guru,completed,1,,2026-10-01T21:40:38+00:00,2026-10-01T22:35:47+00:00,2
https://www.imdb.com/title/tt0210484/?ref_=sr_i_617,617. All Women Are Bad,completed,1,,2026-10-01T21:40:38+00:00,2026-10-01T22:35:38+00:00,2
https://www.imdb.com/title/tt0197214/?ref_=sr_i_618,618. Adultério à Brasileira,completed,1,,2026-10-01T21:40:38+00:00,2026-10-01T22:35:31+00:00,2
https://www.imdb.com/title/tt0064935/?ref_=sr_i_619,619. Sara Akash,completed,1,,2026-10-01T21:40:38+00:00,2026-10-01T22:35:23+00:00,2
https://www.imdb.com/title/tt0063193/?ref_=sr_i_620,620. Three Golden Serpents,completed,1,,2026-10-01T21:40:38+00:00,2026-10-01T22:35:15+00:00,2
https://www.imdb.com/title/tt0064733/?ref_=sr_i_621,621. Battle of the Japan Sea,completed,1,,2026-10-01T21:40:38+00:00,2026-10-01T22:35:05+00:00,2
https://www.imdb.com/title/tt0063586/?ref_=sr_i_622,622. Seven Times Seven,completed,1,,2026-10-01T21:40:38+00:00,2026-10-01T22:34:56+00:00,2
https://www.imdb.com/title/tt0064524/?ref_=sr_i_623,623. Juliette de Sade,completed,1,,2026-10-01T21:40:38+00:00,2026-10-01T22:34:47+00:00,2
https://www.imdb.com/title/tt0064512/?ref_=sr_i_624,624. Jigokuhen,completed,1,,2026-10-01T21:40:38+00:00,2026-10-01T22:34:40+00:00,2
https://www.imdb.com/title/tt0064290/?ref_=sr_i_625,625. L'etreinte,completed,1,,2026-10-01T21:40:38+00:00,2026-10-01T22:34:31+00:00,2
https://www.imdb.com/title/tt0064966/?ref_=sr_i_626,626. Sex and the Animals,completed,1,,2026-10-01T21:40:38+00:00,2026-10-01T22:34:23+00:00,2
https://www.imdb.com/title/tt0062884/?ref_=sr_i_627,627. Detektive,completed,1,,2026-10-01T21:40:38+00:00,2026-10-01T22:34:16+00:00,2
https://www.imdb.com/title/tt0136169/?ref_=sr_i_628,628. Erotic Center,completed,1,,2026-10-01T21:40:38+00:00,2026-10-01T22:34:07+00:00,2
https://www.imdb.com/title/tt1043859/?ref_=sr_i_629,"629. Monique, My Love",completed,1,,2026-10-01T21:40:38+00:00,2026-10-01T22:33:58+00:00,2
https://www.imdb.com/title/tt0064054/?ref_=sr_i_630,630. Baby Vickie,completed,1,,2026-10-01T21:40:38+00:00,2026-10-01T22:33:50+00:00,2
https://www.imdb.com/title/tt0065170/?ref_=sr_i_631,631. A varázsló,completed,1,,2026-10-01T21:40:38+00:00,2026-10-01T22:33:42+00:00,2
https://www.imdb.com/title/tt0133164/?ref_=sr_i_632,632. Punatukka,completed,1,,2026-10-01T21:40:38+00:00,2026-10-01T22:33:33+00:00,2
https://www.imdb.com/title/tt0275489/?ref_=sr_i_633,633. Mahal,completed,1,,2026-10-01T21:40:38+00:00,2026-10-01T22:33:25+00:00,2
https://www.imdb.com/title/tt0065071/?ref_=sr_i_634,634. Tarzan in the Golden Grotto,completed,1,,2026-10-01T21:40:38+00:00,2026-10-01T22:33:16+00:00,2
https://www.imdb.com/title/tt0064723/?ref_=sr_i_635,635. A Nice Girl Like Me,completed,1,,2026-10-01T21:40:38+00:00,2026-10-01T22:33:08+00:00,2
https://www.imdb.com/title/tt0065205/?ref_=sr_i_636,636. What's Good for the Goose,completed,1,,2026-10-01T21:40:38+00:00,2026-10-01T22:32:59+00:00,2
https://www.imdb.com/title/tt0063558/?ref_=sr_i_637,637. Scarabea - wieviel Erde braucht der Mensch?,completed,1,,2026-10-01T21:40:38+00:00,2026-10-01T22:32:50+00:00,2
https://www.imdb.com/title/tt0320394/?ref_=sr_i_638,638. Sajan,completed,1,,2026-10-01T21:40:38+00:00,2026-10-01T22:32:42+00:00,2
https://www.imdb.com/title/tt0064792/?ref_=sr_i_639,639. Passion Fever,completed,1,,2026-10-01T21:40:38+00:00,2026-10-01T22:32:32+00:00,2
https://www.imdb.com/title/tt0062100/?ref_=sr_i_640,640. Passion in Hot Hollows,completed,1,,2026-10-01T21:40:38+00:00,2026-10-01T22:32:24+00:00,2
https://www.imdb.com/title/tt0064410/?ref_=sr_i_641,641. Heintje - Ein Herz geht auf Reisen,completed,1,,2026-10-01T21:40:38+00:00,2026-10-01T22:32:16+00:00,2
https://www.imdb.com/title/tt0180614/?ref_=sr_i_642,642. Como perros y gatos,completed,1,,2026-10-01T21:40:38+00:00,2026-10-01T22:32:08+00:00,2
https://www.imdb.com/title/tt0065042/?ref_=sr_i_643,643. Strategy of Terror,completed,1,,2026-10-01T21:40:38+00:00,2026-10-01T22:31:59+00:00,2
https://www.imdb.com/title/tt0064991/?ref_=sr_i_644,644. Sisters in Leather,completed,1,,2026-10-01T21:40:38+00:00,2026-10-01T22:31:50+00:00,2
https://www.imdb.com/title/tt0064390/?ref_=sr_i_645,645. Le Grand Amour,completed,1,,2026-10-01T21:40:38+00:00,2026-10-01T22:31:41+00:00,2
https://www.imdb.com/title/tt0158375/?ref_=sr_i_646,646. Yakeen,completed,1,,2026-10-01T21:40:38+00:00,2026-10-01T22:31:32+00:00,2
https://www.imdb.com/title/tt0064637/?ref_=sr_i_647,647. Marcy,completed,1,,2026-10-01T21:40:38+00:00,2026-10-01T22:31:23+00:00,2
https://www.imdb.com/title/tt0062646/?ref_=sr_i_648,648. Al rojo vivo,completed,1,,2026-10-01T21:40:38+00:00,2026-10-01T22:31:13+00:00,2
https://www.imdb.com/title/tt0142996/?ref_=sr_i_649,649. Yakuza Law,completed,1,,2026-10-01T21:40:38+00:00,2026-10-01T22:31:05+00:00,2
https://www.imdb.com/title/tt0064846/?ref_=sr_i_650,650. Il Prof. Dott. Guido Tersilli primario della Clinica Villa Celeste convenzionata con le mutue,completed,1,,2026-10-01T21:40:38+00:00,2026-10-01T22:30:57+00:00,2
https://www.imdb.com/title/tt0195281/?ref_=sr_i_651,651. Snegurochka,completed,1,,2026-10-01T21:40:38+00:00,2026-10-01T22:30:48+00:00,2
https://www.imdb.com/title/tt0216427/?ref_=sr_i_652,652. Yellow: The Cousins,completed,1,,2026-10-01T21:40:38+00:00,2026-10-01T22:30:38+00:00,2
https://www.imdb.com/title/tt0064311/?ref_=sr_i_653,653. Fadern,completed,1,,2026-10-01T21:40:38+00:00,2026-10-01T22:30:30+00:00,2
https://www.imdb.com/title/tt0228093/?ref_=sr_i_654,654. Outlaw: Kill!,completed,1,,2026-10-01T21:40:38+00:00,2026-10-01T22:30:21+00:00,2
https://www.imdb.com/title/tt0127807/?ref_=sr_i_655,655. The Screentest Girls,completed,1,,2026-10-01T21:40:38+00:00,2026-10-01T22:30:13+00:00,2
https://www.imdb.com/title/tt0388097/?ref_=sr_i_656,656. HWY: An American Pastoral,completed,1,,2026-10-01T21:40:38+00:00,2026-10-01T22:30:05+00:00,2
https://www.imdb.com/title/tt0061771/?ref_=sr_i_657,657. El hombre de negro,completed,1,,2026-10-01T21:40:38+00:00,2026-10-01T22:29:57+00:00,2
https://www.imdb.com/title/tt0250308/?ref_=sr_i_658,658. Con licencia para matar,completed,1,,2026-10-01T21:40:38+00:00,2026-10-01T22:29:47+00:00,2
https://www.imdb.com/title/tt0065043/?ref_=sr_i_659,659. The Structure of Crystal,completed,1,,2026-10-01T21:40:38+00:00,2026-10-01T22:29:39+00:00,2
https://www.imdb.com/title/tt0148539/?ref_=sr_i_660,660. Night of the Serpent,completed,1,,2026-10-01T21:40:38+00:00,2026-10-01T22:29:30+00:00,2
https://www.imdb.com/title/tt0065209/?ref_=sr_i_661,661. Where's Jack?,completed,1,,2026-10-01T21:40:38+00:00,2026-10-01T22:29:20+00:00,2
https://www.imdb.com/title/tt0236381/?ref_=sr_i_662,662. I Blame My Body,completed,1,,2026-10-01T21:40:38+00:00,2026-10-01T22:29:09+00:00,2
https://www.imdb.com/title/tt0181180/?ref_=sr_i_663,663. The Walled In,completed,1,,2026-10-01T21:40:38+00:00,2026-10-01T22:29:01+00:00,2
https://www.imdb.com/title/tt0065144/?ref_=sr_i_664,664. Kill Rommel!,completed,1,,2026-10-01T21:40:38+00:00,2026-10-01T22:28:53+00:00,2
https://www.imdb.com/title/tt0175788/?ref_=sr_i_665,665. Jigri Dost,completed,1,,2026-10-01T21:40:38+00:00,2026-10-01T22:28:44+00:00,2
https://www.imdb.com/title/tt0158078/?ref_=sr_i_666,666. Pensando a te,completed,1,,2026-10-01T21:40:38+00:00,2026-10-01T22:28:36+00:00,2
https://www.imdb.com/title/tt0063015/?ref_=sr_i_667,667. Ich betone oben ohne - Das Go Go Girl vom Blow Up,completed,1,,2026-10-01T21:40:38+00:00,2026-10-01T22:28:27+00:00,2
https://www.imdb.com/title/tt0064640/?ref_=sr_i_668,668. A Married Couple,completed,1,,2026-10-01T21:40:38+00:00,2026-10-01T22:28:20+00:00,2
https://www.imdb.com/title/tt0064593/?ref_=sr_i_669,669. The Virgin's Bed,completed,1,,2026-10-01T21:40:38+00:00,2026-10-01T22:28:12+00:00,2
https://www.imdb.com/title/tt0126805/?ref_=sr_i_670,670. Back and Forth,completed,1,,2026-10-01T21:40:38+00:00,2026-10-01T22:28:04+00:00,2
https://www.imdb.com/title/tt0064769/?ref_=sr_i_671,671. The Lion Is Ready to Jump,completed,1,,2026-10-01T21:40:38+00:00,2026-10-01T22:27:56+00:00,2
https://www.imdb.com/title/tt0063974/?ref_=sr_i_672,672. 36 ore all'inferno,completed,1,,2026-10-01T21:40:38+00:00,2026-10-01T22:27:47+00:00,2
https://www.imdb.com/title/tt0200564/?ref_=sr_i_673,673. The Teacher with the Blonde Hair,completed,1,,2026-10-01T21:40:38+00:00,2026-10-01T22:27:38+00:00,2
https://www.imdb.com/title/tt0209350/?ref_=sr_i_674,674. Lo stato d'assedio,completed,1,,2026-10-01T21:40:38+00:00,2026-10-01T22:27:29+00:00,2
https://www.imdb.com/title/tt0064271/?ref_=sr_i_675,675. Le désirable et le sublime,completed,1,,2026-10-01T21:40:38+00:00,2026-10-01T22:27:20+00:00,2
https://www.imdb.com/title/tt0064634/?ref_=sr_i_676,"676. Maruhi gekiga, ukiyoe senichiya",completed,1,,2026-10-01T21:40:38+00:00,2026-10-01T22:27:13+00:00,2
https://www.imdb.com/title/tt0227465/?ref_=sr_i_677,677. Sexual Play,completed,1,,2026-10-01T21:40:38+00:00,2026-10-01T22:27:04+00:00,2
https://www.imdb.com/title/tt0065199/?ref_=sr_i_678,678. Weekend Lovers,completed,1,,2026-10-01T21:40:38+00:00,2026-10-01T22:26:56+00:00,2
https://www.imdb.com/title/tt0064275/?ref_=sr_i_679,679. Four Came to Kill Sartana,completed,1,,2026-10-01T21:40:38+00:00,2026-10-01T22:26:48+00:00,2
https://www.imdb.com/title/tt0180801/?ref_=sr_i_680,680. Ljubav i poneka psovka,completed,1,,2026-10-01T21:40:38+00:00,2026-10-01T22:26:40+00:00,2
https://www.imdb.com/title/tt0273447/?ref_=sr_i_681,681. Las aventuras de Juliancito,completed,1,,2026-10-01T21:40:38+00:00,2026-10-01T22:26:30+00:00,2
https://www.imdb.com/title/tt0064619/?ref_=sr_i_682,682. Made in Sweden,completed,1,,2026-10-01T21:40:38+00:00,2026-10-01T22:26:22+00:00,2
https://www.imdb.com/title/tt0064947/?ref_=sr_i_683,683. Scratch Harry,completed,1,,2026-10-01T21:40:38+00:00,2026-10-01T22:26:14+00:00,2
https://www.imdb.com/title/tt0064281/?ref_=sr_i_684,684. Safari 5000,completed,1,,2026-10-01T21:40:38+00:00,2026-10-01T22:26:05+00:00,2
https://www.imdb.com/title/tt0064407/?ref_=sr_i_685,685. Harry Munter,completed,1,,2026-10-01T21:40:38+00:00,2026-10-01T22:25:56+00:00,2
https://www.imdb.com/title/tt0065249/?ref_=sr_i_686,"686. The Avenger, Zorro",completed,1,,2026-10-01T21:40:38+00:00,2026-10-01T22:25:48+00:00,2
https://www.imdb.com/title/tt0276538/?ref_=sr_i_687,687. Summer of '69,completed,1,,2026-10-01T21:40:38+00:00,2026-10-01T22:25:40+00:00,2
https://www.imdb.com/title/tt0165552/?ref_=sr_i_688,688. The Oiwa Phantom,completed,1,,2026-10-01T21:40:38+00:00,2026-10-01T22:25:32+00:00,2
https://www.imdb.com/title/tt0064958/?ref_=sr_i_689,689. Thousand Cranes,completed,1,,2026-10-01T21:40:38+00:00,2026-10-01T22:25:24+00:00,2
https://www.imdb.com/title/tt0064605/?ref_=sr_i_690,690. Love Feast,completed,1,,2026-10-01T21:40:38+00:00,2026-10-01T22:25:16+00:00,2
https://www.imdb.com/title/tt0064488/?ref_=sr_i_691,691. Interrabang,completed,1,,2026-10-01T21:40:38+00:00,2026-10-01T22:25:09+00:00,2
https://www.imdb.com/title/tt0065156/?ref_=sr_i_692,692. Unser Doktor ist der Beste,completed,1,,2026-10-01T21:40:38+00:00,2026-10-01T22:25:01+00:00,2
https://www.imdb.com/title/tt0063574/?ref_=sr_i_693,693. Las secretarias,completed,1,,2026-10-01T21:40:38+00:00,2026-10-01T22:24:53+00:00,2
https://www.imdb.com/title/tt0314658/?ref_=sr_i_694,694. Bit of Fear,completed,1,,2026-10-01T21:40:38+00:00,2026-10-01T22:24:44+00:00,2
https://www.imdb.com/title/tt0065187/?ref_=sr_i_695,"695. Vodkaa, komisario Palmu",completed,1,,2026-10-01T21:40:38+00:00,2026-10-01T22:24:36+00:00,2
https://www.imdb.com/title/tt0388831/?ref_=sr_i_696,696. A Thousand Year-Old Fox,completed,1,,2026-10-01T21:40:38+00:00,2026-10-01T22:24:27+00:00,2
https://www.imdb.com/title/tt0064244/?ref_=sr_i_697,697. Doli,completed,1,,2026-10-01T21:40:38+00:00,2026-10-01T22:24:19+00:00,2
https://www.imdb.com/title/tt0064288/?ref_=sr_i_698,698. Up the Establishment!,completed,1,,2026-10-01T21:40:38+00:00,2026-10-01T22:24:10+00:00,2
https://www.imdb.com/title/tt0274463/?ref_=sr_i_699,699. The Right Hand of the Grand Master,completed,1,,2026-10-01T21:40:38+00:00,2026-10-01T22:24:01+00:00,2
https://www.imdb.com/title/tt0163974/?ref_=sr_i_700,700. The Archangel,completed,1,,2026-10-01T21:40:38+00:00,2026-10-01T22:23:52+00:00,2
https://www.imdb.com/title/tt0174260/?ref_=sr_i_701,701. A Taste of Hot Lead,completed,1,,2026-10-01T21:40:38+00:00,2026-10-01T22:23:43+00:00,2
https://www.imdb.com/title/tt0230382/?ref_=sr_i_702,702. Judy's Little No-No,completed,1,,2026-10-01T21:40:38+00:00,2026-10-01T22:23:35+00:00,2
https://www.imdb.com/title/tt0064737/?ref_=sr_i_703,703. No importa morir,completed,1,,2026-10-01T21:40:38+00:00,2026-10-01T22:23:27+00:00,2
https://www.imdb.com/title/tt0064631/?ref_=sr_i_704,704. The Man Who Thought Life,completed,1,,2026-10-01T21:40:38+00:00,2026-10-01T22:23:18+00:00,2
https://www.imdb.com/title/tt0144232/?ref_=sr_i_705,705. Helga und die Männer - Die sexuelle Revolution,completed,1,,2026-10-01T21:40:38+00:00,2026-10-01T22:23:09+00:00,2
https://www.imdb.com/title/tt0064662/?ref_=sr_i_706,706. Man on Horseback,completed,1,,2026-10-01T21:40:38+00:00,2026-10-01T22:23:01+00:00,2
https://www.imdb.com/title/tt0167869/?ref_=sr_i_707,707. The Wretched of the Earth,completed,1,,2026-10-01T21:40:38+00:00,2026-10-01T22:22:51+00:00,2
https://www.imdb.com/title/tt0261808/?ref_=sr_i_708,708. Láska neláskavá,completed,1,,2026-10-01T21:40:38+00:00,2026-10-01T22:22:44+00:00,2
https://www.imdb.com/title/tt2199770/?ref_=sr_i_709,709. The Captives,completed,1,,2026-10-01T21:40:38+00:00,2026-10-01T22:22:36+00:00,2
https://www.imdb.com/title/tt0400464/?ref_=sr_i_710,710. The Girl Who Returned,completed,1,,2026-10-01T21:40:38+00:00,2026-10-01T22:22:27+00:00,2
https://www.imdb.com/title/tt0064441/?ref_=sr_i_711,711. La hora de los niños,completed,1,,2026-10-01T21:40:38+00:00,2026-10-01T22:22:20+00:00,2
https://www.imdb.com/title/tt0192107/?ref_=sr_i_712,712. Hao xia zhuan,completed,1,,2026-10-01T21:40:38+00:00,2026-10-01T22:22:11+00:00,2
https://www.imdb.com/title/tt0062655/?ref_=sr_i_713,713. The Bandit,completed,1,,2026-10-01T21:40:38+00:00,2026-10-01T22:22:01+00:00,2
https://www.imdb.com/title/tt0063118/?ref_=sr_i_714,714. I Want You!,completed,1,,2026-10-01T21:40:38+00:00,2026-10-01T22:21:52+00:00,2
https://www.imdb.com/title/tt0312935/?ref_=sr_i_715,715. La maestra inolvidable,completed,1,,2026-10-01T21:40:38+00:00,2026-10-01T22:21:44+00:00,2
https://www.imdb.com/title/tt0201768/?ref_=sr_i_716,"716. Watch Out, Crimson Bat!",completed,1,,2026-10-01T21:40:38+00:00,2026-10-01T22:21:36+00:00,2
https://www.imdb.com/title/tt0131200/?ref_=sr_i_717,717. Over 18... and Ready!,completed,1,,2026-10-01T21:40:38+00:00,2026-10-01T22:21:28+00:00,2
https://www.imdb.com/title/tt0276368/?ref_=sr_i_718,718. Obscene House,completed,1,,2026-10-01T21:40:38+00:00,2026-10-01T22:21:19+00:00,2
https://www.imdb.com/title/tt0064268/?ref_=sr_i_719,719. A Nest of Gentry,completed,1,,2026-10-01T21:40:38+00:00,2026-10-01T22:21:10+00:00,2
https://www.imdb.com/title/tt0063980/?ref_=sr_i_720,720. The Abnormal Female,completed,1,,2026-10-01T21:40:38+00:00,2026-10-01T22:21:01+00:00,2
https://www.imdb.com/title/tt0216660/?ref_=sr_i_721,721. Dare the Devil,completed,1,,2026-10-01T21:40:38+00:00,2026-10-01T22:20:54+00:00,2
https://www.imdb.com/title/tt0064658/?ref_=sr_i_722,722. Meri Bhabhi,completed,1,,2026-10-01T21:40:38+00:00,2026-10-01T22:20:46+00:00,2
https://www.imdb.com/title/tt0271183/?ref_=sr_i_723,723. Sin in '69,completed,1,,2026-10-01T21:40:38+00:00,2026-10-01T22:20:37+00:00,2
https://www.imdb.com/title/tt0065987/?ref_=sr_i_724,724. Handcuffs,completed,1,,2026-10-01T21:40:38+00:00,2026-10-01T22:20:28+00:00,2
https://www.imdb.com/title/tt0065172/?ref_=sr_i_725,725. Vengeance Is a Golden Blade,completed,1,,2026-10-01T21:40:38+00:00,2026-10-01T22:20:19+00:00,2
https://www.imdb.com/title/tt0316521/?ref_=sr_i_726,726. Sachaai,completed,1,,2026-10-01T21:40:38+00:00,2026-10-01T22:20:10+00:00,2
https://www.imdb.com/title/tt0064592/?ref_=sr_i_727,727. Lisa dagli occhi blu,completed,1,,2026-10-01T21:40:38+00:00,2026-10-01T22:20:01+00:00,2
https://www.imdb.com/title/tt0218238/?ref_=sr_i_728,728. The Filth Shop,completed,1,,2026-10-01T21:40:38+00:00,2026-10-01T22:19:53+00:00,2
https://www.imdb.com/title/tt0064979/?ref_=sr_i_729,729. School of Fear,completed,1,,2026-10-01T21:40:38+00:00,2026-10-01T22:19:45+00:00,2
https://www.imdb.com/title/tt0188253/?ref_=sr_i_730,730. Trois hommes sur un cheval,completed,1,,2026-10-01T21:40:38+00:00,2026-10-01T22:19:35+00:00,2
https://www.imdb.com/title/tt0067096/?ref_=sr_i_731,731. Las fieras,completed,1,,2026-10-01T21:40:38+00:00,2026-10-01T22:19:26+00:00,2
https://www.imdb.com/title/tt3608196/?ref_=sr_i_732,732. The Sex Trip,completed,1,,2026-10-01T21:40:38+00:00,2026-10-01T22:19:17+00:00,2
https://www.imdb.com/title/tt0061206/?ref_=sr_i_733,733. Yeh Raat Phir Na Aaygi,completed,1,,2026-10-01T21:40:38+00:00,2026-10-01T22:19:10+00:00,2
https://www.imdb.com/title/tt0064483/?ref_=sr_i_734,"734. Indian Raid, Indian Made",completed,1,,2026-10-01T21:40:38+00:00,2026-10-01T22:19:01+00:00,2
https://www.imdb.com/title/tt0274931/?ref_=sr_i_735,735. Tarkan,completed,1,,2026-10-01T21:40:38+00:00,2026-10-01T22:18:53+00:00,2
https://www.imdb.com/title/tt0303154/?ref_=sr_i_736,736. Trampa para un cadáver,completed,1,,2026-10-01T21:40:38+00:00,2026-10-01T22:18:44+00:00,2
https://www.imdb.com/title/tt0063989/?ref_=sr_i_737,737. Africa segreta,completed,1,,2026-10-01T21:40:38+00:00,2026-10-01T22:18:35+00:00,2
https://www.imdb.com/title/tt0187080/?ref_=sr_i_738,738. The Fort of Death,completed,1,,2026-10-01T21:40:38+00:00,2026-10-01T22:18:27+00:00,2
https://www.imdb.com/title/tt0140840/?ref_=sr_i_739,739. La battaglia dell'ultimo panzer,completed,1,,2026-10-01T21:40:38+00:00,2026-10-01T22:18:18+00:00,2
https://www.imdb.com/title/tt0062875/?ref_=sr_i_740,740. Los desafíos,completed,1,,2026-10-01T21:40:38+00:00,2026-10-01T22:18:10+00:00,2
https://www.imdb.com/title/tt0124321/?ref_=sr_i_741,741. Il commissario Pepe,completed,1,,2026-10-01T21:40:38+00:00,2026-10-01T22:18:01+00:00,2
https://www.imdb.com/title/tt0064847/?ref_=sr_i_742,742. Prologue,completed,1,,2026-10-01T21:40:38+00:00,2026-10-01T22:17:53+00:00,2
https://www.imdb.com/title/tt0134862/?ref_=sr_i_743,743. Näköradiomiehen ihmeelliset siekailut,completed,1,,2026-10-01T21:40:38+00:00,2026-10-01T22:17:42+00:00,2
https://www.imdb.com/title/tt0064620/?ref_=sr_i_744,744. Honeycomb,completed,1,,2026-10-01T21:40:38+00:00,2026-10-01T22:17:33+00:00,2
https://www.imdb.com/title/tt0065183/?ref_=sr_i_745,745. Vita segreta di una diciottenne,completed,1,,2026-10-01T21:40:38+00:00,2026-10-01T22:17:24+00:00,2
https://www.imdb.com/title/tt0148575/?ref_=sr_i_746,746. Paisa Ya Pyar,completed,1,,2026-10-01T21:40:38+00:00,2026-10-01T22:17:17+00:00,2
https://www.imdb.com/title/tt0063333/?ref_=sr_i_747,747. At War as at War,completed,1,,2026-10-01T21:40:38+00:00,2026-10-01T22:17:08+00:00,2
https://www.imdb.com/title/tt0433932/?ref_=sr_i_748,748. Cingöz Recai,completed,1,,2026-10-01T21:40:38+00:00,2026-10-01T22:16:59+00:00,2
https://www.imdb.com/title/tt0064337/?ref_=sr_i_749,749. The Flying Dagger,completed,1,,2026-10-01T21:40:38+00:00,2026-10-01T22:16:51+00:00,2
https://www.imdb.com/title/tt0232585/?ref_=sr_i_750,750. Sapnon Ka Saudagar,completed,1,,2026-10-01T21:40:38+00:00,2026-10-01T22:16:42+00:00,2
https://www.imdb.com/title/tt0064869/?ref_=sr_i_751,751. Quintana: Dead or Alive,completed,1,,2026-10-01T21:40:38+00:00,2026-10-01T22:16:34+00:00,2
https://www.imdb.com/title/tt0371636/?ref_=sr_i_752,752. Dil Ne Phir Yaad Kiya,completed,1,,2026-10-01T21:40:38+00:00,2026-10-01T22:16:25+00:00,2
https://www.imdb.com/title/tt0063640/?ref_=sr_i_753,753. Season of the Senses,completed,1,,2026-10-01T21:40:38+00:00,2026-10-01T22:16:17+00:00,2
https://www.imdb.com/title/tt0184950/?ref_=sr_i_754,"754. Thou-Vou Bald Agent, Operation Havoc",completed,1,,2026-10-01T21:40:38+00:00,2026-10-01T22:16:09+00:00,2
https://www.imdb.com/title/tt0124969/?ref_=sr_i_755,755. 322,completed,1,,2026-10-01T21:40:38+00:00,2026-10-01T22:15:59+00:00,2
https://www.imdb.com/title/tt0244474/?ref_=sr_i_756,756. El criado malcriado,completed,1,,2026-10-01T21:40:38+00:00,2026-10-01T22:15:50+00:00,2
https://www.imdb.com/title/tt0236264/?ref_=sr_i_757,757. La gran aventura,completed,1,,2026-10-01T21:40:38+00:00,2026-10-01T22:15:41+00:00,2
https://www.imdb.com/title/tt0430879/?ref_=sr_i_758,758. Aglama Degmez Hayat,completed,1,,2026-10-01T21:40:38+00:00,2026-10-01T22:15:33+00:00,2
https://www.imdb.com/title/tt0198914/?ref_=sr_i_759,759. Playgirl 70,completed,2,,2026-10-01T22:59:38+00:00,2026-10-01T22:59:55+00:00,2
https://www.imdb.com/title/tt0145777/?ref_=sr_i_760,760. Flashback,completed,2,,2026-10-01T22:59:38+00:00,2026-10-01T23:00:05+00:00,2
https://www.imdb.com/title/tt0063472/?ref_=sr_i_761,761. Pudelnackt in Oberbayern,completed,2,,2026-10-01T22:59:38+00:00,2026-10-01T23:00:11+00:00,2
https://www.imdb.com/title/tt0063994/?ref_=sr_i_762,762. Aido: Slave of Love,completed,1,,2026-10-01T21:40:38+00:00,2026-10-01T22:14:54+00:00,2
https://www.imdb.com/title/tt0179130/?ref_=sr_i_763,763. Children's Games,completed,1,,2026-10-01T21:40:38+00:00,2026-10-01T22:14:46+00:00,2
https://www.imdb.com/title/tt0064318/?ref_=sr_i_764,764. Farlig sommer,completed,1,,2026-10-01T21:40:38+00:00,2026-10-01T22:14:39+00:00,2
https://www.imdb.com/title/tt0126080/?ref_=sr_i_765,765. Stine og drengene,completed,1,,2026-10-01T21:40:38+00:00,2026-10-01T22:14:30+00:00,2
https://www.imdb.com/title/tt0058968/?ref_=sr_i_766,766. Big Daddy,completed,1,,2026-10-01T21:40:38+00:00,2026-10-01T22:14:22+00:00,2
https://www.imdb.com/title/tt0288863/?ref_=sr_i_767,767. Veinticuatro horas de vida,completed,1,,2026-10-01T21:40:38+00:00,2026-10-01T22:14:14+00:00,2
https://www.imdb.com/title/tt0064249/?ref_=sr_i_768,768. La donna invisibile,completed,1,,2026-10-01T21:40:38+00:00,2026-10-01T22:14:06+00:00,2
https://www.imdb.com/title/tt0194255/?ref_=sr_i_769,769. Plagio,completed,1,,2026-10-01T21:40:38+00:00,2026-10-01T22:13:55+00:00,2
https://www.imdb.com/title/tt0064348/?ref_=sr_i_770,770. From Nashville with Music,completed,1,,2026-10-01T21:40:38+00:00,2026-10-01T22:13:48+00:00,2
https://www.imdb.com/title/tt0260288/?ref_=sr_i_771,771. Popdown,completed,1,,2026-10-01T21:40:38+00:00,2026-10-01T22:13:40+00:00,2
https://www.imdb.com/title/tt0064164/?ref_=sr_i_772,772. Chirag,completed,1,,2026-10-01T21:40:38+00:00,2026-10-01T22:13:32+00:00,2
https://www.imdb.com/title/tt0065252/?ref_=sr_i_773,773. ¡Viva América!,completed,1,,2026-10-01T21:40:38+00:00,2026-10-01T22:13:23+00:00,2
https://www.imdb.com/title/tt0366666/?ref_=sr_i_774,774. Katrina,completed,1,,2026-10-01T21:40:38+00:00,2026-10-01T22:13:13+00:00,2
https://www.imdb.com/title/tt0279903/?ref_=sr_i_775,775. Kinali Yapincak,completed,1,,2026-10-01T21:40:38+00:00,2026-10-01T22:13:04+00:00,2
https://www.imdb.com/title/tt0379374/?ref_=sr_i_776,776. The Master-Piece!,completed,1,,2026-10-01T21:40:38+00:00,2026-10-01T22:12:55+00:00,2
https://www.imdb.com/title/tt0064272/?ref_=sr_i_777,"777. Destroy, She Said",completed,1,,2026-10-01T21:40:38+00:00,2026-10-01T22:12:46+00:00,2
https://www.imdb.com/title/tt0210339/?ref_=sr_i_778,778. Temptation,completed,1,,2026-10-01T21:40:38+00:00,2026-10-01T22:12:38+00:00,2
https://www.imdb.com/title/tt0064722/?ref_=sr_i_779,779. You're Lying!,completed,1,,2026-10-01T21:40:38+00:00,2026-10-01T22:12:30+00:00,2
https://www.imdb.com/title/tt0062648/?ref_=sr_i_780,780. Algo amargo en la boca,completed,1,,2026-10-01T21:40:38+00:00,2026-10-01T22:12:20+00:00,2
https://www.imdb.com/title/tt5592298/?ref_=sr_i_781,781. Storm Over the Yangtse River,completed,1,,2026-10-01T21:40:38+00:00,2026-10-01T22:12:12+00:00,2
https://www.imdb.com/title/tt0321614/?ref_=sr_i_782,782. La casa de las muchachas,completed,1,,2026-10-01T21:40:38+00:00,2026-10-01T22:12:03+00:00,2
https://www.imdb.com/title/tt1914209/?ref_=sr_i_783,783. Gambler's Life: Unstoppable Bloodbath,completed,1,,2026-10-01T21:40:38+00:00,2026-10-01T22:11:55+00:00,2
https://www.imdb.com/title/tt0171903/?ref_=sr_i_784,784. Times Without War,completed,1,,2026-10-01T21:40:38+00:00,2026-10-01T22:11:45+00:00,2
https://www.imdb.com/title/tt0155530/?ref_=sr_i_785,785. Bandhan,completed,1,,2026-10-01T21:40:38+00:00,2026-10-01T22:11:37+00:00,2
https://www.imdb.com/title/tt0280964/?ref_=sr_i_786,786. Mujeres de medianoche,completed,1,,2026-10-01T21:40:38+00:00,2026-10-01T22:11:27+00:00,2
https://www.imdb.com/title/tt0242706/?ref_=sr_i_787,787. La muñeca perversa,completed,1,,2026-10-01T21:40:38+00:00,2026-10-01T22:11:19+00:00,2
https://www.imdb.com/title/tt0192993/?ref_=sr_i_788,788. Aç Kurtlar,completed,1,,2026-10-01T21:40:38+00:00,2026-10-01T22:11:10+00:00,2
https://www.imdb.com/title/tt0064023/?ref_=sr_i_789,789. L'Américain,completed,1,,2026-10-01T21:40:38+00:00,2026-10-01T22:11:02+00:00,2
https://www.imdb.com/title/tt0219759/?ref_=sr_i_790,790. Hedonistic Pleasures,completed,1,,2026-10-01T21:40:38+00:00,2026-10-01T22:10:53+00:00,2
https://www.imdb.com/title/tt0063630/?ref_=sr_i_791,791. Under the Sign of the Bull,completed,1,,2026-10-01T21:40:38+00:00,2026-10-01T22:10:45+00:00,2
https://www.imdb.com/title/tt0136111/?ref_=sr_i_792,"792. Eat, Drink and Make Merrie",completed,1,,2026-10-01T21:40:38+00:00,2026-10-01T22:10:37+00:00,2
https://www.imdb.com/title/tt0158113/?ref_=sr_i_793,"793. Primer Festival de Mortadelo y Filemón, agencia de información",completed,1,,2026-10-01T21:40:38+00:00,2026-10-01T22:10:28+00:00,2
https://www.imdb.com/title/tt0328223/?ref_=sr_i_794,794. L'opium et le bâton,completed,1,,2026-10-01T21:40:38+00:00,2026-10-01T22:10:19+00:00,2
https://www.imdb.com/title/tt0128974/?ref_=sr_i_795,795. Brief Season,completed,1,,2026-10-01T21:40:38+00:00,2026-10-01T22:10:11+00:00,2
https://www.imdb.com/title/tt0065504/?ref_=sr_i_796,796. The Bushbaby,completed,1,,2026-10-01T21:40:38+00:00,2026-10-01T22:10:03+00:00,2
https://www.imdb.com/title/tt0065251/?ref_=sr_i_797,797. ¡¡Se armó el belén!!,completed,1,,2026-10-01T21:40:38+00:00,2026-10-01T22:09:54+00:00,2
https://www.imdb.com/title/tt0061769/?ref_=sr_i_798,798. Trafic de filles,completed,1,,2026-10-01T21:40:38+00:00,2026-10-01T22:09:46+00:00,2
https://www.imdb.com/title/tt0064153/?ref_=sr_i_799,"799. Charles, Dead or Alive",completed,1,,2026-10-01T21:40:38+00:00,2026-10-01T22:09:35+00:00,2
https://www.imdb.com/title/tt0317056/?ref_=sr_i_800,800. Adimai Penn,completed,1,,2026-10-01T21:40:38+00:00,2026-10-01T22:09:26+00:00,2
https://www.imdb.com/title/tt0065247/?ref_=sr_i_801,801. Zorro in the Court of England,completed,1,,2026-10-01T21:40:38+00:00,2026-10-01T22:09:17+00:00,2
https://www.imdb.com/title/tt0323886/?ref_=sr_i_802,802. Santa,completed,1,,2026-10-01T21:40:38+00:00,2026-10-01T22:09:09+00:00,2
https://www.imdb.com/title/tt0190165/?ref_=sr_i_803,803. Oswalt Kolle - Zum Beispiel: Ehebruch,completed,1,,2026-10-01T21:40:38+00:00,2026-10-01T22:09:00+00:00,2
https://www.imdb.com/title/tt0222807/?ref_=sr_i_804,804. The Best Damn Fiddler from Calabogie to Kaladar,completed,1,,2026-10-01T21:40:38+00:00,2026-10-01T22:08:53+00:00,2
https://www.imdb.com/title/tt0062255/?ref_=sr_i_805,805. Madame Death,completed,1,,2026-10-01T21:40:38+00:00,2026-10-01T22:08:46+00:00,2
https://www.imdb.com/title/tt0064671/?ref_=sr_i_806,806. Miss and Mrs Sweden,completed,1,,2026-10-01T21:40:38+00:00,2026-10-01T22:08:38+00:00,2
https://www.imdb.com/title/tt0064911/?ref_=sr_i_807,"807. Run, Angel, Run!",completed,1,,2026-10-01T21:40:38+00:00,2026-10-01T22:08:28+00:00,2
https://www.imdb.com/title/tt0064428/?ref_=sr_i_808,808. Red Peony Gambler: Here Comes Oryu,completed,1,,2026-10-01T21:40:38+00:00,2026-10-01T22:08:19+00:00,2
https://www.imdb.com/title/tt0123844/?ref_=sr_i_809,"809. Franco, Ciccio and Blackbeard the Pirate",completed,1,,2026-10-01T21:40:38+00:00,2026-10-01T22:08:11+00:00,2
https://www.imdb.com/title/tt0429107/?ref_=sr_i_810,810. Son Mektup,completed,1,,2026-10-01T21:40:38+00:00,2026-10-01T22:08:02+00:00,2
https://www.imdb.com/title/tt0435054/?ref_=sr_i_811,811. Insanlar Yasadikça,completed,1,,2026-10-01T21:40:38+00:00,2026-10-01T22:07:53+00:00,2
https://www.imdb.com/title/tt0183467/?ref_=sr_i_812,812. Il magnaccio,completed,1,,2026-10-01T21:40:38+00:00,2026-10-01T22:07:44+00:00,2
https://www.imdb.com/title/tt2629506/?ref_=sr_i_813,813. To Build a Fire,completed,1,,2026-10-01T21:40:38+00:00,2026-10-01T22:07:36+00:00,2
https://www.imdb.com/title/tt0179509/?ref_=sr_i_814,814. Wedding Night,completed,1,,2026-10-01T21:40:38+00:00,2026-10-01T22:07:29+00:00,2
https://www.imdb.com/title/tt0064021/?ref_=sr_i_815,"815. L'amour c'est gai, l'amour c'est triste",completed,1,,2026-10-01T21:40:38+00:00,2026-10-01T22:07:21+00:00,2
https://www.imdb.com/title/tt0062934/?ref_=sr_i_816,816. Enigma de muerte,completed,1,,2026-10-01T21:40:38+00:00,2026-10-01T22:07:12+00:00,2
https://www.imdb.com/title/tt0299136/?ref_=sr_i_817,817. Shanghai Blues,completed,1,,2026-10-01T21:40:38+00:00,2026-10-01T22:07:03+00:00,2
https://www.imdb.com/title/tt0282638/?ref_=sr_i_818,818. El jibarito Rafael,completed,1,,2026-10-01T21:40:38+00:00,2026-10-01T22:06:56+00:00,2
https://www.imdb.com/title/tt1165286/?ref_=sr_i_819,819. Harry Hooton,completed,1,,2026-10-01T21:40:38+00:00,2026-10-01T22:06:48+00:00,2
https://www.imdb.com/title/tt8912556/?ref_=sr_i_820,820. Sex Collector: Momo giri-ma,completed,1,,2026-10-01T21:40:38+00:00,2026-10-01T22:06:40+00:00,2
https://www.imdb.com/title/tt0318114/?ref_=sr_i_821,821. Teen Bhubaner Parey,completed,1,,2026-10-01T21:40:38+00:00,2026-10-01T22:06:29+00:00,2
https://www.imdb.com/title/tt0121656/?ref_=sr_i_822,822. El profesor hippie,completed,1,,2026-10-01T21:40:38+00:00,2026-10-01T22:06:21+00:00,2
https://www.imdb.com/title/tt0064419/?ref_=sr_i_823,823. Henry's Night In,completed,1,,2026-10-01T21:40:38+00:00,2026-10-01T22:06:13+00:00,2
https://www.imdb.com/title/tt0064008/?ref_=sr_i_824,824. The Queer... The Erotic,completed,1,,2026-10-01T21:40:38+00:00,2026-10-01T22:06:06+00:00,2
https://www.imdb.com/title/tt0065264/?ref_=sr_i_825,825. The House of Missing Girls,completed,1,,2026-10-01T21:40:38+00:00,2026-10-01T22:05:57+00:00,2
https://www.imdb.com/title/tt0066085/?ref_=sr_i_826,826. Santo Faces Death,completed,1,,2026-10-01T21:40:38+00:00,2026-10-01T22:05:48+00:00,2
https://www.imdb.com/title/tt0063075/?ref_=sr_i_827,827. Binding Sentiments,completed,1,,2026-10-01T21:40:38+00:00,2026-10-01T22:05:39+00:00,2
https://www.imdb.com/title/tt0203168/?ref_=sr_i_828,828. Todo por nada,completed,1,,2026-10-01T21:40:38+00:00,2026-10-01T22:05:30+00:00,2
https://www.imdb.com/title/tt0064870/?ref_=sr_i_829,829. Gangsters' Law,completed,1,,2026-10-01T21:40:38+00:00,2026-10-01T22:05:19+00:00,2
https://www.imdb.com/title/tt0063083/?ref_=sr_i_830,830. A Bullet for Rommel,completed,1,,2026-10-01T21:40:38+00:00,2026-10-01T22:05:10+00:00,2
https://www.imdb.com/title/tt0396437/?ref_=sr_i_831,831. The Devil and the Beauty,completed,1,,2026-10-01T21:40:38+00:00,2026-10-01T22:05:02+00:00,2
https://www.imdb.com/title/tt0197683/?ref_=sr_i_832,832. The Mind Blowers,completed,1,,2026-10-01T21:40:38+00:00,2026-10-01T22:04:53+00:00,2
https://www.imdb.com/title/tt0063983/?ref_=sr_i_833,833. Abuelo Made in Spain,completed,1,,2026-10-01T21:40:38+00:00,2026-10-01T22:04:44+00:00,2
https://www.imdb.com/title/tt0124545/?ref_=sr_i_834,834. The Scarlet Lady,completed,1,,2026-10-01T21:40:38+00:00,2026-10-01T22:04:33+00:00,2
https://www.imdb.com/title/tt0178490/?ref_=sr_i_835,835. Youth March,completed,1,,2026-10-01T21:40:38+00:00,2026-10-01T22:04:24+00:00,2
https://www.imdb.com/title/tt0064578/?ref_=sr_i_836,836. Las Leandras,completed,1,,2026-10-01T21:40:38+00:00,2026-10-01T22:04:15+00:00,2
https://www.imdb.com/title/tt0278999/?ref_=sr_i_837,837. Büyük Yemin,completed,1,,2026-10-01T21:40:38+00:00,2026-10-01T22:04:06+00:00,2
https://www.imdb.com/title/tt0251881/?ref_=sr_i_838,838. Abi foq al-Shagara,completed,1,,2026-10-01T21:40:38+00:00,2026-10-01T22:03:58+00:00,2
https://www.imdb.com/title/tt0198876/?ref_=sr_i_839,839. Hour X Suicide Patrol,completed,1,,2026-10-01T21:40:38+00:00,2026-10-01T22:03:49+00:00,2
https://www.imdb.com/title/tt0204682/?ref_=sr_i_840,840. To... thyma,completed,1,,2026-10-01T21:40:38+00:00,2026-10-01T22:03:40+00:00,2
https://www.imdb.com/title/tt0065136/?ref_=sr_i_841,841. Tylko umarly odpowie,completed,1,,2026-10-01T21:40:38+00:00,2026-10-01T22:03:31+00:00,2
https://www.imdb.com/title/tt0181014/?ref_=sr_i_842,842. Somos novios,completed,1,,2026-10-01T21:40:38+00:00,2026-10-01T22:03:21+00:00,2
https://www.imdb.com/title/tt0201767/?ref_=sr_i_843,843. Blind Swordswoman: Hellish Skin,completed,1,,2026-10-01T21:40:38+00:00,2026-10-01T22:03:12+00:00,2
https://www.imdb.com/title/tt0138764/?ref_=sr_i_844,844. A Time of Roses,completed,1,,2026-10-01T21:40:38+00:00,2026-10-01T22:03:04+00:00,2
https://www.imdb.com/title/tt0215713/?ref_=sr_i_845,845. Dharti Kahe Pukar Ke,completed,1,,2026-10-01T21:40:38+00:00,2026-10-01T22:02:55+00:00,2
https://www.imdb.com/title/tt0062923/?ref_=sr_i_846,846. Ecce Homo - I sopravvissuti,completed,1,,2026-10-01T21:40:38+00:00,2026-10-01T22:02:46+00:00,2
https://www.imdb.com/title/tt0064572/?ref_=sr_i_847,847. The Last Shot You Hear,completed,1,,2026-10-01T21:40:38+00:00,2026-10-01T22:02:38+00:00,2
https://www.imdb.com/title/tt0190125/?ref_=sr_i_848,848. The Walls Have Eyes,completed,1,,2026-10-01T21:40:38+00:00,2026-10-01T22:02:29+00:00,2
https://www.imdb.com/title/tt0155657/?ref_=sr_i_849,849. Delphine,completed,1,,2026-10-01T21:40:38+00:00,2026-10-01T22:02:21+00:00,2
https://www.imdb.com/title/tt0065650/?ref_=sr_i_850,850. An Event,completed,1,,2026-10-01T21:40:38+00:00,2026-10-01T22:02:13+00:00,2
https://www.imdb.com/title/tt0144643/?ref_=sr_i_851,851. Toh è morta la nonna!,completed,1,,2026-10-01T21:40:38+00:00,2026-10-01T22:02:04+00:00,2
https://www.imdb.com/title/tt0064878/?ref_=sr_i_852,852. Raw Courage,completed,1,,2026-10-01T21:40:38+00:00,2026-10-01T22:01:54+00:00,2
https://www.imdb.com/title/tt0147812/?ref_=sr_i_853,853. Ansoo Ban Gaye Phool,completed,1,,2026-10-01T21:40:38+00:00,2026-10-01T22:01:46+00:00,2
https://www.imdb.com/title/tt0195398/?ref_=sr_i_854,854. Walk a Crooked Path,completed,1,,2026-10-01T21:40:38+00:00,2026-10-01T22:01:38+00:00,2
https://www.imdb.com/title/tt0064852/?ref_=sr_i_855,855. Psychedelica Blues,completed,1,,2026-10-01T21:40:38+00:00,2026-10-01T22:01:30+00:00,2
https://www.imdb.com/title/tt0143826/?ref_=sr_i_856,856. Raptus,completed,1,,2026-10-01T21:40:38+00:00,2026-10-01T22:01:22+00:00,2
https://www.imdb.com/title/tt6116270/?ref_=sr_i_857,857. Hanci,completed,1,,2026-10-01T21:40:38+00:00,2026-10-01T22:01:13+00:00,2
https://www.imdb.com/title/tt35530314/?ref_=sr_i_858,858. Tobe Hoopers Early Works,completed,1,,2026-10-01T21:40:38+00:00,2026-10-01T22:01:03+00:00,2
https://www.imdb.com/title/tt0063984/?ref_=sr_i_859,859. The Activist,completed,1,,2026-10-01T21:40:38+00:00,2026-10-01T22:00:56+00:00,2
https://www.imdb.com/title/tt0064556/?ref_=sr_i_860,860. Black Rose,completed,1,,2026-10-01T21:40:38+00:00,2026-10-01T22:00:47+00:00,2
https://www.imdb.com/title/tt0456975/?ref_=sr_i_861,861. Hi! London,completed,1,,2026-10-01T21:40:38+00:00,2026-10-01T22:00:39+00:00,2
https://www.imdb.com/title/tt0062783/?ref_=sr_i_862,862. Catherine,completed,1,,2026-10-01T21:40:38+00:00,2026-10-01T22:00:29+00:00,2
https://www.imdb.com/title/tt0314830/?ref_=sr_i_863,863. Valentin Armienta el vengador,completed,1,,2026-10-01T21:40:38+00:00,2026-10-01T22:00:21+00:00,2
https://www.imdb.com/title/tt0203739/?ref_=sr_i_864,864. Memoir of Japanese Assassinations,completed,1,,2026-10-01T21:40:38+00:00,2026-10-01T22:00:13+00:00,2
https://www.imdb.com/title/tt0248559/?ref_=sr_i_865,865. To Hex with Sex,completed,1,,2026-10-01T21:40:38+00:00,2026-10-01T22:00:04+00:00,2
https://www.imdb.com/title/tt0064226/?ref_=sr_i_866,866. A Bullet for Sandoval,completed,1,,2026-10-01T21:40:38+00:00,2026-10-01T21:59:56+00:00,2
https://www.imdb.com/title/tt0065517/?ref_=sr_i_867,867. Viva Cangaceiro,completed,1,,2026-10-01T21:40:38+00:00,2026-10-01T21:59:47+00:00,2
https://www.imdb.com/title/tt0148931/?ref_=sr_i_868,868. Sleepy Eyes of Death: Castle Menagerie,completed,1,,2026-10-01T21:40:38+00:00,2026-10-01T21:59:39+00:00,2
https://www.imdb.com/title/tt0451048/?ref_=sr_i_869,869. Ek Shriman Ek Shrimati,completed,1,,2026-10-01T21:40:38+00:00,2026-10-01T21:59:30+00:00,2
https://www.imdb.com/title/tt0147973/?ref_=sr_i_870,870. Chanda Aur Bijli,completed,1,,2026-10-01T21:40:38+00:00,2026-10-01T21:59:21+00:00,2
https://www.imdb.com/title/tt0063363/?ref_=sr_i_871,871. Nocturno 29,completed,1,,2026-10-01T21:40:38+00:00,2026-10-01T21:59:13+00:00,2
https://www.imdb.com/title/tt0172929/?ref_=sr_i_872,872. Oshibka Onore de Balzaka,completed,1,,2026-10-01T21:40:38+00:00,2026-10-01T21:59:05+00:00,2
https://www.imdb.com/title/tt0121279/?ref_=sr_i_873,873. La fiaca,completed,1,,2026-10-01T21:40:38+00:00,2026-10-01T21:58:55+00:00,2
https://www.imdb.com/title/tt0291404/?ref_=sr_i_874,874. Naked Bullet,completed,1,,2026-10-01T21:40:38+00:00,2026-10-01T21:58:46+00:00,2
https://www.imdb.com/title/tt0155000/?ref_=sr_i_875,875. Les patates,completed,1,,2026-10-01T21:40:38+00:00,2026-10-01T21:58:39+00:00,2
https://www.imdb.com/title/tt0063029/?ref_=sr_i_876,876. Le grand cérémonial,completed,1,,2026-10-01T21:40:38+00:00,2026-10-01T21:58:29+00:00,2
https://www.imdb.com/title/tt1587430/?ref_=sr_i_877,877. The Thief of Baghdad,completed,1,,2026-10-01T21:40:38+00:00,2026-10-01T21:58:21+00:00,2
https://www.imdb.com/title/tt0266313/?ref_=sr_i_878,878. Bed Peace,completed,1,,2026-10-01T21:40:38+00:00,2026-10-01T21:58:13+00:00,2
https://www.imdb.com/title/tt0065058/?ref_=sr_i_879,879. Szemüvegesek,completed,1,,2026-10-01T21:40:38+00:00,2026-10-01T21:58:05+00:00,2
https://www.imdb.com/title/tt0079551/?ref_=sr_i_880,880. Michael Kohlhaas,completed,1,,2026-10-01T21:40:38+00:00,2026-10-01T21:57:56+00:00,2
https://www.imdb.com/title/tt0281000/?ref_=sr_i_881,881. Noches prohibidas,completed,2,,2026-10-01T22:59:38+00:00,2026-10-01T23:00:03+00:00,2
https://www.imdb.com/title/tt0142681/?ref_=sr_i_882,882. Nanak Naam Jahaz Hai,completed,2,,2026-10-01T22:59:38+00:00,2026-10-01T22:59:55+00:00,2
https://www.imdb.com/title/tt0064237/?ref_=sr_i_883,883. Salt in the Wound,completed,2,,2026-10-01T22:59:38+00:00,2026-10-01T22:59:46+00:00,2
https://www.imdb.com/title/tt0065142/?ref_=sr_i_884,884. Murder Commited in a Sly and Cruel Manner and from Low Motives,completed,1,,2026-10-01T21:40:38+00:00,2026-10-01T21:57:12+00:00,2
https://www.imdb.com/title/tt0191158/?ref_=sr_i_885,885. Silence of the Heart,completed,1,,2026-10-01T21:40:38+00:00,2026-10-01T21:57:04+00:00,2
https://www.imdb.com/title/tt0159150/?ref_=sr_i_886,886. Zum zum zum - La canzone che mi passa per la testa,completed,1,,2026-10-01T21:40:38+00:00,2026-10-01T21:56:55+00:00,2
https://www.imdb.com/title/tt0062437/?ref_=sr_i_887,887. Una vez al año ser hippy no hace daño,completed,1,,2026-10-01T21:40:38+00:00,2026-10-01T21:56:46+00:00,2
https://www.imdb.com/title/tt0064528/?ref_=sr_i_888,888. Jyoti,completed,1,,2026-10-01T21:40:38+00:00,2026-10-01T21:56:38+00:00,2
https://www.imdb.com/title/tt0180014/?ref_=sr_i_889,"889. No se mande, profe",completed,1,,2026-10-01T21:40:38+00:00,2026-10-01T21:56:30+00:00,2
https://www.imdb.com/title/tt0429072/?ref_=sr_i_890,890. Sen Bir Meleksin,completed,1,,2026-10-01T21:40:38+00:00,2026-10-01T21:56:21+00:00,2
https://www.imdb.com/title/tt0214091/?ref_=sr_i_891,891. Satiche Vaan,completed,1,,2026-10-01T21:40:38+00:00,2026-10-01T21:56:12+00:00,2
https://www.imdb.com/title/tt0064667/?ref_=sr_i_892,892. The Mighty Gorga,completed,1,,2026-10-01T21:40:38+00:00,2026-10-01T21:56:04+00:00,2
https://www.imdb.com/title/tt1437598/?ref_=sr_i_893,893. Deiva Magan,completed,1,,2026-10-01T21:40:38+00:00,2026-10-01T21:55:55+00:00,2
https://www.imdb.com/title/tt0187427/?ref_=sr_i_894,894. O Profeta da Fome,completed,1,,2026-10-01T21:40:38+00:00,2026-10-01T21:55:47+00:00,2
https://www.imdb.com/title/tt0065805/?ref_=sr_i_895,895. The Gun Runner,completed,1,,2026-10-01T21:40:38+00:00,2026-10-01T21:55:39+00:00,2
https://www.imdb.com/title/tt0064063/?ref_=sr_i_896,896. Baltagul,completed,1,,2026-10-01T21:40:38+00:00,2026-10-01T21:55:31+00:00,2
https://www.imdb.com/title/tt0134797/?ref_=sr_i_897,897. Las luchadoras vs el robot asesino,completed,1,,2026-10-01T21:40:38+00:00,2026-10-01T21:55:23+00:00,2
https://www.imdb.com/title/tt0064301/?ref_=sr_i_898,898. Españolear,completed,1,,2026-10-01T21:40:38+00:00,2026-10-01T21:55:14+00:00,2
https://www.imdb.com/title/tt0064756/?ref_=sr_i_899,899. The Olympics in Mexico,completed,1,,2026-10-01T21:40:38+00:00,2026-10-01T21:55:01+00:00,2
https://www.imdb.com/title/tt0064552/?ref_=sr_i_900,900. Animals United,completed,1,,2026-10-01T21:40:38+00:00,2026-10-01T21:54:54+00:00,2
https://www.imdb.com/title/tt0320203/?ref_=sr_i_901,901. El ojo de vidrio,completed,1,,2026-10-01T21:40:38+00:00,2026-10-01T21:54:45+00:00,2
https://www.imdb.com/title/tt0213078/?ref_=sr_i_902,902. Marina,completed,1,,2026-10-01T21:40:38+00:00,2026-10-01T21:54:36+00:00,2
https://www.imdb.com/title/tt0062963/?ref_=sr_i_903,903. Feldobott kö,completed,1,,2026-10-01T21:40:38+00:00,2026-10-01T21:54:29+00:00,2
https://www.imdb.com/title/tt0378889/?ref_=sr_i_904,"904. Tom, Tom, the Piper's Son",completed,1,,2026-10-01T21:40:38+00:00,2026-10-01T21:54:20+00:00,2
https://www.imdb.com/title/tt0064604/?ref_=sr_i_905,905. Love Me... Please!,completed,1,,2026-10-01T21:40:38+00:00,2026-10-01T21:54:13+00:00,2
https://www.imdb.com/title/tt0122213/?ref_=sr_i_906,906. Pigen fra Egborg,completed,1,,2026-10-01T21:40:38+00:00,2026-10-01T21:54:05+00:00,2
https://www.imdb.com/title/tt0064414/?ref_=sr_i_907,907. Helgalein,completed,1,,2026-10-01T21:40:38+00:00,2026-10-01T21:53:56+00:00,2
https://www.imdb.com/title/tt0233220/?ref_=sr_i_908,908. Anjaana,completed,1,,2026-10-01T21:40:38+00:00,2026-10-01T21:53:48+00:00,2
https://www.imdb.com/title/tt0064120/?ref_=sr_i_909,909. Caliche Sangriento,completed,1,,2026-10-01T21:40:38+00:00,2026-10-01T21:53:40+00:00,2
https://www.imdb.com/title/tt0177039/?ref_=sr_i_910,910. Nedjelja,completed,1,,2026-10-01T21:40:38+00:00,2026-10-01T21:53:31+00:00,2
https://www.imdb.com/title/tt0065164/?ref_=sr_i_911,911. Quinto: non ammazzare,completed,1,,2026-10-01T21:40:38+00:00,2026-10-01T21:53:22+00:00,2
https://www.imdb.com/title/tt0064258/?ref_=sr_i_912,912. Dragon Swamp,completed,1,,2026-10-01T21:40:38+00:00,2026-10-01T21:53:15+00:00,2
https://www.imdb.com/title/tt0195228/?ref_=sr_i_913,913. Soft Self-Portrait of Salvador Dali,completed,1,,2026-10-01T21:40:38+00:00,2026-10-01T21:53:07+00:00,2
https://www.imdb.com/title/tt0065204/?ref_=sr_i_914,914. Wenn süß das Mondlicht auf den Hügeln schläft,completed,1,,2026-10-01T21:40:38+00:00,2026-10-01T21:52:59+00:00,2
https://www.imdb.com/title/tt0065072/?ref_=sr_i_915,915. Taste of Excitement,completed,1,,2026-10-01T21:40:38+00:00,2026-10-01T21:52:52+00:00,2
https://www.imdb.com/title/tt0064095/?ref_=sr_i_916,916. De blanke slavin,completed,1,,2026-10-01T21:40:38+00:00,2026-10-01T21:52:44+00:00,2
https://www.imdb.com/title/tt0064431/?ref_=sr_i_917,"917. Hilfe, ich liebe Zwillinge",completed,1,,2026-10-01T21:40:38+00:00,2026-10-01T21:52:36+00:00,2
https://www.imdb.com/title/tt0156193/?ref_=sr_i_918,918. Zingara,completed,1,,2026-10-01T21:40:38+00:00,2026-10-01T21:52:27+00:00,2
https://www.imdb.com/title/tt0061959/?ref_=sr_i_919,919. El matrimonio es como el demonio,completed,1,,2026-10-01T21:40:38+00:00,2026-10-01T21:52:19+00:00,2
https://www.imdb.com/title/tt0149345/?ref_=sr_i_920,920. Waris,completed,1,,2026-10-01T21:40:38+00:00,2026-10-01T21:52:10+00:00,2
https://www.imdb.com/title/tt0246713/?ref_=sr_i_921,921. Jahan Pyar Miley,completed,1,,2026-10-01T21:40:38+00:00,2026-10-01T21:52:01+00:00,2
https://www.imdb.com/title/tt0250558/?ref_=sr_i_922,922. The Madam,completed,1,,2026-10-01T21:40:38+00:00,2026-10-01T21:51:53+00:00,2
https://www.imdb.com/title/tt8853646/?ref_=sr_i_923,923. Onsen ponbiki jochu,completed,1,,2026-10-01T21:40:38+00:00,2026-10-01T21:51:45+00:00,2
https://www.imdb.com/title/tt0369695/?ref_=sr_i_924,924. Man Ka Meet,completed,1,,2026-10-01T21:40:38+00:00,2026-10-01T21:51:37+00:00,2
https://www.imdb.com/title/tt8735998/?ref_=sr_i_925,925. Miramar,completed,1,,2026-10-01T21:40:38+00:00,2026-10-01T21:51:28+00:00,2
https://www.imdb.com/title/tt0064698/?ref_=sr_i_926,926. Death on High Mountain,completed,1,,2026-10-01T21:40:38+00:00,2026-10-01T21:51:20+00:00,2
https://www.imdb.com/title/tt0064530/?ref_=sr_i_927,927. Heat Wave Island,completed,1,,2026-10-01T21:40:38+00:00,2026-10-01T21:51:12+00:00,2
https://www.imdb.com/title/tt0136856/?ref_=sr_i_928,928. The Fabulous Bastard from Chicago,completed,1,,2026-10-01T21:40:38+00:00,2026-10-01T21:51:04+00:00,2
https://www.imdb.com/title/tt0289870/?ref_=sr_i_929,929. Bos Çerçeve,completed,1,,2026-10-01T21:40:38+00:00,2026-10-01T21:50:55+00:00,2
https://www.imdb.com/title/tt0184824/?ref_=sr_i_930,930. Thanasis Who?,completed,1,,2026-10-01T21:40:38+00:00,2026-10-01T21:50:47+00:00,2
https://www.imdb.com/title/tt0065118/?ref_=sr_i_931,931. Tout peut arriver,completed,1,,2026-10-01T21:40:38+00:00,2026-10-01T21:50:38+00:00,2
https://www.imdb.com/title/tt0134905/?ref_=sr_i_932,932. The Adventures of the Prince and the Pauper,completed,1,,2026-10-01T21:40:38+00:00,2026-10-01T21:50:30+00:00,2
https://www.imdb.com/title/tt0347943/?ref_=sr_i_933,933. Al-sayyid bulti,completed,1,,2026-10-01T21:40:38+00:00,2026-10-01T21:50:21+00:00,2
https://www.imdb.com/title/tt2921002/?ref_=sr_i_934,934. Shared Bread,completed,1,,2026-10-01T21:40:38+00:00,2026-10-01T21:50:13+00:00,2
https://www.imdb.com/title/tt0064800/?ref_=sr_i_935,"935. Pepe, der Paukerschreck - Die Lümmel von der ersten Bank, III. Teil",completed,1,,2026-10-01T21:40:38+00:00,2026-10-01T21:50:04+00:00,2
https://www.imdb.com/title/tt0064207/?ref_=sr_i_936,936. Da dao ge wang,completed,1,,2026-10-01T21:40:38+00:00,2026-10-01T21:49:55+00:00,2
https://www.imdb.com/title/tt0474850/?ref_=sr_i_937,937. Facifica Falayfay,completed,1,,2026-10-01T21:40:38+00:00,2026-10-01T21:49:46+00:00,2
https://www.imdb.com/title/tt0064062/?ref_=sr_i_938,938. Balladen om Carl-Henning,completed,1,,2026-10-01T21:40:38+00:00,2026-10-01T21:49:33+00:00,2
https://www.imdb.com/title/tt0064565/?ref_=sr_i_939,"939. Köpfchen in das Wasser, Schwänzchen in die Höh",completed,1,,2026-10-01T21:40:38+00:00,2026-10-01T21:49:25+00:00,2
https://www.imdb.com/title/tt0064280/?ref_=sr_i_940,940. Eika Katappa,completed,1,,2026-10-01T21:40:38+00:00,2026-10-01T21:49:16+00:00,2
https://www.imdb.com/title/tt1767273/?ref_=sr_i_941,941. 6 Jahanam,completed,1,,2026-10-01T21:40:38+00:00,2026-10-01T21:49:07+00:00,2
https://www.imdb.com/title/tt0149101/?ref_=sr_i_942,942. The Spy Who Came,completed,1,,2026-10-01T21:40:38+00:00,2026-10-01T21:49:00+00:00,2
https://www.imdb.com/title/tt0237035/?ref_=sr_i_943,943. Beti,completed,1,,2026-10-01T21:40:38+00:00,2026-10-01T21:48:52+00:00,2
https://www.imdb.com/title/tt0176243/?ref_=sr_i_944,944. Trináctá komnata,completed,1,,2026-10-01T21:40:38+00:00,2026-10-01T21:48:44+00:00,2
https://www.imdb.com/title/tt12621980/?ref_=sr_i_945,945. A Man and a Gisaeng,completed,1,,2026-10-01T21:40:38+00:00,2026-10-01T21:48:36+00:00,2
https://www.imdb.com/title/tt0794125/?ref_=sr_i_946,946. Monica's Thing,completed,1,,2026-10-01T21:40:38+00:00,2026-10-01T21:48:28+00:00,2
https://www.imdb.com/title/tt0211207/?ref_=sr_i_947,947. Back Seat Cabbie,completed,1,,2026-10-01T21:40:38+00:00,2026-10-01T21:48:19+00:00,2
https://www.imdb.com/title/tt7565818/?ref_=sr_i_948,948. Ibn Al Shaytan,completed,1,,2026-10-01T21:40:38+00:00,2026-10-01T21:48:10+00:00,2
https://www.imdb.com/title/tt0172268/?ref_=sr_i_949,949. The Corporate Queen,completed,1,,2026-10-01T21:40:38+00:00,2026-10-01T21:48:01+00:00,2
https://www.imdb.com/title/tt0244741/?ref_=sr_i_950,950. Pyar Ka Sapna,completed,1,,2026-10-01T21:40:38+00:00,2026-10-01T21:47:53+00:00,2
https://www.imdb.com/title/tt0064427/?ref_=sr_i_951,951. Red Peony Gambler: Second Generation Ceremony,completed,1,,2026-10-01T21:40:38+00:00,2026-10-01T21:47:45+00:00,2
https://www.imdb.com/title/tt0197430/?ref_=sr_i_952,952. Enas afragos Onasis,completed,1,,2026-10-01T21:40:38+00:00,2026-10-01T21:47:37+00:00,2
https://www.imdb.com/title/tt0064973/?ref_=sr_i_953,953. Twelve Deadly Coins,completed,1,,2026-10-01T21:40:38+00:00,2026-10-01T21:47:28+00:00,2
https://www.imdb.com/title/tt0277253/?ref_=sr_i_954,954. Primera comunión,completed,1,,2026-10-01T21:40:38+00:00,2026-10-01T21:47:20+00:00,2
https://www.imdb.com/title/tt0158019/?ref_=sr_i_955,955. Inghilterra nuda,completed,1,,2026-10-01T21:40:38+00:00,2026-10-01T21:47:10+00:00,2
https://www.imdb.com/title/tt1180726/?ref_=sr_i_956,956. Batang Matadero,completed,1,,2026-10-01T21:40:38+00:00,2026-10-01T21:47:02+00:00,2
https://www.imdb.com/title/tt0210353/?ref_=sr_i_957,957. Il terribile ispettore,completed,1,,2026-10-01T21:40:38+00:00,2026-10-01T21:46:53+00:00,2
https://www.imdb.com/title/tt0202134/?ref_=sr_i_958,958. Twin Blades of Doom,completed,1,,2026-10-01T21:40:38+00:00,2026-10-01T21:46:45+00:00,2
https://www.imdb.com/title/tt0063373/?ref_=sr_i_959,959. Objetivo: bi-ki-ni,completed,1,,2026-10-01T21:40:38+00:00,2026-10-01T21:46:36+00:00,2
https://www.imdb.com/title/tt0064263/?ref_=sr_i_960,960. Ein dreifach Hoch dem Sanitätsgefreiten Neumann,completed,1,,2026-10-01T21:40:38+00:00,2026-10-01T21:46:28+00:00,2
https://www.imdb.com/title/tt0282359/?ref_=sr_i_961,961. Arriba las manos Texano,completed,1,,2026-10-01T21:40:38+00:00,2026-10-01T21:46:20+00:00,2
https://www.imdb.com/title/tt0276933/?ref_=sr_i_962,962. Edin snimachen den,completed,1,,2026-10-01T21:40:38+00:00,2026-10-01T21:46:12+00:00,2
https://www.imdb.com/title/tt0459985/?ref_=sr_i_963,963. Aysecik: Sevgili Babam,completed,1,,2026-10-01T21:40:38+00:00,2026-10-01T21:46:05+00:00,2
https://www.imdb.com/title/tt0064075/?ref_=sr_i_964,964. Before Winter Comes,completed,1,,2026-10-01T21:40:38+00:00,2026-10-01T21:45:55+00:00,2
https://www.imdb.com/title/tt0063039/?ref_=sr_i_965,965. Guns in the Heather,completed,1,,2026-10-01T21:40:38+00:00,2026-10-01T21:45:46+00:00,2
https://www.imdb.com/title/tt0445321/?ref_=sr_i_966,966. Diao jin gui,completed,1,,2026-10-01T21:40:38+00:00,2026-10-01T21:45:37+00:00,2
https://www.imdb.com/title/tt0237955/?ref_=sr_i_967,967. Crack-Up,completed,1,,2026-10-01T21:40:38+00:00,2026-10-01T21:45:29+00:00,2
https://www.imdb.com/title/tt0389353/?ref_=sr_i_968,968. The Snake Woman,completed,1,,2026-10-01T21:40:38+00:00,2026-10-01T21:45:20+00:00,2
https://www.imdb.com/title/tt0326150/?ref_=sr_i_969,969. Shri Rama Katha,completed,1,,2026-10-01T21:40:38+00:00,2026-10-01T21:45:12+00:00,2
https://www.imdb.com/title/tt0166135/?ref_=sr_i_970,970. Colpo di stato,completed,1,,2026-10-01T21:40:38+00:00,2026-10-01T21:45:05+00:00,2
https://www.imdb.com/title/tt1177180/?ref_=sr_i_971,971. Al-shaitan,completed,1,,2026-10-01T21:40:38+00:00,2026-10-01T21:44:55+00:00,2
https://www.imdb.com/title/tt0430880/?ref_=sr_i_972,972. Allah aski yaratti,completed,1,,2026-10-01T21:40:38+00:00,2026-10-01T21:44:47+00:00,2
https://www.imdb.com/title/tt0291196/?ref_=sr_i_973,973. Violence Without a Cause,completed,1,,2026-10-01T21:40:38+00:00,2026-10-01T21:44:39+00:00,2
https://www.imdb.com/title/tt0141603/?ref_=sr_i_974,974. A Woman's Case,completed,1,,2026-10-01T21:40:38+00:00,2026-10-01T21:44:31+00:00,2
https://www.imdb.com/title/tt0065912/?ref_=sr_i_975,975. Le paria,completed,1,,2026-10-01T21:40:38+00:00,2026-10-01T21:44:24+00:00,2
https://www.imdb.com/title/tt0064859/?ref_=sr_i_976,976. I quattro del pater noster,completed,1,,2026-10-01T21:40:38+00:00,2026-10-01T21:44:15+00:00,2
https://www.imdb.com/title/tt0321984/?ref_=sr_i_977,977. El deseo llega de noche,completed,1,,2026-10-01T21:40:38+00:00,2026-10-01T21:44:07+00:00,2
https://www.imdb.com/title/tt1375745/?ref_=sr_i_978,978. Ren tou ma,completed,1,,2026-10-01T21:40:38+00:00,2026-10-01T21:43:59+00:00,2
https://www.imdb.com/title/tt0210963/?ref_=sr_i_979,979. Saravah,completed,1,,2026-10-01T21:40:38+00:00,2026-10-01T21:43:50+00:00,2
https://www.imdb.com/title/tt0132022/?ref_=sr_i_980,980. Il cavaliere inesistente,completed,1,,2026-10-01T21:40:38+00:00,2026-10-01T21:43:42+00:00,2
https://www.imdb.com/title/tt0064071/?ref_=sr_i_981,981. La battaglia del deserto,completed,1,,2026-10-01T21:40:38+00:00,2026-10-01T21:43:32+00:00,2
https://www.imdb.com/title/tt2033288/?ref_=sr_i_982,982. Kiss My Analyst,completed,1,,2026-10-01T21:40:38+00:00,2026-10-01T21:43:23+00:00,2
https://www.imdb.com/title/tt0477558/?ref_=sr_i_983,983. American Revolution 2,completed,1,,2026-10-01T21:40:38+00:00,2026-10-01T21:43:15+00:00,2
https://www.imdb.com/title/tt0123107/?ref_=sr_i_984,984. Horoscope,completed,1,,2026-10-01T21:40:38+00:00,2026-10-01T21:43:07+00:00,2
https://www.imdb.com/title/tt0064731/?ref_=sr_i_985,985. Nihon jokyo-den: kyokaku geisha,completed,1,,2026-10-01T21:40:38+00:00,2026-10-01T21:42:59+00:00,2
https://www.imdb.com/title/tt0062275/?ref_=sr_i_986,986. Skok,completed,1,,2026-10-01T21:40:38+00:00,2026-10-01T21:42:50+00:00,2
https://www.imdb.com/title/tt0063603/?ref_=sr_i_987,987. Siete minutos para morir,completed,1,,2026-10-01T21:40:38+00:00,2026-10-01T21:42:42+00:00,2
https://www.imdb.com/title/tt0282677/?ref_=sr_i_988,988. Lauro Puñales,completed,1,,2026-10-01T21:40:38+00:00,2026-10-01T21:42:33+00:00,2
https://www.imdb.com/title/tt0063601/?ref_=sr_i_989,989. Das siebente Jahr,completed,1,,2026-10-01T21:40:38+00:00,2026-10-01T21:42:25+00:00,2
https://www.imdb.com/title/tt8832310/?ref_=sr_i_990,990. Bak Maha Deege,completed,1,,2026-10-01T21:40:38+00:00,2026-10-01T21:42:16+00:00,2
https://www.imdb.com/title/tt0263357/?ref_=sr_i_991,991. Fosforlu Cevriyem,completed,1,,2026-10-01T21:40:38+00:00,2026-10-01T21:42:08+00:00,2
https://www.imdb.com/title/tt0219216/?ref_=sr_i_992,992. NO,completed,1,,2026-10-01T21:40:38+00:00,2026-10-01T21:41:59+00:00,2
https://www.imdb.com/title/tt1492837/?ref_=sr_i_993,993. Festival panafricain d'Alger,completed,1,,2026-10-01T21:40:38+00:00,2026-10-01T21:41:50+00:00,2
https://www.imdb.com/title/tt0309990/?ref_=sr_i_994,994. Paul,completed,1,,2026-10-01T21:40:38+00:00,2026-10-01T21:41:41+00:00,2
https://www.imdb.com/title/tt5947578/?ref_=sr_i_995,995. Pyasa,completed,1,,2026-10-01T21:40:38+00:00,2026-10-01T21:41:33+00:00,2
https://www.imdb.com/title/tt0123883/?ref_=sr_i_996,996. Helle for Lykke,completed,1,,2026-10-01T21:40:38+00:00,2026-10-01T21:41:25+00:00,2
https://www.imdb.com/title/tt0137579/?ref_=sr_i_997,997. Four on the Floor,completed,1,,2026-10-01T21:40:38+00:00,2026-10-01T21:41:17+00:00,2
https://www.imdb.com/title/tt0204144/?ref_=sr_i_998,998. The Wild Sea,completed,1,,2026-10-01T21:40:38+00:00,2026-10-01T21:41:09+00:00,2
https://www.imdb.com/title/tt0447557/?ref_=sr_i_999,999. Yarin Baska Bir Gündür,completed,1,,2026-10-01T21:40:38+00:00,2026-10-01T21:41:00+00:00,2
https://www.imdb.com/title/tt0387487/?ref_=sr_i_1000,1000. Patthar Ke Khwab,completed,1,,2026-10-01T21:40:38+00:00,2026-10-01T21:40:52+00:00,2
