Title,Year,Duration,MPA,Rating,Votes,meta_score,description,Movie Link
1. Star Wars: Episode VI - Return of the Jedi,1983,2h 11m,PG,8.3,1.2M,58,"After rescuing Han Solo from Jabba the Hutt, the Rebel Alliance attempts to destroy the second Death Star while Luke struggles to help Darth Vader back from the dark side.",https://www.imdb.com/title/tt0086190/?ref_=sr_i_1
2. Terms of Endearment,1983,2h 12m,PG,7.4,72K,79,Widow Aurora Greenway juggles her own struggles with a new romantic interest while trying to sort out the emotional problems of her daughter who's married to a philandering husband.,https://www.imdb.com/title/tt0086425/?ref_=sr_i_2
3. Flashdance,1983,1h 35m,R,6.2,65K,39,"An 18-year-old female amateur dancer who performs nightly at a dancing bar, and works as a welder during the day, dreams of joining the Pittsburgh ballet school.",https://www.imdb.com/title/tt0085549/?ref_=sr_i_3
4. Trading Places,1983,1h 56m,R,7.5,185K,69,A snobbish Wall Street commodities broker and a wily street hustler find their positions reversed as part of a bet by two callous millionaire brothers who run a brokerage house.,https://www.imdb.com/title/tt0086465/?ref_=sr_i_4
5. WarGames,1983,1h 54m,PG,7.1,123K,77,"A young teen boy finds a back door into a military central computer in which reality is confused with game-playing, possibly starting World War III.",https://www.imdb.com/title/tt0086567/?ref_=sr_i_5
6. Octopussy,1983,2h 11m,PG,6.5,121K,63,"A fake Fabergé egg recovered from the body of a fellow agent leads James Bond to uncover a jewel smuggling operation led by the mysterious Octopussy, and a plot to blow up a NATO air base.",https://www.imdb.com/title/tt0086034/?ref_=sr_i_6
7. Sudden Impact,1983,1h 57m,R,6.6,53K,52,"When a woman exacts deadly revenge on the aggressors who raped her and her sister ten years earlier, Inspector ""Dirty"" Harry Callahan investigates the case.",https://www.imdb.com/title/tt0086383/?ref_=sr_i_7
8. Staying Alive,1983,1h 33m,PG,4.8,19K,24,"Five years later, Tony Manero's Saturday Night Fever is still burning. Now he's strutting toward his biggest challenge yet: succeeding as a dancer on the Broadway stage.",https://www.imdb.com/title/tt0086361/?ref_=sr_i_8
9. Mr. Mom,1983,1h 31m,PG,6.6,32K,50,"After he's suddenly laid off, a husband switches roles with his wife. She returns to the workforce, and he becomes a stay-at-home dad, and he has to take care of three young children, a job he has no clue how to do.",https://www.imdb.com/title/tt0085970/?ref_=sr_i_9
10. Risky Business,1983,1h 39m,R,6.8,110K,75,"A Chicago teenager is looking for fun at home while his parents are away, but the situation quickly gets out of hand.",https://www.imdb.com/title/tt0086200/?ref_=sr_i_10
11. National Lampoon's Vacation,1983,1h 38m,R,7.3,130K,55,The Griswold family's cross-country drive in their brand new Wagon Family Truckster to the Walley World theme park in California proves to be much more arduous than they ever anticipated.,https://www.imdb.com/title/tt0085995/?ref_=sr_i_11
12. Superman III,1983,2h 5m,PG,5.0,81K,44,"Entrepreneur Ross Webster teams up with a computer genius in order to realise his own evil intentions. When Superman obstructs his plans, he decides to destroy him.",https://www.imdb.com/title/tt0086393/?ref_=sr_i_12
13. The Big Chill,1983,1h 45m,R,7.1,46K,61,A group of seven former college friends gather for a weekend reunion at a South Carolina vacation home after the funeral of another of their college friends.,https://www.imdb.com/title/tt0085244/?ref_=sr_i_13
14. Never Say Never Again,1983,2h 14m,PG,6.1,79K,68,"James Bond is called upon to try to recover nuclear bombs stolen by Spectre, but he will have to get rid of a professional assassin, hired especially to eliminate him.",https://www.imdb.com/title/tt0086006/?ref_=sr_i_14
15. Scarface,1983,2h 50m,R,8.3,1M,65,"In the 1980s, a determined criminal-minded Cuban immigrant becomes the biggest drug smuggler in Miami, and is eventually undone by his own drug addiction.",https://www.imdb.com/title/tt0086250/?ref_=sr_i_15
16. Jaws 3-D,1983,1h 38m,PG,3.8,54K,27,A giant thirty-five-foot shark becomes trapped in a SeaWorld theme park and it's up to the sons of police chief Brody to rescue everyone.,https://www.imdb.com/title/tt0085750/?ref_=sr_i_16
17. Blue Thunder,1983,1h 49m,R,6.4,25K,66,"Rebellious Vietnam vet and police helicopter pilot Murphy, and his rookie partner, are assigned to test a cutting edge helicopter prototype. Murphy is surprised when the lead pilot turns out to be a fellow vet and personal nemesis.",https://www.imdb.com/title/tt0085255/?ref_=sr_i_17
18. Yentl,1983,2h 13m,PG,6.6,18K,68,A Jewish girl disguises herself as a boy to enter religious training.,https://www.imdb.com/title/tt0086619/?ref_=sr_i_18
19. Silkwood,1983,2h 11m,R,7.1,25K,65,"A worker at a plutonium processing plant is purposefully contaminated, psychologically tortured and possibly murdered to prevent her from exposing worker safety violations at the plant.",https://www.imdb.com/title/tt0086312/?ref_=sr_i_19
20. Psycho II,1983,1h 53m,R,6.6,36K,54,"After twenty-two years of psychiatric care, Norman Bates attempts to return to a life of solitude, but the specters of his crimes - and his mother - continue to haunt him.",https://www.imdb.com/title/tt0086154/?ref_=sr_i_20
21. Porky's II: The Next Day,1983,1h 38m,R,5.0,14K,38,The naughty high schoolers of Angel Beach High now seek revenge on a group of KKK religious fanatics and corrupt politicians who want to shut down their Shakespeare production after they cast a Seminole transfer student in the lead.,https://www.imdb.com/title/tt0086129/?ref_=sr_i_21
22. Uncommon Valor,1983,1h 45m,R,6.3,14K,38,"Ten years after his son went M.I.A. in Vietnam, U.S. Marine retired Colonel Jason Rhodes assembles a private rescue team to find Americans held in P.O.W. camps in Laos.",https://www.imdb.com/title/tt0086508/?ref_=sr_i_22
23. Never Cry Wolf,1983,1h 45m,PG,7.5,9.6K,,"A government researcher, sent to research the ""menace"" of wolves in the north, learns about the true beneficial and positive nature of the species.",https://www.imdb.com/title/tt0086005/?ref_=sr_i_23
24. Twilight Zone: The Movie,1983,1h 41m,PG,6.4,44K,44,"Four horror and science fiction segments, directed by four famous directors, each of them being a new version of a classic story from Rod Serling's landmark television series.",https://www.imdb.com/title/tt0086491/?ref_=sr_i_24
25. Easy Money,1983,1h 35m,R,6.2,11K,48,"To inherit his mother-in-law's colossal fortune, a hard-living gambling addict must change his unhealthy ways before they get the best of him.",https://www.imdb.com/title/tt0085470/?ref_=sr_i_25
26. High Road to China,1983,1h 45m,PG,6.1,6.5K,42,"Just after WW1, alcoholic American biplane pilot Patrick O'Malley is hired by Eve Tozer, the spoiled daughter of an industrialist, to locate her father, who disappeared somewhere in Asia.",https://www.imdb.com/title/tt0085678/?ref_=sr_i_26
27. The Outsiders,1983,1h 31m,PG,7.0,112K,45,"In Tulsa, Oklahoma in 1964, the rivalry between two gangs, the poor Greasers and the rich Socs, heats up when one gang member accidentally kills a member of the other.",https://www.imdb.com/title/tt0086066/?ref_=sr_i_27
28. Spring Break,1983,1h 42m,R,4.9,3.9K,17,"Two sets of two college guys spend a spring break together in Fort Lauderdale, Florida. There they have lots of fun in and out of the sun.",https://www.imdb.com/title/tt0086352/?ref_=sr_i_28
29. Two of a Kind,1983,1h 28m,PG,4.8,4.9K,5,"When God decides to destroy Earth, four angels aim to redeem mankind through a young man and woman with their own troubles.",https://www.imdb.com/title/tt0086494/?ref_=sr_i_29
30. My Tutor,1983,1h 37m,R,5.2,4.5K,17,A rich father hires a tutor for his son. The son is a horny teenager and the tutor is a gorgeous blonde. Complications ensue.,https://www.imdb.com/title/tt0085980/?ref_=sr_i_30
31. Class,1983,1h 38m,R,6.0,14K,33,"A naive high school senior meets a beautiful older woman, only to make a shocking discovery later on.",https://www.imdb.com/title/tt0085346/?ref_=sr_i_31
32. The Right Stuff,1983,3h 13m,PG,7.8,69K,91,"The U.S. space program's development from the breaking of the sound barrier to selection of the Mercury 7 astronauts, from a group of test pilots with a more seat-of-the-pants approach than the program's more cautious engineers preferred.",https://www.imdb.com/title/tt0086197/?ref_=sr_i_32
33. Cujo,1983,1h 33m,R,6.1,55K,57,"Cujo, a friendly St. Bernard, contracts rabies and conducts a reign of terror on an American farm.",https://www.imdb.com/title/tt0085382/?ref_=sr_i_33
34. Christine,1983,1h 50m,R,6.8,104K,57,A nerdish boy buys a strange car with an evil mind of its own and his nature starts to change to reflect it.,https://www.imdb.com/title/tt0085333/?ref_=sr_i_34
35. A Christmas Story,1983,1h 33m,PG,7.9,180K,77,"In the 1940s, a young boy named Ralphie Parker attempts to convince his parents, teacher, and Santa Claus that a Red Ryder Range 200 Shot BB gun really is the perfect Christmas gift.",https://www.imdb.com/title/tt0085334/?ref_=sr_i_35
36. The Dead Zone,1983,1h 43m,R,7.1,86K,69,"Five years after a traffic accident that left him in a coma, a man awakens to discover that he has the ability to foresee future events and even prevent tragedies from happening. Will these new abilities prove to be a blessing or a curse?",https://www.imdb.com/title/tt0085407/?ref_=sr_i_36
37. Breathless,1983,1h 40m,R,6.0,12K,52,"When Jesse Lujack steals a car in Las Vegas and drives down to LA, his criminal ways only escalate - but when will it end?",https://www.imdb.com/title/tt0085276/?ref_=sr_i_37
38. Max Dugan Returns,1983,1h 38m,PG,6.7,4.3K,,Struggling single mother Nora McPhee's life is disrupted when her long-lost father Max Dugan returns in hopes of spending some time with her and her son Michael to make up for lost time because Max is dying.,https://www.imdb.com/title/tt0085919/?ref_=sr_i_38
39. Valley Girl,1983,1h 39m,R,6.4,22K,66,"Julie, a girl from the valley, meets Randy, a punk from the city. They are from different worlds and find love. Somehow they need to stay together in spite of her trendy, shallow friends.",https://www.imdb.com/title/tt0086525/?ref_=sr_i_39
40. All the Right Moves,1983,1h 31m,R,6.0,21K,62,An ambitious young football star is trapped in a dying mill town--unless his gridiron skills can win him a way out.,https://www.imdb.com/title/tt0085154/?ref_=sr_i_40
41. Krull,1983,2h 1m,PG,6.1,40K,45,"A prince and a fellowship of companions set out to rescue his bride from a fortress of alien invaders who have arrived on their home planet, Krull.",https://www.imdb.com/title/tt0085811/?ref_=sr_i_41
42. Spacehunter: Adventures in the Forbidden Zone,1983,1h 30m,PG,5.5,7.4K,,"On a distant planet inhabited by mutants, two bounty-hunters race to rescue three Earth female captives from the clutches of an evil mutant warlord.",https://www.imdb.com/title/tt0086346/?ref_=sr_i_42
43. D.C. Cab,1983,1h 40m,R,5.6,5.7K,46,"The misadventures of a group of unfortunate but streetwise cabbies working for a Washington, D.C., decrepit taxicab company.",https://www.imdb.com/title/tt0085387/?ref_=sr_i_43
44. Gorky Park,1983,2h 8m,R,6.7,19K,60,A Moscow police officer investigates a vicious triple homicide and stumbles upon a high-level international political conspiracy.,https://www.imdb.com/title/tt0085615/?ref_=sr_i_44
45. Still Smokin,1983,1h 31m,R,5.4,8.5K,4,"Cheech and Chong fly to the marijuana capital of the world, Amsterdam, for a film festival where they take Dolly Parton and Burt Reynolds' place in a limo, suite, press conference and performance. They throw in some sketches as well.",https://www.imdb.com/title/tt0086366/?ref_=sr_i_45
46. Monty Python's the Meaning of Life,1983,1h 47m,R,7.5,131K,72,The comedy team takes a look at life in all of its stages in their own uniquely silly way.,https://www.imdb.com/title/tt0085959/?ref_=sr_i_46
47. Educating Rita,1983,1h 46m,PG,7.2,16K,54,An alcoholic professor has been hired by a working-class girl for higher education.,https://www.imdb.com/title/tt0085478/?ref_=sr_i_47
48. Private School,1983,1h 29m,R,5.3,8.1K,25,Chris from a girls' boarding school loves Jim from a nearby boys' boarding school. Jordan also wants Jim and plays dirty. Jim and two friends visit the girls' school posing as girls.,https://www.imdb.com/title/tt0086143/?ref_=sr_i_48
49. The Survivors,1983,1h 43m,R,5.8,6.3K,,"Having both lost their jobs, two strangers become unlikely friends after a run in with a would be robber, who is actually a hitman with a grudge against the two.",https://www.imdb.com/title/tt0086397/?ref_=sr_i_49
50. Revenge of the Ninja,1983,1h 30m,R,6.1,6.7K,32,"After ninjas killed his family, Cho and his son Kane come to America to start a new life. He opens a doll shop but is unwittingly importing heroin in the dolls. When his friend betrays him, Cho must prepare for the ultimate battle.",https://www.imdb.com/title/tt0086192/?ref_=sr_i_50
51. To Be or Not to Be,1983,1h 47m,PG,6.9,13K,61,"At the onset of WW2, a Polish actor's family and the Polish Resistance help the troupe of a theatre escape Poland and the invading Nazis.",https://www.imdb.com/title/tt0086450/?ref_=sr_i_51
52. Stroker Ace,1983,1h 36m,PG,5.0,4.8K,30,"The title character, a popular NASCAR driver, clashes with the fried-chicken mogul that sponsors his racing team.",https://www.imdb.com/title/tt0086379/?ref_=sr_i_52
53. Lone Wolf McQuade,1983,1h 47m,PG,6.3,17K,65,Texas Ranger J J McQuade works alone until a forced partnership and an arms smuggling case escalate after a personal attack draws him into a violent confrontation with Rawley Wilkes.,https://www.imdb.com/title/tt0085862/?ref_=sr_i_53
54. The Black Stallion Returns,1983,1h 43m,PG,5.9,2.6K,34,A teenager loses his horse in Morocco and gets him back after various daredevil adventures.,https://www.imdb.com/title/tt0085248/?ref_=sr_i_54
55. Deathstalker,1983,1h 20m,R,4.6,8.4K,,"A lone warrior nicknamed Deathstalker is sent by a witch on a quest to find a sword, a chalice, and an amulet, two of which are held by the wicked king and sorcerer, Munkar.",https://www.imdb.com/title/tt0087127/?ref_=sr_i_55
56. Zelig,1983,1h 19m,PG,7.6,46K,,"""Documentary"" about a man who can look and act like whoever he's around, and meets various famous people.",https://www.imdb.com/title/tt0086637/?ref_=sr_i_56
57. The Lords of Discipline,1983,1h 42m,R,6.6,3.2K,,"In 1960s America, a black cadet is allowed acceptance into a seemingly prestigious military academy, unleashing a barrage of corruption within the system that another cadet is willing to expose.",https://www.imdb.com/title/tt0085867/?ref_=sr_i_57
58. The Man Who Loved Women,1983,1h 50m,R,5.3,2.9K,,"A womanizing sculptor named David goes to seek help from a psychiatrist, Marianna, to cure him of his obsession with women.",https://www.imdb.com/title/tt0085891/?ref_=sr_i_58
59. Hercules,1983,1h 38m,PG,4.2,5K,,"The story of the Greek mythological figure Hercules, battling the wizard King Minos, who uses ""science"" in an attempt to take over the world. Hercules must stop him and rescue his princess love in the process.",https://www.imdb.com/title/tt0085672/?ref_=sr_i_59
60. Doctor Detroit,1983,1h 29m,R,5.3,6.6K,48,"A pimp on the run trusts his prostitutes to a meek professor of literature, who accepts the challenge.",https://www.imdb.com/title/tt0085450/?ref_=sr_i_60
61. Deal of the Century,1983,1h 39m,PG,4.7,4.8K,,Small-time arms dealer Eddie Muntz visits South America to sell weapons to the revolutionaries and winds up negotiating the sale of an experimental plane to the nation's dictator.,https://www.imdb.com/title/tt0085412/?ref_=sr_i_61
62. The Man with Two Brains,1983,1h 33m,R,6.4,30K,61,"A brain surgeon marries a femme fatale whose life he saved, causing his life to turn upside down. Things go even more awry when he falls in love with a telepathic brain.",https://www.imdb.com/title/tt0085894/?ref_=sr_i_62
63. Brainstorm,1983,1h 46m,PG,6.4,15K,57,"Researchers develop a system where they can jump into people's minds. But when people involved bring their personal problems into the equation, it becomes dangerous - perhaps deadly.",https://www.imdb.com/title/tt0085271/?ref_=sr_i_63
64. Lovesick,1983,1h 35m,PG,5.2,1K,,"A psychiatrist, who falls in love with a patient, is visited by the spirit of Sigmund Freud, who gives him advice on how to handle it.",https://www.imdb.com/title/tt0085873/?ref_=sr_i_64
65. Without a Trace,1983,2h,PG,7.1,2.5K,60,Estranged New Yorker (Kate Nelligan) turns to the police after her son disappears.,https://www.imdb.com/title/tt0086593/?ref_=sr_i_65
66. Bad Boys,1983,2h 3m,R,7.2,19K,53,"Chicago crime kid, Mick O'Brien, is sent to reform school after accidentally killing a rival's kid brother.",https://www.imdb.com/title/tt0085210/?ref_=sr_i_66
67. Strange Brew,1983,1h 30m,PG,6.6,20K,50,"Canada's most famous hosers, Bob and Doug McKenzie, get jobs at the Elsinore Brewery, only to learn that something is rotten with the state of it.",https://www.imdb.com/title/tt0086373/?ref_=sr_i_67
68. Tender Mercies,1983,1h 32m,PG,7.3,15K,78,"A broken-down, middle-aged country singer gets a new wife, reaches out to his long-lost daughter, and tries to put his troubled life back together.",https://www.imdb.com/title/tt0086423/?ref_=sr_i_68
69. Something Wicked This Way Comes,1983,1h 35m,PG,6.7,13K,68,"In a small American town, a diabolical circus and its demonic proprietor prey on the townsfolk. Dark's Pandemonium Carnival arrives in Green Town.",https://www.imdb.com/title/tt0086336/?ref_=sr_i_69
70. 10 to Midnight,1983,1h 41m,R,6.3,11K,12,"A veteran LA detective becomes personally entangled in a serial killer case when the nude, knife-wielding suspect targets his daughter, forcing him to choose between the law and fatherly protection.",https://www.imdb.com/title/tt0085121/?ref_=sr_i_70
71. Romantic Comedy,1983,1h 43m,PG,5.3,1.2K,,"A successful playwright employs a new female writing partner, and it's love on first sight, but it happens to be the day he gets married. They both suppress their feelings for each other in order to form a successful writing partnership.",https://www.imdb.com/title/tt0086205/?ref_=sr_i_71
72. Nightmares,1983,1h 39m,R,5.7,4.2K,39,Anthology of four horror tales with a supernatural twist based on urban legends.,https://www.imdb.com/title/tt0086014/?ref_=sr_i_72
73. The Golden Seal,1983,1h 34m,PG,5.4,426,,"A lonely 10-year-old boy living with his parents in a remote coastal part of Alaska, spontaneously finds a legendary golden seal and her newborn pup. But the greed for her valuable pelt sets off the hunters, including his own father, the local natives, and an ambitious poacher in pursuit the seal. The golden seal and her cub are hunted for a huge bounty on her head and the mythological legend.",https://www.imdb.com/title/tt0085608/?ref_=sr_i_73
74. The Osterman Weekend,1983,1h 43m,R,5.8,10K,,"During the Cold War, a controversial television journalist is asked by the C.I.A. to persuade certain acquaintances, who are Soviet Agents of the Omega network, to defect.",https://www.imdb.com/title/tt0086058/?ref_=sr_i_74
75. Star 80,1983,1h 43m,R,6.8,8.9K,63,A successful young model finds trouble when her obsessive manager-turned-husband becomes dangerously jealous.,https://www.imdb.com/title/tt0086355/?ref_=sr_i_75
76. The Sting II,1983,1h 41m,PG,4.9,2.6K,,A team of cons is planning a new scam involving betting on a boxing match but one of its past victims aims to exact revenge by eliminating the whole group.,https://www.imdb.com/title/tt0086370/?ref_=sr_i_76
77. Amityville 3-D,1983,1h 45m,PG,4.2,8.4K,28,Inquisitive Reveal Magazine journalist John Baxter moves into the Amityville house in defiance of the supernatural events connected to it and finds everyone around him besieged by evil manifestations connected to a demonic presence.,https://www.imdb.com/title/tt0085159/?ref_=sr_i_77
78. Chained Heat,1983,1h 35m,R,5.0,2.9K,30,"Young Carol Henderson ends up in prison, where she must learn how to survive in an environment plagued by violence, murder, rape, racism, drugs, and staff corruption and brutality.",https://www.imdb.com/title/tt0085318/?ref_=sr_i_78
79. Beyond the Limit,1983,1h 44m,R,5.7,1.8K,,"During the Dirty War, a half-English doctor in Argentina befriends the police, the rebels and the alcoholic Honorary British Consul, whose Latino wife he seduces. When the consul is mistakenly kidnapped by the rebels, he must pick a side.",https://www.imdb.com/title/tt0085236/?ref_=sr_i_79
80. The Hunger,1983,1h 37m,R,6.6,33K,52,"A love triangle develops between a vampire, her cellist companion, and a gerontologist.",https://www.imdb.com/title/tt0085701/?ref_=sr_i_80
81. Local Hero,1983,1h 51m,PG,7.3,30K,83,"An American oil company has plans for a new refinery and sends someone to Scotland to buy up an entire village, but things don't go as expected.",https://www.imdb.com/title/tt0085859/?ref_=sr_i_81
82. Under Fire,1983,2h 8m,R,7.0,9.9K,72,Three journalists in a romantic triangle are involved in political intrigue during the last days of the corrupt Somoza regime in Nicaragua before it falls to a popular revolution in 1979.,https://www.imdb.com/title/tt0086510/?ref_=sr_i_82
83. Smokey and the Bandit Part 3,1983,1h 25m,PG,3.5,10K,4,Big and Little Enos are opening a sea food restaurant. They bet Sheriff Buford T. Justice that he cannot drive from Miami to the Enos ranch in Texas in a given amount of time. If Buford loses he has to give up his badge.,https://www.imdb.com/title/tt0086325/?ref_=sr_i_83
84. A Night in Heaven,1983,1h 23m,R,4.3,1.6K,,"A married college professor begins a torrid affair with her failing student, who secretly moonlights as a late-night strip-club dancer.",https://www.imdb.com/title/tt0086011/?ref_=sr_i_84
85. The Star Chamber,1983,1h 49m,R,6.4,8.4K,60,"Frustrated with a legal system gone haywire, a secret society of judges hires hitmen to snuff out criminals who escape courtroom justice - but one young judge questions the ethics of their vigilante system.",https://www.imdb.com/title/tt0086356/?ref_=sr_i_85
86. The Dresser,1983,1h 58m,PG,7.4,6.5K,,Personal assistant Norman struggles to get deteriorating veteran actor Sir through a difficult performance of King Lear.,https://www.imdb.com/title/tt0085461/?ref_=sr_i_86
87. Metalstorm: The Destruction of Jared-Syn,1983,1h 24m,PG,3.9,2.1K,,"On a desert planet, warlord Jared-Syn is trying to convince a tribe of mutants that he's their messiah and gain unlimited power hidden in a crystal. Ranger Dogen and explorer Dhyana, whose father was murdered by Syn, must stop him.",https://www.imdb.com/title/tt0085935/?ref_=sr_i_87
88. Love Letters,1983,1h 28m,R,5.8,1.2K,,A young woman obsessively retraces her deceased mother's emotional footsteps when love letters reveal a secret double life of love and infidelity.,https://www.imdb.com/title/tt0085871/?ref_=sr_i_88
89. Eddie and the Cruisers,1983,1h 35m,PG,6.9,9.9K,51,"A television newswoman picks up the story of a 1960s rock band whose long-lost leader Eddie Wilson may still be alive, while searching for the missing tapes of the band's never-released album.",https://www.imdb.com/title/tt0085475/?ref_=sr_i_89
90. Curse of the Pink Panther,1983,1h 49m,PG,4.4,7.5K,31,"Ensuing after the events of Clouseau's disappearance, his bosses at the Surete put a computer into service to elect a new shrewd detective, Sleigh, who turns up just as inept as Clouseau.",https://www.imdb.com/title/tt0085384/?ref_=sr_i_90
91. Trenchcoat,1983,1h 31m,PG,5.2,598,,An aspiring mystery writer becomes accidently embroiled in an international plot during a two-week stay in Malta.,https://www.imdb.com/title/tt0086476/?ref_=sr_i_91
92. Yellowbeard,1983,1h 36m,PG,5.9,9.5K,39,"After serving two decades in prison, Yellowbeard (Graham Chapman) breaks out determined to recover the treasure that he buried so long ago, alongside his son, old crew, and the British Navy.",https://www.imdb.com/title/tt0086618/?ref_=sr_i_92
93. The Keep,1983,1h 36m,R,5.7,17K,34,Nazis are forced to turn to a Jewish historian for help in battling the ancient demon they have inadvertently freed from its prison.,https://www.imdb.com/title/tt0085780/?ref_=sr_i_93
94. Entre Nous,1983,1h 50m,PG,7.0,2.5K,,"A Jewish refugee marries a soldier to escape deportation to Germany. Meanwhile a wealthy art student loses her first husband to a stray Resistance bullet; at the Liberation she meets an actor, gets pregnant, and marries him.",https://www.imdb.com/title/tt0085370/?ref_=sr_i_94
95. Joysticks,1983,1h 28m,R,4.5,3.2K,,"When a top local businessman and his two bumbling nephews try to shut down the town's only video arcade, which is run by the owner's grandson, the arcade employees and patrons fight back.",https://www.imdb.com/title/tt0085764/?ref_=sr_i_95
96. Running Brave,1983,1h 46m,PG,6.7,882,,"The story of Billy Mills, the American Indian who came from obscurity to win the 10,000-meter long-distance foot-race in the Tokyo Olympics in 1964.",https://www.imdb.com/title/tt0086220/?ref_=sr_i_96
"97. Careful, He Might Hear You",1983,1h 50m,PG,6.9,932,,"After his mother's death, PS lives with working-class aunt and uncle until posh Aunt Vanessa claims co-guardianship. Happy with his simple life, he struggles with her upper-class expectations and custody battle.",https://www.imdb.com/title/tt0085295/?ref_=sr_i_97
98. Phar Lap,1983,1h 47m,PG,7.2,2.2K,55,"The true story of a New Zealand racehorse that became a champion, with the help of a local stable-boy.",https://www.imdb.com/title/tt0086102/?ref_=sr_i_98
99. Yor: The Hunter from the Future,1983,1h 28m,PG,4.4,3.8K,,A warrior seeks his true origins in a seemingly prehistoric wasteland.,https://www.imdb.com/title/tt0084935/?ref_=sr_i_99
100. Rumble Fish,1983,1h 34m,R,7.1,42K,63,An absent-minded street thug struggles to live up to his legendary older brother's reputation and longs for the days of gang warfare.,https://www.imdb.com/title/tt0086216/?ref_=sr_i_100
101. The Man Who Wasn't There,1983,1h 51m,R,3.8,769,,"On his wedding day, a State Department employee is given an egg-shaped device by a dying man, with vials of liquid inside, which can turn people invisible. He finds himself being chased by various parties who want the substance.",https://www.imdb.com/title/tt0085892/?ref_=sr_i_101
102. Table for Five,1983,2h 2m,PG,6.1,916,,"J.P. Tannen takes his three children for a vacation cruise. They usually live with their mother and stepfather, but now J.P. feels capable of taking them. Emotional tragedy strikes, causing battles parent against parent, and parent against child. J.P. tries to show his children that he loves them.",https://www.imdb.com/title/tt0086405/?ref_=sr_i_102
103. Tough Enough,1983,1h 46m,PG,5.6,1K,,"A C and W singer has a family to support so he boxes at a TOUGHMAN amateur boxing contest, hoping to win $5000 and maybe go on to the nationals and sing on national TV.",https://www.imdb.com/title/tt0086461/?ref_=sr_i_103
"104. Man, Woman and Child",1983,1h 39m,PG,6.3,491,,"A man with a wife and two daughters learns that he has a son. It seems that a few years ago while visiting France, he had an accident and he had an affair with the doctor who treated him. Now he has learned that she just died and is informed of his son. He then tells his wife, she then suggest that they bring him over. While there all sorts of tension begin to arise. How will this affect them?",https://www.imdb.com/title/tt0085895/?ref_=sr_i_104
105. Merry Christmas Mr. Lawrence,1983,2h 3m,R,7.2,23K,53,"During WWII, a British colonel tries to bridge the cultural divides between a British POW and the Japanese camp commander in order to avoid bloodshed.",https://www.imdb.com/title/tt0085933/?ref_=sr_i_105
106. Videodrome,1983,1h 27m,R,7.2,115K,58,"A Toronto cable TV station co-owner who specializes in adult entertainment searches for the producers of a dangerous and bizarre broadcast titled ""Videodrome.""",https://www.imdb.com/title/tt0086541/?ref_=sr_i_106
107. Screwballs,1983,1h 20m,R,4.5,4.2K,34,Frolicking youth comedy about zany high school students set in the 1960s.,https://www.imdb.com/title/tt0086264/?ref_=sr_i_107
108. Testament,1983,1h 30m,PG,6.9,8.2K,71,The life of a suburban American family is scarred after a nuclear attack.,https://www.imdb.com/title/tt0086429/?ref_=sr_i_108
109. Nate and Hayes,1983,1h 39m,PG,6.1,2.6K,,"A swashbuckling pirate in late 1800s transports a young couple to a South Pacific island. After he leaves, they're attacked by his former partner, a nasty slaver, who kidnaps the young woman. Her fiancé partners with him to get her back.",https://www.imdb.com/title/tt0085994/?ref_=sr_i_109
110. Baby It's You,1983,1h 45m,R,6.4,2.4K,,"In a 1966 New Jersey high school, Jill and new student Sheik from the other side of the tracks make their way in a first love romance.",https://www.imdb.com/title/tt0085208/?ref_=sr_i_110
111. Exposed,1983,1h 40m,R,5.0,1K,,"Wisconsin farm girl Elizabeth Carlson leaves her family and her English-teacher lover behind, and escapes to New York City, where she soon makes a career for herself as a fashion model. During a private viewing of paintings, she is approached by a mysterious man whose motives are not clear.",https://www.imdb.com/title/tt0085513/?ref_=sr_i_111
112. Heat and Dust,1983,2h 10m,R,6.4,2.4K,,"Anne is investigating the life of her grand-aunt Olivia, whose destiny has always been shrouded with scandal. As Anne delves into the history of her grand-aunt, she is led to reconsider her own life.",https://www.imdb.com/title/tt0084058/?ref_=sr_i_112
113. Stryker,1983,1h 24m,R,4.4,961,,After the Apocalypse the world's water supply has dried up. A group of Amazons carefully guard one of the last freshwater springs. But marauding road warriors try to access the precious water – by any means necessary.,https://www.imdb.com/title/tt0086381/?ref_=sr_i_113
114. Get Crazy,1983,1h 32m,R,6.5,1.7K,,"Colin Beverly plans to sabotage the New Year's 1983 concert of small-time operator Max Wolfe. Wolfe's assistants Neil Allen and Willie Loman find romance while trying to save the drugs, violence, and rock and roll from Beverly's schemes.",https://www.imdb.com/title/tt0085551/?ref_=sr_i_114
115. Lianna,1983,1h 50m,R,6.9,2K,,"A happily married woman comes to realize herself of being a repressed lesbian after she has an affair with a female college professor, and then tries to come to terms with her newfound lifestyle.",https://www.imdb.com/title/tt0085838/?ref_=sr_i_115
116. Misunderstood,1983,1h 31m,PG,5.9,649,,Busy and often absent father must take care of his two boys after his wife dies. They all live in Tunisia because of their father's job. The older boy is handling the difficult changes much better than the younger one.,https://www.imdb.com/title/tt0087730/?ref_=sr_i_116
117. Sahara,1983,1h 51m,PG,4.9,2.5K,,"Intent on winning a competition in place of her distinguished late father, beautiful young heiress Dale takes on the guise of a man and competes in his spot, embarking on a car race that crosses the unforgiving Sahara desert.",https://www.imdb.com/title/tt0086232/?ref_=sr_i_117
118. Strange Invaders,1983,1h 34m,PG,5.4,4.1K,,"Alien beings, who settle in a small midwestern town, are disturbed by a young professor determined to rescue his daughter from their clutches.",https://www.imdb.com/title/tt0086374/?ref_=sr_i_118
119. Gabriela,1983,1h 39m,R,6.2,1.5K,,"Gabriela becomes cook and mistress to Nacib, a bar owner in a small Brazilian coastal town controlled by local colonels, before eventually marrying him; based on Jorge Amado's novel.",https://www.imdb.com/title/tt0085575/?ref_=sr_i_119
120. Eddie Macon's Run,1983,1h 35m,PG,5.6,1.4K,,"A young man, harshly sentenced for a few minor infractions, escapes from a prison in Huntsville Texas and flees to Laredo, Texas, where he hopes to cross into Mexico for a reunion with his wife and small son.",https://www.imdb.com/title/tt0085473/?ref_=sr_i_120
121. The Lonely Lady,1983,1h 32m,R,3.2,1.4K,,"Hoping to achieve success in Hollywood, a young aspiring screenwriter allows others to exploit her. She goes through affair after sordid affair in her attempt to write her own screenplay and have it produced.",https://www.imdb.com/title/tt0085863/?ref_=sr_i_121
122. Of Unknown Origin,1983,1h 28m,R,6.1,4.4K,51,"A man becomes destructively obsessed with killing a dangerous rat, which has taken residence in his recently renovated house.",https://www.imdb.com/title/tt0086036/?ref_=sr_i_122
123. Getting It On,1983,1h 36m,R,3.7,433,,"An ordinary sex-starved teenager and his friends start secretly video recording high school girls and their activity irks the community, as well as their principal.",https://www.imdb.com/title/tt0085588/?ref_=sr_i_123
124. Fire and Ice,1983,1h 21m,PG,6.5,15K,45,"At the end of the ice age, an evil queen and her son are set on conquering the world using magic and warriors. The lone survivor of a crushed village fights back as does the king of Fire Keep.",https://www.imdb.com/title/tt0085542/?ref_=sr_i_124
125. The Wicked Lady,1983,1h 38m,R,4.9,1.7K,,"A noblewoman grows restless with her privileged life and secretly takes to robbing travelers. She partners with a dashing highwayman, but her dangerous double life threatens to expose her true identity.",https://www.imdb.com/title/tt0086582/?ref_=sr_i_125
126. The Pirates of Penzance,1983,1h 52m,G,7.1,4.3K,66,"After a young man leaves a band of pirates, hilarity ensues.",https://www.imdb.com/title/tt0086112/?ref_=sr_i_126
127. Daniel,1983,2h 10m,R,6.6,1.8K,,"Daniel Isaacson attempts to determine the true complicity of his parents Paul and Rochelle Isaacson, who were executed for espionage in the 1950s.",https://www.imdb.com/title/tt0085398/?ref_=sr_i_127
128. Streamers,1983,1h 58m,R,6.4,2.3K,,Four young soldiers waiting to be shipped to Viet Nam deal with racial tension and their own intolerance when one soldier reveals he's gay.,https://www.imdb.com/title/tt0086377/?ref_=sr_i_128
129. Nostalgia,1983,2h 5m,Not Rated,7.9,34K,78,"A Russian poet and his interpreter travel to Italy researching the life of an 18th-century composer, and instead meet a ruminative madman who tells the poet how the world may be saved.",https://www.imdb.com/title/tt0086022/?ref_=sr_i_129
130. Heart Like a Wheel,1983,1h 53m,PG,6.8,1.7K,74,"Shirley Muldowney is determined to be a top-fuel drag racer, although no woman has ever raced them before. Despite the high risks of this kind of racing and the burden it places on her family life, she perseveres in her dream.",https://www.imdb.com/title/tt0085656/?ref_=sr_i_130
131. Eureka,1983,2h 10m,R,5.9,4.4K,63,"In 1925, a lone and obsessed Arctic prospector Jack McCann finally strikes gold. Twenty years later, he begins spiraling out of control when his only daughter becomes engaged to a man he strongly dislikes.",https://www.imdb.com/title/tt0083906/?ref_=sr_i_131
132. Slayground,1983,1h 29m,R,4.9,593,,"Thieves run over a child while escaping after a robbery. A deadly hitman who likes to taunt his targets is hired to track them down. Stone moves to England, but the assassin follows. Loosely based on Donald Westlake's cult crime novel.",https://www.imdb.com/title/tt0088135/?ref_=sr_i_132
133. Sans Soleil,1983,1h 40m,Not Rated,7.7,13K,,"A woman narrates the contemplative writings of a seasoned world traveler, focusing on contemporary Japan.",https://www.imdb.com/title/tt0084628/?ref_=sr_i_133
134. Rock & Rule,1983,1h 17m,PG,6.4,4.8K,,"A malevolent rock star kidnaps a singer to force her to participate in the summoning of a demon, and her band must help her stop him.",https://www.imdb.com/title/tt0086203/?ref_=sr_i_134
135. El Norte,1983,2h 21m,R,7.7,6.1K,75,"After their family is killed in a government massacre, siblings Enrique and Rosa flee Guatemala and embark on a perilous journey to ""El Norte.""",https://www.imdb.com/title/tt0085482/?ref_=sr_i_135
136. My Brother's Wedding,1983,1h 55m,Not Rated,7.1,1.2K,,A man who has struggled personally has conflicts with his upwardly mobile lawyer brother and his brother's well to-do fiancée and is reluctant to be the best man at their wedding.,https://www.imdb.com/title/tt0087763/?ref_=sr_i_136
137. Summerspell,1983,1h 40m,Not Rated,5.0,128,,"Family celebrations and tensions, Independence Day, Texas 1948",https://www.imdb.com/title/tt0086387/?ref_=sr_i_137
138. Confidentially Yours,1983,1h 50m,PG,7.2,8.2K,,"After he's implicated in several murders, a real estate agent hides out from the cops while his intrepid secretary does some private investigating of her own to locate the killer.",https://www.imdb.com/title/tt0086551/?ref_=sr_i_138
139. Sleepaway Camp,1983,1h 24m,R,6.2,45K,58,Bunks and showers are a mad stabber's beat at a summer camp strictly for teens.,https://www.imdb.com/title/tt0086320/?ref_=sr_i_139
140. A Caribbean Mystery,1983,1h 32m,Not Rated,6.3,1K,,"While Miss Marple is on vacation in a luxurious Caribbean resort, a fellow guest confides he has evidence that another resident of the hotel is an unscrupulous serial murderer but is poisoned before he can reveal his identity to her.",https://www.imdb.com/title/tt0085296/?ref_=sr_i_140
141. Angst,1983,1h 27m,Not Rated,7.1,17K,,A troubled man gets released from prison and starts taking out his sadistic fantasies on an unsuspecting family living in a secluded house.,https://www.imdb.com/title/tt0165623/?ref_=sr_i_141
142. Barefoot Gen,1983,1h 23m,TV-PG,8.0,11K,,"A powerful statement against war, Barefoot Gen is a disturbing story about the effect of the atomic bomb on a boy's life and the lives of the Japanese people.",https://www.imdb.com/title/tt0085218/?ref_=sr_i_142
143. The Key,1983,1h 56m,R,5.4,3.8K,,"1940s Venice. After twenty years of marriage, a retired art critic and his younger wife feel their passion is waning. To help her shed her inhibitions and rekindle their relationship, the professor records his sexual fantasies in a diary.",https://www.imdb.com/title/tt0085328/?ref_=sr_i_143
144. The Ballad of Narayama,1983,2h 10m,Not Rated,7.8,10K,,"In a poor 19th century rural Japanese village, everyone who reaches the age of 70 has to climb a nearby mountain to die. An elderly woman is reaching close to her cut-off age during her last days with her family.",https://www.imdb.com/title/tt0084390/?ref_=sr_i_144
145. L'Argent,1983,1h 25m,Not Rated,7.3,13K,95,A counterfeit bill that starts off as a schoolboy prank leads to incarceration and violence.,https://www.imdb.com/title/tt0085180/?ref_=sr_i_145
146. The 4th Man,1983,1h 42m,Unrated,7.1,9.5K,,A man who has been having visions of an impending danger begins an affair with a woman who may lead him to his doom.,https://www.imdb.com/title/tt0086543/?ref_=sr_i_146
147. Cucaracha,1983,1h 31m,,7.6,638,,"A policeman is torn between doing his job, following his code of honor and being dedicated to his love interest.",https://www.imdb.com/title/tt0253191/?ref_=sr_i_147
148. First Desires,1983,1h 33m,,4.6,1.4K,,"Three teenage girls decide to visit a romantic island and find love. They get shipwrecked and end up on different sides of the island. Each girl begins her own romantic adventure either with a man, a boy or even another girl.",https://www.imdb.com/title/tt0086136/?ref_=sr_i_148
149. Suburbia,1983,1h 34m,R,6.9,6.8K,73,"When household tensions and a sense of worthlessness overcome Evan, he finds escape when he hangs with the orphans of a throwaway society.",https://www.imdb.com/title/tt0086589/?ref_=sr_i_149
150. Jaane Bhi Do Yaaro,1983,2h 12m,Not Rated,8.3,18K,,"Two photographers, who are employed by a magazine editor to expose the scandalous activities of the rich, come across corruption by a builder and accidentally photograph a murder.",https://www.imdb.com/title/tt0085743/?ref_=sr_i_150
151. The Lift,1983,1h 35m,R,6.1,8.8K,,A lift technician finds himself drawn into a web of mystery and peril as he investigates the perplexing deadly accidents occurring in the elevators of a new office building.,https://www.imdb.com/title/tt0087622/?ref_=sr_i_151
152. Project A,1983,1h 45m,PG-13,7.2,21K,,"Fighting against pirates at the turn of the 20th century, the Hong Kong navy are failing miserably. It's up to Sergeant Dragon Ma to take matters into his own hands.",https://www.imdb.com/title/tt0085127/?ref_=sr_i_152
153. Danton,1983,2h 16m,PG,7.4,8.5K,,"In 1793, as the Terror begins in France, Georges Danton, a champion-of-the-people, returns to clash against Maximilien Robespierre and his extremist party.",https://www.imdb.com/title/tt0083789/?ref_=sr_i_153
154. Doraemon: Nobita and the Castle of the Undersea Devil,1983,1h 34m,,6.9,849,,"Doraemon suggests going on an underwater adventure for a summer vacation, and they find a underwater civilization that doesn't have contact with surface nations.",https://www.imdb.com/title/tt1147509/?ref_=sr_i_154
155. El Sur,1983,1h 35m,Not Rated,7.8,7.5K,,"A woman reflects on her childhood relationship with her father, attempting to understand the depths of his despair and the truth of his myths.",https://www.imdb.com/title/tt0084740/?ref_=sr_i_155
156. Heroic Times,1983,1h 24m,,7.3,626,,"The tragic medieval tale of a man of inhuman strength, fierce temper and a desire for noble knighthood. While on the run as a murderer, he finds new life as a knight, only to face disillusionment, the horrors of war and ugly human vices.",https://www.imdb.com/title/tt0847478/?ref_=sr_i_156
157. The Last Battle,1983,1h 32m,R,6.7,7.1K,,"In a post-apocalyptic future where no one is able to speak, the few remaining humans fight over resources in order to survive.",https://www.imdb.com/title/tt0085426/?ref_=sr_i_157
158. Born in Flames,1983,1h 19m,Not Rated,6.6,2.9K,75,"Set ten years after the most peaceful revolution in United States history, it presents a dystopia in which the issues of many groups - minorities, liberals, gay rights organizations, feminists - are dealt with by the government.",https://www.imdb.com/title/tt0085267/?ref_=sr_i_158
159. Masoom,1983,2h 45m,Not Rated,8.3,4.8K,,A happy family goes through turbulent times because of a big mistake by one of the family members.,https://www.imdb.com/title/tt0085913/?ref_=sr_i_159
160. The Ship Sails On,1983,2h 8m,PG,7.4,7.5K,,"In 1914, a luxury ship leaves Italy in order to scatter the ashes of a famous opera singer. A lovable bumbling journalist chronicles the voyage and meets the singer's many eccentric friends and admirers.",https://www.imdb.com/title/tt0087188/?ref_=sr_i_160
161. The Boys from Fengkuei,1983,1h 39m,,7.3,2.3K,,"Ah-Ching and his friends have just finished school in their island fishing village, and now spend most of their time drinking and fighting. Three of them decide to go to the port city of Kaohsiung to look for work. They find an apartment through relatives, and Ah-Ching is attracted to the girlfriend of a neighbor. There they face the harsh realities of the big city.",https://www.imdb.com/title/tt0085533/?ref_=sr_i_161
162. Pauline at the Beach,1983,1h 35m,R,7.3,12K,,Marion is about to divorce from her husband and takes her 15-year-old niece Pauline on a vacation to Granville. She meets an old love...,https://www.imdb.com/title/tt0086087/?ref_=sr_i_162
163. Cries of Pleasure,1983,1h 26m,Not Rated,4.6,479,,"A married man invites a woman to his house to live with him, just before the arrival of his wife, who is coming back from a mental asylum.",https://www.imdb.com/title/tt0085582/?ref_=sr_i_163
164. Nana,1983,1h 32m,R,4.5,914,,A beautiful and willful prostitute puts her appearance and body to use to become the toast of the town.,https://www.imdb.com/title/tt0084387/?ref_=sr_i_164
165. House of the Long Shadows,1983,1h 40m,PG,6.2,5.8K,,An American author finds a dilapidated Welsh manor perfect for writing until the residents host a bizarre family reunion.,https://www.imdb.com/title/tt0085693/?ref_=sr_i_165
166. The Final Terror,1983,1h 24m,R,5.2,4.7K,,A group of rangers go camping on unfamiliar forest grounds. All's well until the group members start getting killed by a cunning killer in the woods.,https://www.imdb.com/title/tt0082379/?ref_=sr_i_166
167. To Our Loves,1983,1h 39m,R,7.1,7.9K,,An erratic young woman's family desperately tries to prevent her increasingly erotic ways.,https://www.imdb.com/title/tt0086650/?ref_=sr_i_167
168. The Deadly Spawn,1983,1h 21m,R,5.9,6.1K,,"Alien creatures invade a small town and four teenagers, along with a young boy, attempt to escape from them.",https://www.imdb.com/title/tt0087998/?ref_=sr_i_168
169. Stuck on You!,1983,1h 28m,R,4.1,773,,"A couple with marriage problems goes to Family Court, where a judge takes them back in time to view lovers through the ages.",https://www.imdb.com/title/tt0088199/?ref_=sr_i_169
170. Siege,1983,1h 24m,R,6.6,1.7K,,"A gay bar is hit by a group of sociopaths, and all the patrons are killed except for one man who escapes and takes refuge in an apartment occupied by a group of friends, who will do anything they can to protect him and survive the siege.",https://www.imdb.com/title/tt0086276/?ref_=sr_i_170
171. The Beginning of Sex,1983,1h 20m,X,5.3,74,,"André and Lúcia find shelter at farmer Jonas's home. Working on his farm, they build a life together. When Jonas's daughter Helena visits with friends to pursue André, he stays loyal to Lúcia, now expecting their child.",https://www.imdb.com/title/tt0493730/?ref_=sr_i_171
172. Betrayal,1983,1h 35m,R,6.9,1.9K,,An affair between a literary agent and his best friend's wife. The story unfolds in reverse-chronological order.,https://www.imdb.com/title/tt0085234/?ref_=sr_i_172
173. First Name: Carmen,1983,1h 25m,R,6.3,5K,,A woman involved with a terrorist group becomes dangerously close to the police officer guarding the bank they plan to rob.,https://www.imdb.com/title/tt0086153/?ref_=sr_i_173
174. The Inheritors,1983,1h 30m,TV-MA,6.6,312,,"In 1980s Germany, two teens from different backgrounds join a neo-Nazi group seeking acceptance and purpose. They find structure and respect, but face moral dilemmas as the line between family dysfunction and political extremism blurs.",https://www.imdb.com/title/tt0083894/?ref_=sr_i_174
175. Endgame - Bronx lotta finale,1983,1h 38m,TV-14,5.1,1.7K,,A telepathic mutant recruits a post-World War III TV game-show warrior to lead her band of mutants to safety.,https://www.imdb.com/title/tt0089091/?ref_=sr_i_175
176. Going Berserk,1983,1h 25m,R,5.2,2.3K,,"A clumsy chauffeur is hypnotized by a cult to kill the father of his fiancée, a congressman who's suing the cult for fraud, and encounters several weird characters during the days leading up to his wedding.",https://www.imdb.com/title/tt0085603/?ref_=sr_i_176
177. The Outsider,1983,1h 43m,Not Rated,6.4,4.1K,,The story is about Commissioner Jordan who arrives in Marseille to combat drug trafficking activities in his own unique way.,https://www.imdb.com/title/tt0085900/?ref_=sr_i_177
178. Zu: Warriors from the Magic Mountain,1983,1h 38m,Unrated,6.6,3.4K,,A Chinese soldier in an ancient civil war flees the battlefield and gets caught up in a fantastical quest to save the world from evil.,https://www.imdb.com/title/tt0086308/?ref_=sr_i_178
179. All in Good Taste,1983,1h 25m,,2.8,564,,A filmmaker is upset to find out that his wholesome script about an orphan and his dog has been warped into a film about strippers.,https://www.imdb.com/title/tt0128037/?ref_=sr_i_179
"180. So Long, Stooge",1983,1h 40m,,7.3,3.7K,,A story of an odd friendship - and the unexpected consequences.,https://www.imdb.com/title/tt0086420/?ref_=sr_i_180
181. Island Fury,1983,1h 28m,Unrated,3.8,314,,"Teenage girls are kidnapped and brought to a remote island, which is inhabited by a family of crazed killers.",https://www.imdb.com/title/tt0086119/?ref_=sr_i_181
182. Extra Terrestrial Visitors,1983,1h 24m,,2.2,5K,,A young boy in the woods discovers a lovable alien...or is it?,https://www.imdb.com/title/tt0086026/?ref_=sr_i_182
"183. That Day, on the Beach",1983,2h 46m,Not Rated,7.6,1.9K,,Two friends who haven't seen each other for thirteen years reunite. One is a successful concert pianist just back from a European tour and the other has just started a new business.,https://www.imdb.com/title/tt0085635/?ref_=sr_i_183
184. Twice Upon a Time,1983,1h 14m,PG,6.9,1.4K,,Two wannabe heroes and their friends must stop a madman from giving everyone nightmares.,https://www.imdb.com/title/tt0086489/?ref_=sr_i_184
185. The Wolf,1983,1h 43m,TV-MA,5.9,925,,"Ex-guerrilla Kacper, possessed by late wife Maryna's spirit, is pursued by female werewolf. He recognizes werewolf traits in Julia, a countess involved with Austrian officer.",https://www.imdb.com/title/tt0086585/?ref_=sr_i_185
186. Balkan ekspres,1983,1h 42m,,7.7,3.2K,,A group of petty criminals is trying to make some money under the disguise of a musical band in German-occupied Serbia.,https://www.imdb.com/title/tt0085215/?ref_=sr_i_186
187. City of Pirates,1983,1h 51m,Not Rated,7.2,1.2K,,"A surreal odyssey in which a melancholic maidservant crosses paths with a homicidal little boy, travels to a tiny island and encounters a man with multiple personalities.",https://www.imdb.com/title/tt0086545/?ref_=sr_i_187
188. Acqua e sapone,1983,1h 49m,PG,6.6,2.1K,,A school janitor pretends to be a priest in order to give private lessons to a young top model.,https://www.imdb.com/title/tt0086850/?ref_=sr_i_188
189. Fanny Hill,1983,1h 38m,R,5.2,1.1K,,"Frances is a naive young woman who arrives in London from the countryside. There she works in a brothel. Her charm and beauty make her highly coveted, but she falls in love with Charles, who loves her not only for her body.",https://www.imdb.com/title/tt0087237/?ref_=sr_i_189
190. Sweet Sixteen,1983,1h 30m,R,5.1,3.2K,,Murder and mayhem seem to surround the new girl in town as her 16th birthday approaches.,https://www.imdb.com/title/tt0083146/?ref_=sr_i_190
191. A Summer in Saint Tropez,1983,59m,,5.1,649,,"In Saint-Tropez, seven young women spend two days enjoying leisure activities like swimming, cycling, grooming each other. One woman encounters a man named Renaud, leading to a celebration involving all of them.",https://www.imdb.com/title/tt0088202/?ref_=sr_i_191
192. BMX Bandits,1983,1h 28m,PG,5.5,6.8K,53,A trio of teen BMX enthusiasts become entangled with a group of bank robbers after discovering their cache of walkie-talkies.,https://www.imdb.com/title/tt0085204/?ref_=sr_i_192
193. Curtains,1983,1h 29m,R,5.5,7.1K,,Six young actresses auditioning for a movie role at a remote mansion are targeted by a mysterious masked murderer.,https://www.imdb.com/title/tt0085385/?ref_=sr_i_193
194. Hundra,1983,1h 30m,Not Rated,4.6,1.7K,,"Born in a tribe of fierce warrior women, the archer and sword fighter, Hundra, has been raised to despise the influence of men. Superior to any male, Hundra takes a vow of revenge until one day she finds love.",https://www.imdb.com/title/tt0087436/?ref_=sr_i_194
195. The Story of Piera,1983,1h 45m,,6.0,1K,,This erotic drama about the incestuous relationship of a mother and daughter is based on the autobiography of Italian theater actress Piera Degli Esposti.,https://www.imdb.com/title/tt0086372/?ref_=sr_i_195
196. Cecilia,1983,1h 37m,Not Rated,4.3,720,,"A woman experiences a traumatic sexual assault. Despite her ordeal, she reconnects intimately with her husband. She subsequently explore various consensual sexual relationships while processing the emotional impact of the initial incident.",https://www.imdb.com/title/tt0212049/?ref_=sr_i_196
197. One Deadly Summer,1983,2h 13m,R,7.2,6.3K,,A young woman who oozes sensuality arrives in a small town and marries the local mechanic. Was it love at first sight? What links her enigmatic presence to the family's piano? Is it curiosity or is it something far more sinister?,https://www.imdb.com/title/tt0086655/?ref_=sr_i_197
198. Adam and Eve,1983,1h 31m,TV-MA,4.3,561,,God casts Adam and Eve out of the Garden of Eden because Eve decided to eat a forbidden apple that a talking snake told her to eat. The disgraced couple find themselves battling a coterie of various creatures.,https://www.imdb.com/title/tt0083520/?ref_=sr_i_198
199. Mausoleum,1983,1h 36m,R,5.1,3.8K,,"10-year-old Susan Walker, mourning her mother's death, is possessed by a demon who has been preying on her female ancestors for centuries. Years later, the demon takes over when she has married OIiver Farrell and entered psychoanalysis.",https://www.imdb.com/title/tt0085918/?ref_=sr_i_199
200. Cross Creek,1983,2h 7m,PG,6.9,2.4K,,"In the 1930s, Marjorie Kinnan Rawlings moves to Florida's backwaters to write in peace. She feels bothered by affectionate men, editor and confused neighbors, but soon she connects and writes The Yearling, a classic of American literature.",https://www.imdb.com/title/tt0085380/?ref_=sr_i_200
201. Conquest,1983,1h 28m,R,5.2,3.4K,,"A young man, armed with a magical bow and arrows, embarks on a mystical journey through a mystical land to rid it of all evil and joins forces with an outlaw to take down an evil witch bent on claiming the magic bow for evil.",https://www.imdb.com/title/tt0085356/?ref_=sr_i_201
202. The First Turn-On!!,1983,1h 28m,R,4.4,1.2K,,A group of teenage summer campers and one counselor share the stories of their first sexual experiences when a rock slide traps them in a cave.,https://www.imdb.com/title/tt0085547/?ref_=sr_i_202
203. Go for It,1983,1h 47m,TV-PG,7.1,12K,,"Two men meet in a strange situation and end up being mistaken first for robbers, then for Secret Service agents.",https://www.imdb.com/title/tt0085601/?ref_=sr_i_203
204. The Geisha,1983,2h 24m,,6.9,399,,The loves and tragedies of a geisha in 1933 Japan.,https://www.imdb.com/title/tt0203224/?ref_=sr_i_204
205. Frightmare,1983,1h 26m,R,4.7,2.2K,,"When his loyal fans decide to steal his fresh corpse from the mortuary to party with it all night long, a true horror film star returns from the grave as a ghastly blood-sucker, bent on revenge. At least, will he spare his followers?",https://www.imdb.com/title/tt0083973/?ref_=sr_i_205
206. Hearts and Armour,1983,1h 38m,R,5.6,839,,"Bradamante, a woman wearing an invincible suit of armor, is travelling the countryside at the time of the Crusades. After ending up in the middle of a web of romantic and cultural tangles, she finds herself in love with a Moor prince, while one of the Christian knights has fallen in love with a Moor princess. Others, however, are against the cross-cultural romance, and Bradamante's love is soon forced into a duel to the death. Will she ever be with her true love?",https://www.imdb.com/title/tt0086074/?ref_=sr_i_206
207. American Taboo,1983,1h 34m,R,4.5,382,,"Unstable thirty-something introvert, who works as a photographer's assistant, becomes obsessed with his underage female neighbor, who, to his horror, reciprocates his feelings due to possible Electra complex.",https://www.imdb.com/title/tt0083547/?ref_=sr_i_207
"208. Strasek, der Vampir",1983,1h 9m,,5.3,57,,"Serbia, in the year 1910: Milena Strasek has lived with her 12-year-old son Stefan in a small village since the father abandoned the family shortly after Stefan was born. Many years of uncertainty concerning the man's whereabouts have taken their toll: Milena Strasek falls seriously ill and dies, leaving her son alone in the empty house. The father appears the following night. He has come to take his son, but Stefan refuses to go with him.",https://www.imdb.com/title/tt7246926/?ref_=sr_i_208
209. Grizzly II: Revenge,1983,1h 14m,Not Rated,2.6,2.4K,7,"All hell breaks loose when a giant Grizzly, reacting to the slaughter of Grizzlies by poachers, attacks at a massive big-band rock concert in the National Park.",https://www.imdb.com/title/tt0093119/?ref_=sr_i_209
210. Sweet Bunch,1983,2h 34m,,7.4,1.9K,,"A band of handsome Athenian pariahs waiting for a miracle have a fateful encounter with the ever-present state instead. And as the law's suffocating stranglehold tightens around them, the shotguns have the final say.",https://www.imdb.com/title/tt0085599/?ref_=sr_i_210
211. Warriors of the Wasteland,1983,1h 31m,R,4.6,3.4K,,Two mercenaries help wandering caravans fight off an evil and aimless band of white-clad bikers after the nuclear holocaust.,https://www.imdb.com/title/tt0084424/?ref_=sr_i_211
212. Eyes of Fire,1983,1h 26m,R,6.2,3K,,"A preacher is accused of adultery, and he and his followers are chased out of town. They become stranded in an isolated forest, which is haunted by the spirits of French colonists controlled by evil.",https://www.imdb.com/title/tt0085515/?ref_=sr_i_212
213. The Prey,1983,1h 20m,R,4.4,2.3K,,"Three couples go on a camping trip in the woods of southern California during the summer, where a deformed man is stalking their camp.",https://www.imdb.com/title/tt0086137/?ref_=sr_i_213
214. Diamonds of Kilimandjaro,1983,1h 23m,Not Rated,3.7,944,,A group of adventurers head to a primitive tribe in Africa to find a treasure of diamonds and a beautiful white girl who was lost years ago and was made the tribe's goddess.,https://www.imdb.com/title/tt0086428/?ref_=sr_i_214
215. Sadma,1983,2h 21m,,8.3,3.9K,,"A head injury causes a woman to regresses to childhood. Lost and confused, she is eventually befriended by a school teacher.",https://www.imdb.com/title/tt0086230/?ref_=sr_i_215
216. Variety,1983,1h 40m,Not Rated,6.1,1.7K,,"A woman becomes obsessed with pornography and the mysterious rich patron of the Times Square porn theater called Variety where she works selling tickets. This awakens her sexuality, which confuses her worried boyfriend.",https://www.imdb.com/title/tt0090251/?ref_=sr_i_216
217. The Jigsaw Man,1983,1h 34m,PG,5.1,2.4K,,An MI6 defector's appearance is changed by the KGB before he's sent back to Britain to recover top-secret documents.,https://www.imdb.com/title/tt0085755/?ref_=sr_i_217
218. Deadly Circuit,1983,2h,,6.8,3.2K,,"A P.I. is obsessed with a cute woman, who seduces and kills rich men around W. Europe.",https://www.imdb.com/title/tt0084358/?ref_=sr_i_218
219. Un povero ricco,1983,1h 32m,,6.1,806,,"A rich manager, obsessed by the idea of becoming poor, decides to temporarily leave his nice house and his beautiful wife, and begin living like poor, homeless people.",https://www.imdb.com/title/tt0189021/?ref_=sr_i_219
220. Six Swedish Girls in the Alps,1983,1h 30m,,4.5,353,,This comedy has everyone's favorite 6 Swedish gals enjoying their stay in the alps. When the girls aren't enjoying the pleasure of their own company they're out having a good time with nearly everyone else in town.,https://www.imdb.com/title/tt0086267/?ref_=sr_i_220
221. The House of Lost Women,1983,1h 30m,,4.7,379,,"Desdemona is a pensive young nymphomaniac whose life on a remote island with her father, stepmother and mentally-challenged sister seethes with violence and incest. The drama will explode with the arrival of a young and attractive hunter.",https://www.imdb.com/title/tt0085305/?ref_=sr_i_221
222. Prisoners of the Lost Universe,1983,1h 34m,,3.8,2.4K,,"Three people are transported into a parallel reality, where they find they must use modern technology, but medieval weapons, in order to save the citizenry from a murderous warlord.",https://www.imdb.com/title/tt0086141/?ref_=sr_i_222
223. Colegialas lesbianas y el placer de pervertir,1983,1h 16m,,5.2,98,,"Aunt Mary is not happy with her recent marriage. Her husband always wants to go to bed, and she doesn't like it since she was violated two years ago. Her sister's daughter comes with a girl to spend some days in the house. Mary learns how to love both men and women.",https://www.imdb.com/title/tt0083742/?ref_=sr_i_223
224. Utopia,1983,3h 18m,,7.6,435,,"Five sex workers navigate love and desire while their manipulative pimp exploits rivalries to maintain control, revealing the dark intersection of capitalism and human relationships.",https://www.imdb.com/title/tt0135032/?ref_=sr_i_224
225. Ardh Satya,1983,2h 10m,,8.1,2.5K,,"A newly appointed police rookie deals with corruption, romance, and brutality.",https://www.imdb.com/title/tt0085178/?ref_=sr_i_225
226. Art of Love,1983,1h 32m,,4.3,429,,"Young student Claudine has a dream in which the Roman student Cornelius, fascinated by the beautiful wife of the commander, attends lectures on the art of love of great Ovid. Ancient tragedy happens again in a few centuries",https://www.imdb.com/title/tt0085182/?ref_=sr_i_226
227. Dark Habits,1983,1h 54m,Not Rated,6.5,9.4K,57,A nightclub singer seeks refuge with gay nuns on dope in a Madrid convent.,https://www.imdb.com/title/tt0085496/?ref_=sr_i_227
228. The Girl Who Leapt Through Time,1983,1h 44m,,6.5,1.2K,,A high-school girl acquires the ability to time travel.,https://www.imdb.com/title/tt0086456/?ref_=sr_i_228
229. Macumba Sexual,1983,1h 20m,Unrated,4.9,910,,"A troubled vacation takes a surreal turn when Alice meets the mysterious woman haunting her dreams, forcing desire and reality into an increasingly unstable collision.",https://www.imdb.com/title/tt0085883/?ref_=sr_i_229
230. Black Venus,1983,1h 20m,R,4.5,616,,"Paris, 19th century rot. A collector revisits a brothel and finds Venus, a black prostitute posed in antebellum drag. Memory splinters into fantasy. Artist meets muse. Shame and hunger. Sapphic refuge with a wealthy woman. Violent expulsion. The gutter again. Spain calls with surf and hair-combing. The deranged sculptor follows. The film breathes exploitation but occasionally believes its own melancholy.",https://www.imdb.com/title/tt0085249/?ref_=sr_i_230
231. The Boxer's Omen,1983,1h 39m,Not Rated,7.0,2.6K,,"While in Thailand to avenge his brother who was crippled in a fight with a corrupt Thai boxer, a man gets caught up in a web of fate, Buddhism and black magic.",https://www.imdb.com/title/tt0085951/?ref_=sr_i_231
232. Women's Prison Massacre,1983,1h 29m,Not Rated,4.6,1.4K,,"Four escaped male convicts seize control of a women's prison and proceed to terrorize the inmates, one of whom is reporter Emanuelle, incarcerated on trumped-up charges.",https://www.imdb.com/title/tt0085250/?ref_=sr_i_232
233. Independence Day,1983,1h 50m,R,6.5,694,,"Mary Ann Taylor, of Mercury, Texas, loves the comforts of her hometown but is dissatisfied with a life dedicated to serving coffee and grilling hamburgers in her father's cafeteria. Her true passion is photography.",https://www.imdb.com/title/tt0085724/?ref_=sr_i_233
234. Kehraus,1983,1h 28m,,7.1,786,,"Fork-lift truck driver Ferdinand Weitel is desperate: he earns just a few deutschmarks a month, and now an unsavoury insurance agent has talked him into signing over expensive contracts. When Weitel decides to visit the assurance agency and put matters right, on carnival day, his journey turns into a satirical trip through German party life...",https://www.imdb.com/title/tt0085781/?ref_=sr_i_234
235. A Blade in the Dark,1983,1h 48m,Unrated,5.9,4.6K,,A killer stalks a composer staying at a posh Tuscany villa while writing the score to a horror film which has an incriminating clue to the killer's identity.,https://www.imdb.com/title/tt0085303/?ref_=sr_i_235
236. Olivia,1983,1h 25m,Not Rated,5.3,1.1K,,Witnessing her Mother's murder as a child has an odd effect on a woman when she weds.,https://www.imdb.com/title/tt0082841/?ref_=sr_i_236
237. Night of Open Sex,1983,1h 34m,Not Rated,4.6,331,,A beautiful and erotic cabaret dancer Moira is hired to impersonate another woman who turns out to be a secret agent and must receive an important message in Las Palmas de Gran Canaria.,https://www.imdb.com/title/tt0086020/?ref_=sr_i_237
238. Winners & Sinners,1983,1h 48m,PG-13,6.6,6.6K,,"Fresh from prison, five friends try to stay crime free but inadvertently find themselves caught in a Triad war.",https://www.imdb.com/title/tt0086605/?ref_=sr_i_238
239. Space Raiders,1983,1h 24m,PG,4.5,2K,,"A futuristic, sensitive tale of adventure and confrontation when a 10 year old boy is accidentally kidnapped by a spaceship filled with a motley crew of space pirates.",https://www.imdb.com/title/tt0086345/?ref_=sr_i_239
240. Carmen,1983,1h 42m,R,7.4,3.9K,,"A group of flamenco dancers are rehearsing a very Spanish version of Bizet's dramatization of Prosper Merimee's novella Carmen. The choreographer Antonio falls in love with Carmen, the main dancer. Their story then turns similar to the play.",https://www.imdb.com/title/tt0085297/?ref_=sr_i_240
241. Hot Property,1983,1h 52m,,7.0,11,,"A neighborhood bum and toughie helps his police-officer father run after a diamond-smuggling syndicate--and gets romantically involved with the syndicate's courier, a bold lingerie model.",https://www.imdb.com/title/tt0087426/?ref_=sr_i_241
242. Warrior of the Lost World,1983,1h 32m,R,2.7,3.2K,,"A nomad mercenary on a high-tech motorcycle helps bring about the downfall of the evil Orwellian government, the Omega.",https://www.imdb.com/title/tt0088380/?ref_=sr_i_242
243. Surf II,1983,1h 26m,R,5.3,1.4K,,"A disgruntled nerd, who was bullied in high school, creates Buzz Cola, a soft drink that turns surfers into mindless zombies.",https://www.imdb.com/title/tt0088207/?ref_=sr_i_243
244. 2019: After the Fall of New York,1983,1h 36m,R,5.5,3.6K,,"After a nuclear war, society breaks down into two groups, the evil Euraks and the rebel Federation. A mercenary named Parsifal is hired by the Federation to infiltrate New York City, which is controlled by the Euraks, to rescue the only fertile woman left on Earth.",https://www.imdb.com/title/tt0085125/?ref_=sr_i_244
245. The Return of Captain Invincible,1983,1h 30m,PG,5.6,1.2K,,"During WWII, Captain Invincible fought against Nazis using superpowers. Later falsely accused of communism, he retires in Australia. When a secret US weapon gets stolen, he's called back but struggles with alcoholism.",https://www.imdb.com/title/tt0086189/?ref_=sr_i_245
246. Seeding of a Ghost,1983,1h 30m,,6.5,1.3K,,"After the wife of a taxi driver is raped and killed by two teenage hooligans, he pleads with a sorcerer to lift the hex and exact revenge.",https://www.imdb.com/title/tt0086640/?ref_=sr_i_246
247. Beauty in Rope Hell,1983,1h 17m,,5.6,180,,A mailman abducts a housewife and holds her captive as his sex slave.,https://www.imdb.com/title/tt0285498/?ref_=sr_i_247
248. Coolie,1983,2h 57m,Not Rated,6.6,3.1K,,"When Iqbal gets separated from his mother and brother by a flood, he becomes a coolie at Mumbai railway station. He then fights for the coolies rights and faces challenges from a businessman.",https://www.imdb.com/title/tt0085361/?ref_=sr_i_248
249. The Girl and the Rapist,1983,1h 18m,,4.4,200,,"This is the story of a rich and spoiled young woman, who is neglected by her mother, so her maid and her Afro-Caribbean husband are responsible for educating her.",https://www.imdb.com/title/tt0279223/?ref_=sr_i_249
250. Fatal Games,1983,1h 28m,,4.8,1.9K,,Athletes at a sports academy are getting systematically killed by a mysterious javelin thrower.,https://www.imdb.com/title/tt0087243/?ref_=sr_i_250
251. Zappa,1983,1h 43m,Not Rated,7.3,3.3K,,"In the early '60s, 3 Danish classmates join a ""den""/tree house. Steen likes his pet fish Zappa because it eats the weaker fish. Bjørn attracts girls and Mulle is a talkative, strong boy. Steen gets them into burglary and later escalates.",https://www.imdb.com/title/tt0088445/?ref_=sr_i_251
252. China Scandal: Exotic Dance,1983,1h 38m,,4.5,71,,"A very wealthy playboy sets out to have sex with Japan's foremost recording artist, Mari Yamasaki, despite her wishes to the contrary as she rejects his advances multiple times. Will he ever succeed in adding her to his long list of famous conquests?",https://www.imdb.com/title/tt0085262/?ref_=sr_i_252
253. Spasms,1983,1h 30m,R,4.4,1.4K,,A gigantic serpent is captured on a remote island and shipped to an American college for experimentation. A British millionaire and an American scientist must pursue the beast when it escapes and starts to kill innocent people.,https://www.imdb.com/title/tt0086349/?ref_=sr_i_253
254. The Prize of Peril,1983,1h 38m,,6.7,1.9K,,"In a futuristic society, contestants pit their survival skills against each other in a fight to the death for cash prizes, and the contest is aired live on television.",https://www.imdb.com/title/tt0084540/?ref_=sr_i_254
255. Rembetiko,1983,1h 50m,,8.1,3.4K,,"The story of a group of Rembetes, singers and musicians of the Greek equivalent to the blues, in the early decades of the 20th century, seen through the eyes of a young female singer.",https://www.imdb.com/title/tt0086182/?ref_=sr_i_255
256. New York Nights,1983,1h 43m,R,4.5,217,,"A play-based erotic anthology about Manhattan's vibrant, lusty and seedy nightlife and 9 sleazy trysts of the rich and the streetwise New Yorkers. Features Penthouse Pet Corinne Alphen and then unknown Willem Dafoe in a cameo.",https://www.imdb.com/title/tt0087786/?ref_=sr_i_256
257. The Blade Master,1983,1h 32m,PG,2.4,4K,,"Muscle-bound Ator and his mute East Asian sidekick travel from the ends of the earth to save his aged mentor from the evil, mustachioed Zor.",https://www.imdb.com/title/tt0086972/?ref_=sr_i_257
258. English Education,1983,1h 30m,,4.7,289,,"After losing both her parents, young Sylvie is enrolled in a strict and sadistic boarding school by her uncaring ward.",https://www.imdb.com/title/tt0084961/?ref_=sr_i_258
259. The Moon in the Gutter,1983,2h 17m,R,5.9,1.7K,,"He is a revenge-obssessed stevedore whose sister was brutally raped and murdered. She is a wealthy, elusive woman. They try hard to get together... or do they?",https://www.imdb.com/title/tt0085878/?ref_=sr_i_259
260. Female Teacher: Twice Raped,1983,1h 10m,,5.7,53,,High school science teacher Kojima Miho is very popular among male students.,https://www.imdb.com/title/tt0226256/?ref_=sr_i_260
261. Let's Do It!,1983,1h 22m,R,4.6,215,,A virgin named Freddie has a major complex about his mother and won't let himself become involved with any other woman.,https://www.imdb.com/title/tt0084241/?ref_=sr_i_261
262. Cracking Up,1983,1h 29m,PG,5.7,1.2K,,"Suicidal nerd seeks help from psychiatrist, runs into various nutty characters.",https://www.imdb.com/title/tt0085375/?ref_=sr_i_262
263. The ComDads,1983,1h 32m,PG,6.9,7.7K,,"A woman, whose troubled son has left home, informs two different men from her past that each of them is a real father. Too different men.",https://www.imdb.com/title/tt0085354/?ref_=sr_i_263
264. Bush Christmas,1983,1h 31m,Not Rated,5.1,476,,"Struggling to save their outback farm from foreclosure, an Australian family pins hopes on their horse, Prince, winning a New Year's race. But when Prince goes missing the determined children brave a dangerous adventure to retrieve him.",https://www.imdb.com/title/tt0085282/?ref_=sr_i_264
265. G,1983,1h 49m,,5.3,1.7K,,"Three friends, Robban, Alexander and Kim has just left the compulsory school, and now they consider themselves grown-up and mature, being 16 years old. During the summer holiday they also get a bit of experience of the world: Robban becomes a full-time drug addict, Alexander plays in a rock band but leaves it and Kim is desperate to get the girl of his dreams.",https://www.imdb.com/title/tt0085574/?ref_=sr_i_265
266. Le Bal,1983,1h 49m,,7.6,3.3K,,"Dance moves, music and fashion mark the passage of time inside a Paris dance hall, throughout fifty years of history.",https://www.imdb.com/title/tt0085213/?ref_=sr_i_266
267. Crime and Punishment,1983,1h 33m,Not Rated,7.0,3.9K,,"A slaughterhouse worker and former law student, takes vengeance on the man who killed his fiancée in a hit and run accident.",https://www.imdb.com/title/tt0086199/?ref_=sr_i_267
268. Golgo 13: The Professional,1983,1h 31m,Not Rated,6.8,3.7K,,"After killing the son of a powerful oil tycoon, an infamous hit-man is targeted by American governmental forces and superhuman assassins.",https://www.imdb.com/title/tt0086148/?ref_=sr_i_268
269. Midnite Spares,1983,1h 27m,,5.3,355,,"After discovering that a group of car thieves may have something to do with his father's untimely death, Steve pursues the criminals and attempts to capture them as well as prove his prowess as a racecar driver.",https://www.imdb.com/title/tt0085939/?ref_=sr_i_269
270. Surprise Party,1983,1h 40m,,4.6,166,,Adventures of a group of youngsters set in a provincial French city in the 1950s.,https://www.imdb.com/title/tt0086396/?ref_=sr_i_270
271. Human Animals,1983,1h 37m,Not Rated,5.1,466,,"After several nuclear explosions, two men and one woman wake up in the middle of a desert and begin a journey of survival and self discovery.",https://www.imdb.com/title/tt0083563/?ref_=sr_i_271
272. Duel to the Death,1983,1h 26m,R,7.2,2.7K,,"A sword master duel which takes place in China every ten years between the best from China vs the best from Japan is only days away. While the two martial artists prepare, suspicious ninja activity begins to take place in the vicinity.",https://www.imdb.com/title/tt0084924/?ref_=sr_i_272
273. Kandagawa Pervert Wars,1983,1h,,4.9,327,,"Two sexually energized young women who live in a high-rise apartment building happen one day to spy from their window a mother and son making love in the apartment across from theirs. They decide to stage a rescue attempt to free him and in the process one of the young women ends up falling in love with the son despite having a boyfriend and enjoying sex with her female companion. Of course, the mother they are warring against has her own plans when she feels her privacy invaded.",https://www.imdb.com/title/tt0163030/?ref_=sr_i_273
274. Boggy Creek II: And the Legend Continues,1983,1h 31m,PG,2.6,3.9K,,A professor and three of his students camp out in the wilderness to find a Bigfoot-type creature.,https://www.imdb.com/title/tt0088772/?ref_=sr_i_274
275. Dagger Eyes,1983,1h 28m,,5.6,651,,"Assassins are after a prostitute who has come into possession of a cigarette lighter that, unbeknownst to her, contains the negatives that show a politician's assassination.",https://www.imdb.com/title/tt0085983/?ref_=sr_i_275
276. Wavelength,1983,1h 27m,PG,5.6,1K,,A couple discovers stranded alien children detained in a military base. They plan to free them and unite them with their homeworld's rescue vessel.,https://www.imdb.com/title/tt0086571/?ref_=sr_i_276
277. The Devonsville Terror,1983,1h 22m,Not Rated,5.0,1.6K,,"Dr. Worley probes a witch's curse in Devonsville after three women arrive, angering misogynistic leaders. One is the reincarnated witch seeking vengeance on men. It follows the clash with the patriarchal town and curse investigation.",https://www.imdb.com/title/tt0085434/?ref_=sr_i_277
278. Två killar och en tjej,1983,1h 51m,,5.3,445,,Three friends who have not seen each other in seventeen years are reunited.,https://www.imdb.com/title/tt0086488/?ref_=sr_i_278
279. White Star,1983,1h 32m,,5.9,358,,A rock music reporter and his view of the angry excited punk generation.,https://www.imdb.com/title/tt0086578/?ref_=sr_i_279
280. Revenge of the Dead,1983,1h 29m,R,6.2,2.8K,,Journalist Stefano buys a typewriter and finds readable text on the ribbon. He reconstructs the story of a scientist who discovered that certain lands can revive the dead.,https://www.imdb.com/title/tt0086636/?ref_=sr_i_280
"281. Reuben, Reuben",1983,1h 41m,R,6.8,1.5K,,A drunken Scottish poet who has not written a word in years feels compelled to regain control of his life and work after meeting a beautiful young woman.,https://www.imdb.com/title/tt0084591/?ref_=sr_i_281
282. 2020 Texas Gladiators,1983,1h 31m,Not Rated,4.6,1K,,"In a post-apocalyptic Texas, a band of warriors fight against a fascist regime that is trying to take control of all surviving population.",https://www.imdb.com/title/tt0083565/?ref_=sr_i_282
283. Treasure of the Four Crowns,1983,1h 37m,PG,4.1,901,,A group of adventurers are gathered together to retrieve some mystical gems which are in the possession of a deadly cult.,https://www.imdb.com/title/tt0084781/?ref_=sr_i_283
284. Shaolin and Wu Tang,1983,1h 27m,Unrated,7.0,1.2K,,Two friends from rival schools are turned against one another by a jealous chief who wants to eliminate those whose fighting styles may rival his own.,https://www.imdb.com/title/tt0083062/?ref_=sr_i_284
285. The Beautiful Prisoner,1983,1h 28m,Not Rated,6.3,1.6K,,"Walter is told by his boss, Sara, to deliver an urgent letter to Henri de Corinthe. On the way he finds a beautiful woman he had been eying in a nightclub, lying in the road, bound up. He takes her to a villa to get a doctor, and ends up being locked in a bedroom with her. While she is making love to him, he has visions of surrealistic images from René Magritte's paintings. In the morning, the girl, Marie-Ange, has vanished, the villa looks derelict, and his neck is bleeding. Was it all just a nightmare?",https://www.imdb.com/title/tt0085226/?ref_=sr_i_285
286. Imps*,1983,1h 18m,Not Rated,3.9,354,,"Once Upon a Time in a mythical place called Hollywood, a long, long, long time ago in a galaxy not so very far away, a witty group of actors with 38 EMMY Nominations, 3 Academy Award nominations, and 8 Golden Globe nominations, along with 4 Playmates and a Penthouse Pet, came together in a burst of comic frenzy and created imps*.",https://www.imdb.com/title/tt1330618/?ref_=sr_i_286
287. Escape from the Bronx,1983,1h 29m,R,4.7,3.4K,,A rag-tag group of people must fight extermination squads amid their ruined city.,https://www.imdb.com/title/tt0089104/?ref_=sr_i_287
288. Daffy Duck's Movie: Fantastic Island,1983,1h 18m,G,6.9,2.4K,,"On a desert island, Daffy Duck and Speedy Gonzales find a magic well that grants any wish and they get much more than they bargained for.",https://www.imdb.com/title/tt0085390/?ref_=sr_i_288
"289. Another Time, Another Place",1983,1h 58m,R,6.4,388,,"Set in 1943 Scotland during World War II, Janie is a young housewife married to a man named Dougal, 15 years her senior. As part of a war rehabilitation program, Janie and Dougal welcome three Italian P.O.W.'s to work on their farm and Janie soon falls in love and enters into a doomed affair with one of the Italians named Luigi.",https://www.imdb.com/title/tt0036606/?ref_=sr_i_289
290. Sexo Animal,1983,1h 45m,,6.2,24,,"Jonas, hired by a large real estate company to be the concierge of a luxury residence. In the same residence, used by the owner for parties, and to promote depravity, Jonas meets Tania, a luxury prostitute.",https://www.imdb.com/title/tt0329586/?ref_=sr_i_290
291. Screamtime,1983,1h 29m,R,4.9,1.3K,,"A trilogy of three improbable stories of horror and the supernatural are combined into this low budget thriller: ""That's the Way to Do It,"" ""Dreamhouse,,"" and ""Do You Believe in Fairies?""",https://www.imdb.com/title/tt0086263/?ref_=sr_i_291
292. The Alchemist,1983,1h 18m,R,3.8,753,,A man seeks revenge on an evil magician who placed a curse on him.,https://www.imdb.com/title/tt0088691/?ref_=sr_i_292
293. The Exterminators of the Year 3000,1983,1h 43m,R,5.1,1.5K,,"In the year 3000, the Earth has been rendered a desert by nuclear war. A group of survivors goes in search of rare and valuable water, but standing in their way are the evil Exterminators, who live only to cause pain and misery.",https://www.imdb.com/title/tt0085514/?ref_=sr_i_293
294. El pico,1983,1h 50m,,6.8,1.5K,,"Paco, son of a conservative Civil Guard commander, and his best friend, Urko, son of a socialist politician, are heroin dealers and addicts. The two teens seem to be gripped by their addiction, but will tragedy be the only conclusion?",https://www.imdb.com/title/tt0086104/?ref_=sr_i_294
295. Order of Death,1983,1h 53m,R,5.5,1.3K,,A pair of corrupt cops spend their illegal cash on an uptown New York City apartment.,https://www.imdb.com/title/tt0085366/?ref_=sr_i_295
296. Peccati a Venezia,1983,1h 30m,,4.2,72,,Amorous adventures of 3 cousins in Venice.,https://www.imdb.com/title/tt0131524/?ref_=sr_i_296
297. Heartbreaker,1983,1h 30m,R,4.2,148,,"Beto the leader of the car club ""the golden knights"" falls in love with Kim, but Hector also have an interest in Kim.",https://www.imdb.com/title/tt0085659/?ref_=sr_i_297
298. The Store,1983,1h 58m,,7.2,528,,"A look at the employees and shoppers at the Neiman-Marcus department store in Dallas, Texas during the holiday season.",https://www.imdb.com/title/tt0086371/?ref_=sr_i_298
299. Baby Love,1983,1h 25m,R,5.5,1.3K,,"Benny falls in love with his best friend's little sister. They hide it from her brother, who is trying to protect her.",https://www.imdb.com/title/tt0086926/?ref_=sr_i_299
300. Legend of the Eight Samurai,1983,2h 13m,,6.4,1.6K,,"Princess Shizu was born under a terrible curse. Only the eight legendary samurai, hailing from across Japan, can protect her from an ancient supernatural clan to fulfill their destinies as foretold by prophecy.",https://www.imdb.com/title/tt0086244/?ref_=sr_i_300
301. The Seven Magnificent Gladiators,1983,1h 23m,PG,3.8,698,,A bandit chief with magic powers from his witch mother raids a village yearly. The village women find an enchanted sword and seek a hero who can use it to defeat him.,https://www.imdb.com/title/tt0086289/?ref_=sr_i_301
302. The Fashioned in Saint-Tropez,1983,1h 25m,,3.9,429,,Four friends discover the pleasures of Saint-Tropez.,https://www.imdb.com/title/tt0085272/?ref_=sr_i_302
303. As Panteras Negras do Sexo,1983,1h 25m,,4.7,13,,"A young mixed-race woman from a humble family falls for a wealthy womanizer, leading to tragic consequences. Her death sparks a manhunt by her brothers and law enforcement, ending in a fiery pursuit.",https://www.imdb.com/title/tt0456585/?ref_=sr_i_303
304. Hapnimiyah,1983,1h 28m,,5.6,15,,,https://www.imdb.com/title/tt0146847/?ref_=sr_i_304
305. A Season in Hakkari,1983,1h 50m,,7.4,1.9K,,"A urban Turkish teacher is transferred for political reasons to a backward Kurdish village in the mountains near the Iranian border. He is welcomed with distrust, but during that harsh year the mutual cultural misunderstandings fade away.",https://www.imdb.com/title/tt0084045/?ref_=sr_i_305
306. Hanna K.,1983,1h 51m,R,6.5,1.1K,,An Israeli lawyer is defending a Palestinian charged by The Military Court System in the Israeli-Occupied Territories. It's a tough case because of a strong political background.,https://www.imdb.com/title/tt0085642/?ref_=sr_i_306
307. Antarctica,1983,2h 23m,G,7.6,2K,,"Two Japanese scientists, Ushioda and Ochi, develop a bond with their sled dogs while on an expedition in Antarctica. Ushioda and Ochi eventually leave Antarctica, only to return to search for the dogs inadvertently marooned there.",https://www.imdb.com/title/tt0085991/?ref_=sr_i_307
308. Sagara Sangamam,1983,2h 40m,,8.7,6.6K,,"A classical dancer, Balakrishna, faces many struggles, but is eventually redeemed.",https://www.imdb.com/title/tt0086231/?ref_=sr_i_308
309. Deep in the Heart,1983,1h 41m,R,6.6,635,,"Shortly after moving to Dallas, a young woman is raped at gunpoint. Her intense anger drives her to seek revenge, and she becomes a hunter on a vengeance mission.",https://www.imdb.com/title/tt0085418/?ref_=sr_i_309
310. Jeans and T-shirt,1983,1h 21m,,4.2,190,,"Nino works as an ice cream seller on the Italian island of Capri, where he falls in love with a young woman with a rich and disapproving father.",https://www.imdb.com/title/tt0085751/?ref_=sr_i_310
311. Waiter!,1983,1h 42m,,6.3,929,,"A middle-aged waiter has long harbored dreams of becoming a singer, and is also anxious to prove he's as virile as he was when he started pushing plates. He gets a chance to rev up his sexual energy and his musical skills when an old flame reenters his life after 17 years.",https://www.imdb.com/title/tt0085576/?ref_=sr_i_311
312. Joy,1983,1h 42m,R,4.9,316,,"This is the story about Joy who falls in love with an older man (she has been looking for her missing father all her life), and then travels around Paris with him and his other female companion, experiencing a broad range of sexual encounters.",https://www.imdb.com/title/tt0085763/?ref_=sr_i_312
313. Better Late Than Never,1983,1h 29m,PG,5.5,219,,Two men show up claiming to be the grandfather of a child heiress.,https://www.imdb.com/title/tt0083647/?ref_=sr_i_313
314. Brussels by Night,1983,1h 27m,,6.5,951,,"This is the story of a man who travels to Brussels, and meets some people with whom he spends a few days. When they all go on a day trip to the ""slanting plane"" of Ronquieres, all sorts of bottled up frustrations flare up.",https://www.imdb.com/title/tt0088861/?ref_=sr_i_314
315. Thor the Conqueror,1983,1h 31m,R,3.2,544,,"In the vein of CONAN THE BARBARIAN and Lucio Fulci's CONQUEST comes a tale of mythology and magic, of how THOR, a legendary god, triumphs over overwhelming odds to great victory and the destruction of his foes. After both his parents are brutally murdered by his father's rival Gnut and his men the new born Thor is placed in hiding by the physical embodiment of the god Teisha. Raised in secret under the guidance of Teisha, Thor comes to maturity and goes on a quest to avenge the death of his parents and return peace to his lands, in the process he discovers a woman to take as his wife. Taking the beautiful warrior virgin, Ina, as his companion, his exploits lead to a confrontation with Gnut, the slayer of his father. He finds and uncovers his father's sword and masters the art of combat, all under the ever watchful eye of the amorphous Teisha. How can Thor overcome Gnut and his horde? Watch the story of Thor, The Conqueror, to this day recalled in legend and in rock drawings!",https://www.imdb.com/title/tt0200211/?ref_=sr_i_315
316. Devil Fetus,1983,1h 24m,,6.1,739,,"A woman becomes possessed after buying an antique vase which housed a demon. She dies, but not before the demon planted his seed into her body. Years later, the demon re-awakens, possesses her nephew, and begins to wreak havoc.",https://www.imdb.com/title/tt0085953/?ref_=sr_i_316
317. Ironmaster,1983,1h 38m,,4.7,1.2K,,"A violent man is ejected from his tribe after killing two of its elders, but he discovers a way to make weapons out of iron, and begins waging war against all the tribes in the region. His arch rival manages to escape and vows to stop him.",https://www.imdb.com/title/tt0084036/?ref_=sr_i_317
318. Party Party,1983,1h 40m,,6.6,506,,"It's New Year's Eve. Larry throws a party at his parents' home while they're out. Unbeknownst to his parents, all of Larry's friends and local police attend the unauthorized celebration.",https://www.imdb.com/title/tt0086081/?ref_=sr_i_318
319. Beauty and the Beast,1983,1h 27m,,7.0,703,,"In Århus, Denmark, mom's in hospital, pregnant, while dad and 16 y.o.daughter are spending time together painting the baby room. Dad can't accept that his daughter has grown up with interest in guys etc. Instead, he turns to spying on her.",https://www.imdb.com/title/tt0086318/?ref_=sr_i_319
320. The Wounded Man,1983,1h 49m,Unrated,6.5,1.5K,,A young man discovers his homosexuality and begins a relationship with a manipulative hustler / petty criminal that he meets at a train station.,https://www.imdb.com/title/tt0084085/?ref_=sr_i_320
321. Triumphs of a Man Called Horse,1983,1h 26m,PG,5.3,767,,"When gold is found on Sioux lands, crooked men attempt to provoke the Sioux into a war with the army and the prospectors.",https://www.imdb.com/title/tt0084826/?ref_=sr_i_321
322. Savage Attraction,1983,1h 33m,R,5.4,494,,Horrific true tale set in late-1970s Australia and later West Germany about an abused wife who learns in horror that her sadistic German-born husband is actually a fanatical neo-Nazi.,https://www.imdb.com/title/tt0085689/?ref_=sr_i_322
323. Fantasy Mission Force,1983,1h 30m,R,4.6,2.2K,,A force of loners and fighters is put together to try and rescue Generals that are captured by the Japanese and save the war effort with the promise of gold and/or pardons of past crimes.,https://www.imdb.com/title/tt0079509/?ref_=sr_i_323
324. Femmes,1983,1h 26m,,4.3,212,,"Helmut is fed up traveling around he world. Coming back from Asia, he decides to stay some time in Alexandra's house, a long time friend. She is living on a beautiful island where she is doing art.",https://www.imdb.com/title/tt0084365/?ref_=sr_i_324
325. Utu,1983,1h 44m,R,6.9,1.6K,,"In 1870, a Maori warrior working with the British finds his village massacred, and vows revenge.",https://www.imdb.com/title/tt0086497/?ref_=sr_i_325
326. Atlantis Interceptors,1983,1h 38m,Unrated,4.8,2.7K,,"An ancient Atlantean relic is discovered on the ocean floor near a sunken nuclear submarine, which triggers a violent set of events that sees a couple of scientists teaming up with a few mercenaries to survive the onslaught that follows.",https://www.imdb.com/title/tt0086135/?ref_=sr_i_326
327. Thieves and Robbers,1983,1h 41m,,5.6,2.6K,,"A playboy who makes a living out of seducing women and stealing their jewellery accidentally witnesses a Mafia murder. He must work together with the man who is constantly trying to catch him, Lt. Alan Parker, in order to save his life.",https://www.imdb.com/title/tt0083715/?ref_=sr_i_327
328. Segni particolari: bellissimo,1983,1h 35m,,6.0,1.3K,,"Mattia is a nice guy, famous writer, who is about to marry Rosalie. Mattia, the day before the wedding, goes to confession to the priest, and reveals that he is in love with another woman, younger, named Michela.",https://www.imdb.com/title/tt0086274/?ref_=sr_i_328
329. She Cat,1983,1h 26m,,4.5,228,,"Cat Kagami tries leaving her troubled past, but a botched assassination puts her in brutal killers' sights. Her co-worker and a woman with a company-threatening secret are endangered. Cat seeks revenge.",https://www.imdb.com/title/tt0226135/?ref_=sr_i_329
330. Mountaintop Motel Massacre,1983,1h 35m,R,4.6,2.1K,,A mentally-unstable elderly woman recently released from a mental asylum proceeds to slaughter all the guests staying at her motel.,https://www.imdb.com/title/tt0091560/?ref_=sr_i_330
331. Günesin Tutuldugu Gün,1983,1h 36m,,5.6,105,,Sevgi is cashier at a market. She wants gracious living. One day she abducted and rape. After this event Sevgi's life will totally change.,https://www.imdb.com/title/tt0494956/?ref_=sr_i_331
332. American Nightmare,1983,1h 28m,R,5.3,657,,"A man investigates the disappearance of his sister with the help of her roommate. He uncovers a trail of prostitution, incest, blackmail...and murder.",https://www.imdb.com/title/tt0085156/?ref_=sr_i_332
333. Village of Doom,1983,1h 55m,Not Rated,6.7,325,,An emotionally distraught young man goes on a violent killing spree after his tuberculosis keeps him from serving in World War II and is frowned upon by his fellow villagers.,https://www.imdb.com/title/tt0229820/?ref_=sr_i_333
334. A Brutal Game,1983,1h 30m,Not Rated,6.8,767,,"A strict father imposes impossible guidelines on his disabled daughter which reflect his secret, tortured life.",https://www.imdb.com/title/tt0086505/?ref_=sr_i_334
335. Angel of H.E.A.T.,1983,1h 33m,R,4.0,540,,A mad scientist uses an army of androids and a device that can disintegrate metal to try to steal microchips containing top secret information. The government dispatches a beautiful female agent to stop him.,https://www.imdb.com/title/tt0085167/?ref_=sr_i_335
336. The Makioka Sisters,1983,2h 20m,Not Rated,7.2,2K,,"The orphaned Makioka sisters look for a husband for their third sister, Yukiko, as the rebellious youngest sister, Taeko, is kept waiting her turn.",https://www.imdb.com/title/tt0086242/?ref_=sr_i_336
337. The Ploughman's Lunch,1983,1h 47m,R,6.1,597,,"James Penfield (Jonathan Pryce) has made a career out of journalism. Now bankrupt, he finds himself with a group of other writers in the middle of the dispute-ridden British homeland at the time of the Falklands War.",https://www.imdb.com/title/tt0086122/?ref_=sr_i_337
338. Mandi,1983,2h 47m,,7.5,1.1K,,"Forbidden love, fraying loyalties and flagrant hypocrisy emerge when sanctimonious politicians drive a madam's brothel from the heart of Hyderabad.",https://www.imdb.com/title/tt0085896/?ref_=sr_i_338
339. Thunder,1983,1h 26m,R,5.3,751,,"A native American named Thunder returns home only to find that his ancestral burial ground is being destroyed by construction workers. He tries to put a stop to it, but the law is not only not on his side, but he is banished from town, beaten up, and left for dead. Now he wants his revenge.",https://www.imdb.com/title/tt0086434/?ref_=sr_i_339
340. Farewell,1983,2h 1m,,7.5,890,,Matyora is a small village on a beautiful island with the same name. The existence of the village is threatened with flooding by the construction of a dam. This is the story of the inhabitants of Matyora and their farewell to their homeland.,https://www.imdb.com/title/tt0086149/?ref_=sr_i_340
341. Betaab,1983,2h 42m,,6.5,826,,"A young man (Sunny Deol) and woman (Amrita Singh) fall in love, but face obstacles from their families.",https://www.imdb.com/title/tt0254179/?ref_=sr_i_341
342. Rio Babilonia,1983,1h 55m,,5.4,427,,"Public relations man is invited to guide American millionaire during his stay in Rio de Janeiro. In this course, he gets involved in the most bizarre situations, from orgiastic mega-parties and sexy ménages-a-trois to confrontations with the police, meetings with drug dealers and movie stars, facing corruption and even murder.",https://www.imdb.com/title/tt0143837/?ref_=sr_i_342
343. The Wall,1983,1h 57m,Not Rated,7.9,4.7K,,Teens in a Turkish prison struggle to survive under hideous conditions.,https://www.imdb.com/title/tt0090982/?ref_=sr_i_343
344. God's Crooked Lines,1983,1h 43m,,5.5,156,,"Detective Alicia Gould, investigating the murder of a client's father, decides to go undercover to an asylum.",https://www.imdb.com/title/tt0224005/?ref_=sr_i_344
345. Attacked Female Teacher,1983,1h 8m,,5.8,57,,"A woman who experienced rape in school and broke up with her lover, becomes a high school music teacher, but finds a turning point when she encounters her old lover.",https://www.imdb.com/title/tt0226270/?ref_=sr_i_345
346. Paano ba ang mangarap?,1983,1h 51m,,7.6,26,,A young woman suffers such great difficulties in life that she has forgotten how to dream.,https://www.imdb.com/title/tt0186431/?ref_=sr_i_346
347. Code of Hunting,1983,1h 49m,,6.3,552,,"A pacifist lawyer's husband is accidentally killed during a home invasion. One of the culprits is caught, and his deranged brother begins to threaten the lawyer that if his brother isn't released, he will violently retaliate.",https://www.imdb.com/title/tt0085368/?ref_=sr_i_347
348. Forbidden Relations,1983,1h 32m,R,6.1,202,,"Juli and Gyorgy, half-brother and half-sister, fall in love and become lovers. Juli becomes pregnant and Gyorgy is sentenced to jail for their illegal relationship. But their love only intensifies as they stand together against the world.",https://www.imdb.com/title/tt0084871/?ref_=sr_i_348
349. Corpo e Alma de Mulher,1983,1h 30m,,5.1,129,,"A young couple, Rodrigo and Aimé, who love each other deeply and possess everything to achieve full happiness, are hit by fate: She suffers an accident and becomes paralyzed.",https://www.imdb.com/title/tt0260827/?ref_=sr_i_349
350. Bastard Swordsman,1983,1h 29m,,7.1,600,,"Hsu Shao-chiang stars as a veritable ""Spider-Swordsman"" - master of the ""Silkworm Style"" - in this eye-filling, mind-bending martial arts phantasmagorical which truly warrants the description: ""unforgettable.""",https://www.imdb.com/title/tt0078393/?ref_=sr_i_350
351. Boogeyman II,1983,1h 19m,Not Rated,2.2,1.3K,,"Lacey travels to Hollywood, to the home of a film director, where she brings along the last surviving haunted mirror shard from the end of the first movie as proof to her horrifying experiences.",https://www.imdb.com/title/tt0085266/?ref_=sr_i_351
352. The Family Game,1983,1h 47m,,7.1,1.3K,,Japanese parents hire a tutor for their foolish son and get a critic of their lifestyle.,https://www.imdb.com/title/tt0087545/?ref_=sr_i_352
353. Gramps Is in the Resistance,1983,1h 42m,,6.7,3.9K,,"Bourdelle, a family of musicians, refuse to play for Germans during the war. They would like to liberate France using all possible means.",https://www.imdb.com/title/tt0086079/?ref_=sr_i_353
354. Hero,1983,2h 53m,Not Rated,6.7,1.1K,,"After his boss is imprisoned, a goon kidnaps the daughter of the police commissioner but soon falls in love with her and vows to reform his ways.",https://www.imdb.com/title/tt0123102/?ref_=sr_i_354
355. The Revolt of Job,1983,1h 38m,,7.4,794,,"An elderly Jewish couple, adopt an unruly non-Jewish child to whom they intend to pass on their wealth and knowledge before Nazi oppression engulfs Hungary.",https://www.imdb.com/title/tt0085767/?ref_=sr_i_355
356. Stacy's Knights,1983,1h 40m,PG,4.7,592,,"Two young gamblers are on a non-stop roll, but soon the casino wants to even the odds and bring their winning streak to a close.",https://www.imdb.com/title/tt0084723/?ref_=sr_i_356
"357. Hong Kong, Hong Kong",1983,1h 37m,,6.7,237,,A story of the illegal immigrant experience of people from the mainland of China who have made it to Hong Kong for a better life.,https://www.imdb.com/title/tt0125784/?ref_=sr_i_357
358. I Married a Shadow,1983,1h 50m,PG,6.4,666,,"After a train accident, a woman survives and is mistaken for an other woman she just met on a train before the accident.",https://www.imdb.com/title/tt0084158/?ref_=sr_i_358
359. A Woman in Flames,1983,1h 46m,Not Rated,5.9,706,,"Eva leaves her husband, becomes a call girl, and falls for Chris, a fellow escort, with whom she shares a penthouse.",https://www.imdb.com/title/tt0083949/?ref_=sr_i_359
360. Con el cuerpo prestado,1983,1h 35m,,5.1,24,,,https://www.imdb.com/title/tt0257498/?ref_=sr_i_360
361. Harmagedon,1983,2h 15m,,5.6,510,,"A Transylvanian princess, a Japanese student and a centuries-old cyborg join a small group of psionic warriors to defend Earth against an alien entity bent on total cosmic destruction.",https://www.imdb.com/title/tt0150844/?ref_=sr_i_361
362. Mahaan,1983,3h 1m,,6.0,605,,"A lawyer goes into hiding after being falsely accused of committing a crime while his wife gives birth to twins. One of the twins is separated at birth, while the other twin grows up to become an inspector who is on his father's trail.",https://www.imdb.com/title/tt0085886/?ref_=sr_i_362
363. Can She Bake a Cherry Pie?,1983,1h 30m,R,5.5,437,,"Zee (Karen Black) is walking up and down Manhattan streets, talking to herself and to the husband who just left her. At a sidewalk café she runs into Eli (Michael Emil). A very unlikely, funny, and touching relationship develops between two lost souls in the big city, which is the third major character in this film.",https://www.imdb.com/title/tt0085287/?ref_=sr_i_363
364. Bill Cosby: Himself,1983,1h 45m,PG,8.1,3.8K,,"A concert film in which Bill Cosby discusses weekends, raising children, dentists, and many other situations.",https://www.imdb.com/title/tt0083652/?ref_=sr_i_364
365. Fearless Hyena 2,1983,1h 34m,Not Rated,4.9,2.2K,,"A pair of evil kung-fu artists, Heaven and Earth, are slaughtering the entire Yin-Yang brotherhood. The movie opens with two members of the brotherhood and their two male children being chased by Heaven, Earth, and miscellaneous bad guys. The two members get away separately with their children. Twenty years later, we see Chan Lung (Jackie Chan) as he hunts frogs and snakes and keeps them in his pants. You learn he was one of the boys. The other is a lazy man who uses windmill-driven levers to deliver things to and from bedside, even a chamberpot and breakfast. Eventually, their respective paternal figures are killed, and they are forced to fight Heaven and Earth.",https://www.imdb.com/title/tt0085864/?ref_=sr_i_365
366. The Beast and the Magic Sword,1983,2h,Not Rated,5.8,497,,"In the 16th century, lycanthrope Waldemar Daninsky travels from his native Europe to Japan, seeking a way to cure himself of being a werewolf. Only a Japanese sorcerer named Kian and a magic silver sword can save him.",https://www.imdb.com/title/tt0085233/?ref_=sr_i_366
367. Utilities,1983,1h 34m,PG,5.0,115,,"Bob Hunt is a put upon social worker who has had enough of the bad service of public utilities. He decides to organize resitance to the phone, gas and water monopolies but also wants to impress policewoman Marion Edwards.",https://www.imdb.com/title/tt0083266/?ref_=sr_i_367
368. Young Warriors,1983,1h 45m,R,4.7,646,,"A young woman is gang raped and murdered in a California college town, sparking her brother Kevin to take up arms by night with a gang of like-minded vigilantes from his fraternity, brutally punishing any miscreants they catch in a criminal act. In the meantime, Kevin debates the issue of violent crime in the U.S. with his teachers and others during the day. As Kevin and his gang head toward a final, bloody confrontation with the low-lifes who murdered his sister, other scenes show the difference between his character, now violent, and the normal people he is supposedly protecting.",https://www.imdb.com/title/tt0086625/?ref_=sr_i_368
369. Spring Symphony,1983,1h 43m,PG-13,6.1,406,,Chronicles the illustrious 19th-century love affair between composer Robert Schumann and pianist Clara Wieck.,https://www.imdb.com/title/tt0085568/?ref_=sr_i_369
370. Hells Angels Forever,1983,1h 33m,R,6.3,261,,"What starts off as a squadron of American daredevil bombers in World War II, branded by society as renegades, turns into a revealing ride into the world of honor, violence, and undying passion for motorcycles on the road.",https://www.imdb.com/title/tt0085665/?ref_=sr_i_370
371. Sunshine Reggae auf Ibiza,1983,1h 26m,,3.6,608,,"Simple farmer Karl takes a plane to Ibiza, determined to finally meet pop-singer Lina. At the same time however, a famous millionaire, who happens to look just like Karl, is staying on the island as well.",https://www.imdb.com/title/tt0086390/?ref_=sr_i_371
372. Mar brava,1983,1h 32m,,5.2,18,,"Mingo, a kid whose father and brother have disappeared in shipwrecks, finds an amnesic man lying on the beach. Might he be St. Elmo?",https://www.imdb.com/title/tt0084301/?ref_=sr_i_372
373. A Night to Dismember,1983,1h 9m,Not Rated,3.5,946,,"A woman from a ""cursed"" family is released from a mental facility, and soon dismembered corpses start turning up.",https://www.imdb.com/title/tt0126527/?ref_=sr_i_373
374. A Polish Vampire in Burbank,1983,1h 20m,Not Rated,5.1,397,,"A somewhat reluctant vampire is taken out by his sexpot sister for his first ""night out on the town.""",https://www.imdb.com/title/tt0089823/?ref_=sr_i_374
375. Angkinin mo ako,1983,,,5.8,9,,A YOUNG WOMAN DESPERATELY LONG INTIMACY.,https://www.imdb.com/title/tt1418784/?ref_=sr_i_375
376. Hot Panties,1983,1h 20m,,4.0,110,,A group of boys and girls who are having fun in a discotheque are invited to a villa where some crazy people make them spend a very bad time.,https://www.imdb.com/title/tt0082102/?ref_=sr_i_376
377. The Erotic and Wacky Tunnel of Time,1983,1h 19m,,5.4,63,,"Young nerdy and horny Perico invents a time machine and uses it for sex tourism. He visits the cavewomen, ancient Egypt, ancient Rome and a Turkish harem, but also the future. However, his real test is in the present.",https://www.imdb.com/title/tt0085504/?ref_=sr_i_377
378. Sugar Cane Alley,1983,1h 43m,PG,7.3,1.1K,,"Set in 1931, Sugar Cane Alley paints a rich impasto of native life under French colonial rules, filtered through the coming-of-age of a bright, sweetly opportunistic boy.",https://www.imdb.com/title/tt0086213/?ref_=sr_i_378
379. Secrets,1983,1h 17m,R,6.0,100,,Teen girl in 1963 finds freemasonry items in her late fathers briefcase including condoms and a book of rites. The book is taken to school and the girls form their own club. The mother finds the condoms and makes wrong assumption.,https://www.imdb.com/title/tt0086271/?ref_=sr_i_379
380. Strangers Kiss,1983,1h 34m,R,5.4,275,,Hollywood mogul funds low-budget film to boost girlfriend's confidence. First-time producer/director duo create promising project despite constraints. Actress develops chemistry with unknown male lead during filming.,https://www.imdb.com/title/tt0088185/?ref_=sr_i_380
"381. Somewhere, Tomorrow",1983,1h 31m,PG,5.9,752,,"When a teenage girl witnesses a plane crash, she talks with one of the injured passengers...only to find out he was actually killed in the accident.",https://www.imdb.com/title/tt0086337/?ref_=sr_i_381
382. Sugar Pie Lady,1983,1h 30m,,7.9,7.4K,,"In the harsh times of the small time crime in Istanbul, a conscientious police officer Cumali is recognized by the police chief Ziver Bey who sees Cumali as a threat and matches him with Sekerpare, a famous harlot.",https://www.imdb.com/title/tt0494823/?ref_=sr_i_382
383. I Am the Cheese,1983,1h 40m,PG,5.8,339,,A teenage lad struggles to piece together his reality following a traumatic event.,https://www.imdb.com/title/tt0085706/?ref_=sr_i_383
384. Morbus,1983,1h 27m,,4.0,145,,"A scientist has discovered a formula that brings the dead back to life. Meanwhile, a prostitute, who dreams of writing a book in a brothel, meets a true writer with whom she falls in love. A satanic sect will cross into their lives.",https://www.imdb.com/title/tt0084355/?ref_=sr_i_384
385. Andhaa Kaanoon,1983,2h 35m,,6.3,959,,Two siblings attempt to avenge the death of their father and elder sister. But the sister believes in the law while the brother believes in administering justice himself.,https://www.imdb.com/title/tt0085165/?ref_=sr_i_385
386. Keep Waiting for Me,1983,1h 30m,TV-MA,5.7,117,,"A man recalls 1950s Argentina, his childhood neighborhood and family store. Despite Perón-era political divisions, community bonds remained strong. It's between child and adult views, using newsreels and Evita's funeral footage.",https://www.imdb.com/title/tt0189506/?ref_=sr_i_386
387. Lucky Luke: The Daltons on the Run,1983,1h 22m,Approved,6.1,837,,"Three episodes of the Lucky Luke animated series compiled into one movie. Cool gunslinger Lucky Luke goes after the Dalton gang in ""The Daltons in the Blizzard"", ""Ma Dalton"" and ""The Daltons Redeem Themselves"".",https://www.imdb.com/title/tt0085394/?ref_=sr_i_387
388. A Railway Station for Two,1983,2h 21m,,7.8,4.3K,,A waitress from the provincial railway station falls in love with an accidental passenger. Before this passenger lies the menace of distant prison for the crime he didn't commit.,https://www.imdb.com/title/tt0084873/?ref_=sr_i_388
389. Urusei Yatsura: Only You,1983,1h 41m,,6.6,927,,"A mysterious and powerful alien girl, Elle, sends invitations to all of Ataru's friends to attend her wedding ceremony to non other than Ataru himself, to the surprise of everyone, and to the rage of Lum, Ataru's possessive alien lover.",https://www.imdb.com/title/tt0086520/?ref_=sr_i_389
390. Carne de tu carne,1983,1h 34m,,6.3,386,,"When grandmother dies, a girl returns to Colombia from the US and is reunited with her half-brother. They are instantly attracted to each other and have delirious visions of ancestors who also starred in stories of incest and violence.",https://www.imdb.com/title/tt0085299/?ref_=sr_i_390
391. Lady Tarzan,1983,2h 3m,Not Rated,5.6,53,,"Raised by compassionate wild animals as one of their own, a helpless eight-year-old girl grows into a beautiful, untamed woman and becomes Lady Tarzan: the fearless Queen of the Elephants.",https://www.imdb.com/title/tt0320573/?ref_=sr_i_391
392. Coquette,1983,1h 31m,PG,6.3,91,,Two teenagers fall in love with each other for the first time.,https://www.imdb.com/title/tt0210626/?ref_=sr_i_392
393. Le battant,1983,2h 1m,,6.4,1.7K,,"Jacques Darnay exits prison after 10 years for a jewel robbery with missing diamonds. The jeweler's death is unresolved. Police, former accomplices investigate while Darnay conceals his motives.",https://www.imdb.com/title/tt0083625/?ref_=sr_i_393
394. Panic Beats,1983,1h 34m,,5.8,814,,"A wealthy architect takes his ailing wife to an ancestral estate for recovery, where frightening visions and an old family legend begin turning their secluded refuge into something far more sinister.",https://www.imdb.com/title/tt0085824/?ref_=sr_i_394
395. Doosri Dulhan,1983,2h 33m,,7.1,43,,"Renu and her husband, Anil, are devastated when she cannot bear children after a miscarriage. But soon, he visits a brothel and asks young Chanda to carry and give birth to a baby for his family.",https://www.imdb.com/title/tt0361532/?ref_=sr_i_395
396. The Throne of Fire,1983,1h 29m,,3.5,537,,A mighty hero battles the son of Satan and his evil witch ally to save a kingdom from being taken over by the duo.,https://www.imdb.com/title/tt0090166/?ref_=sr_i_396
397. Chile picante,1983,1h 24m,,5.3,61,,Two love stories where sex is a character as spicy as the chili itself. The stories are: La Infidelidad and Los Compadres.,https://www.imdb.com/title/tt0257478/?ref_=sr_i_397
398. The Demons of Ludlow,1983,1h 32m,Unrated,3.8,1.1K,,A murderous demon lurks inside an antique piano in a picturesque coastal town.,https://www.imdb.com/title/tt0223128/?ref_=sr_i_398
399. Amagi Pass,1983,1h 39m,,7.0,212,,"Japan in the 1940s. A high school boy went into a magic encounter with Ozuka Hana, a geisha (pub-girl) when he traveled through Amagi Pass. A mysterious murder took place afterwards, an Ozuka was held responsible. 40 years later, the boy, who became a printing shop owner, was visited by a retired policeman who came from Amagi Pass. The truth then started to reveal itself.",https://www.imdb.com/title/tt0128039/?ref_=sr_i_399
400. The Wild Duck,1983,1h 35m,PG,5.9,314,,"A loving family's world is shattered by an old friend's arrival, carrying a dark secret.",https://www.imdb.com/title/tt0086586/?ref_=sr_i_400
"401. Blue Mountains, or Unbelievable Story",1983,1h 37m,,8.6,2.6K,,An author - a passive young man - enters the Soviet-controlled bureaucracy of Georgia attempting to get his novel published only to be neglected and compartmentalized at every turn.,https://www.imdb.com/title/tt0087349/?ref_=sr_i_401
402. Tokyo Trial,1983,4h 37m,,7.6,307,,Documentary covering the 1946-48 Tokyo Trials.,https://www.imdb.com/title/tt0124169/?ref_=sr_i_402
403. Burroughs: The Movie,1983,1h 30m,Not Rated,7.0,926,,"Burroughs: The Movie explores the life and times of controversial Naked Lunch author William S. Burroughs, with an intimacy never before seen and never repeated. The film charts the development of Burroughs' unique literary style and his wildly unconventional life, including his travels from the American Midwest to North Africa and several personal tragedies. Burroughs: The Movie is the first and only feature length documentary to be made with and about Burroughs. The film was directed by the late Howard Brookner. It was begun in 1978 as Brookner's senior thesis at NYU film school and then expanded into a feature which was completed 5 years later in 1983. Sound was recorded by Jim Jarmusch and the film was shot by Tom DiCillo, fellow NYU classmates and both very close friends of Brookner's.",https://www.imdb.com/title/tt3581384/?ref_=sr_i_403
404. Fantozzi Succumbs Again,1983,1h 25m,,6.4,2.8K,,"After a hard day at work and a condominium-board meeting, accountant Ugo Fantozzi goes on a trip with his family. Unfortunately, he will face a nasty surprise upon his return.",https://www.imdb.com/title/tt0085524/?ref_=sr_i_404
405. The Funny Farm,1983,1h 34m,R,4.7,169,,"Welcome to the comedy club where young comics make every night riot night. Now, they're taking their act to the streets.",https://www.imdb.com/title/tt0083978/?ref_=sr_i_405
406. Gulliver's Travels,1983,1h 20m,,5.0,75,,Gulliver washes ashore on Brobdingnag and becomes an object of curiosity for its gigantic inhabitants.,https://www.imdb.com/title/tt0086538/?ref_=sr_i_406
407. Baby Cat,1983,1h 20m,R,3.5,178,,The life of a Parisian photo model turns into a nightmare when the photographer with whom she used to work begins to pursue her constantly but she refuses his offers.,https://www.imdb.com/title/tt0085206/?ref_=sr_i_407
408. Erendira,1983,1h 43m,,6.6,748,,"While Erendira, a beautiful teenage girl, has a surreal mystical vision, her grandmother's house catches on fire and burns to the ground. Her grandmother holds Erendira responsible and, in order to extract restitution from the girl, forces her into prostitution. Erendira's surreal mystical experiences continue while her grandmother grows rich from exploiting her.",https://www.imdb.com/title/tt0085501/?ref_=sr_i_408
409. Agítese antes de usarla,1983,1h 21m,,4.3,240,,"Two apprentice scammers who meet in a clinic on the Costa del Sol. By running the clinic they want to advertise. So they take advantage of the arrival of a deputy to cast him unnecessarily, waiting for the arrival of television cameras.",https://www.imdb.com/title/tt0085143/?ref_=sr_i_409
410. Skullduggery,1983,1h 35m,R,2.6,498,,"A 1980s classic in which a game of ""Dungeons and Dragons"" is the centerpiece of a mystery. Adam happens to come from a long line of cursed men; he succumbs to the curse and goes on a killing spree.",https://www.imdb.com/title/tt0079915/?ref_=sr_i_410
411. State buoni se potete,1983,1h 55m,,7.9,1.6K,,"The Italian priest Filippo Neri helps street children and orphans in 16th-century Rome by teaching them good versus evil, but he clashes with both the conventional church and the devil, who tries to corrupt the youths.",https://www.imdb.com/title/tt0086358/?ref_=sr_i_411
412. The Last Blood,1983,1h 30m,TV-14,5.4,376,,"During the Vietnam war, an army sergeant rebels against his tyrant commanding officer, whilst they are cut off by the enemy in the jungle. Things get worse for all of them after that.",https://www.imdb.com/title/tt0086459/?ref_=sr_i_412
413. The Boys in Blue,1983,1h 31m,Approved,4.6,614,,"In Little Botham, policemen Cannon and Ball stage fake crimes to avoid station closure. They accidentally encounter real art thieves, leading to a chaotic confrontation involving the stolen artworks.",https://www.imdb.com/title/tt0186896/?ref_=sr_i_413
414. Razia Sultan,1983,2h 56m,,6.0,270,,An account of the reign of Indian empress Razia Sultan and her love for her slave Jamaluddin Yakut.,https://www.imdb.com/title/tt0152148/?ref_=sr_i_414
415. Souten,1983,2h 40m,,5.6,276,,"Shyam, a middle-class man, falls in love with a millionaire's daughter and marries her. However, as their relationship starts deteriorating, Shyam finds solace in the company of Radha.",https://www.imdb.com/title/tt0348078/?ref_=sr_i_415
416. Avtaar,1983,2h 30m,Not Rated,7.4,874,,"Avtaar Krishen lives a poor lifestyle with his wife, Radha, and two sons, Ramesh and Chander. He works in a factory and toils hard so that his sons can get the necessary education, and live a better lifestyle. He gets injured and crippled while working, but is compensated adequately by his employer, Bawaji. Years later his sons have grown up. While Ramesh has married Sudha and works with a bank; Chander is wooing Renu, the only daughter of wealthy Seth Laxminarayan. When Avtaar and Radha wish to go on a tirathyatra (pilgrimage), they ask Ramesh to book tickets for them, but he tells them that he has no money. When Radha gets sick, their servant, Sewak, enters Sudha's room to get some money for her treatment, as a result Radha does get treatment, but Sudha blames them for stealing her money. Avtaar asks Ramesh and his wife to get out, only to find out that the house is now in Sudha's name. AVtaar, Radha and Sewak move out and live in a shanty hut. Their hopes are with Chander, who does well in his exams, decides to marry Renu, and moves out without financially assisting his parents. Now Avtaar and Radha are elderly and dependent on Sewak, and the question remains will they resign themselves to this existence, if not, what possibly can a crippled older male accomplish, especially at this time in his life?",https://www.imdb.com/title/tt0233264/?ref_=sr_i_416
417. Killing of the Flesh,1983,1h 32m,,4.2,153,,"A murder occurs at a hotel where a phalanx of frisky funeral-goers are staying. Ordered by the police to stay to see if the killer will strike again, the guests get even friskier with one another.",https://www.imdb.com/title/tt0083811/?ref_=sr_i_417
418. Master of the World,1983,1h 45m,Not Rated,3.8,290,,"Primitive humans had to adapt to their brutal and savage environment or disappear into oblivion. For Bog, a great warrior, this struggle means conquering the land and gaining supremacy over his rivals.",https://www.imdb.com/title/tt0086072/?ref_=sr_i_418
419. Cross Country,1983,1h 35m,R,5.2,272,,"After a woman is found butchered in her New York apartment, suspicion falls on her estranged husband, an ad executive who has suddenly left town on a cross-country road trip. He takes along a beautiful girl he met in a bar and a drifter he picked up along the way. A cop sets out after the husband, but he's more interested in shaking him down than bringing him back.",https://www.imdb.com/title/tt0085379/?ref_=sr_i_419
420. Scalps,1983,1h 22m,R,4.0,1.7K,,"A group of archeological students venture on Indian land for a dig. Unfortunately, they release an evil spirit who possesses one of them and starts killing the others.",https://www.imdb.com/title/tt0086248/?ref_=sr_i_420
421. Mad Mission Part 2: Aces Go Places,1983,1h 40m,,6.6,1.6K,,"Black Gloves (Joe Dimmick), a European Assassin, is seeking to avenge his brother White Gloves' death against reformed criminal King Kong (Samuel Hui) and Detective Albert ""Baldy"" Au (Karl Maka). While evading Black Gloves, the duo are framed for robberies by Hong Kong Mafia members, who have their own plans against King Kong and Baldy. The duo is forced to deal with the Mafia's motor bike gangsters and Black Glove's weaponry-laden robot.",https://www.imdb.com/title/tt0086646/?ref_=sr_i_421
422. Caged Fury,1983,1h 29m,R,3.6,225,,North American and Asian women are brainwashed into becoming suicide bombers in an evil Filipino POW camp,https://www.imdb.com/title/tt0087018/?ref_=sr_i_422
423. La casa del tappeto giallo,1983,1h 29m,,6.0,490,,"Franca and her husband Antonio decide to sell a yellow rug, which was a gift of Franca's stepfather. One day, while Antonio is out, a strange man rings, saying he wishes to buy the rug. But the man's visit becomes a nightmare. He kidnaps Franca and says he killed his wife on that same yellow rug. Then Franca kills the man. But is that really all that has happened? And who was that strange man?",https://www.imdb.com/title/tt0087430/?ref_=sr_i_423
424. Toxic Love,1983,1h 30m,,7.2,1.6K,,The alienating and repetitive life of a group of heroin junkies in the 1980s Rome.,https://www.imdb.com/title/tt0166476/?ref_=sr_i_424
425. El día del compadre,1983,1h 45m,,6.0,70,,The inhabitants of a condominium are having a wild party.,https://www.imdb.com/title/tt0338945/?ref_=sr_i_425
426. In the White City,1983,1h 48m,,7.2,1.6K,,A Swiss sailor abandons his post during a stopover in Lisbon and takes up residence in a small hotel in the city.,https://www.imdb.com/title/tt0085400/?ref_=sr_i_426
427. Equator,1983,1h 25m,,4.7,161,,"Novel-based crime drama about naive Timar, who goes to Gabon, French Equatorial Africa in the 1950s with dreams of making fortune. He's seduced by Adele, a shady owner of a local hotel, Libreville, who uses him to commit murder.",https://www.imdb.com/title/tt0086654/?ref_=sr_i_427
428. Men from the Gutter,1983,1h 28m,,7.0,245,,"A desperate ex-con plans a robbery with his woman and two former cell mates. Meanwhile, a man is determined to kill a treacherous drug kingpin no matter the cost. Two cops with differing ideals pursue the criminals.",https://www.imdb.com/title/tt0085163/?ref_=sr_i_428
429. L'été de nos quinze ans,1983,1h 32m,,4.0,48,,"It was during their childhood that François and Malène became friends. Years later, the two teenagers find themselves. Their parents, moved by their reunion, will help them not to spoil this new chance.",https://www.imdb.com/title/tt0216441/?ref_=sr_i_429
"430. Botas negras, látigo de cuero",1983,1h 29m,,5.1,230,,Al Pereira is hired by a married woman to retrieve compromising photos .,https://www.imdb.com/title/tt0085270/?ref_=sr_i_430
431. The Bleeder,1983,1h 18m,,2.8,272,,"On tour through Sweden, the all-girl rock 'n' roll band ""Rock Cats"" suddenly find themselves trapped in no-man's land when their tour-bus breaks down. Soon they get to meet ""the Bleeder"", an insane beast of a man whose sole interest is to kill them all off, one by one. The hunt is on...",https://www.imdb.com/title/tt0302356/?ref_=sr_i_431
432. Lesbians in Uniforms,1983,1h 9m,,5.2,209,,Two high school girls discover the pleasure of sex with each other until one of them chooses to be with a boy.,https://www.imdb.com/title/tt0227464/?ref_=sr_i_432
433. Outward Signs of Wealth,1983,1h 32m,,5.4,366,,,https://www.imdb.com/title/tt0086311/?ref_=sr_i_433
434. Otto er et næsehorn,1983,1h 30m,,6.1,577,,"While out playing with his friend, Viggo, Topper comes across a magical pencil. When he draws a fish, it comes alive. When he draws a rhino on a 3rd floor wall, it comes alive, too. The boys name him Otto, like Viggo's dad.",https://www.imdb.com/title/tt0086064/?ref_=sr_i_434
435. Beauty Rope Cosmetology,1983,1h 9m,,6.1,83,,Miki is the daughter of an affluent family. She's an elegant and sophisticated girl who gets captured by a secret admirer.,https://www.imdb.com/title/tt0285497/?ref_=sr_i_435
436. Deadline Auto Theft,1983,1h 38m,PG,5.4,298,,"After an attempted theft of his daughter's husband's car, LAPD Captain Gibbs declares war on master car thief Maindrian Pace - overtaking his boss' betrayal and pursuing the Eleanor as Pace tries to make his getaway.",https://www.imdb.com/title/tt0085408/?ref_=sr_i_436
437. For Those I Loved,1983,2h 25m,,7.1,628,,A story of the life of a Polish Jewish Holocaust survivor.,https://www.imdb.com/title/tt0085190/?ref_=sr_i_437
438. Deadly Force,1983,1h 35m,R,5.0,580,,"When a friend's daughter gets killed, a former police detective returns to Los Angeles as a private detective and vigilante to catch a serial killer, while trying to rekindle his relationship with his estranged wife.",https://www.imdb.com/title/tt0085409/?ref_=sr_i_438
439. Zaman,1983,1h 30m,,6.7,464,,"An undercover inspector of the Antwerp criminal investigation unit faces problems not only in his professional life, but also at home. When he is partnered with a young, over-confident colleague, he loses control over the case in hand, a situation that further takes its toll on his marriage. He's forced to ask himself whether his job is an addiction, a hunt for people that becomes more exciting the shrewder his opponent is.",https://www.imdb.com/title/tt0154023/?ref_=sr_i_439
440. Dark Room,1983,2h 2m,,5.0,96,,"Nakata, a writer grappling with his wife's death, abandons marriage and fatherhood to escape guilt. He embarks on a sexual journey, resulting in a philosophical essay, ""The Dark Room,"" on sexuality and mankind's fate.",https://www.imdb.com/title/tt0285437/?ref_=sr_i_440
441. Shaolin Intruders,1983,1h 29m,Not Rated,7.1,518,,"The Shaolin Temple becomes prime suspect when a few martial arts clans begin to be violently killed. With the deadly Shaolin Palm technique as their only evidence, three heroes set out to identify the culprits, but nothing is as it seems.",https://www.imdb.com/title/tt0201060/?ref_=sr_i_441
442. The Prodigal,1983,1h 49m,PG,5.5,164,,"Greg Stuart is unhappy with his middle-class family and their Christian values. In an attempt to estrange himself from the life he knows, he ends up in a spiral of confusing and troubling events.",https://www.imdb.com/title/tt0086146/?ref_=sr_i_442
443. Foxfire Light,1983,1h 42m,PG,4.8,364,,A spoiled rich girl used to getting her way comes up against a rancher who won't be intimidated by her.,https://www.imdb.com/title/tt0083965/?ref_=sr_i_443
444. Carnival Magic,1983,1h 26m,G,2.5,921,,"A carnival magician with actual magic powers works with a talking chimp. The magician and the chimp soon become the stars of the carnival, drawing in big crowds. However, the wild-animal trainer decides to kidnap Alex and sell him.",https://www.imdb.com/title/tt0207374/?ref_=sr_i_444
445. Topsy Turvy,1983,1h 32m,,5.1,270,,1939 pre-WWII Denmark: 17 y.o. Thomas and his conservative parents move in next to a liberal/eccentric family. He vacations with them near the beach and gets to know the same age twins' liberal/erotic ways.,https://www.imdb.com/title/tt0086498/?ref_=sr_i_445
446. Burning Love,1983,1h 36m,,5.5,533,,"A young painter takes up French lessons with an elder lady to ensure he'll get a grant for a French arts institute. That way he meets Anna, a beautiful married woman nursing the lady's old father, and falls in love with her.",https://www.imdb.com/title/tt0085273/?ref_=sr_i_446
447. The Last Fight,1983,1h 26m,R,5.8,96,,"Singer-turned-boxer Andy 'Kid' Clave (Ruben Blades) signs a contract with a shady promoter Joaquin Vargas (Willie Colon). But Clave turns against Vargas when the promoter's thugs kill Clave's girlfriend when he thinks about backing out of the contract. While seeking a way to get revenge against Vargas, Clave learns that he has a blood clot in his head. But nothing will deter him from getting his revenge and making a shot at the title.",https://www.imdb.com/title/tt0084236/?ref_=sr_i_447
448. My Therapist,1983,1h 25m,,5.3,94,,A beautiful sex therapist helps couples make their sex lives more fulfilling.,https://www.imdb.com/title/tt0087768/?ref_=sr_i_448
449. Debauchery,1983,1h 10m,Not Rated,5.5,201,,A jaded housewife joins a secret member's-only club in an attempt to salvage her boring marriage.,https://www.imdb.com/title/tt0286932/?ref_=sr_i_449
450. Lost,1983,1h 32m,,4.5,195,,A little girl gets lost in the wilds of Utah.,https://www.imdb.com/title/tt0085869/?ref_=sr_i_450
451. The Vals,1983,1h 39m,R,4.2,210,,"Sam, Trish, Beth, and Annie are four Valley Girls bored with shopping and frat parties. They come across kind Mr. Stanton, who is running a home for orphaned boys. Mr. Stanton and his charges are in danger of being evicted from their home if they don't come up with the rent money that is due, and one of the boys has taken to selling drugs for a couple of sleazy dealers. When Trish's prized ""TUBUL R"" Mercedes convertible is lost in a bet in which their Beverly Hills rivals have cheated, mayhem ensues as the Vals, with help from their frat-boy boyfriends, save Mr. Stanton and his boys from being evicted, give the drug-dealers their just deserts, and totally exact revenge on the Beverly Hills brats in a rematch.",https://www.imdb.com/title/tt0084848/?ref_=sr_i_451
452. Enormous Changes at the Last Minute,1983,1h 44m,,5.0,211,,"This film is made up of three segments that share no plot but have a general thematic relationship. In the first segment, Virginia and her three children are left by her shiftless husband and she is courted by an old beau who is now married. In the second, a divorced woman reacts to some unexpected revelations from her aged father. In the third, childless, middle-aged social worker is swept into an affair with cab driver Dennis, and finds herself pregnant.",https://www.imdb.com/title/tt0085494/?ref_=sr_i_452
453. New Wave,1983,1h 42m,Unrated,5.6,281,,"In 1983, the year women's soccer was regulated in Brazil, a group of girls form a team. As they prepare for an international match, they face the prejudices of a conservative society and deal with their personal problems.",https://www.imdb.com/title/tt0254625/?ref_=sr_i_453
454. Just a Game,1983,1h 29m,,5.6,35,,"A family on vacation must deal with its long-held dark secret when the traumatized eldest daughter tries to break the silence and make her father stop sexually abusing her. Unfortunately, that may prove to be next to impossible.",https://www.imdb.com/title/tt0086196/?ref_=sr_i_454
455. Open Future,1983,1h 58m,,5.3,171,,"A 16 year old boy growing up in the '60s, trying to go his own ways. He is inseparable from his friends and starts dropping school and starts experimenting with life, sex, drugs, alcohol.",https://www.imdb.com/title/tt0086652/?ref_=sr_i_455
456. How I Was Systematically Destroyed by an Idiot,1983,1h 38m,,7.4,1.2K,,"After the death of Che Guevara, self-styled Marxist intellectual Babi Papuska roams Belgrade preaching revolution, but society's indifference turn his ambitions into a tragicomic satire of ideology versus reality.",https://www.imdb.com/title/tt0085769/?ref_=sr_i_456
457. The Lady Assassin,1983,1h 31m,,6.9,246,,"The Qing emperor Kangxi secretly decrees his 14th prince as heir to the throne, but the 4th prince schemes to change the decree to his favor, and is willing to say and do anything to achieve his goal, which leads to dire consequences.",https://www.imdb.com/title/tt0164360/?ref_=sr_i_457
458. Violentadores de Meninas Virgens,1983,1h 22m,,3.8,127,,"A former pimp's crew kidnaps young women in São Paulo, selling them to wealthy men before murdering the victims. With sixteen abductions and ten bodies discovered, police struggle to find any leads on the killers.",https://www.imdb.com/title/tt0442555/?ref_=sr_i_458
459. You Disturb Me,1983,1h 36m,,6.5,767,,"Short stories are connected by two things: love and disturbing. People fall in love after huge fights, and someone is always on their road.",https://www.imdb.com/title/tt0086483/?ref_=sr_i_459
460. Play Dead,1983,1h 26m,R,4.2,583,,"A rich, elderly woman casts black magic spells on her vicious Rottweiler to murder her relatives.",https://www.imdb.com/title/tt0082914/?ref_=sr_i_460
461. Tokatçi,1983,1h 23m,Not Rated,7.7,7.1K,,A tragicomedy dramatizing how an innocent villager is driven into the crime world only to collect enough cash to make his biggest dream come true: Return to his village home and marry the girl next door.,https://www.imdb.com/title/tt0253822/?ref_=sr_i_461
462. Private Manoeuvres,1983,1h 30m,Not Rated,4.4,458,,"A spin-off film that centers around Yudale/Huey's mandatory Israeli army service, post boot camp. This time he helps his sergeant Shemesh beat a rival base, while also beating him to score with the visiting Swiss Ambassador's wife.",https://www.imdb.com/title/tt0152257/?ref_=sr_i_462
463. The Act,1983,1h 34m,R,4.5,101,,"Blackmail, a complex heist, and political snakery collide into a complicated caper full of disguises and surprises, where it's never clear who's really working for whom.",https://www.imdb.com/title/tt0083518/?ref_=sr_i_463
464. Pukar,1983,2h 41m,Not Rated,5.8,415,,"Although India obtained freedom from the British in 1947, Goa and its territories are still ruled by the Portuguese. A group of revolutionaries want a free Goa and are thus wanted by the Portuguese administration. Among them are Purandare, Narvekar, and Dinanath, and when Dinanath's whereabouts are known to the police, he escapes with his young son Ramdas and goes to their hideout. With Purandare's assistance they manage to escape, but they're shot. A horrified Ramdas watches Purandare shoot his father dead, and this is how he starts hating revolutionaries. Ramdas changes his name to Ronnie, befriends a girl named Julie, and grows up taking up crime as his career. He soon prospers and lets the villagers also prosper with him. Then when the Police Commissioner is shot dead, Ronnie helps the authorities apprehend his killer, a young man named Shekhar. He is arrested, tried in Court, and sentenced to be hanged. At this point Ronnie finds out that the people he assisted in the past are all against him and sympathize with the revolutionaries. Furious, he grabs a gun to kill Shekar's parents--and finds out who they really are and why Purandare shot his dad.",https://www.imdb.com/title/tt0086156/?ref_=sr_i_464
465. Palabra de Honor,1983,1h 48m,,8.2,67,,"A man of power and principle finds his life falling apart when love and honor collide, forcing him to face the price of his own word.",https://www.imdb.com/title/tt0351528/?ref_=sr_i_465
466. Vacanze di Natale,1983,1h 37m,,6.1,1.9K,,"Christmas holidays on the snow of Cortina D'Ampezzo. Mario, a guy from Rome who has little money, falls in love with American Samantha, the girlfriend of hypochondriac Roberto. Billo, a singer and playboy, encounters Ivana, who is now married to wealthy Donatone but had a fling with Billo in the past, and he wants another chance at lighting the flame.",https://www.imdb.com/title/tt0205493/?ref_=sr_i_466
467. The Gold Diggers,1983,1h 29m,,6.0,418,,An avant-garde exploration of a woman's life.,https://www.imdb.com/title/tt0085606/?ref_=sr_i_467
468. El vecindario II,1983,1h 30m,,6.1,56,,"The driver of a wealthy family is a rapist at night, but his victims do not accuse him.",https://www.imdb.com/title/tt0086529/?ref_=sr_i_468
469. Banzaï,1983,1h 42m,,6.0,2K,,"Michel Bernardin works at Planet Assistance, who helps Frenchmen who are in trouble in foreign countries.",https://www.imdb.com/title/tt0083618/?ref_=sr_i_469
470. Roy del espacio,1983,1h 3m,,,,,"Alome, emperor of a distant red planet, threatens to destroy Earth. Roy, Dr. Faz and psychologist Elena are sent by Earth leaders in a peace mission, but they get involved in a series of adventures that include romance, robot fights and space battles.",https://www.imdb.com/title/tt0342947/?ref_=sr_i_470
471. Sacred Ground,1983,1h 40m,PG,5.8,316,,"In 1861 Oregon, a mountain man and his Native American wife live in a cabin built on a Paiute burial site, leading to a violent dispute with the local tribe.",https://www.imdb.com/title/tt0086227/?ref_=sr_i_471
472. Las modelos de desnudos,1983,1h 45m,,5.3,57,,,https://www.imdb.com/title/tt0257926/?ref_=sr_i_472
473. My Breakfast with Blassie,1983,1h,Not Rated,6.8,683,,Comedian Andy Kaufman & professional wrestler Classy Freddie Blassie eat breakfast & discuss life.,https://www.imdb.com/title/tt0085979/?ref_=sr_i_473
474. Emerald Cities,1983,1h 29m,Not Rated,6.0,218,,"Emerald Cities, completing the trilogy, is a story about a young woman who runs off from her Death Valley home to seek her fortune. Her drunken dad still stuck in his Santa suit from the local Christmas pagent, follows and soon comes in contact with the ""new dark ages"" of 1984. Juxtapositions of ""on-the street"" interviews (by Willie Boy Walker), punk performances by bands Flipper and The Mutants, TV shows of past-life hypnotism and nuclear destruction, and a crazed ex-con all finally intermix with the characters' own sagas.",https://www.imdb.com/title/tt0085484/?ref_=sr_i_474
475. Second Thoughts,1983,1h 38m,PG,5.2,107,,"Lawyer Amy is being courted by two very different men: her client, roguish street musician Will; and her old boyfriend John Michael. A curious triangle develops as Amy gets pregnant by Will and both men vie for her affections.",https://www.imdb.com/title/tt0086269/?ref_=sr_i_475
476. Las musiqueras,1983,1h 33m,,5.0,22,,,https://www.imdb.com/title/tt0289352/?ref_=sr_i_476
477. Woh 7 Din,1983,2h 19m,,7.5,1.4K,,"Maya, coming from poor family, is married to the affluent Dr. Anand; but she tries to commit suicide on the nuptial night. She tells Anand that she was in love with Prem whose ambition was to be a music director. He too was in love with her but thought she would not be happy as his wife. Anand tells Maya that he had married her only for his mother who was on her death bed. When the mother dies Anand wants to unite Prem and Maya but Prem says it is against Hindu culture and disappears from their life.",https://www.imdb.com/title/tt0086597/?ref_=sr_i_477
478. Ek Jaan Hain Hum,1983,2h 31m,Not Rated,5.3,132,,"While trying to win over his beloved's parents, a young man is accused of arson, and his father soon realizes insanity may be his only defense.",https://www.imdb.com/title/tt0379272/?ref_=sr_i_478
"479. Occhio, malocchio, prezzemolo e finocchio",1983,1h 40m,,6.1,763,,"The film is divided into two episodes, The Hair of Disgrace and The Magician, both focusing on the theme of the occult and beliefs.",https://www.imdb.com/title/tt0086033/?ref_=sr_i_479
480. Fireback,1983,1h 30m,,4.9,181,,"A weapons expert is sent to Vietnam to demonstrate a new weapon he has just invented, but he is captured during a Viet Cong attack and imprisoned in a POW camp. He is rescued not long afterwards, but when he returns home he finds that his wife has been kidnapped and he is being set up for a string of crimes that he did not commit. He determines to find out what's going on and who is behind it.",https://www.imdb.com/title/tt0304014/?ref_=sr_i_480
481. Naughty Boys,1983,1h 40m,,5.7,367,,"Sing is an ex-con who's supposed to dig up the buried loot of his three still-jailed buddies, but when he gets to it, he finds that the treasure chest is full of rocks. The other three are convinced that Sing stole the goods for himself.",https://www.imdb.com/title/tt0091655/?ref_=sr_i_481
482. Female Prisoner: Caged!,1983,1h 8m,,5.2,211,,An inmate attempts to escape from prison and is confronted by the guard.,https://www.imdb.com/title/tt0930864/?ref_=sr_i_482
483. Le cercle des passions,1983,1h 48m,,6.3,83,,An aristocratic Sicilian family living in the 1950s. Count Villafratti has sex one night with his nymphomaniac daughter because he thinks she is his wife.,https://www.imdb.com/title/tt0065530/?ref_=sr_i_483
484. The Street Player,1983,2h 28m,,7.7,2.1K,,"The life of a football player named Fares who goes through a lot of problems due to his lack of self-discipline with his divorced wife, job, sexual desires and football.",https://www.imdb.com/title/tt0327835/?ref_=sr_i_484
485. Dressed in Blue,1983,1h 36m,Unrated,7.5,360,,Several transvestite prostitutes that work the Madrid streets discuss their personal experiences. The camera follows their daily lives. The lid is also lifted on their personal histories.,https://www.imdb.com/title/tt0086536/?ref_=sr_i_485
486. Als je begrijpt wat ik bedoel,1983,1h 24m,,7.4,1.8K,,"Bumble the Bear (Olivier Bommel) finds an egg that, it turns out, has a cute little dragon in it. However, this dinosaur grows huge every time it is upset. As this causes a lot of problems, Ollie Bommel has to face a difficult dilemma.",https://www.imdb.com/title/tt0188404/?ref_=sr_i_486
487. Funny Dirty Little War,1983,1h 20m,Unrated,7.0,635,,"A small revolution breaks out in a small Argentine town, as one group of Peronists calls they newly elected peronist a communist. The newly elected official enlists the aid of allies ranging from the town drunk to young peronists to help hold his post. What follows is a slapstick war with a serious message.",https://www.imdb.com/title/tt0086017/?ref_=sr_i_487
488. Bade Dil Wala,1983,2h 26m,Not Rated,6.0,171,,Amrit's generosity and kindness initially lands him in the bad books of a dancer; then in prison; and then as false son-in-law of a very wealthy man.,https://www.imdb.com/title/tt0317117/?ref_=sr_i_488
489. Bullshot Crummond,1983,1h 35m,PG,5.9,800,,"The dashing Captain Hugh ""Bullshot"" Crummond (Alan Shearman) - World War I ace fighter pilot, Olympic athlete, racing driver, part-time sleuth, and all round spiffing chap - must save the world from the dastardly Count Otto van Bruno (Ronald E. House), his wartime adversary. And, of course, win the heart of a jolly nice young lady.",https://www.imdb.com/title/tt0085279/?ref_=sr_i_489
490. Privates on Parade,1983,1h 47m,R,4.8,1.1K,,"The members of S.A.D.U.S.E.A. (Song and Dance Unit South East Asia) fall in and out of love while trying to dodge Malayan Communist bullets in the late 1940s. Not only that, they have to contend with Bible bashing Major Giles Flack (John Cleese), who creates far more danger than any of the jungle inhabitants. Only gay Acting Captain Terri Dennis (Denis Quilley) seems to be capable of coping with him, but even he isn't aware of the cowardly Sergeant Major Reg Drummond (Michael Elphick) selling arms to the natives.",https://www.imdb.com/title/tt0084538/?ref_=sr_i_490
491. Katha,1983,2h 21m,,7.7,1.5K,,"Secretly in love with his neighbor, a mild-mannered clerk is heartbroken when his much bolder, more charming friend wins her heart instead.",https://www.imdb.com/title/tt0085776/?ref_=sr_i_491
492. G.B.H.,1983,1h 13m,,5.0,206,,A bouncer is called in to help fight off a mob boss who is trying to take over local night clubs.,https://www.imdb.com/title/tt0456960/?ref_=sr_i_492
493. Hambone and Hillie,1983,1h 30m,PG,4.9,258,,"A dog (Hambone) treks from New York City to Los Angeles to be reunited with his owner (Hillie), meeting a host of helpers along the way.",https://www.imdb.com/title/tt0087379/?ref_=sr_i_493
494. Dogs of Hell,1983,1h 29m,R,4.1,462,,"A pack of Rottweilers, bred and trained by the U.S. military to kill humans, escape to ravage the peaceful mountain resort town of Lake Lure. It is up to the local sheriff to protect his small community.",https://www.imdb.com/title/tt0131359/?ref_=sr_i_494
495. Faunovo velmi pozdní odpoledne,1983,1h 39m,,6.8,333,,"This film was made as a kind of a ""protest-song"" against the panic fear of getting old and also against flirtation. The main character (played by Leoš Suchařípa) is an elderly man, admittedly competent, but not very responsible. In the continuous fear, he is trying to do as much as he can but, instead of confidence, he only finds out that in the real life one cannot just take but must give as well. Last but not least, one must be able to resign to his age.",https://www.imdb.com/title/tt0085527/?ref_=sr_i_495
496. Holy Flame of the Martial World,1983,1h 25m,,6.8,616,,"Two evil kung fu masters seeking a powerful weapon kill the man who knows its location, but his two infants are separated, one is raised by a righteous kung fu master to avenge his father, and the other is raised by his father's enemy.",https://www.imdb.com/title/tt0086607/?ref_=sr_i_496
497. Wartime Romance,1983,1h 32m,,7.1,746,,"This melodrama revolves around the post-war meeting reunion an intelligent front-line officer, now happily married, and a woman street vendor. This encounter reawakens in them submerged feelings of gratitude and tenderness as the officer recalls how they met during the war and what she used to mean to him. Now he learns that she is alone with a small daughter, the girl's father having been killed at the front. Naturally, he seeks to help them but his wife is not so understanding...",https://www.imdb.com/title/tt0086561/?ref_=sr_i_497
498. Amok,1983,1h 43m,,6.0,42,,A rural teacher discovers the harsh realities of his South Africa.,https://www.imdb.com/title/tt0303642/?ref_=sr_i_498
499. Crusher Joe: The Movie,1983,2h 12m,,7.0,444,,"Amid a supposedly simple escort mission, Joe and his crew experience a failure during their warp travel. They wake up just to find out that the passengers are missing. To make things worse, the United Space Force accuses them of committing space piracy and Crusher HQ suspends their licenses for six months. To clear their names, they head out to the dangerous planet of Lagol to find the person who hired them for that particular mission.",https://www.imdb.com/title/tt0158568/?ref_=sr_i_499
500. Putt Jattan De,1983,2h 3m,,8.0,97,,Two young men find their inherited rivalry exacerbated by a woman with whom they form a love triangle.,https://www.imdb.com/title/tt0302952/?ref_=sr_i_500
501. O' surdato 'nnammurato,1983,1h 36m,,1.8,18,,"Franco leaves for military service in Telese, and promises his girlfriend Maria that the distance will not extinguish his love for her.",https://www.imdb.com/title/tt0086031/?ref_=sr_i_501
502. Erotic Images,1983,1h 33m,R,5.3,89,,"Beautiful Britt Ekland gets an education in Hollywood hustling, behind the scenes and behind closed doors,in this sizzling story of celebrity, seduction and sensual temptation. Take a bold look at the sudden fame, sexual games, and the glittery lures of Hollywood with EROTIC IMAGES.",https://www.imdb.com/title/tt0089098/?ref_=sr_i_502
503. Tin Man,1983,1h 29m,PG,5.8,122,,"A young man, born deaf, invents a computer so he can hear and speak with others.",https://www.imdb.com/title/tt0086445/?ref_=sr_i_503
504. Children of Darkness,1983,57m,,7.9,503,,Many American youth face mental health challenges and receive treatment in facilities. Poor conditions and inadequate care in public and private institutions often cause more harm than healing.,https://www.imdb.com/title/tt0085329/?ref_=sr_i_504
505. Kalaakaar,1983,2h 24m,,5.4,154,,Poor and orphan Ravi Kumar is gifted with good singing attributes. He meets wealthy Radha Khanna and with her recommendation he lands his first singing assignment and this takes him to the way of stardom. Soon Radha starts to witness changes in Ravi's behavior towards her; which makes them split up. Unknown to Radha that Ravi has been diagnosed with cancer and does not have long to live.,https://www.imdb.com/title/tt0187195/?ref_=sr_i_505
506. Revenge in the House of Usher,1983,1h 33m,Not Rated,3.5,622,,"A young doctor visits the secluded home of his ailing mentor - Eric Usher - who believes the house itself is alive and plotting to drive him insane, manifesting itself through ghostly apparitions.",https://www.imdb.com/title/tt0084592/?ref_=sr_i_506
507. Woman with Pierced Nipples,1983,1h 9m,,5.9,169,,"The story of men and women, which starts with harmless, albeit eccentric games. She knows almost nothing about him, but as more and more she learns, the more shocking and at the same time attractive Bole becomes with his secret life. In particular, ""a collection of wines"", stored in a special vault.",https://www.imdb.com/title/tt0287961/?ref_=sr_i_507
508. New Life,1983,1h 24m,,7.5,311,,"Two friends working at a restaurant get fired from their jobs and after seeing an advertisement for the fishing industry of the Westman Islands, decide to go there and make some money.",https://www.imdb.com/title/tt0238467/?ref_=sr_i_508
509. Hajji Washington,1983,1h 38m,,7.0,844,,A loyal and simple-minded statesman is appointed as the first Iranian ambassador in the U.S. but soon starts to lose his mind from homesickness and inaction.,https://www.imdb.com/title/tt0084044/?ref_=sr_i_509
510. Off the Wall,1983,1h 25m,R,4.3,124,,"Two young hitchhikers are picked up by a speed-crazed, young woman, who tears around the countryside. She leaves them to take the blame for her activities, and they find themselves sentenced to six months in prison. The girl, feeling bad about what she did to them, resolves to break them out.",https://www.imdb.com/title/tt0086037/?ref_=sr_i_510
511. El poder de la censura,1983,1h 30m,,3.7,20,,The problems affecting a film producer linked to censorship and self-censorship.,https://www.imdb.com/title/tt0169133/?ref_=sr_i_511
512. I Enjoy the World with You,1983,1h 22m,,7.6,1.8K,,"Three middle-aged men go for a vacation with their children and learn to cope with their needs without their wives. Quickly, they plan to exhaust the kids to have some time off, but nothing really works out as planned.",https://www.imdb.com/title/tt0084620/?ref_=sr_i_512
513. My Best Friend's Girl,1983,1h 39m,,5.9,1.3K,,"Isabelle Huppert plays an attractive Parisienne out looking for some fun during her vacation on the ski slopes of Courchevel in the Alps when she starts up a relationship with a great-looking sportswear salesman, but at the same time she is entranced by a little chubby disk jockey in a night club.",https://www.imdb.com/title/tt0085529/?ref_=sr_i_513
514. Runners,1983,1h 47m,,5.7,264,,"When his young daughter disappears, her father refuses to accept that she is dead and sets out on a journey to find her.",https://www.imdb.com/title/tt0086219/?ref_=sr_i_514
515. Last Plane Out,1983,1h 37m,PG,4.3,228,,An American journalist covering the civil war in Nicaragua falls in love with a beautiful Sandinista rebel.,https://www.imdb.com/title/tt0085823/?ref_=sr_i_515
516. The Story of the Voyages,1983,1h 41m,,7.7,1.3K,,"In a medieval fantasy kingdom, two orphans, May and his sister Martha, live in poverty. A group of robbers kidnap May to use his magic talent: he feels sick when surrounded by gold, therefore he can feel gold from a long distance.",https://www.imdb.com/title/tt0141830/?ref_=sr_i_516
517. El hombre del pito mágico,1983,,,4.0,51,,Raúl has invented something that can change the destiny of humanity: a whistle whose sound awakens an unstoppable sexual desire.,https://www.imdb.com/title/tt0084081/?ref_=sr_i_517
518. Una gita scolastica,1983,1h 30m,,7.0,331,,"Italy, 1914. Two teachers (Delle Piane and Pini) take their pupils for a school outing from Bologna to Florence.",https://www.imdb.com/title/tt0085597/?ref_=sr_i_518
519. To Love Again,1983,1h 41m,,6.9,43,,"Forced by her father to marry a man she does not love in order to save him from financial ruin, Raffy runs away. Left with no choice but to fend for herself, she takes a secretarial job in a mining company. There she meets Bullet, an adventurous young man who, like her, has left home in order to save himself from a loveless arranged marriage. Together, Raffy and Bullet go through life, coping with its ups and downs, learning about forgiveness, and discovering love in the process.",https://www.imdb.com/title/tt0318136/?ref_=sr_i_519
520. Dos de abajo,1983,1h 52m,,6.6,44,,"Two bricklayers find a hidden treasure in the construction site where they work, and become victims of a great persecution.",https://www.imdb.com/title/tt0340081/?ref_=sr_i_520
521. Demon of the Lute,1983,1h 41m,,6.7,219,,The lute-demon Chin Mo has reappeared in the world to wreak havoc. Hsiao Feng-ling is ordered to find a special bow and arrow that can counter the demon.,https://www.imdb.com/title/tt0165366/?ref_=sr_i_521
522. Arpan,1983,2h 24m,,5.6,121,,"Anil loves Shobha, Vinnie loves Rakesh. Both work for JK. After Anil's year abroad, he returns to find Shobha married to JK and Vinnie wed to Rakesh. He marries Sona but still loves Shobha.",https://www.imdb.com/title/tt0247936/?ref_=sr_i_522
523. Hunter's Crossing,1983,1h 31m,,4.1,54,,"""Hunter's crossing"" is about a mercenary (Bruce Baron as Al Hunter) trying to rescue a millionnaire's son raptured by Filipino pirates.",https://www.imdb.com/title/tt0269348/?ref_=sr_i_523
524. Big Shar,1983,1h 36m,,7.3,1.4K,,"After five years in prison, con-artist Szu mentors aspiring grifter Jurek in Lutyn, leading to complications as Szu partners with prostitute Jola, and Jurek seeks fortune.",https://www.imdb.com/title/tt0084901/?ref_=sr_i_524
525. A Love in Germany,1983,1h 50m,R,6.5,442,,A foreigner and his son arrive in a small German village and evoke a story that the villagers do not want to remember.,https://www.imdb.com/title/tt0085843/?ref_=sr_i_525
526. Doctor Yes: The Hyannis Affair,1983,1h 45m,,5.2,84,,"A man falls for his nubile stepdaughter. When his hot wife finds out about this, she is furious. Murder ensues. It's obvious who's the guilty party. Or is it?",https://www.imdb.com/title/tt0183007/?ref_=sr_i_526
527. Chor Police,1983,2h 44m,,6.0,57,,"Inspector Sunil Rana (Shatrughan Sinha) has been assigned the case of triple-homicide of the Sinha family, namely Mr. Sinha (Ashok Kumar); his son Inspector Rohan (Vinod Mehra), and Rohan's wife (Bindiya Goswami). After an investigation, Sunil concludes that the assailant can only be Dr. Singh (Kader Khan), who escapes from India, and re-locates to Dubai, United Arab Emirates, far from the jurisdiction of Bombay Police. Sunil must overcome borders to apprehend Dr. Singh, and thus bring justice to the Sinha family. It is then Sunil comes to know that Dr. Singh is not the only one involved in this homicide, which is far more complicated that he had thought it to be so.",https://www.imdb.com/title/tt0271432/?ref_=sr_i_527
528. The Nun and the Torturer,1983,1h 25m,,4.9,115,,"A principled police chief investigates a female teacher suspected of political crimes. After arresting her, he discovers she's a nun, yet must proceed with harsh interrogation methods while fighting an unexpected attraction.",https://www.imdb.com/title/tt0256762/?ref_=sr_i_528
529. Raskenstam,1983,1h 49m,,5.4,333,,"The story of the charlatan Gustaf Raskenstam life and times during World War II, who for financial gain seduced a large number of women.",https://www.imdb.com/title/tt0086173/?ref_=sr_i_529
530. Adi Shankaracharya,1983,2h 10m,Not Rated,7.7,341,,The first Indian movie to be made in Sanskrit. The movie follows the life and times of Adi Shankaracharya - the founder of the non-duality (Advaita) school of Indian philosophy. The Jiv-Atman or Individual Self is a mere reflection or limitation of Singular Atman in a multitude of apparent individual bodies.,https://www.imdb.com/title/tt0085138/?ref_=sr_i_530
531. Sex Crime,1983,1h 17m,,6.0,19,,Three people whose lives have taken a turn for the worse retreat into a world of erotic dreams made flesh.,https://www.imdb.com/title/tt0287677/?ref_=sr_i_531
532. Trouble-Maker Hüsnü,1983,1h 24m,,7.7,8.5K,,"Hüsnü, who is in love Hüsnüye, seeks help from his friend Cemal to get with Hüsnüye but Cemal keeps scamming Hüsnü to get his money. Cemal hears from the people on the streets that a wealthy man named Malik is overtaxing the people in the neighborhood and kicking them out of their homes. Cemal portrays Hüsnü as a fake gangster to the neighborhood to get rid of Malik.",https://www.imdb.com/title/tt0253963/?ref_=sr_i_532
533. Time for Loving,1983,1h 34m,,6.1,1.4K,,Summer stories from the beaches of Tuscany.,https://www.imdb.com/title/tt0086240/?ref_=sr_i_533
534. The Princes,1983,1h 40m,,6.6,146,,"Nara, a 30-year-old gypsy, lives with her nine-year-old daughter Zorka and her grandmother in a public housing project in the Paris region.",https://www.imdb.com/title/tt0086139/?ref_=sr_i_534
535. Vai alla grande,1983,1h 27m,,3.6,57,,"Rimini in winter. Giorgio, Walter and Dario's dream is to own a boat. Meanwhile, they overcome boredom by inventing an endless series of jokes. Between the three and the rich boys in the area led by Fernando there is a strong rivalry that will become more acute with the arrival of the beautiful Karin, a young German with an ambiguous past. In the meantime, the official regatta arrives that our three friends, through a series of grotesque situations, win. Meanwhile Karin falls in love with Giorgio. Unexpectedly, the ""protectors"" of the young woman appear in the town. They want to bring her home and reveal the girl's past to Giorgio. After an understandable disappointment, Giorgio, helped by all the boys including Fernando, chases the criminals and frees his beloved.",https://www.imdb.com/title/tt0085337/?ref_=sr_i_535
536. Flirt,1983,1h 36m,,6.6,55,,"After a 22-year marriage, a couple shows the signs of a crisis. She thinks he has a lover, and actually it seems so, but is the lover for real?",https://www.imdb.com/title/tt0134656/?ref_=sr_i_536
537. Now and Forever,1983,1h 29m,R,4.7,193,,"A couple's seemingly ""perfect"" marriage is shaken when the husband is charged with rape.",https://www.imdb.com/title/tt0086024/?ref_=sr_i_537
538. Al bar dello sport,1983,1h 40m,,6.3,921,,"Lino, a penniless Pugliese emigrant to Turin, is an unwelcome guest in his sister and brother-in-law's house. Engaged with Rossana, who leaves him for a friend. Lino makes 13 the pools but keeps it hidden from everyone.",https://www.imdb.com/title/tt0085148/?ref_=sr_i_538
539. The Challenge of the Lady Ninja,1983,1h 32m,,6.0,240,,"During WWII's Japanese occupation of Shanghai, a woman trains in covert arts. Arriving in Hong Kong, she learns her brother aids the Japanese. She assembles female warriors to stop him.",https://www.imdb.com/title/tt0165136/?ref_=sr_i_539
540. The Prodigal Planet,1983,2h 6m,TV-PG,4.5,318,,"Final and least well-known installment in the Mark IV series of fundamentalist apocalypse films. About to be executed by the forces of the Antichrist, fundamentalist Christian guerrilla David is rescued by Connie, an Antichrist agent pretending to be a double agent for the Believers' Underground. Connie hopes to trick David into leading her to the dissidents' hidden base. Meanwhile, Armageddon and the Second Coming draw nigh.",https://www.imdb.com/title/tt0086145/?ref_=sr_i_540
541. Abuse,1983,1h 34m,Not Rated,6.4,192,,"Brutally abused by his parents, teenage Thomas finds comfort in associating with a film director who is making a documentary about physical child abuse. The two fall in love, and the elder is faced with the decision of either running away with Thomas or focusing on his career, thereby possibly letting Thomas be beaten to death.",https://www.imdb.com/title/tt0083517/?ref_=sr_i_541
542. The Crazy Story of the Three Musketeers,1983,1h 27m,,4.3,143,,The three musketeers must help the Queen of France recover a garter belt lost in a love affair before Cardinal Richelieu discredits the Queen at a party where she will have to wear the famous piece of lingerie.,https://www.imdb.com/title/tt0085858/?ref_=sr_i_542
543. The Millennial Bee,1983,2h 42m,,7.8,666,,"A multigenerational saga (1887-1917) parallels a bee colony, with the queen representing family roots and tradition. The Pichanda family faces love, work, crisis, and war, weaving reality with dreams.",https://www.imdb.com/title/tt0086447/?ref_=sr_i_543
544. To Kill a Stranger,1983,1h 28m,,5.3,181,,"The wife of an American journalist on an assignment in an unnamed South American country run by a military junta is sexually assaulted by a stranger there. However, she manages to fight back, which leads to unexpected consequences.",https://www.imdb.com/title/tt0090179/?ref_=sr_i_544
545. Himmatwala,1983,2h 59m,Not Rated,4.8,446,,"A poor and wronged woman's son returns from the big city to avenge his father, a honest school teacher.",https://www.imdb.com/title/tt0187150/?ref_=sr_i_545
546. Touched,1983,1h 33m,R,5.2,153,,Two mental patients in an institution fall in love and plan to escape in the search of a normal life.,https://www.imdb.com/title/tt0086460/?ref_=sr_i_546
547. Frida,1983,1h 48m,,6.8,585,,"The most prominent female painter of Latin America, Frida Kahlo, is agonizing in her Coyoacán home. She evokes memories of her childhood, of the streetcar accident that caused her terrible pain and affliction, her friendship with Trotsky and painter Alfaro Siqueiros, her marriage to Diego Rivera, her miscarriage, her political commitment, her love affairs and the anticipated exhibition of her works.",https://www.imdb.com/title/tt0087297/?ref_=sr_i_547
548. Man of Flowers,1983,1h 31m,,7.1,721,,"An eccentric elderly man tries to enjoy the three things in life that he considers real beauty: collecting art, collecting flowers, and watching pretty women undress.",https://www.imdb.com/title/tt0085893/?ref_=sr_i_548
549. Bekhabar,1983,,,,,,"This movie unfolds as a murder mystery, where numerous individuals whose names begin with the letter V come under suspicion for a murder. ""Bekhabar"" narrates the journey towards uncovering the real murderer.",https://www.imdb.com/title/tt0231244/?ref_=sr_i_549
550. Esprit D'amour,1983,1h 38m,,6.5,241,,"A young woman has a tragic accident, slipping on a skateboard and falling off the roof of a tall building. Koo Chi Ming, an insurance investigator, is sent to determine whether the girl's death is an accident or a suicide and he recognizes the young woman from an earlier chance encounter. His boss wants him to conclude it was a suicide so that the insurance company doesn't have to pay. The young woman's ghost visits Koo to tell him that her death was accidental and they fall in love. When Koo's girlfriend and his parents find out he's in love with a spirit, they hire an exorcist to get rid of her.",https://www.imdb.com/title/tt0086616/?ref_=sr_i_550
551. Fieras en brama,1983,1h 35m,,6.0,31,,"Pedro, who is studying at the seminary to become a priest, returns to his grandfather's ranch after his uncle takes ill. He stays to help out and beautiful Elisa, his uncle""s wife. who is unhappy in her marriage seduces him, but it turns out to be a brief infatuation.He then falls in love with his cousin Maria, who is unaware of his brief fling with his uncle's wife. All the while he contemplates his future in the priesthood, facing enormous pressure from his grandfather, who wants him to continue studying to be a priest. Elisa tells Maria about their brief fling, but Maria forgives him. When Pedro and Maria contemplate marriage, he must search his heart for the correct path for him.",https://www.imdb.com/title/tt0257671/?ref_=sr_i_551
552. Reckless,1983,1h 32m,,4.6,54,,A daredevil motorcycle rider falls for an older artist.,https://www.imdb.com/title/tt0253588/?ref_=sr_i_552
553. Por un vestido de novia,1983,1h 29m,,5.5,16,,,https://www.imdb.com/title/tt0332323/?ref_=sr_i_553
554. Die Insel der blutigen Plantage,1983,1h 28m,,4.4,192,,"A women's prison on a tropical island is a hellhole where the inmates are raped, tortured and otherwise abused by the evil commandant and brutal guards. However, one of the guards falls in love with a beautiful inmate, and decides to help her and all the other prisoners escape.",https://www.imdb.com/title/tt0084139/?ref_=sr_i_554
555. Atsay Killer,1983,,,6.2,9,,"THIS COMIC FILM TACKLES SERIOUS SUBJECTS - MURDER, LUST, HOMOSEXUALITY, EXPLOITATION, OF WOMAN, IN TONGUE-IN-CHEEK FASHION.",https://www.imdb.com/title/tt1356892/?ref_=sr_i_555
556. Thick as Thieves,1983,1h 32m,,5.7,735,,Nicola Calore faces the visit of his niece Rosina who believes that he has become wealthy. Episode 2: The misadventures of two surveyors during their stay in a holiday village in Kenya.,https://www.imdb.com/title/tt0084467/?ref_=sr_i_556
557. Rush,1983,1h 17m,,4.5,218,,"In a post-nuclear holocaust world, a survivor roams the desert, fighting bandits and the forces of an evil warlord.",https://www.imdb.com/title/tt0086222/?ref_=sr_i_557
558. Prima Veras saga om Olav den hellige,1983,1h 38m,,5.2,143,,The unholy story about the life of Saint Olav the Holy from birth to the day he dies as the Norwegian King at the battle of Stiklestad in 1030.,https://www.imdb.com/title/tt0086138/?ref_=sr_i_558
559. Ghungroo,1983,,,5.9,73,,"While on his deathbed, the Emperor promises that his Senapati, Vikram Singh, will be treated like his son, and he will get married to a woman from a royal family. He also asks Vikram to obey every wish and whim of his wife, Ranimaa, to which Vikram agrees to. A few moments later the emperor passes away. After the formal mourning period is over, Ranimaa announces that she would like Vikram to marry Princess Priya. Vikram agrees to this, and soon Priya and he are married with great pomp and ceremony. After this marriage, Priya learns that Vikram really loves a prostitute named Kesarbai, and has only married her as he had promised to obey every wish and whim of Ranimaa. She also finds out that Kesar and Vikram had a baby girl as a result of this relationship. She complains to Ranimaa, and Ranimaa asks Kesar to take her child and leave this region, which she does. Years later, Ranimaa's second son meets with an attractive young woman named Renu, and both fall in love. Their alliance is frowned upon as Renu is the daughter of a prostitute, and has never known who her biological father is, though her mother lives with a man named Suraj. Little do they know that the past will be re-visited, changing everyone's lives and outlooks forever.",https://www.imdb.com/title/tt0349488/?ref_=sr_i_559
560. Die Supernasen,1983,1h 28m,,4.6,1.5K,,"When Mike is left by his girlfriend, he meets Tommy, who just lost his job. The dynamic duo decides deliberately to work as private investigators. Their first case involves a rich man who wants to know if his wife is cheating.",https://www.imdb.com/title/tt0086394/?ref_=sr_i_560
561. Die Mädchen aus der Peep Show,1983,1h 17m,,4.1,55,,"Contrary to popular beliefs, women working in a peepshow are all happy and self-confident beings who enjoy making men happy. This has at least found an undaunted reporter team.",https://www.imdb.com/title/tt0194189/?ref_=sr_i_561
562. Ogroff,1983,1h 30m,,4.5,484,,A masked lumberjack stalks anyone who enters his woods. Throughout the film we get a variety of people who come in contact with the killer and they don't live to regret it.,https://www.imdb.com/title/tt0844321/?ref_=sr_i_562
563. The Last Winter,1983,1h 29m,R,5.2,127,,Tells the story of two women seeking leads to their missing husbands after the end of the Yom Kippur War (1973). A relationship builds between them when each identified her husband in the same blurred image of a foreign newsreel.,https://www.imdb.com/title/tt0087599/?ref_=sr_i_563
564. Kletka dlya kanareek,1983,1h 17m,,7.0,99,,Two difficult teenagers Olesya and Viktor are trying to overcome circumstances and break free.,https://www.imdb.com/title/tt0130405/?ref_=sr_i_564
565. Doktor Civanim,1983,1h 27m,,6.9,4.7K,,Kemal who is a servant in a hospital in Istanbul returns to his village. He presents himself as a doctor and starts to treat people free.,https://www.imdb.com/title/tt0252388/?ref_=sr_i_565
566. Scusate il ritardo,1983,1h 52m,,7.3,1.3K,,"Vincenzo, a 30-year-old apathetic, lazy man who still lives with his mother, has no job and no desire to improve. He meets Anna and falls in love with her, but to keep the relationship alive he must learn to accept more responsibility.",https://www.imdb.com/title/tt0084646/?ref_=sr_i_566
567. Vahsi Kan,1983,1h 30m,,4.4,466,,Unofficial Turkish remake of First Blood (1982),https://www.imdb.com/title/tt0183958/?ref_=sr_i_567
568. Thieves After Dark,1983,1h 38m,,5.7,261,,A couple goes on the run after being accused for a crime they didn't commit.,https://www.imdb.com/title/tt0086557/?ref_=sr_i_568
569. Shaolin vs. Lama,1983,1h 28m,,7.0,826,,"Skilled fighter Sung Li Ting is looking for a Kung Fu master who can beat him in battle and teach him new techniques. Shaolin monk Shao Si Yer introduces Sung Li to the Shaolin teachings, but Sung Li is not allowed to enter the school until the return of a Lama monk who stole a secret scroll containing every known fighting style from the monastery 12 years earlier.",https://www.imdb.com/title/tt0086304/?ref_=sr_i_569
570. Medeni mjesec,1983,1h 54m,,5.9,77,,"The first soft core porn film in former Yugoslavia gained cult reputation for its unique cultural insights, despite its shortcomings, including a lack of coherent plot and basic filmmaking elements.",https://www.imdb.com/title/tt0085922/?ref_=sr_i_570
571. Maldita miseria,1983,1h 35m,,6.9,26,,Poor people struggle with hardship.,https://www.imdb.com/title/tt0323164/?ref_=sr_i_571
572. Portrait in Crystal,1983,1h 17m,,6.4,215,,"Several violent killings take place in the martial arts world, all involving a mysterious crystal-clad culprit, prompting a sculpture, who's also a master swordsman, and his assistant to search for the real identity of the killer.",https://www.imdb.com/title/tt0084678/?ref_=sr_i_572
573. The Lost Tribe,1983,1h 54m,,5.3,111,,"An anthropologist vanishes in New Zealand during a tribal search. His wife, daughter, and shady twin brother enamored with his sister-in-law embark on a quest to find him, while police suspect one twin in a prostitute's murder.",https://www.imdb.com/title/tt0139432/?ref_=sr_i_573
574. The Devil and Holy Water,1983,1h 32m,,4.9,228,,"After injuries force an AS Roma center forward off the field, he survives on petty scams.",https://www.imdb.com/title/tt0085438/?ref_=sr_i_574
575. Notturno,1983,1h 52m,,6.0,45,,"Musante plays a man blackmailed and forced to assassinate a highly guarded KGB official. Two British agents have kidnapped his daughter and want him to do what they tell him. Why him? He has the ability to see in darkness and is a sharpshooter. Will he get the job done, get his daughter back, and escape from the Russian and British agents that pursue him?",https://www.imdb.com/title/tt0086023/?ref_=sr_i_575
576. Pornographic Ukiyo-e,1983,1h 13m,,7.2,27,,,https://www.imdb.com/title/tt0287702/?ref_=sr_i_576
577. Moon Rainbow,1983,1h 28m,,5.2,264,,"After a strange incident, a group of Russian space commandos start developing supernatural powers. But how did they acquire such abilities and what are their intentions?",https://www.imdb.com/title/tt0089618/?ref_=sr_i_577
578. Survival Zone,1983,1h 30m,R,4.2,259,,"In a post-nuclear holocaust world, roving bands of motorcycle gangs attack ranchers to try to take over their land.",https://www.imdb.com/title/tt0217072/?ref_=sr_i_578
579. The Passing,1983,1h 36m,Not Rated,5.5,345,,"Two elderly World War II buddies are living - and dying - together in their small home. One becomes a patient where salvage-worthy, older attributes are combined with useable, younger body parts. He returns, unrecognized by the other.",https://www.imdb.com/title/tt0365617/?ref_=sr_i_579
580. Clash of Loyalties,1983,2h 50m,,6.8,315,,This movie is about the 1920 revolution in Iraq against the English occupation.,https://www.imdb.com/title/tt0085911/?ref_=sr_i_580
581. The American Snitch,1983,1h 22m,R,5.0,72,,"Satire spoof about a ""National Enquirer""-type tabloid, featuring a cast of celebrity look-alikes.",https://www.imdb.com/title/tt1404369/?ref_=sr_i_581
582. Island of Swans,1983,1h 25m,,6.8,133,,"Fourteen-year-old Stefan Kolbe, along with his mother and sister, moves from an idyllic small town to the developing area of Berlin-Marzahn, where his father works as a construction worker. Stefan must find his way in a completely new environment and surrounded by strange people. Stefan gets to know two girls, who attempt to seduce him, and gets himself into trouble with the landlord, who kisses up to societal authority figures. He becomes friends with the anxious Hubert, defends him against the constant humiliation of the older student Windjacke, and encourages him to stand up for himself. It ends tragically in a bitter fight between Stefan and Windjacke.",https://www.imdb.com/title/tt0085730/?ref_=sr_i_582
583. Remedy,1983,1h 28m,,7.2,1.1K,,"Problematic life of a newly graduated midwife in a remote village, where winters are really harsh.",https://www.imdb.com/title/tt0353347/?ref_=sr_i_583
584. Secerna vodica,1983,1h 45m,,7.0,791,,"Unsatisfied with her look and lack of sexual experience, a girl whose nickname is Tomboy decide to subject herself under nose surgery. Her best friend begins to observe her from different angle.",https://www.imdb.com/title/tt0088070/?ref_=sr_i_584
585. Manji,1983,1h 35m,,5.9,154,,A married kleptomaniac (Sonoko) and a younger woman (Mitsuko) begin an unusual love affair which develops fast into a kinky sexual love triangle when Sonoko's husband gets involved.,https://www.imdb.com/title/tt0227028/?ref_=sr_i_585
586. El crack dos,1983,1h 55m,,7.1,960,,"Private detective Germán Areta is investigating the life of a man who has apparently abandoned another man. When they both turn up dead, it seems one killed the other before committing suicide, but Areta is not convinced. After his assistant is murdered, Areta has to chose between his desire to continue the investigation and his fear of dying for nothing.",https://www.imdb.com/title/tt0085374/?ref_=sr_i_586
587. Theater of Life,1983,2h 18m,,7.1,32,,,https://www.imdb.com/title/tt0085757/?ref_=sr_i_587
588. Ryuji,1983,1h 32m,,6.8,186,,"Ryuji tries to quit yakuza and spend a decent life with his wife Mariko and daughter Aya, but as he's used to getting easy money, it'd become hard for him to work hard and get little. Eventually he's back to where he belongs.",https://www.imdb.com/title/tt0207709/?ref_=sr_i_588
589. Unmaigal,1983,,,,,,,https://www.imdb.com/title/tt3325258/?ref_=sr_i_589
590. Kanakerbraut,1983,1h 2m,,6.7,55,,"Story of a 40 year old man, Paul, whose wife has left him, and who works part-time at odd jobs and spends the rest of his time in dingy bars and visiting peep-shows.",https://www.imdb.com/title/tt0087533/?ref_=sr_i_590
591. Blue Skies Again,1983,1h 36m,PG,5.3,255,,"A hard-hitting, fast, sure-handed baseball player tries to break into the sport by applying for a spot on a major-league-league team. The only problem is that the player is female, which engenders resistance and resentment among many players and officials.",https://www.imdb.com/title/tt0085254/?ref_=sr_i_591
592. Rescue Team,1983,1h 21m,R,4.3,35,,"An over-the-top action-packed Filipino jungle action flick about a super tough CIA agent. Bloody violence, a jungle full of bamboo death traps and some double crossing keeps things more than interesting.",https://www.imdb.com/title/tt1764569/?ref_=sr_i_592
"593. Move Along, There is Nothing to See",1983,1h 24m,,5.2,589,,"Leroux and Pélissier, are investigating stolen checks. They arrive at Hélène owner of a contemporary art gallery. Pélissier is convinced that she is a stranger to history, but Leroux clings on, convinced that she is hiding something.",https://www.imdb.com/title/tt0085341/?ref_=sr_i_593
594. Salt & Gold,1983,1h 40m,,6.8,536,,"When King Pravoslav's favorite daughter tells him that she loves him more than salt, he's furious since he considers salt to be worthless. Her fiance the Salt Prince makes all the salt disappear to teach Pravoslav a lesson.",https://www.imdb.com/title/tt0171765/?ref_=sr_i_594
595. Çarikli Milyoner,1983,1h 26m,,6.7,3.8K,,Unofficial Turkish remake of Mr. Deeds Goes to Town (1936),https://www.imdb.com/title/tt0253996/?ref_=sr_i_595
596. The Champions,1983,1h 26m,,6.6,268,,"Ah Biao stars as an acrobatic country hick who must flee out of town after injuring a wealthy socialite during an innocent competition. While exploring the area, he runs into a soccer team who discovers his talents.",https://www.imdb.com/title/tt0085260/?ref_=sr_i_596
597. Buddies,1983,1h 37m,,6.1,158,,Young miners Mike and Johnny (Colin Friels and Harold Hopkins) work in the gem fields of central Queensland around Emerald. Conflict arises when their pick-and-shovel operation is threatened by a large scale bulldozer operator.,https://www.imdb.com/title/tt0085278/?ref_=sr_i_597
598. Flotte Biester auf der Schulbank,1983,1h 19m,,3.9,67,,An young female teacher inherits a condom factory from her uncle.,https://www.imdb.com/title/tt0085552/?ref_=sr_i_598
599. Sheer Madness,1983,1h 45m,Not Rated,6.6,347,,"Olga and Ruth become friends. Olga is independent, separated from her husband, living with an immigrant pianist, and teaching feminist literature. Ruth is withdrawn, a painter, possibly mentally ill. Ruth dreams in black and white, sometimes of her suicide. Olga lectures on a 19th-century writer, von Günderrode, a suicide after the breakup of her intense friendship with Bettina Brentano. Ruth's husband Franz encourages the women's friendship, then, as Olga draws Ruth out and the friendship deepens, he becomes jealous. After the women travel to Egypt, Franz has a tirade. Ruth seems crushed between her husband and her friend, and how she responds is the film's climax.",https://www.imdb.com/title/tt0085666/?ref_=sr_i_599
600. Biddy,1983,1h 26m,,4.4,15,,"Beginning in 1864 England, and moving through a number of years, a maid helps raise two children, a boy and a girl, all the time talking about her methods in doing so.",https://www.imdb.com/title/tt0169610/?ref_=sr_i_600
601. At Last... Bullamakanka: The Motion Picture,1983,1h 29m,,3.3,48,,A small town mayor rigs an election with hilarious and unpredictable results. A comedy extravaganza starring some of the biggest names in Australian showbiz in the most unlikely and wackiest roles.,https://www.imdb.com/title/tt0087007/?ref_=sr_i_601
602. U2: Under a Blood Red Sky,1983,1h 22m,Unrated,8.4,953,,U2 perform a live concert at Red Rocks.,https://www.imdb.com/title/tt0275013/?ref_=sr_i_602
603. Flicks,1983,1h 19m,R,4.9,141,,"A parody of Saturday afternoon matinees, including coming attractions and a cartoon.",https://www.imdb.com/title/tt0093033/?ref_=sr_i_603
604. The Ruffian,1983,1h 48m,,6.0,1.1K,,"Aldo, in his fifties, works in a gold mine in Northern Canada, in the middle of a bunch of adventurers.",https://www.imdb.com/title/tt0086214/?ref_=sr_i_604
605. The Illusionist,1983,1h 30m,,6.8,771,,"A teenage boy (the Illusionist), dreams of becoming a magician. After his mentally challenged brother is taken to a mental institution due to an attempted strangling, the Illusionist starts a journey to rescue him from being lobotomized.",https://www.imdb.com/title/tt0087456/?ref_=sr_i_605
606. Life Is a Bed of Roses,1983,1h 50m,PG,6.1,1.3K,,"Three intertwined tales. On the eve of the First World War, Count Forbek starts to build a fantastic castle in the Ardennes forest. After the war he uses it to start a utopian society by brainwashing his friends, including his former fiancee, Livia, and her husband. In the present day, the castle is being used as an alternative school and, in the summer holidays, for an educational conference. At the conference, the American Nora Winkle bets Claudine that the ernest public school teacher Elisabeth Rousseau will be enticed into the bed of Robert Dufresne, even though the principal speaker, Walter Guarini, is obviously interested in Elisabeth. Meanwhile, the children staying at the castle over the holidays invent their own medieval tale about freeing prisoners from the dungeons.",https://www.imdb.com/title/tt0086542/?ref_=sr_i_606
607. Kabamaru the Ninja,1983,1h 36m,,8.0,334,,"A young ninja-in-training moves in with his late grandfather's companion, a school director, and uses his mystical martial arts skills to defend her academy from rival institutions while navigating friendship, rivalry, and romance.",https://www.imdb.com/title/tt0204425/?ref_=sr_i_607
608. The Roaring Fifties,1983,2h 6m,,5.2,103,,"The Second World War is over and now begins in post-war Germany, the reconstruction. Jakob Formann sees his chance here and begins a rapid rise as an entrepreneur.",https://www.imdb.com/title/tt0084906/?ref_=sr_i_608
609. Doctor Dracula,1983,1h 28m,R,3.1,554,,An evil hypnotist puts a beautiful woman under his spell.,https://www.imdb.com/title/tt0082273/?ref_=sr_i_609
610. Kissise Na Kehna,1983,2h 20m,,7.2,834,,Kailash searches for the perfect bride for his son Ramesh a traditional girl from an Indian village who embodies the values he holds dear.,https://www.imdb.com/title/tt0244590/?ref_=sr_i_610
611. Pallavi Anu Pallavi,1983,,,7.2,312,,A man who is away from his girlfriend developed a crush towards a single mother whose husband had left her.,https://www.imdb.com/title/tt0086075/?ref_=sr_i_611
612. Las apariencias engañan,1983,1h 49m,,6.7,58,,,https://www.imdb.com/title/tt0077173/?ref_=sr_i_612
613. El hotel de los ligues,1983,1h 21m,,4.9,103,,Three couples are having sexual problems until a porn star shows up and teaches them a few lessons.,https://www.imdb.com/title/tt0085691/?ref_=sr_i_613
614. Aborto: Canto a la vida,1983,1h 23m,,5.4,22,,"Two stories of rape, violence and drama about abortion.",https://www.imdb.com/title/tt0272437/?ref_=sr_i_614
615. The Swing,1983,2h 13m,,6.3,100,,The life of three sisters in Munich before the First World War. Based on the book by Annette Kolb.,https://www.imdb.com/title/tt0086252/?ref_=sr_i_615
616. Prisoners,1983,1h 35m,,5.1,43,,A man resettles his American family to New Zealand where he gets a new job at a prison in the city Wellington. His daughter has an affair with one of his prisoners he is to look out for.,https://www.imdb.com/title/tt0082947/?ref_=sr_i_616
617. Sing Sing,1983,1h 57m,,5.3,670,,"Eduardo accidentally discovers that he is adopted. His real father is dying. On his death bed the father reveals that Eduardo's mother was the ""Queen of England"", failing to clarify that this is the nickname of Italian prostitute.",https://www.imdb.com/title/tt0086314/?ref_=sr_i_617
618. Innocence,1983,1h 58m,,6.7,369,,"In the 19th century, a country girl is seduced by a young doctor who's staying at her house for a few days, caring for her, and tries to hide the forbidden romance from her father, who disapproves of the relationship.",https://www.imdb.com/title/tt0087473/?ref_=sr_i_618
619. Bank Under Siege,1983,1h 34m,,5.1,109,,A group of criminals is trying to seize almost eight hundred million pesetas at the headquarters of the Central Bank of Barcelona.,https://www.imdb.com/title/tt0083581/?ref_=sr_i_619
620. Kamana Billu,1983,,,9.2,100,,,https://www.imdb.com/title/tt1402507/?ref_=sr_i_620
621. Conrad: The Factory-Made Boy,1983,1h 20m,,6.9,83,,"In a tin box, 7-year-old instant kid Konrad is brought into the house of the painter Bartolotti, due to a computer error. Not only that she didn't want a child, such a good and polite one as Konrad wouldn't even have come to her in a dream.",https://www.imdb.com/title/tt0084220/?ref_=sr_i_621
622. Mawaali,1983,2h 30m,Not Rated,4.7,150,,"Ramesh gets employ as an engineer in a factory own and maintain by the wealthy, Goyal Verma. Goyal has a daughter, Nisha who is of marriage-able age and who also is in love with Ramesh. But their marriage is unacceptable by Goyal and in retaliation he fires Ramesh from his job. This does not end here as the next day Goyal is found dead in his bedroom and Ramesh is accuse of killing him; who is also convicted in a court of law and remanded to prison. While in prison he gets to meet his look-alike Gangu - with Gangu entering into the frame-work this opens up a game between Ramesh and the real killers of Mr. Goyal.",https://www.imdb.com/title/tt0154857/?ref_=sr_i_622
623. Las nenas del amor,1983,1h 28m,,6.0,13,,,https://www.imdb.com/title/tt0341501/?ref_=sr_i_623
624. Çöl,1983,1h 17m,,3.9,193,,Unofficial Turkish remake of Jaws (1975),https://www.imdb.com/title/tt0337526/?ref_=sr_i_624
625. City of Lost Souls,1983,1h 34m,,6.7,164,,"A film about the teeming flip side of life in Berlin centered on eccentric characters of almost every imaginable sexual orientation, or disorientation.",https://www.imdb.com/title/tt0084724/?ref_=sr_i_625
626. Le grand carnaval,1983,2h 10m,,5.4,265,,The story follows Americans in Algeria at the time of the Allied invasion of North Africa in 1942.,https://www.imdb.com/title/tt0085619/?ref_=sr_i_626
627. Mani di fata,1983,1h 29m,,5.8,480,,"Andrea, a 40-year-old engineer, suddenly becomes unemployed at the exact same time that his wife Franca gets a promotion. He is very despondent and does not want to be a burden to his family, so he takes the place of their housemaid, then goes to work for a countess and meets someone who could help him in his chosen career.",https://www.imdb.com/title/tt0085897/?ref_=sr_i_627
628. Karate,1983,2h 7m,,6.0,90,,"A scientist creates a diamond that can focus sun-rays to burn through anything. The villain, in a bid to get the diamond, kills the scientist. The scientist's karate-learning sons, Desh and Vijay, are separated from each other and their mother. Vjay grows up with his karate instructor while Desh is reared by a gypsy camp. How they find each other and avenge their father's death forms the rest of the narrative.",https://www.imdb.com/title/tt0361793/?ref_=sr_i_628
629. El mil usos,1983,1h 53m,,7.4,157,,"The tragic adventures of a illiterate man named ""Milusos"" who leaves his family & hometown to go to the big city and try to better his luck. And finds he's unprepared for what he encounters.",https://www.imdb.com/title/tt0228590/?ref_=sr_i_629
630. He Makes Me Feel Like Dancin',1983,51m,,6.3,171,,"Jacques d'Amboise, a noted former American ballet star who had dancing roles in such films as Seven Brides for Seven Brothers (1954) and Carousel (1956), and who later became a New York dancing instructor.",https://www.imdb.com/title/tt0085655/?ref_=sr_i_630
631. Khaidi,1983,2h 37m,Not Rated,7.5,592,,"When a poor farmer's son, Suryam, falls in love with a vicious feudal lord's daughter, the man ensures that Suryam's life is made miserable.",https://www.imdb.com/title/tt0245997/?ref_=sr_i_631
632. Pharos of Chaos,1983,1h 59m,PG-13,7.1,396,,Documentary profile of actor Sterling Hayden .,https://www.imdb.com/title/tt0085835/?ref_=sr_i_632
633. Twinkle Twinkle Little Star,1983,1h 32m,,4.7,145,,A second-rate private eye sees a woman's UFO abduction claim as his ticket to fame and fortune.,https://www.imdb.com/title/tt0086609/?ref_=sr_i_633
"634. El marqués, la menor y el travesti",1983,1h 15m,,4.3,84,,Gold-digging Alicia goes to great lengths to get a smooth and handsome Count.,https://www.imdb.com/title/tt0084306/?ref_=sr_i_634
635. Laboratory,1983,1h 30m,,3.6,136,,Aliens kidnap a group of humans in order to perform experiments upon them.,https://www.imdb.com/title/tt0229523/?ref_=sr_i_635
636. Ghost Dance,1983,1h 40m,,6.6,183,,"Through the experiences of two women in Paris and London, Ghost Dance offers a stunning analysis of the complexity of our conceptions of ghosts memory and the past.",https://www.imdb.com/title/tt0085589/?ref_=sr_i_636
637. Hadley's Rebellion,1983,1h 36m,PG,6.9,99,,A small town lad's passion for authentic wrestling is not matched by those around him at a California prep school.,https://www.imdb.com/title/tt0087378/?ref_=sr_i_637
638. SS Operation Wolf Cub,1983,1h 30m,,3.8,50,,A mercenary soldier on a dangerous mission is trying to infiltrate Neo Nazis in Sweden.,https://www.imdb.com/title/tt0086598/?ref_=sr_i_638
639. Moving Out,1983,1h 31m,Not Rated,5.8,126,,"Gino, an Italian teenager in an Australian suburb, struggles to fit in, but perseveres until finally forming bonds with his Aussie peers before unexpectedly moving away.",https://www.imdb.com/title/tt0085968/?ref_=sr_i_639
640. The Bund: Part II,1983,1h 43m,TV-14,5.8,146,,"After losing everything, a young man rebuilds his life and finds love in 1920s Shanghai -- all while rising to power in an organized crime syndicate.",https://www.imdb.com/title/tt0086299/?ref_=sr_i_640
641. Framed Youth: The Revenge of the Teenage Perverts,1983,50m,,7.4,29,,Gay and lesbian teenagers interview straight people on the streets of London about their views on homosexuality.,https://www.imdb.com/title/tt0136960/?ref_=sr_i_641
642. Un hombre llamado el diablo,1983,1h 30m,PG,6.5,27,,"Stepping into a small town with the intent of getting revenge, a mysterious man interrupts the lives of the local men and women by summoning their deepest fears and desires.",https://www.imdb.com/title/tt0322580/?ref_=sr_i_642
643. Munthanai Mudichu,1983,2h 30m,,7.3,312,,A woman finds a husband and tries to win his love through unconventional means.,https://www.imdb.com/title/tt0155891/?ref_=sr_i_643
644. An Uneventful Story,1983,1h 46m,,6.8,219,,"Another monotonous day in the dull life of a medical professor, disillusioned by his university work, students, wife and family.",https://www.imdb.com/title/tt0084411/?ref_=sr_i_644
645. Aesop's Fables,1983,1h 1m,Not Rated,7.4,72,,"Aesop's Fables or Manga Aesop's Fables (also known as Manga Isoppu Monogatari in Japanese) is a 1983, Japanese, anime film.",https://www.imdb.com/title/tt0202463/?ref_=sr_i_645
646. A Stone in the Mouth,1983,1h 45m,,5.7,124,,A fugitive takes refuge in a manor where a blind retired thespian lives.,https://www.imdb.com/title/tt0086512/?ref_=sr_i_646
647. Scrambled Feet,1983,1h 32m,,8.4,37,,,https://www.imdb.com/title/tt0086261/?ref_=sr_i_647
648. La discoteca,1983,1h 25m,,4.0,119,,A young man tries to resist the advances of a hotel owner's daughter while his girlfriend waits for him back home.,https://www.imdb.com/title/tt0085443/?ref_=sr_i_648
649. Joe's Bed-Stuy Barbershop: We Cut Heads,1983,1h,,5.6,405,,The illegal affairs of a recently deceased barbershop owner get passed down to his manager.,https://www.imdb.com/title/tt0085758/?ref_=sr_i_649
650. Kalabaliken i Bender,1983,1h 37m,,2.9,590,,"The famous Swedish Karoliner army has suffered its biggest defeat ever at Poltava in 1709. The Swedish king Karl XII is waiting in the small village of Bender for the Turkish Sultan to help him defeat his arch enemy, the Czar of Russia, Peter the Great. But the Turks think he's an expensive guest and want him out of Turkey. However, he refuses. The Sultan then decides to send Karl XII a princess to marry him, to get him out of the country (a bride for a bribe). The two Swedish soldiers Lagercrona and Kruus are to escort the princess. They experience many different adventures on their way to Bender, namely because other Swedish soldiers and agents try to stop them from ever reaching the village, because they don't want Karl XII to leave Turkey. After their long adventure to get there and a few misunderstandings, the famous ""kalabalik"" of Bender, where the Turks decide to drive Karl XII out of Turkey by force, begins.",https://www.imdb.com/title/tt0085770/?ref_=sr_i_650
651. Taqdeer,1983,2h 5m,,5.8,129,,"Widower Pratap Singh lives a wealthy lifestyle along with two married sons, Randhir and Ranvir. While Ranvir's wife continues to be childless, Randhir has a daughter, and his wife is expecting a second child. Pratap wants Randhir to invest the family's gold and jewelry, which are hidden underneath the Mandir of Bhagwan Shri Shivji, in a foreign country, but Randhir refuses, arguments ensue, Randhir moves out, and starts his own business, a coal mine. Shortly thereafter, there is an accident in the mines, over 300 miners are killed. The Police arrest Randhir, he is tried in Court, found guilty, and sentenced to 20 years in prison. After his term ends, he is discharged and will soon find out that his wife and father are dead, his second child is missing believed to be dead, a prostitute has taken over the identity of his daughter, and a hoodlum, Shiva, is waiting to kill him.",https://www.imdb.com/title/tt0158259/?ref_=sr_i_651
652. Black Magic with Buddha,1983,1h 34m,,5.2,77,,"The story is about two explorers who invade a temple in the dark of a jungle. They find a mummy, remove its brain, and return to the mainland - resulting in a series of bloody murders throughout the city.",https://www.imdb.com/title/tt0085992/?ref_=sr_i_652
653. Regina Roma,1983,1h 26m,,5.1,235,,An aging couple search for peace and family harmony when their only son returns home after a long absence with his fiancee.,https://www.imdb.com/title/tt0084579/?ref_=sr_i_653
654. Burning Princess,1983,1h 6m,,5.4,41,,Four couples get into swapping.,https://www.imdb.com/title/tt3385230/?ref_=sr_i_654
655. Coaster: The Adventures of the John F. Leavitt,1983,1h 31m,,,,,"Six years in the making, ""COASTER"" is the true story of a wooden coastal schooner the John F. Leavitt. It is the story of the sea, seen through the eyes of a Melville...a rich human drama set against the backdrop of the harsh North Atlantic and the rugged coast of Maine. Prepare yourself to set sail on an adventure that will leave you deeply enriched - a story that will move every member of your family.",https://www.imdb.com/title/tt2358955/?ref_=sr_i_655
656. Bombay Fantasy,1983,,,,,,,https://www.imdb.com/title/tt4406418/?ref_=sr_i_656
657. Misterele Bucurestilor,1983,1h 37m,,7.2,342,,"The Principality of Wallachia with the capital Bucharest (today a region of Romania) before the Revolution of the year 1848. A couple of secret societies are working to chase away the Prince Gheorge Bibescu from his throne, arms are transported on secret ways, preparing the first popular revolts in Bucharest, as the first act of the Revolution of 1848, which revolution is the first impulse of the later act of the Union of the Wallachia with Moldavien (Romanian United Principalities in 1862, Kingdom of Romania in 1881 and Kingdom of Greater Romania 1918, with Transylvania, Bukovina and Bessarabia)",https://www.imdb.com/title/tt0085947/?ref_=sr_i_657
658. Naukar Biwi Ka,1983,,,6.1,212,,"Jagirdar Bishamber Nath a wealthy man disowns his son, police inspector Amar Nath for marrying against his wishes. In the course of his duties Amar sends a notorious criminal Pinto to jail. In due course, Pinto escapes from prison and begins a vendetta which results in several deaths, children being separated from parents and the loyalty of a family driver which saves Jyoti. As the children grow up there is a peek behind the scenes of movieland in Bombay, abductions, being loved, unrequited love, broken childhood engagement, success in stardom, suicide and failure. Does Amar's daughter Jyoti find her true love? Is wealthy Bishamber Nath destined to a lonely old age?",https://www.imdb.com/title/tt0232169/?ref_=sr_i_658
659. The Worker,1983,1h 30m,,4.6,253,,Manolo has to work non stop to make sure his daughter can study at a prestigious school in Madrid.,https://www.imdb.com/title/tt0085383/?ref_=sr_i_659
660. Hangin' Out,1983,1h 31m,,3.6,484,,The girl Tina is sick of her Bavarian hometown. She wants to go with Tino who has to leave the village alone for dubious reasons. Tina follows him with her friend Robby on his scooter.,https://www.imdb.com/title/tt0083999/?ref_=sr_i_660
661. P & B,1983,1h 49m,,6.1,655,,"Pettersson and Bendel are both worn, run-down and broke. Despite this they decide to start a business and become rich. Unexperienced they are open to any deal. They tamper, scam and exploit loopholes that exist.",https://www.imdb.com/title/tt0086069/?ref_=sr_i_661
662. Female Mercenaries,1983,1h 30m,,5.2,18,,Espionage drama with a band of intrepid female fighters combating terrorists.,https://www.imdb.com/title/tt0405922/?ref_=sr_i_662
663. The Pool Hustlers,1983,1h 43m,,6.7,521,,"Francesco, nicknamed 'Toscano', is a very good pool player but he never wins when he plays for money. He meets Chiara, a saxophone player, on a late night bus by swapping his case containing the cue with her one, containing the sax. The two fall in love, but in the meantime Francesco loses a big amount of money playing versus 'Scuro', the long-time Italian champion. His only chance to pay the debt is to win the Italian Championships.",https://www.imdb.com/title/tt0084151/?ref_=sr_i_663
664. Ascendancy,1983,1h 32m,,5.9,99,,"Connie is a member of the British landowning ""Ascendancy"" in Ireland after WWI. Through a chance friendship with a British soldier, she learns how sheltered she has been, and chooses to ally herself, in her own way, with the struggle for Irish independence.",https://www.imdb.com/title/tt0083582/?ref_=sr_i_664
665. Pain,1983,1h 30m,,3.5,19,,A village lass lives up to her reputation as an exhibitionist-nymphomaniac with on qualms.,https://www.imdb.com/title/tt0442291/?ref_=sr_i_665
"666. Walking, Walking",1983,2h 51m,,7.1,173,,"The assuming of responsibility by individuals, the use of science for man and not against him, the duty of truth to increase the stature of people, all together: these are the important themes this movie debates in allegorical form. Roles are performed by non professional actors and actresses.",https://www.imdb.com/title/tt0083713/?ref_=sr_i_666
667. Shout for Joy,1983,58m,PG,6.1,36,,"Rick Irons (Robert Pierce) moves to Hawaii to live in paradise; surf the gigantic waves. At a party, Rick meets Alma (Maureen McCormick) who quickly becomes a love interest. While dating Alma, he begins to train for the United States surfing title. As Rick's life is racing to the top on the outside, he personally feels like the bottom is falling out on the inside.",https://www.imdb.com/title/tt0431394/?ref_=sr_i_667
668. Detective Story,1983,1h 51m,,6.3,257,,A private detective and a college student find themselves in hot water while investigating the murder of a night club owner.,https://www.imdb.com/title/tt0217080/?ref_=sr_i_668
669. Descendant of the Sun,1983,1h 32m,,5.9,147,,"Yuen becomes immortal after 500 years of practicing at the Dai Lor realm. His arch nemesis demon descends to earth, so he descends after him in the form of an infant. 18 years later, they come to a clash while defending a princess.",https://www.imdb.com/title/tt0084594/?ref_=sr_i_669
670. Bhakta Prahlada,1983,2h 28m,,8.5,311,,"Prahlada is a devotee of Lord Vishnu unlike his father who is an atheist. With admonitions along his way, he must change the way his father thinks.",https://www.imdb.com/title/tt1416665/?ref_=sr_i_670
671. Unico in the Island of Magic,1983,1h 31m,PG,7.6,680,,A young unicorn named Unico must fight an evil magician and save everyone who's trapped under his spell.,https://www.imdb.com/title/tt0086515/?ref_=sr_i_671
672. Growing Up,1983,1h 40m,,7.3,459,,"The story follows a young man as he changes from an intelligently aware youth, to a teenager with much less confidence than he once had, and finally, to a stable adult.",https://www.imdb.com/title/tt0085695/?ref_=sr_i_672
673. The Little Bunch,1983,1h 31m,Not Rated,6.3,152,,"A great child group adventure music movie -no words spoken - le petite bande - small band - scape from their music class... excellent for every age, a film that you can watch happily with your children.",https://www.imdb.com/title/tt0086099/?ref_=sr_i_673
674. The Hereafter,1983,1h 21m,,5.0,150,,"A man inherits his father's fortune but must live in the haunted family home and run the sawmill to keep his inheritance, where unexplained events test his sanity.",https://www.imdb.com/title/tt2148122/?ref_=sr_i_674
675. Srdecný pozdrav ze zemekoule,1983,1h 38m,,6.6,278,,"The Earth is approached by a flying saucer with two visitors from outer space. It turns into a beer keg and lands on the back of a truck. Second landing aliens, this time in a container for rubbish dump, land in the middle of the public settlement. Aliens, called A and B look like a normal people.",https://www.imdb.com/title/tt0084721/?ref_=sr_i_675
"676. Poor Child, Rich Child",1983,1h 40m,PG,5.8,39,,"Two young boys' lives are very different: while one enjoys every comfort, the other has barely enough to eat.",https://www.imdb.com/title/tt0314443/?ref_=sr_i_676
677. California Cowboys,1983,1h 32m,PG,5.1,65,,A young American is framed and thrown into a Mexican prison. His friends journey to Mexico to break him out.,https://www.imdb.com/title/tt0085508/?ref_=sr_i_677
678. 'Blow the Night!' Yoru o buttobase,1983,1h 48m,,6.2,23,,"Fifteen-year-old Namie Takada moves to a rural city, comes up against a Yanki gang at her new school, and experiences escalating tensions culminating in a riot.",https://www.imdb.com/title/tt10071790/?ref_=sr_i_678
679. Black Wax,1983,1h 19m,Not Rated,7.9,208,,"A portrait of the blues poet Gil Scott-Heron, who gives a personal tour of Washington, D.C. and performs a concert with his Midnight Band.",https://www.imdb.com/title/tt0083657/?ref_=sr_i_679
680. Bacanal de Colegiais,1983,1h 30m,,6.4,23,,A metalinguistics exercise in pornography: a blue movie is depicted on another blue movie.,https://www.imdb.com/title/tt0373702/?ref_=sr_i_680
681. Grunt!,1983,1h 30m,,2.8,159,,"A tribe of primitive men worship an egg, which when struck by lightning has acquired magic powers. A rival tribe succeeds in stealing the egg.",https://www.imdb.com/title/tt0085625/?ref_=sr_i_681
"682. Pink Cut: Love Me Hard, Love Me Deep",1983,1h 8m,,4.7,168,,"Mayumi and her friend Mai open a unique barber shop where they serve clients while naked, turning their unconventional business model into a profitable venture.",https://www.imdb.com/title/tt0287630/?ref_=sr_i_682
683. Uruvangal Maralam,1983,,,7.2,46,,"A deeply pious man meets God, who tells him about various events that will take place in the future. The man tells everyone about these predictions but nobody believes him.",https://www.imdb.com/title/tt1411976/?ref_=sr_i_683
684. Do Gulaab,1983,,,7.0,17,,"Heera comes from a Hindu family where-by several run-ins with a young Christian woman named Ruby leads to a romantic attraction. Ruby's parents, Steven and Stella objects to the lovers relationship thus arranging Ruby's marriage else where and at the same time throwing Heera behind bars. Heera's father, Bholanath comes to his rescue only to confined him to his room so as to prevent him from meeting with Ruby there by splitting up the lovers relationship.",https://www.imdb.com/title/tt0214634/?ref_=sr_i_684
685. The Ballad of the Valiant Knight Ivanhoe,1983,1h 32m,,6.8,365,,"The knight Ivanhoe comes back from a crusade and tries to restore the honor, the rights for the inheritance and to achieve a hand of the beloved. This the historian - the adventure saga about the noble knight who appears the involved in furious fight for the English throne between prince John and his brother king Richard.",https://www.imdb.com/title/tt0251602/?ref_=sr_i_685
"686. Il cavaliere, la morte e il diavolo",1983,1h 31m,,6.0,35,,A family of the three fall into a dark and disturbing nightmare after meeting the mysterious Orlok and the seductive punk girl Patty.,https://www.imdb.com/title/tt0161412/?ref_=sr_i_686
687. For Members Only,1983,1h 21m,,4.5,64,,"Three intertwining tales of status and lust play out in a Venetian ""orchid house,"" a mysterious clinic wherein the members' most intimate sexual desires are revealed and fulfilled.",https://www.imdb.com/title/tt0175617/?ref_=sr_i_687
688. The Key,1983,1h 38m,,,,,,https://www.imdb.com/title/tt0286743/?ref_=sr_i_688
689. Sapore di mare 2 - Un anno dopo,1983,1h 43m,,5.3,473,,More summer stories from the beaches of Tuscany.,https://www.imdb.com/title/tt0162632/?ref_=sr_i_689
690. The Death of Mario Ricci,1983,1h 40m,,6.4,224,,"The tragic accident of an Italian laborer ,working on the Mont Blanc tunnel.",https://www.imdb.com/title/tt0085963/?ref_=sr_i_690
691. Nishaan,1983,2h 11m,Not Rated,6.3,66,,"When a villain tries to break the friendship of two friends, they realise that they are brothers and set out to take revenge against the people responsible for their separation.",https://www.imdb.com/title/tt0368079/?ref_=sr_i_691
692. Gupchup Gupchup,1983,2h 14m,,7.9,50,,A father fed up with frequent tantrums of his college going daughters in Bombay decides to send them to study in Goa.,https://www.imdb.com/title/tt0246665/?ref_=sr_i_692
693. Of the Flesh,1983,2h 3m,TV-MA,7.1,517,,"A groom takes his city bride to his hometown to settle in his father's house. Struck by her uncanny resemblance to his dead wife, the patriarch is driven to lust after his daughter-in-law. When things come to a head, a violent family quarrel ensues and leads to tragedy. A middle-aged spinster recounts the tale to reveal her identity and trace the downfall of the landowning clan trapped in the past.",https://www.imdb.com/title/tt0312863/?ref_=sr_i_693
694. Red Spell Spells Red,1983,1h 33m,,5.9,254,,"While filming in Malaysia, a Hong Kong documentary film crew releases the Red Dwarf ghost from her tomb. They continue on to Borneo to stay with a local tribe. It is there that the deadly ghost begins to kill them one by one.",https://www.imdb.com/title/tt0085609/?ref_=sr_i_694
695. The Killing of Satan,1983,1h 30m,,4.7,500,,"To fullfil his dead uncle's task and to save his kidnapped daughter, an ex-convict must go and fight a powerful but villainous magician. This fight would lead him eventually to a battle against Satan himself.",https://www.imdb.com/title/tt0085792/?ref_=sr_i_695
696. Paulo Roberto Cotechiño centravanti di sfondamento,1983,1h 28m,,4.8,357,,"In Italy in the early 1980s, a Brazilian football ace is afflicted by nostalgia for his country and for his beautiful girlfriend.",https://www.imdb.com/title/tt0086088/?ref_=sr_i_696
"697. Papa, Can You Hear Me Sing?",1983,1h 40m,,7.4,394,,A poor army veteran in Taiwan adopts a daughter. She grows up and leaves him to enter show business. When she becomes famous she shuns her father and friends.,https://www.imdb.com/title/tt0085388/?ref_=sr_i_697
698. Lekhayude Maranam: Oru Flashback,1983,2h 52m,Not Rated,7.4,163,,The movie narrates the story of a poor Malayalee family reaches Madras to try luck for their daughter Shantamma in the film industry.,https://www.imdb.com/title/tt0214875/?ref_=sr_i_698
"699. Sábado, sabadete...",1983,1h 25m,,5.2,10,,Five friends living in Madrid decide to spend a weekend camping together in the mountains.,https://www.imdb.com/title/tt0084752/?ref_=sr_i_699
700. Brady's Escape,1983,1h 36m,,5.9,238,,This movie is about the love and protection of a man from another culture from the lowly horsemen of the plains in Hungary during World War II.,https://www.imdb.com/title/tt0085688/?ref_=sr_i_700
701. En busca del dragón dorado,1983,1h 23m,,6.1,54,,"Adapted from Poe's The golden beetle"", a little girl rescues another girl, and they become involved in the search of an ancient treasure in a mysterious land, hidden by natives in order not to allow bad hombres to take it.",https://www.imdb.com/title/tt0085487/?ref_=sr_i_701
702. Nastik,1983,2h 32m,,5.4,486,,A devout Hindu priest's son sees his father murdered and his mother and sister burned alive. He becomes an atheist and vows to avenge his family's murders at the hands of an evil landowner and smuggler.,https://www.imdb.com/title/tt0084393/?ref_=sr_i_702
703. Kyokon densetsu: Utsukushiki nazo,1983,1h,,5.7,148,,"Shinohara, a young bodybuilder, joins a para-military sect in northern Japan. His instructor, Takizawa, takes a liking to the new recruit. After an early ""special"" training session the two develop a lasting and loving relationship.",https://www.imdb.com/title/tt0261786/?ref_=sr_i_703
704. Final Yamato,1983,2h 32m,,7.0,264,,A watery world called Aquarius that is destined to destroy all of the planet Earth. Can the great Yamato stop this devastation?,https://www.imdb.com/title/tt0140648/?ref_=sr_i_704
705. Soldados de plomo,1983,1h 35m,,5.8,71,,"Andrés returns to his city after a long time to take care of an old mansion that his father has bequeathed him, at first it seems that he's going to sell it quickly to his stepbrother Ramón who wants to tear it down to build flats, but the desire to investigate in the family's past and above all, find out how his father died, makes the deal more dilated than expected.",https://www.imdb.com/title/tt0086335/?ref_=sr_i_705
706. Haram,1983,1h 23m,,4.2,247,,A young beautiful textile factory worker is courted by the ambitious driver Faruk. They plan to get married but Faruk's boss Fikret has other plans for him. The wedding is postponed and Faruk lands in jail.,https://www.imdb.com/title/tt0427333/?ref_=sr_i_706
707. Fatima,1983,1h 34m,,7.8,342,,,https://www.imdb.com/title/tt1037706/?ref_=sr_i_707
708. Oridathoru Phayalvaan,1983,2h 8m,,7.5,136,,The story of an impotent wrestler whose wife is driven to an extra-marital affair.,https://www.imdb.com/title/tt0249069/?ref_=sr_i_708
709. Nipernaadi,1983,1h 28m,,7.3,411,,"The story is about an Estonian Don Juan, who actually is a writer, who leaves home in spring and is brought home again in autumn, by his wife.",https://www.imdb.com/title/tt0239722/?ref_=sr_i_709
710. A Friend of Vincent,1983,1h 33m,,6.1,323,,The friendship between two men is put to the test when one of them is accused by a woman of having killed her sister.,https://www.imdb.com/title/tt0085158/?ref_=sr_i_710
711. The Wheel of Life,1983,1h 44m,,6.7,160,,"Three people with their karma entwined meet in three different periods of Chinese history: Ming Dynasty China, early Republican China, and modern-day Taiwan.",https://www.imdb.com/title/tt0087110/?ref_=sr_i_711
712. The Returning,1983,1h 30m,,3.9,99,,"Two different men are possessed by spirits of Native Americans after they separately wander into a sacred burial ground. When John and Sybil come home with their son after a trip to the Mojave Desert, they bring an unusual stone back as a memento of the trip. The stone seems to cause strange noises and other horrible inexplicable phenomena.",https://www.imdb.com/title/tt0226378/?ref_=sr_i_712
713. S.P.U.K.,1983,1h 39m,,6.6,138,,"A commander of the youth working action brigade wants his team to win the award, but the problem arises when a series of graffiti regarding his subordinates' dissatisfaction begins to appear on the facilities across the camp.",https://www.imdb.com/title/tt0086225/?ref_=sr_i_713
714. Film Hi Film,1983,2h 13m,,5.8,42,,Pran struggles to make a film with newcomers but nobody is willing to finance his flick.Many big stars of 70/80's have special appearances.,https://www.imdb.com/title/tt0361617/?ref_=sr_i_714
715. Ladies Night,1983,1h 31m,Unrated,8.6,15,,The owner of a male strip club becomes the subject of a planned exposé by an undercover TV reporter that soon finds them both embroiled in a world of intrigue and betrayal.,https://www.imdb.com/title/tt0328051/?ref_=sr_i_715
716. Hanguin mo ako sa putik,1983,1h 52m,,,,,A young women hopes to find redemption from a sinful past in the the arms of an elderly but genuinely caring lover.,https://www.imdb.com/title/tt0757211/?ref_=sr_i_716
717. Aa Rathri,1983,2h 17m,Not Rated,6.4,149,,"Indu leads a happy married life with her husband Ravi. However, their happiness is short lived when a series of unfortunate events happen in their life.",https://www.imdb.com/title/tt0268881/?ref_=sr_i_717
718. Blue Rain Ôsaka,1983,1h 19m,,4.5,97,,Tale of sorrow and nostalgia mixed with pop songs and feminine strength.,https://www.imdb.com/title/tt3413432/?ref_=sr_i_718
719. Devta,1983,2h 17m,,7.9,37,,A kidnapper falls in love with his kidnappee...but can the pair make it work?,https://www.imdb.com/title/tt6250240/?ref_=sr_i_719
720. Benvenuta,1983,1h 45m,,6.3,250,,"A passionate affair set against the intense encounter between a film-maker and a novelist. The story begins with young scriptwriter François tracking down the author of a once-scandalous novel. His aim is to adapt the work for the screen but several elements of the novel he finds difficult to comprehend. The author, Jeanne, is initially cautious of relaying information, insisting the presumably autobiographical book in no way relates to her personal life. However, eventually she takes the man into confidence to tell the background of Benvenuta. She paints the picture of a musical virtuoso who against her better judgment becomes involved with an Italian magistrate. It's a no-holds-barred passion of hot temperaments doomed to a miserable conclusion.",https://www.imdb.com/title/tt0085229/?ref_=sr_i_720
721. Todo un hombre,1983,1h 29m,Not Rated,6.7,56,,"An unusual role for Vicente Fernandez who plays a complicated man, out of touch with his feelings due to a childhood incident which left him ""damaged"" as well as the people who love him.",https://www.imdb.com/title/tt0086455/?ref_=sr_i_721
722. Viadukt,1983,1h 45m,TV-MA,5.8,178,,"Based on a true story, this film is a dramatization of the events that led to the destruction of one of the most famous trains in history, the Orient Express.",https://www.imdb.com/title/tt0083916/?ref_=sr_i_722
723. Kakav deda takav unuk,1983,1h 32m,,7.4,1.7K,,"Zika and Milan are fighting over who gets to spend more time with grandson Misha, who is five years old. Although Misha lives with his parents in Milan grandfather, Zika all ways of trying to learn Misa tavern life and his craft. A Milan his grandson sent to violin lessons and English. Come up with a number of interesting situations.",https://www.imdb.com/title/tt0085768/?ref_=sr_i_723
724. Covek sa cetiri noge,1983,1h 37m,,7.1,403,,"On a New Year's Eve, an aged man who filed a lawsuit against himself gets an unexpected visit by his sexy neighbor, a half-naked lady that had to face the power-cut in the middle of her shower.",https://www.imdb.com/title/tt0083765/?ref_=sr_i_724
725. Mission Thunderbolt,1983,1h 36m,,5.0,110,,"Explosive early Hong Kong action film about a mysterious criminal known as the White Tycoon, who hires three top assassins to help him eliminate his rivals in two local mobs, the Scorpions and the Serpents.",https://www.imdb.com/title/tt0298066/?ref_=sr_i_725
726. The Lady Is the Boss,1983,1h 37m,,6.4,244,,The pre-eminent martial arts moviemaker Liu Chia-liang came up with the novel idea for this exciting and hilarious kung-fu clash between an old-fashioned kung-fu master and a hip and beautiful marketing wiz.,https://www.imdb.com/title/tt0085321/?ref_=sr_i_726
727. Houligans: Kato ta heria ap' ta niata,1983,1h 46m,,5.4,361,,A young man joins a group of hooligans.,https://www.imdb.com/title/tt0231747/?ref_=sr_i_727
728. El sexo de los pobres,1983,1h 38m,,5.5,21,,Cloromiro has difficulties to contain his sexual desires and now he need the help of a lawyer to stay out of prison for public misconduct.,https://www.imdb.com/title/tt0083057/?ref_=sr_i_728
729. Svarta fåglar,1983,1h 30m,,4.6,25,,"A meeting between the Swedish/French Simone and the Norwegian Stein at a book convention in Frankfurt turns into something more. They keep contact by phone and cassettes, but it seems they don't dare to take the relationship any further.",https://www.imdb.com/title/tt0086398/?ref_=sr_i_729
730. The Terence Davies Trilogy,1983,1h 41m,,7.5,742,,"Three autobiographical short films made over seven years about a young gay man coming to terms with his Catholic schooling, his homosexuality and guilt, his parents and their deaths, despair and loneliness.",https://www.imdb.com/title/tt0264090/?ref_=sr_i_730
731. Madam Scandal - Final Scandal: Madam Likes It Hard,1983,1h 21m,,5.3,65,,"Midori Satsuki plays Tamako, the owner of a boarding house and a pawn shop who gets into some erotic entanglements.",https://www.imdb.com/title/tt0286624/?ref_=sr_i_731
732. All the King's Men,1983,1h 40m,,6.7,247,,"It's the 10th century BC, the emperor is not well, and the medicines he is receiving from con artist ""Immortal Li"" are in reality only making him worse.",https://www.imdb.com/title/tt0084793/?ref_=sr_i_732
733. Deadly Life of a Ninja,1983,1h 28m,R,5.3,155,,A man receives a Ninjitsu death threat and needs to enlist in the aid of someone trained in the art of the Ninja to catch the would be assassin.,https://www.imdb.com/title/tt0199134/?ref_=sr_i_733
734. Be Aabroo,1983,2h 1m,,5.6,14,,,https://www.imdb.com/title/tt2795626/?ref_=sr_i_734
735. Wudang,1983,1h 42m,,5.6,184,,"China, 1889: Quan Lin as the daughter of a kung fu master. When her father is slain by Japanese fighters in a rigged match, the girl vows revenge and consults a Taoist priest who was once her father's colleague.",https://www.imdb.com/title/tt1102364/?ref_=sr_i_735
736. The Feathered Coyote,1983,1h 38m,PG,6.8,89,,An old potter and his granddaughter are invited to an archaeological convention in Acapulco where they are hired to create a copy of a well-known Mexica artifact in order to protect the original.,https://www.imdb.com/title/tt0275278/?ref_=sr_i_736
737. Erotic Confessions,1983,1h 8m,,5.6,18,,,https://www.imdb.com/title/tt0285625/?ref_=sr_i_737
738. Rachna,1983,1h 58m,Not Rated,4.6,23,,"Selfish Raj must marry to inherit a fortune. He weds ailing Rachna, expecting her demise. She recuperates, and Raj falls for her but mistreats her after learning his motives. Rachna departs upon discovering Raj's true intentions.",https://www.imdb.com/title/tt0961077/?ref_=sr_i_738
739. Rang Birangi,1983,3h,,7.1,680,,"Sparkling comedy about a meddling friend whose attempt to rekindle the spark in his friend's relationship with his wife of seven years leads to complications to their lives, and to the lives of his secretary and her boyfriend he has not 'scripted' ... Splendid performances by Amol Palekar, Deepti Naval, Parveen Babi and Farooq Shaikh, a perfectly pitched script, witty dialogue and a plethora of aptly placed film references make this a film one can watch over and over and never fail to laugh out loud.",https://www.imdb.com/title/tt0086170/?ref_=sr_i_739
740. Marvin & Tige,1983,1h 44m,PG,7.0,297,,"Marvin is a heavy-drinking widower who's seen better days and now ekes out a living at odd jobs. He meets Tige, an 11-year-old boy about to kill himself because his mother has just died. With nowhere else to stay, Tige moves in",https://www.imdb.com/title/tt0085908/?ref_=sr_i_740
741. Pieta,1983,,,6.2,15,,"The story of a mother's passionate, undying love for her criminal son even in the most trying, compromising, difficult situations.",https://www.imdb.com/title/tt0378564/?ref_=sr_i_741
742. Profissão Mulher,1983,1h 30m,,5.1,71,,"The destiny of four women - a beautiful model, an alcoholic, a middle-aged spinster and a famous model - is traced inside an advertising agency. They all look for true love and professional recognition, but get involved in turbulent relationships instead.",https://www.imdb.com/title/tt0241854/?ref_=sr_i_742
743. Faleze de nisip,1983,1h 32m,,7.7,341,,"The plot confronts an influential surgeon and a carpenter accused to have stolen the doctor's personal belongings from the beach. The neurotic doctor involves himself in the inquiry, ultimately directing the interrogation. The burglary victim, Theodor Hristea, a surgeon at the peak of his career and social life, self-confident and well connected, his girlfriend, Cristina and their common friend, Stefan - find themselves on holiday near the summer resort of Mamaia. The doctor has a detective passion and accuses - just on account of a physical resemblance with the real thief - a young carpenter who happens to come at the same beach the day following the burglary. The police is summoned and The Kid is sent to trial. The doctor plays an active part in the investigation. Although the doctor's girlfriend and his friend doubt the identity of the accused, the surgeon insists in being right and succeeds in sending the innocent young man to prison.",https://www.imdb.com/title/tt0085522/?ref_=sr_i_743
744. Baba!,1983,1h 41m,Not Rated,6.2,131,,"Theresa (Yasmine Bleeth) is an imaginative, rebellious orphan from Brooklyn, who has dreams of show business success. She tries outrageous schemes to launch herself into the public eye, until finally meeting mentor, Sammy Cohen (Buddy Hackett), whose own career fizzled as a result of alcoholism. Official Selection Toronto and AFI Film Fest.",https://www.imdb.com/title/tt0080867/?ref_=sr_i_744
745. Dolce e selvaggio,1983,1h 33m,,5.7,76,,"A Mondo documentary that juxtaposes footage of death, carnage, and unpleasantness with scenes of inspiring and beautiful imagery.",https://www.imdb.com/title/tt0155677/?ref_=sr_i_745
746. Hwaya,1983,1h 26m,,,,,"Wong-ho is sent by Tobaran to Hong Kong under the pretense of competing in a martial arts match. However, Tobaran actually needs Wong-ho to defeat 6 fighters who are trying to find the location of a million dollars in gold. Tobaran is killed and the 6 villains come to believe that Wong-ho and his girlfriend, Linda, are in possession of the 7 necklaces which reveal the treasure's location",https://www.imdb.com/title/tt0365353/?ref_=sr_i_746
747. Ninja vs. Shaolin,1983,1h 28m,,5.3,249,,"In Japanese-occupied China, a group of ruthless ninjas schemes to take control of a Shaolin temple - and all of its riches - by any means necessary. The peaceful Shaolin monks are reluctant to engage the ninjas in combat but are eventually forced to defend themselves.",https://www.imdb.com/title/tt0201099/?ref_=sr_i_747
"748. La ingenua, la lesbiana y el travesti",1983,1h 13m,,4.2,22,,Three-way relationships between characters of different attitudes toward life and sex.,https://www.imdb.com/title/tt0084137/?ref_=sr_i_748
749. Last Night at the Alamo,1983,1h 21m,Unrated,6.8,431,,"Cowboy, and assorted blue collar buddies, inneffectually try to save a true Texas Honky Tonk from closing for good.",https://www.imdb.com/title/tt0085821/?ref_=sr_i_749
750. Inside the Love House,1983,1h 7m,,3.8,24,,Joe and Tara decide to spice up their love life by visiting a mysterious carnival funhouse.,https://www.imdb.com/title/tt0314205/?ref_=sr_i_750
751. O Drakoulas ton Exarheion,1983,1h 27m,,6.3,1.1K,,A mad scientist creates the band Music Brigades from body parts of dead musicians.,https://www.imdb.com/title/tt0191097/?ref_=sr_i_751
752. Awesome Lotus,1983,1h 30m,PG,5.0,54,,"Emily Ann, an innocent Iowa farm girl turned lethal mistress of the martial arts is recruited to stop a crazed Nazi pianist suspected of murdering fashion models to avenge the death of his beloved basset hound.",https://www.imdb.com/title/tt0217265/?ref_=sr_i_752
753. La tragédie de Carmen,1983,1h 20m,,7.8,66,,,https://www.imdb.com/title/tt0086466/?ref_=sr_i_753
754. Questo e quello,1983,1h 59m,,5.3,309,,"Two episodes. The 1st is 'Amore impossibile' (Impossible love). Giulio is a comic book draftsman. He is passing through a creativity depressed period. One day his editor makes him meet a blond nice girl. Immediately Giulio fall in love and starts to draw his impossible love story into a new comic book. The 2nd is 'Quello dal basco rosso' (the one with the red beret). Sandro, a mature man, meets one of his former girlfriend and her daughter Daniela. Daniela couldn't have sex with her boyfriend because of a childhood remembrance. In fact she always remember her mother having sex with a man wearing a red beret. She discovers that man is Sandro, makes love with him and soon recovers from her obsession.",https://www.imdb.com/title/tt0087966/?ref_=sr_i_754
755. Le démon dans l'île,1983,1h 42m,,6.1,345,,"On an island, things start going crazy as the islands house hold appliances go rogue. It's up to Dr. Gabrielle Martin to discover what's causing this evil, and much more.",https://www.imdb.com/title/tt0083863/?ref_=sr_i_755
756. The Big Score,1983,1h 25m,R,5.0,295,,A narcotics detective lets nothing stand in the way of his bringing down a major drug dealer.,https://www.imdb.com/title/tt0085245/?ref_=sr_i_756
757. Sadismo - Aberrações Sexuais,1983,1h 20m,,4.2,46,,"In a big city, perverted sexual crimes are happening.",https://www.imdb.com/title/tt0190948/?ref_=sr_i_757
758. México 2000,1983,1h 35m,,5.8,111,,Humor approach of a futuristic view and Mexican political satire of what the year 2000 could look like from the 80s viewpoint.,https://www.imdb.com/title/tt0082788/?ref_=sr_i_758
759. Doll's Eye,1983,1h 15m,,3.7,58,,"The stories of three women: a researcher, a prostitute and a part-time switchboard operator.",https://www.imdb.com/title/tt0311024/?ref_=sr_i_759
760. Liberty belle,1983,1h 52m,,5.3,125,,"Julien is a left-leaning student whose politics and love interest end up clashing as the young man makes a long, epic journey through his years at a private school in Paris when Algeria is fighting France for its independence, up to his time spent as a courier for Algeria's National Liberation Front (known by their French acronym, the FLN). While at school, Julien already had a conflict with his good friend Gilles and the right-wing politics that Gilles embraces. This relationship will come to have a crucial bearing on the future, as Julien continues on his path to maturity.",https://www.imdb.com/title/tt0084247/?ref_=sr_i_760
761. Snezenky a machri,1983,1h 22m,,7.2,689,,Story about a class of sixteen year olds learning how to ski.,https://www.imdb.com/title/tt0175184/?ref_=sr_i_761
762. Molly,1983,1h 28m,,6.5,62,,"When weary Old Dan collapses at Central Railway Station he entrusts his beloved dog Molly to young Maxie. Maxie takes up the challenge, developing a soft spot for her special new companion - a dog with the rare ability to sing in tune.",https://www.imdb.com/title/tt0085956/?ref_=sr_i_762
763. Strangers in Paradise,1983,1h 30m,,8.0,10,,"A girl grew up alone in a secluded island, ostracized by the people for being born out of wed lock. A young Hawaii-based Filipino-speaking tourist came and brought her to Hawaii where she learned unexpected truth about her past.",https://www.imdb.com/title/tt0454284/?ref_=sr_i_763
764. Mazdoor,1983,2h 50m,,6.1,176,,A laborer-turned-businessman faces challenges after the marriage of his children.,https://www.imdb.com/title/tt0158768/?ref_=sr_i_764
765. To psonio,1983,1h 29m,,5.7,258,,"A star-wannabe actor, usually working as a clumsy extra, gets a life opportunity when a venal theater protagonist gets him under her protection.",https://www.imdb.com/title/tt0285952/?ref_=sr_i_765
766. Mad Dog II,1983,1h 29m,,5.9,22,,"The titular ""Mad Dog"", actually goes under the very anonymous name ""Nick Nolte"". He is a cop who doesn't take it easy when the mob executes his stripper-sister, and he goes after them to get revenge at all costs.",https://www.imdb.com/title/tt1764473/?ref_=sr_i_766
767. Dance of the Dwarfs,1983,1h 33m,PG,4.0,352,,"An anthropologist hires a down-on-his-luck helicopter pilot to fly her into the jungle, where she is searching for a scientist who is investigating reports of a tribe of reptile-men.",https://www.imdb.com/title/tt0085396/?ref_=sr_i_767
768. Çocuklar Çiçektir: Kuduz,1983,1h 17m,,6.6,330,,"It depicts rabies horror emerging in a small town during World War II. Hashim, village headman, brings a dog as a gift which turns out to be rabid, biting village children. Entire village mobilizes for the urgent vaccination of children.",https://www.imdb.com/title/tt0495015/?ref_=sr_i_768
769. The Last Night,1983,50m,Not Rated,5.1,135,,"Two psychos escape from the maximum security wing of Broadmoor Prison and sneak in the backdoor of a theatre to hide away while a performance of a stage play titled ""Murder in the Dark"" stages its final night.",https://www.imdb.com/title/tt0457033/?ref_=sr_i_769
770. Koodevide?,1983,2h 30m,Not Rated,7.5,314,,"Alice, who lives with her brother, is a teacher at a convent school in Ooty. A neglected and unruly son of a MP, Xavier Puthooran joins the school in Alice's class. Alice manages to turn him into a prize student. Her boy friend Capt. Thomas feels intensely jealous of the attention Alice bestows upon Ravi.",https://www.imdb.com/title/tt0248946/?ref_=sr_i_770
771. Village in the Mist,1983,1h 31m,,6.7,128,,A vagabond called Kaechoi is troubled by all the inhabitants of a remote South Korean village. His secret is unearthed by an innocent lady teacher who has moved to that village from the city.,https://www.imdb.com/title/tt0083558/?ref_=sr_i_771
772. La rosa de los vientos,1983,1h 24m,,4.4,28,,"Exiled Chilean director Patricio Guzmán filmed in Cuba and in Venezuela to create this controversial statement on the creation and survival of Latin American culture from the late-15th century to the present. For some viewers, the film will be superficially symbolic and rhetorical, for others, it will be a strong and personal vision of several centuries of history.",https://www.imdb.com/title/tt0057461/?ref_=sr_i_772
773. Al-azraa wa al shaar al abyad,1983,1h 55m,,5.8,239,,"After a woman loses hope of bearing a child of her own, she adopts an orphan against her husband's will, but when the child becomes a young woman, she falls in love with her adoptive father.",https://www.imdb.com/title/tt1056165/?ref_=sr_i_773
774. Oliver,1983,45m,,7.1,80,,"This is Nick Deocampo's masterpiece, a documentary about a gay nightclub performer with an especially lurid ""Spider-man"" act. Oliver is a female impersonator who supports his family by performing in Manila's gay bars.",https://www.imdb.com/title/tt0086041/?ref_=sr_i_774
775. L'africain,1983,1h 41m,,6.3,1K,,"A travel executive goes to Africa with plans to build a luxury holiday resort. Once arrived, she clashes with her ex-husband, who has moved there to escape civilization.",https://www.imdb.com/title/tt0085141/?ref_=sr_i_775
"776. Buenas, y con... movidas",1983,1h 30m,,5.8,41,,A brothel sex-worker tries to hide her profession from her daughter and her boyfriend.,https://www.imdb.com/title/tt0338826/?ref_=sr_i_776
777. Kinnaram,1983,2h 4m,Not Rated,7.1,68,,Two young men in madras love same woman who work with them.,https://www.imdb.com/title/tt0269445/?ref_=sr_i_777
"778. Likely Stories, Vol. 3",1983,58m,,6.6,32,,,https://www.imdb.com/title/tt0307095/?ref_=sr_i_778
779. The Baggy Trousers Case,1983,1h 30m,,7.1,3K,,A group of women in a small village get organized against the macho men of the town.,https://www.imdb.com/title/tt0494816/?ref_=sr_i_779
780. Shubh Kaamna,2h 18m,Not Rated,,6.5,36,,"Ratan arranges Sujata's marriage with Mr. Mehra due to her father's financial constraints. However, his meddling may backfire, raising questions about the desires of Sujata and Mr. Mehra.",https://www.imdb.com/title/tt0417131/?ref_=sr_i_780
781. Las viciosas y la menor,1983,1h 14m,,4.4,28,,"A young woman, in love with a peasant, tries her fortune as a model in the capital, where she is seduced by lesbians.",https://www.imdb.com/title/tt0084863/?ref_=sr_i_781
782. The Eighties,1983,1h 22m,,6.9,205,,"This is a making of a musical, with Chantal Ackerman behind and in front of the camera. It is mostly a collection of clips, talks, directions, and lectures, with the camera capturing the whole adventure.",https://www.imdb.com/title/tt0085172/?ref_=sr_i_782
783. Karate po polsku,1983,1h 28m,TV-14,5.6,255,,"The story takes place in a small, provincial town in Masuria. Beginner artist painter Piotr comes here from Warsaw to paint frescoes in the local church. Piotr is a great karate and treats everyone as potential rivals. His antagonist is Roman, the head of local hooligans. Soon there is a conflict between them and the situation becomes very dramatic.",https://www.imdb.com/title/tt0084194/?ref_=sr_i_783
784. Silencio asesino,1983,1h 30m,,6.0,14,,A group of criminals kidnaps a millionaire's daughter.,https://www.imdb.com/title/tt0352848/?ref_=sr_i_784
785. De vlaschaard,1983,1h 25m,,6.3,245,,"Authoritarian farmer Vermeulen rules his estate and family with strict control. When his hardworking son Louis takes the initiative to finish the harvest while his father is away, the returning tyrant commits an unforgivable crime.",https://www.imdb.com/title/tt0086553/?ref_=sr_i_785
786. White Snake Enchantment,1983,1h 58m,,6.1,56,,"After saving a woman (Rumiko Koyanagi) from committing suicide at a waterfall, a priest (Tomisaburo Wakayama) and his son (Tetta Sugimoto) both fall in love with her.",https://www.imdb.com/title/tt0349523/?ref_=sr_i_786
787. Amada,1983,1h 45m,,5.8,41,,"In 1914, during World Ward I, Amada, a bourgeois wife, falls in love with her cousin Marcial, a young idealist who is fighting against the Cuban regime in power.",https://www.imdb.com/title/tt0085155/?ref_=sr_i_787
788. Twenty Years of African Cinema,1983,1h 35m,Not Rated,7.1,82,,A look at 20 years of African Cinema. The Featured extracts are: 'Les Bicots-Negres'(d. Med Hondo) 'Borom Serret' (d. Sembene Ousmane)1966 'La Noire de...' [Black Girl] (d. Sembene Ousmane)1966 'Soleil O' [Sun O] (d. Med Hondo) (Mauritania)1969 'Saitane' (d. Oumarou Gonda) (Niger)1973 'The Money Order'1968 'Amanie' (d. Gnoan M'Bala) (Ivory Coast) 'Ceddo' (d. Sembene Ousmane)1977 'Touki Bouki' (d. Djibril Diop-Mambety) (Senegal)1973 'Muna Moto' (d. Dikongue-Pipa) (Cameroun)1975 'News from the Village' (d. Safi Faye) (Senegal)1975 'XALA' (d. Sembene Ousmane)1975 'Baara' (d. Souleymane Cisse) (Mali)1978 'The Chapel' (d. J.M. Tchissoukou) (Congo)1980 'L'Exile' [The Exile] (d. Oumarou Ganda)1980 'Ajani Ogun' (d. Ola Balogun) (Nigeria)1976 'Djeli' (d. Fadika Kramo Lancine) (Ivory Coast)1981 'Wend Kuuni' (d. Gaston Kabore) (Upper Volta)1981 'Fenye' [The Wind] (d. Souleymane Cisse) (Mali)1982,https://www.imdb.com/title/tt0302385/?ref_=sr_i_788
789. Estranho Desejo,1983,1h 30m,,3.6,36,,An affluent but bored housewife and mother pays for her kinky sex fantasies to come true.,https://www.imdb.com/title/tt0275337/?ref_=sr_i_789
790. Ediths Tagebuch,1983,1h 42m,R,6.8,85,,"When Edith Howland's husband abandons her for a younger woman, leaving her with their alcoholic son and his senile uncle, she begins recording details of an imaginary, much more successful life where she has friends and grandchildren. However, this diversion soon grows unhealthy when she becomes slowly convinced that the fantasies are real.",https://www.imdb.com/title/tt0090996/?ref_=sr_i_790
791. Babystrich im Sperrbezirk,1983,1h 23m,,3.6,57,,,https://www.imdb.com/title/tt0085209/?ref_=sr_i_791
792. Fire Dragon,1983,1h 14m,,3.0,54,,John and Sandy go in search of the missing members of a mercenary crew.,https://www.imdb.com/title/tt10750898/?ref_=sr_i_792
793. Henpecked,1983,1h 25m,,7.0,4K,,Juvenalian satire comedy adapted from stage features a withdrawn family man who just doesn't respond to anything done to him. Only until a serial killer steals his driver's licence and the family man is mistaken as a serial killer.,https://www.imdb.com/title/tt0252600/?ref_=sr_i_793
794. Agar Tum Na Hote,1983,2h 41m,Not Rated,6.3,222,,"Radha's husband becomes disabled post a car accident. To make ends meet, she unwillingly accepts a job as a nanny at a wealthy family's house. Complications arise when she learns the family's reason for hiring specifically her.",https://www.imdb.com/title/tt0246413/?ref_=sr_i_794
795. Alex San Diego: Wanted,1983,1h 49m,,,,,"AMERICAN STUDENT, WRONGLY ACCUSED OF A CRIME AND SENT TO JAIL, ESCAPES FROM PRISON TO AVENGE HIS FATE AND SEEK TRUE JUSTICE THAT WAS DENIED HIM,",https://www.imdb.com/title/tt0421574/?ref_=sr_i_795
796. Hit the Road Running,1983,1h 32m,,6.6,30,,"Beau Jim Donner returns to his hometown and joins the sheriff's department as a deputy and sets out to thwart the plans of unscrupulous tycoon Sam Grady, who has been buying out locals and intimidating any opposition.",https://www.imdb.com/title/tt0141160/?ref_=sr_i_796
797. Guaguasi,1983,1h 47m,Not Rated,6.3,85,,"Guaguasi, a simple man from the mountains, falls in love with beautiful chorus girl Marin, during the Cuban Revolution. Guaguasi joins the rebels and arrives in Havana at the end of Batista's dictatorship, and amid political turmoil is swept off his feet by the mesmerizing Marina. The story celebrates the vitality and lunacy of the Revolution period with surrealism, humor, and sensuality and is a compassionate metaphor about the human condition.",https://www.imdb.com/title/tt0079246/?ref_=sr_i_797
798. Leyla ile Mecnun,1983,1h 30m,,5.5,286,,"A fortune-teller reveals the Sultan that his daughter will get married to somebody poor, born on the same day with her. So, the Sultan gets all the baby boys born on the same day are killed and only Kadir is saved. Kadir and Leyla grow up together.",https://www.imdb.com/title/tt0288603/?ref_=sr_i_798
799. El-Avukatoo,1983,1h 48m,,7.2,1.4K,,"A cunning lawyer who tries to manipulate law and do everything in order to win is sent to jail for one month, he meets two important characters, drug lord and an ex-politician, he tries to play with them both to gain money but his actions lead him to unexpected end.",https://www.imdb.com/title/tt0287322/?ref_=sr_i_799
800. D'amore si vive,1983,1h 33m,,7.7,233,,The director interviews five people with different backgrounds about love and sex.,https://www.imdb.com/title/tt0167863/?ref_=sr_i_800
801. The Catch,1983,2h 20m,,6.9,225,,"A young man tries to overcome the hostility of his girlfriend's father, a tuna fisherman, by getting the older man to teach him the secrets of his dangerous trade.",https://www.imdb.com/title/tt0085632/?ref_=sr_i_801
802. Iliski,1983,1h 19m,,3.4,71,,The story of a very famous photo model and a young model who is prone to pervert and a junkie.,https://www.imdb.com/title/tt0494960/?ref_=sr_i_802
803. The Legend of Sealed Book,1983,1h 29m,,7.8,747,,"Three fox spirits steal a book of magic spells from a boy born from an egg, wreaking havoc with it.",https://www.imdb.com/title/tt6035092/?ref_=sr_i_803
804. P. P. Rider,1983,1h 58m,,6.6,231,,"Three high-school students tangle with the Yakuza and the police as they set out in search of the class bully, who has been kidnapped.",https://www.imdb.com/title/tt0086306/?ref_=sr_i_804
805. To the Ends of the Earth,1983,1h 45m,,8.0,34,,"The story of the three year expedition led by British explorer Sir Ranulph Fiennes, which ended in August 1982, and which was man's first and only land and sea voyage around the world crossing both poles, without leaving the Earth's surface.",https://www.imdb.com/title/tt0086451/?ref_=sr_i_805
806. Zoom Up: Graduation Photo,1983,1h 10m,,5.3,46,,A young student decides take pictures for nude magazines. This will affect her life in a way she couldn't foresee.,https://www.imdb.com/title/tt0229079/?ref_=sr_i_806
807. It Will Be Cold by the Lake This Year,1983,1h 46m,,6.9,20,,"Amin travels to his home from America to take some photos for a company but finds a girl named Chiang Jo Ping (Joey Wang), falls in love with her, but actually it turns out that Jo Ping is a ghost.",https://www.imdb.com/title/tt0102257/?ref_=sr_i_807
808. Faits divers,1983,1h 48m,,7.1,317,,"The daily life of a section of the police station of the fifth ""arrondissement"" (district) of Paris.",https://www.imdb.com/title/tt0085520/?ref_=sr_i_808
809. The Sandwich Man,1983,1h 45m,Not Rated,7.1,863,,Three vignettes from three different directors that tell stories of ordinary people during Taiwan's Cold War period.,https://www.imdb.com/title/tt0085503/?ref_=sr_i_809
810. My Memories of Old Beijing,1983,1h 36m,,7.7,658,,"Yingzi is a young, impressionable girl living on the southern side of Beijing in the late 1920s. Encountering people in the city, she tries to understand how people are really like inside through her own eyes.",https://www.imdb.com/title/tt0085326/?ref_=sr_i_810
811. The Third Prince,1983,1h 24m,,6.5,619,,"Once upon a time, Prince Jindrich set out to find a princess whose portrait had enchanted him. He never returned. Years later, the same portrait captivates his brother. Now he, too, sets out on his journey.",https://www.imdb.com/title/tt0227684/?ref_=sr_i_811
812. Cold Feet,1983,1h 36m,PG,5.1,67,,"When each is unlucky at love, a TV writer-director and a research scientist start seeing each other.",https://www.imdb.com/title/tt0087070/?ref_=sr_i_812
813. Maria Chapdelaine,1983,1h 47m,,6.0,280,,"A young woman, living with her parents and siblings on a remote farm in harsh, picturesque northern Québec, has three suitors: a steady and unimaginative farmer, Eutrope, the Americanized and wealthy Lorenzo, who has sought his fortune in Boston, and François Paradis, a rough and virile logger who captures her heart despite the warnings of her parents and the village priest. For a year, marked by seasonal change in an atmosphere charged with the strangeness of Indians and the demons of the woods, we see Maria at work and prayer, struggling with decisions, choosing to stay in Canada, in love with François, seeking to change his rough behaviors, and dealing with extraordinary loss.",https://www.imdb.com/title/tt0085901/?ref_=sr_i_813
814. Mystery Mansion,1983,1h 35m,PG,4.5,160,,"Susan and her brother Johnny are going to spend the summer with their uncles, where they discover a map that may lead to some kind of treasure.",https://www.imdb.com/title/tt0091587/?ref_=sr_i_814
815. Lies,1983,1h 40m,R,6.1,261,,"Struggling actress accepts high paying job to play a rich heiress committed in a lunatic asylum, not knowing she's really being set up as a surrogate for the real girl who'd been murdered.",https://www.imdb.com/title/tt0085846/?ref_=sr_i_815
816. Arohan,1983,2h 24m,Not Rated,7.5,113,,"Story of a poor farmer who suffers under a cunning and cruel landlord, amidst rising Naxalism in the 60s.",https://www.imdb.com/title/tt0083575/?ref_=sr_i_816
817. El traficante,1983,1h 25m,,5.9,19,,"Chronicles a northern Mexican drug trafficker's criminal career, rise to power, and battles against his enemies.",https://www.imdb.com/title/tt0316792/?ref_=sr_i_817
818. Ganga Kinare Mora Gaon,1983,,,6.1,41,,,https://www.imdb.com/title/tt1584023/?ref_=sr_i_818
819. Der Schnüffler,1983,1h 31m,,5.7,552,,"A taxi driver gives a ride to a mysterious passenger and finds himself at the center of an international espionage plot. Hunted by CIA and KGB agents, he faces danger, chaos, and a clever psychological trap in this action comedy.",https://www.imdb.com/title/tt0086257/?ref_=sr_i_819
820. Saan darating ang umaga?,1983,1h 56m,,7.3,47,,"After a couple adopts a boy from an orphanage, their daughter's jealousy slowly turns to affection-until an unexpected tragedy threatens to tear the family apart.",https://www.imdb.com/title/tt0375032/?ref_=sr_i_820
821. Sangre en mis zapatos,1983,1h 30m,,5.6,86,,Agents across the globe take turns spying on and double-crossing one another in an attempt to locate a valuable formula encrypted in the music code.,https://www.imdb.com/title/tt0086239/?ref_=sr_i_821
"822. Ja, vi elsker",1983,1h 58m,,5.8,21,,"Arve Nor is exposed to a boat accident alone on the sea, taking a settlement with his own identity in his last moment on earth. Childhood, student life and adulthood as a secondary school show against a social and cultural backdrop that addresses the political agenda of the 2nd World War, in the 1960s to 70s and up to the 1980s.",https://www.imdb.com/title/tt0085742/?ref_=sr_i_822
823. Peppermint-Frieden,1983,1h 52m,,6.8,128,,"A movie about little Marianne's life in a little German village 1943-1950. The peace comes in the shape of an American soldier who brings chewing gum to all the children, a soldier they call Mr. Frieden. Marianne's head is filled with fear of war and belief that the war will come back.",https://www.imdb.com/title/tt0086093/?ref_=sr_i_823
824. Khuda Hafiz,1983,1h 31m,,8.0,49,,"DESPITE BEING POOR SIX-YEAR-OLD BABU DISLIKES CHARITY AND EARNS HIS LIVING AS A SNAKE-CHARMER. ONE EVENING HE GETS STUCK IN A STORM AND TAKES REFUGE ON A HILL SLOPE. IN THE MORNING, SAPNA - A BRAHMIN GIRL, FINDS HIM AND MOVED BY HIS PLIGHT TAKES HIM HOME. SHE DECIDES TO LOOK AFTER BABU AND GIVE HIM THE LOVE AND CARING HE LONGS FOR. WHEN HER FATHER RETURNS HE CONSIDERS BABU TO BE A BURDEN AND ASKS SAPNA TO GET RID OF HIM. A PROUD BABU IS CRESTFALLEN AND DESPITE LOVING SAPNA, DECIDES TO GO AWAY. WOULD SAPNA ALLOW THIS?",https://www.imdb.com/title/tt2795404/?ref_=sr_i_824
825. El Cid cabreador,1983,1h 24m,,3.4,110,,,https://www.imdb.com/title/tt0085338/?ref_=sr_i_825
826. The Lost Generation,1983,,,4.3,19,,Some illegal immigrants from the mainland works in a large hotel.,https://www.imdb.com/title/tt0185309/?ref_=sr_i_826
827. Seeing Red,1983,1h 40m,,7.3,193,,A unique documentary that looks at the political activities of the American Communist Party in the early to mid-twentieth century.,https://www.imdb.com/title/tt0086273/?ref_=sr_i_827
828. O gyros tou thanatou,1983,1h 34m,,5.9,145,,"Stefos does dangerous stunts with his motorcycle for a living. One day, he decides to sell his organs to the executive of a company that transplants them to wealthy customers. But when his life becomes a nightmare, a violent hunt begins.",https://www.imdb.com/title/tt0231689/?ref_=sr_i_828
829. Fords on Water,1983,1h 23m,,4.8,83,,"Influential, cult classic, UK buddy road movie about two friends, one white and one black, who bond over their desire to escape from boredom and unemployment in Thatcher's Britain.",https://www.imdb.com/title/tt0085559/?ref_=sr_i_829
830. Undercover,1983,1h 40m,,5.9,129,,"True story set in the Roaring Twenties Sydney about the rise of Berlei, a popular Australian brand of women's lingerie, famous for its bras and girdles.",https://www.imdb.com/title/tt0086511/?ref_=sr_i_830
831. Zig Zag Story,1983,1h 40m,,6.2,196,,"The lives of three Parisians - a color-blind painter, a radio show host and a perverted photographer - intertwine and go hilariously out of control. A classic cult comedy from the 80's.",https://www.imdb.com/title/tt0086642/?ref_=sr_i_831
832. Mer dare,1983,47m,,7.6,406,,"A man paves his own way to his own soul through an intellectual quest, tragedies of nations and personal drama. The road moving through the cosmic distances is a flight into one's internal world. This flight and this drama are revealed in this philosophical film-poem.",https://www.imdb.com/title/tt0298466/?ref_=sr_i_832
833. Qayamat,1983,2h 19m,,5.9,105,,"Shyam and Kamal are two school-going students who are close friends. When Kamal is unable to pay his exam fees, Shyam assists him, and as a result Kamal does well, is able to study further, becomes an IPS Officer, and is subsequently hired as the Superintendent of Police in Delhi, while Shyam re-locates to live in Bombay. Years later, Shyam has taken to crime in a big way and is now known as Rajeshwar. He kills a politician, S.M. Dayal, who had molested and killed, Geeta, his betrothed, but the Police are unable to find evidence to arrest him. They request Kamal to intervene and arrest Rajeshwar, and as a result, Kamal, along with his wife, Shashi, and sister, Sudha, re-locate to Bombay. Kamal finds out that Rajeshwar is none other than Shyam, but does eventually arrest him for abducting and sexually molesting Shama. Shyam believes that the charges against him are false and trusts Kamal fully. But the Court finds Shyam guilty, and sentences him to seven years in jail. Betrayed and upset with Kamal, an embittered and vengeful Shyam is discharged from prison after his sentence, determined to molest Sudha and make Kamal's life a nightmare.",https://www.imdb.com/title/tt0366928/?ref_=sr_i_833
834. The Executioner of Hearts,1983,1h 40m,,4.4,141,,"Vittorio is an obscure actor who dreams to become famous. One day, he wins a TV-quiz about cinema. Thanks to he's good looking, he becomes the center of attention of women. He's hired by a producer to become the stunt double for a movie in Tahiti. Vittorio succeed in becoming the star of the movie and finds love in the arms of the leading actress. At the premiere of the movie, he's dream of fame has become reality.",https://www.imdb.com/title/tt0147920/?ref_=sr_i_834
835. Little Dragon Maiden,1983,1h 36m,TV-14,6.0,400,,Little Dragon Maiden mixes the old with the new to create pure golden magic as kung-fu fighting veterans Chen Kuan-Tai and Lo Lieh join relative newcomer Leslie Cheung in a far-out swordplay love story that rocks.,https://www.imdb.com/title/tt0084256/?ref_=sr_i_835
836. Painter Babu,1983,2h 29m,,4.0,36,,"Wealthy Srivastav's son Shyam loves Renu, but his parents want him to marry rich Menaka Rai to save their business. Disowned, he leaves with Renu. After being wrongly jailed for Meera's murder and freed, he finds Renu married to another.",https://www.imdb.com/title/tt0371058/?ref_=sr_i_836
837. Rope and Breasts,1983,1h 9m,,5.8,101,,"Sayo runs a travelling SM show with her husband, where she's the bottom, and gets increasingly bored. During their tour, they are arranged by a rich couple who ask for a private show, without knowing that this will become the ""real thing"".",https://www.imdb.com/title/tt0227111/?ref_=sr_i_837
838. Dhola Maru,1983,2h 32m,Not Rated,6.5,23,,"Watch the full movie, Dhola Maru, only on Eros Now. Dhola Maru is a 1983 Indian Gujarati film, directed by Mehul Kumar and produced by Govindbhai Patel. The film stars Naresh Kanodia, Snehlata, Jayshree T and Padmarani in lead roles. The film had musical score by Mahesh-Naresh.",https://www.imdb.com/title/tt0233565/?ref_=sr_i_838
839. Hayop sa ganda,1983,1h 26m,,,,,"Two former ""Miss Universe"" title holder, the filipina Glora Diaz and the Spanish Amparo Munoz, play the roles of an employee in an orphanage and a dancer, respectively, who conspire to charm a bank executive out his decision to foreclose a debtor's property -- the building housing the orphanage.",https://www.imdb.com/title/tt0438079/?ref_=sr_i_839
840. Escape from Hellhole,1983,1h 44m,Not Rated,3.9,153,,A Punjabi girl getting tricked into living with a big time pimp who abducts virgins and forces them to submit to his hymen busting ways.,https://www.imdb.com/title/tt0097497/?ref_=sr_i_840
841. Ferestadeh,1983,1h 43m,,7.0,256,,An Iranian assassin is sent to the United States to kill a former Iranian official who served under the Shah of Iran. The night before the assassination he find out that his target (Mr. Tabataie) has already been killed by a Muslim American Hassan Tantai (aka David Theodore Belfield). A prominent mullah residing in the U.S. find him a new assassination target.,https://www.imdb.com/title/tt0084338/?ref_=sr_i_841
842. Nocaut,1983,1h 49m,,7.2,83,,"A promising boxer on the rise meets his fate when he get's involved with the organized crime, being chased by gang members and the police in one rough night.",https://www.imdb.com/title/tt0086019/?ref_=sr_i_842
843. Chikan densha: Rumiko no oshiri,1983,1h,,4.4,23,,"A man dies, leaving only the clue that his killer is ""E.T."" How will a detective solve this mystery?",https://www.imdb.com/title/tt0142168/?ref_=sr_i_843
844. Without Witness,1983,1h 35m,,7.3,709,,Without Witness is an unflinchingly intimate and wickedly plotted two-actor tour de force pitting a divorced couple against each other and themselves.,https://www.imdb.com/title/tt0085238/?ref_=sr_i_844
845. Corri come il vento Kiko,1983,1h 28m,,5.3,16,,"Guido, a child who lives in Milan with his father, spends his holidays in the countryside riding horses. When his sister is injured he enters a RACE in her honor and wins riding her horse Kiko.",https://www.imdb.com/title/tt0158564/?ref_=sr_i_845
846. Among Grey Stones,1983,1h 28m,,6.8,254,,"The story is about the Vladimir Korolenko's childhood, about his sad experiences of losing beloved people (his own mother and a little girlfriend Marusha).",https://www.imdb.com/title/tt0173240/?ref_=sr_i_846
847. Pasand Apni Apni,1983,,,6.9,134,,"Sandeep Anand is a wealthy industrialist. He runs an organization, and falls in love with one of his employees named Geeta, who comes from a lower middle class family, and wants to marry a man in the same class. Sandeep convinces her that he works for Mr. Anand, and both fall in love. When Geeta and her family find out that Sandeep has been lying to them, they have him arrested for impersonation. When Sandeep convinces the police that he is indeed the real Sandeep Anand, he is released. When Sandeep attempts to woo Geeta back, she will have nothing to do with him, as he lied to her. Sandeep will now have to prove his love for Geeta all over again.",https://www.imdb.com/title/tt0158071/?ref_=sr_i_847
848. Le retour des bidasses en folie,1983,1h 25m,,3.6,138,,"The children of three World War II fighters listen to the jokes and adventures of their parents, including the treasure hidden.",https://www.imdb.com/title/tt0227377/?ref_=sr_i_848
849. Inspektor GAI,1983,1h 19m,,7.1,421,,A stubborn traffic inspector rigidly adheres to traffic rules and gets on the wrong side of a driver.,https://www.imdb.com/title/tt0084141/?ref_=sr_i_849
850. Burning of the Imperial Palace,1983,1h 28m,,6.8,244,,"Dramatization of events from the Second Opium War which culminated in the looting and destruction of imperial estate ""Yuan Ming Yuan"", AKA the Old Summer Palace by invading English and French troops.",https://www.imdb.com/title/tt0085703/?ref_=sr_i_850
851. Revanche,1983,1h 45m,,6.3,185,,"During a hot summer somewhere in the early-1980s Athenian urban jungle, three friends experiment with a difficult love triangle. Will their ambivalent feelings and the unbearably lingering identity crisis consume them?",https://www.imdb.com/title/tt0267884/?ref_=sr_i_851
852. Epitafium dla Barbary Radziwillówny,1983,1h 29m,,6.3,102,,King Sigismund II Augustus recalls the years spent with her beautiful queen Barbara Radziwill.,https://www.imdb.com/title/tt0085498/?ref_=sr_i_852
853. The Warrior and the Blind Swordsman,1983,1h 33m,,5.8,107,,Dutch colonial army in West Java holds a tournament to select the best warrior to confront local freedom fighter Parmin (Jaka Sembung). The winner is a blind swordsman. Things get complicated when magician seductress Dewi Magi intervenes.,https://www.imdb.com/title/tt0096421/?ref_=sr_i_853
854. Justice Chaudhury,1983,2h 36m,Not Rated,4.4,135,,"An honest and upright lawyer becomes a judge; marries his disabled daughter to a crook, and is blackmailed to compromise his judicial judgements.",https://www.imdb.com/title/tt0187193/?ref_=sr_i_854
855. Krzyk,1983,1h 32m,,6.7,136,,"Troubled girl from the slums gets a job as a cleaner, finds a boyfriend and wants to turn on a new leaf. But life is not a bed of roses, especially for her.",https://www.imdb.com/title/tt0085812/?ref_=sr_i_855
856. Mon curé chez les Thaïlandaises,1983,1h 35m,,2.7,160,,"Maximin, priest in a little village in the South-West of France, inherits from his brother a brothel in Thailand, although he's always been told it was a very strict catholic school. The journey to Asia is full of surprises (a plane hi-jack, pirates...) and once in Thailand, Maximin is taken into 'political' turmoils.",https://www.imdb.com/title/tt0234262/?ref_=sr_i_856
857. Locke the Superman,1983,2h,Unrated,6.2,255,,"Colonel Yamaki is looking for Locke, an ESPer with powers are far beyond imaginable. He is supposed to enroll him on a mission to investigate Lady Kahn, a millionaire tycoon who is raising an army of ESPers for an unknown reason.",https://www.imdb.com/title/tt0294448/?ref_=sr_i_857
858. Los dos carnales,1983,1h 30m,,6.6,22,,"Poor boys Pablo and Toño share a room. Pablo's mom's in jail for a theft she didn't commit. They work to pay a lawyer. At a construction site facing strikes, Pablo falls in a pit. The owner learns he's his son and frees Pablo's mom.",https://www.imdb.com/title/tt0338935/?ref_=sr_i_858
859. Kevin Can Wait,1983,41m,,7.2,39,,"Jim Peterson invites several people home for dinner after a church service. One of them is a college football player, the other is a man named David. David asks Jim if he can invite a grubby mechanic named Kevin to come with him, and Jim reluctantly agrees. What follows is a consistent pattern of Jim ignoring Kevin, in favor of the more wealthy, attractive, and talented people around him. What Jim doesn't know that David is an angel, sent by God. By various means, David shows Jim how to be a friend to those around him who need it most, regardless of their wealth, talent, or perceived social position.",https://www.imdb.com/title/tt0461796/?ref_=sr_i_859
860. Mona ja palavan rakkauden aika,1983,1h 49m,,5.7,154,,"The 1983 youth film follows Mona as she struggles with her parents' divorce and her father's alcoholism. A chance visit to a revival meeting sparks a religious awakening, bringing her into conflict with both her family and social circle.",https://www.imdb.com/title/tt0087738/?ref_=sr_i_860
861. Dirndljagd am Kilimandscharo,1983,1h 25m,,2.8,291,,"In the African holiday hotel ""Leisure Lodge"" there are several German tourists.",https://www.imdb.com/title/tt0085441/?ref_=sr_i_861
862. Die unglaublichen Abenteuer des Guru Jakob,1983,1h 32m,,4.1,105,,"Jakob does not find it easy when looking for a job. Wherever the stocky, stout, young and a bit dumb man strives for work, he is rejected.",https://www.imdb.com/title/tt0086513/?ref_=sr_i_862
"863. Aeschylus' Oresteia (Tony Harrison Adaptation), the National Theatre",1983,3h 52m,,8.8,51,,"The murder of Agamemnon by Clytemnestra, the murder of Clytemnestra by Orestes, the trial of Orestes, the end of the curse on the House of Atreus and the pacification of the Furies.",https://www.imdb.com/title/tt5524714/?ref_=sr_i_863
864. Bad Bananas on the Silver Screen,1983,2h 12m,TV-PG,6.1,26,,"Zany foursome Errol, Herman, Tacio, and Peewee merely geared up for a short underwater dive towards Hundred Islands when a series of miscalculations caused them to resurface on the shores of Mexico.",https://www.imdb.com/title/tt0445203/?ref_=sr_i_864
865. Parahyba Mulher Macho,1983,1h 27m,,7.2,102,,"An important part of Brazilian history, this is the story of Anayde Beiriz - as played by Tania Alves - poetess, journalist, teacher, a revolutionary in her time (the 1920s and 1930s), and known for her sexuality. Her great love for João Dantas triggered the assassination of Joao Pessoa, the Governor of Brazil's Parahyba State. These events were then used politically as pretext for the ""Revolution of 1930.""",https://www.imdb.com/title/tt0186437/?ref_=sr_i_865
866. Adrift at Sea,1983,1h 37m,,5.5,19,,,https://www.imdb.com/title/tt10338782/?ref_=sr_i_866
867. The Black Spider,1983,1h 38m,,5.7,66,,"This film about a black spider that symbolizes evil works well when focusing on the old 19th century story by Jeremias Gotthelf. A group of drug addicts are doing without because of a crooked dealer and in desperation, they break into a chemical plant to get their hands on what they need, later escaping to temporary shelter in a farmhouse. While one woman trips out, she hallucinates the story of the black spider, set in the Emmental valley of Switzerland in the middle ages. At that time, a beautiful farmer's wife makes a pact with the devil: if he helps the men survive the excessive toil imposed by a tyrannical knight, she will give him a newborn baby. When the time comes to collect the child, the wife has the baby baptised right after birth, and the devil is foiled. In revenge, he sends a black spider into the village to spread pestilence and death.",https://www.imdb.com/title/tt0171723/?ref_=sr_i_867
868. Klassen Feind,1983,2h 5m,,7.7,52,,Six students between the ages of 16 and 18 are waiting in a classroom for their new teacher.,https://www.imdb.com/title/tt0085800/?ref_=sr_i_868
869. Søsken på Guds jord,1983,1h 18m,,5.7,31,,"Somewhere in Northern Norway, in a not too distant past the orphan Margit lives a life with many demanding and mentally challenged kids at a farm.",https://www.imdb.com/title/tt0085330/?ref_=sr_i_869
870. Anveshane,1983,1h 48m,,7.8,27,,,https://www.imdb.com/title/tt0245717/?ref_=sr_i_870
871. Adj király katonát!,1983,1h 53m,,7.5,87,,Jutka was an innocent 15-year-old peasant when she and her friend Zsuzsa left for the big city to get work in a textile factory and live independently. Their freedom quickly became more than they could handle when Zsuzsa found herself pregnant.,https://www.imdb.com/title/tt0083522/?ref_=sr_i_871
872. Nudes in Limbo,1983,53m,,4.4,176,,"The video is a series of short pieces of very buff nude people. The models don't speak, and the backgrounds are solid colors, with no decorations to let you know where the models are.",https://www.imdb.com/title/tt0180879/?ref_=sr_i_872
"873. Max Haufler, 'Der Stumme'",1983,1h 30m,,,,,,https://www.imdb.com/title/tt0085920/?ref_=sr_i_873
874. The Enchantress,1983,1h 28m,,5.9,125,,"Max Mok is the dashing young swordsman Feng Xiwu who arrives at a beautiful, but deadly location known as Moonlit Sky to investigate rumors of deaths and disappearances there. He comes to the defense of a beautiful young woman (Mary Jean Reimer Lau) playing a zither who warns him to leave. He refuses and is soon at the mercy of the girl's mother, a woman long dead who haunts the place.She and her companions that included a group of Japanese samurai were all slain by Chinese swordsmen eighteen years ago. The ghost swore an oath of vengeance against the martial world and her Chinese husband, swordsman Lan Tianyu (Lau Wing), who betrayed her. When her daughter helps Xiwu to escape and come into the care of a Taoist priest (Lo Lieh), the ghost begins her assault on the martial world to destroy the descendants of those who wronged her. Tianyu unites with the Taoist priest and Shaolin monks to battle the ghost, but her power is too great and a spiritual master known as Purple Robe (Yueh Hua) is called upon, along with seven gods. Xiwu, Tianyu and the gods follow the ghost into the netherworld to put an end to her curse.",https://www.imdb.com/title/tt0165756/?ref_=sr_i_874
875. La conquista de Albania,1983,2h 2m,,5.5,78,,"King Carlos II of Navarre once (14th century) sent his brother Don Luis de Beaumont to lead a military expedition into Albania and reclaim the Albanian throne he inherited from his wife. But the journey to the rebellious kingdom is long and hard and, in the end, Luis must ask himself whether success is the same as happiness.",https://www.imdb.com/title/tt0085357/?ref_=sr_i_875
876. Le destin de Juliette,1983,1h 49m,,6.2,43,,"A farmer's daughter marries a railway worker to insure that her family is well cared for. Her new husband proves to be a sluggardly alcoholic and eventually, she decides her own personal happiness comes before the welfare of her family.",https://www.imdb.com/title/tt0085432/?ref_=sr_i_876
877. Dugong buhay,1983,1h 59m,,5.2,19,,"It tells the story of a hacienda or ranch worker Samuel (Ramon Revilla Sr.), who is seeking revenge against the cruelty of the de Lara family. Because of his hatred, Samuel uses his own son, Alvaro (Ramon ""Bong"" Revilla Jr.), to destroy those who maltreated them.",https://www.imdb.com/title/tt0360527/?ref_=sr_i_877
878. Cantinflas profesor de historia,1983,56m,,7.0,13,,,https://www.imdb.com/title/tt0350682/?ref_=sr_i_878
879. Archipel des amours,1983,1h 39m,,4.9,29,,Nine short films concerning the same single subject: the distress over the love that comes and goes.,https://www.imdb.com/title/tt0165626/?ref_=sr_i_879
880. West of Hester Street,1983,58m,,,,,,https://www.imdb.com/title/tt34061707/?ref_=sr_i_880
881. Do góry nogami,1983,1h 33m,,6.7,46,,"During the German occupation of Poland, several children in a village become very unhappy and then get into deep trouble for drawing a picture of the German Führer hanged from a tree.",https://www.imdb.com/title/tt0085449/?ref_=sr_i_881
882. Patu!,1983,1h 52m,,7.6,68,,A documentary about demonstrations against apartheid when South Africa's rugby team tours New Zealand.,https://www.imdb.com/title/tt0086086/?ref_=sr_i_882
883. Vive la sociale!,1983,1h 35m,,6.3,74,,"Maurice Decques is Parisian, born of a mix between a communist father and an anarchist mother. He lives in the Ménilmontant neighborhood since he is a child, even after his marriage with a Hungarian cellist, more sensitive to real communism.",https://www.imdb.com/title/tt0086550/?ref_=sr_i_883
884. Brontë,1983,1h 28m,,6.1,23,,Julie Harris performs her one-woman show based on the life of Charlotte Brontë.,https://www.imdb.com/title/tt0202822/?ref_=sr_i_884
885. Benson: The U.S. Goes to Market,1983,TV-G,,,,,A promotion for U.S. Savings Bonds.,https://www.imdb.com/title/tt2897518/?ref_=sr_i_885
886. Bumi Bulat Bundar,1983,,,,,,,https://www.imdb.com/title/tt39244515/?ref_=sr_i_886
887. Thanga Magan,1983,2h,Not Rated,6.1,138,,Thanga Magan is a man's search for his roots. It is his search for the truth about his lineage.,https://www.imdb.com/title/tt0323454/?ref_=sr_i_887
888. Een zaak van leven of dood,1983,1h 33m,,5.9,106,,Hans meets the lively typist Eva at work and they marry after a short while. And then their lives change as she develops agoraphobia.,https://www.imdb.com/title/tt0086628/?ref_=sr_i_888
889. Lalach,1983,,,6.4,12,,,https://www.imdb.com/title/tt0245222/?ref_=sr_i_889
890. Lock,1983,1h 20m,,3.1,23,,"After her eleven year old daughter Cathy befalls a freak accident, Danielle is in a state of catatonic paralysis.",https://www.imdb.com/title/tt0256156/?ref_=sr_i_890
891. Yahan Se Shehar Ko Dekho,1983,,,,,,,https://www.imdb.com/title/tt0407330/?ref_=sr_i_891
892. The Baphomet Seance (Remastered 1983),1983,,,6.8,74,,The Baphomet Séance is the first ever instructional horror film. This film is an instructional video of how to conduct a seance and talk to the dead. It was released at the height of the Satanic Panic in 1983 and was promptly banned.,https://www.imdb.com/title/tt38412249/?ref_=sr_i_892
893. Flics de choc,1983,1h 32m,,4.8,98,,"Two young girls abducted by pimps to make them participate in perverse shows, testify against their captors. Following the assassination of the two girls, Commissioner Beauclair will attack a prostitution network in the Paris region.",https://www.imdb.com/title/tt0085550/?ref_=sr_i_893
894. Mardani,1983,,,6.9,22,,"After their mother passes away, twins, Prasad and Anu, are separated and their father, Ramji Desai, is rendered homeless. Prasad is brought up by a couple whose daughter was abducted and killed, and he swears to become a police inspector and bring wrong-doers to justice. While Anu grows up with her maternal uncle and aunt, and becomes an expert in self-defense so much so that she even wrestles a ferocious tiger. Their lives will have nothing but challenges as Prasad will face numerous obstacles from Chairman Prataprao Ramdokhey; while Anu's bank manager-husband, Ajit, will be arrested for Theft by none other than Prasad himself.",https://www.imdb.com/title/tt1630048/?ref_=sr_i_894
895. Il tassinaro,1983,2h 17m,,6.0,608,,"Pietro Marchetti, a mature Roman taxi driver, has countless and interesting meetings while he is on duty with his car ""Zara 87"".",https://www.imdb.com/title/tt0086412/?ref_=sr_i_895
896. L'indic,1983,1h 35m,,5.4,301,,"Inspector Bertrand wants to put an end to the criminal activities of Ange Malaggione, the head of the Corsican clan.",https://www.imdb.com/title/tt0085725/?ref_=sr_i_896
897. Target Eve Island,1983,1h 24m,,5.5,25,,Professor Lindenbrook has secret documentation wanted by the Russians. She is kidnapped and taken to The Caribbean. Following in hot pursuit are Chaser and William Grant.,https://www.imdb.com/title/tt0817956/?ref_=sr_i_897
898. Les planqués du régiment,1983,1h 30m,,2.9,46,,"A young engineer, inventor of a dangerous ping-pong ball, which makes him pursued by the American and Russian secret services, finds refuge in a military camp where his irruption sows some semi-catastrophes.",https://www.imdb.com/title/tt0301734/?ref_=sr_i_898
899. Adaminte Variyellu,1983,2h 22m,,7.9,161,,"Aadaminte vaariyellu depicts parellel stories of three women who are subjected to various forms of patriarchy and exploitation by the men around them and the society at large, and how they try to literally break free from it.",https://www.imdb.com/title/tt0085137/?ref_=sr_i_899
900. Poruno Joyû Shigan,1983,1h 8m,,,,,,https://www.imdb.com/title/tt3379174/?ref_=sr_i_900
901. Children of Nagasaki,1983,2h 8m,,6.8,190,,"The atom-bombing of Nagasaki, Japan in 1945 is recalled by a survivor.",https://www.imdb.com/title/tt0087571/?ref_=sr_i_901
902. The Roving Swordsman,1983,1h 24m,,6.4,104,,"Murong Gufang is the descendant of the Murong family. In order to revive the family's prestige, he plans to seize the Tang Clan Fire Book from the richest man in the martial arts world, Bai Yulou.",https://www.imdb.com/title/tt0085389/?ref_=sr_i_902
903. Abra Cadabra,1983,1h 24m,,6.4,55,,Animated fantasy film about an optimistic space boy and his friends.,https://www.imdb.com/title/tt0208663/?ref_=sr_i_903
904. Cannibal Mercenary,1983,1h 44m,,5.3,236,,A Thai veteran of the Vietnam War and all around master of combat leads a group of men on a daring mission into the jungles of Vietnam to topple a dangerous drug lord and his cannibal army.,https://www.imdb.com/title/tt0122013/?ref_=sr_i_904
905. Dadshah,1983,,,6.1,108,,"In 1950s Balochistan, farmer Mir Dad Shah leads an armed revolt against the oppressive Pahlavi regime. Aided by his wife, he wages a fierce insurgency until he is betrayed by tribal chiefs and killed by Iranian forces.",https://www.imdb.com/title/tt0317304/?ref_=sr_i_905
906. Monica's Gang: The Princess and the Robot,1983,1h 31m,G,7.1,288,,A lovely robot from the Big Carrot's planet is condemned to find a heart in a far planet in order to marry Princess Mimi.,https://www.imdb.com/title/tt0486893/?ref_=sr_i_906
907. La trace,1983,1h 43m,,7.0,65,,"(1859, Savoy Alps) Joseph is a peddler who leaves his mountain village to travel through Northern Italy to sell cotton, thread, lace and trinkets. His road will be strewn with pitfalls and encounters, sometimes funny, sometimes pathetic.",https://www.imdb.com/title/tt0086463/?ref_=sr_i_907
"908. Idi mi, dodji mi",1983,1h 32m,,7.2,1.4K,,"Mary and Bob are moving into an apartment and the financial problems came to a crisis in their marriage. Affected Consumer fever neglect each other and the child. In addition, Zika and Milan persistently interfere in their lives.",https://www.imdb.com/title/tt0085712/?ref_=sr_i_908
909. Edith and Marcel,1983,2h 50m,TV-G,5.9,457,,"The world's most popular entertainer and Europe's greatest boxer: the film puts the love affair of these two national heroes against a backdrop of the end of World War II, hotel suites in New York, transatlantic plane flights, Cerdan's loss of the world middleweight title to Jake Lamotta, and Piaf's gift for tragic love songs.",https://www.imdb.com/title/tt0085477/?ref_=sr_i_909
910. Money to Burn,1983,1h 30m,,6.4,32,,A school counselor and two misfit students decide to plan a bank robbery.,https://www.imdb.com/title/tt0160541/?ref_=sr_i_910
911. I'm Going to Be Famous,1983,1h 36m,,5.6,42,,"A group of young actors audition for a play by a famous author starring and a famous star. These hopefuls have every weapon available to achieve their goal including blackmail, sex and murder.",https://www.imdb.com/title/tt0085711/?ref_=sr_i_911
912. Bota jménem Melichar,1983,1h 24m,,6.8,199,,"A story about the coexistence of students and teachers in an elementary school in the 1980s in Czechoslovakia. It reveals the imperfections and problems of the schools of the time, but also the teachers' efforts to confront them.",https://www.imdb.com/title/tt0085269/?ref_=sr_i_912
913. The Wild Pony,1983,1h 27m,G,6.7,82,,"To save her ranch after the accidental death of her husband, a woman marries the man responsible for the mishap.",https://www.imdb.com/title/tt0086588/?ref_=sr_i_913
914. The Gunfighter,1983,1h 32m,,6.0,20,,"Our gun-slinging hero has American-Indian blood, which shows in his stance, attitude, and courage.",https://www.imdb.com/title/tt0089241/?ref_=sr_i_914
915. Raj Kumar,1983,,,,,,,https://www.imdb.com/title/tt0323764/?ref_=sr_i_915
916. Angelo My Love,1983,1h 55m,R,6.5,271,,"Step into the world of gypsy life. Come meet Angelo and his family. See the gypsy court system. A gypsy wedding where a boy's family pays for his wife. Come see the gypsy lifestyle, how they live, how they love family.",https://www.imdb.com/title/tt0085168/?ref_=sr_i_916
917. Kaçak,1983,1h 32m,,6.2,248,,The love between a man wanted by the gendarme and a woman who hid him.,https://www.imdb.com/title/tt0492093/?ref_=sr_i_917
918. Il petomane,1983,1h 43m,,6.3,226,,The real story of a French man who was able to control his own farts.,https://www.imdb.com/title/tt0138702/?ref_=sr_i_918
919. Scarred,1983,1h 25m,R,5.8,112,,"A 16 year old girl turns to prostitution to support her baby and encounters a treacherous underworld of pimps, hookers and johns while doing her best to maintain her hopes and dignity.",https://www.imdb.com/title/tt0088047/?ref_=sr_i_919
920. Love in Hong Kong,1983,1h 10m,R,4.6,52,,"Julie is put under pressure by her boss when his paper loses in circulation to a rival. Given the responsibility of devising a series of 'scoops' to regain the paper's popularity, she invites her two friends Barbara and Carol to Hong Kong.",https://www.imdb.com/title/tt0243391/?ref_=sr_i_920
921. Poikkal Kuthirai,1983,2h 27m,Not Rated,6.7,53,,"Poikal Kuthirai is a 1983 Indian Tamil film, directed by K. Balachander and produced by Kalaivani. The film stars Ramakrishna, Charlie, Raveendran, Vaali and Radha Ravi in lead roles. The film had musical score by M. S. Viswanathan. Watch the full movie, Poikal Kuthirai, only on Eros Now.",https://www.imdb.com/title/tt0155024/?ref_=sr_i_921
922. Old Times,1983,,,7.8,13,,,https://www.imdb.com/title/tt0296041/?ref_=sr_i_922
923. Un bon petit diable,1983,1h 30m,,6.2,86,,"One of the Comtesse De Ségur's most popular works,it tells the tale of an orphan ,Charles,mistreated by his wicked old cousin Madame Mac Miche.",https://www.imdb.com/title/tt0086503/?ref_=sr_i_923
924. Godzilla vs. Wolfman,1983,1h 20m,Unrated,5.5,47,,"Godzilla vs. Wolfman consists of a werewolf appearing in Japan, which becomes irradiated and grows to enormous size. This giant Wolfman encounters Godzilla in the countryside, and the two monsters battle.",https://www.imdb.com/title/tt5567368/?ref_=sr_i_924
925. Tiger Killer,1983,1h 34m,,6.7,148,,"Wu Song is a Chinese legend, one of the 108 heroes of Liangshan, as described in the book The Water Margin. He was known as The tiger killing hero. This movie portrays his personal life and relationship between him and his elder brother.",https://www.imdb.com/title/tt0084922/?ref_=sr_i_925
926. Savior of the Earth,1983,1h 9m,,3.3,147,,"Acts of terrorism are happening in the USA, Japan, France and the Pacific Ocean. The man behind these events is Dr. Butler, who tries to rule the world with his powerful computers. To save mankind, Dr. Kim, Sheila and Keith, known as ""Saviors of the Earth"", are summoned. The last battle, the Deadly Game, will take place inside a computer.",https://www.imdb.com/title/tt1454628/?ref_=sr_i_926
927. Pink Curtain 3,1983,1h 12m,,6.4,35,,"The third movie in the ""Pink Curtain"" series depicts the deep bond and forbidden love of brothers and sisters with the power and delicacy of the previous two works and more.",https://www.imdb.com/title/tt0227270/?ref_=sr_i_927
"928. Bon shans, inspektore!",1983,1h 34m,,7.7,257,,"A country town gets excited because of a bank robbery - eight million levs have been stolen from the local bank. A sensational piece of news jolts a small provincial town out of his lethargy. It is the chance of the lifetime of Inspector Tyuhchev. He arrives at scene of the crime and the inquest gets underway with such professionalism that even Sherlock Holmes and Hercule Poirot would have envied him. He has the opportunity to show real professionalism, to make a brilliant display before his fellow-townsmen. Who is the thief? The cashier, the bank manager, the cabaret singer, the French teacher or, God forbid, the mayor himself? Yet, the methods of Inspector are more or less ridiculous, rather than efficient. After a series of funny and unexpected twists and turns, the Inspector tracks down the thief, who turns out to be none other than Doctor Velizar Kardushev, his landlord, whom the Inspector had all along taken into his confidence. All the time the millions had been stashed under the mattress of the Inspector's bed. So far, so good! But suddenly the new arrives that Kardushev's father has in meantime become a minister in the capital. At this point the Inspector faces a new trial: what to do with Kardushev, since he can take advantage of the cushy job in the capital which he can obtain with the assistance of the thief's father? And is it possible to become a hero with a minister's son as a robber?",https://www.imdb.com/title/tt0169635/?ref_=sr_i_928
929. Timocka buna,1983,1h 54m,,6.4,149,,"In 1883 Milan Obrenovic, arrogant and despotic king of Serbia, felt threatened by the militia segments of his army. In order to remove that threat he disbanded militia. However, people of Timok Valley decide not to surrender their arms to the regular troops. The movie was made for the 100th anniversary of the event.",https://www.imdb.com/title/tt0086444/?ref_=sr_i_929
930. Banker Margayya,1983,2h 25m,,8.4,41,,,https://www.imdb.com/title/tt0245748/?ref_=sr_i_930
931. Aparupa,1983,1h 35m,Not Rated,,,,"A newlywed must live apart from her spouse who works abroad. She helps a friend through a crisis, leading to family misunderstandings. After painful separations and revelations, the truth emerges and the couple reunites.",https://www.imdb.com/title/tt7613426/?ref_=sr_i_931
932. Wadda Khan,1983,,,,,,,https://www.imdb.com/title/tt11225574/?ref_=sr_i_932
933. Kavirathna Kaalidaasa,1983,3h 9m,,8.7,413,,"Sanskrit and upper-caste poet, Kalidas, faces many challenges after falling in love with a low-caste woman, and being entered into a competition against a learned princess.",https://www.imdb.com/title/tt0309764/?ref_=sr_i_933
934. California Girls,1983,1h 23m,,5.3,66,,"Disk jockey Mad Man Jack (AL MUSIC) needs to pump up his dwindling audiences at a local radio, and hits upon the idea of holding a competition to find California's most exciting girl. Jackie, Joyce and Chrissie are three young California girls hoping to gain a foothold in the acting profession, so they decide to perform nude in front of the window of the D.J. Thus, their paths cross, and a series of sports and stunts scenes follow, to the wild music themes: tennis, body-building, karate, flying, fish-driving, (sexy),car washing, foxy boxing, aerobics, motorcycle scrambling, baseball, wind surf, singing, roller-skating, Russian mountain gliding, wind-skating, hang-gliding, skating, cheer-leading, mud-wrestling, roller derby, and nude parachuting. Some of the skits are followed with mini interviews with the girls taking part in the events. It's immaterial who wins the competition - the California girls did, with their influence on radio music and film titles of the 1980s.",https://www.imdb.com/title/tt0230063/?ref_=sr_i_934
935. El arreglo,1983,1h 30m,,7.0,307,,"Luis is a righteous man who begins a struggle and a moral debate with his family, neighbors and close friends when a corrupt municipal official offers a very convenient ""arrangement"".",https://www.imdb.com/title/tt0085181/?ref_=sr_i_935
936. Truhanes,1983,1h 40m,,6.0,204,,A man of a certain social position falls in jail and request protection to a pickpocket and con man during his stay. On his release he promises to help his friend what then creates many problems.,https://www.imdb.com/title/tt0086482/?ref_=sr_i_936
937. Las vedettes,1983,,,4.9,14,,,https://www.imdb.com/title/tt0258281/?ref_=sr_i_937
938. Dot and the Bunny,1983,1h 21m,,6.7,142,,Dot promises a mother kangaroo that she will find her lost joey. An orphaned rabbit overhears this promise and pretends to be a kangaroo because he wants a mom. Dot and the rabbit travel through the Australian outback and learn a lot about different kinds of animals.,https://www.imdb.com/title/tt0087170/?ref_=sr_i_938
939. Return from Hell,1983,1h 32m,,6.7,91,,"Two men depend on each other for survival in the First World War, but something in their past might prevent them from getting along. Will they be able to put everything aside in order to survive?",https://www.imdb.com/title/tt0151069/?ref_=sr_i_939
940. Los extraterrestres,1983,1h 30m,,3.8,183,,"Alberto and Jorge are two friends who work as waiters and during a trip they meet an alien with extraordinary powers. He himself is wanted by a Russian organization, and the friends will have to hide him from it.",https://www.imdb.com/title/tt0183063/?ref_=sr_i_940
941. Dard-E-Dil,1983,,,6.8,28,,"Adopted by a gangster named Prem, young Govinda grows up a hoodlum and extortionist. His life changes when he falls for a courtesan named Reshma, throwing him into conflict with Prem and his goons. But Reshma herself must also make a choice when a wealthy man, Jamnadas, shows up claiming to be her father and will only permit her to move in with him after she agrees to not see Govinda ever again.",https://www.imdb.com/title/tt0377737/?ref_=sr_i_941
"942. Acapulco, prima spiaggia... a sinistra",1983,1h 28m,,5.3,341,,"Gigi and Andrea go to their favorite beach site to scope the field for babes. Their wild antics and schemes to ""beccare"" or get with woman is nothing but side splitting hilarity",https://www.imdb.com/title/tt0085134/?ref_=sr_i_942
943. Hockeyfeber,1983,1h 44m,,5.5,116,,"Following the Norwegian ice hockey club Manglerud/Star through their season with conflicts through wins and losses, when the get the Finnish National coach as new trainer.",https://www.imdb.com/title/tt0214770/?ref_=sr_i_943
944. Effraction,1983,1h 34m,,5.0,93,,"During a robbery that goes wrong, Valentin Tralande kills his accomplices and bank customers.",https://www.imdb.com/title/tt0085479/?ref_=sr_i_944
945. Bless Their Little Hearts,1983,1h 20m,,7.2,649,,A dramatic look into the life of a family in Watts.,https://www.imdb.com/title/tt0086977/?ref_=sr_i_945
946. Bonnie and Clyde Italian Style,1983,1h 37m,,5.6,623,,"Two stupid lowlifes are ""forced"" into a life of violent crime on the streets of Italy. What follows is a mocking takeoff of the American crime classic Bonnie and Clyde (1967).",https://www.imdb.com/title/tt0083676/?ref_=sr_i_946
"947. Kamikazi, agapi mou",1983,1h 38m,,6.0,972,,"A kind pipe-dreamer has hopes in pursuing his aspirations and marrying his sweetheart; however, a string of unforeseen situations will bring him back to square one. But, what good is a motorcycle when his love is in someone else's arms?",https://www.imdb.com/title/tt0206852/?ref_=sr_i_947
948. Diary 1973-1983,1983,5h 30m,,7.5,222,,"Shot over a ten-year period, Diary is not only the political, professional, and personal diary of a man, but is a testimony on the turbulent reality of a war-torn country, Israel. In six chapters, Perlov travels to Tel Aviv, Paris, London, and finally to Brazil, where he was born. The film is also a family diary in which Perlov records the coming of age of his two daughters, Yael and Naomi.",https://www.imdb.com/title/tt0179546/?ref_=sr_i_948
949. Jaani Dost,1983,2h 33m,Not Rated,6.0,115,,Two childhood friends face obstacles and challenges after they confront gangsters and each other.,https://www.imdb.com/title/tt0187176/?ref_=sr_i_949
950. Grain of Sand,1983,1h 30m,,6.4,41,,A middle-aged woman coping with an ungovernable present and holding out hopes of escaping to a more pleasant past. She leaves her current residence to retreat to her provincial French hometown.,https://www.imdb.com/title/tt0085618/?ref_=sr_i_950
951. Hei mei gui,1983,1h 29m,,5.1,22,,"A family gathering for the opening of a will, and the safe of a man, turns into a number of burglaries, murder, and extortion for the possession of the 4 keys and the 2 codes to open the safe.",https://www.imdb.com/title/tt1859500/?ref_=sr_i_951
952. Jealousy,1983,1h 35m,,,,,,https://www.imdb.com/title/tt0330490/?ref_=sr_i_952
953. Fellow Citizen,1983,48m,,6.3,317,,In this documentary a citizen is trying in a street of Tehran to control the traffic and not let people to break the law which cause them to react differently and lead to funny situations.,https://www.imdb.com/title/tt0085641/?ref_=sr_i_953
954. Dusty,1983,1h 28m,,6.6,140,,The story of a friendship between an older Australian man and his instinctively wild dog.,https://www.imdb.com/title/tt0083860/?ref_=sr_i_954
955. Thunderbirds,1983,1h 42m,,6.2,126,,"In the littered poor eighties, John lives quietly and confined, while René almost throws himself into reality. Still, the two young people become friends.",https://www.imdb.com/title/tt0123120/?ref_=sr_i_955
956. Funny Money,1983,1h 37m,,5.5,72,,"In Las Vegas young Barty Nicholls inadvertently steals a fortune from the Mob and is slashed to death by a limping hood. Later his girlfriend Cass arrives in London with a stack of stolen credit cards looking for Ben Turtle, famed as a credit card king who she needs as a partner in her credit card swindles. Thrown out of a West End hotel for stealing cards, the pair are soon muscled back in by two heavy Minders to sexually perform at a Mob party in front of Mr. Big. Ben and Cass check out with suit cases of Mafia cash then the real funny money begins to flow and the chase is on.",https://www.imdb.com/title/tt0083979/?ref_=sr_i_956
957. Prathigna,1983,,,5.9,37,,,https://www.imdb.com/title/tt0269724/?ref_=sr_i_957
958. Sahib Jee,1983,,,5.8,13,,,https://www.imdb.com/title/tt0493868/?ref_=sr_i_958
959. Lei tai,1983,1h 31m,,5.8,56,,A son must make a journey to Thailand to save his father after his dad is framed for a killing.,https://www.imdb.com/title/tt0085414/?ref_=sr_i_959
960. Çelik Mezar,1983,,,2.6,34,,The story of a taxi driver who accidentally ends up in a spy network.,https://www.imdb.com/title/tt0428071/?ref_=sr_i_960
"961. Jára Cimrman lezící, spící",1983,1h 21m,,7.9,1.2K,,"Czech comedy film about the fictional national hero Jára Cimrman (universal genius, inventor, sportsman, criminologist, poet, writer and philosopher).",https://www.imdb.com/title/tt0085748/?ref_=sr_i_961
"962. Los blues de la calle Pop (Aventuras de Felipe Malboro, volumen 8)",1983,1h 30m,,6.2,97,,"Private detective Felipe Malboro is hired by a woman to search for his missing boyfriend, Macho Jim, this will lead Malboro down a spiral of strange occurrences and betrayals in the sleazy Shit City.",https://www.imdb.com/title/tt0085257/?ref_=sr_i_962
963. Victòria! La gran aventura d'un poble,1983,2h 22m,,6.3,34,,"In the middle of the first world war, Barcelona is the center of multiple operations related to war, although Spain is a neutral country.",https://www.imdb.com/title/tt0086539/?ref_=sr_i_963
964. Eradu Nakshatragalu,1983,2h 15m,,8.6,100,,"A prince and a poor boy are doppelgangers. They get to meet each other, and fascinated by each other's lifestyle. They decide to switch places.",https://www.imdb.com/title/tt1416696/?ref_=sr_i_964
965. Return Engagement,1983,1h 30m,,7.5,49,,Documentary on the 1983 touring debate between Liddy and Leary.,https://www.imdb.com/title/tt0086188/?ref_=sr_i_965
966. A Slice of Life,1983,1h 40m,,5.6,39,,"A young man who has had an accidental vasectomy is besieged by a succession of beautiful, and very pregnant, women who claim that he is the father of their coming child.",https://www.imdb.com/title/tt0086321/?ref_=sr_i_966
967. A 20th Century Chocolate Cake,1983,1h 10m,,8.3,12,,"It's a Film Recipe for the Future. This bizarre comedy is an off-beat look at the absurdities of the 20th century - where dreams don't come true. Pick up a newspaper, turn on the TV or just look out the window. It's all there.",https://www.imdb.com/title/tt0085126/?ref_=sr_i_967
968. Agries plakes sta thrania,1983,1h 33m,,3.4,77,,A group of students has fun every day playing tricks.,https://www.imdb.com/title/tt0200416/?ref_=sr_i_968
969. Broken Marriage,1983,1h 46m,,8.1,90,,"A WORKING WIFE, A PRODUCTION ASSISTANT IN A TELEVISION NETWORK, AND A JOURNALIST SUCCUMB TO THE PRESSURES AND DEMANDS OF THEIR CAREERS AND GIVE UP ON THEIR MARRIAGE.",https://www.imdb.com/title/tt0185956/?ref_=sr_i_969
970. The Bund: Part 1,1983,1h 43m,,7.5,25,,,https://www.imdb.com/title/tt22538274/?ref_=sr_i_970
971. When the Mountains Tremble,1983,1h 23m,Not Rated,7.6,198,,"A documentary on the war between the Guatemalan military and the Mayan population, with firsthand accounts by Nobel Peace Prize winner Rigoberta Menchu.",https://www.imdb.com/title/tt0421089/?ref_=sr_i_971
972. Tight Quarters,1983,1h 25m,,7.0,180,,Csaba comes out of prison to see that his wife lives with another man. He agrees to divorce her but demands to get a room to continue living in their shared flat.,https://www.imdb.com/title/tt0085817/?ref_=sr_i_972
973. The Power of Emotion,1983,1h 55m,,6.7,192,,Anthology film in which different scenes are montaged side by side. Hannelore Hoger plays a central role as the accused. Numerous references to earlier Kluge films are hidden.,https://www.imdb.com/title/tt0085882/?ref_=sr_i_973
974. Njeriu i mirë,1983,1h 8m,,8.0,27,,,https://www.imdb.com/title/tt0295482/?ref_=sr_i_974
975. The Last Tiger,1983,1h 25m,,,,,Drama showcasing the plight of the Tigers in India.,https://www.imdb.com/title/tt3499052/?ref_=sr_i_975
976. Zadah tela,1983,1h 39m,,7.0,176,,"Man due to misunderstanding and hardslife, divorce with his wife and left the city. It comes in a new environment, meeting new people and new wife. Crucified between two worlds, does everything to bring her two sons on the way, and getting on with her life. Lost in that area, powerless to change much, he commits murder.",https://www.imdb.com/title/tt0086630/?ref_=sr_i_976
977. Am Ufer der Dämmerung,1983,1h 48m,,5.7,22,,"""On the Shore of Dusk"" - Star journalist Thomas Bongart learns that he will only be alive for a short time due to his cancer. His girlfriend Lena learns of the terrible diagnosis and decides that if he has to die, she wants to end her life together with him.",https://www.imdb.com/title/tt0083544/?ref_=sr_i_977
978. Manthrigari Viyyankudu,1983,2h 10m,,7.2,97,,"Mantri Gari Viyyankudu s a 1983 Telugu film released directed by Bapu and stars Chiranjeevi in the lead role and Poornima Jayaram, Nirmalamma and Allu Ramalingaiah in important roles",https://www.imdb.com/title/tt0155855/?ref_=sr_i_978
979. Carmen,1983,1h 49m,,7.9,15,,Spain 1820. It's meal time at the cigar factory. Carmen spends her break in the square. Close by is Don José cleaning his weapons.,https://www.imdb.com/title/tt0085298/?ref_=sr_i_979
"980. 1919, crónica del alba",1983,1h 30m,,6.4,109,,"In 1939, José Garcés is in French prison camp after the defeat of Spain's Republicans. To entertain and inspire his fellow prisoners, he tells the story of becoming a man in 1919, the year he realized that learning to live is the same as learning to die. His stiff and demanding father loses a fortune in German war bonds, takes a job in Caspe, and leaves José on his own in Zaragoza to finish high school while apprenticing in a pharmacy. José courts his beloved Valentina via letters, becomes intimate with Isabel, a maid he meets in a cinema who shares his ideas of free love, and comes under the influence of El Checa, an anarchist and gentle teacher who leads a doomed revolt.",https://www.imdb.com/title/tt0085123/?ref_=sr_i_980
981. Mujhe Insaaf Chahiye,1983,2h 13m,Not Rated,6.9,72,,"Malati (Rati Agnihotri), a young girl from a middle-class family meets Suresh Ray (Mithun Chakraborty), who is the son of a well-known lawyer Dayashankar Ray (Danny Denzongpa). After dating each other for some time, she finds that she is pregnant. When Suresh refuses to marry Malati, and she decides against aborting the baby, her parents throw her out and disown her. Left alone, she decides to take Suresh to court. She is supported in this fight by Shakuntala (Rekha), a lawyer who works for woman's rights, who also has an illegitimate daughter from Dayashankar Ray. The case gets much publicity and public support, and the judge rules in Malati's favor. At this point however, Malati refuses to marry Suresh and decides to raise the child on her own. In the meantime, Shakuntala dies of a heart attack, and Malati promises her to take care of her daughter, and carry on Shakuntala's work. Years later Suresh and his wife (Ranjeeta), now married for some years and still childless, run into Malati again. It turns out that she has been raising her son all by herself, and he has turned out to be a very talented and well-adjusted young and smart boy.",https://www.imdb.com/title/tt0260207/?ref_=sr_i_981
982. Init sa magdamag,1983,1h 40m,,7.5,24,,"About a woman who changes personality to please the man she's with, and about the man who brings her sexuality to full bloom.",https://www.imdb.com/title/tt0425130/?ref_=sr_i_982
"983. Plem, Plem - Die Schule brennt",1983,1h 20m,,3.0,66,,"The gymnasium is in chaos, but that should change soon, because three new teachers are already on their way. These three teachers, however, meet three madmen who have broken out of the asylum.",https://www.imdb.com/title/tt0086121/?ref_=sr_i_983
984. Sacanagem,1983,1h 21m,,,,,,https://www.imdb.com/title/tt0335389/?ref_=sr_i_984
985. Land of Plenty,1983,1h 46m,,6.7,97,,"Knud is a pig farmer, and he lives with his wife, Katrine, and their two young children. But life gets tough when the problems start to pile up at the pig farm and in their private life.",https://www.imdb.com/title/tt0126286/?ref_=sr_i_985
986. Schwarzfahrer,1983,1h 42m,,7.3,53,,Three drifters in West Berlin can barely keep their heads above water with small robberies and odd jobs. But then all their dreams come true when they rob a money transporter from East Berlin.,https://www.imdb.com/title/tt0086259/?ref_=sr_i_986
987. Main Awara Hoon,1983,2h 28m,Not Rated,5.5,68,,"Widowed Dinanath Kumar lives a poor lifestyle in Poona with two sons, Rajeev & Sanjeev; daughter, Payal; and widowed sister, Kalawanti. He has great hopes for Rajeev who he has got educated, but is very disappointed with Sanjeev, who works as a Garage Mechanic with Tahir Khan, and is always disruptive and in trouble. Matters rise to such an extend that the Police arrest Sanjeev for setting fire to the house of Premnath and nearly killing him. Dinanath begs Premnath to withdraw the charges, which he does as he fears that he may be charged for sexually assaulting Payal, and in this way Sanjeev is discharged. Rajeev will not have anything to do with Sanjeev, and asks him to leave the house, despite pleadings from Dinanath and Payal. Sanjeev leaves and re-locates to Bombay, where he initially finds work in a bakery run by Chandulal and his daughter, Bela. After Chandulal accuses him of molesting Bela, Sanjeev meets with Sahir Khan, and starts work as a Mechanic and a taxi-driver. Then one day, one of his passengers is none other than Rajeev. While both secretly acknowledge each other - they do not know that their paths are going to cross again - for both have fallen in love with the same woman - wealthy Archana Prasad - the only child of Ganga Prasad, Rajeev's employer.",https://www.imdb.com/title/tt0361869/?ref_=sr_i_987
988. Paanchwin Manzil,1983,2h 20m,,6.6,15,,"Withe the intention to murder Kavita, Raj reached her home but due to some circumstances he changed his mind. After Raj, left, Kavitas fiancee Dinesh found her in a pool of blood. Kavita breathed her last in the arms of Dinesh but not before she uttered ""Eleven in front and Eleven on the back"". Dinesh remembered the car No. MMZ 11 which he had seen leaivng Kavitas home. . The Police, after finding some cludes against Raj, want to arrest him. But Raj, with the help of her beloeved Meena, succeeded in dodging the police. . The Police was in search of Raj while Raj was trying to find out Dinesh and Dinesh was in lot pursuit of the owner of car No.MMZ 11. But when Raj, Dinesh and the owner of Car No.MMZ 11 met each other, such hidden secrets came on the surface that....?....?",https://www.imdb.com/title/tt2197176/?ref_=sr_i_988
"989. Somewhere, Sometime",1983,,,,,,The story of a woman in a foreign country who meets a mysterious stranger in whom she falls in love. But there is another woman in the background--and another man. Passion turns into fear and someone is killed. But who is the victim? An unusual love story about passion and crime.,https://www.imdb.com/title/tt0079932/?ref_=sr_i_989
990. Home Free All,1983,1h 32m,,7.0,27,,"Childhood friends Al and Barry become reacquainted through a chance meeting. Despite the different directions their lives have taken as adults, they share the same challenges, disillusionment, and joys that accompany modern life.",https://www.imdb.com/title/tt0087421/?ref_=sr_i_990
991. The Heiress,1983,3h,,,,,"A six-part collaborative film by women directors about women confronting family inheritance, relationships, and traditional female roles.",https://www.imdb.com/title/tt0083895/?ref_=sr_i_991
992. Bar Esperanza,1983,2h 7m,,7.2,372,,"A group of eccentric people gather at a popular bar in Ipanema, Rio de Janeiro, doomed to be closed to give way to the construction of a big building. Intellectuals, artists, and night-people in general join forces to try to stop its demolition. Among its customers are actress Ana; her intellectual-type husband Zeca, in crisis about his work for TV; artists, newspapermen, a female researcher, and a couple who's always quarreling only to be reconciled moments later.",https://www.imdb.com/title/tt0085216/?ref_=sr_i_992
993. Suffer Little Children,1983,1h 14m,,4.5,291,,A mute child arrives at a children's home and starts terrorizing the other children with her demonic powers.,https://www.imdb.com/title/tt0457148/?ref_=sr_i_993
994. Bajo la metralla,1983,1h 42m,,6.7,126,,"Pedro (Humberto Zurita) commands an guerrilla group. In a failed attack on a senior government official, the rebels abduct Pablo (Manuel Ojeda), who is Pedro's former party colleague. The guerrillas are besieged in a safe house and have to deliberate on the fate of Pablo.",https://www.imdb.com/title/tt0083381/?ref_=sr_i_994
995. 5 Pattern Dragon Claws,1983,1h 35m,,6.2,106,,"The Silver Fox batters untold men with his deadly Thunder Foot Technique and rules supreme in the martial world, until a young fighter develops the Lightning Mantis Strike.",https://www.imdb.com/title/tt0341503/?ref_=sr_i_995
996. Heads or Tails,1983,1h 46m,,6.3,80,,A village fella tries to make it big in the city.,https://www.imdb.com/title/tt0123880/?ref_=sr_i_996
997. Sweekar Kiya Maine,1983,2h 50m,,6.3,38,,"Gopika Sharma lives a middle-classed lifestyle along with her widowed mother in Bangalore. She expresses a desire to sing and is encouraged by her maternal uncle, Dubey, who takes her with him to Bombay along with her maid, Lajjo. Once there, they are molested and Dubey goes missing. They then attempt to find a decent place to live, and after many frustrations make an agreement with a single male, Kishankumar Shukla, who poses as Gopika's husband, and move into an apartment owned by Lala Dhaniram. Eventually both Kishankumar and Gopika fall in love and get married. Shortly after the marriage, Gopika finds out that Kishankumar is already married to Ujjain-based Radha, who is now deceased, has a daughter, Shashi, and decides to leave him. Kishankumar goes to Ujjain to meet Shashi and is informed that she is and his in-laws have passed away in an auto accident. He returns to Bombay, and finds that Gopika is ready to move in back with him provided he accepts her son from a previous relationship which she had not disclosed to him. Will Kishankumar accept her son?",https://www.imdb.com/title/tt0364688/?ref_=sr_i_997
998. El violador violado,1983,,,3.3,12,,,https://www.imdb.com/title/tt0086547/?ref_=sr_i_998
999. Hong Kong Playboys,1983,1h 39m,,5.7,84,,"Yan Quan Sheng aka Romantic Sheng (played by Fu Sheng), is a rich playboy who lives a carefree and fun life with the ladies, until his mother decides that he should look for a wife. He courts a actress and a rich heiress, but has competition from Lothario, Valentine and a TV actor. Along the way, Romantic Sheng must choose between remaining a playboy or settling down with his one true love.",https://www.imdb.com/title/tt0085698/?ref_=sr_i_999
1000. Slyozy kapali,1983,1h 24m,,7.8,939,,"A kind, cheerful man suddenly turns into a sullen, angry grumbler. All around begins to annoy him, and he mercilessly destroys his family, job, entire life. It was caused by an evil magic mirror, and only human tears can heal it.",https://www.imdb.com/title/tt0084696/?ref_=sr_i_1000
