Title,Year,Duration,MPA,Rating,Votes,meta_score,description,Movie Link
1. Ben-Hur,1959,3h 32m,G,8.1,274K,90,"A Jewish prince is betrayed and sent into slavery by a Roman friend in 1st-century Jerusalem, but it's not long before he regains his freedom and comes back for revenge.",https://www.imdb.com/title/tt0052618/?ref_=sr_i_1
2. Sleeping Beauty,1959,1h 15m,G,7.2,173K,85,"After being snubbed by the royal family, a malevolent fairy places a curse on a princess which only a prince can break, along with the help of three good fairies.",https://www.imdb.com/title/tt0053285/?ref_=sr_i_2
3. The World of Apu,1959,1h 45m,Not Rated,8.4,21K,,An orphaned young man in India pursues his dream of becoming a writer while navigating life's challenges and personal growth.,https://www.imdb.com/title/tt0052572/?ref_=sr_i_3
4. Hiroshima Mon Amour,1959,1h 30m,Not Rated,7.8,40K,,A French actress filming an anti-war film in Hiroshima has an affair with a married Japanese architect as they share their differing perspectives on war.,https://www.imdb.com/title/tt0052893/?ref_=sr_i_4
5. North by Northwest,1959,2h 16m,Approved,8.2,372K,98,"A New York City advertising executive goes on the run after being mistaken for a government agent by a group of foreign spies, and falls for a woman whose loyalties he begins to doubt.",https://www.imdb.com/title/tt0053125/?ref_=sr_i_5
6. The Law,1959,1h 54m,Not Rated,6.7,956,,The moral standards of a small Italian village fall to decay.,https://www.imdb.com/title/tt0051852/?ref_=sr_i_6
7. The Tiger of Eschnapur,1959,1h 41m,,6.6,3.6K,,"In Eschnapur, a local Maharajah and a German architect fall in love with the same temple dancer.",https://www.imdb.com/title/tt0052295/?ref_=sr_i_7
8. The Indian Tomb,1959,1h 42m,,6.6,3.3K,,"A German architect runs away with the maharajah of Eschnapur's fiancée but is caught and thrown in the dungeon, while his relatives arrive from Europe looking for him and the maharajah's brother is scheming to usurp the throne.",https://www.imdb.com/title/tt0052924/?ref_=sr_i_8
9. The 400 Blows,1959,1h 39m,Not Rated,8.0,136K,,"A young boy, left without attention, delves into a life of petty crime.",https://www.imdb.com/title/tt0053198/?ref_=sr_i_9
10. Some Like It Hot,1959,2h 1m,Approved,8.2,308K,98,"After two male musicians witness a mob hit, they flee the state in an all-female band disguised as women, but further complications set in.",https://www.imdb.com/title/tt0053291/?ref_=sr_i_10
11. Anatomy of a Murder,1959,2h 41m,Approved,8.0,79K,95,An upstate Michigan lawyer defends a soldier who claims he killed an innkeeper due to temporary insanity after the victim raped his wife. What is the truth and will he win his case?,https://www.imdb.com/title/tt0052561/?ref_=sr_i_11
12. Rio Bravo,1959,2h 21m,Approved,7.9,75K,93,"A small-town sheriff in the American West enlists the help of a disabled man, a drunk, and a young gunfighter in his efforts to hold in jail the brother of the local bad guy.",https://www.imdb.com/title/tt0053221/?ref_=sr_i_12
13. The Human Condition I: No Greater Love,1959,3h 28m,Not Rated,8.5,12K,,"A Japanese pacifist, unable to face the dire consequences of conscientious objection, is transformed by his attempts to compromise with the demands of war-time Japan.",https://www.imdb.com/title/tt0053114/?ref_=sr_i_13
14. House on Haunted Hill,1959,1h 15m,Approved,6.7,35K,,"Eccentric millionaire Frederick Loren invites five strangers to spend one night locked in a haunted old mansion on a dark and stormy night to earn $10,000 each. A twisted game of frights, suspicion and murder ensues.",https://www.imdb.com/title/tt0051744/?ref_=sr_i_14
15. Pickpocket,1959,1h 16m,Not Rated,7.5,28K,,"Michel passes the time by picking pockets, careful to never be caught despite being watched by the police. His friend Jacques may suspect, while both men may have their eyes on Jeanne, the pretty neighbor of Michel's ailing mother.",https://www.imdb.com/title/tt0053168/?ref_=sr_i_15
16. Black Orpheus,1959,1h 40m,PG,7.4,14K,81,"A retelling of the Orpheus and Eurydice myth, set during the time of the Carnaval in Rio de Janeiro.",https://www.imdb.com/title/tt0053146/?ref_=sr_i_16
17. The Young Philadelphians,1959,2h 16m,Approved,7.4,4.7K,,A promising lawyer tries to handle his social and professional problems while climbing the legal ladder in Philadelphia.,https://www.imdb.com/title/tt0053462/?ref_=sr_i_17
18. Pillow Talk,1959,1h 42m,Approved,7.4,21K,73,An interior decorator and a playboy songwriter share a telephone party line and size each other up.,https://www.imdb.com/title/tt0053172/?ref_=sr_i_18
19. On the Beach,1959,2h 14m,Approved,7.1,16K,55,"After a global nuclear war, the residents of Australia must come to terms with the fact that all life will be destroyed in a matter of months.",https://www.imdb.com/title/tt0053137/?ref_=sr_i_19
20. Imitation of Life,1959,2h 5m,Approved,7.8,20K,87,An aspiring white actress takes in an African American widow whose mixed-race daughter is desperate to be seen as white.,https://www.imdb.com/title/tt0052918/?ref_=sr_i_20
21. The Human Condition II: Road to Eternity,1959,3h 1m,Not Rated,8.5,9.4K,,"As a conscript in war-time Japan's military, a pacifist struggles to maintain his determination to keep his ideals.",https://www.imdb.com/title/tt0053115/?ref_=sr_i_21
"22. Suddenly, Last Summer",1959,1h 54m,Approved,7.4,19K,54,A surgeon is assigned the case of a young woman whose aunt wants her lobotomized to cover up a family secret.,https://www.imdb.com/title/tt0053318/?ref_=sr_i_22
23. Journey to the Center of the Earth,1959,2h 9m,Approved,7.0,22K,,An Edinburgh professor and assorted colleagues follow an explorer's trail down an extinct Icelandic volcano to the earth's center.,https://www.imdb.com/title/tt0052948/?ref_=sr_i_23
24. The Tingler,1959,1h 22m,Approved,6.6,11K,,An obsessed pathologist discovers and captures a parasitic creature that grows when fear grips its host.,https://www.imdb.com/title/tt0053363/?ref_=sr_i_24
25. Solomon and Sheba,1959,2h 21m,Approved,6.2,4.5K,,"After becoming king of ancient Israel, Solomon faces threats coming from his jealous dispossessed brother Adonijah, the Egyptian Pharaoh and the scheming Queen of Sheba.",https://www.imdb.com/title/tt0053290/?ref_=sr_i_25
26. The Bridge,1959,1h 43m,Not Rated,7.9,9.5K,,"In 1945, Germany is being overrun, and nobody is left to fight but teenagers.",https://www.imdb.com/title/tt0052654/?ref_=sr_i_26
27. Ballad of a Soldier,1959,1h 28m,Not Rated,8.2,12K,,"Young Russian soldier Alyosha earns a medal, but asks to visit his mother instead. His journey recounts various kinds of love during wartime.",https://www.imdb.com/title/tt0052600/?ref_=sr_i_27
28. The Nun's Story,1959,2h 29m,Approved,7.5,13K,78,"After leaving a wealthy Belgian family to become a nun, Sister Luke struggles with her devotion to her vows during crisis, disappointment, and World War II.",https://www.imdb.com/title/tt0053131/?ref_=sr_i_28
29. The Bat,1959,1h 20m,Approved,6.1,7.2K,,"A crazed killer known as ""The Bat"" is on the loose in a mansion full of people.",https://www.imdb.com/title/tt0052602/?ref_=sr_i_29
30. Ride Lonesome,1959,1h 13m,Approved,7.1,7.7K,,"A bounty hunter escorts a killer to be tried for murder, with the killer's brother after them.",https://www.imdb.com/title/tt0053220/?ref_=sr_i_30
31. A Summer Place,1959,2h 10m,Approved,6.9,4.4K,,A self-made businessman rekindles a romance with a former flame while their two teenage children begin a romance of their own with drastic consequences for both couples.,https://www.imdb.com/title/tt0053320/?ref_=sr_i_31
32. Nazarin,1959,1h 34m,Not Rated,7.7,7.1K,,"A priest in a poor community lives a charitable life in accordance with his religious principles, but many others do not return the favor.",https://www.imdb.com/title/tt0051983/?ref_=sr_i_32
33. The Mummy,1959,1h 28m,Unrated,6.6,13K,62,"In 1895, British archaeologists find and open the tomb of Egyptian Princess Ananka with nefarious consequences.",https://www.imdb.com/title/tt0053085/?ref_=sr_i_33
34. The Horse Soldiers,1959,2h,Approved,7.1,13K,,"In 1863, a Union outfit is sent behind Confederate lines in Mississippi to destroy enemy railroads but a captive southern belle and the unit's doctor cause frictions within ranks.",https://www.imdb.com/title/tt0052902/?ref_=sr_i_34
35. Porgy and Bess,1959,2h 18m,Approved,6.9,2.1K,77,A woman whose past is scorned by nearly everyone around her meets a man who'd love her regardlessly - if only everyone else would allow them to.,https://www.imdb.com/title/tt0053182/?ref_=sr_i_35
36. Horrors of the Black Museum,1959,1h 33m,Approved,5.9,2.1K,,"A frustrated thriller writer wants accurate crimes for his next book, and he hypnotizes his assistant to make him commit the required crimes.",https://www.imdb.com/title/tt0052901/?ref_=sr_i_36
37. Odds Against Tomorrow,1959,1h 36m,Approved,7.4,6.5K,,"In need of quick money, a fallen former cop recruits a hard-bitten ex-con and a debt-ridden nightclub singer to pull off a bank job. But as the animosity between them boils over, the entire plan threatens to implode.",https://www.imdb.com/title/tt0053133/?ref_=sr_i_37
38. The Great War,1959,2h 17m,Approved,8.1,5.1K,,The Italian Army fought against the Austrians during World War I.,https://www.imdb.com/title/tt0052861/?ref_=sr_i_38
39. The Alligator People,1959,1h 14m,Approved,5.6,2.9K,,A woman in a hypnotic state recounts to two doctors the details of a horrific experience from her past life that began with the mysterious and sudden disappearance of her husband.,https://www.imdb.com/title/tt0052549/?ref_=sr_i_39
40. Floating Weeds,1959,1h 59m,Not Rated,7.9,9.9K,,"The head of a Japanese theatre troupe returns to a small coastal town where he left a son who thinks he is his uncle, and tries to make up for the lost time, but his current mistress grows jealous.",https://www.imdb.com/title/tt0053390/?ref_=sr_i_40
41. General Della Rovere,1959,2h 9m,Not Rated,7.7,4.2K,,"Bardone, a petty con man, is arrested by the Gestapo and coerced into impersonating a partisan leader in order to expose another resistance organizer.",https://www.imdb.com/title/tt0053856/?ref_=sr_i_41
42. The Gene Krupa Story,1959,1h 41m,Approved,6.7,847,,"Biopic of famous jazz drummer, Gene Krupa, who becomes a sensation but cannot handle success and life in the fast lane and ends-up broke, struggling with drugs and alcohol.",https://www.imdb.com/title/tt0052840/?ref_=sr_i_42
43. The Giant of Marathon,1959,1h 30m,Approved,5.1,1.2K,,A Greek soldier leads the fight against an invading Persian army.,https://www.imdb.com/title/tt0052604/?ref_=sr_i_43
44. The Chasers,1959,1h 34m,,7.3,535,,"Two men attracted to the same woman are attending a trip with her in the Mountains during the bird hunting season. A triangular love drama ending with tragedy. Or is it, really?",https://www.imdb.com/title/tt0052939/?ref_=sr_i_44
45. Compulsion,1959,1h 43m,Approved,7.4,8.7K,,Two wealthy law-school students go on trial for murder in this version of the Leopold-Loeb case.,https://www.imdb.com/title/tt0052700/?ref_=sr_i_45
46. Darby O'Gill and the Little People,1959,1h 33m,G,7.1,10K,80,A wily old codger matches wits with the King of the Leprechauns and helps play matchmaker for his daughter and the strapping lad who has replaced him as caretaker.,https://www.imdb.com/title/tt0052722/?ref_=sr_i_46
47. The Hound of the Baskervilles,1959,1h 27m,Approved,6.9,14K,,"When a nobleman is threatened by a family curse on his newly inherited estate, detective Sherlock Holmes is hired to investigate.",https://www.imdb.com/title/tt0052905/?ref_=sr_i_47
48. The Shaggy Dog,1959,1h 44m,Approved,6.4,6.2K,45,A teenage boy is cursed with periodically turning into a sheepdog.,https://www.imdb.com/title/tt0053271/?ref_=sr_i_48
49. The Mouse That Roared,1959,1h 23m,Approved,6.9,10K,,"A tiny, impoverished European nation declares war on the United States of America, planning to lose in order to collect post-war compensation, but things don't go according to plan.",https://www.imdb.com/title/tt0053084/?ref_=sr_i_49
50. A Bucket of Blood,1959,1h 6m,Approved,6.7,9.1K,,"A dimwitted busboy at a beatnik cafe passes off a cat he accidentally killed and covered in plaster as a sculpture, prompting a demand for more art that compels him to commit murders.",https://www.imdb.com/title/tt0052655/?ref_=sr_i_50
51. The Wasp Woman,1959,1h 3m,Approved,4.8,6.2K,,"The head of a major cosmetics company experiments on herself with a youth formula made from royal jelly extracted from wasps, but the formula's side effects have deadly consequences.",https://www.imdb.com/title/tt0054462/?ref_=sr_i_51
52. The Manster,1959,1h 13m,Not Rated,5.3,2K,,"An American journalist who is stationed in Japan is given a mysterious injection by a mad scientist, turning him into a murderous two-headed monster.",https://www.imdb.com/title/tt0055139/?ref_=sr_i_52
53. Sapphire,1959,1h 32m,Approved,7.2,3.1K,,The murder of a young woman in London exposes deep racial tensions and prejudices inherent in the area.,https://www.imdb.com/title/tt0053242/?ref_=sr_i_53
54. The Devil's Disciple,1959,1h 23m,Approved,6.9,3.3K,,The black sheep of a family and the local minister discover their true vocations during the Revolutionary War.,https://www.imdb.com/title/tt0052735/?ref_=sr_i_54
55. The Five Pennies,1959,1h 57m,Approved,7.1,2.4K,,"Danny Kaye cuts loose with his trademark musical clowning; Louis ""Satchmo"" Armstrong plays his horn and croons in that famed gargling-granite voice; and Big Band icons Bob Crosby, Ray Anthony, and Shelly Manne join the fun.",https://www.imdb.com/title/tt0052809/?ref_=sr_i_55
56. Night Train,1959,1h 39m,,7.7,4.1K,,"Jerzy enters a train set for the Baltic coast. He seems to be on the run from something, as does the strange woman with whom he must share a sleeping compartment.",https://www.imdb.com/title/tt0053176/?ref_=sr_i_56
57. The Destiny of a Man,1959,1h 43m,,7.9,4.3K,,"A Soviet soldier, Andrei Sokolov, has been separated from his family by World War II. Suffering in German captivity, he dreams of meeting his darlings after the victory. But cruel fate turned out otherwise.",https://www.imdb.com/title/tt0053317/?ref_=sr_i_57
58. The Stranglers of Bombay,1959,1h 20m,Approved,6.2,1.5K,,"In the 1830s, a captain in the East India Company lobbies to investigate the criminal Thugee Cult of Kali, an organized crime group of stranglers and thieves.",https://www.imdb.com/title/tt0054346/?ref_=sr_i_58
59. The Widower,1959,1h 31m,,7.2,1.8K,,"A mediocre businessman who's married to a much more successful businesswoman relies heavily on her financial support for his bad business ideas, and to pay off his mounting debt, but both of them have had enough of each other.",https://www.imdb.com/title/tt0131097/?ref_=sr_i_59
60. Invisible Invaders,1959,1h 7m,Approved,5.0,2.2K,,A scientist uses high frequency to halt marching zombies in business suits.,https://www.imdb.com/title/tt0052929/?ref_=sr_i_60
61. Cuban Rebel Girls,1959,1h 8m,Not Rated,3.3,367,,"Errol Flynn , playing himself as a war correspondent, helps Fidel Castro overthrow Cuban dictator Fulgencio Batista . The film was shot, with Castro's cooperation, while he was still fighting Batista.",https://www.imdb.com/title/tt0052717/?ref_=sr_i_61
62. Sujata,1959,2h 41m,,7.5,452,,"A high caste Brahmin household adopts an orphaned lower caste girl, but when a young man from their caste wishes to marry her without knowing her lineage, caste differences flare up again.",https://www.imdb.com/title/tt0053319/?ref_=sr_i_62
63. Between Heaven and Earth,1959,1h 24m,,7.5,598,,"The film revolves around a group of people stuck in the elevator are waiting for the help, but they discovered that the group include a thief and a crazy man.",https://www.imdb.com/title/tt0358987/?ref_=sr_i_63
64. Operation Petticoat,1959,2h 4m,Approved,7.2,18K,,"During World War II, a lieutenant commander finds himself saddled with a decrepit pink-colored submarine, a con man executive officer, and a gaggle of army nurses making life aboard difficult for everyone.",https://www.imdb.com/title/tt0053143/?ref_=sr_i_64
65. The Sound and the Fury,1959,1h 50m,Approved,6.2,1.1K,,"Drama focusing on a family of Southern aristocrats who are trying to deal with the dissolution of their clan and the loss of its reputation, faith, fortunes, and respect.",https://www.imdb.com/title/tt0053298/?ref_=sr_i_65
66. Gidget,1959,1h 35m,Approved,6.6,4.4K,,A young girl discovers surfing and love (in that order) during one transitive summer.,https://www.imdb.com/title/tt0052847/?ref_=sr_i_66
67. No Name on the Bullet,1959,1h 17m,Approved,7.2,3.7K,,"A hired gun rides into a small town to kill someone. Townsfolk know a gunman's going to kill someone, but they don't know who his intended victim will be.",https://www.imdb.com/title/tt0052002/?ref_=sr_i_67
68. The Diary of Anne Frank,1959,3h,Approved,7.4,15K,59,"During World War II, a teenage Jewish girl named Anne Frank and her family are forced into hiding in the Nazi-occupied Netherlands.",https://www.imdb.com/title/tt0052738/?ref_=sr_i_68
69. They Came to Cordura,1959,2h 3m,Approved,6.4,2.7K,,"An army major, himself guilty of cowardice, is asked to recommend soldiers for the Congressional Medal of Honor during the Mexican border incursion of 1916.",https://www.imdb.com/title/tt0053351/?ref_=sr_i_69
70. Last Train from Gun Hill,1959,1h 35m,Approved,7.3,10K,,"A marshal tries to bring the son of an old friend, an autocratic cattle baron, to justice for his role in the rape and murder of the marshal's Native American wife.",https://www.imdb.com/title/tt0052993/?ref_=sr_i_70
71. The Cosmic Man,1959,1h 12m,Approved,4.9,838,,A spherical UFO proves to contain one alien visitor. How to deal with him? Investigators disagree...,https://www.imdb.com/title/tt0052702/?ref_=sr_i_71
72. Warlock,1959,2h 1m,Approved,7.1,7.9K,,"A famous gunman becomes the marshal of Warlock to end a gang's rampages, but is met with some opposition by a former gang member turned deputy sheriff who wants to follow only legal methods.",https://www.imdb.com/title/tt0053434/?ref_=sr_i_72
73. Look Back in Anger,1959,1h 38m,Approved,7.0,4.8K,69,"A disillusioned, angry university graduate comes to terms with his grudge against middle-class life and values.",https://www.imdb.com/title/tt0051879/?ref_=sr_i_73
74. The FBI Story,1959,2h 29m,Approved,6.5,4.3K,,"A dedicated FBI agent recalls the agency's battles against the Klan, organized crime and Communist spies.",https://www.imdb.com/title/tt0052792/?ref_=sr_i_74
75. Edge of Eternity,1959,1h 20m,Approved,6.5,1.5K,,"In the 1950s, Arizona Deputy Sheriff Les Martin is pressured by his community to solve a string of mysterious murders around a mining ghost town in the Grand Canyon.",https://www.imdb.com/title/tt0052771/?ref_=sr_i_75
76. Our Man in Havana,1959,1h 51m,Approved,7.1,6.9K,,"Expatriate vacuum cleaner salesman Jim Wormold agrees to work as an agent, and to recruit new agents, for the British Secret Service in Cuba, but he soon realizes that his deceptive ways are going to get him in trouble.",https://www.imdb.com/title/tt0054152/?ref_=sr_i_76
77. The Rookie,1959,1h 24m,Approved,4.3,128,,"Pvt. Thomas Noonan and Sgt. Pete Marshall are both vying for the hand of Lili Marlene. After World War II ends, the three of them get stranded on a remote island. Two Japanese sailors, unaware that the war has ended, arrive on the island.",https://www.imdb.com/title/tt0053224/?ref_=sr_i_77
78. Li'l Abner,1959,1h 54m,Approved,6.7,1.6K,,"As Sadie Hawkins Day approaches, Daisy Mae hopes to win the hand of Li'l Abner by catching him in the traditional race.",https://www.imdb.com/title/tt0053001/?ref_=sr_i_78
79. The Hanging Tree,1959,1h 47m,Approved,7.1,5.6K,,"Unusual western about a doctor with a dark past, whose life is complicated and ultimately redeemed by a young thief, and a pretty Swiss immigrant whom he nurses back to health.",https://www.imdb.com/title/tt0052876/?ref_=sr_i_79
80. The 39 Steps,1959,1h 33m,Approved,6.6,2.7K,,"In London, a diplomat accidentally becomes involved in the death of a British agent who's after a spy ring that covets British military secrets.",https://www.imdb.com/title/tt0053354/?ref_=sr_i_80
81. Day of the Outlaw,1959,1h 32m,Approved,7.3,5.1K,,"Blaise Starrett is a rancher at odds with homesteaders when outlaws hold up the small town. The outlaws are held in check only by their notorious leader, but he is diagnosed with a fatal wound and the town is a powder keg waiting to blow.",https://www.imdb.com/title/tt0052724/?ref_=sr_i_81
82. Yellowstone Kelly,1959,1h 31m,Approved,6.6,1.5K,,"In 1870s, in the Sioux territory south of the Missouri, trapper and Indian scout Luther 'Yellowstone' Kelly is hired by the army at Fort Buford but runs into trouble with the Sioux.",https://www.imdb.com/title/tt0053457/?ref_=sr_i_82
83. Alias Jesse James,1959,1h 32m,Approved,6.4,1.8K,,"Outlaw T.J. ""Jesse"" James tries to kill insurance agent Milford Farnsworth, who's been mistaken for Jesse, in order to collect on a $100,000 life insurance policy.",https://www.imdb.com/title/tt0052545/?ref_=sr_i_83
84. I'm All Right Jack,1959,1h 45m,Approved,7.1,4.9K,,"A naive, dimwitted young man of aristocratic background in search of a career becomes caught up in the struggles between his profit-minded uncle and an aggressive labor union.",https://www.imdb.com/title/tt0052911/?ref_=sr_i_84
85. First Man Into Space,1959,1h 17m,Approved,5.4,2.1K,,"The first pilot to leave Earth's atmosphere lands, then vanishes; but something with a craving for blood prowls the countryside...",https://www.imdb.com/title/tt0052805/?ref_=sr_i_85
86. Good Morning,1959,1h 34m,Not Rated,7.8,13K,87,Two boys begin a silence strike and stop speaking to press their parents into buying them a new television set.,https://www.imdb.com/title/tt0053134/?ref_=sr_i_86
87. Tiger Bay,1959,1h 45m,Approved,7.4,3.7K,,"A Polish seaman kills a young woman in Wales, then abducts the witness.",https://www.imdb.com/title/tt0053361/?ref_=sr_i_87
88. The Killer Shrews,1959,1h 9m,Approved,4.2,6.2K,,"On an isolated island, a small group of people is attacked by hungry large shrews during a hurricane.",https://www.imdb.com/title/tt0052969/?ref_=sr_i_88
89. Pork Chop Hill,1959,1h 37m,Approved,7.0,5.9K,,"During the Korean War peace talks in Panmunjom, U.S. troops fight and die trying to retake a worthless hill from the Communist Chinese forces.",https://www.imdb.com/title/tt0053183/?ref_=sr_i_89
90. Curse of the Undead,1959,1h 19m,Approved,6.0,1.8K,,"While a malady is claiming the lives of young women in a Western town, a sinister gunslinger-for-hire Drake Robey is really a vampire, and it's up to Preacher Dan to save the town and girlfriend Dolores Carter.",https://www.imdb.com/title/tt0052718/?ref_=sr_i_90
91. I Spit on Your Grave,1959,1h 50m,,5.5,334,,"After the lynching death of his black brother in Memphis, a light-skinned African-American, heads to a small Southern town, where he draws the attention of a heiress, and learns that the place is as racist as his hometown.",https://www.imdb.com/title/tt0052937/?ref_=sr_i_91
92. North West Frontier,1959,2h 9m,Not Rated,7.1,3.5K,,"Set on the North West Frontier of colonial India in 1905. A British Army Officer, Captain Scott is sent to rescue a five-year-old Indian Prince and his American governess, Catherine Wyatt from certain death at the hands of rebel tribesman.",https://www.imdb.com/title/tt0053126/?ref_=sr_i_92
93. Beloved Infidel,1959,2h 3m,Approved,6.1,1.3K,,"Toward the end of his life, F. Scott Fitzgerald is writing for Hollywood studios to be able to afford the cost of an asylum for his wife. He is also struggling against alcoholism. Into his life comes the famous gossip columnist Sheilah Graham",https://www.imdb.com/title/tt0052617/?ref_=sr_i_93
94. Honeymoon,1959,1h 49m,,6.2,227,,"Australian farmer Kit Kelly, his wife Anna, help stranded motorist Antonio, a famous dancer. Antonio tries persuading Anna to join his dance company after learning her past.",https://www.imdb.com/title/tt0053023/?ref_=sr_i_94
95. Return of the Fly,1959,1h 20m,Approved,5.7,5.8K,,"Philippe Delambre, the now-adult son of ""The Fly"", does some transportation experimentation of his own.",https://www.imdb.com/title/tt0053219/?ref_=sr_i_95
96. SOS Pacific,1959,1h 32m,,6.3,510,,"Due to an accident, a seaplane operated by a small airline company ditches off an island in the Pacific and the surviving passengers must find a way to be rescued.",https://www.imdb.com/title/tt0053234/?ref_=sr_i_96
97. The Best of Everything,1959,2h 1m,Approved,6.6,2.7K,,An exposé of the lives and loves of Madison Avenue working girls and their higher-ups.,https://www.imdb.com/title/tt0052619/?ref_=sr_i_97
98. The Angry Red Planet,1959,1h 23m,Approved,5.3,4.4K,,Two survivors from a Mars mission return to Earth.,https://www.imdb.com/title/tt0052564/?ref_=sr_i_98
99. Carry on Nurse,1959,1h 26m,Approved,6.2,3.6K,,"An idiosyncratic group of patients wreak havoc in the men's surgical ward of Haven Hospital. They decide to take their revenge on the frosty Matron, and there is even a spot of DIY surgery!",https://www.imdb.com/title/tt0051452/?ref_=sr_i_99
100. Three Crooked Men,1959,1h 11m,,5.4,116,,Three criminals decide to rob a bank by drilling through the party wall from the general store next door. The store owner is already going through a personal crisis.,https://www.imdb.com/title/tt0052292/?ref_=sr_i_100
101. A Hole in the Head,1959,2h,Approved,6.2,3.3K,,"Widower Tony is trying to keep a small Miami hotel afloat while raising a 12-year-old son. He's forced to ask his harried brother Mario for help, but he'll only bail Tony out if he quits his bohemian lifestyle and marries a sensible woman.",https://www.imdb.com/title/tt0052896/?ref_=sr_i_101
"102. The World, the Flesh and the Devil",1959,1h 35m,Approved,6.8,4.1K,,"A miner trapped in a cave-in resurfaces, and upon discovering mankind has been wiped out in a nuclear holocaust, sets out to find other survivors.",https://www.imdb.com/title/tt0053454/?ref_=sr_i_102
103. Fires on the Plain,1959,1h 48m,Not Rated,7.9,6K,,"In the closing days of WWII, remnants of the Japanese army in Leyte are abandoned by their command and face certain death by starvation.",https://www.imdb.com/title/tt0053121/?ref_=sr_i_103
104. Attack of the Giant Leeches,1959,1h 2m,Approved,3.8,5.4K,,"A backwoods game warden and a local doctor discover that giant leeches are responsible for disappearances and deaths in a local swamp, but the local police don't believe them.",https://www.imdb.com/title/tt0053611/?ref_=sr_i_104
105. Up Periscope,1959,1h 52m,Approved,6.4,2.4K,,"In 1942, Navy Lieutenant Kenneth Braden from the underwater demolition team is sent to a Japanese island to photograph secret radio codes.",https://www.imdb.com/title/tt0053399/?ref_=sr_i_105
106. Teenagers from Outer Space,1959,1h 26m,Approved,3.9,4.2K,,A young alien and a teenage earthling fall in love and plot to stop the alien race from using Earth as a food-breeding ground for giant lobsters from their planet.,https://www.imdb.com/title/tt0053337/?ref_=sr_i_106
107. Mr. Teas and His Playthings,1959,1h 8m,R,4.5,1.2K,,A door to door salesman of dentist's appliances encounters beautiful well-endowed nude women everywhere he goes.,https://www.imdb.com/title/tt0052920/?ref_=sr_i_107
108. It Happened to Jane,1959,1h 37m,Approved,6.6,3.4K,,"Jane Osgood runs a lobster business which supports her two young children. Railroad staff inattention ruins her shipment, so with her lawyer George, Jane sues Harry Foster Malone, director of the line and the ""meanest man in the world"".",https://www.imdb.com/title/tt0052933/?ref_=sr_i_108
109. The Wreck of the Mary Deare,1959,1h 45m,Approved,6.7,3.2K,,"A disgraced merchant marine officer elects to stay aboard his sinking cargo ship in order to prove the vessel was deliberately scuttled and, as a result, vindicate his good name.",https://www.imdb.com/title/tt0053455/?ref_=sr_i_109
110. The Atomic Submarine,1959,1h 12m,Approved,5.1,2.3K,,"Ships mysteriously disappear on their routes across the Arctic route across the Arctic Sea, and a specially-equipped submarine is sent to investigate.",https://www.imdb.com/title/tt0052587/?ref_=sr_i_110
111. Middle of the Night,1959,1h 58m,Approved,7.2,2K,,"A widowed businessman becomes obsessed with one of his employees, the divorcée Betty Preisser.",https://www.imdb.com/title/tt0053065/?ref_=sr_i_111
112. The Naked Venus,1959,1h 15m,Not Rated,5.1,200,,"A young American painter and his French wife move with their small daughter to the US when the husband's father dies. His mother takes an instant dislike to the wife, and when she finds out that her daughter-in-law is a nudist who once posed naked for an artist, she declares her son's wife to be an unfit mother and sets out to break up the marriage--which may not be difficult to do, as the son is a weak-willed ""mama's boy"" who's terrified to stand up against his domineering mother.",https://www.imdb.com/title/tt0144415/?ref_=sr_i_112
113. The Man Who Could Cheat Death,1959,1h 23m,Approved,6.3,3K,,"A centenarian artist and scientist, in 1890 Paris, maintains his youth and health by periodically replacing a gland with that of a living person.",https://www.imdb.com/title/tt0053041/?ref_=sr_i_113
114. Violent Summer,1959,1h 38m,,7.3,2.2K,,"Summer 1943: The war is in full swing in southern Italy. Together with friends, Carlo enjoys a carefree summer in youthful naïveté. He falls in love with Roberta, whose husband was killed in the war.",https://www.imdb.com/title/tt0052786/?ref_=sr_i_114
115. Stars,1959,1h 31m,,7.4,746,,The tragic love of a Jewish girl and a Nazi officer is presented as a symbol of human purity defeated by fascism and racial prejudice.,https://www.imdb.com/title/tt0053306/?ref_=sr_i_115
116. The Last Days of Pompeii,1959,1h 43m,Approved,5.6,1.5K,,"A demobilized centurion returns home to Pompeii to find his father murdered by a gang of black-hooded Christian robbers who terrorizes the city, and he decides to investigate the matter while the nearby volcano threatens to erupt.",https://www.imdb.com/title/tt0054422/?ref_=sr_i_116
117. Jack the Ripper,1959,1h 24m,Approved,6.1,1.2K,,A serial killer is murdering women in the Whitechapel district of London. An American policeman is brought in to help Scotland Yard solve the case.,https://www.imdb.com/title/tt0053961/?ref_=sr_i_117
118. The Gunfight at Dodge City,1959,1h 21m,Approved,6.2,1.3K,,"After his brother the sheriff is murdered, Bat Masterson is elected to the job and is determined to find the killer and make Dodge City safe.",https://www.imdb.com/title/tt0051688/?ref_=sr_i_118
119. Hercules Unchained,1959,1h 45m,G,4.6,2.6K,,"While negotiating peace between two brothers contesting the throne of Thebes, an amnesiac Hercules is seduced by the evil Queen Omphale.",https://www.imdb.com/title/tt0052782/?ref_=sr_i_119
120. The Big Night,1959,1h 35m,,7.1,836,,"In Rome, small-time thieves Scinttilone and Ruggeretto steal four rifles and catch prostitutes Anna and Supplizia on the street to mislead the police. They seek the jobber Mosciarella, but he is at a funeral and gives them no attention. But Gino ""Bellabella"" overhears them and offers to deal the merchandise with another contact. He fails and the whores present a deaf-mute acquaintance who lives on the outskirts of Rome to buy the guns; the prostitute Nicoletta who was with the man returns to Rome with the quintet. When the youngsters propose to have sex in the middle of nowhere, the prostitutes believe that they intend to leave them there. Scinttilone, Ruggeretto, and Bellabella sneak out to the car and leave the women in the countryside. Later they discover that the women stole their money. They seek them out on the streets and fight against another gang. However, when the police arrive, the six youngsters leave the place together and head to the house of one of them, and Ruggeretto falls for the host's sister. However, Bellabella steals the host's bountiful wallet and Ruggeretto fights him to get the wallet and return it to the host. While they are fighting, Scinttilone flees with the wallet to the house of his girlfriend Rossana. Ruggeretto chases Scinttilone along a night of alienation, illusions, and adventures.",https://www.imdb.com/title/tt0051469/?ref_=sr_i_120
121. The Wild Women of Wongo,1959,1h 12m,Approved,2.4,1.5K,,"Men, women and apes live together as three different tribes on the tropical island of Wongo. When the tribes discover that they live together on the island, ape-men start planning a raid on the tribe in order to capture mates.",https://www.imdb.com/title/tt0052394/?ref_=sr_i_121
122. Come Dance with Me!,1959,1h 31m,,6.3,906,,"Handsome dentist Herve Dandieu, temporarily separated from his new, delectable wife Virginie by a lovers' tiff, is picked up by sexy dance teacher Anita Flores...object blackmail. Sensing trouble, Virginie follows him to the dance school, only to find him circumstantially incriminated in murder. Soon, the school has a gorgeous new instructress, whose slightly scatterbrained attempts to clear her husband confuse both police and suspects...and bring potential danger.",https://www.imdb.com/title/tt0053428/?ref_=sr_i_122
123. The Ghost of Yotsuya,1959,1h 16m,,7.0,2.3K,,The ghost of a samurai's wife takes revenge on her husband.,https://www.imdb.com/title/tt0155278/?ref_=sr_i_123
124. The Giant Gila Monster,1959,1h 14m,Approved,3.8,4.8K,,A giant Gila monster terrorizes a rural Texas community and a heroic teenager tries to kill it.,https://www.imdb.com/title/tt0052846/?ref_=sr_i_124
125. Hannibal,1959,1h 43m,Approved,5.2,1.3K,,"During the Second Punic War in 218 BC, Carthaginian general Hannibal attacks the Roman Republic by crossing the Pyrenees and the Alps with his vast army.",https://www.imdb.com/title/tt0053891/?ref_=sr_i_125
126. Paper Flowers,1959,2h 28m,Unrated,7.8,3.2K,,"Suresh Sinha, a famous director, discovers star potential in Shanti, a woman he stumbled into one rainy evening, and casts her as the lead in a film. In a twist of fate, Shanti becomes a superstar and Suresh faces a decline in his career.",https://www.imdb.com/title/tt0052954/?ref_=sr_i_126
127. The St. Louis Bank Robbery,1959,1h 29m,Not Rated,5.8,1.9K,,A gang's plans for a St. Louis bank robbery are complicated when the sister of one of the thieves starts voicing her well-founded suspicions.,https://www.imdb.com/title/tt0052862/?ref_=sr_i_127
128. Tarzan's Greatest Adventure,1959,1h 28m,Approved,6.4,1.6K,,"Four British villains raid a settlement to obtain explosives for use in a diamond mine. In doing so, they nearly destroy the settlement, and so Tarzan pursues them to their mine.",https://www.imdb.com/title/tt0053334/?ref_=sr_i_128
129. Never So Few,1959,2h 5m,Approved,5.8,3.8K,,"During WW2, the American OSS mounts covert operations with the native Kachin against the Japanese army in the jungles of Burma.",https://www.imdb.com/title/tt0053108/?ref_=sr_i_129
130. Revenge of the Virgins,1959,53m,,3.8,446,,"When white settlers start to move in on their sacred grounds, a tribe of female Indians vow to do anything they can to stop them.",https://www.imdb.com/title/tt0178864/?ref_=sr_i_130
131. The Young Captives,1959,1h 1m,Approved,5.5,108,,Gripping melodrama about newlyweds involved with a psychopathic killer who holds them captive.,https://www.imdb.com/title/tt0053460/?ref_=sr_i_131
132. The Wonderful Country,1959,1h 38m,Approved,6.1,2.6K,,A honorable drifter constantly on the run finds his enemies closing in around him.,https://www.imdb.com/title/tt0053453/?ref_=sr_i_132
133. Forbidden Island,1959,1h 6m,Approved,6.0,83,,A skindiver tries to recover sunken treasure before a group of thieves learn of its existence.,https://www.imdb.com/title/tt0052818/?ref_=sr_i_133
134. Count Your Blessings,1959,1h 42m,Approved,5.0,443,,"Grace hastily marries a French aristocrat during World War II, but is separated from him by circumstances for nearly nine years.",https://www.imdb.com/title/tt0052706/?ref_=sr_i_134
135. Web of Passion,1959,1h 50m,Not Rated,6.6,1.6K,,"A wealthy wine grower has trouble with his wife, his children, his best friend, and his mistress across the way, who is murdered.",https://www.imdb.com/title/tt0053473/?ref_=sr_i_135
136. Third Man on the Mountain,1959,1h 47m,G,7.0,1.5K,,A boy attempts to realize his father's dream of climbing an alpine peak known as the Citadel.,https://www.imdb.com/title/tt0053352/?ref_=sr_i_136
137. Battle Beyond the Sun,1959,1h 17m,,4.3,1.4K,,Two countries race to have the first successful landing on Mars.,https://www.imdb.com/title/tt0053103/?ref_=sr_i_137
138. Al Capone,1959,1h 44m,Approved,6.7,2.2K,,A chronicle of the rise and fall of Chicago crime boss Al Capone during the Prohibition era.,https://www.imdb.com/title/tt0052543/?ref_=sr_i_138
139. Good Day for a Hanging,1959,1h 25m,Approved,6.3,1.1K,,"After claiming his daughter's childhood-sweetheart killed the marshal, one man finds himself in conflict with his daughter, his fiancée and many of the townsfolk.",https://www.imdb.com/title/tt0051673/?ref_=sr_i_139
140. Carry on Teacher,1959,1h 26m,,6.2,3K,,"Pupils run amok at Maudlin Street School in an attempt to hang on to their headmaster. He has applied for a new job, but the students like him and don't want to lose him.",https://www.imdb.com/title/tt0052676/?ref_=sr_i_140
141. The Rabbit Trap,1959,1h 12m,Approved,6.4,281,,"Job or family? The perennial conflict is depicted in this drama about a draftsman able to free himself from the job for a very overdue family vacation, who is threatened with the sack if he doesn't return to work mid-holiday.",https://www.imdb.com/title/tt0053203/?ref_=sr_i_141
142. Jazz on a Summer's Day,1959,1h 28m,Not Rated,7.9,2.2K,,The highlights of the 1958 Newport Jazz Festival.,https://www.imdb.com/title/tt0052942/?ref_=sr_i_142
143. The Giant Behemoth,1959,1h 20m,Approved,5.7,3.4K,,Marine atomic tests cause changes in the ocean's ecosystem resulting in dangerous blobs of radiation and the resurrection of a dormant dinosaur that threatens London.,https://www.imdb.com/title/tt0052611/?ref_=sr_i_143
144. Shake Hands with the Devil,1959,1h 51m,Approved,7.0,1.8K,,"In 1921, an American medical student of Irish descent finds himself involved in the Irish War of Independence. In addition, his professor is a leader in the IRA.",https://www.imdb.com/title/tt0053272/?ref_=sr_i_144
145. The Facts of Murder,1959,1h 55m,,7.4,1.9K,,A police detective and his team attempt to solve two crimes committed within a day of each other in neighboring apartment rooms.,https://www.imdb.com/title/tt0053039/?ref_=sr_i_145
146. The Scapegoat,1959,1h 31m,Approved,6.8,2.8K,,"An English schoolteacher meets his lookalike, a French count, and unwillingly swaps identities with him.",https://www.imdb.com/title/tt0053247/?ref_=sr_i_146
147. Dangerous Liaisons,1959,1h 46m,,6.8,1.7K,,"Juliette Merteuil and Valmont is a sophisticated couple, always looking for fun and excitement. Both have sexual affairs with others and share their experiences with one another. But there is one rule: never fall in love. But this time Valmont falls madly in love with a girl he meets at a ski resort, Marianne.",https://www.imdb.com/title/tt0053002/?ref_=sr_i_147
148. Santa Claus,1959,1h 34m,G,2.8,5.4K,,"With Merlin's aid, Santa Claus must defeat the evil machinations of the devil Pitch to ruin Christmas.",https://www.imdb.com/title/tt0053241/?ref_=sr_i_148
149. 4D Man,1959,1h 25m,Approved,5.8,2.5K,,"A scientist discovers a formula enabling him to pass through solid surfaces, but he also rapidly ages, which forces him to kill humans in order to reverse the aging process by absorbing his victims' energies.",https://www.imdb.com/title/tt0052530/?ref_=sr_i_149
150. The Louisiana Hussy,1959,1h 25m,Approved,5.3,161,,"Cajun newlyweds must deal with the jealousy of the bridegroom's brother, who also loves the bride, and the arrival of a mysterious seductress in their bayou backwater.",https://www.imdb.com/title/tt0122159/?ref_=sr_i_150
151. The Monster of Piedras Blancas,1959,1h 11m,Approved,5.3,1.3K,,"A monster that looks like a snarling ""Creature from the Black Lagoon"" reject invades a sleepy seaside town. The lighthouse keeper, widowed and estranged from the townsfolk, has been secretly leaving food out for the monster for years, unaware of its bloodlust. When the monster's appetite outstrips the keeper's ability to serve it, bloodless decapitated corpses start to appear.",https://www.imdb.com/title/tt0051947/?ref_=sr_i_151
152. Gangster Story,1959,1h 5m,Not Rated,4.7,734,,Hoodlum Jack Martin is on the lam and robs a small town bank which brings the local cops and local crime boss into the mix.,https://www.imdb.com/title/tt0053850/?ref_=sr_i_152
153. The Trap,1959,1h 24m,Approved,6.6,830,,"In a remote Californian desert town, a lawyer arranges for a wanted mobster to skip the country via a small airstrip but the local sheriff and his deputy could pose a problem.",https://www.imdb.com/title/tt0053374/?ref_=sr_i_153
154. Head Against the Wall,1959,1h 35m,,7.0,851,,"In order to get rid of his troublesome son François, Maître Gérane manages to have him committed to a mental hospital owned by Dr. Varmont, a supporter of traditional treatments, in constant conflict with Dr. Emery, whose therapy takes the psychology of patients into account. François soon makes friends with Heurtevent, a sweet epileptic, and both decide to escape from the place. Their attempt is a failure and Heurtevent, unable to get over what he considers a return to hell, commits suicide. But rebellious François tries again and this time around he is successful. He finds shelter at his friend Stephanie's home...",https://www.imdb.com/title/tt0052328/?ref_=sr_i_154
155. The Crimson Kimono,1959,1h 22m,Approved,6.8,3.7K,,"Two detectives seek a stripper's killer in the Japanese quarter of Los Angeles, but a love triangle threatens their friendship.",https://www.imdb.com/title/tt0052713/?ref_=sr_i_155
156. Witness in the City,1959,1h 29m,,7.0,1.2K,,"Seeking vengeance on his wife's former lover and assassin, a man sets in motion a string of killings.",https://www.imdb.com/title/tt0052571/?ref_=sr_i_156
157. The Last Angry Man,1959,1h 40m,Approved,6.8,1.2K,,An aspiring journalist's story of his aged uncle doctor leads to the uncle's life being profiled on TV.,https://www.imdb.com/title/tt0052990/?ref_=sr_i_157
158. So angelt man keinen Mann,1959,1h 37m,,5.1,23,,,https://www.imdb.com/title/tt0053288/?ref_=sr_i_158
159. Beast from Haunted Cave,1959,1h 6m,Approved,4.4,2.5K,,"A group of gold thieves pull of a heist and flee into the snowy wilderness, only to be pursued by a horrible, spider-like monster.",https://www.imdb.com/title/tt0052609/?ref_=sr_i_159
160. The Cousins,1959,1h 52m,Not Rated,7.2,3.6K,,"A pair of cousins share a flat, but animosity begins to build between the two when a woman gets involved.",https://www.imdb.com/title/tt0052708/?ref_=sr_i_160
161. The Mating Game,1959,1h 36m,Approved,6.9,2K,,An uptight IRS agent is ordered to investigate a rural family in debt to the government...but the family - including lovely daughter Mariette - help him loosen up.,https://www.imdb.com/title/tt0053054/?ref_=sr_i_161
162. The Head,1959,1h 37m,,5.3,959,,A scientist invents a serum that keeps a dog's head alive after its body dies.,https://www.imdb.com/title/tt0053095/?ref_=sr_i_162
163. The Hangman,1959,1h 27m,Approved,6.6,1.4K,,"U.S. Marshal Bovard comes to a small border town to identify and arrest a fugitive, but the whole town seems determined to prevent the Marshal from doing his job.",https://www.imdb.com/title/tt0052877/?ref_=sr_i_163
164. Yesterday's Enemy,1959,1h 35m,Approved,7.1,1.5K,,"During the Japanese invasion of Burma, a British Army brigade led by the ruthless Captain Alan Langford escapes through the jungle and takes over an enemy-held village where he cold-bloodedly seeks information.",https://www.imdb.com/title/tt0053458/?ref_=sr_i_164
165. Lajwanti,1959,2h,Not Rated,7.4,65,,"Having been unjustly accused of having an affair, a dutiful and loving wife is thrown out of the house by her husband and forced to abandon her baby. When mother and child are eventually reunited, the mother faces an uphill struggle to regain the love of her daughter.",https://www.imdb.com/title/tt0051842/?ref_=sr_i_165
166. Island of Lost Women,1959,1h 11m,Approved,5.1,363,,A plane makes an emergency landing on a jungle island inhabited by a scientist and his three nubile young daughters. Complications ensue.,https://www.imdb.com/title/tt0052932/?ref_=sr_i_166
167. Man in a Cocked Hat,1959,1h 28m,TV-PG,6.2,968,,A former British colony in dire need of economic aid tries to play the British against the Soviets in an attempt to secure economic aid from either side in return for political loyalty.,https://www.imdb.com/title/tt0053044/?ref_=sr_i_167
168. Libel,1959,1h 40m,Approved,7.1,1.8K,,A shell-shocked World War II veteran with memory problems is accused of being an impostor by a former comrade.,https://www.imdb.com/title/tt0053003/?ref_=sr_i_168
169. High School Big Shot,1959,1h 10m,Approved,3.5,1.1K,,"Marv needs money for his girlfriend Betty; thanks to his mob ties, he knows where to find $1 million in cash.",https://www.imdb.com/title/tt0052891/?ref_=sr_i_169
170. City of Fear,1959,1h 21m,Approved,6.4,1.9K,,A vicious killer escapes from San Quentin with a canister of what he believes to be heroin but is actually a radioactive substance that threatens all Los Angeles.,https://www.imdb.com/title/tt0052696/?ref_=sr_i_170
171. Battle in Outer Space,1959,1h 30m,Approved,5.6,1.9K,,The nations of the Earth unite in a common cause to fight off an invader from outer space.,https://www.imdb.com/title/tt0053388/?ref_=sr_i_171
172. Operation Amsterdam,1959,1h 44m,Not Rated,6.5,1K,,"After Germany invades Holland in 1940, a British intelligence officer and two Dutch diamond merchants go to Amsterdam to persuade the Dutch diamond merchants to evacuate their diamond supplies to England.",https://www.imdb.com/title/tt0053140/?ref_=sr_i_172
173. Date with Death,1959,1h 24m,,5.9,146,,"A Hobo thrown off a train assumes the identity of a big-city police detective, found by him dead, and is assigned to rid an isolated desert town of big-time racketeers.",https://www.imdb.com/title/tt0124336/?ref_=sr_i_173
174. Terror in the Midnight Sun,1959,55m,,3.8,1.4K,,"Aliens release a huge furry monster into the wilderness of Lapland, where it takes a woman captive and threatens a group of scientists.",https://www.imdb.com/title/tt0053232/?ref_=sr_i_174
175. Chance Meeting,1959,1h 35m,Approved,6.7,1.1K,,"In 1950s London, Dutch painter Jan Van Rooyen has an affair with a rich married Frenchwoman who is supposedly murdered, resulting in Van Rooyen becoming Scotland Yard's prime suspect.",https://www.imdb.com/title/tt0052634/?ref_=sr_i_175
176. Upstairs and Downstairs,1959,1h 41m,Not Rated,6.2,474,,"When a young man marries the boss' daughter, the young couple must now do the company entertaining. But getting good help is not easy, so they go through a procession of strange and stranger servants.",https://www.imdb.com/title/tt0052780/?ref_=sr_i_176
177. Green Mansions,1959,1h 44m,Approved,5.3,2.9K,,A young man in the jungles of Venezuela meets a strange girl of the forest and falls in love with her.,https://www.imdb.com/title/tt0052864/?ref_=sr_i_177
178. Too Many Crooks,1959,1h 25m,Not Rated,6.9,1.4K,76,"In this spoof on crime films, four would-be criminals manage to botch every job they plan. When they try to rob wealthy Billy Gordon (Terry-Thomas) they fail again. But the gang decides to kidnap his daughter.",https://www.imdb.com/title/tt0052301/?ref_=sr_i_178
179. Have Rocket -- Will Travel,1959,1h 16m,Approved,5.6,1.1K,,"The 3 Stooges are cleaners at a spaceport when they accidentally take off and land on Venus. The boys encounter a talking unicorn, a giant fire breathing tarantula and an alien computer that creates three evil duplicates of the Stooges.",https://www.imdb.com/title/tt0052880/?ref_=sr_i_179
180. The Cow and I,1959,1h 58m,TV-PG,7.1,1.9K,,"In 1942, a French prisoner of war in Germany decides to escape to France using a cow held by a lunge as a decoy. He crosses all Germany in this way.",https://www.imdb.com/title/tt0053403/?ref_=sr_i_180
181. Blue Denim,1959,1h 29m,Approved,6.6,710,,"Fairly typical 1950s teenagers Arthur Bartley and Janet Willard find their lives turned upside-down after Janet becomes pregnant. Arthur is desperate to tell his parents of the predicament he and Janet are in, but when he can't manage to, he arranges for Janet to have an abortion. The internal turmoil that this causes him finally forces him to tell his father, who races to save Janet from the backroom abortionist.",https://www.imdb.com/title/tt0052639/?ref_=sr_i_181
182. The Oregon Trail,1959,1h 26m,Approved,5.2,563,,"In 1846, a newspaperman joins an Oregon Trail wagon train to verify rumors about the U.S. government sending troops disguised as settlers in order to claim Oregon.",https://www.imdb.com/title/tt0053145/?ref_=sr_i_182
183. Ten Seconds to Hell,1959,1h 33m,Approved,6.5,1.4K,,"After 1945, six German ex-soldiers are hired to defuse unexploded Allied bombs in the ruins of Berlin.",https://www.imdb.com/title/tt0053341/?ref_=sr_i_183
184. The Journey,1959,2h 6m,Approved,6.8,2K,,"A British woman trying to escape Hungary with her freedom fighter lover and a group of Westerners, as the Soviet Union moves to crush the Hungarian Revolution of 1956, finds herself the obsession of an enigmatic Communist officer.",https://www.imdb.com/title/tt0052950/?ref_=sr_i_184
185. The Miracle,1959,2h 1m,Approved,5.9,534,,"In Napoleonic Spain, a young postulant flees her convent to follow a British soldier. As she encounters the wonders and perils of the world, a divine miracle occurs back at the cloister to protect her identity and her secret vows.",https://www.imdb.com/title/tt0053069/?ref_=sr_i_185
186. The Gazebo,1959,1h 40m,Approved,6.8,2.4K,,TV writer Elliott Nash buries something under the new gazebo in his suburban backyard. But the nervous man can't let it rest there.,https://www.imdb.com/title/tt0052837/?ref_=sr_i_186
187. The Big Circus,1959,1h 49m,Approved,6.2,927,,"A circus owner tries to keep his financially troubled circus on the road, despite the efforts of a murderous saboteur who has decided that the show must not go on.",https://www.imdb.com/title/tt0052626/?ref_=sr_i_187
188. The 30 Foot Bride of Candy Rock,1959,1h 13m,Approved,5.4,1K,,"In one of his rare performances without Bud Abbott, Lou Costello plays a rubbish collector and inventor. When radiation in a nearby cave turns his girlfriend into a giantess, antics ensue as he tries to shrink her using one of his inventions.",https://www.imdb.com/title/tt0052529/?ref_=sr_i_188
189. Maigret and the St. Fiacre Case,1959,1h 41m,,7.0,1.9K,,"The Countess de Saint-Fiacre, having received a terrible anonymous letter predicting her imminent death, summons Commissioner Maigret in the hope that he can protect her and save her from a secret ill-wisher.",https://www.imdb.com/title/tt0053033/?ref_=sr_i_189
190. Ups and Downs,1959,1h 48m,,7.0,494,,It is the story of a sportsman who is a little bit dumber than most people but nevertheless he succeeds in getting a job at a sports article saler's. Having this job is the beginning of a lot of funny problems he causes due to his dumbness.,https://www.imdb.com/title/tt0052255/?ref_=sr_i_190
191. Bhai-Bahen,1959,2h 16m,,5.6,12,,"Soni Rai lives a wealthy lifestyle in India with her businessman dad, Kedarnath and mom, Geeta, and longs for a brother, who she can tie a Raakhi on. She meets with the lollipop seller, Ramu, a street urchin, decides to make him her brother, and invites him to her house on Raksabandhan. When a delighted Ramu arrives there with a gift for Soni, this angers Kedarnath, and he has his servant remove Ramu from the premise. Shortly thereafter, Soni is abducted and held for a ransom of one Lakh rupees. Kedarnath, together with the Police, to go deliver the money, but are unable to meet with anyone. The kidnappers contact Kedarnath, admonish him for involving the Police, ask him to re-deliver the money, which Kedarnath agrees to do so. The money is delivered, but Soni is not released, and an additional demand is made for two Lakh rupees. The question remains, will the abductors ever release Soni alive, and who is behind this kidnapping?",https://www.imdb.com/title/tt0388768/?ref_=sr_i_191
192. Das Totenschiff,1959,1h 37m,,6.8,565,,"Sailor Philip Gale misses his ship and then realizes that his papers have disappeared. Now nameless and without identity, he realizes that without a passport he is no longer a person and has no rights.",https://www.imdb.com/title/tt0053369/?ref_=sr_i_192
193. The Chaplin Revue,1959,1h 59m,G,7.7,1.8K,,Three Charlie Chaplin short films edited together with new connective tissue.,https://www.imdb.com/title/tt0050243/?ref_=sr_i_193
194. The Beat Generation,1959,1h 35m,Approved,5.4,516,,A detective is assigned to track down and capture a crazed serial rapist.,https://www.imdb.com/title/tt0052610/?ref_=sr_i_194
195. Web of Evidence,1959,1h 30m,Approved,6.3,369,,A British-American returns to Britain after 20 years to discover that his father has been jailed since WW2 for a murder that took place in murky circumstances.,https://www.imdb.com/title/tt0052623/?ref_=sr_i_195
196. It Started with a Kiss,1959,1h 44m,Approved,6.0,1.2K,,A U.S. sergeant serving in Spain creates envy among his Air Force superiors and the Spanish locals after his brand-new futuristic sports car and pretty wife arrive at the base.,https://www.imdb.com/title/tt0052934/?ref_=sr_i_196
197. The Young Land,1959,1h 29m,Approved,5.5,448,,An American gunslinger kills a Mexican man in California immediately after the Mexican-American war. The killer is arrested and put on trial for murder with the Hispanic population waiting to learn of American justice.,https://www.imdb.com/title/tt0053461/?ref_=sr_i_197
198. Two Men in Manhattan,1959,1h 24m,Not Rated,6.6,2.5K,,"A French UN delegate has disappeared into thin air, sending reporter Moreau and hard drinking photographer Delmas on an assignment to find him. Their only lead is a picture of three women.",https://www.imdb.com/title/tt0052733/?ref_=sr_i_198
199. Duelo en la cañada,1959,1h 28m,,5.8,51,,"In1890 Andalusia, a Cuban singer is torn between an abusive ex-lover and a wholesome new love who is willing to marry her. He doesn't know she is wanted for murder.",https://www.imdb.com/title/tt0052764/?ref_=sr_i_199
200. The Key,1959,1h 47m,,6.8,1.1K,,A man getting on in years sets out to find a way to resurrect his flagging virility.,https://www.imdb.com/title/tt0052957/?ref_=sr_i_200
201. Fever Mounts at El Pao,1959,1h 37m,,6.8,1.5K,,"After a Caribbean despot's murder, two men compete for his widow Ines on Ojeda, a prison island. When a hardliner takes power and targets his rival, bureaucrat Vazquez seeks support from locals and inmates to remove him.",https://www.imdb.com/title/tt0052810/?ref_=sr_i_201
"202. Tarzan, the Ape Man",1959,1h 22m,G,3.8,462,,An English colonel's daughter meets the lord of the jungle who makes her his mate.,https://www.imdb.com/title/tt0053335/?ref_=sr_i_202
203. Marie-Octobre,1959,1h 30m,,7.5,1.6K,,"Fifteen years after WWII, a group of ex-resistance fighters are brought together by Marie-Octobre, so that the former members of the network can finally relive one fateful night and find out who betrayed their murdered leader, Castille.",https://www.imdb.com/title/tt0053050/?ref_=sr_i_203
204. Battle of the Coral Sea,1959,1h 26m,Approved,5.6,991,,In 1942 submarine commander Jeff Conway secretly photographs Japanese aircraft carriers in the Coral Sea but his submarine is damaged and he's forced to surrender.,https://www.imdb.com/title/tt0052606/?ref_=sr_i_204
205. Ask Any Girl,1959,1h 38m,Approved,6.5,997,,A salesgirl falls for the younger of two brothers who run a company. The elder falls for her but plans to help her get his brother because he doesn't know he's in love.,https://www.imdb.com/title/tt0052583/?ref_=sr_i_205
206. Prince of Space,1959,57m,,2.4,3.2K,,"When an alien force tries to invade Earth to steal a powerful new rocket fuel, a mysterious hero intervenes.",https://www.imdb.com/title/tt0053464/?ref_=sr_i_206
207. Face of the Frog,1959,1h 29m,,6.3,1.6K,,Scotland Yard and an American playboy investigate a criminal gang led by a mysterious man in a frog-like mask.,https://www.imdb.com/title/tt0052829/?ref_=sr_i_207
208. But Not for Me,1959,1h 51m,Approved,6.3,628,,"Without a new play and money, a 55-year-old Broadway producer retires, but only then does his 22-year-old secretary tell him that she loves him. He decides to make that a scene in a new play and get her to write it, then play the role.",https://www.imdb.com/title/tt0052662/?ref_=sr_i_208
209. The Nightingale's Prayer,1959,1h 49m,,8.1,2.2K,,"This compelling tale of love and betrayal, set in the upper Egyptian countryside, follows the story of Amna as she plots her revenge on the engineer who destroyed her family's honor.",https://www.imdb.com/title/tt0231477/?ref_=sr_i_209
210. These Thousand Hills,1959,1h 36m,Approved,6.3,837,,"An ambitious cowboy will stop at nothing to get what he wants, including using the affections of two women.",https://www.imdb.com/title/tt0053350/?ref_=sr_i_210
211. The Ghost of Yotsuya,1959,1h 24m,,6.8,251,,"Kenji MISUMI's YOTSUYA KWAIDAN is presumed to be the first colored film version of the famous play. Deviating heavily from the original source, Fuji YAHIRO depicts cold blooded protagonist Iemon as a tragic hero. The ""righteous revenge"" for his ruthlessly murdered wife leads to the redemption of her evil spirit. The visionary finale is without a question the apex of this underrated masterpiece.",https://www.imdb.com/title/tt0202141/?ref_=sr_i_211
212. The Blue Angel,1959,1h 47m,Approved,6.1,390,,"During the 1950s in a small German town, high school Professor Immanuel Rath falls in love with a young cabaret entertainer, with dramatic consequences.",https://www.imdb.com/title/tt0052638/?ref_=sr_i_212
213. That Kind of Woman,1959,1h 32m,Approved,6.1,779,,"In 1944, on a Miami to New York train, two paratroopers on furlough meet and fall in love with two 'kept women' who are on their way to meet their 'sugar-daddies'.",https://www.imdb.com/title/tt0053349/?ref_=sr_i_213
214. Teenage Zombies,1959,1h 13m,Approved,3.0,1.4K,,A female mad scientist uses nerve gas to turn local teenagers into her unquestioning zombie slaves.,https://www.imdb.com/title/tt0051064/?ref_=sr_i_214
215. Jet Storm,1959,1h 28m,,6.5,696,,"A grieving father boards a plane, threatening to detonate a bomb unless the man responsible for his daughter's death is found. The film follows the various passengers and their personal storylines as the tense situation unfolds mid-flight.",https://www.imdb.com/title/tt0052944/?ref_=sr_i_215
216. Breakout,1959,1h 41m,,6.8,850,,"In 1943, an Italian-administered P.O.W. camp for captured Allies goes through a series of failed escapes only to culminate in a daring plan for a dramatic mass escape.",https://www.imdb.com/title/tt0052648/?ref_=sr_i_216
217. Terror Is a Man,1959,1h 30m,Approved,5.3,981,,A mad scientist transforms a panther into a man-like creature that escapes and goes on a murderous rampage.,https://www.imdb.com/title/tt0053344/?ref_=sr_i_217
218. Hidden Homicide,1959,1h 21m,Approved,5.5,167,,"A man wakes up in a strange location with a gun in his hand and a dead body, not knowing how the whole thing happened. He doesn't remember anything about the whole scenario.",https://www.imdb.com/title/tt0051718/?ref_=sr_i_218
219. John Paul Jones,1959,2h 6m,Approved,6.3,1.5K,,The career of Revolutionary War naval hero from his youth in Scotland through his service to Catherine the Great of Russia.,https://www.imdb.com/title/tt0052946/?ref_=sr_i_219
220. The Black Pit of Dr. M,1959,1h 11m,Approved,6.8,914,,Two doctors make a pact in which they swear that the first to die will return - if possible - to tell the other how to get a glimpse of the afterlife while still alive.,https://www.imdb.com/title/tt0051937/?ref_=sr_i_220
221. The Angry Hills,1959,1h 45m,Approved,5.7,1.3K,,"In 1941, the Greek resistance entrusts an American journalist with a secret Greek double-agent list that must reach London and not fall into German hands.",https://www.imdb.com/title/tt0052563/?ref_=sr_i_221
222. Uncle Was a Vampire,1959,1h 25m,,5.0,452,,"A baron down on his luck has to sell his family castle to pay off his mounting debt. After the castle is turned into a hotel, he's hired as a bellboy. But all is not lost, as he discovers he has a rich uncle; unfortunately, he's a vampire.",https://www.imdb.com/title/tt0053340/?ref_=sr_i_222
"223. Caltiki, the Immortal Monster",1959,1h 17m,Approved,5.9,1.9K,,"A team of archaeologists in Mexico encounter an amorphous, blob-like monster that appears to be connected with the collapse of the Mayan civilization.",https://www.imdb.com/title/tt0052667/?ref_=sr_i_223
224. The Wild and the Innocent,1959,1h 24m,Approved,6.4,1.1K,,"In Wyoming, mountain trapper Yancey goes to the nearest town to trade his pelts but gets into trouble after he tries to save runaway dance hall girl Rosalie from her shameful job.",https://www.imdb.com/title/tt0053445/?ref_=sr_i_224
225. Night of the Ghouls,1959,1h 9m,Approved,3.6,2.8K,,A phony spiritualist raises the dead.,https://www.imdb.com/title/tt0156843/?ref_=sr_i_225
226. Career,1959,1h 45m,Approved,6.8,773,,"More than anything in the world, Sam Lawson wants to be a successful actor. Is he willing to sacrifice his wife, happiness and personal reputation to achieve his goal?",https://www.imdb.com/title/tt0052673/?ref_=sr_i_226
227. Anari,1959,2h 46m,,7.6,1K,,"A poor young man gets employed by a rich man admiring his honesty. But when he gets suspected in a lady's murder case, he need to prove his innocence.",https://www.imdb.com/title/tt0052560/?ref_=sr_i_227
228. Gigantis: The Fire Monster,1959,1h 18m,Approved,4.2,274,,A prehistoric monster called Gigantis emerges alongside another creature named Angurus.,https://www.imdb.com/title/tt9247554/?ref_=sr_i_228
229. Señoritas,1959,1h 30m,,5.9,17,,A timely earthquake in Mexico City solves the love problems of four beautiful women.,https://www.imdb.com/title/tt0242874/?ref_=sr_i_229
230. Woman Obsessed,1959,1h 43m,Approved,5.9,504,,"On a farm in the Canadian North-West, a young widow becomes the source of a jealous rivalry between her little son and her new husband.",https://www.imdb.com/title/tt0053450/?ref_=sr_i_230
231. Say One for Me,1959,2h,Approved,5.5,398,,"Father Conroy (Crosby) has a parish which serves the acting and performance community. When one of his parishoners gets too sick to work, his daughter Holly (Reynolds) finds a job working for a dance club of questionable character, which is run by Tony Vincent (Wagner). Vincent never made the big time, and Father Conroy tries to look after Holly. There are many musical numbers, and the conclusion is a televised benefit show hosted by Father Conroy, and Tony must choose between Holly and national fame.",https://www.imdb.com/title/tt0053245/?ref_=sr_i_231
232. Model for Murder,1959,1h 13m,,5.7,260,,"An American officer, searching England for his dead brother's girlfriend, becomes involved in a jewel robbery.",https://www.imdb.com/title/tt0051940/?ref_=sr_i_232
233. Thunder in the Sun,1959,1h 21m,Approved,5.5,558,,"1850 adventure story of the Basque immigrants on their way to California, their struggle with the Indians, and the development of a complicated love triangle.",https://www.imdb.com/title/tt0053359/?ref_=sr_i_233
234. The Bloody Brood,1959,1h 20m,Unrated,5.1,528,,Two beatniks get their kicks by dealing drugs and violence.,https://www.imdb.com/title/tt0052637/?ref_=sr_i_234
235. The Wayward Girl,1959,1h 35m,Not Rated,6.5,852,,"Young Gerd, played by Liv Ullmann, falls for a boy. His family disapproves of her 'loose' reputation. They flee to a cabin, encountering a man who challenges their bond.",https://www.imdb.com/title/tt0053437/?ref_=sr_i_235
236. La sentence,1959,1h 19m,,6.4,50,,"July 1944. A German colonel who has committed terrible crimes against the population has been killed by a group of the French Resistance.Four members of the Resistance, two men and two women have been arrested and imprisoned in the basement of the ""Kommandantur"" in a beach of Normandy.They will be executed within an hour.So they begin to think how to escape from this basement.",https://www.imdb.com/title/tt0053266/?ref_=sr_i_236
237. Le Bossu,1959,1h 45m,,6.9,1.8K,,"Prince Philippe de Gonzague decides to get rid of his cousin Duke de Nevers, having wished for long his properties and wealth.",https://www.imdb.com/title/tt0052644/?ref_=sr_i_237
238. Araya,1959,1h 30m,Not Rated,7.6,960,73,"""Araya"" is an old natural salt mine located in a peninsula in northeastern Venezuela which was still, by 1959, being exploited manually five hundred years after its discovery by the Spanish. Margot Benacerraf captures in images, the life of the ""salineros"" and their archaic methods of work before their definite disappearance with the arrival of the industrial exploitation.",https://www.imdb.com/title/tt0051372/?ref_=sr_i_238
239. Café Odeon,1959,1h 30m,,6.6,69,,,https://www.imdb.com/title/tt0052665/?ref_=sr_i_239
240. The Man in the Net,1959,1h 38m,Approved,6.1,936,,A struggling artist in a small town becomes the prime suspect after his wife mysteriously disappears.,https://www.imdb.com/title/tt0053045/?ref_=sr_i_240
241. Killers of Kilimanjaro,1959,1h 31m,Approved,5.5,465,,"In the 19th century, during the German colonial rule, railway engineer Robert Adamson arrives in the Kilimanjaro Region to finish building a railroad through hostile territory.",https://www.imdb.com/title/tt0052970/?ref_=sr_i_241
242. Sign of the Gladiator,1959,1h 38m,,5.3,431,,"Zenobia, Queen of Palmyra, revolts against Rome and defeats the Roman troops - but she makes a big mistake after she falls in love with enemy officer Marco Valerio.",https://www.imdb.com/title/tt0051985/?ref_=sr_i_242
243. The Big Fisherman,1959,3h,G,5.4,508,,"Exploring the life of Peter, from being a successful fisherman to becoming a follower of Jesus Christ and being dependent on Jesus Christ.",https://www.imdb.com/title/tt0052627/?ref_=sr_i_243
244. The Jayhawkers!,1959,1h 40m,Approved,6.3,876,,"Before the U.S. Civil War, rebel leader Luke Darcy sees himself as leader of a new independent Republic of Kansas but the military governor sends an ex-raider to capture him.",https://www.imdb.com/title/tt0052941/?ref_=sr_i_244
245. Never Steal Anything Small,1959,1h 34m,Approved,6.0,404,,"Jake MacIllaney will do just about anything to win the presidential election of longshoreman union Local 26. After he encounters young upright attorney Dan Cabot and his attractive wife Linda, MacIllaney breaks up their marriage, pursues Linda, and pins a grand larceny rap on Dan. And all set to music.",https://www.imdb.com/title/tt0053109/?ref_=sr_i_245
246. Catch Me If You Can,1959,,,6.2,40,,,https://www.imdb.com/title/tt0310854/?ref_=sr_i_246
247. Double Agents,1959,1h 20m,,6.5,145,,"(1959) Robert Hossein, Marina Vlady, Robert Le Beal. A brilliant ""little"" spy film. Hossein and Vlady play mysterious characters who meet up one night in a lonely cabin in the wilds of Normandy. They are both spies, but whom do they work for-the Allies or the Nazis. Vlady is a real stunner. A stylish, underrated film. From 16mm.",https://www.imdb.com/title/tt0053130/?ref_=sr_i_247
248. Mein Schatz komm mit ans blaue Meer,1959,1h 36m,,5.5,37,,,https://www.imdb.com/title/tt0229571/?ref_=sr_i_248
249. Le chemin des écoliers,1959,1h 25m,,6.4,522,,Le chemin des ecoliers (The Way of Youth) is a 1959 French film starring Alain Delon. It is based in the novel The Transient Hour by Marcel Ayme.,https://www.imdb.com/title/tt0052690/?ref_=sr_i_249
250. The Four Skulls of Jonathan Drake,1959,1h 10m,Approved,5.7,1.5K,,"Anthropologist Jonathan Drake believes that the men of his family have been cursed for generations by the native South American tribe he studies. Shortly after his brother discovers one of the tribe's shrunken heads, he's found murdered.",https://www.imdb.com/title/tt0052820/?ref_=sr_i_250
251. 125 rue Montmartre,1959,1h 25m,,6.7,798,,Pascal (Lino Ventura) sells newspapers. He is a simple man who one day resting on the banks of the Seine sees a drowning stranger. Pascal saves his life and begins his adventure next to a man who says his wife wants to intern in a madhouse. No good deed goes unpunished.,https://www.imdb.com/title/tt0052528/?ref_=sr_i_251
252. Vlak bez voznog reda,1959,2h 1m,,7.2,195,,The story about colonization of poor Dalmatian peasants to the fertile Pannonian plain shortly after WWII.,https://www.imdb.com/title/tt0170774/?ref_=sr_i_252
253. A Town of Love and Hope,1959,1h 2m,,7.1,684,,A young man runs a scam selling pigeons that always return to his home. A rich girl takes an interest in him and tries to help him find a good job.,https://www.imdb.com/title/tt0052540/?ref_=sr_i_253
254. Don't Give Up the Ship,1959,1h 29m,Approved,6.3,960,,"During the 1950s, a military panel grills Junior Officer John Paul Steckler to find the whereabouts of a Navy destroyer that he temporarily commanded during WWII and is missing.",https://www.imdb.com/title/tt0052749/?ref_=sr_i_254
255. Happy Anniversary,1959,1h 23m,Approved,5.7,372,,"A happily married father of two, who hates TV, brings a wedding anniversary gift for his wife, with the desire of a romantic interlude. Nonetheless, daily life chaos ensues, leading to TV screens being kicked in and everybody being angry.",https://www.imdb.com/title/tt0052878/?ref_=sr_i_255
256. Girls Town,1959,1h 30m,Approved,3.9,1.1K,,"Silver is a troubled teenage girl sent to a Catholic reform school, where she has trouble fitting in.",https://www.imdb.com/title/tt0052850/?ref_=sr_i_256
257. Picnic on the Grass,1959,1h 31m,,6.5,1.6K,,"Etienne Alexis, a scientist promoting artificial insemination for social betterment, hosts an aseptic picnic for his engagement to a German cousin. A windstorm brings him together with Nénette, a farm lass who is unimpressed with men.",https://www.imdb.com/title/tt0052765/?ref_=sr_i_257
258. A Midsummer Night's Dream,1959,1h 16m,,7.1,544,,"The first puppet kinescope in the world. It is based on the famous poetic comedy by William Shakespeare. Three worlds meet in this story: the noble world of three Athens couples, a common popular world of tradesmen amateur theatre and a fairy-tale happiness of magic creatures as elves and nymphs. The film is considered the most remarkable Jiří Trnka's work and a milestone in the history of the world animation.",https://www.imdb.com/title/tt0053261/?ref_=sr_i_258
259. The Ugly Duckling,1959,1h 24m,Approved,5.6,260,,"Henry Jeckle was always the outsider, a bungling and awkward buffoon, relegated to waiting for his invitation to participate in life that never arrived: until he discovers a medical formula developed by a dead uncle, which claimed to turn 'a man of timid disposition into a bold, fearless dragon'. Taking a draught of the elixir Henry is transformed into suave, sophisticated and highly desirable Teddy Hyde. Armed with his new persona, Teddy is ready to face the world; but is Henry ready for the consequences?",https://www.imdb.com/title/tt0174303/?ref_=sr_i_259
260. The Rebel Set,1959,1h 12m,Approved,3.2,1K,,"Three beatniks are brought together to rob an armored car, only to face betrayal from among their ranks.",https://www.imdb.com/title/tt0053213/?ref_=sr_i_260
"261. Go, Johnny, Go!",1959,1h 15m,Approved,5.7,548,,"Rock-n-roll promoter Alan Freed holds a talent search to develop a new rock star, then must find the elusive, mystery contestant (Jimmy Clanton) who doesn't know he has won.",https://www.imdb.com/title/tt0051665/?ref_=sr_i_261
262. The Day the Earth Froze,1959,1h 7m,Not Rated,4.5,1.7K,,"The evil witch Louhi kidnaps Lemminkäinen's sister to build her a Sampo, a device that creates salt, grain, and gold. After Lemminkäinen fails to recover the Sampo, Louhi steals the sun, plunging the world into frozen darkness.",https://www.imdb.com/title/tt0053240/?ref_=sr_i_262
263. Cerasella,1959,1h 44m,,6.6,156,,Two people struggle between marriage for love instead of marriage of convenience.,https://www.imdb.com/title/tt0122016/?ref_=sr_i_263
"264. Crime and Punishment, U.S.A.",1959,1h 18m,Approved,5.8,395,,"A Californian law student murders a pawnbroker, then matches wits with the detective on the case.",https://www.imdb.com/title/tt0052711/?ref_=sr_i_264
265. Cast a Long Shadow,1959,1h 22m,Approved,6.1,913,,The illegitimate son of a deceased rancher ruthlessly leads a cattle drive to Sante Fe in order to save what is now his property from falling into the hands of the bank.,https://www.imdb.com/title/tt0052681/?ref_=sr_i_265
266. Ghost of Dragstrip Hollow,1959,1h 5m,Approved,4.7,884,,Teenage hot rodders throw a Halloween party in a haunted house.,https://www.imdb.com/title/tt0052844/?ref_=sr_i_266
267. The Savage Eye,1959,1h 8m,,6.7,512,,"Judith, a divorced woman, navigates Los Angeles' streets in the 1950s, encountering diverse individuals and their personal struggles, as she navigates the city's dark side.",https://www.imdb.com/title/tt0054270/?ref_=sr_i_267
268. The White Warrior,1959,1h 31m,Approved,5.3,365,,"The story of Agi Murad, a 19th-century Chechen chieftain who led his warriors in a fight against the invading forces of the Russian Czar.",https://www.imdb.com/title/tt0052538/?ref_=sr_i_268
269. Ghost of Zorro,1959,1h 9m,,6.3,58,,"This is a shortened version of the 1949 Republic serial ""Ghost of Zorro,"" and was released to television as part of a syndicated package in 1959.",https://www.imdb.com/title/tt0052845/?ref_=sr_i_269
270. Portrait of a Sinner,1959,1h 36m,,6.0,251,,Young blonde woman seems to destroy everyone she comes in contact with.,https://www.imdb.com/title/tt0053229/?ref_=sr_i_270
271. Expresso Bongo,1959,1h 51m,Not Rated,6.2,653,,"Johnny Jackson, a sleazy talent agent, discovers teenager Bert Rudge singing in a coffee house, but their exploitative deal leads to a bad relationship.",https://www.imdb.com/title/tt0053806/?ref_=sr_i_271
272. I tartassati,1959,1h 45m,,7.0,1.1K,,Mr. Pezzella owns and operates a well-established luxury-clothing store. He does not like and does not consider it right to pay taxes and therefore uses a tax consultant to be able to evade more taxes.,https://www.imdb.com/title/tt0053333/?ref_=sr_i_272
273. 1001 Arabian Nights,1959,1h 15m,Approved,6.2,416,,"Mr. Magoo's ancestor, Abdul Aziz Magoo, is the uncle of Aladdin, who falls in love with a princess.",https://www.imdb.com/title/tt0052527/?ref_=sr_i_273
274. Three Murderesses,1959,1h 35m,Approved,6.1,360,,"Julien turns up at one of his former girlfriends' wedding; she is marrying an ""old man"" (32). But the newly wed Agathe does not want to give the hunk up.",https://www.imdb.com/title/tt0052795/?ref_=sr_i_274
275. Face of a Fugitive,1959,1h 21m,Approved,6.6,1K,,"A robber who is falsely accused of murdering a deputy sheriff tries to start a new life in a border town near Mexico, but his past catches up with him.",https://www.imdb.com/title/tt0052794/?ref_=sr_i_275
276. This Earth Is Mine,1959,2h 4m,Approved,6.4,575,,"During Prohibition, Englishwoman Elizabeth Rambeau joins her winemaking California family, but while some see her as an unwanted ""poor relation,"" others covet her affections, including her troublemaker playboy cousin John Rambeau.",https://www.imdb.com/title/tt0053355/?ref_=sr_i_276
277. Escort West,1959,1h 15m,Approved,6.3,712,,An ex-Confederate soldier and his young daughter encounter the survivors of an Indian massacre.,https://www.imdb.com/title/tt0051591/?ref_=sr_i_277
278. Web of Suspicion,1959,1h 10m,,5.0,74,,"Popular teacher Brad Wells (Philip Friend) is wrongly accused of murdering a girl and has to run for his life. To clear himself he must find the real killer, but with no-one to rely on apart from his friend Janet he faces a difficult task.",https://www.imdb.com/title/tt0053438/?ref_=sr_i_278
279. The Three Treasures,1959,1h 52m,,6.3,441,,"A prince, framed for murder and starved for affection from his father, is sent on a quest.",https://www.imdb.com/title/tt0053117/?ref_=sr_i_279
280. The Soldiers of Pancho Villa,1959,1h 37m,Not Rated,7.1,334,,"The Cucaracha is a brave woman soldier who leads a group of similar women into the fray against the forces of the Villa colonel, Zeta.",https://www.imdb.com/title/tt0051504/?ref_=sr_i_280
281. I Mobster,1959,1h 21m,Approved,6.2,392,,The rise and fall of gang lord Joe Sante.,https://www.imdb.com/title/tt0051760/?ref_=sr_i_281
282. Devil's Bait,1959,58m,,6.6,187,,A baker and the police race against time to find a loaf of bread accidentally contaminated with poison before it is eaten.,https://www.imdb.com/title/tt0052734/?ref_=sr_i_282
283. The Captain's Table,1959,1h 30m,,5.9,353,,"A ship's captain is promoted by his company from tramp steamers to their flagship passenger liner. Although he is a thoroughly competent sailor ready to take charge of such a ship, he is less prepared for the social duties the new position involves, not least the way he becomes the target for all the comely unattached women on board.",https://www.imdb.com/title/tt0052672/?ref_=sr_i_283
284. The Tiger Attacks,1959,1h 38m,,6.6,418,,"Paul Lamiani, a former spy now managing a restaurant, has to take on duties again on a gangster's affair involving his best friend.",https://www.imdb.com/title/tt0051604/?ref_=sr_i_284
285. Gutierritos,1959,1h 40m,,7.2,40,,"Angel Gutiérrez is an ordinary petty employee, with a bullet-proof honesty and a desperatingly weak character who somehow gets married to beautiful Rosa, who diminishes and despises him, even belittling his last name as ""little Gutiérrez"" or ""gutierritos"" In his deepest dreams, though, Gutiérrez conceals a strong and powerful vision of himself, writing down his daily misfortune in his memoirs and submitting them for publishing, hoping for the best. Originally a hugely successful radio theater this the film adaptation of the play.",https://www.imdb.com/title/tt0276996/?ref_=sr_i_285
286. The Naked Road,1959,1h 14m,,4.4,168,,"An innocent girl is held captive by a public relations, white slavery gang and is threatened with torture if she doesn't go to work for them, but her will remains strong.",https://www.imdb.com/title/tt0342814/?ref_=sr_i_286
287. The Road to Shame,1959,1h 25m,,6.4,246,,"Pierre Rossi and Béatrice live in the same block of flats in Marseille and love each other. One night, Béatrice leaves her apartment. Pierre knows that his fiancée goes to a rendezvous, but she would not tell him more than just that. Worried, Pierre follows her but he is attacked and stolen his identity papers by two men, Tom and Nasol, on the payroll of Quaglio, one of the city's bosses. Later on, Quaglio kills Nasol and deposits the body in a garage, leaving Pierre's papers nearby. As for Pierre, he manages to follow Tom to a villa where several young women have been invited. Pierre, horrified, realizes that this place is the headquarters for the white slave trade.",https://www.imdb.com/title/tt0052726/?ref_=sr_i_287
288. No Trees in the Street,1959,1h 36m,,6.0,331,,"London detective recalls 1930s poverty. Hetty battles brother's criminality, manipulative mother favoring racketeer Wilkie for gain. Slums contrasted with new high-rises.",https://www.imdb.com/title/tt0052006/?ref_=sr_i_288
289. Goliath and the Barbarians,1959,1h 26m,,5.6,396,,"When barbarians invade his village and kill his father, a local man wages a one-man war against them.",https://www.imdb.com/title/tt0053346/?ref_=sr_i_289
290. Holiday for Lovers,1959,1h 43m,Approved,5.6,490,,"After his eldest daughter decides to stay in South America while on a school tour, her father decides to take the rest of the family there for a vacation to find out why.",https://www.imdb.com/title/tt0052897/?ref_=sr_i_290
291. The Swindlers,1959,2h 12m,,6.7,668,,"Mario is in Hannover to work as a miner but after loosing his job he decides to go back to Italy. When Totonno steals his passport to avoid the police and later on he offers him a new job as ""magliaro"" (cloth seller), Mario changes his mind and decides to follow Totonno to Hamburg. In Hamburg, Totonno and his friends have to sell Mayer's cloth but they meet with the hostility of a Polish gang and Mario falls in love with Paula Mayer.",https://www.imdb.com/title/tt0053032/?ref_=sr_i_291
292. Take a Giant Step,1959,1h 40m,Approved,6.9,575,,A Black teenager copes with life in a predominantly White society. Based on Louis S. Peterson's play.,https://www.imdb.com/title/tt0053331/?ref_=sr_i_292
293. Fiasco in Milan,1959,1h 45m,,6.9,1.4K,,"The usual gang of robbers in engaged by a thief from Milan to steal a suitcase full of money, but troubles will menace the success of the operation.",https://www.imdb.com/title/tt0052589/?ref_=sr_i_293
294. Four Desperate Men,1959,1h 40m,,6.3,396,,"Three men break Matt Kirk out of jail, but their escape plan derails after their boat falters near an island, where the caretaker recognizes him. A hostage situation erupts, leading to a tense standoff with authorities.",https://www.imdb.com/title/tt0053278/?ref_=sr_i_294
"295. Come Back, Africa",1959,1h 35m,,7.1,402,,"Come Back, Africa chronicles the life of Zachariah, a black South African living under the rule of the harsh apartheid government in 1959.",https://www.imdb.com/title/tt0049087/?ref_=sr_i_295
296. The Incredible Petrified World,1959,1h 10m,Approved,3.1,1.5K,,"When the cable breaks on their diving bell, four people find themselves trapped in a hidden underwater world.",https://www.imdb.com/title/tt0053944/?ref_=sr_i_296
297. Temptation,1959,1h 34m,,6.7,60,,"After a ship bringing a contingent of international wounded from Korea is torpedoed, three women (two nurses and a secretary) and a male journalist survive and reach a lonely island in a boat. Soon desire erupts among them, but jealousy, lust and madness lead to tragedy.",https://www.imdb.com/title/tt0140720/?ref_=sr_i_297
298. India: Matri Bhumi,1959,1h 30m,,7.2,831,,Several stories depicting the landscapes and fauna of India are mixed with documentary footage.,https://www.imdb.com/title/tt0052923/?ref_=sr_i_298
299. Satta Bazaar,1959,,,6.8,34,,"Ramesh, a widower, remarries for his daughter's happiness, but financial crises force him to choose between love and stability. (Source: https://satta-matka.services/)",https://www.imdb.com/title/tt0139587/?ref_=sr_i_299
300. Magic Boy,1959,1h 23m,G,6.7,553,,"A young Japanese boy climbs a mountain in search of a magic wizard. The youth finds the wizard, and is tutored by him. Reinforced with magic powers, the boy eventually fights and defeats the evil witches of down under.",https://www.imdb.com/title/tt0053275/?ref_=sr_i_300
301. Face of Fire,1959,1h 19m,Approved,7.0,369,,"A local handyman saves a child in a fire, but the burns he receives disfigure his face so much that the townspeople avoid him.",https://www.imdb.com/title/tt0052793/?ref_=sr_i_301
302. La bête à l'affût,1959,1h 35m,,6.3,79,,"A cop's widow is through with love and she spends her time collecting money for the orphans of the Police,abetted by a bunch of snobs and false friends.Unfortunately the person who was in charge of the money is assaulted and the money is gone..Might this respectable notable of the town be guilty,after feigning an aggression? A warden has two inmates do some repairs in his house.But he's got a too pretty wife .Two of the men are killed in mysterious circumstances and the survivor takes refuge in the widow's desirable mansion. Love begins to grow between them but is the man a victim of fate as he claims to be?",https://www.imdb.com/title/tt0052663/?ref_=sr_i_302
303. Kermesse,1959,1h 25m,,5.9,20,,"A truck driver and the queen of the local festival fall in love, while her fiancée is romanced by an attractive singer.",https://www.imdb.com/title/tt0051815/?ref_=sr_i_303
304. Nature's Paradise,1959,1h 7m,,5.4,37,,"An American art student in England falls in love with a beautiful Englishwoman. It turns out that she's a nudist, and in spite of his misgivings, he decides to join her at her nudist camp.",https://www.imdb.com/title/tt0141669/?ref_=sr_i_304
305. For the First Time,1959,1h 32m,Approved,6.3,415,,An opera singer with a bad attitude falls in love with a deaf girl who changes his life.,https://www.imdb.com/title/tt0052817/?ref_=sr_i_305
306. Please Turn Over,1959,1h 27m,Approved,6.3,611,,"A teen's racy novel about her town's residents, thinly disguised as its characters, disrupts 1950s suburban life as neighbors start viewing each other differently.",https://www.imdb.com/title/tt0053174/?ref_=sr_i_306
307. Adorable Sinner,1959,1h 31m,,5.8,529,,"Czar Alexander II meets a schoolgirl called Katia. Realizing that he loves her, he attempts to push her away but to no avail. She becomes his mistress. With Katia's help, Alexander is working on a liberal constitution.",https://www.imdb.com/title/tt0052964/?ref_=sr_i_307
308. Witness in the Dark,1959,1h 2m,,6.6,340,,"An elderly woman is murdered by a thief, with the only witness a blind girl whom the killer returns to silence permanently.",https://www.imdb.com/title/tt0053448/?ref_=sr_i_308
309. Little Rascals Varieties,1959,1h 3m,Approved,7.2,57,,"A compilation feature-film made up of four 'Our Gang"" shorts from the 1930s. The shorts used in this 1959 feature release were Our Gang Follies of 1936 (1935), The Pinch Singer (1936), Reunion in Rhythm (1937), and Our Gang Follies of 1938 (1937).",https://www.imdb.com/title/tt1196772/?ref_=sr_i_309
310. Jet Over the Atlantic,1959,1h 35m,Approved,5.6,227,,Assorted people board a plane with a fire bomb in its luggage hold.,https://www.imdb.com/title/tt0052943/?ref_=sr_i_310
311. Dhool Ka Phool,1959,2h 33m,,6.8,224,,"Mahesh and Meena fall in love but he marries another girl at his father's behest. When Meena takes their baby to Mahesh, he rejects her saying their relationship was a mistake.",https://www.imdb.com/title/tt0052736/?ref_=sr_i_311
312. Guns Girls and Gangsters,1959,1h 10m,Approved,6.1,885,,"In Las Vegas, a group of assorted criminals plans the robbery of an armored truck hauling casino money to the bank.",https://www.imdb.com/title/tt0052870/?ref_=sr_i_312
313. Navrang,1959,2h 37m,,6.9,186,,"Divakar is a poet who adores his wife, Jamuna, and soon begins to see her as his muse in his imagination and even names her Mohini. But his obsession with Mohini begins to destroy his home and career.",https://www.imdb.com/title/tt0298078/?ref_=sr_i_313
"314. Archimède, le clochard",1959,1h 23m,,6.6,699,,"Bum Archimede wants to spend the winter in prison, but to get there proves not to be that easy.",https://www.imdb.com/title/tt0052573/?ref_=sr_i_314
315. A Private's Affair,1959,1h 33m,Approved,5.3,221,,Three U.S. Army recruits have various romantic adventures while preparing to appear on a televised talent show.,https://www.imdb.com/title/tt0053192/?ref_=sr_i_315
316. The Story on Page One,1959,2h 3m,Approved,6.7,659,,Courtroom drama about an adulterous couple charged with murdering the outraged husband of the cheating woman.,https://www.imdb.com/title/tt0053308/?ref_=sr_i_316
317. Babette Goes to War,1959,1h 46m,,6.2,537,,A naive French country girl in London helps the war effort by parachuting into German-occupied France to help kidnap an important German general. She bungles through a heroic adventure of plot and counter-plot.,https://www.imdb.com/title/tt0052595/?ref_=sr_i_317
318. She Walks by Night,1959,1h 41m,,6.5,92,,"Inspired by the life and death of Rosemarie Nitribitt, a famous German call girl whose death caused a large scandal in the press.",https://www.imdb.com/title/tt0053432/?ref_=sr_i_318
319. The Pirate and the Slave Girl,1959,1h 39m,,4.9,129,,"When a ship carrying the daughter of Rhodes' governor and secret documents is captured by Mediterranean pirate Dragut, the governor tasks captain Diego with their recovery before they can be sold to Sultan Selim.",https://www.imdb.com/title/tt0053253/?ref_=sr_i_319
320. Left Right and Centre,1959,1h 35m,,6.3,440,,"At the Earndale by-election, natural history expert and TV personality Robert Wilcot for the Conservatives finds himself up against Billingsgate girl Stella Stoker for the socialists - amateur politician against committed activist. But could it become boy-who-fancies-girl against girl-who-fancies-boy? The party agents are soon colluding against such a disaster.",https://www.imdb.com/title/tt0055079/?ref_=sr_i_320
321. Time Stood Still,1959,1h 23m,,7.5,549,,Two workers at an isolated Alpine dam grow closer when an avalanche traps them in their hut without power or contact.,https://www.imdb.com/title/tt0052281/?ref_=sr_i_321
322. The Man Who Understood Women,1959,1h 45m,Approved,4.4,264,,"A producer is obsessed with turning his wife into a sexy star, ignoring her needs and prompting her to return to France where she becomes attracted to an attentive pilot, and an ensuing a revenge plot by her jealous husband goes astray.",https://www.imdb.com/title/tt0053043/?ref_=sr_i_322
323. The Last Mile,1959,1h 21m,Approved,6.5,414,,A prison break is attempted the same night an execution occurs on death row.,https://www.imdb.com/title/tt0052992/?ref_=sr_i_323
324. Brevi amori a Palma di Majorca,1959,1h 38m,,5.3,146,,"Anselmo Pandolfini kidnaps a famous American diva to reunite her with her lover John, organizing a party based on spaghetti and Italian wines.",https://www.imdb.com/title/tt0054433/?ref_=sr_i_324
325. The Bridal Path,1959,1h 35m,Not Rated,6.8,312,,"The Bridal Path, a novel by Nigel Tranter, explores the unfortunate consequences of marrying cousins in a remote Scottish community, focusing on Ewan MacEwan's journey.",https://www.imdb.com/title/tt0052649/?ref_=sr_i_325
326. Ein Mann geht durch die Wand,1959,1h 39m,,6.8,374,,Story of a man who out of frustration discovers that he has the ability to walk through walls.,https://www.imdb.com/title/tt0053047/?ref_=sr_i_326
327. The Legend of Tom Dooley,1959,1h 19m,Approved,6.0,316,,Tom Dooley and Country Boy are on the run after killing an enemy soldier not knowing the war is over. The Command refuses to give them some slack for making this tragic but honest mistake and sends a lawman after them.,https://www.imdb.com/title/tt0052998/?ref_=sr_i_327
328. Frontier Rangers,1959,1h 23m,,4.9,160,,Major Robert Rogers and his Rangers hunt a French and Indian War spy.,https://www.imdb.com/title/tt0052828/?ref_=sr_i_328
329. Støv på hjernen,1959,1h 34m,,6.7,178,,"Randi Svendsen is happy. Her everyday life is about keeping windows, floors, and clothes cleaner than the neighbour's. Randi's friend Edna however got a different view on the values of life: ""don't clean your husband out of the house and into the arms of the secretary"". Unfortunately this is already about to happen in the Svendsen-family. Thougb it's not the secretary it's the young widow upstairs. What can Randi do to prevent the unthinkable? Can the ""Union for radical housewives"" be the solution?",https://www.imdb.com/title/tt0053314/?ref_=sr_i_329
330. Roses for the Prosecutor,1959,1h 32m,,7.3,664,,"April 1945. Because he stole two boxes of chocolate, the soldier Rudi is sentenced to death by the court-martial judge Dr. Schramm. Rudi manages to escape from the firing squad at the last minute due to an air force attack, and since the end of the war has been making a meager living as a street peddler. Years later, Dr. Schramm is now a respected public prosecutor. By chance, he runs into Rudi one day on the street. Afraid that Rudi will blow the whistle on him, Dr. Schramm wants to scare him out of town. He has Rudi arrested and bullied by the police. Desperate, Rudi again steals two boxes of chocolate from a store, hoping his old case will be reopened and Dr. Schramm's past brought to light. But Dr. Schramm has Rudi's death sentence removed from his file. During the trial, Schramm defends Rudi as he was his lawyer and not the prosecutor and suspicion rises. Finally his tongue slips and, without fully realizing what he is saying, demands that Rudi be sentenced to death. The trial is stopped, Schramm now only tries to get away and Rudi tries to leave town but finally start a new life with the woman who owns the hotel and who supported him.",https://www.imdb.com/title/tt0053227/?ref_=sr_i_330
331. ...and the Wild Wild Women,1959,1h 35m,,7.1,647,,A harsh study about the grim realities of life in a female prison environment. The story concerns a young girl sent to prison who experiences the entire prison subculture. The inmates she befriends vary from tough dangerous dames to smaller submissive women who are totally lost in prison life.,https://www.imdb.com/title/tt0051986/?ref_=sr_i_331
"332. Stalingrad: Dogs, Do You Want to Live Forever?",1959,1h 33m,,7.2,931,,"In the winter of 1943, against the background of battle scenes, a young German Lieutenant who increasingly distrusts the inhuman Nazi ideology struggles with the concept of war.",https://www.imdb.com/title/tt0051749/?ref_=sr_i_332
333. Season of Passion,1959,1h 33m,Approved,5.8,339,,Two Australian sugar cane cutters spend their annual five-month vacations in Sydney with their mistresses.,https://www.imdb.com/title/tt0053321/?ref_=sr_i_333
334. Raggare!,1959,1h 28m,,5.7,320,,"Young Greasers gather in at a café outside Stockholm. Roffe is the toughest greaser and kidnaps his girlfriend Bibban, when he discovers that she is out riding with other guys. Bibban falls in love with the sensitive Lasse.",https://www.imdb.com/title/tt0053208/?ref_=sr_i_334
335. Legions of the Nile,1959,1h 31m,Approved,5.4,305,,"Roman Emperor Octavian rules the empire from Rome, and his rival Marc Antony has taken Egyptian queen Cleopatra as his lover and seized the eastern empire, ruling it from Alexandria. Octavian intends to regain his empire by landing his army at Alexandria, besieging the city and capturing and executing the pair. However, while Octavian's army is bigger than Marc Antony's forces, he and Cleopatra have allies who can come to their aid. Both sides prepare for a final showdown.",https://www.imdb.com/title/tt0052999/?ref_=sr_i_335
336. Don't Panic Chaps,1959,1h 25m,Approved,5.5,238,,Charming farce about British and German soldiers peacefully sharing a little island in the Adriatic in 1943 - that is until the beautiful Elsa is cast ashore.,https://www.imdb.com/title/tt0052750/?ref_=sr_i_336
337. Goonj Uthi Shehnai,1959,2h 54m,,7.3,62,,"Childhood sweethearts Gopi and Kishen hope to get married when they are grown up. Gopi dances to the magical tunes of Kishen's clarinet (shenai), and both are virtually inseparable. Years pass by, both have grown up and Gopi's mom, Jamuna, would like Gopi to get married to a young man from Lucknow, by the name of Shekhar, who works for All India Radio. Shekhar visits them, meets Gopi, and approves of this marriage, and asks Jamuna to finalize a day for the marriage. When this news reaches Gopi and Kishen both are heartbroken, as much as Kishen would like to marry Gopi he knows that he is unemployed and poor, and hence not considered a good suitor. Additionally, his mentor and guardian, Raghunath, would like him to marry his daughter, Ramkali, and may ask him to make the ultimate sacrifice by demanding this as his guru-dakshina (teacher's fee). Then the villagers ask Kishen to leave the town as he has brought shame on them all by continuing to meet with Gopi, who has now been promised to Shekhar. Kishen leaves town, re-locates to Lucknow, meets with Shekhar, who gives him a job at the Radio Station. Soon Kishen's music reaches every corner of India and he becomes a rich man overnight. He returns home to wed Gopi, but finds out that Shekhar is to wed her, and he is just in time to play the clarinet at their wedding. It looks like Gopi and Kishen's romance is fated to end tragically - unless and until a miracle occurs that will unite them forever.",https://www.imdb.com/title/tt0156576/?ref_=sr_i_337
338. The Tinderbox,1959,1h 23m,,6.7,357,,"There lived a soldier. He served the king and is now returning home. Once he met an old witch on the way, who promised him mountains of money in exchange for the fact that he would get her an old tinderbox.",https://www.imdb.com/title/tt0051611/?ref_=sr_i_338
339. Tommy the Toreador,1959,1h 30m,Not Rated,5.0,184,,"Tommy, a cheerful sailor who travels singing, gets confused for a famous bullfighter in Spain. He ends up in the arena facing an angry bull while spectators cheer.",https://www.imdb.com/title/tt0054391/?ref_=sr_i_339
340. Owls in the Marsh,1959,1h 34m,,6.9,330,,"Oslo family the Monsens recieve uncle Pavel's house on the south coast of Norway after his passing. Mr. Monsen is also under the assumption that he has won 5000NOK in the lottery, though things are not as they seem.",https://www.imdb.com/title/tt0053389/?ref_=sr_i_340
341. Deep Jweley Jai,1959,2h 12m,,8.1,200,,A psychiatric nurse is tasked to pretend to love a patient in order to make him better but falls in love with him.,https://www.imdb.com/title/tt0321968/?ref_=sr_i_341
342. Friends and Neighbours,1959,1h 19m,,5.0,38,,"At the height of the Cold War, a working-class British family have to entertain two visitors from Russia resulting in a hilarious clash of cultures.",https://www.imdb.com/title/tt0052826/?ref_=sr_i_342
343. Herod the Great,1959,1h 33m,Approved,4.8,287,,"Herod, King of Judea, is made a prisoner by the Romans. Convinced the King is dead, his faithful lieutenant, Aaron, is nevertheless unable to keep his promise to kill the Queen if something untoward happened to the King. He leads the young woman out into the desert. Herod's pleas to Augustus are successful and he returns to his palace. His son, Antipater, informs Herod that Aaron has betrayed him.",https://www.imdb.com/title/tt0051587/?ref_=sr_i_343
344. The House of the Seven Hawks,1959,1h 32m,Approved,6.0,575,,The film follows an American captain searching for sunken treasure who becomes entangled with criminals and is arrested by the Dutch police.,https://www.imdb.com/title/tt0052908/?ref_=sr_i_344
345. Arrangiatevi,1959,1h 50m,,7.1,427,,"In post-war Italy during the 1950s, finding a house to rent is so difficult that a family ends up living in a former brothel.",https://www.imdb.com/title/tt0052575/?ref_=sr_i_345
346. Dubrovsky,1959,1h 53m,,5.1,58,,A Russian Robin Hood ;the story of a young officer whose father was despoiled of his valuable properties by a greedy wealthy neighbor .,https://www.imdb.com/title/tt0053408/?ref_=sr_i_346
347. Tenemos 18 años,1959,1h 18m,,5.7,170,,"Comedy about the surreal holiday of two teenage Spanish girls, where they meet a bizarre assortment of villains and new friends.",https://www.imdb.com/title/tt0053342/?ref_=sr_i_347
348. Cover Girl Killer,1959,1h 1m,Not Rated,6.0,537,,"Set in the sleazy world of a backstreet 1950s nightclub, a serial killer is believed to be murdering the models of a glamour magazine.",https://www.imdb.com/title/tt0052709/?ref_=sr_i_348
349. The Depot of the Dead,1959,1h 44m,,7.4,700,,"Because of the danger involved and the harsh conditions, wood transport drivers, working in the forests of south-east Poland, are going to quit their jobs. A party activist arrives to make them change their minds.",https://www.imdb.com/title/tt0052608/?ref_=sr_i_349
350. La cambiale,1959,1h 49m,,6.6,416,,The well-known financier Pierluigi Bruscatelli is arrested after having paid two fraudsters with a bill of 100 000 lire.,https://www.imdb.com/title/tt0052668/?ref_=sr_i_350
351. El hombre y el monstruo,1959,1h 18m,,6.1,369,,A failed pianist sells his soul to the devil in return for his becoming the greatest musician in the world. The catch: every time he plays he turns into a horrible monster.,https://www.imdb.com/title/tt0051731/?ref_=sr_i_351
352. Vice Raid,1959,1h 11m,Approved,5.6,564,,"The bosses of a prostitution racket have one of their prostitutes go to New York City to entrap a police officer and get him thrown off the force. She does as she is told, but then the gangsters make a mistake.",https://www.imdb.com/title/tt0053418/?ref_=sr_i_352
353. Paratroop Command,1959,1h 11m,Approved,5.3,284,,A squad member of a U.S. paratrooper unit in World War II accidentally shoots a member of his unit. The animosity of the other men against him grows as they battle their way across Italy.,https://www.imdb.com/title/tt0053156/?ref_=sr_i_353
354. El zarco,1959,1h 35m,,5.2,23,,,https://www.imdb.com/title/tt0275094/?ref_=sr_i_354
355. My Second Brother,1959,1h 41m,,6.9,293,,,https://www.imdb.com/title/tt0053111/?ref_=sr_i_355
356. Idol on Parade,1959,1h 28m,Approved,5.6,233,,A rock'n'roll idol is drafted into the wrong regiment.,https://www.imdb.com/title/tt0052915/?ref_=sr_i_356
357. Surrender - Hell!,1959,1h 25m,Approved,5.7,250,,An officer leads a band of Filipino guerrillas against the Japanese in anticipation of Gen. Douglas MacArthur's return.,https://www.imdb.com/title/tt0051032/?ref_=sr_i_357
358. Paigham,1959,3h 8m,Not Rated,6.6,152,,"Two brothers, Ram and Ratan, find themselves at odds with each other as the former supports the mill owner, Sewakram, while the latter forms a union to protest against him.",https://www.imdb.com/title/tt0053152/?ref_=sr_i_358
359. Battle Flame,1959,1h 18m,Approved,5.5,63,,"The trials and tribulations of a platoon of U.S. Marines, led by 1st Lt. Frank Davis, during the Korean War.",https://www.imdb.com/title/tt0052605/?ref_=sr_i_359
360. Love Marriage,1959,2h 37m,,7.7,91,,"Sunil Kumar rents a room in the city where he is to play cricket for the home team. He meets with the landlord's daughter, who instantly dislikes him. But after watching him play cricket, she falls in love with him, and both decide to get married. After the marriage both decide to re-locate and do so, living harmoniously for sometime, before differences arise, threatening to break up their ""love marriage"".",https://www.imdb.com/title/tt0245239/?ref_=sr_i_360
361. Me gustan valentones!,1959,1h 35m,,7.2,48,,,https://www.imdb.com/title/tt0276326/?ref_=sr_i_361
362. Escucha mi canción,1959,1h 24m,,6.4,130,,Joselito plays an orphan a shrew treats badly.But he takes a job in a gypsies ' small circus as a singer of course .,https://www.imdb.com/title/tt0052783/?ref_=sr_i_362
363. A Stranger in My Arms,1959,1h 28m,Approved,6.2,272,,"After the Korean War, an Air Force pilot meets the family of his KIA navigator and recalls, in flashbacks, the circumstances of their ordeal after being shot down.",https://www.imdb.com/title/tt0051358/?ref_=sr_i_363
364. Anyakôro,1959,2h 24m,,7.5,11,,Adapted from Naoya Shiga's novel about the emotional turmoil of a man who suspects that his wife is committing adultery with his father.,https://www.imdb.com/title/tt0321255/?ref_=sr_i_364
365. Paprika,1959,1h 31m,,6.7,25,,"Pop star Willy and his manager-wife Anita are happy but have problems with the help in their chaotic household. Anita's rich friend Ilona needs a hideout and poses as their maid only to fall for Anita's nerdy brother, a frog specialist.",https://www.imdb.com/title/tt0202519/?ref_=sr_i_365
366. Plan 9 from Outer Space in Color,1959,1h 19m,,5.4,59,,Aliens from outer space reanimate the Earth's dead in an attempt to save the human race. Restored and In Color.,https://www.imdb.com/title/tt35667868/?ref_=sr_i_366
367. Head of a Tyrant,1959,1h 34m,,4.4,76,,"A beautiful girl plans to seduce, then murder, the brutal conqueror who has taken over her city.",https://www.imdb.com/title/tt0051664/?ref_=sr_i_367
368. The Living Coffin,1959,1h 12m,,5.3,257,,A cowboy and his sidekick meet a ranching family that is haunted by spirits and vampires.,https://www.imdb.com/title/tt0051682/?ref_=sr_i_368
369. A Stranger Knocks,1959,1h 23m,,6.5,126,,"A stranger knocks on the the door of a widow who's husband was tortured and killed by the Danish Nazis during World War Two. They fall in love, but then, suddenly, she realizes that her lover is the man who murdered her husband.",https://www.imdb.com/title/tt0052824/?ref_=sr_i_369
370. The Navy Lark,1959,1h 22m,Approved,5.9,161,,Film version of a popular BBC radio show about the incompetent crew of a Royal Navy ship.,https://www.imdb.com/title/tt0198814/?ref_=sr_i_370
371. The Saga of the Vagabonds,1959,1h 55m,,7.4,99,,"Lord Taro must deliver a money chest but is robbed by brigands led by Jibu. One of Jibu's men, Rokuro, steals the money from Jibu, but after meeting and befriending Taro, Rokuro decides to return the money to Taro. But Taro's unscrupulous brother Jiro falsely accuse Taro of the theft, and Taro reactively joins the outlaw band and encourages them to steal from the nobles and give to the poor.",https://www.imdb.com/title/tt0053263/?ref_=sr_i_371
372. An Angel on Wheels,1959,1h 27m,,5.5,402,,"A female guardian angel tries to convince Pierre not to marry his rich but mean fiance, but rather fall in love with a stewardess who is secretly in love with him.",https://www.imdb.com/title/tt0052778/?ref_=sr_i_372
373. Son of the Red Corsair,1959,1h 36m,,5.8,110,,"Enrico di Ventimiglia, the Son of the Red Corsair, travels through the Spanish conquests of Central America in search of the stepsister he has never met.",https://www.imdb.com/title/tt0051616/?ref_=sr_i_373
374. Die Halbzarte,1959,1h 32m,,5.3,177,,"Nicole is a young librarian who writes romantic poetry. A successful new erotic novel, gives her the idea to secretly write a daring play, only about sex.",https://www.imdb.com/title/tt0051695/?ref_=sr_i_374
375. Life in Danger,1959,1h 3m,Approved,6.4,245,,"The inhabitants of a small village, led by a war veteran, try to catch a vagrant, who they suspect to be an escaped mental patient.",https://www.imdb.com/title/tt0053008/?ref_=sr_i_375
376. The Diary of a High School Bride,1959,1h 12m,Approved,5.4,193,,A 17-year-old high school senior must justify her wedding to a 24-year-old law student to both her parents and her unbalanced ex-boyfriend.,https://www.imdb.com/title/tt0052739/?ref_=sr_i_376
377. Serious Charge,1959,1h 39m,Not Rated,6.4,310,,A vicar falsely accused of assaulting a youth attempts to prove his innocence and save his reputation.,https://www.imdb.com/title/tt0053269/?ref_=sr_i_377
378. Five Gates to Hell,1959,1h 38m,Approved,5.7,252,,A small group of Red Cross doctors and nurses are held captive by Chinese guerrillas in Vietnam.,https://www.imdb.com/title/tt0052808/?ref_=sr_i_378
379. Verboten!,1959,1h 33m,Not Rated,6.7,1.1K,,"A young American serviceman stationed in Germany after the fall of the Third Reich jeopardizes his position with the Marshall Plan relief effort by breaking the non-fraternization rule and falling in love with a young German woman. He uses his position to obtain food and luxuries for her that are in short supply, and all seems to be going well for the couple. What he doesn't realize is that the Werewolves, the Nazi guerrilla movement, has plans in which he features heavily.",https://www.imdb.com/title/tt0052354/?ref_=sr_i_379
380. -30-,1959,1h 36m,Approved,6.7,463,,"A managing editor of a LA newspaper must put together headlines for the next day in a way that'll attract the potential readers, deal with hectic going-ons at the workplace and have a serious talk with his wife about her wish to adopt.",https://www.imdb.com/title/tt0052526/?ref_=sr_i_380
381. Yoru no kawa,1959,1h 44m,,7.3,203,,"An artistically and commercially successful kimono designer begins an affair with a married man. But when his wife dies, her reaction is not as expected.",https://www.imdb.com/title/tt0253967/?ref_=sr_i_381
"382. Zorro, the Avenger",1959,1h 31m,Approved,6.8,249,,"Masked crusader Zorro and his father, Don Alejandro, face off against mysterious despot The Eagle in a fight for control of old Spanish California. Compiled from six episodes of the original Disney Zorro series.",https://www.imdb.com/title/tt0052424/?ref_=sr_i_382
383. Los santos reyes,1959,1h 35m,,6.3,27,,,https://www.imdb.com/title/tt0180119/?ref_=sr_i_383
384. Lost Souls,1959,1h 24m,,6.1,29,,A gang of violent criminals holds captive a group of young women and men in an abandoned mining complex.,https://www.imdb.com/title/tt0052372/?ref_=sr_i_384
385. Life Does Not Forgive,1959,1h 15m,,6.2,48,,"The young intellectual hero, mortally wounded on the front lines of the Second World War, recalls his own past and that of his father, attempting to answer fundamental questions regarding the rationale of war and preparations for war",https://www.imdb.com/title/tt0051162/?ref_=sr_i_385
386. Ferry to Hong Kong,1959,1h 52m,Approved,5.5,566,,"Mark Conrad, a habitual drunk and troublemaker with a shady past, is expelled by Hong Kong police after one too many bar fights. He's sent to Macao on the Fa Tsan, a ferry owned by Captain Hart. Conrad's papers are out of order and Macao refuses him entry. Unable to go ashore, Conrad is a permanent passenger on the ferry with Hart, who detests him. It's all one long, lazy voyage for Conrad until one fateful trip when an encounter with a typhoon and pirates forces Conrad to choose between an aimless drifter's life and becoming a man again.",https://www.imdb.com/title/tt0052799/?ref_=sr_i_386
387. Father and Daughter,1959,1h 12m,,,,,,https://www.imdb.com/title/tt11945378/?ref_=sr_i_387
388. The Redeemer,1959,1h 25m,,7.6,56,,The Passion of Jesus starting with His arrest and trial that was shot near Madrid and features narration by Sebastion Cabot. Jesus' face is never seen but in the English version he is voiced by veteran Hollywood actor Macdonald Carey.,https://www.imdb.com/title/tt0050713/?ref_=sr_i_388
389. The Headless Ghost,1959,1h 2m,Approved,4.2,530,,Three teenagers encounter a ghost who is in limbo until he retrieves his lost head. They do their bit to help him find it.,https://www.imdb.com/title/tt0053895/?ref_=sr_i_389
390. Marie of the Isles,1959,1h 51m,,5.4,46,,"In 1635, Jacques du Parquet, the nephew of the well known explorer Belain d'Esnambic, enters a tavern in Dieppe, and falls in love with the daughter of the bartender, Marie Bonnard. He knows his noble family would disaprove such a marriage; besides, he is nominated for the post of governor in Martinica. He promised never to forget Marie, but as time goes by, she will accept to marry a rich and unscrupulous man, Monsieur de Saint-André. When her husband is appointed to serve in Martinica as General Commissioner, Marie demands to go with him. At her arrival, all sorts of trouble arrive: pirates take action against travellers and goods, rotten deals set the two officers against each other, and finally jealousy settles to make things worse.",https://www.imdb.com/title/tt0140364/?ref_=sr_i_390
391. Rider in Blue,1959,1h 50m,,5.2,266,,"When private eye John Hillman is on assignment in London his wife Kajsa visits the Army's riding school at Strömsholm, Sweden. She gets involved in the strange murder of the Blue Rider. Unknown to everyone at Strömsholm.",https://www.imdb.com/title/tt0053233/?ref_=sr_i_391
392. Whirlpool,1959,1h 35m,,5.8,127,,"On the run from her murderous wartime partner in crime Herman, Lora hides on a Rhine barge captained by Rolf. The crew of three - Georg, Dina and Braun - quickly accepts her. But, both Herman and the police are on her trail.",https://www.imdb.com/title/tt0053442/?ref_=sr_i_392
393. We Are the Lambeth Boys,1959,50m,,6.8,319,,Seminal piece of documentary film by New Wave director Karel Reisz follows the daily activites of members of the Lambeth Youth club in late 1950's London.,https://www.imdb.com/title/tt0052380/?ref_=sr_i_393
394. Bouboulina,1959,1h 24m,,6.3,190,,"Captain Lascarina decides to organize the revolution in Spetses despite her double widowhood. In the struggle for the liberation of Greece, she gives all her property, fighting along with her lads.",https://www.imdb.com/title/tt0231290/?ref_=sr_i_394
395. Plunderers of Painted Flats,1959,1h 17m,Approved,6.3,114,,"To scare the squatters from the cattle country he claims as his own, Ed Sampson orders the Martin farm house burned.",https://www.imdb.com/title/tt0053175/?ref_=sr_i_395
396. Night of the Quarter Moon,1959,1h 36m,Approved,5.9,131,,A young man returns to San Francisco and his wealthy family with a new bride. His family objects to his marriage as his wife is mixed race and his mother is determined to have it annulled.,https://www.imdb.com/title/tt0053113/?ref_=sr_i_396
"397. ¿Dónde vas, Alfonso XII?",1959,1h 50m,,5.4,142,,"The youth of Prince Alfonso who would become King Alfonso XII of Spain after Queen Isabel II abdication, centered in his love for his cousin María de las Mercedes. Daughter of one of his mother's political opponents, their marriage against the Queen's will won for them popular approval and helped achieving political stability in a turmoiled country. Her early and tragic death would inspire the song of the film's title. The film was so successful that a second part (""¿Dónde vas triste de ti?"") would follow.",https://www.imdb.com/title/tt0052429/?ref_=sr_i_397
398. Yo pecador,1959,1h 37m,,7.4,41,,The life of Father Fray José Francisco de Guadalupe Mojica who was a famous Mexican singer and actor (José Mojica) before retiring to religious life.,https://www.imdb.com/title/tt0180322/?ref_=sr_i_398
399. Veerapandiya Kattabomman,1959,3h 21m,,7.8,275,,"When the British East India Company forces polygar Kattabomman to pay taxes, levies and be their subsidiary ruler, he openly defies their policy and battles them until his arrest and hanging.",https://www.imdb.com/title/tt0250803/?ref_=sr_i_399
400. Hot Money Girl,1959,1h 21m,,5.6,158,,Hidden somewhere inside St. Teresa's Convent in Czechoslovakia is a box containing a fortune in jewels. A lot of people are after it.,https://www.imdb.com/title/tt0053018/?ref_=sr_i_400
401. Oh! Qué mambo,1959,1h 22m,,5.9,89,,"Miguel Montero foils a bank robbery and finds success as a night club singer, but doesn't know his wife is being courted by an Italian fitness instructor.",https://www.imdb.com/title/tt0052022/?ref_=sr_i_401
402. María de la O,1959,1h 38m,,5.7,38,,María de la O leaves her family and her former boyfriend Miguel to go with a rich landowner who's supposedly in love with her...,https://www.imdb.com/title/tt0050693/?ref_=sr_i_402
403. Los hermanos Diablo,1959,1h 15m,,6.7,20,,,https://www.imdb.com/title/tt0244534/?ref_=sr_i_403
404. Samurai Saga,1959,1h 51m,,6.9,499,,"Japanese version of 'Cyrano de Bergerac', a poet/swordsman with a huge nose who loves a woman who loves another. Ignoring his true feelings, he helps them get together.",https://www.imdb.com/title/tt0052579/?ref_=sr_i_404
405. Riff Raff Girls,1959,1h 50m,Unrated,6.2,89,,"Vicky de Berlin, a female gangster haunted by wartime memories, runs a floating night club in Brussels. Marcel, her partner and lover, is in charge of printing forged banknotes in the bottom of a boat. He decides to rob the Bank of Belgium and exchange a huge sum of counterfeit money for its genuine equivalent. But things get complicated after Yoko, the leader of another gang and her lover The Bug interfere.",https://www.imdb.com/title/tt0052136/?ref_=sr_i_405
406. Old Heidelberg,1959,1h 48m,,6.8,83,,,https://www.imdb.com/title/tt0052551/?ref_=sr_i_406
407. The Big Operator,1959,1h 31m,Approved,6.4,444,,"During the 1950s, a corrupt labor union boss and the mob silence all those who witness their shady activities, but an honest union member threatens to testify in front of a Senate Committee, thus becoming a murder target.",https://www.imdb.com/title/tt0052629/?ref_=sr_i_407
408. Lazarillo,1959,1h 54m,,6.2,214,,"The story of Lazarillo, a poor boy who must live by his wits after being sold to a series of cruel masters.",https://www.imdb.com/title/tt0052995/?ref_=sr_i_408
409. Make Mine a Double,1959,1h 26m,Approved,5.5,214,,"A WWII British secret agent has a desperate mission in occupied France. An airman who is his double is enlisted in the scheme with the intention of deceiving the enemy, but everyone gets confused.",https://www.imdb.com/title/tt0053112/?ref_=sr_i_409
410. Lotna,1959,1h 30m,,6.0,524,,"Poland, during the World War. Lotna is a magnificent specimen of Arabian horse, the pride of her owner, too old to actually ride her but to whom she remains faithful nevertheless. The Polish cavalry army is also proud of their land, and loyal to rules, and custom. The German army is leading an overwhelming speed attack with tanks, an almost unheard of weapon, and bringing a way of life to an end. It's the last battle between Lotna (speed horse) and Blitzkriega (speed war).",https://www.imdb.com/title/tt0053019/?ref_=sr_i_410
411. Una señora movida,1959,1h 29m,,6.6,20,,A woman deceives her family by making them think she murdered her butler.,https://www.imdb.com/title/tt0276498/?ref_=sr_i_411
412. Murder in Kolonaki,1959,1h 55m,,6.9,249,,"A shroud of mystery covers the brutal murder of a successful artist. As the main suspect's sceptical son begins a personal investigation to prove his father's innocence, will he succeed where the Athens police have failed?",https://www.imdb.com/title/tt0236184/?ref_=sr_i_412
413. The Overcoat,1959,1h 15m,Not Rated,7.3,391,,"A story about a government clerk who has his precious new overcoat stolen. No-one seems willing to help him retrieve his prized possession, a fact that continues to concern him even when he is beyond the grave.",https://www.imdb.com/title/tt0053274/?ref_=sr_i_413
414. Rue de Paris,1959,1h 27m,,6.6,417,,"While Henri was a POW during the war, his wife passed away and he returned to face the challenges of bringing up three children alone. Henri may get drunk and angry at times but he also has a better side that will not stay buried.",https://www.imdb.com/title/tt0053230/?ref_=sr_i_414
415. Duel with Death,1959,1h 45m,,6.6,249,,"For centuries, the Norwegian Björndal family has been gaining wealth and prestige, painstakingly conquering farm land on nature to make their estate Björndal the envy of all the region, while their proud rivals, the noble von Gall family on the castle Borkland, lost fortune. The Björndal patriarch Dag Sr., scarred in the face during a bear kill, has two sons: his fierce first-born favorite Tore shares his love for taunting the von Galls, while the gentle Dag Jr. rather enjoys the silence of the forest. When Tore seems to court the equally proud and stubborn Elisabeth von Gall, she makes her military suitor Lt. Margas challenge him to a duel- Tore, armed only with his coach whip, is pierced by his saber and his corps carried away by the river; now Elisabeth turns away from him. Even a month later Dag Sr. refuses to believe the missing Tore must be dead. Hunting the last bear, Dag Jr. loses his rifle and is badly wounded killing the beast with his knife; Adelheid and her father, retired royal guards Major Barre, friends of the von Galls, witness this, bring him home and are invited to stay at Björndal, where Adelheid nurses him and slips out Tore's fate to Dag Sr.; she and Dag Jr. fall in love. Even when her father confesses the mortgaged castle estate is near financial ruin, Elisabeth refuses to consider finding a rich husband as Margas, who just died, could have been. At Christmas, Dag Sr. invites Adhelheid to stay indefinitely, and she persuades him to attend church for the first time since the death of his wife Thérèse, 20 years earlier- there he springs the lovers to marry. In Spring Dag Sr. has a major wood contract for the English mines, which can only be fulfilled with the castle's cooperation; the von Galls finally learn the Björndals have bought all their debts. Elisabeth refuses the logs customary passage by the river trough the castle estate so father Björndal chooses, at great expense and inhuman effort, to create an alternative route, even if it kills a workman to Dag Jr. disgust which even makes him leave to become a sailor, and forecloses on the castle- the proud Elisabeth rather sets fire to it and burns in it. Only the next Christmas Dag Sr. learns from von Gall that Elisabeth secretly loved Tore; trying to reach his meanwhile returned son and Adelheid, the old man catches a fatal cold in the snow, and dies after learning he has a newborn grandson, Tore.",https://www.imdb.com/title/tt0053393/?ref_=sr_i_415
416. Il nemico di mia moglie,1959,1h 40m,,5.8,97,,"Luciana and Marco are a couple in crisis because she, a lover of the US style and employed in a record store, can not stand that he, instead of dedicating himself to the work from which he is continually fired, has the fixed goal of football Sundays.",https://www.imdb.com/title/tt0053105/?ref_=sr_i_416
417. Freddy unter fremden Sternen,1959,1h 37m,,5.9,81,,"Freddy has inherited a land and house in Canada from his uncle. An orphan boy, Stefan, had smuggled himself as a blind passenger on board.",https://www.imdb.com/title/tt0052823/?ref_=sr_i_417
418. Personal Assistant,1959,2h 6m,Not Rated,7.9,127,,Ramapoda Dutta gets a job in an all-female company as the personal assistant to the Managing Director.,https://www.imdb.com/title/tt0363880/?ref_=sr_i_418
419. Vazha Vaitha Daivam,1959,2h 20m,Not Rated,,,,"Watch the full movie, Vazha Vaitha Deivam, only on Eros Now. Vazha Vaitha Deivam is a 1959 Indian Tamil film, directed by M.A. Thirumugham and produced by Sakthidas. The film stars Saroja Devi,Gemini Ganesan and Kannamba in lead roles. The film had musical score by K.V Mahadevan.",https://www.imdb.com/title/tt1459979/?ref_=sr_i_419
420. The Bandit of Zhobe,1959,1h 20m,Approved,5.1,167,,"In 19th century India, the rebellious Kasim Khan fights the English.",https://www.imdb.com/title/tt0052601/?ref_=sr_i_420
421. The Great Van Robbery,1959,1h 11m,Approved,5.8,156,,"Interpol detective Caesar Smith tracks robbers of the Royal Mint van. He travels to Rio de Janeiro, Rome and Paris and establishes the guilt of a London coffee importer.",https://www.imdb.com/title/tt0052863/?ref_=sr_i_421
422. Ferdinando I° re di Napoli,1959,1h 45m,,6.3,252,,"In 1806 Naples, King Ferdinand I of the Two Sicilies is frowned upon by the people, especially the comic theatrical Pulcinella, who continually delivers hard sermons, earning a reputation among the Neapolitans.",https://www.imdb.com/title/tt0053820/?ref_=sr_i_422
423. Follow a Star,1959,1h 33m,,6.5,694,,Norman Truscott is a store worker who dreams of stardom. Vernon Carew is a singer whose star is fading. Vernon manages to get a recording of Norman singing and passes it off as himself.,https://www.imdb.com/title/tt0052815/?ref_=sr_i_423
424. Maiden's Cheek,1959,1h 38m,,7.0,2.2K,,A young idealist scholar at an all-girls boarding school comes face to face with the institution's privileged students. Will they learn a thing or two about respect? Can a little discipline pave the way for a fresh whirlwind romance?,https://www.imdb.com/title/tt0177293/?ref_=sr_i_424
425. Road Back,1959,1h 32m,,5.8,33,,"Dan, Freddy and Carda are roaming about Prague thinking of how to get some money. They decide to break into the box-office of a cinema, but a passer-by interferes. Freddy loses his jacket in the fight, but all three young men escape at the end. Freddy is afraid to return home and is hiding at the docks. The police identify him from his papers, which they found in the jacket. At the docks Freddy meets the customs officer Tonka and stirs her to pity with a made-up story about a bullying father.",https://www.imdb.com/title/tt0051467/?ref_=sr_i_425
426. Three Stooges Fun-O-Rama,1959,1h 5m,,7.7,61,,"Columbia Pictures feature program of 4 unedited Three Stooges shorts, that feature Joe Besser, and were originally released between 1957-1959.",https://www.imdb.com/title/tt0390554/?ref_=sr_i_426
427. Pêcheur d'Islande,1959,1h 24m,,5.9,86,,"The new captain of a cursed fishing vessel falls in love with the owner's daughter, which displeases his jealous lover.",https://www.imdb.com/title/tt0159684/?ref_=sr_i_427
428. The Green Mare,1959,1h 34m,,6.1,407,,A feud between families in 1870's rural France.,https://www.imdb.com/title/tt0052953/?ref_=sr_i_428
429. The Chasers,1959,1h 18m,,6.8,479,,"Two young men, one shy and one self-confident, spend a fast-paced night in Paris trying to pick up chicks. They confront every possible difficulty.",https://www.imdb.com/title/tt0052759/?ref_=sr_i_429
430. Roadracers,1959,1h 14m,Approved,5.1,96,,"The father of a race car driver blames him for a death on the track, disowns him, and sponsors a rival racer.",https://www.imdb.com/title/tt0230702/?ref_=sr_i_430
431. Ce corps tant désiré,1959,1h 38m,,6.5,94,,"A man falls in love with Lina, a hot girl with a racy past who creates a sensation among the workers.",https://www.imdb.com/title/tt0154297/?ref_=sr_i_431
432. Sir Taqiyyat el-Ikhfa,1959,1h 36m,,7.1,555,,"Faseeh while playing in his father's lab, he causes the emergence of a goblin, which gets burnt, leaving a magical powder that makes things invisible. His elder brother Asfour discovers an invisible hat in the lab, but then troubles begin.",https://www.imdb.com/title/tt0356044/?ref_=sr_i_432
433. Stournara 288,1959,1h 23m,,7.0,265,,"The residents of the block of flats in 288, Stournara street have their own history. The doorkeeper watches carefully every little thing that happens in the apartment building and knows every resident's secrets.",https://www.imdb.com/title/tt0200177/?ref_=sr_i_433
434. The 47 Masterless Samurai,1959,3h 3m,,7.2,31,,,https://www.imdb.com/title/tt0186921/?ref_=sr_i_434
435. The Princess with the Golden Star,1959,1h 20m,,7.2,1.3K,,"A Czech fairy tale about a princess named Lada who runs away from home in a mouse-fur disguise in order to escape an unwanted, forced marriage.",https://www.imdb.com/title/tt0152073/?ref_=sr_i_435
436. Cry Tough,1959,1h 23m,Approved,5.8,217,,"Puerto Rican ex-con tries to go straight, but is tempted back to his old life by his former gang.",https://www.imdb.com/title/tt0052716/?ref_=sr_i_436
437. Hound-Dog Man,1959,1h 27m,Approved,5.3,176,,A farm boy (Dennis Holmes) and his dog go hunting with his teenage brother (Fabian) and an older friend (Stuart Whitman) in 1912.,https://www.imdb.com/title/tt0052906/?ref_=sr_i_437
438. Julie the Redhead,1959,1h 40m,,6.1,31,,The artist Edouard Lavigne falls in love with a young girl but must quickly leave her because her parents are opposed to this relationship. Edourd's son will go in search of this woman and will thereby meet her daughter. About a love story that continues from one generation to the next.,https://www.imdb.com/title/tt0137857/?ref_=sr_i_438
439. Kali Topi Lal Rumal,1959,2h 9m,Not Rated,6.4,27,,,https://www.imdb.com/title/tt0371765/?ref_=sr_i_439
440. Madari,1959,2h 4m,,5.8,26,,,https://www.imdb.com/title/tt0242630/?ref_=sr_i_440
441. Watusi,1959,1h 25m,Approved,5.5,423,,Alan Quatermain's son comes to Africa to find the treasure his father was unable to bring home.,https://www.imdb.com/title/tt0053436/?ref_=sr_i_441
442. The Policeman of the 16th Precinct,1959,1h 24m,,8.0,2K,,"Three poor friends, Ilias, Thomás and Vangelis, decide to commit a burglary, but everything, although being planned with detail, goes wrong.",https://www.imdb.com/title/tt0181592/?ref_=sr_i_442
443. Kiku to Isamu,1959,1h 57m,,7.6,103,,"Immediately after the Second World War, sister Kiku and brother Isamu, whose mother was a prostitute and the father was a GI, live with their grandmother in the country. Because their colour, hair is different from Japanese, they'd have a hard time, being bullied or treated like unusual creatures. Unfortunately, racism and some other issues such as being different still exist in Japan but the way Kiku portrayed was quite refreshing as she's so strong and fighting against all those stupidity and cliché.",https://www.imdb.com/title/tt0186273/?ref_=sr_i_443
444. The Heart of a Man,1959,1h 32m,,4.5,41,,"Frankie, an out-of-work sailor, meets Bud, a tramp who claims he is a millionaire. Bud gives him a shilling and promises him that if he can make £100 from it, he will be given £1,000. Armed with this, Frankie goes off to pursue his singing career and win the heart of Julie, the girlfriend of upper-class criminal Tony.",https://www.imdb.com/title/tt0052882/?ref_=sr_i_444
445. The Little Savage,1959,1h 13m,Approved,5.5,45,,"After burying stolen treasure on a desert island, a pirate shoots his partner and leaves him for dead. After recovering, the man finds a 10-year-old boy on the island. Years later, the pirates meet again and shoot it out.",https://www.imdb.com/title/tt0053012/?ref_=sr_i_445
446. Hubb lel-abad,1959,,,6.8,88,,"Amal is married to a criminal, upon his return from jail, her lover Ashraf kills him unintentionally. Ashraf asks his brother Mahmoud for help. An innocent man may get executed so Amal has to choose between her love and her conscience.",https://www.imdb.com/title/tt0126341/?ref_=sr_i_446
447. The Purple Gang,1959,1h 25m,Approved,6.0,409,,"The story of the infamous Purple Gang, a ring of bootleggers, hijackers and killers in 1920s' Detroit.",https://www.imdb.com/title/tt0054218/?ref_=sr_i_447
448. King of the Wild Stallions,1959,1h 16m,Approved,5.9,208,,A young widow and her son on an isolated ranch find themselves being protected by a wild stallion.,https://www.imdb.com/title/tt0052971/?ref_=sr_i_448
449. Didi,1959,,,8.3,52,,Gopal's sister believes that she knows what is best for him. But a series of events causes turbulence in the family.,https://www.imdb.com/title/tt0052740/?ref_=sr_i_449
450. The Buddenbrooks,1959,1h 39m,,6.8,259,,First part of two of the saga of the troubled Buddenbrook family and their business in mid-19th-century Germany.,https://www.imdb.com/title/tt0052656/?ref_=sr_i_450
451. Fridolfs farliga ålder,1959,1h 17m,,5.3,176,,"Selma and her friend Agatha are watching a movie on TV. Agatha starts to talk about older men and their dangerous age, but Selma can't image that her husband Fridolf is among those.",https://www.imdb.com/title/tt0052825/?ref_=sr_i_451
452. Prisoner of the Volga,1959,1h 42m,,5.2,94,,"A vicious play of intrigue, about love, desire and betrayal, in the dress of the military at the Cossacks around 1890.",https://www.imdb.com/title/tt0051401/?ref_=sr_i_452
453. A Woman's Temptation,1959,1h,,4.9,54,,"A young widow, struggling to make ends meet, finds stolen money but the thieves want it back.",https://www.imdb.com/title/tt0053452/?ref_=sr_i_453
454. Beyond All Limits,1959,1h 54m,Not Rated,6.7,122,,"In a Mexican fishing village, gringo Jim Gatsby hatches an illegal shrimp-catching scheme and runs afoul of local authorities as well as of jealous Mexican fisherman Pepe Gamboa who suspects his wife Magdalena of infidelity.",https://www.imdb.com/title/tt0050400/?ref_=sr_i_454
455. Zamach,1959,1h 23m,,6.9,195,,"Set in the occupied Warsaw, the film tells the story of the mission carried out by the student underground resistance group to execute the hated SS General Franz Kutchera.",https://www.imdb.com/title/tt0053465/?ref_=sr_i_455
456. Air Hostess,1959,1h 42m,,6.3,82,,"Set in the 1950s, the emerging period of new occupations --air hostess. Three beautiful young girls pass the interview of air hostess and start their new life and career. There are so many stories between the three new air hostesses and two airplane captains.",https://www.imdb.com/title/tt0211467/?ref_=sr_i_456
457. Ragazzi del Juke-Box,1959,1h 42m,,5.9,127,,"When a promising record company president is arrested, his daughter takes over his company to promote her own rock and roll music by promoting various young singers.",https://www.imdb.com/title/tt0053207/?ref_=sr_i_457
458. The Nights of Lucretia Borgia,1959,1h 48m,,5.3,80,,"Central Italy in the Late Middle Ages. Federico, a virtuous nobleman from an impoverished family, is brought into service by autocrat Cesare Borgia. His promiscuous sister Lucrezia seems to have an amorous interest in Federico and wants him as her lover though Federico is in love with Diana, the Duke of Alva's daughter, whom he has saved from being raped. When he learns about Diana's feud against the Borgia clan, he becomes aware of their infamous deeds.",https://www.imdb.com/title/tt0053128/?ref_=sr_i_458
459. Kalabog en Bosyo,1959,,,,,,"Together again for laughs, the nation's top comedy duo at their craziest, funniest best.",https://www.imdb.com/title/tt1158275/?ref_=sr_i_459
460. Vivir del cuento,1959,1h 30m,,7.7,31,,"Renato, in love with Elsa, feigns mourning for his late wife to his former father-in-law to obtain a loan. He hires Chóforo to prevent Elsa from marrying, not knowing that Chóforo wants her too.",https://www.imdb.com/title/tt0270052/?ref_=sr_i_460
461. Five Bold Women,1959,1h 22m,Approved,6.2,80,,A Texas Marshal transports five female prisoners to prison but their stagecoach is attacked en route by the Comanches and the ex-husband of one prisoner attempts to free her.,https://www.imdb.com/title/tt0052807/?ref_=sr_i_461
462. Vallatud kurvid,1959,1h 29m,,7.2,275,,"At a race in progress, Vaike meets bikers Raivo, a ladies' man, and Heino. Her twin Maret helps her navigate the ensuing adventures.",https://www.imdb.com/title/tt0142954/?ref_=sr_i_462
463. The Restless and the Damned,1959,1h 29m,,5.9,31,,"Set in French Polynesia, a man trades his old life for one in the Pacific.",https://www.imdb.com/title/tt0052557/?ref_=sr_i_463
464. Violent Women,1959,59m,,4.5,26,,"Five female prisoners murder an informer, then escape through a drainpipe into the streets of New York.",https://www.imdb.com/title/tt0053424/?ref_=sr_i_464
465. Boy of Two Worlds,1959,1h 33m,G,6.3,204,,Young boy whose father was from Denmark and mother from a tropical island must live with his paternal aunt in Denmark. His skin color becomes an issue right away and he decides to escape and live in the forest.,https://www.imdb.com/title/tt0053158/?ref_=sr_i_465
466. Nujum Pak Belalang,1959,1h 51m,,7.7,160,,"Based on a Malay folklore, this movie tells the story of Pak Belalang and his son who conspire to portray the latter as an astrologer in an attempt to help out fellow villagers in trouble. Convinced by his actions, the Penghulu (Mayor) brings him to the royal palace to help solve a robbery but the situation turns complicated when their lies began unravelling.",https://www.imdb.com/title/tt0277929/?ref_=sr_i_466
467. First Love,1959,1h 42m,,7.3,61,,Various sentimental events of a group of young people in Rome.,https://www.imdb.com/title/tt0052091/?ref_=sr_i_467
468. Sasameyuki,1959,1h 45m,,7.0,23,,,https://www.imdb.com/title/tt0426202/?ref_=sr_i_468
469. The Long March,1959,1h 35m,,6.7,24,,,https://www.imdb.com/title/tt0334683/?ref_=sr_i_469
470. My Pal the Gypsy,1959,1h 27m,,5.8,104,,"What do the well-to-do Védrineses have to do with a bunch of unpolished Gypsies like the Pittuitis? Nothing surely ... except that Théo Védrines, the son of the well-known publisher, has knocked up Zita, a Gypsy girl. Pittuiti sees red and decides to demand an eye for an eye. To this effect he sends his son Bruno, a guitarist, to the Védrineses', with the mission -not so impossible!- to seduce Gisèle, their daughter, in reprisal...",https://www.imdb.com/title/tt0053076/?ref_=sr_i_470
471. I ragazzi dei Parioli,1959,1h 17m,,5.8,65,,A tale on the Italian upper class of the '60s and their ways to kill time.,https://www.imdb.com/title/tt0053206/?ref_=sr_i_471
472. Jawani Ki Hawa,1959,2h 23m,Not Rated,5.4,14,,,https://www.imdb.com/title/tt0052940/?ref_=sr_i_472
473. Gunfighters of Abilene,1959,1h 6m,Approved,5.4,238,,"A gunman receives a request for help from his brother, but arrives too late to save him from the lawless rancher who wanted him dead.",https://www.imdb.com/title/tt0053883/?ref_=sr_i_473
474. Tipi da spiaggia,1959,1h 37m,,5.5,40,,Four penniless friends wich Belong to a small commedy theatre go to taormina a famous Italian beach resort willing to marry Barbara a famous multimillionaire cosmetic firm owner and forget their troubles. After a series of adventures the four youths go back to Rome with four new girlfriends.,https://www.imdb.com/title/tt0159793/?ref_=sr_i_474
475. The Moralist,1959,2h,,6.5,488,,"Augustino works as the General Secretary of Social Morality Union and takes fight to all kinds of mundane vices - striptease, nudity in movies and commercials. He is incorrupt and unyielding. Unfortunately, the rigid professional ethics sabotages his private life. Meanwhile, his boss plans to marry off his unattractive 29-year old daughter...to Augustino.",https://www.imdb.com/title/tt0053081/?ref_=sr_i_475
476. The Cutey-Pie,1959,1h 23m,,4.7,325,,"Fed up with constantly getting fired, an adorable young woman sets her mind on keeping her new job as a columnist; however, a blunder threatens to send her back to square one. Can her love-smitten colleague save this delightful cutie-pie?",https://www.imdb.com/title/tt0182330/?ref_=sr_i_476
477. Snow White,1959,1h 13m,,7.4,21,,,https://www.imdb.com/title/tt1343987/?ref_=sr_i_477
"478. Totò, Eva e il pennello proibito",1959,1h 39m,,6.0,355,,"When swindler La Spada and his accomplice José are released from jail in Madrid, they decide to pull a really great swindle: nothing less than to discover and sell a third picture of Goya's ""Maya in Camison"" (Maya in a nightgown). They engage the renowned Scorcelletti who lives in Rome and can forge any artwork. Afterwards, with help from the beautiful Eva, they convince celebrated art critic Francisco Montiel of the existence of a third Maya and let him find the picture. When the swindlers are at the point of selling the fake to an American millionaire, Scorcelli returns from Rome to sell one of his six other maya pictures.",https://www.imdb.com/title/tt0053370/?ref_=sr_i_478
479. Poor Millionaires,1959,1h 35m,,6.1,353,,Salvatore has an accident that makes him lose his memory and becomes director of the department store where his brother-in-law works.,https://www.imdb.com/title/tt0053185/?ref_=sr_i_479
480. The Last Blitzkrieg,1959,1h 24m,Approved,5.8,381,,"The fanatical son of a Nazi general leads a squad of German commandos, disguised as American troops, behind the lines in order to sabotage the Allied forces. Stars Van Johnson, Kerwin Matthews, Dick York and Larry Storch.",https://www.imdb.com/title/tt0051844/?ref_=sr_i_480
481. Sogno di una notte di mezza sbornia,1959,1h 30m,,6.2,39,,"Pasquale Grifone, who lives in Naples with his family, receives in a dream the visit of Dante Alighieri. The poet suggests to the man, clouded by the fumes of alcohol, four numbers to play.",https://www.imdb.com/title/tt0156091/?ref_=sr_i_481
482. Krystallo,1959,1h 33m,,5.2,27,,,https://www.imdb.com/title/tt0231935/?ref_=sr_i_482
483. Far til fire på Bornholm,1959,1h 44m,Not Rated,6.0,569,,"A family vacations on the small Danish island of Bornholm. Little Per meets a new friend, Torben, while Søs and Mie manage to destroy a movie production.",https://www.imdb.com/title/tt0052796/?ref_=sr_i_483
484. The Wind,1959,1h 39m,,6.9,56,,"A film about the Civil War between the Reds and the Whites, that followed the Bolshevik Revolution in Russia, and it's aftermath.",https://www.imdb.com/title/tt0052359/?ref_=sr_i_484
485. Inside the Mafia,1959,1h 12m,Approved,5.5,238,,The operators of a small upstate New York airfield become unwilling pawns in the struggle for control of a crime syndicate by two rival Mafia factions.,https://www.imdb.com/title/tt0052927/?ref_=sr_i_485
486. Astero,1959,1h 13m,,5.4,205,,"Astero, the beautiful step-daughter of a wealthy herder, falls in love with his handsome son, Thimios, whom his father wants to marry off to an affluent shepherdess. Now, she's on the brink of insanity. Can true love set her free?",https://www.imdb.com/title/tt0167773/?ref_=sr_i_486
487. Desert Mice,1959,1h 25m,,5.4,179,,WW2 British entertainment troupe bring comedy and chaos to North Africa.,https://www.imdb.com/title/tt0052728/?ref_=sr_i_487
488. Douze heures d'horloge,1959,1h 45m,,6.0,107,,Three criminals escape from a French prison and hide in a coastal village where they have to wait for 12 hours until the boat that is supposed to take them to freedom arrives.,https://www.imdb.com/title/tt0052757/?ref_=sr_i_488
489. Innocent Meeting,1959,1h 2m,Not Rated,5.7,79,,"A teenager on probation is falsely accused of robbery. A young girl, knowing the truth, must persuade the boy to give himself up and overcome his conviction that he is condemned to being a lifelong criminal.",https://www.imdb.com/title/tt0051777/?ref_=sr_i_489
490. The Bells Have Gone to Rome,1959,1h 21m,,5.1,38,,,https://www.imdb.com/title/tt0051699/?ref_=sr_i_490
491. Yajû shisubeshi,1959,1h 36m,,7.4,137,,"A promising post-graduate literature student (Nakadai) is transformed into a psychotic killer following the suicide of his father and a sleazy affair by his mother with a younger man. One of the first ""lonely hit-man"" or ""lonely killer.",https://www.imdb.com/title/tt0313796/?ref_=sr_i_491
492. Juke Box Rhythm,1959,1h 21m,Approved,5.5,100,,"While in New York to select her coronation wardrobe, Princess Ann is photographed dancing with Riff Manton, son of impoverished producer George Manton. A dress designer, Balenko, gives Riff a large commission when Princess Ann buys her wardrobe from him and Riff uses the money to help his father produce a hit show, a Juke Box Jamboree.",https://www.imdb.com/title/tt0052951/?ref_=sr_i_492
493. It's Not Her Sin,1959,1h 44m,,6.9,15,,"After the man who nearly killed her is brought to trial, Eun-hie finds that she must take the stand to give evidence. However, the defense attempts to turn the tables on her by revealing her sordid past and trying to make it seem as if she deserved what happened to her.",https://www.imdb.com/title/tt0388967/?ref_=sr_i_493
"494. Molokai, la isla maldita",1959,1h 44m,,6.1,77,,"Biography of the father Damian de Veuster, Belgium missionary of the Holy Heart order in an island of Hawaii.",https://www.imdb.com/title/tt0053075/?ref_=sr_i_494
495. Kölyök,1959,1h 31m,,7.0,79,,,https://www.imdb.com/title/tt0052983/?ref_=sr_i_495
"496. Pier 5, Havana",1959,1h 7m,Approved,5.3,304,,"A Yank comes to Havana in search of an old friend who disappeared during the Cuban Revolution, and discovers a group of Batista sympathizers plotting to overturn Castro.",https://www.imdb.com/title/tt0053169/?ref_=sr_i_496
497. Tank Commandos,1959,1h 19m,Approved,4.5,218,,A demolition squad searches for how the Germans are getting tanks across a river. An Italian boy leads them to a bridge under the surface of the water.,https://www.imdb.com/title/tt0053332/?ref_=sr_i_497
498. European Nights,1959,1h 42m,,6.6,69,,"A tour of the nightlife in Rome, Paris, London, Madrid, Vienna, Brussels and more. Artists seen performing include Carmen Sevilla, Domenico Modugno and The Platters.",https://www.imdb.com/title/tt0052791/?ref_=sr_i_498
499. Natürlich die Autofahrer,1959,1h 22m,,6.3,619,,Eberhard Dobermann is a widower and a policeman who loves to control the roads and let people pay fines. Even with his neighbour and friend Jutta Schmalbach he has no pity. Thus he cannot understand why his daughter Karin just falls in love with a racing pilot called Walter. But it gets even worse when Eberhard wins a VW-Kaefer at the annual police party. So he has to learn to drive and thus even brings his teacher close to a heart attack.,https://www.imdb.com/title/tt0053100/?ref_=sr_i_499
500. Die schöne Lügnerin,1959,1h 34m,,5.5,150,,In Vienna in 1815. A lovely corset-maker fell madly in love with a so-called first valet.,https://www.imdb.com/title/tt0053252/?ref_=sr_i_500
501. Dongshimcho,1959,2h 5m,,6.4,15,,Widow Lee falls in love with a married man and her daughters are forced to confront them before their ruinous scandal destroys all their lives.,https://www.imdb.com/title/tt0389940/?ref_=sr_i_501
502. Samurai Vendetta,1959,1h 49m,Not Rated,6.6,355,,"Honor-bound warriors find themselves torn between duty and desire as rival clans clash. Their paths cross in a deadly triangle of love, leading to an inevitable confrontation.",https://www.imdb.com/title/tt0199580/?ref_=sr_i_502
503. Dokuritsu gurentai,1959,1h 49m,,6.8,282,,"When Sergeant Okubo's brother is murdered at a Japanese outpost in Northern China during the Second World War, Okubo poses as a war correspondent and seeks out his brother's killer. The command is wiped out by Chinese forces and Okubo escapes and joins a tribe of bandits.",https://www.imdb.com/title/tt0052747/?ref_=sr_i_503
504. The Scavengers,1959,1h 19m,Not Rated,5.6,120,,"This low-budget Asian-set adventure concerns The reformed smuggler Stuart Allison finds his missing wife Marion in Hong Kong. Marion has fallen in with a bad crowd and is involved with narcotics and stolen government bonds, requiring Stuart to extricate her from her woes.",https://www.imdb.com/title/tt0057474/?ref_=sr_i_504
505. Dos fantasmas y una muchacha,1959,1h 20m,,7.4,97,,Two ghosts from a century-old duel haunt a theater and try to protect a girl threatened by bank robbers.,https://www.imdb.com/title/tt0264555/?ref_=sr_i_505
506. A Matter of Minutes,1959,1h 46m,,6.4,75,,"Dorothea Angermann the daughter of a clergyman is accused of the murder of her husband, a brutal man that she was obliged to marry because she was pregnant and he was the father of the baby.",https://www.imdb.com/title/tt0051551/?ref_=sr_i_506
507. Bal de nuit,1959,1h 30m,,,,,,https://www.imdb.com/title/tt0149777/?ref_=sr_i_507
508. A Simple Story,1959,1h 8m,,7.1,270,,"A woman arrives in Paris with her little girl to look for work. With limited funds and no luck, they end up penniless, homeless and dependent on the rare kindness of strangers.",https://www.imdb.com/title/tt0332458/?ref_=sr_i_508
509. Chhoti Bahen,1959,2h 35m,,6.7,58,,"Chhoti Bahen is the story about the delicate but powerful bond of love. Rajendra and Shekhar lose their parents, and the all they have is each other, and their younger sister Meena. Though in love, Rajendra swears that he will not marry till his younger brother and sister are settled. Shekhar falls in love with a rich girl Shobha. Meanwhile, Meena's marriage is fixed. Misfortune strikes when Meena meets with an accident and is blinded forever. Shekhar, pressed on by an impatient Shobha, marries her and they go away to live with her rich father. Rajendra loses his job. To support his poor blind sister, he is desperate for a job.",https://www.imdb.com/title/tt0255050/?ref_=sr_i_509
510. Dos corazones y un cielo,1959,1h 10m,Not Rated,7.0,19,,"Husband and wife share the spotlight as two of Mexico's most famous ranchera singers, but when they decide to pursue solo careers, a Spanish theatrical empresario and an Italian female chocolatier will threaten their marriage.",https://www.imdb.com/title/tt0402142/?ref_=sr_i_510
511. The Children,1959,1h 30m,,6.5,186,,"Four boys meet at a kiosk during a rainy afternoon. One of them must study and the other three go to the cinema, although they're too young to see the film. Andrés works as a hotel bellman and dreams of being a bullfighter, ""El Chispa"" runs his father's kiosk, Carlos is a student, and ""El Negro"" is a shy boy. The group of friends just wants to have fun, but reality forces them to deal with the problems of the adult world.",https://www.imdb.com/title/tt0053710/?ref_=sr_i_511
512. Subway in the Sky,1959,1h 27m,Approved,5.8,190,,A military doctor is falsely accused of dealing illegal drugs. Can he prove his innocence?,https://www.imdb.com/title/tt0053316/?ref_=sr_i_512
513. La prima notte,1959,1h 30m,,5.1,98,,"A man of few scruples, the barman Alfredo, decides to steal the jewels of Isabella de Santos, a billionaire.",https://www.imdb.com/title/tt0052090/?ref_=sr_i_513
514. Mustang!,1959,1h 13m,Approved,4.0,45,,"In the hills and forest surrounding a horse-breeding ranch an unbroken wild mustang (played by a male horse named Autumn Moon, who is not a human actress) who has been a constant challenge to the ranch owner (Milt Swift) and his hired hand Lou (Steve Keyes) who have attempted, and failed, to kill the horse several times as a bad influence on the tame horses of the ranch. One of the cowhands, Gabe (Jack Beutel)and the owner's sister, Nancy (Madalyn Trahey), believe that the mustang can be captured and tamed and be made a valuable asset to the ranch. Despite opposition by Lou, they set out to do so.",https://www.imdb.com/title/tt0127038/?ref_=sr_i_514
515. Caín adolescente,1959,2h 10m,,6.9,22,,,https://www.imdb.com/title/tt0184334/?ref_=sr_i_515
516. Yevgeni Onegin,1959,1h 46m,,7.3,166,,His uncle's illness forces the nobleman Eugene Onegin to leave St. Petersburg for the countryside.,https://www.imdb.com/title/tt0052790/?ref_=sr_i_516
517. The Kingdom and the Beauty,1959,1h 40m,,6.8,179,,"A bored Ming Dynasty Emperor decides to take a vacation from his regal duties to a village that boast to have beautiful women. He then happens on a local beauty Li-feng, an innocent waitress who works in a local wine shop.",https://www.imdb.com/title/tt0194984/?ref_=sr_i_517
518. Lin Zexu,1959,1h 42m,,6.4,139,,"Set in the middle of 19th century, in city of Guangzhou. The United Kingdom stretches her tentacles to China, the country of great antiquity. UK exports a lot of opium to the Qing Dynasty and takes away immense amount of treasure. The ""resistance"" and ""accommodationist"" groups take intense struggles in the court. The Emperor supports Lin Zexu's prohibition policy of opium and sends him to Guangzhou as a Imperial Commissioner for investigating and prohibiting opium problems.",https://www.imdb.com/title/tt0053010/?ref_=sr_i_518
519. Vacanze d'inverno,1959,1h 40m,,6.2,118,,"Alberto Moretti arrives in Cortina D'Ampezzo ,with daughter Marcella,who has just won a TV contest ,the prize of which is a free stay in a luxury hotel.",https://www.imdb.com/title/tt0053402/?ref_=sr_i_519
520. T-Bird Gang,1959,1h 5m,Not Rated,4.4,289,,"A high school boy, out to find his father's killer, joins up with a gang of juvenile delinquents.",https://www.imdb.com/title/tt0163315/?ref_=sr_i_520
521. Ramuntcho,1959,1h 30m,,5.0,34,,,https://www.imdb.com/title/tt0160735/?ref_=sr_i_521
522. Gunmen from Laredo,1959,1h 7m,Approved,5.1,299,,"After his wife's murder, Gil Reardon seeks revenge on Ben Keefer. Framed for murder, he escapes prison. The Marshal permits Reardon to face Keefer and his brothers, criminals the Marshal couldn't convict. Reardon confronts them alone.",https://www.imdb.com/title/tt0052869/?ref_=sr_i_522
523. Chaleurs d'été,1959,1h 29m,,7.1,16,,"Two girls,a virtuous one and a hussy, fight for a young man in the vineyards of the south of France.",https://www.imdb.com/title/tt0142158/?ref_=sr_i_523
524. Murder at Site 3,1959,1h 7m,,,,,Sexton Blake tracks down a gang who have stolen secrets from a rocket site.,https://www.imdb.com/title/tt0053087/?ref_=sr_i_524
525. De espaldas a la puerta,1959,1h 28m,,6.5,68,,"Tonight ""The Golden Mouse Trap"" is a crime scene sealed by the cops. Who stabbed young newcomer Patricia in the face? Her jealous workmate Lola? The pianist who might know her from before? The slick client with money to burn?",https://www.imdb.com/title/tt0052725/?ref_=sr_i_525
526. The Rambling Guitarist,1959,1h 17m,Not Rated,6.4,246,,"Arriving in the town of Hakodate, a wandering musician, Shinji Taki, is soon recruited by the local gang as a hired hand. However, with the arrival of a sinister gunman, Taki's mysterious past catches up with him.",https://www.imdb.com/title/tt0270394/?ref_=sr_i_526
527. Speed Crazy,1959,1h 15m,Approved,5.0,56,,"Racer Nick Barrow, brother of Wheel, competes in races across the country. When trapped in a race, a thrilling chase along a mountain's edge ensues.",https://www.imdb.com/title/tt0053300/?ref_=sr_i_527
528. Der Schatz vom Toplitzsee,1959,1h 22m,,6.0,56,,"Mysterious boxes sunk by the SS in the Toplitzsee (Austria) are recovered. The journalist Löhde, who senses a hot story, is to be eliminated by all means.",https://www.imdb.com/title/tt0053249/?ref_=sr_i_528
529. Mis padres se divorcian,1959,1h 58m,,6.1,15,,"A middle-aged couple has decided to file for divorce, but during the legal proceedings they engage in a ruthless battle for the love of their only daughter, a teenager.",https://www.imdb.com/title/tt0236504/?ref_=sr_i_529
530. The Fall,1959,1h 24m,,7.0,129,,"Albertina, a pretty but wet university student, is hired by a bedridden widow to take care of her and her four children. Helping out around the house she soon discovers the kids live a life of their own, independent of their mother, who neglects them. The atmosphere of the place is both fascinating and unhealthy and Albertina gradually finds herself stuck in it so that although a young lawyer falls for her, she won't follow him out of the house...",https://www.imdb.com/title/tt0051465/?ref_=sr_i_530
531. Las señoritas Vivanco,1959,1h 49m,TV-14,7.8,93,,"Dos hermanas solteronas creen que cometer un robo deja de ser considerado como pecado, después de ir a la confesión.",https://www.imdb.com/title/tt0170565/?ref_=sr_i_531
532. La nipote Sabella,1959,1h 30m,,6.3,74,,"Donna Sabella accompanies her nephew Raffaele and Lucia on their honeymoon in Rome when he meets two Americans who want to go to Pollena because there seems to be oil in the soil ""The bubbles"". Immediately Sabella abandons Lucia and Raffaele and goes back in search of oil. But the ownership of the land is regulated by a will that assigns it to the first female heir between the children of Raffaele and Lucia and those of Emilio and Carmelina, all yet to come. Donna Sabella will want to make her voice heard.",https://www.imdb.com/title/tt0051997/?ref_=sr_i_532
533. Eu Sou o Tal,1959,1h 25m,,6.4,42,,"Winner of a Theater talent contest, in which he was the only one to enroll, Belizário da Silva leaves his hometown, and tries to make it in Rio de Janeiro.",https://www.imdb.com/title/tt0194854/?ref_=sr_i_533
534. Verwirrung der Liebe,1959,1h 45m,,6.2,32,,"Slatan Dudow's best-known and last completed film, a big-budget production featuring Angelica Domroese (of later The Legend of Paul and Paula fame), Annekatrin Bürger and Willi Schrade. The film ran into trouble with official socialist morality due to its frank depiction of sex (including nude bathing scenes) and portrayal of consumerism, along with a very stylized version of comedy.",https://www.imdb.com/title/tt0053415/?ref_=sr_i_534
535. Isla para dos,1959,1h 35m,,7.4,21,,"A married, middle-aged painter falls for a young woman, awakening feelings of love he had never experienced before.",https://www.imdb.com/title/tt0154655/?ref_=sr_i_535
536. The Broken Record,1959,1h 43m,,6.9,155,,"A disowned composer whose songs and lyrics are plagiarized and re-arranged by corrupted studios before the copyright infringements took effect, composes one last song which could never be sung without his orchestral presence.",https://www.imdb.com/title/tt0352495/?ref_=sr_i_536
537. Laos Kai Kolonaki,1959,1h 17m,,5.8,225,,"Mad about the neighbourhood's blonde diva, an honest dairyman who struggles to keep his business afloat, decides to go to great lengths to get her attention, ignoring the only woman who has ever truly loved him. Will he open his eyes?",https://www.imdb.com/title/tt0208254/?ref_=sr_i_537
538. Sängkammartjuven,1959,1h 33m,,6.2,54,,"Rich socialite are falsely rumored to have an affair with an author. Meanwhile, the police is searching for a cat burglar.",https://www.imdb.com/title/tt0053328/?ref_=sr_i_538
539. Man Accused,1959,58m,Not Rated,5.7,124,,"Just after he has become engaged to a baronet's daughter, Bob Jenson is arrested for robbery and murder. He breaks jail, tracks down the real criminals and hands them over to the authorities.",https://www.imdb.com/title/tt0053040/?ref_=sr_i_539
540. Orzel,1959,1h 44m,,7.2,229,,"Based on a true story of the Polish submarine ORP Orzel (Eagle). In September 1939, Orzel docks in the neutral Estonian harbor of Tallin. Under pressure from Germany, the Estonians have interned the boat. With only a small amount of fuel on board and his charts having been confiscated, Commander Grabinski decides to escape to England through the Baltic Sea.",https://www.imdb.com/title/tt0053148/?ref_=sr_i_540
541. Rommel ruft Kairo,1959,1h 45m,,6.3,110,,In 1942 the Germans devised an operation to introduce in Egypt spies to provoke a rebellion against the British.,https://www.imdb.com/title/tt0052145/?ref_=sr_i_541
"542. Anata to watashi no aikotoba: Sayônara, konnichiwa",1959,1h 26m,,7.4,58,,Kazuko and Umeko have been friends since college. They are modern businesswomen who have many obligations in life and are not ready for marriage. Their families think differently and strive to arrange their personal happiness.,https://www.imdb.com/title/tt0053246/?ref_=sr_i_542
543. Sangte Aika,1959,2h 37m,,7.9,24,,"Mahádev, the landowner of Rájurí village in Mahárásht.ra, India, is a tyrant obsessed with his own glory. Sakhárám, a poor farmer, dares to race his bullock-cart against Mahádev's, and Mahádev enlists Sávl.yá the dacoit to teach Sakhárám a lesson. Chimá, a dancer in the folk theatre, becomes aware of Mahádev's treacherous crimes against Sakhárám, his beautiful wife Hamsá, and even Sávl.yá. Destiny offers Chimá an unexpected opportunity to exact a terrible vengeance on Mahádev through his beloved son Kisná.",https://www.imdb.com/title/tt0238575/?ref_=sr_i_543
544. Onkel Bill fra New York,1959,1h 30m,,5.8,202,,"Hans' boss/uncle Bill from NYC visits him in Copenhagen. His wife left him and fearing getting fired, he ""convinces"" Johnny to dress up as his wife. Will the cover be blown?",https://www.imdb.com/title/tt0053138/?ref_=sr_i_544
545. I Am Free,1959,1h 55m,,7.0,228,,Aminia is a young woman living with her aunt's family which includes her uncle and her cousin. The men in her life further reinforce the themes of male dominance in the film with their restriction on her life.,https://www.imdb.com/title/tt0355193/?ref_=sr_i_545
546. Diez fusiles esperan,1959,1h 29m,,5.8,58,,"During the first Carlist war in the 1830s in Spain a lieutenant falls into the enemy's hands and is arrested. When condemned, he claims he only wanted to see his newborn baby.",https://www.imdb.com/title/tt0051538/?ref_=sr_i_546
547. The Snow Flurry,1959,1h 18m,,7.1,231,,"A flashback story of a young man, from his disgraced birth, his harsh life and his forbidden love, until when broken-hearted, can break out in search of a place where to live means more than being alive.",https://www.imdb.com/title/tt0052966/?ref_=sr_i_547
548. Milagros de San Martín de Porres,1959,1h 35m,,6.4,7,,,https://www.imdb.com/title/tt0218439/?ref_=sr_i_548
549. Deadly Record,1959,58m,,5.9,237,,"An airline pilot, falsely accused of wife-murder, sets out to find who really did it.",https://www.imdb.com/title/tt0204247/?ref_=sr_i_549
550. De sjove år,1959,1h 36m,,5.5,46,,"A bunch of festive students live at Egmont College, which serves as a hotel during the summer.",https://www.imdb.com/title/tt0124124/?ref_=sr_i_550
551. Labyrinth,1959,1h 35m,,6.4,49,,"Georgia Gale was a great poet, but then she stopped writing and started drinking heavily. Now, as a desperate last resort, she has traveled to Switzerland, where she hopes to find a cure.",https://www.imdb.com/title/tt0052984/?ref_=sr_i_551
552. Do Ustad,1959,2h 19m,Not Rated,7.3,100,,"Orphaned brothers Jagannath and Rajan turn to crime for survival. Jagannath, a seasoned criminal, leads a double life, while Rajan aids the police. Their paths cross unknowingly. The climax unfolds with a police chase and a family reunion.",https://www.imdb.com/title/tt0135399/?ref_=sr_i_552
553. Rani Rupmati,1959,2h 28m,,5.9,38,,"During Akbar's rule over Hindustan, the Mughal's considered Pathans their enemies and vice versa. As a result there was a war-like relation between Mandva's Sultan Sujat Khan and Akbar. But Sujat's son, Wajid, was a peace-maker and a lover of the arts. He befriended a Hindu Kshtriya, Rajkumari Rupmati, of Mandhavghar, and despite protests from her parents, brothers, and to-be husband, Baldev Singh, she re-located to Mandva, where Wajid build her a tower so that she could view and seek blessings from holy river Narmada, who had gifted her to Mandhavghar. She became instrumental in diverting Narmada to bring water to her drought-stricken hometown. After Sujat passes away, Wajid becomes the Sultan and is called Bagh Bahadur. Akbar hears about this and sends Sangeet Samrat Tansen to check out Rupmati as well as find out if they wanted peace or war. Tansen was welcomed, and assured that Wajid wanted nothing but peace. But their peaceful lives will soon be turned upside when Tansen gets abducted by Subedar Hafiz Khan, is held against his will. An enraged Akbar asks his Chieftain Adam Khan to storm Malwa and free Tansen. In the meantime, Hafiz' daughter, who is in love with Wajid, gets into Rupmati's palace - with one intent - to kill her. Watch the outcome as the Pathans together with their Hindu allies, amidst mixed chants of 'Allah O Akbar' and 'Har Har Mahadev' prepare themselves for Akbar's armies, and how Rupmati defends herself against Hamida.",https://www.imdb.com/title/tt0368196/?ref_=sr_i_553
554. When Hatred Rules,1959,1h 16m,,4.3,12,,"A young couple returns from France to Greece full of plans for their life. But the young man's mother, assisted by other relatives, does everything she can to separate them.",https://www.imdb.com/title/tt0288691/?ref_=sr_i_554
555. Kiss Her Goodbye,1959,1h 34m,,5.7,243,,Psychological tale about the disintegration of a young woman's sanity.,https://www.imdb.com/title/tt0052972/?ref_=sr_i_555
556. Policarpo 'ufficiale di scrittura',1959,1h 44m,,6.7,137,,"The action is focused at the end of the 19th century. Policarpo De Tappetti is a calligrapher who works under the orders of Don César Pancarano de Rondò. For many years, Policarpo seeks a promotion and a raise that never came, and, it seems, will never come. One day, Jerónimo, the son of Don César, meets Celeste, the daughter of Policarpo, and falls in love with her. Policarpo sees in that relationship the solution to his aspirations at work, and does everything in his power to make this relationship fruitful. Don César, who presumes to be a count, sees with very bad eyes that his son meets a girl from such a different social position, and does just the opposite. But the efforts made by both parties will be of no use, since Celeste has fallen in love with Mario Marquetti, a ""specialized mechanic"" (typist) who is giving private lessons in the offices of the businessman Franquinet .",https://www.imdb.com/title/tt0052078/?ref_=sr_i_556
557. Sonatas,1959,1h 43m,,5.6,87,,"""Ugly, Catholic and sentimental"", Javier de Montenegro is best known for the noble title he holds: that of Marqués de Bradomín. Rid of dying on the gallows thanks to Captain Casares, Bradomín helps him, in return, to flee to Mexico. Then, Bradomín retakes his old passion of youth towards Concha, married now with the Count of Bradesco. Six years later, Bradomín, now a gambler in Mexico, seduces the beautiful Niña Chole, lover of General Bermúdez, who heads the fight against the revolutionary troops in whose ranks is Captain Casares.",https://www.imdb.com/title/tt0053294/?ref_=sr_i_557
558. Moana,1959,1h 22m,,5.8,9,,"Explores Hawaii's landscapes and marine life, featuring coral reefs and fish. It highlights traditional Hawaiian dances, like the hula, and offers a glimpse into daily life, blending tradition with modernity.",https://www.imdb.com/title/tt0053074/?ref_=sr_i_558
"559. 2 x Adam, 1 x Eva",1959,1h 31m,,,,,,https://www.imdb.com/title/tt0142061/?ref_=sr_i_559
560. The Black Chapel,1959,1h 28m,,6.1,76,,"1933 in Germany. The rise of Nazism fears war and some officers, concerned the fate that hostilities would reserve to their country, organize an anti-Nazi group. They send a reporter, Golder, to communicate the plan of the German offensive allies.",https://www.imdb.com/title/tt0138461/?ref_=sr_i_560
561. 48 Hours to Live,1959,1h 26m,,4.0,32,,"A spy melodrama in which a New York newspaper reporter, sent to Gotland to interview a nuclear scientist, becomes involved with foreign agents who have kidnapped the scientist's daughter.",https://www.imdb.com/title/tt0053055/?ref_=sr_i_561
562. Signé: Arsène Lupin,1959,1h 40m,,6.3,260,,"Arsène Lupin and his accomplice La Ballu rob a villa. Being disturbed by the police, they have time to take a picture. This painting represents a fresco in three parts, La Ballu steals the second painting. The third painting is in the Florence Museum but when Lupin arrives, the painting is gone.",https://www.imdb.com/title/tt0052578/?ref_=sr_i_562
563. Dil Deke Dekho,1959,3h 7m,,6.9,186,,An adopted rich heiress falls in love with a drummer who is unaware of his family's background.,https://www.imdb.com/title/tt0230141/?ref_=sr_i_563
564. La Valse du gorille,1959,1h 40m,,4.8,85,,"The Russian, British, American and German secret services are fighting over plans for a missile. When the Gorilla learns that its former leader is threatened, it abandons its garrison in Bayonne to enter this waltz of spies",https://www.imdb.com/title/tt0126712/?ref_=sr_i_564
565. Kagerô-gasa,1959,1h 27m,,6.7,8,,"A vagabond saves a young blind princess from a murderous plot. The two of them take to the road. A colorful adventurous melodrama, whose power is reminiscent of Chaplin's City Lights.",https://www.imdb.com/title/tt0188732/?ref_=sr_i_565
566. The Dead Man's Treasure,1959,1h 29m,,7.5,712,,"Theoni finds a strange way to gain some money, in order to pay her bills , by renting rooms in her rickety house.",https://www.imdb.com/title/tt0219350/?ref_=sr_i_566
567. Zhazhda,1959,1h 20m,,7.0,90,,Odessa is under German siege and is in dire need of water. A special squad is going to fight off the water pumping station and water the city.,https://www.imdb.com/title/tt0053466/?ref_=sr_i_567
568. Ottsy i deti,1959,1h 40m,,6.5,69,,,https://www.imdb.com/title/tt0053817/?ref_=sr_i_568
569. Il padrone delle ferriere,1959,1h 50m,,6.4,47,,"Philippe Derblay, master of Pont Avesnes ironworks, is an honest and generous young man loved by his workers. He has long been in love with Marchioness Claire de Beaulieu.",https://www.imdb.com/title/tt0052042/?ref_=sr_i_569
570. 800 Leagues Over the Amazon,1959,1h 44m,,5.5,57,,,https://www.imdb.com/title/tt0236942/?ref_=sr_i_570
571. Raj Tilak,1959,2h 51m,,6.8,20,,A young man goes on a quest to find his mother and to restore justice in a kingdom that has fallen into the hands of traitors.,https://www.imdb.com/title/tt0052116/?ref_=sr_i_571
572. Blessings of the Land,1959,1h 51m,TV-PG,7.3,123,,"A young married couple, Maria and Jose (Rosa Rosal and Tony Santos) start life together creating a lanzones orchard in the countryside. They have four children - Miguel (Leroy Salvador), Arturo (Carlos Padilla Jr), Angelita (Marita Zobel), and Lito (Danilo Jurado). The eldest, Miguel, is a deaf-mute. Life is good to them and the children grow up and bring joy to the community. But trouble enters their lives when Jose makes an enemy of Bruno (Joseph de Cordova). Bruno, a widower, is much feared in the village, for it is rumored that he caused the death of his wife. And yet he wants to remarry and is courting Choleng (Mila Ocampo), Jose's niece. But Choleng avoids Bruno and one day, in trying to get away from him, she slips and falls off a cliff and dies. The village is outraged and Bruno hides in the mountains. There, he plots his revenge on the village, particularly on Jose's family.",https://www.imdb.com/title/tt0159283/?ref_=sr_i_572
573. Black Cat,1959,2h 34m,,7.0,36,,"Few people in real life would relish making the decision that Inspector Rajan is forced to take when he corners the identity of Black Cat a notorious character who lives the life of a professor by day and a crook by night. Inspector Rajan is deputed to bring in Black Cat dead or alive by his chief, the Commissioner of Police. Despite his long record of success in the police force, Rajan is driven to desperation at the sheer genius of Black Cat who avoids all the nets laid for him. Also engaged in the chase of Black Cat is a jovial private detective and his untiring secretary Bul Bul. The pair start on their own collect clues and despite the seeing bufoonery of Popat, played by Johny Walker and his ubiquitous companion, Shammi, they manage to bring to light quite a bit of information after many hair-raising adventures into the den of Black Cat. Meanwhile Inspector Rajan gets his long-needed break and suddenly the entire police force is electrified into activity, as the true identity of the notorious gangster is revealed.But all hearsay is of no avail.Rajan must have proof of Black Cat's guilt. This sets the stage for the most thrilling screen adventures of the day. Black Cat and his hoodlums work so methodically and are so well organized that to unravel the mystery of their gang the Inspector must venture right into the midst of their headquarters, and carry his life in his own hands, to put it literally.",https://www.imdb.com/title/tt0154236/?ref_=sr_i_573
574. La vida de Agustín Lara,1959,1h 56m,,7.6,22,,"A biopic of composer Agustín Lara, from his humble arrival in Mexico City looking for fame and fortune to his meteoric rise to stardom. Includes his early gig in a brothel, his love affairs, and the music that made him famous.",https://www.imdb.com/title/tt0052362/?ref_=sr_i_574
575. Gangster Boss,1959,1h 32m,,5.8,332,,"Two con men kidnap a wealthy man's young son while pretending to be Indians, but the troublesome boy proves more challenging than expected.",https://www.imdb.com/title/tt0052860/?ref_=sr_i_575
576. Krzyz Walecznych,1959,1h 24m,,6.9,208,,"Three episodes showing the repercussions of war. A soldier returns to his ruined village, a stray dog turns out to be the former guard at Auschwitz, a young widow is hailed as the wife of the hero but dreams of something else.",https://www.imdb.com/title/tt0052980/?ref_=sr_i_576
577. 91:an Karlsson muckar (tror han),1959,1h 30m,,3.9,55,,"Squadron leader Morgonkröken writes two letters, but gets confused and happens to send one to the colonel where he calls him ""an old fart"".",https://www.imdb.com/title/tt0053562/?ref_=sr_i_577
578. Der Haustyrann,1959,1h 30m,,6.2,383,,,https://www.imdb.com/title/tt0051707/?ref_=sr_i_578
579. Sister's Garden,1959,1h 59m,,6.4,22,,"The Nam family leads a life of upper-middle class luxury. But this wealth lies on unstable foundations, and when the father dies suddenly, Jung-hee, as the new head of the family, finds herself with steep debts and no source of income. At last, she must decide on something that riskier than before.",https://www.imdb.com/title/tt0388143/?ref_=sr_i_579
580. Melodías inolvidables,1959,1h 46m,,,,,,https://www.imdb.com/title/tt0243412/?ref_=sr_i_580
581. Bobbikins,1959,1h 29m,Approved,5.1,202,,"Shirley Jones and Max Bygraves portray the parents of the title character, an infant who talks like an adult.",https://www.imdb.com/title/tt0053661/?ref_=sr_i_581
582. Un vaso de whisky,1959,1h 28m,,6.0,89,,"Víctor is a handsome boy, skeptical and lover of the pleasures of life. He has no job or benefit and lives on women without realizing that his behavior triggers dramas and disappointments, pain and hopelessness.",https://www.imdb.com/title/tt0052348/?ref_=sr_i_582
583. The Boy and the Bridge,1959,1h 31m,,7.6,37,,"After an unpleasant argument with his dad, a boy has interesting adventures all around London town as he runs away from home and is sought by police.",https://www.imdb.com/title/tt0052645/?ref_=sr_i_583
584. Tokyo After Dark,1959,1h 20m,Not Rated,6.4,34,,Military policeman attempts to escape Japanese authorities following his accidental killing of a Japanese teenager,https://www.imdb.com/title/tt0053364/?ref_=sr_i_584
585. Neend,1959,,,7.1,14,,A romance between a wealthy businessman and a poor coal collector turns sour.,https://www.imdb.com/title/tt0234328/?ref_=sr_i_585
586. La pandilla en acción,1959,1h 26m,,5.5,10,,,https://www.imdb.com/title/tt0277214/?ref_=sr_i_586
587. Charles tante,1959,1h 41m,,6.9,1K,,"Charles and Peter have passed their law degree and are looking forward to woo a few girls in the country. For that, they need to persuade their fellow student Ditlev to play Charles' aunt from Brazil, until Charles' real aunt turns up.",https://www.imdb.com/title/tt0052687/?ref_=sr_i_587
588. Los tramposos,1959,1h 28m,,6.3,356,,"Two clever scoundrels somehow manage to live quite well without working--by using thousands of tricks, fakes, and schemes. But they gradually change their attitudes, and their devious ways, when true love finally arrives and takes over their hearts.",https://www.imdb.com/title/tt0053373/?ref_=sr_i_588
589. Luna de verano,1959,1h 27m,,4.9,39,,"Two young French girls, Monique and Colette, arrive to Spain in their convertible car to attend summer courses at the International University of San Sebastian. The first contact with the country is in Pamplona. There, Monique considers heroes the boys who run in front of the bulls during the San Fermines.",https://www.imdb.com/title/tt0051884/?ref_=sr_i_589
590. Nakanune,1959,1h 28m,,6.6,45,,"The story is set in the 1800s. Elena and Inzarov, a Bulgarian revolutionary, fall in love. After getting married, they decide to join the liberation front, but on the eve of departure Inzarov dies. Elena takes his body to the Balkans.",https://www.imdb.com/title/tt0053096/?ref_=sr_i_590
591. Breakout,1959,1h 2m,,6.5,97,,"A government official arranges prison breaks as a sideline, but the police steps in and his gang is caught.",https://www.imdb.com/title/tt0224679/?ref_=sr_i_591
592. Barkha,1959,2h 49m,,5.2,21,,"Ajit is a poor farmer who has mortgaged his land with Zamindar Haridas. Ajit gets in the bad books of Haridas, and as a result he loses his house and property, on the very day of his sister's marriage. Ajit loses his temper and assaults Haridas, and as a result is arrested and imprisoned. His sister, Parvati, on her own now, gets molested, but is rescued in the nick of time by Haridas' son, Dr. Manohar, who eventually marries her, much to the anger of his dad. When Ajit is released from prison, he comes to Haridas' house with a sharp knife, bent on vengeance at any cost, not knowing that his sister is married in this family.",https://www.imdb.com/title/tt0233292/?ref_=sr_i_592
593. 15 bajo la lona,1959,1h 41m,,4.9,42,,"Fifteen university students have to join the military camp ""El Robledo"" for three months, undergoing a profound transformation to become university militia officers. They share a tent, joys and sorrows of military life.",https://www.imdb.com/title/tt0052107/?ref_=sr_i_593
594. Vrata ostaju otvorena,1959,1h 40m,,7.3,48,,"A juvenile delinquent escapes the hall and responses to ad of the parents who lost their son in WWII. After being accepted with much love and care, he reconsiders his initial plan to rob the family.",https://www.imdb.com/title/tt0053429/?ref_=sr_i_594
595. Thaai Magalukku Kattiya Thali,1959,,,,,,,https://www.imdb.com/title/tt1469385/?ref_=sr_i_595
596. The Adventures of Sun Wukong,1959,1h 38m,,7.7,36,,"The mythical adventures of the legendary Chinese trickster Monkey, who must outwit a variety of wily demons who stand in the way of him and his fellow Buddhist travelers. Though portrayed as a literal, if rather anthropomorphized, monkey in the original legends, this film substitutes the spindly comic actor Norihei Miki, sans makeup.",https://www.imdb.com/title/tt0053078/?ref_=sr_i_596
597. Awantura o Basie,1959,1h 36m,,6.5,135,,"Stanislawa Olszanska is supposed to take care of several-year-old Basia, the daughter of her deceased friend. By accident, the girl goes to the writer Stanislaw Olszowski.",https://www.imdb.com/title/tt0052593/?ref_=sr_i_597
598. Kein Mann zum Heiraten,1959,1h 35m,,4.8,37,,A wealthy dilettante tries to prove himself to his girlfriend so he can marry her.,https://www.imdb.com/title/tt0052967/?ref_=sr_i_598
599. No Safety Ahead,1959,1h 8m,,,,,,https://www.imdb.com/title/tt0052004/?ref_=sr_i_599
600. Pensione Edelweiss,1959,1h 28m,,5.7,145,,You'll live this world like a balloon which a child releases.,https://www.imdb.com/title/tt0052058/?ref_=sr_i_600
601. Everybody Loves Peter,1959,1h 35m,,5.2,81,,,https://www.imdb.com/title/tt0052547/?ref_=sr_i_601
602. O Primo Basílio,1959,2h 18m,,6.0,53,,"During the absence of Jorge, a mining engineer, Luísa, his wife, allowed himself to be seduced by Basílio, a relative whom he had broken years before, who had gone to Brazil.",https://www.imdb.com/title/tt0053191/?ref_=sr_i_602
603. The Crowning Touch,1959,1h 15m,,,,,Several stories linked by a hat.,https://www.imdb.com/title/tt0198389/?ref_=sr_i_603
604. Riot in Juvenile Prison,1959,1h 11m,Approved,5.0,172,,"When the shootings of two juvenile inmates bring public protest, a psychologist is brought in to see if he can do anything to control the problems peacefully.",https://www.imdb.com/title/tt0053222/?ref_=sr_i_604
605. La ciudad sagrada,1959,1h 40m,,,,,,https://www.imdb.com/title/tt0052697/?ref_=sr_i_605
606. Taigan jôju,1959,,,,,,,https://www.imdb.com/title/tt31080501/?ref_=sr_i_606
607. Rebound,1959,1h 1m,,6.6,51,,"Douglas Baines, a wartime army deserter, is lying low in a shabby flat with his girlfriend Daisy and the couple's small son, Jiffy. Returning home with a toy for Jiffy's second birthday, he learns that Daisy has had the boy adopted. After she refuses to tell him where the boy is, he strangles her and goes on the run.",https://www.imdb.com/title/tt0238709/?ref_=sr_i_607
608. Three Girls Named Anna,1959,1h 37m,,7.5,117,,A retired tram driver tries to find his daughter named Ana whom he lost in WWII.,https://www.imdb.com/title/tt0170712/?ref_=sr_i_608
609. A Girl Against Napoleon,1959,1h 27m,,6.2,146,,"In 1808, Spain is occupied by Napoleonic troops and a beautiful gypsy's heart holds love for both a Spanish rebel and a French officer.",https://www.imdb.com/title/tt0052675/?ref_=sr_i_609
610. Rechukka Pagatichukka,1959,2h 44m,,8.2,13,,"Vijay Kumar after knowing about the injustice done to his father by Vikrama Simha, decides to teach him a lesson along with his father and to save the kingdom too.",https://www.imdb.com/title/tt0263924/?ref_=sr_i_610
611. Jeca Tatu,1959,1h 35m,,6.9,272,,"Jeca Tatu is a lazy, simple-minded guy who has his property threatened by the greed of a landowner.",https://www.imdb.com/title/tt0178657/?ref_=sr_i_611
612. Adam Wants to Be a Man,1959,1h 23m,,7.1,148,,"In a pre-WWII Lithuanian town, occupied with unemployed workers and crooks of various kinds, lives Adam, a naive young man with no job and a lot of dreams. His closest friend is the Captain, an old sea wolf with many tales to tell about Singapore, Hawaii and other equally exotic and sunny places. Inspired by his stories, Adam manages to get a job in an emigration bureau and starts saving for his ticket to leave abroad.",https://www.imdb.com/title/tt0297704/?ref_=sr_i_612
613. Grand Hotel,1959,1h 46m,,6.2,123,,People staying at or working in a luxurious hotel undergo a variety of crises in their personal lives.,https://www.imdb.com/title/tt0053059/?ref_=sr_i_613
614. El negoción,1959,1h 10m,,7.5,25,,"In a town that relies heavily on horses, two men try to get rich by patenting and selling bags that hold the animals' body waste.",https://www.imdb.com/title/tt0188938/?ref_=sr_i_614
615. Maruja,1959,2h,,7.4,52,,"In a small rural town, everybody lays eyes on Maruja, the most beautiful woman there. After the son of the mayor comes back from France, he also notices Maruja, setting forth events of love, jealousy, guilt, and anger.",https://www.imdb.com/title/tt0282724/?ref_=sr_i_615
616. My Little Seamstress,1959,1h 43m,,6.3,42,,"Aurora is a modest young girl, working as dressmaker for the women her popular district, near the OPorto cathedral. One day, through a hintz-dress design competition, she gets involved with a haut couture atelier.",https://www.imdb.com/title/tt0052705/?ref_=sr_i_616
617. Checkerboard,1959,1h 45m,,5.2,65,,A dying desert town becomes a flashpoint for racial violence when a young white man asks an African American girl out to the annual dance.,https://www.imdb.com/title/tt0052105/?ref_=sr_i_617
618. Too Late to Love,1959,1h 40m,,5.9,107,,"In a small town where he is waiting for his train, reporter-photographer Walter Hermelin meets Catherine Ferrer, a female lawyer who has just obtained the acquittal of a man accused of having killed his alcoholic father. Catherine must now plead in a libel suit against a wine-selling company and she has the idea to ask Walter to help her get exhibits incriminating the wine merchants. The reporter agrees and takes frightening photographs showing how poor people, including youngsters, are incited to drink and destroy their health...",https://www.imdb.com/title/tt0155040/?ref_=sr_i_618
619. 5 loddrett,1959,1h 31m,,4.7,12,,"Knut leads a record company, and one time he's on the town he meets the night club singer Anita Daae. Now his wife has to win him back, and the advice she gets is to change.",https://www.imdb.com/title/tt0205057/?ref_=sr_i_619
620. A Whistle in My Heart,1959,2h 6m,,7.3,139,,"In the outskirts of a city in Hokkaido, an indigenous Ainu family faces discrimination from their Japanese neighbors, as well as various inter-family problems.",https://www.imdb.com/title/tt0052976/?ref_=sr_i_620
621. Counterplot,1959,1h 16m,Approved,5.0,221,,Man hides out in Puerto Rico from the police and his double-crossing attorney.,https://www.imdb.com/title/tt0052707/?ref_=sr_i_621
622. El regreso del monstruo,1959,1h 3m,,5.4,38,,"This is a secuel to ""The Phantom Stagecoach"" of the Zorro Escarlata (Scarlet Fox) movie serials, this time Sacrlet Fox battles a huge monster created by evil science and black magic,and in the pure style of Gene Autry's The Phantom Empire,mixes,horror,sci-fi, and singing cowboys (in this case singing charros) to create one of the most bizarre and intresting combos of the 50s in mexican movies",https://www.imdb.com/title/tt0275626/?ref_=sr_i_622
623. Kabale und Liebe,1959,1h 51m,,6.5,37,,"Ferdinand is an army major and son of President von Walter; Luise Miller is the daughter of a middle-class musician. When they fall in love, their fathers urge them to end their relationship.",https://www.imdb.com/title/tt0052955/?ref_=sr_i_623
624. El sordo,1959,1h 28m,,7.0,24,,"A sculptor who makes images of saints is beaten by a bully and becomes deaf, which makes raising an abandoned orphan difficult.",https://www.imdb.com/title/tt0276512/?ref_=sr_i_624
625. Åsa-Nisse jubilerar,1959,1h 27m,,4.4,91,,The local newspaper celebrates 50 years and are now looking for a citizen who has lived as long in the neighborhood. Our hero Åsa-Nisse seems to fit the profile.,https://www.imdb.com/title/tt0053475/?ref_=sr_i_625
626. The Last Inch,1959,1h 28m,,7.4,332,,"A veteran pilot decides to make some extra-money by filming underwater shark feeding. He takes along his son. While filming, he is attacked, and he cannot fly the plane home. Their only chance of survival is for the boy to fly the plane.",https://www.imdb.com/title/tt0167346/?ref_=sr_i_626
627. Farewell to Spring,1959,1h 42m,,6.5,170,,Longtime friends reunite only to find out that their bonds are not as strong as they thought they were.,https://www.imdb.com/title/tt0053259/?ref_=sr_i_627
628. Operation Bullshine,1959,1h 24m,Not Rated,5.6,233,,The fun starts when a group of A.T.S. girls are posted to a light ack-ack command post on a remote part of the English coast.,https://www.imdb.com/title/tt0053141/?ref_=sr_i_628
629. The Big Boss,1959,1h 41m,,6.5,133,,"Ryuta and Mineo Komatsu are brothers, both yakuza (gangsters). Mineo, although complicit in crime, even murder, wants out of the gangster life, hoping to become a successful singer instead. Ryuta loves his brother, but Mineo's possible defection presents problems for the gang, and Ryuta realizes he must kill his brother if he wants to survive.",https://www.imdb.com/title/tt0052567/?ref_=sr_i_629
630. Operation Dames,1959,1h 14m,Approved,3.9,127,,"During the Korean War, a troupe of traveling USO entertainers find themselves behind enemy lines with a squad of American soldiers. Together they try to find their way back to their own lines while trying to avoid capture, but the North Koreans discover their presence and set out after them.",https://www.imdb.com/title/tt0053142/?ref_=sr_i_630
631. The Child and the Killer,1959,1h 5m,Not Rated,4.2,29,,"On-the-run psychopathic escaped murderer Mather (Ryck Rydon) sweet-talks a very imaginative small boy Tommy (played by 11-year-old Richard Williams) into believing that if he quietly fetches him a gun and food, Mather will give him a favorable introduction to outlaw Jesse James.",https://www.imdb.com/title/tt0052691/?ref_=sr_i_631
632. La Paloma,1959,1h 25m,,4.4,48,,"Two prestigious variety theatres want to put together a musical around ""La Paloma"", one of the most famous and most-played songs in the world. A merciless struggle begins between the two theatre directors, Selten and Bauer.",https://www.imdb.com/title/tt0053153/?ref_=sr_i_632
633. Mamula Camp,1959,1h 44m,,7.2,97,,"Story of people in a camp, situated on a small island and ruled by Nazis.",https://www.imdb.com/title/tt0179701/?ref_=sr_i_633
634. Khovanschina,1959,2h 10m,,6.2,70,,"An opera about the Moscow uprising of 1682. Reacting against Westernization, boyar Ivan Khovansky raises a rebellion against regent Sofia Alekseyevna and the two young Tsars Peter I and Ivan V.",https://www.imdb.com/title/tt0055046/?ref_=sr_i_634
635. Le confident de ces dames,1959,1h 25m,,5.4,77,,A vet used to treat animals; now he treats their masters.,https://www.imdb.com/title/tt0051486/?ref_=sr_i_635
636. India,1959,1h 30m,,6.1,41,,"A man who crossed the river fleeing from the police is found by a tribe led by Ansisé, a beautiful Indian who lives in the Ibitiruzu, Paraguay.",https://www.imdb.com/title/tt0241569/?ref_=sr_i_636
637. Mis secretarias privadas,1959,1h 30m,,5.8,22,,,https://www.imdb.com/title/tt0206145/?ref_=sr_i_637
638. Unamenables,1959,1h 16m,,7.3,572,,"A young, active girl from a factory is assigned to look after her workmates - two idlers who only waste everyone's time. Unexpectedly, they grew attached to each other.",https://www.imdb.com/title/tt0147081/?ref_=sr_i_638
639. O Pão,1959,51m,,7.4,87,,"Each day, Man must work around the clock to produce and acquire bread: throwing the seeds into earth, helping the breeding of the corn, the corn's recolt, transport to the mills - traditional or industrial ones -, manipulation of the flour into actual bread, transport to a variety of locations and consumers. And then, after the consumption, the cycle restarts.",https://www.imdb.com/title/tt0053195/?ref_=sr_i_639
640. Guinguette,1959,1h 44m,,5.4,38,,,https://www.imdb.com/title/tt0051455/?ref_=sr_i_640
641. Make Mine a Million,1959,1h 21m,,6.2,171,,"Sid Gibson is a soap powder salesman who decides what he really needs is TV advertising. The problem is, he's absolutely broke. He calls upon his friend Arthur Ashton, who arranges to sneak a plug for Sid's suds into a live TV spectacular. The public goes bananas for the product but to maintain sales Sid and Arthur must arrange for ever more outrageous plugs on TV shows. The Ascots races, the Edinburgh Military Tattoo - no show is safe.",https://www.imdb.com/title/tt0053038/?ref_=sr_i_641
642. Il magistrato,1959,1h 30m,,6.1,104,,"Emilia Bonelli is an overly ambitious and driven woman. This dominant personality trait has its effects on her henpecked husband Luigi, and her daughter Carla. Circumstances ultimately lead to the courtroom and an aloof judge in the persona of Andrea Morandi.",https://www.imdb.com/title/tt0053031/?ref_=sr_i_642
643. Action Stations,1959,50m,,3.3,78,,A forger (Carpenter) flees to Spain but his daughter is kidnapped by a ruthless gang.,https://www.imdb.com/title/tt0049597/?ref_=sr_i_643
644. The Jinx,1959,1h 25m,,6.0,86,,,https://www.imdb.com/title/tt0051644/?ref_=sr_i_644
645. Onna kyûketsuki,1959,1h 18m,,5.8,226,,"A woman who's been missing for twenty years suddenly turns up alive, and looking not a day older than when she vanished. When her daughter sees a painting of a woman identical to her mother, her reporter boyfriend helps her track down the owner.",https://www.imdb.com/title/tt0204515/?ref_=sr_i_645
646. Lucky Dragon No. 5,1959,1h 55m,,6.7,105,,The story of a Japanese fishing boat whose crew were accidental victims of fallout from the Bikini hydrogen bomb tests.,https://www.imdb.com/title/tt0051511/?ref_=sr_i_646
647. Wolves of the Deep,1959,1h 25m,,6.3,94,,Italian submariners trapped in their damaged boat on the ocean floor.,https://www.imdb.com/title/tt0053025/?ref_=sr_i_647
648. Ala Geyik,1959,1h 31m,,5.5,114,,"Halil is a young man who is interested in hunting deer. Halil's fiancee, Zeynep, complains about Halil's passion. A man named Karaca Ali is also in love with Zeynep.",https://www.imdb.com/title/tt0273417/?ref_=sr_i_648
649. Ardhangini,1959,,,6.3,52,,"At the very moment of her birth, ill-fated Chhaya's mother passes away, her dad loses his job, and their house burns down. She is shunned since then by children her age as well as their parents. Her dad brings her up with a lot of love, and even arranges her marriage with a young man, whose mother, uncle and nephew approve of Chhaya. But when the uncle finds out about Chhaya's past, they reject her. This news kills her dad, and Chhaya re-locates to live with her friend, Leela Lal, who lives a middle-class lifestyle with her husband, Murari, and her mother-in-law, who is very superstitious and never lets Leela out of her sight. Murari and Leela introduce her to Prakash, an airline pilot, and both eventually fall in love with each other. When Prakash takes her with him to meet his mom, Chhaya finds out that she is the same woman who rejected her and abruptly leaves without meeting anyone. Prakash manages to convince her to marry him despite of her background, and she does. Both go to live with Prakash's family, but Chhaya is treated as an outcast and every possible mishap is blamed on her presence. Will Chhaya's presence continue to cause problems in this household also - especially when Prakash's plane goes missing?",https://www.imdb.com/title/tt0139027/?ref_=sr_i_649
650. Tres lecciones de amor,1959,1h 23m,,6.7,32,,,https://www.imdb.com/title/tt0265896/?ref_=sr_i_650
651. Bibô ni tsumi ari,1959,1h 27m,,7.2,48,,"In a rural neighborhood of Tokyo, the owner of a farm is abandoned by his two daughters who are attracted to the life of the big city.",https://www.imdb.com/title/tt0309358/?ref_=sr_i_651
652. Salem Aleikum,1959,1h 29m,,5.1,94,,Peter Karmann ist Lehrer und nebenbei Musiker. Er geht mit einem Ballett auf Tournee nach Afrika.,https://www.imdb.com/title/tt0053237/?ref_=sr_i_652
653. The White Trap,1959,58m,,6.3,97,,"Serving a jail sentence for a crime he didn't commit, Paul Langley makes several attempts to escape from prison, in order to clear his name. He also has other problems, his wife is about to go into labor with their first baby.",https://www.imdb.com/title/tt0210386/?ref_=sr_i_653
654. Uomini e nobiluomini,1959,1h 30m,,5.8,96,,"Nicola Peccoli has always nurtured his niece Giovanna, an orphan since the age of two and now of age, but he does not look favorably on her beloved Mario because he is just a simple employee and a lower class of society.",https://www.imdb.com/title/tt0053398/?ref_=sr_i_654
655. Dagli Appennini alle Ande,1959,1h 30m,,6.5,51,,"A well known Italian story about a teenage boy who stows away on a ship to Argentina, to find his mother in the remote mountain town where she has been working to send money back to her family in Italy.",https://www.imdb.com/title/tt0051510/?ref_=sr_i_655
656. Atomic Agent,1959,1h 36m,,5.3,45,,Murderous foreign agents are after a scientist who has invented an atomic engine that could change the future of rocketry.,https://www.imdb.com/title/tt0053099/?ref_=sr_i_656
657. Attack of the Moors,1959,1h 20m,,5.0,29,,Trouble erupts on the border between Spain and France when the future Heir to the throne is captured and held hostage. Many groups try to take control of the situation erupting in many battles. Larry Anderson,https://www.imdb.com/title/tt0053210/?ref_=sr_i_657
658. Rendezvous with a Stranger,1959,1h 37m,,6.6,94,,"The gang of murdering a factory personnel manager to facilitate the task of financial aid to the smuggling abroad through the factory, one of the staff stick to the charge, he will flee to Sudan, and up the brother of the owner of the plant from the outside, and meet favorite sister of the accused young man, marry her and his wife give birth to a child. The wife continue to contact her brother secretly in an attempt to find a way for his acquittal.",https://www.imdb.com/title/tt0308562/?ref_=sr_i_658
659. El Police El Serry,1959,1h 38m,,6.5,78,,"A careless police officer lets a gang leader escape before admitting him to a psychiatric hospital. Fearing punishment for his negligence, he checks into the hospital under the criminal's name.",https://www.imdb.com/title/tt0355280/?ref_=sr_i_659
660. Qabelni Fil Zalam,1959,,,4.6,41,,"Khorshid Pasha loses his wallet in the street, which Hussein finds and returns, refusing the money offered as a reward. Impressed by him, the Pasha hires him in his office. Soon, his daughter, Lola begins to grow closer to Hussein.",https://www.imdb.com/title/tt0355620/?ref_=sr_i_660
661. Bezaubernde Arabella,1959,1h 27m,,6.5,16,,When her rich fiance Helmut dumps her because she is poor Arabella travels to England seeking the help of her aunt as well as Lord Fleetwood and charming Robert to find her a wealthy husband who'll get her family out of financial straits.,https://www.imdb.com/title/tt0052624/?ref_=sr_i_661
662. Haha no omokage,1959,1h 29m,,7.8,64,,"The young boy Michio struggles with the loss of his mother while his widowed father, Sadao remarries the kind-hearted Sonoko, who has a daughter of her own. As Michio clings to memories of his mother, the family navigates the challenges of grief, love, and new beginnings.",https://www.imdb.com/title/tt1570590/?ref_=sr_i_662
663. Le secret du Chevalier d'Éon,1959,1h 36m,,5.7,124,,"Burgundy 1728. Old count Antoine d'Eon is overjoyed. His daughter-in-law has finally given birth to a boy and he will at long last be able to transmit his inheritance to his son Pascal. At least this is what he thinks, for Pascal has concealed from his father the fact that his son was ... a daughter, his eighth daughter! Well, enough is enough and Geneviève has no other choice but become a boy first, then a soldier and even the special envoy of Louis XV, King of France, to Catherine II, the Czarina of Russia.",https://www.imdb.com/title/tt0053307/?ref_=sr_i_663
664. The Blue Moth,1959,1h 30m,,6.5,81,,,https://www.imdb.com/title/tt0052633/?ref_=sr_i_664
665. La nuit des traqués,1959,1h 25m,,6.3,73,,"A young and hapless Antwerp thief (Sami Frey), working for a gang led by leather-clad Philippe Clay, quarrels with his boss and accidentally kills him in a fight. Enlisting his sister and her boyfriend's help, he tries to get rid of the body in the local harbor, attracting the attention of a night watchman who seeks to profit from the situation via blackmail.",https://www.imdb.com/title/tt0136438/?ref_=sr_i_665
666. Le cameriere,1959,1h 33m,,6.2,42,,"Gabriella, a maid, wears a jewel at a dancing party which belongs to her mistress, and when it is stolen she is accused of the theft and sent to jail. Some other maids organize a search party for the real thief who seems to be a moustached youth who continually sings a popular song.",https://www.imdb.com/title/tt0052669/?ref_=sr_i_666
667. Mikosch im Geheimdienst,1959,1h 27m,,5.3,27,,"Like the young Susi Lindinger, Ferdinand's friend, Ferdinand Mikosch and Otto Schummrich belong to the small theater group of Max Sperling.",https://www.imdb.com/title/tt0053066/?ref_=sr_i_667
668. El otro camino,1959,2h,Unrated,8.4,9,,"The story of a widow who owns a coffee hacienda, focusing on the dynamics between her son and the man who romances her.",https://www.imdb.com/title/tt0298253/?ref_=sr_i_668
669. El puma,1959,1h 17m,Not Rated,6.7,10,,"A young man achieves his law degree and decides to return to his parents' ranch, with the aim of helping the community overcome a series of problems.",https://www.imdb.com/title/tt0276430/?ref_=sr_i_669
670. Pitong gatang,1959,,,,,,TERRIFIC story - MIGHTY cast - SENSATIONAL performances - SUPERB direction.,https://www.imdb.com/title/tt0764862/?ref_=sr_i_670
671. Insaan Jaag Utha,1959,2h 15m,Not Rated,7.1,66,,A village girl falls in love with the newcomer Ranjeet without knowing that he is there to get the smuggled gold that he buried in her front yard many years ago.,https://www.imdb.com/title/tt0052926/?ref_=sr_i_671
672. Di xia hang xian,1959,1h 43m,,,,,"About the struggle of the Chinese partisans with the remnants of the Kuomintang, about how the population ardently and actively supported the partisans, and the old helmsman Chen A-wan, sacrificing his life, sank an enemy ship.",https://www.imdb.com/title/tt7784630/?ref_=sr_i_672
673. A sangre fría,1959,1h 20m,,6.4,149,,"Carlos, a young man from Barcelona's outskirts, is ambitious and wants to change his life, even through crime. He proposes to Enrique, a friend with underworld contacts, the perfect plan to rob the offices where he worked.",https://www.imdb.com/title/tt0052532/?ref_=sr_i_673
674. Le sorprese dell'amore,1959,1h 48m,,6.0,130,,Women dissatisfied with their boyfriends decide to see if a swap will be better.,https://www.imdb.com/title/tt0053297/?ref_=sr_i_674
675. Wrong Number,1959,1h,,6.3,86,,"Because she dials the wrong number, an old lady hears information which enables the police to solve a robbery and murder.",https://www.imdb.com/title/tt0221718/?ref_=sr_i_675
676. La Pica sul Pacifico,1959,1h 30m,,5.1,31,,"Adelaide takes possession of an island in the Pacific inherited from her deceased husband. She is opposed by the chieftain and a convict. To get the island's citizenship she tries to marry the convict, but he prefers to turn himself in.",https://www.imdb.com/title/tt0122656/?ref_=sr_i_676
677. Pervyy paren,1959,1h 21m,,5.5,181,,"Watch the Soviet youth living in the country as they labour, exercize, sing, dance, have fun and fall in love during which they may well be the best years of their lives.",https://www.imdb.com/title/tt0053163/?ref_=sr_i_677
678. Kal Hamara Hai,1959,2h 7m,Not Rated,7.4,33,,"Trapped by a smuggling business person, a convicted young man seeks to get back on the right path and helps twin sisters, who have vastly different personalities, rebuild their lives that were devastated by the same smuggler.",https://www.imdb.com/title/tt0134757/?ref_=sr_i_678
679. Mumu,1959,1h 11m,,6.9,45,,"In 19th century Russia, Gerasim, a physically large, deaf-mute peasant, is brought from the rural village where he grew up to Moscow to work as a porter for Tatyana a wealthy high-society girl. Gerasim dislikes the city life until he finds solace in the form of a young puppy whom he saves and raises as his own.",https://www.imdb.com/title/tt0249031/?ref_=sr_i_679
680. Strictly Confidential,1959,1h 2m,Not Rated,5.0,60,,"Two con-men are released from prison, but get straight back up to their old tricks.",https://www.imdb.com/title/tt0200180/?ref_=sr_i_680
681. Brigade des moeurs,1959,1h 46m,,4.2,18,,,https://www.imdb.com/title/tt0142136/?ref_=sr_i_681
682. Arrêtez le massacre,1959,1h 23m,,3.3,14,,,https://www.imdb.com/title/tt0149713/?ref_=sr_i_682
683. Der Löwe von Babylon,1959,2h,,5.0,78,,"Kara and Halef investigate an official who actually is a notorious arms dealer. This crook imprisons his own adopted son and the son's lover as well as eccentric Sir David Lindsay and a German professor, prompting Kara to free them.",https://www.imdb.com/title/tt0052776/?ref_=sr_i_683
684. La verte moisson,1959,1h 35m,,6.9,135,,"In 1943, a group of high school students decide to take action against the Nazi occupying forces. Showing courage and imagination, they manage to blow up the Kommandantur and to release hostages. But after the killing of a German soldier the Nazi police apparatus strikes back. The young resisters are arrested and two of them are condemned to death.",https://www.imdb.com/title/tt0053414/?ref_=sr_i_684
685. I Want to Be a Shellfish,1959,1h 29m,,7.4,70,,"On a post-war peaceful day in Japan, Toyomatsu Shimizu, a barber as well as a good father and husband, is suddenly arrested by the Prefectural Police as a war criminal and sued for murder. According to the accusation by GHQ, Toyomatsu ""attemped to kill a US prisoner"", which was nothing but an order by his superior and failed after all with hurting the prisoner by weak Toyomatsu. Also, Toyomatsu was driven to corner at the trial by the fact that he fed the US prisoner some burdock roots to nourish him. Toyomatsu believes nothing but being not guilty, but he is sentenced to death by hanging. Prior to the execution, Toyomatsu writes a long farewell letter to his family, the wife and the only son: ""If I ever incarnate, I hate to be a human being any more.... Oh yes, I would like to be...a shellfish living on the rock-bottom of the sea.""",https://www.imdb.com/title/tt0202919/?ref_=sr_i_685
686. Esterina,1959,1h 32m,,6.8,74,,"Esterina, a young war orphan, joins two truck drivers, Gino and Piero, on their trips along Northern Italy. She wants to find her luck in the big city, but her dreams turn into disappointing experiences. She falls in love with Gino but he is not interested in her, until she disappears...",https://www.imdb.com/title/tt0051595/?ref_=sr_i_686
687. Heaven Without Love,1959,1h 46m,,7.0,47,,"With a single, basic plot theme, this well-wrought drama of ultimate tragedy engages the viewer and gives pause for reflection. The tale focuses on the marriage of a man who is dominated and controlled by his own egoistic needs and illusions.",https://www.imdb.com/title/tt0180066/?ref_=sr_i_687
688. Moral em Concordata,1959,1h 27m,,7.1,38,,"Rosario is a prostitute who lives in her married sister's house. When the latter wants to be a hooker too, she doesn't approve.",https://www.imdb.com/title/tt0183526/?ref_=sr_i_688
689. Dona Xepa,1959,1h 27m,,6.6,36,,Dona Xepa is a vegetable stand owner. She dreams about the success of her scientist son. The film is based on the play by Pedro Bloch.,https://www.imdb.com/title/tt0228229/?ref_=sr_i_689
690. Age of Nudity,1959,54m,,6.5,121,,"The story deals with a juvenile delinquent gang surviving through petty thievery. However, everything gets screwed up when they accidentally steal big bucks from the Yakuza.",https://www.imdb.com/title/tt0053322/?ref_=sr_i_690
691. Chirag Kahan Roshni Kahan,1959,,,7.6,53,,"A pregnant Ratna loses her husband, eventually gives birth to a son, Raju, in a hospital where she is treated by renowned Dr. Anand. Four years later, Anand re-enters their lives and starts becoming a frequent visitor. This does not auger well with Ratna's mother-in-law and Bela, her husband's sister, who make her life miserable, eventually forcing Anand to stop visiting. Shortly thereafter Anand gets married to a nurse, Maya Verma. Maya is a spendthrift,does not get along with Anand, and eventually finds out that she cannot conceive. When Anand's dad passes away, he leaves considerable wealth to Anand's child, including a monthly allowance of Rs.10,000/-. Maya initially plots with an advocate, S. Prakash, who is Bela's husband, who had assisted her in getting married to Anand, to try and prove that her late father-in-law was insane, and when that fails she and her aunt, Nurse Sarla Verma, concoct a plot that Ratna's son is really Anand's biological son, leading to their lawyer filing a custodial case in Court. The question remains is Raju really Anand's son, will Ratna readily give away her child, and is Maya capable of bringing him up?",https://www.imdb.com/title/tt0139116/?ref_=sr_i_691
692. The Mating Urge,1959,1h 13m,R,5.2,22,,"An exploitation pot-boiler, posing as an anthropology art-film, and supposedly filmed by seventeen different cameraman in Africa, Malaya, India, Ceylon, Bali, New Guinea and New Hebrides. It probably was over about that many different years, as it is stock-and-archive footage from front-to back, including the New Hebrides segment, where the males have to leap from tall trees (and towers) with a vine attached to their ankles that stops them just short of a grand splattering on hard New Hebrides ground. An early-day version of bungee-jumping that is a macho-virility proving exercise that delights the village maidens. The art-house aspects and come-on was that it depicted strange love-rites in strange lands, even if some of them were re-enactments in color, in places of the black-and-white stock footage that had been serving in several reincarnations over the years. Highlights include ""The Dance of the Fertility Tree"" and ""The Peek-A-Boo Betrothal."" A few National Geographic-type scenes of nudity, and that's the closest it gets to even PG movies. The keywords must have been added by the DVD distributors.",https://www.imdb.com/title/tt0272722/?ref_=sr_i_692
693. El millionaire el fakir,1959,,,6.3,49,,"Ja'ran Effendi is well known in the village for his intelligence, so the village mayor gives him 500 pounds and assigns him the task of purchasing the net for his son from Cairo. When Jaran Effendi arrives in Cairo, he discovers that the money in his possession has been stolen from a fraudster. He is forced to work at a hotel and meets Faiza Ahmed, who works in the hotel's communications department, and they exchange admiration.",https://www.imdb.com/title/tt0356889/?ref_=sr_i_693
694. Katia tarik,1959,,,7.8,21,,"Waheed's friend Abu El-Ezz, a drug dealer, trains him in gambling to lose his fortune. Abu El-Ezz then offers a partnership in drug smuggling to regain it. Police are watching, but Waheed accidentally kills his cousin, Officer Galal.",https://www.imdb.com/title/tt0356784/?ref_=sr_i_694
695. To Liberate Shanghai,1959,,,6.4,27,,Battle of Shanghai in the Chinese civil war between armies of communist party and nationalist party.,https://www.imdb.com/title/tt0334786/?ref_=sr_i_695
696. The Miracle of the Hills,1959,1h 13m,Approved,6.5,25,,"When a minister arrives at a run-down mining town to take over the church there, he finds he has his work cut out for him, especially when an earthquake causes a flood in the mineshaft and traps some of the local children.",https://www.imdb.com/title/tt0053068/?ref_=sr_i_696
697. Youth in Our Village,1959,1h 43m,,5.8,5,,The film follows the selfless work of young men and women in an agricultural cooperative in China in the 1950s.,https://www.imdb.com/title/tt13878688/?ref_=sr_i_697
698. Saikô shukun fujin,1959,1h 35m,,6.8,156,,"In the forties in Japan, a group of brilliantly qualified university students are selected to break all ties with their previous lives and form the Japanese spy service.",https://www.imdb.com/title/tt0228806/?ref_=sr_i_698
699. Mikkai,1959,1h 14m,,6.9,76,,"After witnessing a murder, a married woman and a student agree not to meet with see each other out of fear of exposing their affair.",https://www.imdb.com/title/tt1186660/?ref_=sr_i_699
700. Reconstruction,1959,58m,,6.4,45,,"In 1959, in Romania, six former members of the nomenclature and the secret police organize a hold up of the National Bank. After their arrest, the state forces them to play themselves in a film which reconstitutes the crime and the investigation. At the end of their trial, filmed live, they are sentenced to death and executed. except the women, Monica Sevianu that due to the fact that she had 2 children she was punished to do hard work for life.",https://www.imdb.com/title/tt0237641/?ref_=sr_i_700
701. Raja Makutam,1959,2h 59m,Not Rated,7.5,19,,,https://www.imdb.com/title/tt0266880/?ref_=sr_i_701
702. An Actor's Revenge,1959,1h 25m,,6.3,24,,"Yukinojô, a traditional impersonator of females in a kabuki troupe (onnagata), courts and takes revenge from the three nobles who twenty years ago forced his parents to commit suicide.",https://www.imdb.com/title/tt5884904/?ref_=sr_i_702
"703. Caterina Sforza, la leonessa di Romagna",1959,1h 40m,,4.6,9,,"Giovanni Medici, the future leader of the Black Bands, has a last meeting in a convent with his dying mother Caterina Sforza, listening to the re-enactment of her life.",https://www.imdb.com/title/tt0052683/?ref_=sr_i_703
704. La rebelión de los adolescentes,1959,,,,,,"A college student returns home after the death of his father, only to discover that he was murdered by members of a crime syndicate.",https://www.imdb.com/title/tt0235706/?ref_=sr_i_704
705. Esh el gharam,1959,1h 33m,,5.8,24,,,https://www.imdb.com/title/tt0359232/?ref_=sr_i_705
706. Nv Fu Ma,1959,,,7.5,8,,,https://www.imdb.com/title/tt13931742/?ref_=sr_i_706
707. As the Sea Rages,1959,1h 14m,,6.6,38,,"After five years of war, Clements, a professional seaman, has no ambitions other than to live in peace and carry out his activity. Having settled down in the archipelago of the Aegean Sea, he has founded a small sponge fishing company in an idyllic place and foresees an optimistic future. Unfortunately, he soon finds himself caught in a crossfire...",https://www.imdb.com/title/tt0052582/?ref_=sr_i_707
708. Ivan Brovkin na tseline,1959,1h 37m,,6.7,274,,"Ivan Brovkin returns home from the army, but he decides not to stay at his mother's house and joins the Virgin Lands Campaign. His bride refuses to go with him, so he has to persuade her to go by giving all the effort he has to fieldwork.",https://www.imdb.com/title/tt0051789/?ref_=sr_i_708
709. Kaitei kara kita onna,1959,1h 16m,,6.4,56,,"While in vacation in a sea side house, a young man fall in love with a beautiful woman who pretends to live by herself in the sea. The fishermen of a nearby village think she is a monster, the female of a shark killed many years before, responsible for many disappearances.",https://www.imdb.com/title/tt1330033/?ref_=sr_i_709
710. Die Nacht vor der Premiere,1959,1h 39m,,5.9,64,,,https://www.imdb.com/title/tt0053093/?ref_=sr_i_710
711. Das blaue Meer und Du,1959,1h 33m,,5.0,44,,"Director Heidebrink cannot prevent his daughter Helga from hitchhiking to the Adriatic Sea with her French friend Suzy. That's why he sends his employee Fred after them incognito. However, he becomes friends with the girls...",https://www.imdb.com/title/tt0052632/?ref_=sr_i_711
712. Duniya Na Mane,1959,,,5.3,25,,"Geeta Lal lives a wealthy lifestyle with her businessman dad, Rattan, who runs a vehicle showroom in Bombay. She meets with Raja, a new-comer to Bombay, and both fall in love with each other. Geeta introduces Raja to her dad, who approves of him, and he sets a date for their formal engagement, which will take place on the same day as Geeta's birthday. Rattan asks Raja to invite his parents, and finds out that his father is deceased, but his mom will be attending the ceremony. On the day of the ceremony, Rattan meets Raja's mom, a woman named Chanchal, and angrily breaks off any contact with Raja. A baffled and heartbroken Geeta must now find out why her dad, first approved Raja, and then rejected him. What Geeta does not know is that Raja does not love her - he is only out to avenge the death of his real mother, who was run over by Rattan's car years ago. Geeta also does not know that Rattan is not her biological father, but a brutal killer, who had knowingly killed her very own father, Madan. Watch as events unfold and the impact these have on Geeta, Rattan, and Raja.",https://www.imdb.com/title/tt0373806/?ref_=sr_i_712
713. Sisters on Ice,1959,1h 38m,,5.7,6,,"Set in 1950s, a city in northeast China. Three young female speed skating athletes help and compete with each other, and all get outstanding achievements.",https://www.imdb.com/title/tt7784932/?ref_=sr_i_713
714. Teen-Agers' Holday,1959,,,,,,,https://www.imdb.com/title/tt5772064/?ref_=sr_i_714
715. Král Sumavy,1959,1h 30m,,6.5,222,,A communist film about Czech border guards in the late 1940s and their struggle against smugglers and refugees.,https://www.imdb.com/title/tt0052978/?ref_=sr_i_715
716. I ladri,1959,1h 35m,,5.6,240,,"An Italian-American mobster is sent back to Naples from the States. He moves to Italy with all his illegal proceeds hidden in jam jars--which fall into the wrong hands when they get to the harbour of Naples. These hands belong to people who demand their fair share. Meanwhile, the mobster is questioned by investigators.",https://www.imdb.com/title/tt0052985/?ref_=sr_i_716
717. Hekayat Hubb,1959,2h 30m,,6.5,139,,"The real version of the famous US hit movie ""Love Story"" remade in 1971, but with a swap of roles and happier ending.",https://www.imdb.com/title/tt0355526/?ref_=sr_i_717
718. Marutirtha Hinglaj,1959,2h 1m,,8.1,77,,"The movie narrates about the devotees who walked miles through desert, braving odds till they reached their destination.",https://www.imdb.com/title/tt0053052/?ref_=sr_i_718
719. Verbrechen nach Schulschluß,1959,1h 28m,,7.3,61,,,https://www.imdb.com/title/tt0053412/?ref_=sr_i_719
720. Die feuerrote Baronesse,1959,1h 39m,,7.0,46,,A British agent is sent in to infiltrate a German atomic laboratory and steal top secret documents. The daughter of a secret service officer aids him.,https://www.imdb.com/title/tt0052801/?ref_=sr_i_720
721. Rihlah ela el-Qamar,1959,1h 30m,,4.9,98,,"While attempting to take unauthorized photos of a spaceship, a man accidently launches it, along with its Germanic inventor and a meteorologist. After several misadventures, they land on the moon. There they meet a moon man and his bevy of skimpily attired Space Babes.",https://www.imdb.com/title/tt0355949/?ref_=sr_i_721
722. Bhagapirivinai,1959,2h 41m,,7.2,29,,Vaidyalingam and his younger brother Sundaralingam are extremely affectionate towards each other. But the family is split when Vaidyalingam's wife and her brother conspire against the two siblings.,https://www.imdb.com/title/tt0156350/?ref_=sr_i_722
723. Lass mich am Sonntag nicht allein,1959,1h 40m,,7.2,24,,"Elsie loves aspiring singer Toni who with his songwriter friend Edi is struggling to succeed in the tough music industry. As no breakthrough is in sight Elsie has to choose between poor Toni and rich heir Stefan, her childhood companion.",https://www.imdb.com/title/tt0052996/?ref_=sr_i_723
724. The Night of the Great Attack,1959,1h 35m,,5.3,41,,"In 15th century Romagna rules violence and fright. Cesare Borgia wants to incorporate the duchy of Catherine Sforza. But in between is the independent county Fabis, which he wants to bring into his possession.",https://www.imdb.com/title/tt0054129/?ref_=sr_i_724
725. The Purple Hairpin,1959,2h 15m,,6.8,24,,,https://www.imdb.com/title/tt0205599/?ref_=sr_i_725
726. La edad de la tentación,1959,1h 35m,,6.8,20,,,https://www.imdb.com/title/tt0051571/?ref_=sr_i_726
727. Les affreux,1959,1h 24m,,5.5,27,,"César Dandieu is an honest cashier in an oil company, and Fernand Mouchette an absent-minded inventor. The latter comes to propose a new type of carburetor to the company when César has to hand in the day's takings to his superior.",https://www.imdb.com/title/tt0052536/?ref_=sr_i_727
728. The Accomplices,1959,1h 33m,,4.8,17,,"Marco, an impoverished engineering student, hides his wealthy friend Andre at his apartment in a fake kidnaping plot to obtain money from Andre's father, a furniture manufacturer. While the youths await the outcome of their ransom demand, Marco's girl friend, Micki, and her studious friend Gigi visit the apartment. Unaware of his identity, Micki falls in love with Andre, and in a jealous rage, Marco strangles his friend in the bathtub. At a party with a number of thrill-seeking friends, Marco reveals to Micki that he has killed Andre, and she agrees to help him keep the crime a secret. Meanwhile, a lawyer working for Andre's father tracks down Gigi, who in turn leads him to Marco and Micki.",https://www.imdb.com/title/tt0052534/?ref_=sr_i_728
729. Ángel del infierno,1959,1h 30m,,,,,,https://www.imdb.com/title/tt0052430/?ref_=sr_i_729
730. Bogáncs,1959,1h 20m,,6.8,79,,"The adventures of Bogáncs the puli herding dog, who joins a circus after getting caught in a trap and being saved by a performer.",https://www.imdb.com/title/tt0051425/?ref_=sr_i_730
731. Alle Tage ist kein Sonntag,1959,1h 40m,,6.1,63,,"While Eva is in the hospital after an accident, her son, Peter, goes in search of his long-missing father. Learning he has died, Peter then prepares himself for the new man in his mother's life.",https://www.imdb.com/title/tt0052546/?ref_=sr_i_731
732. Golubaya strela,1959,1h 34m,,5.6,85,,"An officer accidentally leaks information about the first test of a new aircraft model. When spies get hold of this classified information, the development of the new airplane is under threat.",https://www.imdb.com/title/tt0312732/?ref_=sr_i_732
733. Asphalte,1959,1h 35m,,6.4,55,,"The loves of Mario the diver with Perrucha a pretty bitch. Mario loves her. She prefers her singing career. Marcadier, an important industrialist, will launch it to the detriment of poor Mario who only knows how to dive.",https://www.imdb.com/title/tt0051379/?ref_=sr_i_733
734. Les naufrageurs,1959,1h 32m,,5.9,75,,"Amid famine, a woman accused of witchcraft helps a shipwreck but falls for one of the survivors.",https://www.imdb.com/title/tt0155903/?ref_=sr_i_734
"735. Hey, Girls!",1959,1h 19m,,5.5,35,,"Three poor friends meet three young women and they pretend to be rich to date them. When they find out the truth, they want to leave. However, a rich Greek man who lives abroad comes to Greece and decides to help them.",https://www.imdb.com/title/tt0288779/?ref_=sr_i_735
736. La cento chilometri,1959,1h 22m,,5.9,29,,,https://www.imdb.com/title/tt0161421/?ref_=sr_i_736
737. Gurama-to no yuwaku,1959,1h 45m,,7.0,14,,"The story of three soldiers, two female reporters, six prostitutes and the wife of an officer - all stranded on a South Seas island at the end of World War II.",https://www.imdb.com/title/tt0204357/?ref_=sr_i_737
738. Home Is the Hero,1959,1h 23m,,7.4,13,,"A man returns to his Irish town after being in jail for five years for murder. His friends try to help him fit in again, but he refuses and secludes himself from the world. Only a pretty girl and his crippled son can still reach him.",https://www.imdb.com/title/tt0052900/?ref_=sr_i_738
739. Eine alte Liebe,1959,1h 32m,,6.7,16,,,https://www.imdb.com/title/tt0052552/?ref_=sr_i_739
740. Girls Incorporated,1959,1h 5m,,,,,,https://www.imdb.com/title/tt8851768/?ref_=sr_i_740
741. Sawan,1959,,,,,,,https://www.imdb.com/title/tt4431160/?ref_=sr_i_741
742. Chaowa-Pawa,1959,2h 25m,,7.8,134,,"Rajat, a young man, meets Manju, a rich girl whose father is looking for her. Though Rajat initially slyly tells her father her whereabouts, he lands up falling in love with her.",https://www.imdb.com/title/tt0237089/?ref_=sr_i_742
743. Struggle on the Nile,1959,2h 5m,,7.0,524,,"When Mihassab and Migahed plan to buy a new barge for their village, the leader of a group of thieves sends his men to steal the money. He also sends Nargis, a carnival dancer, to cause a strife between the two men.",https://www.imdb.com/title/tt0356019/?ref_=sr_i_743
744. Soldaterkammerater rykker ud,1959,1h 40m,,5.9,452,,"The fellow soldiers are no longer recruits, but still subject to Sergeant Vældegaard's biting gaze. However, that doesn't stop them from doing mischief - both with the new recruits and when there are women in the spotlight.",https://www.imdb.com/title/tt0122725/?ref_=sr_i_744
745. Yalnizlar rihtimi,1959,1h 53m,,6.5,151,,Captain Ridvan falls in love with Guner but there is a huge obstacle between them. This is Ali who is a foreign exchange smuggler and bar owner.,https://www.imdb.com/title/tt0262130/?ref_=sr_i_745
746. The Eighth Door,1959,1h 25m,,7.4,85,,"Story of an old university professor, who accidentally becomes involved in the activities of the resistance movement.",https://www.imdb.com/title/tt0180029/?ref_=sr_i_746
747. The Bremen Town Musicians,1959,1h 6m,,6.1,106,,"Four aging animals - a donkey, a dog, a rooster, and a cat - are rejected by their ungrateful owners and thrown out to the streets. Together, they drive a group of robbers out of their hut and live out the rest of their lives in peace.",https://www.imdb.com/title/tt0202275/?ref_=sr_i_747
748. On the Same River,1959,1h 34m,,6.2,99,,"A strongly anti-colonialist tale of two lovers: Van, a guerrilla fighter for North Viet-Nam, and Hoai, a young woman from the South, who find themselves separated across the Ben Hai River following the partition of the country.",https://www.imdb.com/title/tt2136824/?ref_=sr_i_748
749. Les brûlés,1959,1h 54m,,7.2,71,,Pioneers struggle to establish a town in the harsh unsettled wilderness of northern Quebec during the depression.,https://www.imdb.com/title/tt0188321/?ref_=sr_i_749
"750. Lisa, Tosca of Athens",1959,1h 24m,,5.7,99,,"To avoid an arranged marriage, Lisa escapes to the unknown; however, an announcement in the newspapers leads to two unexpected encounters: one with a handsome stranger, and the other with her uncle. Will she accept a preordained life?",https://www.imdb.com/title/tt0206898/?ref_=sr_i_750
751. Arson for Hire,1959,1h 7m,Approved,5.3,33,,"Johnny Broderick, arson squad investigator, and his assistant, Ben Howard,, investigate a warehouse fire and find evidence of arson. Lawyer William Yarbo is behind the series of incendiary fires that have been plaguing the city. Keely Harris, an actress, inherited the warehouse from her father. Yabro calls on her and says that he and her father had heavily insured the building and planned to burn it and collect, and also tells her she must accept half of the insurance money or he will see that she is blamed for the arson. ""Pop"" Bergen, the father of Marilyn Bergen, is the torch man hired by Yarbo, and he perishes in one of the conflagrations. Yarbo learns that Keely is cooperating with Broderick and he enters the movie studio where she is working, determined to kill her.",https://www.imdb.com/title/tt0052577/?ref_=sr_i_751
752. Genghis Khan and His Mongols,1959,1h 28m,,5.8,31,,An imperial agent stops a riot in a province.,https://www.imdb.com/title/tt0198603/?ref_=sr_i_752
753. Bhangra,1959,,,8.4,10,,,https://www.imdb.com/title/tt0231257/?ref_=sr_i_753
754. No soy monedita de oro,1959,1h 20m,,,,,,https://www.imdb.com/title/tt0276361/?ref_=sr_i_754
755. Pendekar Bujang Lapok,1959,1h 44m,,8.0,255,,"The second installment of the 'Bujang Lapok' series, this film chronicles the three bachelors' encounter with a group of bullies and their attempts to learn self defence. Along the way, they discover their attraction for their teacher's daughter and her attempts to help them with their illiteracy.",https://www.imdb.com/title/tt0277950/?ref_=sr_i_755
756. Shubha Bibaha,1959,1h 40m,Not Rated,7.1,21,,"A joint family faces upheaval when greed and desire tear relationships apart. As dark impulses surface and parents face mistreatment, small gestures of love and respect may hold the key to healing deep wounds.",https://www.imdb.com/title/tt0243557/?ref_=sr_i_756
757. Love Stories,1959,1h 40m,,6.6,130,,"Rabid desires and ungovernable passions rule the lives of mortals, as impatient wishes and blind hopes interweave in this triptych of disastrous human flaws. The glowing fire of love, or the lack of it, engulfs us. Can we have it all?",https://www.imdb.com/title/tt0200615/?ref_=sr_i_757
758. Maia Tskneteli,1959,1h 35m,,7.3,78,,,https://www.imdb.com/title/tt0170197/?ref_=sr_i_758
759. Peter schiesst den Vogel ab,1959,1h 29m,,5.0,133,,"After a surprising inheritance, porter Peter Schatz decides to go on a winter sports vacation. To make a better impression at the other hotel, he pretends to be the Cattle King of Argentina.",https://www.imdb.com/title/tt0053167/?ref_=sr_i_759
760. The Wind Dropped Before Dawn,1959,1h 35m,,6.5,60,,Members of Jasna's group are suspicious because of her firing from occupation Special police squad and they start avoiding her. She finds out the members of the group have been betrayed but they become even more suspicious. At the moment when they were ready to liquidate her the true traitor is revealed. Thanks to Jasna's courage an action becomes success and she regains their trust.,https://www.imdb.com/title/tt0180282/?ref_=sr_i_760
761. Juke box - Urli d'amore,1959,1h 33m,,5.8,73,,The owner of a record company demands that only married people can work for him.,https://www.imdb.com/title/tt0121430/?ref_=sr_i_761
762. Alone,1959,1h 34m,,5.6,57,,"During the Battle of the Sutjeska, while attempting to break the lines hoop a partisan detachment remains cut off from the mainstream and left alone. In this impossible position left alone and where the Commissioner at the time of his death and the commander whom his whole squad blamed for the difficult position.Hell on Sutjeska and in humans increases birth of a child brought into the world only surviving woman in the squad. Only a few survivors, at the end, broke it, saving newborn through hostile encirclement.",https://www.imdb.com/title/tt0053239/?ref_=sr_i_762
763. Hatsuharu tanuki goten,1959,1h 25m,,6.7,33,,"Once upon a time, Okuro (Ayako Wakao), a young female racoon, lived poorly with her drunken father. One day after they disguised themselves as parasols, they were wrongly brought to the Racoon Palace, where the young racoon princess (also Ayako Wakao) made a mess of her arranged marriage with the beautiful racoon prince (Raizô Ichikawa). Pretty princess ran away. In order not to spoil the promising marriage, people tried to make use of resemblances between Okuro and the princess. Before long, Okuro and the Prince fell in love with each other.",https://www.imdb.com/title/tt0202897/?ref_=sr_i_763
764. Fudôtoku kyôiku kôza,1959,1h 27m,,6.6,17,,Debauchee pretends to be a high-ranking official and tries to take advantage of that position to live his life as he pleases.,https://www.imdb.com/title/tt0816239/?ref_=sr_i_764
765. Bedard Zamana Kya Jane,1959,,,6.2,16,,"Widower Barrister Ashok lives a wealthy lifestyle in Bombay, India along with his sister-in-law, and a young son, Ramesh. One day while driving, he accidentally runs over a woman, brings her home, cares for her until she recuperates and tells him that her name is Kamla and is homeless. He finds that Ramesh likes her, so he marries her. After a few months, he is delighted when she becomes pregnant. This delight sours considerably when he finds out through his friend, Pran, that Kamla had been frequenting the OK Club. Then he witnesses her abusing Ramesh. Finally, he drives her out when Ramesh is killed by poisoned milk. Kamla gives birth to a baby boy but Ashok takes over sole custody and names him Mohan. Years later Mohan has grown up and is now an advocate and is in love with a girl named Radha. Even though Radha comes from a poor background, Ashok has no objections and goes to meet with her parents to arrange their marriage. Watch what happens when he finds out that Radha's mother is none other Kamla.",https://www.imdb.com/title/tt0242307/?ref_=sr_i_765
766. Jan Arima no shûgeki,1959,1h 54m,,6.8,11,,1609. A Catholic clan chief from Nagasaki comes to the rescue of fellow Japanese treated as slaves by the Spanish who rule Macao.,https://www.imdb.com/title/tt0188711/?ref_=sr_i_766
767. In the Wake of a Stranger,1959,1h 9m,,5.3,15,,"Suspected of killing a man while on shore leave, sailor Tom Cassidy sets out to prove his innocence.",https://www.imdb.com/title/tt0179865/?ref_=sr_i_767
768. Chhabi,1959,1h 46m,,5.0,14,,,https://www.imdb.com/title/tt0233437/?ref_=sr_i_768
769. Groza nad polyami,1959,1h 23m,,5.4,13,,,https://www.imdb.com/title/tt0314130/?ref_=sr_i_769
770. Útek ze stínu,1959,1h 37m,,4.6,13,,,https://www.imdb.com/title/tt0175377/?ref_=sr_i_770
771. Thangapathumai,1959,,,5.2,7,,Its a story about how a royal physician's wife reunites with her husband who is enslaved by a princess due to her love towards him.,https://www.imdb.com/title/tt0269952/?ref_=sr_i_771
772. Stampede at Bitter Creek,1959,,,,,,,https://www.imdb.com/title/tt39573978/?ref_=sr_i_772
773. Captured,1959,1h 4m,,6.7,153,,"Docudrama, made for Military Intelligence, about what it was like to be a British prisoner of the North Koreans in the 1950-1953 war.",https://www.imdb.com/title/tt2025516/?ref_=sr_i_773
774. The Man Who Liked Funerals,1959,57m,,6.1,64,,"A gangster's death leads a man who wants money to save a youth club, to blackmail the deceased's family. He then tries blackmailing a villain's prominent family.",https://www.imdb.com/title/tt0053042/?ref_=sr_i_774
775. Himmel och pannkaka,1959,1h 32m,,5.3,72,,"Since Seventh Heaven (1956) Dr. Lovisa Sundelius (Sickan Carlsson) and radio host Villy Lorens (Hasse Ekman) have married, but when Villy becomes a TV host with cutie Suss (Lena Granhagen) by his side, things start to fall apart.",https://www.imdb.com/title/tt0052892/?ref_=sr_i_775
776. Wenn die Glocken hell erklingen,1959,1h 30m,,5.5,55,,"Austrian count von Warthenberg is a grumpy stud-farm-recluse since his wife's death. Ths summer, his old lover Susanne Weiden arrives, hoping for a 'fat' marriage and inheritance. But his daughter Hanna made other plan with secret lover Michael, teacher of Vienna's world-famous Wiener Sängerknaben, who will spend their Alpine countryside holiday in the village. Among them is adolescent Michael 'Mikel', son of the count's estranged elder daughter Maria. The plan is to make grandpa and knave meet and bond before their blood-ties are revealed. A stray dog accidentally and equestrian genes help.",https://www.imdb.com/title/tt0054465/?ref_=sr_i_776
777. Sköna Susanna och gubbarna,1959,1h 31m,,4.0,85,,"In the legend of Susanna in Babylon she was highly desired by the old men. In this movie, Susanna the beautiful lives in a Swedish town in the 19th century and as in the legend desired.",https://www.imdb.com/title/tt0053283/?ref_=sr_i_777
778. Kartar Singh,1959,2h 31m,,7.7,23,,,https://www.imdb.com/title/tt1620501/?ref_=sr_i_778
779. La sangre y la semilla,1959,1h 22m,,7.5,20,,"Plaquita, the widow of a Paraguayan officer, rescues a wounded sergeant who has been a companion of her husband. She takes care of him and nurtures him back to health. But they only have one hope, to keep fighting for Paraguay against the Argentine Army.",https://www.imdb.com/title/tt0188191/?ref_=sr_i_779
780. Non perdiamo la testa,1959,1h 32m,,5.1,38,,"The naive Tony is approached by a kind lady, member of a prestigious charity committee, who invites him to his luxurious villa in the countryside.",https://www.imdb.com/title/tt0053124/?ref_=sr_i_780
781. Lonesome Women,1959,1h 37m,,5.8,36,,"In a desolate area of Brazilian mountainside, cut off from civilization, an old miner discovers a king-size diamond that he puts in his pocket rather than turn over to the thugs he works for.",https://www.imdb.com/title/tt0189536/?ref_=sr_i_781
782. Nights and Days,1959,1h 37m,,5.3,25,,"A partisan battalion who was surrounded from all sides brings up decision to enter the city, so that the fighters could rest and recover. Due to fear of one of the partisans, the enemy discovers their plan, but fails to sabotage it.",https://www.imdb.com/title/tt0180877/?ref_=sr_i_782
783. Soft Skin on Black Silk,1959,1h 38m,,4.5,35,,"On a lonely beach in the Mediterranean, a man and woman meet. She takes him to her summer villa, where he reveals a deadly secret -- a plan of murder. Seeking to dissuade him, the woman relates the story of Andre and Theresa, a story of youthful passion and murderous revenge.",https://www.imdb.com/title/tt0053086/?ref_=sr_i_783
784. Guest House,1959,,,5.5,16,,,https://www.imdb.com/title/tt0212978/?ref_=sr_i_784
785. Aí Vêm os Cadetes,1959,1h 25m,,6.4,10,,"The life at the Military Academy of Agulhas Negras, with a cadet living remarkable moments during school times.",https://www.imdb.com/title/tt0180465/?ref_=sr_i_785
786. Kaderim böyle imis,1959,1h 35m,,5.8,10,,"Seyda, who lives with her brother Sevki, has a lot of assets. That's why he doesn't want to give his sister to anyone. The notables of the region, Abdo and Kadir, are in love with Seyda. Seyda's heart is with Abdo.",https://www.imdb.com/title/tt0351155/?ref_=sr_i_786
787. Tikadambaaz,1959,,,,,,,https://www.imdb.com/title/tt3904316/?ref_=sr_i_787
788. Jula juli bintang tiga,1959,1h 36m,,,,,"Based on a popular Bangsawan play, Jula Juli Bintang Tiga is a fantasy film about the romance between a king and a star-fairy named 'Jula Juli', who descends from the sky riding on swans. The king falls deeply in love with Jula Juli and introduces her to the ways of a human being. Soon, they get married and have a son. However, Jula Juli's secret is then revealed and she is forced to return to her celestial home (to the company of her two elder fairy-sisters). The king subsequently succumbs to a curse, transforms into a terrifying hairy beast and roams the jungle.",https://www.imdb.com/title/tt0261766/?ref_=sr_i_788
789. Bir Qalanin Sirri,1959,1h 19m,,7.6,245,,"In medieval Azerbaijan, a young man and his friends uncover a secret surrounding an ancient fortress. Their quest brings them into conflict with a cruel ruler as they fight for justice and freedom.",https://www.imdb.com/title/tt2081190/?ref_=sr_i_789
790. Hasan wa Naimah,1959,1h 44m,,5.6,178,,A love story similar to Shakespeare's Romeo and Juliet taking place in the Egyptian Countryside.,https://www.imdb.com/title/tt0309658/?ref_=sr_i_790
791. Hanran,1959,1h 37m,,6.9,44,,,https://www.imdb.com/title/tt0228368/?ref_=sr_i_791
792. Batu Belah Batu Bertangkup,1959,1h 40m,,7.5,26,,A mystical tale of a brother and sister who lost their mother at an early age.,https://www.imdb.com/title/tt0277599/?ref_=sr_i_792
793. Across Darkness,1959,1h 43m,,6.5,27,,A journalist investigates a series of strange murders committed during a local election campaign.,https://www.imdb.com/title/tt0276755/?ref_=sr_i_793
794. Un hecho violento,1959,1h 26m,,5.5,33,,"Newlyweds Clint's and Kathy's honeymoon is interrupted by the wife's sudden illness.Clint 's money is stolen and without any funds ,he has to get the medicine by force from the chemist.",https://www.imdb.com/title/tt0051709/?ref_=sr_i_794
795. Diego Corrientes,1959,1h 38m,,5.5,31,,"At the end of the eighteenth century, the young Diego Corrientes quarrels with the tyrannical count of Albanes, who, after arresting Diego, orders him to be spanked. Accused of murder and in love with the count's girlfriend, he flees to the mountains and forms a band.",https://www.imdb.com/title/tt0052741/?ref_=sr_i_795
796. Dobri stari pianino,1959,1h 38m,,6.5,21,,"Composer and pianist Blaz Gaber lives only for his music and does not want to know anything about the outside world, where the war is raging. Upon his arrival from his poorly attended concert, he finds himself in prison for having stars drawn in his notebook by a little boy. A young illegal activist seeks refugee in the school, where the pupils hide his pistol inside the Gaber's piano. A German officer comes with his soldiers to find the hidden illegal, orders the school to be evacuated and takes the piano together with him on a train.",https://www.imdb.com/title/tt0052743/?ref_=sr_i_796
797. Le notti dei Teddy Boys,1959,1h 45m,,6.2,20,,,https://www.imdb.com/title/tt0186396/?ref_=sr_i_797
798. The Price of Flesh,1959,1h 29m,,5.0,20,,A young girl from a modest background who dreams only of dancing falls into the clutches of a child abuse ring.,https://www.imdb.com/title/tt0140977/?ref_=sr_i_798
799. Der Schäfer vom Trutzberg,1959,1h 36m,,4.0,27,,,https://www.imdb.com/title/tt0227442/?ref_=sr_i_799
800. Nacida para amar,1959,1h 37m,Approved,6.8,10,,,https://www.imdb.com/title/tt0237485/?ref_=sr_i_800
801. Das Nachtlokal zum Silbermond,1959,1h 20m,,3.0,39,,,https://www.imdb.com/title/tt0053281/?ref_=sr_i_801
802. Los desarraigados,1959,1h 50m,,6.9,9,,"A Mexican lady driving into the U.S., finds herself stranded in a town near the border and is aided by a friendly Mexican American family. Soon she experiences the family struggles due to the clash of cultures and the generation gap.",https://www.imdb.com/title/tt0242408/?ref_=sr_i_802
803. Jaal Saz,1959,2h 19m,Not Rated,5.6,13,,,https://www.imdb.com/title/tt3173676/?ref_=sr_i_803
804. Terror of Oklahoma,1959,1h 25m,,4.5,15,,"In the small and quiet village of Rio Placido, one bad day the peace is interrupted by the arrival in the town of a gang of outlaws who, having learned that there is a rich gold mine nearby, with threats and violence, induce the inhabitants to abandon their homes and lands leave the total exploitation of the mine to the bandits. But some villagers, who don't want to give up, hire a gunman called the ""Oklahoma Terror"" with the task of protecting them. But the gunslinger and the sheriff don't seem to have enough courage for this. Fortunately, the members of a large Quaker family, having changed their religious beliefs, take up rifles, put the criminals to flight and get the Oklahoma Terror out of the way.",https://www.imdb.com/title/tt0122749/?ref_=sr_i_804
805. Llegaron los franceses,1959,,,4.6,15,,,https://www.imdb.com/title/tt0053014/?ref_=sr_i_805
806. Mohar,1959,,,,,,kxdhjdixkxjsjsjejrjrjdjxjxjxjxjdjxjxjxixixix,https://www.imdb.com/title/tt0357912/?ref_=sr_i_806
807. The Vengeance of the Vampire,1959,,,,,,,https://www.imdb.com/title/tt0453116/?ref_=sr_i_807
808. Due selvaggi a corte,1959,1h 29m,,,,,,https://www.imdb.com/title/tt0052762/?ref_=sr_i_808
809. Jagir,1959,,,,,,,https://www.imdb.com/title/tt0139389/?ref_=sr_i_809
810. The Happy Family,1959,1h 27m,,,,,,https://www.imdb.com/title/tt11343290/?ref_=sr_i_810
811. Serengeti,1959,1h 25m,,7.7,487,,"The borders of the Serengeti National Park in Tanzania were initially drawn without considering the herds of grass-eating wild animals. The recording of seasonal animal movements by the film team at the end of the 1950s forms the framework for action, so that based on this work, new boundaries of the park could be determined in such a way that the most important animal populations are protected all year round. The beauty of the savannah landscape and the sideways glance at numerous wild animal species living there, some of which were presented to a broader audience for the first time in this film, fill this nature documentary.",https://www.imdb.com/title/tt0053268/?ref_=sr_i_811
812. Düsman Yollari Kesti,1959,1h 34m,,7.0,155,,A story of love and espionage that takes place during the years of the War of Independence.,https://www.imdb.com/title/tt0279058/?ref_=sr_i_812
813. Ujala,1959,1h 49m,TV-14,6.7,94,,"An impoverished male turns to crime, kills someone, tries to make a honest living but ends up becoming a suspect for theft.",https://www.imdb.com/title/tt0157132/?ref_=sr_i_813
814. Jons und Erdme,1959,1h 52m,,6.5,82,,Adaptation of Hermann Sudermann's novel about the troubled relationship between the strong willed Erdme and her irascible husband Jons in the Lithunian moors.,https://www.imdb.com/title/tt0052947/?ref_=sr_i_814
815. Kanhaiya,1959,2h 55m,,6.8,68,,"Shanno lives with her mother, Paro, a housewife, and her dad, Nathamal, in a small village in India. Paro is aware that her daughter is a little special as she has seen her behave strangely, and at times sit and talk with a cow in their stable. Then of course there is her devotion to Bhagwan Shri Kishan alias Kanhaiya, and she wonders off alone in the woods dancing to the tune of her Kanhaiya. Until one day, she actually meets Kanhaiya and falls in his arms. The news spreads like wildfire that Kanhaiya and Shanno are having an affair, and in order to stay in the same village, they must first get married. Shanno is thrilled at this and gives her consent. Kanhaiya cannot believe his luck that he is marrying a beautiful girl like Shanno. During the marriage, Shanno gets a shock when she sees who her ""Kanhaiya"" really - the town drunk and slacker, who had taken advantage of her love for Bhagwan Shri Kishan, played with her emotions, and now is bent upon marrying her. Watch what the Village Panchayat does, when Shanno refuses to marry Kanhaiya, and is ready to even light herself on a funeral pyre. And all this happens when the village falls in the grip of a killer plague that may well devastate their community.",https://www.imdb.com/title/tt0052960/?ref_=sr_i_815
816. El que con niños se acuesta..,1959,1h 30m,,6.7,36,,,https://www.imdb.com/title/tt0191984/?ref_=sr_i_816
817. Taková láska,1959,1h 19m,,6.6,35,,"A student commits suicide out of unhappy love to a married man; story is recounted in retrospective by a ""judge"" who asks the audience to decide who is the guilty party.",https://www.imdb.com/title/tt0147580/?ref_=sr_i_817
818. Tan bueno el giro como el colorado,1959,1h 27m,PG,7.3,22,,"A story of women, beautiful songs, and cockfights.",https://www.imdb.com/title/tt0274926/?ref_=sr_i_818
819. Ivanna,1959,1h 36m,,6.4,30,,,https://www.imdb.com/title/tt0174784/?ref_=sr_i_819
820. Zümrüt,1959,1h 51m,,6.8,28,,"A complex love triangle between rich widow Feride who is a gambling addict, dipsomaniac, Selim a doctor who manages to keep her away from himself even though he loves Feride and Fuat who is Selim's friend.",https://www.imdb.com/title/tt0262142/?ref_=sr_i_820
821. Was eine Frau im Frühling träumt,1959,1h 39m,,4.7,40,,,https://www.imdb.com/title/tt0053435/?ref_=sr_i_821
822. Pillar of Fire,1959,1h 15m,,7.0,11,,,https://www.imdb.com/title/tt0133365/?ref_=sr_i_822
823. Jagga Daku,1959,,,7.1,11,,,https://www.imdb.com/title/tt0157843/?ref_=sr_i_823
824. Una gran señora,1959,1h 38m,,4.0,31,,,https://www.imdb.com/title/tt0052859/?ref_=sr_i_824
825. Yamada Nagamasa - Oja no ken,1959,1h 54m,,7.4,9,,"In 1625 a great Burmese army invaded Siam. At the same time Cambodian forces are also planning an invasion. With his country in dire peril the Siamese king approaches the Japanese settlers in his country and asks for their help. A young Japanese named Nagamasa is selected as the leader of the volunteer army and through his clever strategy Siam's enemies are defeated. Soon afterwards a revolt breaks out instigated by a Governor-General who is feared and hated for his cruelty. After Nagamasa defeats him in a hand-to-hand fight the Japanese wins the king's favour and is given the title of duke, a large residence and many other rewards. Later he marries a Siamese princess who bears him a child. However, the more Nagamasa wins the king's favour, the greater the jealousy of the Siamese ministers towards him. Immediately after the death of the king a civil war breaks out. Believing that his usefulness to Siam is ended Nagamasa takes poison after entrusting a faithful Siamese officer with the future of the country. His wife follows him into death after placing her child in the care of a Japanese. Thus the eventful life of Nagamasa Yamada ended far away from his native land.",https://www.imdb.com/title/tt0187368/?ref_=sr_i_825
826. Las locuras de Bárbara,1959,1h 32m,,5.6,14,,,https://www.imdb.com/title/tt0051875/?ref_=sr_i_826
827. Kurama Tengu - Goblins in Stirrups,1959,1h 27m,,5.0,11,,"Kurama Tengu is a hero to the common people, saving them from the malicious attacks of Kinnoroshi and Shinsengumi.",https://www.imdb.com/title/tt0164709/?ref_=sr_i_827
828. Juan Tamad Goes to Congress,1959,1h 42m,,,,,An adventure in LAUGHTER with the most lovable character in Philippine Folklore. BUT behind the humor is the face of the nation.,https://www.imdb.com/title/tt0436458/?ref_=sr_i_828
829. Reportaje en el infierno,1959,1h 12m,,,,,An obsessive journalist is admitted to a psychiatric clinic where several murders will occur.,https://www.imdb.com/title/tt0201889/?ref_=sr_i_829
830. Yu dao zhi zi,1959,,,,,,,https://www.imdb.com/title/tt6437322/?ref_=sr_i_830
831. Hast noch der Söhne ja...?,1959,1h 28m,,,,,,https://www.imdb.com/title/tt0948617/?ref_=sr_i_831
832. Chikamatsu's Love in Osaka,1959,1h 45m,,7.3,121,,A wealthy man falls in love with a prostitute.,https://www.imdb.com/title/tt0410355/?ref_=sr_i_832
833. El día de los enamorados,1959,1h 35m,,5.4,167,,"Four couples are aided in their troubles by Saint Valentine on lover's day. For Conchita's boyfriend football comes first, Manolo is too practical for Luisa, Atenea's beloved is resistant, and Mª José is too rich to find a right man.",https://www.imdb.com/title/tt0052766/?ref_=sr_i_833
834. Periplanomenoi Ioudaioi,1959,1h 15m,,6.9,89,,"Two friends and expert shop assistants pluck up the courage to start their own business and venture into the world of instalment selling. Intent on succeeding, they hit the road; but, it is easier said than done. Can they make it work?",https://www.imdb.com/title/tt0184818/?ref_=sr_i_834
835. Qing chun zhi ge,1959,2h 50m,,6.3,60,,"People's dignity and life are measlier than paper in China's dark years in the first half of 20th century. Smart student Lin learns knowledge from a college professor and a communist man, then runs on to an extraordinary revolutionary way.",https://www.imdb.com/title/tt0053196/?ref_=sr_i_835
836. The Black Archer,1959,1h 15m,Not Rated,4.7,91,,A mysterious archer who dresses in black is out for revenge against the bandits who killed his father.,https://www.imdb.com/title/tt0052574/?ref_=sr_i_836
837. Abbas Yolcu,1959,1h 34m,,5.5,44,,,https://www.imdb.com/title/tt0346473/?ref_=sr_i_837
838. Titio Não É Sopa,1959,1h 20m,,6.7,30,,"Millionaire arrives in Rio de Janeiro to monitor the construction of a retirement home he's sponsoring, but discovers his nephew is deviating the money, applying it in his own nightclub.",https://www.imdb.com/title/tt0197956/?ref_=sr_i_838
839. Chand,1959,2h 29m,,7.1,20,,Chand is a social drama dealing with the story of a childless couple with Balraj Sahni and Meena Kumari in lead roles. Mr. Kapoor (Balraj Sahni) who is a married to Kamla (Pandari Bai) cannot have a child of their own. Kamla wants a child but under duress agrees to have Mr. Kapoor take a second wife and have a child. Sahni marries Vimla (Meena Kumari) with a heavy up front payment to her father. The marriage just collapses shortly after when Meena Kumari finds herself with another wife competing for the same husband. She gives birth to a child but leaves her husbands house to live with her father as it was evident that she was loosing her senses in the situation she was thrown in. As she recovers her senses at her father's place she wants her child back but both Kamla and Mr. Kapoor declines to give the child back. The issue goes to court but the court decides against Vimla and she goes mad. Watch the rest of it to see how matters end happily and both Vimla and Kamla decides to live peacefully with the same husband.,https://www.imdb.com/title/tt0139106/?ref_=sr_i_839
840. Jayabheri,1959,1h 50m,,6.8,22,,Kasinatha Sastry is a young man who gives stage performances as a musician. But he gets thrown away when he shares stage with a low caste girl named Manjulavani. But later he argues with everyone and marries her and continues to give stage performances along with her. He faces some hurdles in his life then. But overcomes them.,https://www.imdb.com/title/tt0256113/?ref_=sr_i_840
841. Okefenokee,1959,1h 16m,Approved,4.2,28,,"Gangland boss Joe Kalhari, working with Ricki Hart, operator of a swamp-side dive in the Okefenokee swamp aside the Georgia-Florida border, rules an empire of smugglers who run dope and undesirable aliens into the United States, and uses seaplanes as the primary mode of transportation. Searching for his sweetheart Lowheeya, who has been lured into the shack of Pully, a Kalhari henchman, airplane pilot Chick Osceola finds evidence of the smuggling operation.",https://www.imdb.com/title/tt0053135/?ref_=sr_i_841
"842. Liebe, Luft und lauter Lügen",1959,1h 34m,,6.3,12,,,https://www.imdb.com/title/tt0053007/?ref_=sr_i_842
843. Marriage of Figaro,1959,1h 45m,,5.7,16,,"It's the day of Figaro's marriage to Susanna, but first he must help the Countess divert the Count's attention away from Susanna and back to her, while arranging the betrothal of Cherubino and Barbarina.",https://www.imdb.com/title/tt0158757/?ref_=sr_i_843
844. Amor se dice cantando,1959,1h 20m,,6.9,10,,The journey from a Mexican singer to Argentina.,https://www.imdb.com/title/tt0274333/?ref_=sr_i_844
845. Yu Gwan-sun,1959,1h 42m,,6.3,9,,"A biographical film about Yu Gwan-sun's short life and martyrdom. The name of the teenage girl Yu Gwan-sun, who died in prison from cruel torture, entered the pantheon of heroes who gave their lives in the struggle for Korean independence.",https://www.imdb.com/title/tt0310381/?ref_=sr_i_845
846. Bank Manager,1959,,,4.8,11,,,https://www.imdb.com/title/tt0424825/?ref_=sr_i_846
847. Shuang xiong duo mei,1959,,,,,,,https://www.imdb.com/title/tt11713828/?ref_=sr_i_847
848. Meiji Tennô to Nogi Shôgun,1959,1h 44m,,,,,"Life and death of Imperial Japanese Army's general Nogi Maresuke, characterized by an absolute devotion to Emperor Meiji.",https://www.imdb.com/title/tt4524074/?ref_=sr_i_848
849. Costa Azzurra,1959,1h 24m,,5.7,226,,Various short stories. Giovanna arrives from Rome with her husband Alberto for a film audition. The journalist Gino comes to interview the great industrial Signore Carsoli. The famous American actress Rita is in search of her umpteenth husband. Leopoldo and Angelina from Sicily are on vacation in The French Riviera where they meet the street smart Nicola.,https://www.imdb.com/title/tt0052704/?ref_=sr_i_849
850. No Time to Kill,1959,1h 30m,,5.3,61,,"A man is convicted and imprisoned for an arson that he didn't commit. When he is released, he sets out to track down the person who actually committed the crime and framed him for it. His investigation leads him to believe he'll find his answers in Sweden.",https://www.imdb.com/title/tt0055236/?ref_=sr_i_850
851. El ataba el khadra,1959,1h 50m,,6.3,230,,"A naive man Mabrouk arrives from Upper Egypt to Cairo and he meets Youssef, a fraudster. Youssef convinces him that he can sell him the Ataba square. On the other hand, Mona, a young singer seeking fame also falls prey to him.",https://www.imdb.com/title/tt0355226/?ref_=sr_i_851
852. Fröken Chic,1959,1h 31m,,5.7,206,,An agent on the brink of bankruptcy finds a reluctant singing talent on a TV quiz show.,https://www.imdb.com/title/tt0052831/?ref_=sr_i_852
853. Brott i paradiset,1959,1h 21m,,5.2,112,,"While four men blow up a safe, a night watchman is accidentally killed. They get away with the loot. Ten years later, the stepson of the dead night watchman receives vital information.",https://www.imdb.com/title/tt0052653/?ref_=sr_i_853
854. Hier bin ich - hier bleib' ich,1959,1h 40m,,6.3,65,,,https://www.imdb.com/title/tt0052889/?ref_=sr_i_854
855. Vasiliy Surikov,1959,1h 34m,,7.2,42,,"Biopic of the Russian painter Vasiliy Surikov (1848 - 1916), who is best known for his depictions of historical scenes.",https://www.imdb.com/title/tt0053406/?ref_=sr_i_855
"856. Zalongo, the Fort of Freedom",1959,1h 28m,,6.1,45,,"The heroic battles of Souliotes to defend their land from the Turks, until Ali Pasha with the help of a traitor, he manages to conquer Souli.",https://www.imdb.com/title/tt0232979/?ref_=sr_i_856
857. Venta de Vargas,1959,1h 27m,,6.1,44,,"During the Napoleonic invasion of Spain Dolores, singer and dancer at a venta (inn), uses her position to help the Spanish resistance.",https://www.imdb.com/title/tt0052353/?ref_=sr_i_857
858. Gayarre,1959,1h 51m,,7.4,31,,"The film is a biography of the tenor Julian Gayarre who was born in 1843 in a small village in Navarra, Spain, and who soon demonstrated his great ability to sing.",https://www.imdb.com/title/tt0051648/?ref_=sr_i_858
859. Ashat lil-hob,1959,,,5.5,48,,,https://www.imdb.com/title/tt0355220/?ref_=sr_i_859
860. Chernomorochka,1959,1h 20m,,5.4,45,,,https://www.imdb.com/title/tt0313884/?ref_=sr_i_860
861. Bara en kypare,1959,1h 25m,,4.6,70,,"Fabian Bom is a waiter at a hotel in a small town. But he dreams of doing something else - to dance and sing on a stage. He is madly in love with Matilda Roos, singer and diva. Fabian is too insensitive to notice that Annie, who works in the kitchen, is in love with him. Encouraged by Matilda, Fabian leaves the hotel and goes to Stockholm to become famous. But, as he soon learns, it is more difficult than he first thought.",https://www.imdb.com/title/tt0053633/?ref_=sr_i_861
862. Brother Liu and Brother Wang on the Roads in Taiwan Part 1,1959,1h 28m,,6.8,25,,"Wang is a shoeshiner, Liu a rickshaw driver, they share a brotherly bond. After a fortune teller predicts Wang will strike it rich while Liu is fated to die in 44 days. Together they embark on a comedic tour across Taiwan's scenic spots.",https://www.imdb.com/title/tt1854374/?ref_=sr_i_862
863. Mästarnas match - Ingo vs. Floyd,1959,1h 17m,,6.4,25,,,https://www.imdb.com/title/tt0189782/?ref_=sr_i_863
864. Mech i roza,1959,1h 3m,,6.5,23,,Greve hatred of the new world is growing stronger. But explosives are stored under the rocks of Old Riga. Event coincidences becomes too threatening.,https://www.imdb.com/title/tt0307146/?ref_=sr_i_864
865. Fosforlu'nun Oyunu: Kitipiyoza Tuzak,1959,1h 37m,,6.8,19,,,https://www.imdb.com/title/tt0352496/?ref_=sr_i_865
866. Even the Clouds Are Drifting,1959,1h 33m,,6.6,19,,"A 10-year old girl in a mining town, separated from her family, keeps a diary which becomes a best-seller.",https://www.imdb.com/title/tt0231686/?ref_=sr_i_866
867. Khaniker Atithi,1959,1h 46m,Not Rated,7.4,12,,"Khaniker Atithi is a 1959 Indian Bengali film, directed by Tapan Sinha and produced by S. B. Films. The film stars Nirmal Kumar,Ruma Guhathakurta and Chhabi Biswas in lead roles. The film had musical score by Hemanta Mukhopadhyay. Watch the full movie Khaniker Atithi online, only on Eros Now.",https://www.imdb.com/title/tt7690880/?ref_=sr_i_867
868. Çakir Eminem,1959,,,7.1,11,,,https://www.imdb.com/title/tt0350376/?ref_=sr_i_868
869. El ciclón,1959,1h 23m,,6.6,14,,,https://www.imdb.com/title/tt0050253/?ref_=sr_i_869
870. Visa pour l'enfer,1959,1h 30m,,5.3,17,,,https://www.imdb.com/title/tt0161071/?ref_=sr_i_870
871. La estampida,1959,1h 29m,,6.8,10,,,https://www.imdb.com/title/tt0051594/?ref_=sr_i_871
872. Katame no okami,1959,,,5.9,12,,Five swordsmen are murdered and hung in a tree and the chase is on to find the killers. Two magistrates pursue the leads to solve the crime and it leads to a potential conspiracy to kill the Shogun.,https://www.imdb.com/title/tt0199677/?ref_=sr_i_872
873. Life and Death Struggle in the Snowstorm,1959,1h 16m,,6.2,8,,"At a ski lodge the manager's daughter is good at skiing and dreams of becoming a winter guide and instructor. Among the customer multiple have issues. One customer is a former athlete who skied for Japan at the Olympics. He quit once his fiance died in the mountains in the winter. A group of customers ask the former athlete to become their guide, but are refused because the former athlete believes they are not suitably dressed for the climate. One of the members of this group is a woman who resembles his former fiance. She has disappeared the next morning. She is found the next morning and confides that her group is comprised of thieves who need a guide to escape.",https://www.imdb.com/title/tt0142664/?ref_=sr_i_873
874. Cada quién su música,1959,1h 35m,TV-PG,5.8,8,,"Like an ode to poetic chords, intoned with deep feeling through unforgettable voices. An inspiring musical about four singers who live humble lives and their own circumstances.",https://www.imdb.com/title/tt0257464/?ref_=sr_i_874
875. This Is the BBC,1959,1h 5m,,4.9,10,,An impression of twenty-four hours in the life of the British Broadcasting Corporation.,https://www.imdb.com/title/tt9457730/?ref_=sr_i_875
876. Fils d'Imana,1959,1h 28m,,,,,"A relic of Belgian colonialism in Africa, made with the collaboration of Catholic missionaries and the then King of Rwanda, who was toppled by a revolution during the production.",https://www.imdb.com/title/tt0765173/?ref_=sr_i_876
877. Surf Safari,1959,45m,,,,,,https://www.imdb.com/title/tt28371799/?ref_=sr_i_877
878. Gwangmyeong-eul chaj-aseo,1959,,,,,,"The main theme of this film is the image of the mother, and the main story is how a humble but loving mother finds light.",https://www.imdb.com/title/tt29791677/?ref_=sr_i_878
879. Selvaggia,1959,1h 33m,,,,,,https://www.imdb.com/title/tt0053260/?ref_=sr_i_879
880. Dai san no shikaku,1959,1h 37m,,,,,"An investigator probes a case where witness accounts conflict, revealing hidden motives and shifting truths. As perspectives clash, he struggles to uncover reality in a mystery shaped by deception, bias, and the limits of human perception.",https://www.imdb.com/title/tt1482136/?ref_=sr_i_880
881. Jungle King,1959,,,,,,,https://www.imdb.com/title/tt1045627/?ref_=sr_i_881
882. Baby Face,1959,,,,,,A story of young lovers caught in the undertow of today's juvenile violence.,https://www.imdb.com/title/tt0454078/?ref_=sr_i_882
883. Eomeoniui pum,1959,,,,,,Young Myung-soo lost his mother and home due to American bombing during the Korean War.,https://www.imdb.com/title/tt29433151/?ref_=sr_i_883
884. Pardesi Dhola,1959,,,,,,,https://www.imdb.com/title/tt4780122/?ref_=sr_i_884
885. I cattivi vanno in paradiso,1959,,,,,,,https://www.imdb.com/title/tt0051460/?ref_=sr_i_885
886. Kaatil Kaun,1959,,,,,,,https://www.imdb.com/title/tt5310858/?ref_=sr_i_886
887. Ana kucagi,1959,,,,,,,https://www.imdb.com/title/tt0261529/?ref_=sr_i_887
888. Di nu hua,1959,1h 42m,,7.0,11,,"Princess Chang Ping retells the famous Chinese legend of the last Ming emperor's daughter and her love for a handsome young scholar. Unfortunately, the Manchurian occupation of China disrupts their plans for a happy marriage. Ordered to commit suicide to protect the Ming dynasty's honor from the invading barbarians, the princess instead flees to a Buddhist nunnery, where she is later reunited with her true love. When the newly established Qing dynasty offers them amnesty in exchange for acknowledging the Manchu authority, the two lovers must make a fateful choice between personal happiness and filial loyalty.",https://www.imdb.com/title/tt0247292/?ref_=sr_i_888
889. Ismail Yasin fi el-Tayaran,1959,1h 27m,,6.1,237,,"The film follows twin brothers-one a filmmaker, the other a pilot. When the filmmaker falls for a dancer who dreams of marrying a pilot, he pretends to be his brother to win her heart.",https://www.imdb.com/title/tt0355584/?ref_=sr_i_889
890. Abak Prithibi,1959,1h 38m,Not Rated,8.1,38,,"Arjun finds solace in jail. He meets a principal and teacher, Miss Chatterjee, at a school. Despite initial dislike, she sees his good qualities. His singing talent gets him arrested, but students support him, revealing the truth.",https://www.imdb.com/title/tt6591102/?ref_=sr_i_890
"891. Der Engel, der seine Harfe versetzte",1959,1h 37m,,6.7,65,,,https://www.imdb.com/title/tt0051583/?ref_=sr_i_891
892. Utamaro wo meguru gonin no onna,1959,1h 33m,,8.2,14,,,https://www.imdb.com/title/tt0204718/?ref_=sr_i_892
893. Kard és kocka,1959,1h 18m,,6.4,21,,,https://www.imdb.com/title/tt0052963/?ref_=sr_i_893
894. Quai des illusions,1959,1h 25m,,6.3,19,,Lise is bored with her parents and is looking for a job as a waitress.,https://www.imdb.com/title/tt0049519/?ref_=sr_i_894
895. Nameless Stars,1959,1h 46m,,6.0,18,,"The historical film is dedicated to the memory of the participants of the Student Movement for Korean Independence in the city of Gwangchu, who entered into an unequal battle with the Japanese colonialists on November 3, 1929.",https://www.imdb.com/title/tt2151764/?ref_=sr_i_895
896. Zafra,1959,1h 17m,,6.5,18,,A young indigenous couple struggle to survive the oppression they endure while forced to work on a sugar plantation in the Andes.,https://www.imdb.com/title/tt0052420/?ref_=sr_i_896
897. Sendas marcadas,1959,1h 26m,,4.4,37,,"A dangerous criminal is arrested after a bumpy chase down the mountain. Since he is already getting dark, Inspector Ortega, a soldier and the malefactor are forced to take refuge in a mountain hostel, where they meet other people in the same circumstance. So, to pass the time entertainingly, those present explain various stories that deal with the influence of fate in people's lives. These episodes are the flight of a hotel manager after committing an embezzlement; the encounter in a mountain refuge between a skier and a mysterious woman; the gruesome story of a taxi driver and his afterlife passenger; the arrest of the criminal by the aforementioned Inspector Ortega and, finally, the robbery in a church of a figure of the child Jesus.",https://www.imdb.com/title/tt0052180/?ref_=sr_i_897
898. Senbazuru hichô,1959,1h 27m,,6.7,12,,"A young man tries to find his father's killer when he meets a mysterious soldier in a kimono decorated with paper cranes. One of Misumi's early films, this lively historical drama stars Raizo Ichikawa.",https://www.imdb.com/title/tt0200106/?ref_=sr_i_898
899. Simpatico mascalzone,1959,1h 29m,,5.1,15,,,https://www.imdb.com/title/tt0053280/?ref_=sr_i_899
900. Shree Shree Mahalaxmi Puja,1959,,,6.2,10,,,https://www.imdb.com/title/tt1402559/?ref_=sr_i_900
901. As Long as There Are Women,1959,1h 17m,,5.5,8,,"Three friends are looking for the woman of their dreams. Three different women deal, in a different way, with love, marriage and their future.",https://www.imdb.com/title/tt0232241/?ref_=sr_i_901
902. Kya Yeh Bombai Hai,1959,,,,,,,https://www.imdb.com/title/tt3904210/?ref_=sr_i_902
903. Mr. John,1959,,,,,,,https://www.imdb.com/title/tt0357925/?ref_=sr_i_903
904. Kurutta yokubô,1959,59m,,,,,,https://www.imdb.com/title/tt8610248/?ref_=sr_i_904
905. Huo zang Lan Tou He,1959,,,,,,,https://www.imdb.com/title/tt0186113/?ref_=sr_i_905
906. Podvig Leningrada,1959,54m,,,,,"The world knows the immortal feat of the residents of besieged Leningrad, accomplished by them during WW2.",https://www.imdb.com/title/tt0256272/?ref_=sr_i_906
907. Bored Hatamoto: The Mysterious Fire,1959,1h 49m,,,,,"A samurai retainer seeks the help of Saotome Mondonosuke, aka ""The Bored Hatamoto"", to put an end to a conspiracy involving members of the shogun's Roju Council. Little did anyone know, the crescent scarred master swordsman is already pursuing rumors of rebellion against the Tokugawa. One of the shogun's trusted councilors wants to overthrow the shogunate and restore imperial rule in order to gain more power for himself. Here begins a tapestry of lies, deceit and evil plots which Saotome must figure out and put an end to before it's too late.",https://www.imdb.com/title/tt10979536/?ref_=sr_i_907
908. Chiyoda-jo youenjou,1959,1h 43m,,,,,"A historical drama that tells the story of a simple girl, Chizuru, who entered the imperial palace as a maid and rose to the top because of her love affair.",https://www.imdb.com/title/tt30023115/?ref_=sr_i_908
909. Sagar Sangame,1959,1h 43m,Not Rated,,,,"A widow and her daughter, together with their fellow villagers commence the journey by boat towards Sagar Mela, a religious fare which is conducted annually. They face a few hardships on the way however reaches their destination safely. The mother and the daughter share an extremely loving relationship which is further enhanced when the Batashi, the daughter catches pneumonia and falls extremely sick at the pilgrimage. In spite of the doctor trying his best, Batashi dies leaving her mother to continue the journey of the pilgrimage and therefore, life.",https://www.imdb.com/title/tt6864518/?ref_=sr_i_909
910. Scout Camp,1959,,,,,,,https://www.imdb.com/title/tt3904366/?ref_=sr_i_910
911. Tanikalang apoy,1959,,,,,,,https://www.imdb.com/title/tt0358191/?ref_=sr_i_911
912. Nippon romansu ryokô,1959,1h 27m,,,,,,https://www.imdb.com/title/tt0142689/?ref_=sr_i_912
913. The Buddenbrooks,1959,1h 47m,,6.8,207,,Second part of two of the saga of the troubled Buddenbrook family and their business in 19th-century Germany.,https://www.imdb.com/title/tt0052657/?ref_=sr_i_913
914. Mahishasura Mardini,1959,2h 47m,,8.6,56,,,https://www.imdb.com/title/tt0260870/?ref_=sr_i_914
915. Irham hubbi,1959,,,6.2,48,,,https://www.imdb.com/title/tt0355577/?ref_=sr_i_915
916. Felfelé a lejtön,1959,1h 28m,,7.0,33,,"The somewhat awkward Mester Lajos works in a leather factory and is in love with Éva, the kindergarten-teacher. Éva would like to become a singer. Vannai, the sly music teacher arranges for her to sing in the night-club ""Kakukk"", expecting her devotion in return. Éva and Lajos are at the point of confessing their love to each other when the boy (through his friend, the scoundrel Api) gets involved in a theft and is sacked. Éva gets him new employment through Vannai's help. Lajos believes Éva to have given herself to the music teacher and the two lovers quarrel. Vannai, a secret international spy, attempts to get an invention out of the country by using Éva. Incidentally Lajos unmasks and catches the gang. The lovers confess their love to each other and Eva starts her career as a singer. ,",https://www.imdb.com/title/tt0171318/?ref_=sr_i_916
917. Life in Your Hands,1959,1h 31m,,6.5,34,,,https://www.imdb.com/title/tt0192734/?ref_=sr_i_917
918. Kibrisin Belasi Kizil Eoka,1959,1h 30m,,6.2,21,,Turkish warriors are fighting the Greek-EOKA.,https://www.imdb.com/title/tt0353623/?ref_=sr_i_918
919. Afrit Samarah,1959,,,4.9,41,,"A police officer lives sadly after losing his girlfriend Samarah. He is assigned to the case of Antar, the gang leader, to investigate. He refuses to continue with the police and resigns, but his boss refuses his resignation. One day, Samarah's spirit appears before him, and he is afraid to see her in front of him. She asks him to meet secretly without anyone knowing. The officer's mother sees that it is best for him to get married to get out of the state of sadness which he suffered. Samarah rejects the idea of marriage. She reveals to him that the drugs case and the case of Antar are one. The police officer gets disguised as a local man to discover the gang's secrets. However, Antar is able to escape from the prison hospital, and at the same time discovers the personality of the police officer. The police, however, follow the activity of the gang's members and can arrest them during the receipt of drugs. During the hunt, Antar is shot by police, and the police officer kills him. After managing to get the drug gang and Antar, Samarah appears again and agrees for him to marry one of his relatives.",https://www.imdb.com/title/tt0356335/?ref_=sr_i_919
920. Tegnap,1959,1h 29m,,5.4,24,,,https://www.imdb.com/title/tt0053338/?ref_=sr_i_920
921. Shingo juban-shobu,1959,1h 37m,,5.2,19,,,https://www.imdb.com/title/tt0201112/?ref_=sr_i_921
922. Lejon på stan,1959,1h 41m,,4.0,23,,"Charlie is an old circus artist who quit after an accident. When a circus comes to town, their lion is let loose.",https://www.imdb.com/title/tt0053000/?ref_=sr_i_922
"923. Mulheres, Cheguei!",1959,1h 42m,,5.9,14,,,https://www.imdb.com/title/tt0194186/?ref_=sr_i_923
924. Bevor der Blitz einschlägt,1959,1h 36m,,4.9,19,,,https://www.imdb.com/title/tt0052622/?ref_=sr_i_924
925. Ölmeyen ask,1959,1h 42m,,4.9,19,,,https://www.imdb.com/title/tt0354254/?ref_=sr_i_925
926. Mi mujer necesita marido,1959,,,5.9,12,,"Diagnosed with a ""Cleopatra complex"", a married woman named Cora believes she is a femme fatale and invites three suitors to her vacation home.",https://www.imdb.com/title/tt0209147/?ref_=sr_i_926
927. Bioneun nalui ohu seshi,1959,1h 47m,,5.8,10,,"Upon hearing that her fiance has been killed in battle, a woman makes her way to the Park Pagoda to seek comfort from the monument. There she becomes acquainted with Henry Jang, a Korean-American whom she eventually marries. There is no happy ending for the two, however, because her fiance shows up alive and well, but bitter over his lover's fickle nature",https://www.imdb.com/title/tt0409754/?ref_=sr_i_927
928. Wakai kawa no nagare,1959,2h 7m,,6.6,6,,,https://www.imdb.com/title/tt1949260/?ref_=sr_i_928
929. Machibugyô nikki: Tekka botan,1959,1h 30m,,6.0,6,,"The thrilling adventures of Shintaro Katsu, a magistrate obsessed with alcohol, gambling, and women. This novel by Shugoro Yamamoto was later adapted by Kon Ichikawa.",https://www.imdb.com/title/tt5368496/?ref_=sr_i_929
930. The Ghost of Iwojima,1959,1h 28m,,5.2,7,,,https://www.imdb.com/title/tt2177593/?ref_=sr_i_930
931. Hatoba no muhômono,1959,1h 31m,,,,,,https://www.imdb.com/title/tt8387518/?ref_=sr_i_931
932. Ningyô sashichi torimonochô: Senketsu no chibusa,1959,1h 20m,,,,,,https://www.imdb.com/title/tt15455702/?ref_=sr_i_932
933. Big Bust Loops Vol.5,1959,,,,,,,https://www.imdb.com/title/tt32872749/?ref_=sr_i_933
934. Jûdai no magari kado,1959,,,,,,,https://www.imdb.com/title/tt6376188/?ref_=sr_i_934
935. Chathurangam,1959,,,,,,,https://www.imdb.com/title/tt0254215/?ref_=sr_i_935
936. Satsujinma no seppun,1959,50m,,,,,,https://www.imdb.com/title/tt15446012/?ref_=sr_i_936
937. Aana Valarthiyal Vanampady,1959,,,,,,,https://www.imdb.com/title/tt0252185/?ref_=sr_i_937
938. Daaka,1959,,,,,,,https://www.imdb.com/title/tt0156443/?ref_=sr_i_938
939. Comendo de Colher,1959,,,,,,,https://www.imdb.com/title/tt0261620/?ref_=sr_i_939
940. Agha jenni shodeh,1959,1h 45m,,,,,"A widower decides to remarry but becomes plagued by delusions, dreaming of his late wife every night. Believing he is possessed by spirits, his concerned family brings in an exorcist to help him finally regain his sanity",https://www.imdb.com/title/tt0389737/?ref_=sr_i_940
941. Subarashiki jûkyû-sai,1959,1h 38m,,,,,,https://www.imdb.com/title/tt35227305/?ref_=sr_i_941
942. A Handful of Grain,1959,1h 32m,,,,,,https://www.imdb.com/title/tt0052875/?ref_=sr_i_942
943. Pyar Ki Rahen,1959,,,,,,,https://www.imdb.com/title/tt0381521/?ref_=sr_i_943
944. Esmeralda,1959,,,,,,The year's most absorbing drama--of a woman in whose heart raged passions as fiery as the emerald itself.,https://www.imdb.com/title/tt0454135/?ref_=sr_i_944
945. Itsuwari no jôji,1959,1h 7m,,,,,,https://www.imdb.com/title/tt8610272/?ref_=sr_i_945
946. Los diablos del terror,1959,1h 17m,,5.9,68,,A federal policeman arrives in a town ravaged by a cult of hooded men who leave a satanic face on their victims.,https://www.imdb.com/title/tt0276066/?ref_=sr_i_946
947. Neel Akasher Neechey,1959,2h 13m,Not Rated,7.6,164,,"A poor Chinese hawker, Wang Lu, sells his merchandise, China silk in the streets of Calcutta.",https://www.imdb.com/title/tt0053104/?ref_=sr_i_947
948. Life in Emergency Ward 10,1959,1h 26m,,6.1,108,,New registrar joins hospital with cutting-edge heart-lung machine. Clashes with colleagues. Patient dies during operation. Urgent heart surgery on young boy. Registrar must prove himself through challenging medical cases.,https://www.imdb.com/title/tt0053009/?ref_=sr_i_948
949. Time Bomb,1959,1h 30m,,6.3,63,,Jurgens is a sea captain in financial trouble. He plots to destroy his ship and collect insurance money by loading it with a time bomb and then sailing it into an active mine field. Watch for the gritty scene where a crewman becomes trapped in a boiler and burns to death. Great offbeat film. 16mm.,https://www.imdb.com/title/tt0053409/?ref_=sr_i_949
950. První a poslední,1959,1h 21m,,6.6,10,,,https://www.imdb.com/title/tt0247640/?ref_=sr_i_950
951. Naked Fury,1959,1h 13m,,5.4,171,,Story of a safe robbery gang who hide in a derelict warehouse.,https://www.imdb.com/title/tt0166727/?ref_=sr_i_951
952. El cofre del pirata,1959,1h 35m,,7.0,40,,"In the past, Tin Tan the pirate hides a treasure map so their crew can't find it. In the actual time, his descendant a ruined aristocratic finds the map but other people is also looking for it.",https://www.imdb.com/title/tt0242384/?ref_=sr_i_952
953. The Devil's Cavaliers,1959,1h 32m,,4.0,66,,Captain Richard and a small band of soldiers return home to France to discover the country ruled by horrible nobility.,https://www.imdb.com/title/tt0052684/?ref_=sr_i_953
954. Put Out or Shut Up,1959,1h 5m,,5.7,40,,"The love story between a man and a woman, children of rival fishermen.",https://www.imdb.com/title/tt0052153/?ref_=sr_i_954
955. The Day It Rained,1959,1h 28m,,6.9,117,,"A motorcycle gang in post-war Germany wreaks havoc on a town, until one of their members begins to have second thoughts after a run-in with the police.",https://www.imdb.com/title/tt0052553/?ref_=sr_i_955
956. A Cool Sound from Hell,1959,1h 11m,,7.8,28,,"Charlie is inducted into the Toronto Beatnik scene when he falls for a reckless party-girl named Steve. While Debbie, a girl who shares his values, waits in the wings for him, Charlie discovers that Steve is mixed up in a vicious drug ring.",https://www.imdb.com/title/tt0299705/?ref_=sr_i_956
957. Drillinge an Bord,1959,1h 22m,,6.4,463,,"Eduard, Otto and Heinz are triplets. They win a pop-song contest, a trip on an ocean liner where they get drawn into the cat-and-mouse game of a detective hunting down a notorious gangster trio.",https://www.imdb.com/title/tt0052760/?ref_=sr_i_957
958. Schlag auf Schlag,1959,1h 37m,,5.4,53,,"After his second divorce marriage registrar Hugo is reprimanded by his boss, vows celibacy and moves in with his roommates Caesar and Balduin. But then he falls for pretty Isabella who is stood up by her fiance on their wedding day.",https://www.imdb.com/title/tt0052163/?ref_=sr_i_958
959. Rancho Texas,1959,1h 25m,,5.6,34,,"Two zootechnics students, Jacek and Marek, come to the Bieszczady (it's the Polish ""Wild West""). Looking for a holiday adventure and income, they become ""cowboys"" on local cattle grazing. Instead of the expected romantic adventures and the male, hard life, their boredom is becoming their share. Only when Jacek gets a stallion Szaga, things take a different turn. He gains confidence, brags at a nearby bar, and seduces Valentine - the girl of the smuggler gang leader and Agnieszka - a member of a geological expedition.",https://www.imdb.com/title/tt0053209/?ref_=sr_i_959
960. Tunis Top Secret,1959,1h 40m,,,,,"An Italian orphan countess, Katy, wants to be a journalist, but is dismissed from her work because she does not bring in hot news; she hears that young Prince Scedid is about to inherit the throne of his father, and that he lives an irreproachable life - actually so secluded that almost no one knows him. With her friends Simona and Barbara, she goes to Monastir in Tunisia, to set-up the Prince of Scedad and to take photos of him in some compromising situation that will give Barbara headlines in the scandal press. The English government is aware of a death menace against the future ruler of Scedad and sends three secret agents to protect him: Major Knicherbocker, Mr. George and Baron Philippe. The political enemies of Prince Scedid have paid two thugs, Pedro and Paulo, and a belly dancer, Sherazad, to approach the Prince and kill him. Neither of these nine persons possess a photo of the Prince, as he lives such a secluded life, and their conflicting enterprises and various disguises will lead to plenty of confusion, and daring situations. In the end, the three freelance reporters will not achieve their end, but they will find love in the arms of a Tunisian doctor and two English agents.",https://www.imdb.com/title/tt0053383/?ref_=sr_i_960
961. Yo y las mujeres,1959,,,,,,,https://www.imdb.com/title/tt0470169/?ref_=sr_i_961
962. Hey Boy! Hey Girl!,1959,1h 23m,Approved,6.0,148,,"In Las Vegas, as band leader Louis Prima auditions female vocalists, Father Burton and parishioner Dorothy Spencer come to ask him to perform at their local church bazaar to raise money for a summer camp program. After Prima's manager, Marty Moran, brusquely informs them that Prima is busy on the day of the bazaar, Dorothy, angry at getting the ""brush off,"" confronts Prima with her request. When Marty rudely dismisses her once again, Dorothy waits in the lobby for the audition to end. After having run through a disappointing roster of singers, Prima apologizes to Dorothy for Marty's behavior and agrees to entertain at the bazaar. Bolstered by Prima's appearance, the bazaar raises over $3,000 for the summer camp. In gratitude, Dorothy invites Prima to dinner, during which she introduces him to her devoted young brother Buzz. When a neighbor drops by to ask Dorothy to babysit, Dorothy sings the infant to sleep, impressing Prima with her sweet voice. While washing the dishes, Dorothy hums a tune, prompting Prima to offer her the vocalist job, but she refuses. The next day, when Dorothy goes to the theater to ask Prima to join the church fund-raising committee, Marty insists that she sing before Prima gives her his answer. When Prima begins to coach Dorothy during her audition, the band breaks into laughter and Prima realizes that they have created an irresistible comedy routine. As Dorothy achieves prominence with the band, Buzz begins to feel neglected. One night, Buzz sees Prima kiss Dorothy and reacts with a jealous tantrum. Consequently, when Prima proposes to Dorothy, she turns him down and announces that she is leaving the group to spend more time with Buzz. When Prima asks Father Burton for advice, the priest suggests that he try to make friends with Buzz by taking him on a hike. After Prima enlists the band to join them, Buzz begins to reconsider his opinion of Prima. As they hike up the mountain trail to an old resort, they discover that a fence has been erected to block their path. When Buzz wistfully gazes past the fence and describes the pond and other facilities at the resort, Prima decides to lease the land and turn it into a year-round camp for the children. Through a series of fund raisers, Prima and the others raise the $30,000 needed to lease the resort, and after they exceed their goal, Dorothy finally accepts Prima's proposal.",https://www.imdb.com/title/tt0052887/?ref_=sr_i_962
963. Stastie príde v nedelu,1959,1h 25m,,7.5,68,,,https://www.imdb.com/title/tt0240035/?ref_=sr_i_963
964. Kalyanikku Kalyanam,1959,,,,,,,https://www.imdb.com/title/tt0269418/?ref_=sr_i_964
965. Bicharak,1959,1h 33m,Not Rated,8.4,61,,"Gyanendra was a respectable lawyer with a respectable popularity. He was happily married to Sumoti who was a doting wife too. However Gyanendra had special feelings for his professor's daughter Sarama. One day a fire breaks out in Gyanendra's house. Sumoti dies. Gyanendra does not make any attempt to save her. Instead he married Sarama after the incident. After many years when Gyanendra becomes the judge, he is brought face to face with his guilty self when he realizes that the accused had committed the same kind of crime as he did many years ago. He realizes his crime. Watch the full movie, Bicharak, only on Eros Now.",https://www.imdb.com/title/tt1920854/?ref_=sr_i_965
966. Taxeidi me ton erota,1959,1h 36m,,5.6,43,,"Brimming with hope, a suave bachelor returns to Aegina to reunite with his unforgettable old flame. Instead, romantic summer passions take over when he discovers she is having an affair, putting loyalties to the test.",https://www.imdb.com/title/tt0201971/?ref_=sr_i_966
967. La mujer y la bestia,1959,1h 25m,,6.3,28,,A kind nurse turns into a dangerous prostitute at night who murders men.,https://www.imdb.com/title/tt0051957/?ref_=sr_i_967
968. Ilze,1959,1h 21m,,6.6,10,,,https://www.imdb.com/title/tt3899556/?ref_=sr_i_968
969. The Lake of Sighs,1959,1h 22m,,6.5,95,,"Under the thumb of the tyrannical Ottoman Empire in early-19th-century Ioannina, the handsome first-born son of Ali Pasha falls for the beautiful Greek widow, Frosyni. Now, the penalty is death. Is there an escape from the Pasha's wrath?",https://www.imdb.com/title/tt0220615/?ref_=sr_i_969
970. The Truth About Fidel Castro Revolution,1959,50m,Unrated,6.2,83,,Documentary shot during the Cuban revolution,https://www.imdb.com/title/tt0321867/?ref_=sr_i_970
971. Kalyana Parisu,1959,3h 14m,,7.2,56,,"Kalyana Parisu, director C.V.Sridhar's debut film, deals with triangle love, two women vying for the same man. The film enjoyed huge box-office popularity. Gemini Ganesh is a bachelor, who had to leave his college before finishing his final year at University. He meets Thangavelu in a park and they become friends. Gemini Ganesh goes to rent a house, where the house owner is a mother living with her two young and unmarried daughters. The younger girl(Saroja Devi) is prettier and studies in college. She and Gemini fall in love, but this is not known to the others. Meanwhile the elder sister (Vijayakumari) also falls in love with Gemini . The younger sister gives up her love for elder sister's sake, this sacrifice is unknown to the elder sister. This film presented Ganesh as a victimized, tragic hero in a melodramatic story supporting the observance of social convention.",https://www.imdb.com/title/tt0322916/?ref_=sr_i_971
972. The Flying Fontaines,1959,1h 24m,Approved,5.3,70,,"After military service, a trapeze star fights to rebuild his career and his love life.",https://www.imdb.com/title/tt0052814/?ref_=sr_i_972
973. A Luz Vem do Alto,1959,1h 30m,,7.0,17,,"The struggle between two friends unfolds: one embodies deep disbelief in religion, while the priest endures insults with grace, persistently sharing his faith. Each defends their beliefs leading to an unexpected conclusion.",https://www.imdb.com/title/tt0053028/?ref_=sr_i_973
974. Bendito entre las mujeres,1959,1h 21m,,6.0,17,,"Two cousins are called by a lawyer to receive the estate of a deceased aunt, valued at one million pesos, on the condition of educating three little girls.",https://www.imdb.com/title/tt0275959/?ref_=sr_i_974
975. Zwischen Glück und Krone,1959,1h 39m,,1.2,102,,,https://www.imdb.com/title/tt0498734/?ref_=sr_i_975
976. Legend of Chunhyang,1959,1h 43m,,,,,Based on an old Korean legend about the tender and beautiful love of the poor girl Chun Hyang and the son of the formidable and cruel ruler Mong Nyoung.,https://www.imdb.com/title/tt3420118/?ref_=sr_i_976
977. A Room for Rent,1959,1h 52m,,7.0,50,,The story follows the various tenants living in a multi-room tenement on a hill overlooking the city of Osaka.,https://www.imdb.com/title/tt0322930/?ref_=sr_i_977
978. Chacha Zindabad,1959,,,7.7,25,,"Colonel father of Renu (Anita Guha) and Judge father of Vinod (Kishore Kumar) are childhood friends; whose fathers used to be friends. Renu loves Indian music and Vinod is highly influenced with the western music. When Colonel and Judge want to extend their friendship to a relationship; Vinod and Renu realize that they do not love each other and plan to make their parents enemies.

But when their plan succeeds they realize that they actually love each other and they now have uphill task to revert the damage they have caused. Enters the Contractor (Om Prakash), who wants his son to marry Renu to his fumbling Son (played by Anoop Kumar) for the wealth of the Colonel. Colonel agrees and it adds to the woes of Vinod and Renu. The rest story is would they succeed in uniting their fathers!",https://www.imdb.com/title/tt0337596/?ref_=sr_i_978
979. Kôdo nanasen metoru: kyôfu no yojikan,1959,1h 16m,,5.8,36,,"Passengers on an airliner in flight are startled to discover that a killer, who is fleeing from the police after having murdered three people, has managed to come on board with a gun and is holding everyone hostage, threatening to kill anyone who doesn't obey him. The plane's crew must come up with a way to take him down before he starts murdering passengers.",https://www.imdb.com/title/tt0316144/?ref_=sr_i_979
980. Yo... el aventurero,1959,1h 27m,,7.1,17,,,https://www.imdb.com/title/tt0275804/?ref_=sr_i_980
981. The Desperate Man,1959,57m,,5.3,26,,Two reporters are held hostage in old castle by thief looking for the diamonds that he had hidden after robbing a local house.,https://www.imdb.com/title/tt12077420/?ref_=sr_i_981
982. La marraine de Charley,1959,1h 27m,,4.4,31,,An architecture student is forced by four of his friends to dress as a woman and act as a godmother in the mansion of the lord of Saint-Sevran.,https://www.imdb.com/title/tt0158761/?ref_=sr_i_982
983. Street-Fighter,1959,1h 10m,,3.6,55,,"In this low-budget drama, a delinquent teenage boy strives to become an upstanding citizen following the tragic death of the girl he loves.",https://www.imdb.com/title/tt0053311/?ref_=sr_i_983
984. Desert Desperados,1959,1h 21m,Approved,4.4,22,,"A caravan guarded by Roman soldiers comes across a woman (Ruth Roman) bound to a stake and left to die. A wealthy merchant (Akim Tamiroff) who hired the caravan is against taking her along, but the commander of the soldiers, Verrus (Otelo Toso), overrules him. Verrus tries to get friendly with her, promising all kinds of wealth for her favors. The caravan encounters a group of Judean refugees fleeing from King Herod's orders to kill all male children. They are on their way to Egypt with a male child. The merchant begins to ponder the reward that would be paid by the king and orders the woman to seduce a Roman guard to enable the messenger to get away. After the kIng's soldiers show up, Verrus refuses to surrender the refugees.",https://www.imdb.com/title/tt0052727/?ref_=sr_i_984
985. Avventura a Capri,1959,1h 37m,,4.4,22,,"A young French girl, Yvonne, having won a competition, goes to Capri for a short break. There she meets Baron Vanvutelli, an old-fashioned old man, Mario, a Roman student, who came to spend the Sunday at Capri, along with two friends, Renato and Julius.",https://www.imdb.com/title/tt0051386/?ref_=sr_i_985
986. Stump Run,1959,1h 18m,,,,,Two Moonshiners find love and laughs in the Oregon outskirts.,https://www.imdb.com/title/tt0053313/?ref_=sr_i_986
987. The Rest Is Silence,1959,1h 46m,,6.6,186,,An interpretation of Hamlet finds the heir Claudius Steel Works struggling with his mother's to uncle Van Eyk in a sterile industrial post-WW2 West Germany.,https://www.imdb.com/title/tt0053217/?ref_=sr_i_987
988. Thus Another Day,1959,1h 14m,,6.7,152,,A young wife looses patience with her career-minded husband and returns to her parents' home while an unpaid mortgage forces the couple to rent out their home for the summer to the husband's boss.,https://www.imdb.com/title/tt0052981/?ref_=sr_i_988
989. The Lady Is a Square,1959,1h 40m,Not Rated,5.8,109,,"Frankie Vaughan stars as young pop singer Johnny Burns, who is enlisted reluctantly by Frances Baring (Anna Neagle), a socialite widow attempting to keep her late husband's symphony orchestra going. As a result, Johnny falls for Baring's daughter Joanna, played by Janette Scott.",https://www.imdb.com/title/tt0052986/?ref_=sr_i_989
990. The Kidnapping of Miss Nylon,1959,1h 29m,,6.4,71,,,https://www.imdb.com/title/tt0051991/?ref_=sr_i_990
991. Kavi Kalidas,1959,2h 19m,Not Rated,7.4,25,,"Kali is an uppercaste but naive and dim-witted Brahman and lives with his stepmother and her son. He has fallen in love with Pushpavali who is of a low caste. Kali's mother frowns on this and on the next small pretext throws him out of the house. The villagers do not show any sympathy for Kali. Kali and Pushpavali decide to leave the village. Princess Vidyotma hears Pushpavali singing and invites her to the palace to be her maid. Vidyotma is not married and will only marry a man more intelligent than her. She has humiliated and defeated many men, and no man seems to even match wits with her. A sage decides to bring her arrogance to an end, and he asks the naive Kali to accompany him to see the Princess, Kali does so, and through the Sage's help defeats the Princess. The Princess marries Kali and is aghast to find that he is illiterate, and dim-witted. Kali gets humiliated by the princess, and he decides to educate himself. His true love is still Pushpavali. But he is now married, and the princess will definitely not let him leave for a low-caste woman.",https://www.imdb.com/title/tt0389068/?ref_=sr_i_991
992. Hvezda jede na jih,1959,1h 38m,,4.5,30,,"The Prague Grand Orchestra travels by train to a music festival in Yugoslavia. Only the singer Sona Klánová missed the departure. In the meantime, she managed to buy a ticket to Belgrade at the air-terminal from Mrs Navrátilová, who couldn't make the trip. In the meantime, the orchestra conductor is beside himself with despair. He phoned to Prague from the border, and when he realized that Sona had left her house in a taxi, he thought that she would catch up with them by the road. The orchestra delayed the train's departure with an improvised concert for the custom officers and the passengers.",https://www.imdb.com/title/tt0051751/?ref_=sr_i_992
993. Cuentan de una mujer,1959,1h 25m,,6.6,13,,,https://www.imdb.com/title/tt0242396/?ref_=sr_i_993
994. Siete pecados,1959,1h 25m,,5.2,16,,,https://www.imdb.com/title/tt0253701/?ref_=sr_i_994
995. Baap Bete,1959,,,,,,,https://www.imdb.com/title/tt0250229/?ref_=sr_i_995
996. O vecech nadprirozených,1959,1h 44m,,7.3,84,,Three short stories about the supernatural based on the work of writer Karel Capek.,https://www.imdb.com/title/tt0052018/?ref_=sr_i_996
997. Here Come the Jets,1959,1h 12m,Approved,6.2,27,,"Hard-drinking, disheartened ex-pilot James Logan pawns his Distinguished Service Medal to raise money for his next drink. At a cheap nightclub, he drunkenly boasts of his heroism as a pilot during the Korean War, an illustrious career that was shattered after his plane was shot down and both his legs broken. When he accuses the bartender of cheating him, a fight ensues and he is jailed for disorderly conduct. The arrest of a war hero makes the headlines, attracting the attention of Ted Wallack, a pilot who flew with Jim in Korea. Ted, now head of the test pilot program at the Harrison Air Craft Company, offers Jim a job testing the company's jets that are being designed for commercial use. Given the choice of spending 30 days in jail or going to work, Jim accepts Ted's offer. At the Harrison plant, Ted introduces Jim to Randall, the gruff, no-nonsense head of engineering who chastises Jim for his inability to cope with having been a war hero. After introductions at the factory, Ted secures Jim a room at the boarding house owned by Jean Carter, an earthy divorcée with whom Ted is romantically involved. That night, Jim goes to a restaurant and orders a double bourbon. While crumpling up his pawn ticket, Jim accidentally knocks his drink over, splashing the woman seated at the next table. When the woman jokes that Jim spilled his drink as a ruse to pick her up, Jim angrily leaves. The next day, Ted introduces Jim to Joyce Matthews, the head of the plant's medical department, who is to administer a battery of physical and psychological exams to Jim. Much to his embarrassment, Jim recognizes Joyce as the woman from the restaurant. As the plane nears completion, Jim is placed in a flight simulator to test his ability to pilot a passenger jet. When he becomes panicked by the high-pitched screech of the jet engines, Jim decides to quit. After Joyce chides him for allowing his failure in Korea to ""blackmail him into skid row,"" Jim replies that he has lost both his courage and his reflexes. That night, Jim has a nightmare about being in combat. Thrashing about in terror, Jim knocks a bottle of liquor off the nightstand and then awakens, sobbing. The next day at the plant, Randall refuses to accept Jim's resignation, then assigns him to be Ted's test pilot. As Jim scrutinizes a model of the jet suspended in the wind tunnel, Joyce enters and welcomes him back. Just then, a technician switches on the engines, sending a blast of air churning through the tunnel. Jim grabs Joyce to steady her, and as they careen against the walls, they kiss. Later, over dinner, Jim admits that during the turmoil in the tunnel, he called out to Joyce that he needs and wants her. Soon after, Burton, the head of the company, tells Randall that Jim is too controversial and too big a risk to be appointed test pilot, but Randall stands by his decision. That night, as Joyce and Jim prepare to meet Ted and Jean for dinner, Joyce returns Jim's medal to him. At the restaurant, a surprised Jim is greeted by ""Logan's Loonies,"" his old squadron from the war, who have come to a surprise party held in his honor. Throughout the evening, Steve Hanley, one of the squad, glares a Jim. Later, outside the restaurant, Steve climbs into his auto, challenges Jim to a game of ""chicken,"" then smashes into Jim's car, crashing it into a tree. When Steve taunts Jim about ""ditching the fight"" in Korea, a brawl ensues. After Ted pulls Jim and Steve apart, Jim declares that he wants to be left alone and leaves. On the day of the big test, Joyce, worried about Jim, monitors the activities from a mobile unit. Despite Burton's objections, Randall insists on participating in the flight. Once the aircraft reaches cruising altitude, Randall orders Jim to take the controls from Ted. After voicing complete faith in Jim, Randall explains that Jim's squadron saved his son's life in Korea. Randall continues that he feels honor bound to repay the debt by restoring Jim's confidence. Encouraged by Randall's speech, Jim confidently takes the controls and safely lands the plane.",https://www.imdb.com/title/tt0052884/?ref_=sr_i_997
998. Las coronelas,1959,1h 32m,TV-14,5.8,26,,Two young women compelled to disguise themselves as soldiers within a military unit.,https://www.imdb.com/title/tt0270292/?ref_=sr_i_998
999. Paradies der Matrosen,1959,1h 42m,,,,,"Thieves rob a ship and drop passengers on an island. While waiting for the ship to return, they will experience an adventure in search of treasure.",https://www.imdb.com/title/tt0053155/?ref_=sr_i_999
1000. Alaska Passage,1959,1h 11m,Approved,5.5,133,,"Al Graham and Gerard Mason are partners in an Alaskan trucking company. They quarrel over expenses and losses. Graham has fallen for Tina Boyd, the cashier at a restaurant. Mason's wife, Janet, shows up and makes a play for Graham, and since they were lovers before she threw him over for Mason, Graham and Janet resume their affair. Mason learns of this, and Janet shoots him and forces a truck-mechanic to help her getaway. Graham speeds after them knowing there has been a landslide and hoping to prevent an accident.",https://www.imdb.com/title/tt0052544/?ref_=sr_i_1000
