Title,Year,Duration,MPA,Rating,Votes,meta_score,description,Movie Link
1. Home Alone,1990,1h 43m,PG,7.8,756K,63,"An eight-year-old troublemaker, mistakenly left home alone, must defend his home against a pair of burglars on Christmas Eve.",https://www.imdb.com/title/tt0099785/?ref_=sr_i_1
2. Ghost,1990,2h 6m,PG-13,7.1,260K,52,A slain Manhattan banker reaches out to his lover with a psychic's help.,https://www.imdb.com/title/tt0099653/?ref_=sr_i_2
3. Dances with Wolves,1990,3h 1m,PG-13,8.0,314K,72,A lieutenant assigned to a remote Civil War outpost starts questioning his purpose after making contact with a neighboring Sioux settlement.,https://www.imdb.com/title/tt0099348/?ref_=sr_i_3
4. Pretty Woman,1990,1h 59m,R,7.1,413K,51,"A corporate raider hires a hooker to act as a business escort in Beverly Hills, California.",https://www.imdb.com/title/tt0100405/?ref_=sr_i_4
5. Teenage Mutant Ninja Turtles,1990,1h 33m,PG,6.8,114K,51,"Four humanoid turtles emerge from the sewers of New York City to fight a gang of teenage ninjas, lead by a mysterious Japanese martial artist.",https://www.imdb.com/title/tt0100758/?ref_=sr_i_5
6. The Hunt for Red October,1990,2h 15m,PG,7.5,235K,58,"Moscow, Washington D.C. and a CIA Analyst track a rogue Soviet Captain and his new submarine.",https://www.imdb.com/title/tt0099810/?ref_=sr_i_6
7. Total Recall,1990,1h 53m,R,7.5,385K,60,"When a man goes in to have virtual vacation memories of the planet Mars implanted in his mind, an unexpected and harrowing series of events forces him to go to the planet for real - or is he?",https://www.imdb.com/title/tt0100802/?ref_=sr_i_7
8. Die Hard 2,1990,2h 4m,R,7.2,410K,67,"One year after the Nakatomi Plaza incident, John McClane faces off against terrorists who seize control of Washington Dulles Airport's systems on Christmas Eve, endangering multiple incoming flights, including one carrying his wife, Holly.",https://www.imdb.com/title/tt0099423/?ref_=sr_i_8
9. Dick Tracy,1990,1h 45m,PG,6.2,71K,68,The comic strip detective finds his life vastly complicated when Breathless Mahoney makes advances towards him while he is trying to battle Big Boy Caprice's united mob.,https://www.imdb.com/title/tt0099422/?ref_=sr_i_9
10. Kindergarten Cop,1990,1h 51m,PG-13,6.3,178K,61,"A tough cop must pose as a kindergarten teacher in order to locate a dangerous criminal's ex-wife, who may hold the key to putting him behind bars.",https://www.imdb.com/title/tt0099938/?ref_=sr_i_10
11. Back to the Future Part III,1990,1h 58m,PG,7.5,527K,55,"Stranded in 1955, Marty McFly learns about the death of Doc Brown in 1885 and must travel back in time to save him. With no fuel readily available for the DeLorean, the two must figure how to escape the Old West before Emmett is murdered.",https://www.imdb.com/title/tt0099088/?ref_=sr_i_11
12. Presumed Innocent,1990,2h 7m,R,6.9,54K,72,"As a lawyer investigates the murder of a colleague, he finds himself more connected to the crime than anyone else.",https://www.imdb.com/title/tt0100404/?ref_=sr_i_12
13. Days of Thunder,1990,1h 47m,PG-13,6.2,107K,60,A young hot-shot stock car driver gets his chance to compete at the top level.,https://www.imdb.com/title/tt0099371/?ref_=sr_i_13
14. Another 48 Hrs.,1990,1h 35m,R,5.9,48K,23,"Jack Cates once again enlists the aid of ex-con Reggie Hammond - this time to take down The Iceman, a ruthless drug lord operating in the San Francisco bay area.",https://www.imdb.com/title/tt0099044/?ref_=sr_i_14
15. Three Men and a Little Lady,1990,1h 44m,PG,5.5,29K,51,"Three ex-dads quickly discover how empty life is without their little lady, and go to outrageous lengths in their efforts to win their daughter back in this critically acclaimed and equally charming sequel.",https://www.imdb.com/title/tt0098966/?ref_=sr_i_15
16. Bird on a Wire,1990,1h 50m,PG-13,6.0,51K,36,An old flame discovers her ex-boyfriend from the past is a relocated FBI informant out to stop the bad guys.,https://www.imdb.com/title/tt0099141/?ref_=sr_i_16
17. The Godfather Part III,1990,2h 42m,R,7.5,461K,60,"Follows Michael Corleone, now in his 60s, as he seeks to free his family from crime and find a suitable successor to his empire.",https://www.imdb.com/title/tt0099674/?ref_=sr_i_17
18. Flatliners,1990,1h 55m,R,6.6,99K,55,"Five medical students experiment with ""near death"" experiences, until the dark consequences of past tragedies begin to jeopardize their lives.",https://www.imdb.com/title/tt0099582/?ref_=sr_i_18
19. Misery,1990,1h 47m,R,7.8,270K,75,"After a famous author is rescued from a car crash by a fan of his novels, he comes to realize that the care he is receiving is only the beginning of a nightmare of captivity and abuse.",https://www.imdb.com/title/tt0100157/?ref_=sr_i_19
20. Edward Scissorhands,1990,1h 45m,PG-13,7.8,571K,74,"An unfinished creation leaves his isolated castle and enters a suburban world eager to embrace him ~ until his differences become impossible to ignore. What begins as a modern fairy tale gradually becomes a story about loneliness, beauty,",https://www.imdb.com/title/tt0099487/?ref_=sr_i_20
21. Problem Child,1990,1h 21m,PG,5.5,36K,27,A young boy just short of a monster is adopted by a loving man and his wacky wife. The laughs keep coming as he pushes them to the limits.,https://www.imdb.com/title/tt0100419/?ref_=sr_i_21
22. Arachnophobia,1990,1h 49m,PG-13,6.5,82K,67,"A new species of South American killer spider hitches a lift to a California town in a coffin and starts to breed, leaving a trail of deaths that puzzle and terrify young Dr. Ross Jennings, who is newly arrived in town with his family.",https://www.imdb.com/title/tt0099052/?ref_=sr_i_22
23. Awakenings,1990,2h 1m,PG-13,7.8,179K,74,Dr. Sayer is a pioneering neurologist who wants to take a risk and give his patients who suffer from encephalitis a drug used for Parkinson's Disease. He tries it out on one man who miraculously wakes from his perpetual catatonic state.,https://www.imdb.com/title/tt0099077/?ref_=sr_i_23
24. Look Who's Talking Too,1990,1h 21m,PG-13,4.7,52K,,"This time, a new baby is on the way, and it's a girl. Wrapped together with the standard conflict between mother and father, Mikey engages in a bit of sibling rivalry with his new sister.",https://www.imdb.com/title/tt0100050/?ref_=sr_i_24
25. Hard to Kill,1990,1h 36m,R,5.8,35K,41,"Targeted by the mob and its political supporters, hired assassins leave LAPD Detective Mason Storm for dead. Seven years later, he recovers from a deep coma, demanding justice and the opportunity to get even.",https://www.imdb.com/title/tt0099739/?ref_=sr_i_25
26. GoodFellas,1990,2h 25m,R,8.7,1.4M,92,"The story of Henry Hill and his life in the mafia, covering his relationship with his wife Karen and his mob partners Jimmy Conway and Tommy DeVito.",https://www.imdb.com/title/tt0099685/?ref_=sr_i_26
27. Marked for Death,1990,1h 33m,R,5.9,27K,49,A retired DEA agent is out to hunt down and take out a Jamaican drug posse that has targeted his family and him for murder.,https://www.imdb.com/title/tt0100114/?ref_=sr_i_27
28. RoboCop 2,1990,1h 57m,R,5.9,101K,42,"In bankrupt Detroit, RoboCop battles a fanatical drug lord pushing a synthetic narcotic called Nuke while OCP engineers a monstrous successor unit using the cult leader's transplanted brain.",https://www.imdb.com/title/tt0100502/?ref_=sr_i_28
29. Young Guns II,1990,1h 44m,PG-13,6.5,41K,47,"Billy the Kid and his band of outlaws are pursued across New Mexico territory by Sheriff Pat Garrett, who the young gunslingers must face-off with if they are to reach the safety of the border.",https://www.imdb.com/title/tt0100994/?ref_=sr_i_29
30. Gremlins 2: The New Batch,1990,1h 46m,PG-13,6.5,121K,69,"The Gremlins are back, and this time, they've taken control of a New York City media mogul's high-tech skyscraper.",https://www.imdb.com/title/tt0099700/?ref_=sr_i_30
31. Rocky V,1990,1h 44m,PG-13,5.4,164K,55,"Reluctantly retired from fighting, Rocky takes charge of Mickey's gym and agrees to train a young protégé who's hungry for success.",https://www.imdb.com/title/tt0100507/?ref_=sr_i_31
32. Joe Versus the Volcano,1990,1h 42m,PG,5.9,43K,45,"When a hypochondriac learns that he is dying, he accepts an offer to throw himself in a volcano at a tropical island, and along the way there, learns to truly live.",https://www.imdb.com/title/tt0099892/?ref_=sr_i_32
33. Postcards from the Edge,1990,1h 41m,R,6.7,23K,71,A substance-addicted actress tries to look on the bright side even as she is forced to move back in with her mother to avoid unemployment.,https://www.imdb.com/title/tt0100395/?ref_=sr_i_33
34. Mermaids,1990,1h 50m,PG-13,6.7,42K,56,"An unconventional single mother relocates with her two daughters to a small Massachusetts town in 1963, where a number of events and relationships both challenge and strengthen their familial bonds.",https://www.imdb.com/title/tt0100140/?ref_=sr_i_34
35. Darkman,1990,1h 36m,R,6.4,76K,65,A brilliant scientist left for dead returns to exact revenge on the people who burned him alive.,https://www.imdb.com/title/tt0099365/?ref_=sr_i_35
36. Air America,1990,1h 53m,R,5.8,33K,33,A young pilot finds himself recruited unwittingly into a covert and corrupt CIA airlift operation in Laos during the Vietnam conflict.,https://www.imdb.com/title/tt0099005/?ref_=sr_i_36
37. Predator 2,1990,1h 48m,R,6.3,205K,46,Los Angeles police hunt an alien creature in 1997.,https://www.imdb.com/title/tt0100403/?ref_=sr_i_37
38. Green Card,1990,1h 47m,PG-13,6.3,28K,58,"A man wanting to stay in the US enters into a marriage of convenience, but it turns into more than that.",https://www.imdb.com/title/tt0099699/?ref_=sr_i_38
39. Pacific Heights,1990,1h 42m,R,6.4,26K,55,"Drake and Patty purchase a San Francisco Victorian hoping to fund their future through rental income. Their stability collapses when Carter Hayes occupies the studio, weaponizing tenant law to drain their finances and sanity.",https://www.imdb.com/title/tt0100318/?ref_=sr_i_39
40. Child's Play 2,1990,1h 24m,R,6.0,66K,37,"While Andy's mother is admitted to a psychiatric hospital, the young boy is placed in foster care, and Chucky, determined to claim Andy's soul, is not far behind.",https://www.imdb.com/title/tt0099253/?ref_=sr_i_40
41. The Rescuers Down Under,1990,1h 17m,G,6.8,52K,68,R.A.S. agents Miss Bianca and Bernard race to Australia to save a little boy and a rare golden eagle from a murderous poacher.,https://www.imdb.com/title/tt0100477/?ref_=sr_i_41
42. Internal Affairs,1990,1h 55m,R,6.5,25K,63,An Internal Affairs agent becomes obsessed with bringing down a cop who has managed to maintain a spotless reputation despite being involved in a web of corruption.,https://www.imdb.com/title/tt0099850/?ref_=sr_i_42
43. Cadillac Man,1990,1h 37m,R,5.8,18K,50,Joey gets 2 days to sell 12 cars to keep his job and keep his girlfriends happy. It gets worse. He's juggling 3 buyers when a guy with a machine gun crashes into the car dealership and takes everybody hostage.,https://www.imdb.com/title/tt0099204/?ref_=sr_i_43
44. Memphis Belle,1990,1h 47m,PG-13,6.9,32K,59,"In 1943, the crew of a B-17 based in the UK prepares for its 25th and final bombing mission over Germany before returning home to the USA.",https://www.imdb.com/title/tt0100133/?ref_=sr_i_44
45. House Party,1990,1h 40m,R,6.5,18K,76,"Kid decides to go to his friend Play's house party, but neither of them can predict what's in store for them on what could be the wildest night of their lives.",https://www.imdb.com/title/tt0099800/?ref_=sr_i_45
46. Jacob's Ladder,1990,1h 53m,R,7.4,131K,62,"Reminiscing about his dead son, a Vietnam War veteran attempts to uncover his past while suffering from a severe case of dissociation. To do so, he must decipher reality and life from his own dreams, delusions, and perceptions of death.",https://www.imdb.com/title/tt0099871/?ref_=sr_i_46
47. The Exorcist III,1990,1h 50m,R,6.5,43K,48,"A police lieutenant uncovers more than he bargained for as his investigation of a series of murders, which have all the hallmarks of the deceased Gemini serial killer, leads him to question the patients of a psychiatric ward.",https://www.imdb.com/title/tt0099528/?ref_=sr_i_47
48. Navy Seals,1990,1h 53m,R,5.6,20K,38,A battle-hardened SEAL Team set off on a mission to destroy a shipment of US-built Stinger missiles that have fallen into terrorist hands.,https://www.imdb.com/title/tt0100232/?ref_=sr_i_48
49. Ernest Goes to Jail,1990,1h 21m,PG,5.5,11K,40,Ernest P. Worrell is a bank janitor sent to jail when people mistake his identity for a look-alike.,https://www.imdb.com/title/tt0099512/?ref_=sr_i_49
50. Ghost Dad,1990,1h 23m,PG,4.4,8.9K,,A widowed father tries to support his children after he becomes a ghost in an accident.,https://www.imdb.com/title/tt0099654/?ref_=sr_i_50
51. Lionheart,1990,1h 48m,R,6.2,44K,41,An Ex-French Soldier begins participating in underground street fights in order to make money for his brother's family.,https://www.imdb.com/title/tt0100029/?ref_=sr_i_51
52. My Blue Heaven,1990,1h 37m,PG-13,6.3,24K,35,"An all too uptight FBI agent must protect a larger than life mobster with a heart of gold, currently under witness protection in the suburbs.",https://www.imdb.com/title/tt0100212/?ref_=sr_i_52
53. The Russia House,1990,2h 3m,R,6.1,20K,67,"Bartholomew ""Barley"" Scott Blair, a British publisher torn between moral conviction and self-preservation, is drawn into MI5 and CIA surveillance as he pursues a mysterious Russian contact tied to nuclear manuscript intelligence stakes.",https://www.imdb.com/title/tt0100530/?ref_=sr_i_53
54. The First Power,1990,1h 38m,R,5.7,5.9K,35,A Los Angeles policeman hunts a killer brought back by Satan.,https://www.imdb.com/title/tt0099578/?ref_=sr_i_54
55. The Rookie,1990,2h,R,5.9,32K,41,A veteran detective is assigned a rookie partner after his previous partner is killed by a car theft gang. He is determined to apprehend those responsible for his friend's death but his new partner isn't really up to the task.,https://www.imdb.com/title/tt0100514/?ref_=sr_i_55
56. The Freshman,1990,1h 42m,PG,6.5,24K,78,"An N.Y.C. film school student accepts a job with a local mobster who resembles a famous cinema godfather and who takes the young man under his wing, after demanding total loyalty.",https://www.imdb.com/title/tt0099615/?ref_=sr_i_56
57. The Adventures of Ford Fairlane,1990,1h 44m,R,6.4,20K,24,A vulgar private detective is hired to find a missing groupie and is drawn into a mystery involving a series of murders tied to the music industry.,https://www.imdb.com/title/tt0098987/?ref_=sr_i_57
58. Quigley Down Under,1990,1h 59m,PG-13,6.9,28K,51,"Sharpshooter Matt Quigley is hired from Wyoming by an Australian rancher paying a very high price. But when Quigley arrives Down Under, all is not as it seems.",https://www.imdb.com/title/tt0102744/?ref_=sr_i_58
59. Madhouse,1990,1h 30m,PG-13,5.5,4.1K,30,The luxurious villa of yuppie couple Mark and Jessie Bannister is overrun by loads of uninvited guests who turn the house upside-down and nearly destroy it.,https://www.imdb.com/title/tt0100087/?ref_=sr_i_59
60. Hamlet,1990,2h 15m,PG,6.7,25K,53,"Hamlet, Prince of Denmark, finds out that his uncle Claudius killed his father to obtain the throne, and plans revenge.",https://www.imdb.com/title/tt0099726/?ref_=sr_i_60
61. Jetsons: The Movie,1990,1h 22m,G,5.6,6.2K,46,George Jetson is forced to uproot his family when Mr. Spacely promotes him to take charge of a new factory on a distant planet.,https://www.imdb.com/title/tt0099878/?ref_=sr_i_61
62. Stella,1990,1h 49m,PG-13,6.2,3.1K,45,"Chronicling a strong, but eccentric woman's devoted relationship to her daughter through the years.",https://www.imdb.com/title/tt0100691/?ref_=sr_i_62
63. Taking Care of Business,1990,1h 48m,R,6.4,10K,42,Lives are turned upside down when a corporate businessman loses his leather datebook in an airport.,https://www.imdb.com/title/tt0103035/?ref_=sr_i_63
64. Betsy's Wedding,1990,1h 34m,R,5.7,4.3K,52,The very different fashion student Betsy Hopper and investment banker Jake Lovell are getting married. They want a small wedding but their fathers want to give them a much more elaborate celebration.,https://www.imdb.com/title/tt0099128/?ref_=sr_i_64
65. DuckTales: The Movie - Treasure of the Lost Lamp,1990,1h 14m,G,6.8,31K,,"Scrooge McDuck takes Huey, Dewey, and Louie to Egypt to find a pyramid and magic lamp.",https://www.imdb.com/title/tt0099472/?ref_=sr_i_65
66. Sibling Rivalry,1990,1h 27m,PG-13,5.4,3.2K,,A frustrated woman's life gets even more frustrating once she gets into an affair with a man who suffers a fatal heart attack after their fling.,https://www.imdb.com/title/tt0100611/?ref_=sr_i_66
67. White Palace,1990,1h 43m,R,6.5,10K,66,Lust turns to love for a 40-ish working-class woman and a 20-ish yuppie adman with little in common.,https://www.imdb.com/title/tt0103251/?ref_=sr_i_67
68. The NeverEnding Story II: The Next Chapter,1990,1h 29m,PG,5.1,29K,30,A young boy with a distant father enters a world of make-believe and magic through a portal within an antique book.,https://www.imdb.com/title/tt0100240/?ref_=sr_i_68
69. The Guardian,1990,1h 32m,R,5.4,7.3K,35,A young couple with a newborn son don't realize that their new nanny is a magical Druid sacrificing infants to an evil tree.,https://www.imdb.com/title/tt0099710/?ref_=sr_i_69
70. Death Warrant,1990,1h 29m,R,5.7,24K,34,"An undercover operative infiltrates a state prison to investigate mysterious inmate deaths, only to find his psychopathic nemesis has been transferred into the same facility to execute him on behalf of a corrupt official.",https://www.imdb.com/title/tt0099385/?ref_=sr_i_70
71. Tremors,1990,1h 36m,PG-13,7.2,169K,65,Inhabitants of a small isolated town defend themselves against strange underground creatures which are killing them one by one.,https://www.imdb.com/title/tt0100814/?ref_=sr_i_71
72. Tales from the Darkside: The Movie,1990,1h 33m,R,6.2,21K,54,"To stall a witch plotting to eat him, a boy reads her horror tales dealing with a collegian's resurrection of a mummy, a murderous cat, and an artist's pact with a gargoyle.",https://www.imdb.com/title/tt0100740/?ref_=sr_i_72
73. Men at Work,1990,1h 38m,PG-13,5.9,30K,34,Two garbage men uncover a conspiracy involving illegal toxic waste dumping and decide to bring the whole operation down.,https://www.imdb.com/title/tt0100135/?ref_=sr_i_73
74. I Love You to Death,1990,1h 37m,R,6.4,17K,45,"Joey Boca (Kevin Kline) owns a pizza parlor, and is married to Rosalie (Tracey Ullman). He's also a serial womanizer. Rosalie goes to extremes when she finds he has been cheating.",https://www.imdb.com/title/tt0099819/?ref_=sr_i_74
75. Mo' Better Blues,1990,2h 10m,R,6.7,15K,61,Jazz trumpeter Bleek Gilliam makes questionable decisions in his professional and romantic lives.,https://www.imdb.com/title/tt0100168/?ref_=sr_i_75
76. Avalon,1990,2h 8m,PG,7.2,7.6K,68,"A Polish-Jewish family comes to the U.S. at the beginning of the twentieth century. There, the family and their children try to make themselves a better future in the so-called promised land.",https://www.imdb.com/title/tt0099073/?ref_=sr_i_76
77. The Bonfire of the Vanities,1990,2h 5m,R,5.6,28K,27,"After his mistress runs over a young teen, a Wall Street hotshot sees his life unravel in the spotlight and attracts the interest of a down-and-out reporter.",https://www.imdb.com/title/tt0099165/?ref_=sr_i_77
78. Revenge,1990,2h 4m,R,6.2,23K,35,"A retired US Navy pilot comes to Mexico, where he falls in love with the wife of a powerful businessman. The consequences will be cruel and unforeseen.",https://www.imdb.com/title/tt0100485/?ref_=sr_i_78
79. Reversal of Fortune,1990,1h 51m,R,7.1,22K,93,"Wealthy Sunny von Bülow lies brain-dead, husband Claus guilty of attempted murder; but he says he's innocent and hires Alan Dershowitz for his appeal.",https://www.imdb.com/title/tt0100486/?ref_=sr_i_79
80. Mr. Destiny,1990,1h 56m,PG-13,6.5,15K,34,Unhappy Larry Burrows sees what his life could have been like if he had made that winning home run as a teenager.,https://www.imdb.com/title/tt0100201/?ref_=sr_i_80
81. Spaced Invaders,1990,1h 40m,PG,5.3,4.3K,38,"Dimwitted Martians drop into a little Illinois town on the day that the local radio station happens to rebroadcast Orson Welles 1938 ""War Of The Worlds"".",https://www.imdb.com/title/tt0100666/?ref_=sr_i_81
82. Quick Change,1990,1h 29m,R,6.8,24K,56,"Three thieves successfully rob a New York City bank, but making the escape from the city proves to be almost impossible.",https://www.imdb.com/title/tt0100449/?ref_=sr_i_82
83. Shipwrecked,1990,1h 32m,PG,6.5,3.5K,,A young Norwegian boy in 1850s England goes to work as a cabin boy and discovers some of his shipmates are actually pirates.,https://www.imdb.com/title/tt0099816/?ref_=sr_i_83
84. Fire Birds,1990,1h 25m,PG-13,4.8,8K,31,Elite Apache helicopter pilots are tasked with destroying powerful armed drug cartels operating in South America.,https://www.imdb.com/title/tt0099575/?ref_=sr_i_84
85. Wild at Heart,1990,2h 5m,R,7.2,113K,52,Young lovers Sailor and Lula run from the variety of weirdos that Lula's mom has hired to kill Sailor.,https://www.imdb.com/title/tt0100935/?ref_=sr_i_85
86. Lord of the Flies,1990,1h 30m,R,6.4,36K,49,"Stranded on an island, a group of schoolboys degenerate into savagery.",https://www.imdb.com/title/tt0100054/?ref_=sr_i_86
87. The Grifters,1990,1h 50m,R,6.8,34K,86,A conman makes a no-win triangle with his mom and his girlfriend.,https://www.imdb.com/title/tt0099703/?ref_=sr_i_87
88. Crazy People,1990,1h 30m,R,6.0,5.1K,42,"A bitter ad executive who has reached his breaking point lands in a mental institution, where his career actually begins to thrive with help from his fellow patients.",https://www.imdb.com/title/tt0099316/?ref_=sr_i_88
89. Bad Influence,1990,1h 39m,R,6.3,12K,63,"A timid Los Angeles executive falls under the influence of a charismatic drifter who weaponizes sex, humiliation, and violence to dismantle every fragile structure holding the man's identity together.",https://www.imdb.com/title/tt0099091/?ref_=sr_i_89
90. Graveyard Shift,1990,1h 26m,R,5.0,14K,28,The owner of an ancient mill hires a drifter to rid the basement of rats.,https://www.imdb.com/title/tt0099697/?ref_=sr_i_90
91. Henry & June,1990,2h 16m,NC-17,6.3,15K,62,"Anaïs Nin meets American writer Henry Miller in Paris in 1931. She keeps a diary of her sexual awakening, which includes Henry and his wife June.",https://www.imdb.com/title/tt0099762/?ref_=sr_i_91
92. Pump Up the Volume,1990,1h 42m,R,7.2,34K,77,Mark runs a pirate radio station and causes an uproar when he speaks his mind and enthralls fellow teens.,https://www.imdb.com/title/tt0100436/?ref_=sr_i_92
93. Opportunity Knocks,1990,1h 43m,PG-13,6.0,3.7K,,"Two con men hide out in a house while the owner is away; one of them assumes the identity of the absent house sitter when the owner's relatives come to visit, only for further complications to set in.",https://www.imdb.com/title/tt0100301/?ref_=sr_i_93
94. Q&A,1990,2h 12m,R,6.6,8.4K,66,"Dirty cop Mike Brennan thinks he got away with murder. But during a routine Q&A, the righteous assistant DA finds a clue that sets them both on a collision course.",https://www.imdb.com/title/tt0100442/?ref_=sr_i_94
95. Nuns on the Run,1990,1h 29m,PG-13,6.0,9.8K,,"Two criminals want out--but their boss kills those leaving. When the men are ordered to rob the triad, they keep the money and hide from the boss, the Triad, and the police at a convent, dressed as nuns.",https://www.imdb.com/title/tt0100280/?ref_=sr_i_95
96. Narrow Margin,1990,1h 37m,R,6.6,12K,53,A Los Angeles Deputy District Attorney is sent to protect a woman who accidentally witnessed a Mafia murder.,https://www.imdb.com/title/tt0100224/?ref_=sr_i_96
97. The Witches,1990,1h 31m,PG,6.8,60K,78,"A young boy stumbles onto a witch convention and must stop them, even after he has been turned into a mouse.",https://www.imdb.com/title/tt0100944/?ref_=sr_i_97
98. The Two Jakes,1990,2h 17m,R,6.1,16K,56,"The sequel to Chinatown (1974) finds J.J. ""Jake"" Gittes investigating adultery and murder, and the money that comes from oil.",https://www.imdb.com/title/tt0100828/?ref_=sr_i_98
99. Miami Blues,1990,1h 37m,R,6.4,12K,72,An ex-con's first act of freedom is moving to Miami where he restarts his old criminal ways with even more potency.,https://www.imdb.com/title/tt0100143/?ref_=sr_i_99
100. Havana,1990,2h 24m,R,6.1,9.3K,,"In 1950s Cuba, a professional gambler falls for a woman heavily involved in the revolution movement.",https://www.imdb.com/title/tt0099747/?ref_=sr_i_100
101. Nightbreed,1990,1h 42m,R,6.4,29K,40,"A troubled young man is drawn to a mythical place called Midian where a variety of friendly monsters are hiding from humanity. Meanwhile, a sadistic serial killer is looking for a patsy.",https://www.imdb.com/title/tt0100260/?ref_=sr_i_101
102. Ski Patrol,1990,1h 31m,PG,5.2,4.6K,13,A developer attempts to sabotage the safety record of a ski resort.,https://www.imdb.com/title/tt0100631/?ref_=sr_i_102
103. Cry-Baby,1990,1h 25m,PG-13,6.5,69K,63,"In 1950s Baltimore, a bad boy with a heart of gold wins the love of a good girl, whose boyfriend sets out for revenge.",https://www.imdb.com/title/tt0099329/?ref_=sr_i_103
104. Blue Steel,1990,1h 42m,R,5.8,19K,54,A rookie in the police force must engage in a cat-and-mouse game with a pistol-wielding psychopath who becomes obsessed with her.,https://www.imdb.com/title/tt0099160/?ref_=sr_i_104
105. Funny About Love,1990,1h 41m,PG-13,4.9,1.7K,,"NYC cartoonist Duffy meets the bad cappuccino maker, chef Meg, and falls in love. She moves in with him, marries him - but they have problems having a baby.",https://www.imdb.com/title/tt0099623/?ref_=sr_i_105
106. Mr. & Mrs. Bridge,1990,2h 6m,PG-13,6.6,4K,73,"Set during World War II, an upper-class family begins to fall apart due to the conservative nature of the patriarch and the progressive values of his children.",https://www.imdb.com/title/tt0100200/?ref_=sr_i_106
107. Alice,1990,1h 46m,PG-13,6.6,16K,67,A spoiled Manhattan housewife re-evaluates her life after visiting a Chinatown healer.,https://www.imdb.com/title/tt0099012/?ref_=sr_i_107
108. Almost an Angel,1990,1h 35m,PG,5.6,5.4K,,A small-time crook becomes convinced he is an angel after a traumatic incident and resolves to perform God's work to make good things happen.,https://www.imdb.com/title/tt0099018/?ref_=sr_i_108
109. Delta Force 2: The Colombian Connection,1990,1h 51m,R,5.0,9.2K,,"When DEA agents are taken captive by a ruthless South American kingpin, the Delta Force is reunited to rescue them in this sequel to the 1986 film.",https://www.imdb.com/title/tt0099399/?ref_=sr_i_109
110. Flashback,1990,1h 48m,R,6.2,6.1K,,At last the Feds have caught him! Infamous 60's radical Huey Walker is heading for jail. So how come it's Huey's yuptight FBI escort who ends up behind bars?,https://www.imdb.com/title/tt0099581/?ref_=sr_i_110
111. Men Don't Leave,1990,1h 55m,PG-13,6.6,3K,,"Jessica Lange plays Beth in this warm-hearted, funny fable about staying together when all else is falling apart.",https://www.imdb.com/title/tt0100134/?ref_=sr_i_111
112. Night of the Living Dead,1990,1h 32m,R,6.8,50K,54,"When the unburied dead return to life and seek human victims, seven refugees shelter in a house in the Pennsylvanian countryside.",https://www.imdb.com/title/tt0100258/?ref_=sr_i_112
113. Cyrano de Bergerac,1990,2h 17m,PG,7.5,28K,79,"Famed swordsman and poet Cyrano de Bergerac is in love with his cousin Roxane. He has never expressed his love for her as he his large nose undermines his self-confidence. Then he finds a way to express his love to her, indirectly.",https://www.imdb.com/title/tt0099334/?ref_=sr_i_113
114. Stanley & Iris,1990,1h 44m,PG-13,6.4,9.6K,,A struggling widow falls in love with an illiterate short-order cook whom she teaches to read and write in her kitchen each night.,https://www.imdb.com/title/tt0100680/?ref_=sr_i_114
115. Leatherface: Texas Chainsaw Massacre III,1990,1h 25m,R,5.0,22K,30,A California couple and a survivalist encounter Leatherface and his family.,https://www.imdb.com/title/tt0099994/?ref_=sr_i_115
116. Hardware,1990,1h 34m,R,6.0,17K,41,"The head of a cyborg reactivates, rebuilds itself, and goes on a violent rampage in a space marine's girlfriend's apartment.",https://www.imdb.com/title/tt0099740/?ref_=sr_i_116
117. Loose Cannons,1990,1h 34m,R,4.9,5.8K,,"An unconventional cop who takes no bull is paired up with an amazing detective to capture some powerful criminals, but the cop soon realizes that his by-the-book partner has split-personality disorder.",https://www.imdb.com/title/tt0100053/?ref_=sr_i_117
118. Europa Europa,1990,1h 52m,R,7.5,19K,75,"A boy in Nazi Germany, trying to conceal that he is Jewish, joins the Hitler Youth.",https://www.imdb.com/title/tt0099776/?ref_=sr_i_118
119. Miller's Crossing,1990,1h 55m,R,7.7,149K,66,"Tom Reagan, an advisor to a Prohibition-era crime boss, tries to keep the peace between warring mobs but gets caught in divided loyalties.",https://www.imdb.com/title/tt0100150/?ref_=sr_i_119
120. La Femme Nikita,1990,1h 57m,R,7.2,83K,65,"Convicted felon Nikita isn't going to jail; she's given a new identity and trained, stylishly, as a top secret spy/assassin.",https://www.imdb.com/title/tt0100263/?ref_=sr_i_120
121. The Handmaid's Tale,1990,1h 48m,R,6.0,13K,53,"Under a dystopian religious tyranny, most women cannot conceive children. Those young women who can live in a form of sexual slavery to provide children for influential families.",https://www.imdb.com/title/tt0099731/?ref_=sr_i_121
122. The Long Walk Home,1990,1h 37m,PG,7.3,5.8K,73,"Two women in 1955 Montgomery, Alabama, one Black and one white, must decide how they will respond to the famous bus boycott led by Martin Luther King.",https://www.imdb.com/title/tt0100046/?ref_=sr_i_122
123. Graffiti Bridge,1990,1h 30m,PG-13,4.7,9.1K,36,"The unofficial sequel to 'Purple Rain' (1984). The Kid is now club owner and rival to Morris (Morris Day), with whom he gets into a fight for the Glam Slam Nightclub.",https://www.imdb.com/title/tt0099691/?ref_=sr_i_123
124. I Come in Peace,1990,1h 31m,R,6.1,17K,,A renegade cop is forced to work with an FBI agent in order to bring down a group of drug dealers with sinister plans.,https://www.imdb.com/title/tt0099817/?ref_=sr_i_124
125. Lisa,1990,1h 35m,PG-13,5.9,2.8K,53,A flirtatious teenager with an eye for older men gets more than she bargained for when the handsome stranger she's pursuing turns out to be a serial killer.,https://www.imdb.com/title/tt0100031/?ref_=sr_i_125
126. Lambada,1990,1h 44m,PG,3.5,1.3K,,"During the day, Kevin Laird teaches at a select Beverly Hills high school. At night, however, he sets fire to the dance floor at a lambada club in East Los Angeles.",https://www.imdb.com/title/tt0099969/?ref_=sr_i_126
127. China Cry: A True Story,1990,1h 41m,PG-13,6.7,621,,"This is the true story of Sung Neng Yee, now known as Nora Lam, who fled from Communist China to Hong Kong for her palpably real Christian faith.",https://www.imdb.com/title/tt0101578/?ref_=sr_i_127
128. Heart Condition,1990,1h 40m,R,5.6,4.5K,,"A racist cop receives a heart transplant from a black lawyer he hates, who returns as a ghost to ask the cop to help take down the men who murdered him.",https://www.imdb.com/title/tt0099750/?ref_=sr_i_128
129. Mountains of the Moon,1990,2h 16m,R,7.1,4.8K,,The legendary true-story of Capt. Richard Francis Burton and Lt. John Hanning Speke's tumultuous expedition to find the source of the Nile river.,https://www.imdb.com/title/tt0100196/?ref_=sr_i_129
130. Short Time,1990,1h 37m,PG-13,6.4,3K,,"When a police detective thinks he is dying and learns that his life insurance pays out more if he dies in the line of duty, he tries to make that happen.",https://www.imdb.com/title/tt0100604/?ref_=sr_i_130
"131. Welcome Home, Roxy Carmichael",1990,1h 35m,PG-13,5.9,6.7K,44,"A small town prepares for the homecoming of superstar Roxy Carmichael, as does a young outsider who believes Roxy is her mother.",https://www.imdb.com/title/tt0100911/?ref_=sr_i_131
132. Paris Is Burning,1990,1h 18m,R,8.2,22K,82,"A chronicle of New York's drag scene in the 1980s, focusing on balls, voguing and the ambitions and dreams of those who gave the era its warmth and vitality.",https://www.imdb.com/title/tt0100332/?ref_=sr_i_132
133. A Shock to the System,1990,1h 28m,R,6.6,6.6K,69,"When electrocuted by the basement fuse box at home, Graham Marshall develops sinister ideas concerning both his nagging wife Leslie and his colleague Robert Benham, who was given Graham's promotion at their corporate office.",https://www.imdb.com/title/tt0100602/?ref_=sr_i_133
134. Metropolitan,1990,1h 38m,PG-13,7.2,14K,75,"A group of young upper-class Manhattanites are blithely passing through the gala debutante season, when an unusual outsider joins them and stirs them up.",https://www.imdb.com/title/tt0100142/?ref_=sr_i_134
135. The Judas Project,1990,1h 37m,PG-13,3.7,287,,How would you react if Christ had re-appeared on earth today? Would man kind repeat their mistakes or accept? This movie is about a modernized 2nd coming of Christ. Instead of facing Romans there are different obstacles in these modern times that he'd have to face.,https://www.imdb.com/title/tt0107284/?ref_=sr_i_135
136. Desperate Hours,1990,1h 45m,R,5.4,9.4K,33,"An escaped con, on the run from the law, moves into a married couple's house and takes over their lives.",https://www.imdb.com/title/tt0099409/?ref_=sr_i_136
"137. After Dark, My Sweet",1990,1h 54m,R,6.5,4.9K,78,"After he escapes from a mental hospital, a former boxer works for a widow. When she asks him to get involved in a kidnapping, he has second thoughts.",https://www.imdb.com/title/tt0098994/?ref_=sr_i_137
138. King of New York,1990,1h 43m,R,6.9,50K,66,A drug kingpin is released from prison and seeks to take total control of the criminal underworld in order to give back to the community.,https://www.imdb.com/title/tt0099939/?ref_=sr_i_138
139. Impulse,1990,1h 49m,R,5.8,1.7K,,"Lottie is a vice cop in LA posing as a hooker and likes the action. She meets Stan, who's also single. He needs her for a major drug bust.",https://www.imdb.com/title/tt0099832/?ref_=sr_i_139
140. Class of 1999,1990,1h 39m,R,5.9,10K,33,"Three ex-military robots are reprogrammed as teachers and secretly placed in a school where most students are part of organized gangs. They begin to respond violently to unruly students, and their military training starts to take over.",https://www.imdb.com/title/tt0099277/?ref_=sr_i_140
141. Body Chemistry,1990,1h 24m,R,4.4,608,,A research project on sexual response leads two doctors into an affair where their deepest passions and darkest fantasies are revealed.,https://www.imdb.com/title/tt0099164/?ref_=sr_i_141
142. Downtown,1990,1h 36m,R,5.7,2.4K,,"An eager rookie cop gets transferred to a tough downtown Philadelphia precinct after stopping a powerful man for traffic violations. When his old cop buddy is murdered, he wants in on catching the killer.",https://www.imdb.com/title/tt0099460/?ref_=sr_i_142
143. White Hunter Black Heart,1990,1h 52m,PG,6.5,14K,66,A thinly fictionalized account of legendary movie director John Huston whose desire to hunt an elephant turns into a grim situation with his movie crew during the making of The African Queen.,https://www.imdb.com/title/tt0100928/?ref_=sr_i_143
144. The Nasty Girl,1990,1h 32m,PG-13,7.3,3K,,"When a young woman investigates her town's Nazi past, the community turns against her.",https://www.imdb.com/title/tt0100557/?ref_=sr_i_144
145. Texasville,1990,2h 6m,R,6.0,3.3K,49,"The summer of 1984: 32 years after Duane Jackson captained the high school football team and Jacy Farrow was homecoming queen, the small town of Anarene, Texas prepares for its centennial celebration. Oil prices are down, banks are failing, and Duane's $12 million in debt. His wife Karla drinks too much, his children are always in trouble, and he tom-cats around with the wives of friends. Jacy's back in town, after a mildly successful acting career, life in Italy, and the death of her son. People assume Duane and Jacy will resume their high school romance. And Sonny is ""tired in his mind,"" causing worries for his safety. Can these friends find equilibrium in middle age?",https://www.imdb.com/title/tt0103069/?ref_=sr_i_145
146. Vincent & Theo,1990,2h 18m,PG-13,6.9,4.5K,65,"The familiar tragic story of Vincent van Gogh is broadened by focusing as well on his brother Theodore, who helped support Vincent. The movie also provides a nice view of the locations which Vincent painted.",https://www.imdb.com/title/tt0100873/?ref_=sr_i_146
147. Def by Temptation,1990,1h 35m,R,5.3,2.9K,,"An evil succubus is preying on libidinous black men in New York City, and all that stands in her way is a minister-in-training, an aspiring actor, and a cop who specializes in cases involving the supernatural.",https://www.imdb.com/title/tt0099395/?ref_=sr_i_147
148. Eating,1990,1h 50m,R,6.2,352,63,"A group of young and middle-aged women gather for the birthday party of a friend and talk about their lives and food they cook for their husbands, boyfriends, or themselves.",https://www.imdb.com/title/tt0099480/?ref_=sr_i_148
149. The Sheltering Sky,1990,2h 18m,R,6.7,15K,,"An American couple travel abroad to revitalize their relationship. But as the trip drags on, their attempt at recovering what they once had seems futile.",https://www.imdb.com/title/tt0100594/?ref_=sr_i_149
150. Cadence,1990,1h 37m,PG-13,6.5,7K,44,"A young, fiercely independent Army Private is thrust into a work-camp stockade where he discovers the value of friendship and loyalty in the face of a dangerous enemy from a dynamic group of black prisoners.",https://www.imdb.com/title/tt0101531/?ref_=sr_i_150
151. Gate 2: The Trespassers,1990,1h 33m,R,4.9,3.1K,,"Four teens summon forth a diminuitive, demonic minion from The Other Side to do their bidding and grant their wishes, but of course, they must all ultimately pay the price...",https://www.imdb.com/title/tt0099636/?ref_=sr_i_151
152. Ju Dou,1990,1h 35m,PG-13,7.6,9.8K,79,"In rural China, the young bride of a tyrannical owner of a silk-dyeing business finds temporary solace in the arms of her husband's nephew, but problems arise when she becomes pregnant.",https://www.imdb.com/title/tt0099902/?ref_=sr_i_152
153. Dreams,1990,1h 59m,PG,7.7,33K,,A collection of tales based upon eight of director Akira Kurosawa's recurring dreams.,https://www.imdb.com/title/tt0100998/?ref_=sr_i_153
154. State of Grace,1990,2h 14m,R,7.1,30K,60,An undercover officer rejoins Irish mob pals in Hell's Kitchen.,https://www.imdb.com/title/tt0100685/?ref_=sr_i_154
155. The Forbidden Dance,1990,1h 37m,PG-13,4.0,2K,,A Brazilian princess tries to save the rain forests by introducing the world to the electrifying exotic lambada.,https://www.imdb.com/title/tt0099595/?ref_=sr_i_155
156. Tune in Tomorrow...,1990,1h 47m,PG-13,6.1,2.2K,,"New Orleans, 1951: A law student, working at WXBU radio station, falls in love with his cute aunt, who's looking for a third husband. Then Pedro starts writing radio series at WXBU, stirring up things.",https://www.imdb.com/title/tt0100822/?ref_=sr_i_156
157. The Nutcracker Prince,1990,1h 15m,G,6.8,2.9K,,An adaption of the classic tale of a girl's dreams turned reality when her new toy turns out to be a young man placed under a curse.,https://www.imdb.com/title/tt0100281/?ref_=sr_i_157
158. Everybody's Fine,1990,1h 58m,PG-13,7.6,5K,,Matteo decides to take a trip across Italy to go visiting his five children.,https://www.imdb.com/title/tt0100681/?ref_=sr_i_158
159. My Father's Glory,1990,1h 45m,G,7.6,7.7K,,"At the end of the nineteenth century, little Marcel lives with his parents in the Provence countryside. During his holiday, Marcel meets Lili, a local boy who knows all the secrets of the hills, and the two become fast friends.",https://www.imdb.com/title/tt0099669/?ref_=sr_i_159
160. The Rain Killer,1990,1h 34m,R,4.6,642,,"Together, a weary cop and an all-business FBI agent team up to catch the latest homicidal maniac: the Rain Killer. Just when they think that all the clues have been washed away, they find the one last clue-the one that's been in plain sight.",https://www.imdb.com/title/tt0102750/?ref_=sr_i_160
161. Brain Dead,1990,1h 25m,R,5.8,6.6K,,"In a showdown of man versus machine, Martin plunges into a chaotic nightmare trying to save his mind from the megalomaniacal corporation.",https://www.imdb.com/title/tt0099173/?ref_=sr_i_161
162. May Fools,1990,1h 47m,R,7.2,3.7K,,"During the events of May 1968 in France, different worldviews of conflicting relatives collide in their family estate.",https://www.imdb.com/title/tt0097884/?ref_=sr_i_162
163. Truly Madly Deeply,1990,1h 46m,PG,7.2,9.5K,72,A woman dealing with inconsolable grief over the death of her partner gets another chance when he returns to earth as a ghost.,https://www.imdb.com/title/tt0103129/?ref_=sr_i_163
164. The Haunting of Morella,1990,1h 22m,R,4.5,1.2K,,"Loosely based on the short story by Edgar Allan Poe, a witch is sent to death, only to try & return from the grave, seventeen years later, to possess her daughter's adult body.",https://www.imdb.com/title/tt0099743/?ref_=sr_i_164
165. The Last of the Finest,1990,1h 46m,R,5.8,1.9K,,4 LA cops are fighting the war on drugs. Corrupt superiors manage to break up their team when one of them gets killed. The 3 quit LAPD and continue investigating.,https://www.imdb.com/title/tt0099991/?ref_=sr_i_165
166. Life Is Sweet,1990,1h 43m,R,7.4,12K,88,"A shop assistant, her cook husband, and their twin daughters go about their lives in a working-class London suburb.",https://www.imdb.com/title/tt0100024/?ref_=sr_i_166
167. Streets,1990,1h 25m,R,5.7,983,,"The story of runaways living in Venice, California, under the threat of a psychotic cop who is a serial killer of prostitutes.",https://www.imdb.com/title/tt0100707/?ref_=sr_i_167
168. A Cry in the Wild,1990,1h 22m,PG,5.8,1.3K,,"Adapted from Gary Paulsen's novel ""Hatchet"", a boy crash-lands in Canada's bear country and survives with a hatchet his divorced mother gave him.",https://www.imdb.com/title/tt0099327/?ref_=sr_i_168
169. The Field,1990,1h 47m,PG-13,7.3,7.7K,,"When a field (which has been farmed by the McCabe family for generations) goes up for auction, the patriarch of the McCabe family will stop at nothing to prevent a rich American from buying it.",https://www.imdb.com/title/tt0099566/?ref_=sr_i_169
170. My Mother's Castle,1990,1h 38m,PG,7.6,6.2K,,"Every holiday Marcel and his family go to their cottage near Marseilles. During one of these holidays he meets Isabelle, a pretty but conceited girl... Adapted from the cult classic novel from Marcel Pagnol.",https://www.imdb.com/title/tt0099266/?ref_=sr_i_170
171. Mister Johnson,1990,1h 41m,PG-13,6.4,1.4K,,"In 1923, a local resident of British Colonial Nigeria tries to be equal with the colonial administration.",https://www.imdb.com/title/tt0102458/?ref_=sr_i_171
172. Love at Large,1990,1h 37m,R,5.7,1.7K,,"Vampish miss Dolan hires hardboiled P.I. Harry Dobbs to tail her shady boyfriend. Harry realizes that the man leads a double life but then his client disappears. Harry teams up with his own tail, P.I. Stella Wynkowski, to clear things up.",https://www.imdb.com/title/tt0100065/?ref_=sr_i_172
173. Repossessed,1990,1h 24m,PG-13,4.8,11K,31,"Parody of The Exorcist (1973), with Linda Blair once again possessed by Satan and Leslie Nielsen as the exorcist.",https://www.imdb.com/title/tt0100475/?ref_=sr_i_173
174. Book of Love,1990,1h 22m,PG-13,6.2,1.4K,,A reminiscence of youth in the 1950's.,https://www.imdb.com/title/tt0099166/?ref_=sr_i_174
175. Daddy's Dyin'... Who's Got the Will?,1990,1h 35m,PG-13,5.8,923,,Bickering siblings are reunited at their Texas home as their father lies on his deathbed.,https://www.imdb.com/title/tt0099342/?ref_=sr_i_175
176. Everybody Wins,1990,1h 37m,R,5.1,1.6K,,Angela (Debra Winger) hires/lures a P.I. (Nick Nolte) to prove a convicted teenager is innocent of his uncle's murder.,https://www.imdb.com/title/tt0099520/?ref_=sr_i_176
177. The Fourth War,1990,1h 31m,R,5.5,2.3K,57,"Cold War drama about two gung-ho border commanders (Roy Scheider, Jurgen Prochnow) who carry out their own private war against each other on the German - Czechoslovakia border.",https://www.imdb.com/title/tt0099606/?ref_=sr_i_177
178. The Hot Spot,1990,2h 10m,R,6.4,16K,55,"Upon arriving to a small town, a drifter quickly gets into trouble with the local authorities - and the local women - after he robs a bank.",https://www.imdb.com/title/tt0099797/?ref_=sr_i_178
179. Bloodfist II,1990,1h 25m,R,5.0,901,,"Kickboxing champion Jake Raye thought his fighting days were over, until a call from an old friend draws him to the Far East and into the hands of a madman. This time Jake's fighting for his life!",https://www.imdb.com/title/tt0099155/?ref_=sr_i_179
180. The Comfort of Strangers,1990,1h 47m,R,6.3,7.3K,61,"Colin and Mary retreat to Venice to work on their relationship, but an encounter with lyrical local bar owner Robert and his odd, sexually frank wife Caroline leads them into a world of intrigue where their darkest desires are in reach.",https://www.imdb.com/title/tt0099292/?ref_=sr_i_180
181. Slumber Party Massacre III,1990,1h 27m,R,4.5,3.9K,,Jackie Cassidy and her friends are stalked by a serial killer while having a slumber party.,https://www.imdb.com/title/tt0100639/?ref_=sr_i_181
182. Slacker,1990,1h 37m,R,7.0,26K,69,"A day in the life of Austin, Texas as the camera roams from place to place and provides a brief look at the overeducated, the social misfits, the outcasts and the oddballs.",https://www.imdb.com/title/tt0102943/?ref_=sr_i_182
183. Vital Signs,1990,1h 43m,R,5.5,934,,"The story of a group of third-year students at a Los Angeles medical school and their struggles with love, their studies and one another.",https://www.imdb.com/title/tt0100879/?ref_=sr_i_183
184. Without You I'm Nothing,1990,1h 29m,R,6.4,758,,"Sandra Bernhard stars in a studio version of her off-Broadway show, blending re-enactments of the original show's pieces with concept vignettes and 'testimonials' to underscore the relationship between a performer and an audience.",https://www.imdb.com/title/tt0100946/?ref_=sr_i_184
185. The Hairdresser's Husband,1990,1h 22m,R,7.1,11K,,"Antoine has always been fascinated by a hairdresser's delicate touch, the beguiling perfume and the enticing figure of a woman with an opulent bosom. After all, he always knew he would marry one, completing his idealised love fantasy.",https://www.imdb.com/title/tt0100112/?ref_=sr_i_185
186. The Krays,1990,2h,R,6.6,9.8K,70,This fact-based movie follows the life of the twin crime-lords in London's '60s underworld.,https://www.imdb.com/title/tt0099951/?ref_=sr_i_186
187. The Boyfriend School,1990,1h 41m,PG-13,5.7,3.6K,,Cartoonist Gus has survived cancer treatment and now his romance novelist sister tries to find him a woman and guide him. Will they succeed?,https://www.imdb.com/title/tt0099450/?ref_=sr_i_187
188. To Sleep with Anger,1990,1h 42m,PG,7.1,3.6K,85,"A charismatic old acquaintance drifts into town, stirring up trouble for a mild-mannered family.",https://www.imdb.com/title/tt0100791/?ref_=sr_i_188
189. Daddy Nostalgia,1990,1h 45m,PG,6.8,920,,"A retired English businessman has just been through heart surgery but it has, apparently, done little to relieve his constant pain or improve his long-term survival prospects.",https://www.imdb.com/title/tt0099341/?ref_=sr_i_189
190. Where the Heart Is,1990,1h 47m,R,5.9,1.9K,,A wealthy businessman shows his young-adult offspring how tough life can be.,https://www.imdb.com/title/tt0100924/?ref_=sr_i_190
191. An Angel at My Table,1990,2h 38m,R,7.4,9.5K,79,"Janet Frame was a brilliant child who, as a teen, was misdiagnosed with schizophrenia. Explore Janet's discovery of the world and her life in Europe as her books are published to acclaim.",https://www.imdb.com/title/tt0099040/?ref_=sr_i_191
192. Hidden Agenda,1990,1h 48m,R,6.9,5.5K,,"When an American human rights lawyer is assassinated in Belfast, it remains for the man's girlfriend, as well as a tough, no nonsense, police detective to find the truth.",https://www.imdb.com/title/tt0099768/?ref_=sr_i_192
193. Corporate Affairs,1990,1h 22m,R,3.7,263,,"In the frantic world of Wall Street, four top executives have a small problem with their boss: he's dead. Now they've got to hide his body for the next 24 hours to pull off the deal of the century, in this 1990 flick, curiously similar to 1989's, Weekend At Bernie's.",https://www.imdb.com/title/tt0099305/?ref_=sr_i_193
194. Come See the Paradise,1990,2h 18m,R,6.7,3.3K,,The passionate romance between an Irish-American man and a Japanese-American woman is threatened when the Pearl Harbor attacks happen and the woman is forced into a prison camp because of her ethnicity.,https://www.imdb.com/title/tt0099291/?ref_=sr_i_194
195. Angel Town,1990,1h 46m,R,5.0,1K,,French exchange student and martial arts expert Jacques (Olivier Gruner) utilizes his skills when he has to protect a landlord and her son from a gang of ruthless criminals in a run-down urban setting.,https://www.imdb.com/title/tt0099039/?ref_=sr_i_195
196. Waiting for the Light,1990,1h 34m,PG,6.0,636,,"After inheriting a diner, Garr moves her family from the city. Her kids learn tricks from Aunt Zena and get expelled. Garr threatens orphanages for kids and asylum for Aunt Z if pranks continue.",https://www.imdb.com/title/tt0100899/?ref_=sr_i_196
197. C'est la vie,1990,1h 50m,,6.2,1.1K,,"The July 1958 vacation, on a beach on the Atlantic coast. Little Sophie, 8 years old, and her big sister Frédérique suffer from the bad understanding between their parents, presenting the drama of divorce which will not fail to occur.",https://www.imdb.com/title/tt0099200/?ref_=sr_i_197
198. Listen Up: The Lives of Quincy Jones,1990,1h 55m,PG-13,6.1,232,,"A unique look at the legendary musician, arranger, composer and producer offers a collage of memories, sounds and intimate interviews with musical greats in a rousing showcase.",https://www.imdb.com/title/tt0102315/?ref_=sr_i_198
199. Mindwalk,1990,1h 52m,PG,7.6,3.4K,,"Philosophical conversations between a poet, politician, and scientist.",https://www.imdb.com/title/tt0100151/?ref_=sr_i_199
200. Rosencrantz & Guildenstern Are Dead,1990,1h 57m,PG,7.3,26K,,Two minor characters from the play 'Hamlet' stumble around unaware of their scripted lives and unable to deviate from them.,https://www.imdb.com/title/tt0100519/?ref_=sr_i_200
201. Thousand Pieces of Gold,1990,1h 45m,PG-13,6.9,807,,"In 1880s China, a girl is sold into marriage by her father. Rather than becoming a bride, Lalu ends up in a gold-mining town where she forges a path for her own freedom and, ultimately, true love.",https://www.imdb.com/title/tt0100774/?ref_=sr_i_201
202. Coupe de Ville,1990,1h 39m,PG-13,6.7,2.8K,,Three bickering brothers who don't get along reluctantly go on a cross-country road trip together to deliver a car in time for their mother's birthday.,https://www.imdb.com/title/tt0099310/?ref_=sr_i_202
203. The Return of Superfly,1990,1h 35m,R,4.2,568,,"In this action-packed sequel, a retired drug dealer living in Paris discovers his old partner has been killed and returns to NY to avenge his murder.",https://www.imdb.com/title/tt0100480/?ref_=sr_i_203
204. Auntie Danielle,1990,1h 50m,PG-13,7.0,4K,,"Auntie Danielle, supposedly in ailing health but in reality just a nasty old bitch, lives with a paid housekeeper who she regularly abuses. When the housekeeper dies falling off a ladder, Danielle moves in with her great-nephew and his family. She continues using her nastiness to manipulate everyone into doing things her way until the family goes on vacation to Greece. The young housekeeper they hire to watch after her knows what Auntie is doing, and deals with her accordingly, and they begin forming respect for each other.",https://www.imdb.com/title/tt0100747/?ref_=sr_i_204
205. Overexposed,1990,1h 20m,R,4.1,150,,"Morrison (from Larry Brand's The Drifter) makes his return. In this film he must figure out who's stalking the star of a soap opera, and do everything to protect her once he does.",https://www.imdb.com/title/tt0100317/?ref_=sr_i_205
206. Strike It Rich,1990,1h 27m,PG,4.9,225,,A London accountant on his honeymoon gets swept away by gambling fever.,https://www.imdb.com/title/tt0100708/?ref_=sr_i_206
207. Meet the Applegates,1990,1h 30m,R,5.5,2.9K,,"Modelling themselves after an idyllic cookie-cutter suburban 1950s family, a colony of insects move from South America into the United States with the intent of getting access to the nation's nuclear resources.",https://www.imdb.com/title/tt0100129/?ref_=sr_i_207
208. American Ninja 4: The Annihilation,1990,1h 39m,R,4.0,5.8K,,"The two American Ninjas, Joe Armstrong and Sean Davidson, team up to do battle against a terrorist and his band of Ninjas.",https://www.imdb.com/title/tt0101326/?ref_=sr_i_208
209. Trust,1990,1h 47m,R,7.3,12K,67,Two young misfits with a troubled home life find each other.,https://www.imdb.com/title/tt0103130/?ref_=sr_i_209
210. Iron & Silk,1990,1h 32m,PG,6.9,473,,"Mark Salzman always was interested in Kung-Fu and the Chinese culture, claims to have seen every Kung-Fu movie. 1982, with a degree in Chinese literature, he visits a province university in China for two years to teach Chinese teachers the English language. He learns the refinements of correct behavior among Chinese people, makes friends with his pupils, falls in love with the young doctor Ming, learns Wushu (similar Kung-Fu) from the famous teacher Pan... but also learns about political repression, especially when he's forbidden contact with some of his friends.",https://www.imdb.com/title/tt0099857/?ref_=sr_i_210
211. Two Evil Eyes,1990,2h,R,6.1,9.3K,61,"A duo of Edgar Allan Poe adaptations about a greedy wife's attempt to embezzle her dying husband's fortune, and a sleazy reporter's adoption of a strange black cat.",https://www.imdb.com/title/tt0100827/?ref_=sr_i_211
212. Frankenstein Unbound,1990,1h 25m,R,5.4,4.6K,,"The ultimate weapon, which was meant to be safe for mankind, produces global side effects including time slides and disappearances. The scientist behind the project, and his car, are zapped from the year 2031 to 1817's Switzerland.",https://www.imdb.com/title/tt0099612/?ref_=sr_i_212
213. American Dream,1990,1h 38m,PG-13,7.7,1.2K,89,Recounts the 1985-86 strike against the Hormel Foods Corporation in Minnesota after its employees' wages and benefits were cut.,https://www.imdb.com/title/tt0099028/?ref_=sr_i_213
214. Pastime,1990,1h 34m,PG,6.6,441,,"Pastime is a story of an aging, white pitcher on a minor league baseball team who takes a young, talented, black pitcher under his wing in 1957.",https://www.imdb.com/title/tt0105109/?ref_=sr_i_214
215. Journey of Hope,1990,1h 45m,PG,7.5,2.6K,,"The story of a Turkish Alevi family trying to illegally emigrate to Switzerland, a country they know only from a postcard.",https://www.imdb.com/title/tt0100470/?ref_=sr_i_215
216. Closet Land,1990,1h 29m,R,7.0,3.3K,,"In a drab police state, an author of children's books is interrogated by a sadistic, secret policeman because she's under suspicion of embedding anti-government messages in her stories.",https://www.imdb.com/title/tt0101597/?ref_=sr_i_216
217. Terminal Bliss,1990,1h 33m,R,4.6,265,,"Two adolescent children of wealthy parents deal with the emotional travails of spoiled youth by indulging in self destructive behavior including but not limited to drugs, parties and teen sex. Friends John (Luke Perry) and Alex (Timothy Owen) deal with issues of betrayal involving Alex's girlfriend Stevie (Estee Chandler).",https://www.imdb.com/title/tt0105562/?ref_=sr_i_217
218. Frankenhooker,1990,1h 25m,R,6.2,17K,,A medical student sets out to recreate his decapitated fiancée by building her a new body made of Manhattan street prostitutes.,https://www.imdb.com/title/tt0099611/?ref_=sr_i_218
219. Bright Angel,1990,1h 33m,R,5.4,835,,"Road-movie from Montana to Wyoming. A gullible, innocent young man (Mulroney) assists a versatile girl (Taylor) on her long quest to get her brother out of jail.",https://www.imdb.com/title/tt0101510/?ref_=sr_i_219
220. Days of Being Wild,1990,1h 34m,Not Rated,7.4,29K,93,A man tries to find out who his real mother is after the woman who raised him tells him the truth.,https://www.imdb.com/title/tt0101258/?ref_=sr_i_220
221. Men of Respect,1990,1h 53m,R,5.5,1.1K,,It's Macbeth in mobster form!,https://www.imdb.com/title/tt0102432/?ref_=sr_i_221
222. Open Doors,1990,1h 48m,R,7.1,1.2K,,A principled judge faces a case that society demands capital punishment for.,https://www.imdb.com/title/tt0100389/?ref_=sr_i_222
223. A Man Called Sarge,1990,1h 28m,PG-13,4.4,617,,"The French Foreign Legion will never be the same after the uproarious World War II exploits of Sgt. Duke Roscoe and his band of military misfits. It's a hilarious ""war movie"" that will leave you shell-shocked with laughter.",https://www.imdb.com/title/tt0100100/?ref_=sr_i_223
224. A Show of Force,1990,1h 35m,R,5.3,927,,An American journalist in Puerto Rico in 1978 investigates the death of nationalists who may have been murdered by the police.,https://www.imdb.com/title/tt0100606/?ref_=sr_i_224
225. Chicago Joe and the Showgirl,1990,1h 43m,R,5.0,830,,"During World War II, an American serviceman in London decides to impress his English girlfriend by acting as an American gangster, which soon turns deadly.",https://www.imdb.com/title/tt0099250/?ref_=sr_i_225
226. Why Me?,1990,1h 27m,R,5.7,1.7K,,"A jewel thief steals a sacred ruby which sets off a chase by the police, the Turkish government, nutty Armenian terrorists, and the C.I.A.",https://www.imdb.com/title/tt0100931/?ref_=sr_i_226
227. Fools of Fortune,1990,1h 49m,PG-13,5.3,272,,A Protestant Irish family is caught up in a conflict between Irish Republicans and the British army.,https://www.imdb.com/title/tt0099594/?ref_=sr_i_227
228. Naked Tango,1990,1h 33m,R,5.7,827,,"When a young European woman assumes a false identity in 1920s Argentina, she gets more than she bargained for.",https://www.imdb.com/title/tt0100222/?ref_=sr_i_228
229. The Third Animation Celebration: The Movie,1990,1h 30m,Approved,,,,The best films chosen from the Third Los Angeles International Animation Celebration and the popular theatrical tour.,https://www.imdb.com/title/tt3950710/?ref_=sr_i_229
230. Crossing the Line,1990,1h 33m,R,5.7,1.6K,,Unemployed Scottish miner Danny Scoular (Liam Neeson) is forced into bare-knuckle boxing to make ends meet.,https://www.imdb.com/title/tt0099136/?ref_=sr_i_230
231. Blood Oath,1990,1h 48m,R,6.4,1.1K,,"The island of Ambon in Indonesia, 1945. During the War, the number of Australian POWs on the island had dropped from 1100 to less than 300 due to abuses by their Japanese captors. Capt. Cooper is the chief prosecutor. In a mass grave, the bodies of 300 executed servicemen have been unearthed. Cooper assumes that the massacre was ordered by Baron Takahashi, Japanese commander on Ambon. But the one potential witness has gone mad and is due to be shipped back to Australia. No captured airmen were found alive on the island at all, not even the four-man crew of a reconnaissance plane shot down late in the War. Takahashi is returned to the island in the custody of an American officer, Maj. Beckett. But there is little evidence with which to prosecute the Baron. Cooper thinks he could make a case for the missing airmen if only their bodies could be located. And why does Maj. Beckett appear interested in not seeing Takahashi convicted? Cooper gets a break when Lt. Tanaka, a communications officer and a Christian, surrenders himself...",https://www.imdb.com/title/tt0100414/?ref_=sr_i_231
232. The Spirit of '76,1990,1h 22m,PG-13,5.8,934,,"In 2176, a magnetic storm erases all recorded history, including the U.S. Constitution, so, three time travelers are sent back to July 4, 1776, to retrieve the heritage, but end up in 1976's Bicentennial, while being perceived as aliens.",https://www.imdb.com/title/tt0100670/?ref_=sr_i_232
233. The Reflecting Skin,1990,1h 36m,R,6.7,11K,,"In the 1950s, a young boy living with his troublesome family in rural USA fantasizes that a neighboring widow is actually a vampire, responsible for a number of disappearances in the area.",https://www.imdb.com/title/tt0100469/?ref_=sr_i_233
234. Paper Mask,1990,1h 45m,R,6.6,822,,"A lowly hospital orderly impersonates a recently deceased doctor, and goes to work in the busy ER of a small hospital. There, he meets and befriends a nurse who slowly figures out his secret and helps him maintain his charade.",https://www.imdb.com/title/tt0100330/?ref_=sr_i_234
235. Resident Alien,1990,1h 25m,Not Rated,6.7,181,,"At age 73, writer and melancholy master of the bon mot, Quentin Crisp (1908-1999), became an Englishman in New York. Rossiter's camera follows Crisp about the streets of Manhattan, where Crisp seems very much at home, wearing eye shadow, appearing on a makeshift stage, making and repeating wry observations, talking to John Hurt (who played Crisp in the autobiographical TV movie, ""The Naked Civil Servant""), and dining with friends. Others who know Crisp comment on him, on his life as an openly gay man with an effeminate manner, and on his place in the history of gays' social struggle. The portrait that emerges is of one wit and of suffering.",https://www.imdb.com/title/tt0102777/?ref_=sr_i_235
236. The Fall of Otrar,1990,2h 56m,Not Rated,7.4,348,,"This historical epic charts political intrigue among the Kipchaks, a confederation of tribes on the steppes of Central Asia, before they were overrun by Genghis Khan.",https://www.imdb.com/title/tt0104224/?ref_=sr_i_236
237. The Garden,1990,1h 32m,Unrated,6.4,1.3K,,A nearly wordless visual narrative inter cuts two main stories and a couple of minor ones.,https://www.imdb.com/title/tt0099634/?ref_=sr_i_237
238. Close-Up,1990,1h 38m,Not Rated,8.2,28K,92,"The true story of Hossain Sabzian, a cinephile who impersonated the director Mohsen Makhmalbaf to convince a family they would star in his so-called new film.",https://www.imdb.com/title/tt0100234/?ref_=sr_i_238
239. The Ages of Lulu,1990,1h 35m,,5.5,4.7K,,The story of a young woman's descent into the kinky and dangerous sexual underground in Madrid.,https://www.imdb.com/title/tt0099484/?ref_=sr_i_239
240. Troll 2,1990,1h 35m,PG-13,3.0,37K,,"A vacationing family discovers that the entire town they're visiting is inhabited by goblins, disguised as humans, who plan to eat them.",https://www.imdb.com/title/tt0105643/?ref_=sr_i_240
241. Sorority House Massacre II,1990,1h 17m,Unrated,4.8,2.6K,,"Five college women buy the old Hokstedter place for their new sorority house. They decide to stay in it for the night to meet the movers in the morning, but begin to get the creeps when the weird neighbor starts poking around.",https://www.imdb.com/title/tt0100663/?ref_=sr_i_241
242. 1001 Nights,1990,1h 38m,,5.5,1.1K,,Zany subversion of the 1001 Nights myth that skips all of the stories and simply focuses on the lovely Scheherazade's escape from the lustful king with the help of a magic lamp and a time traveling astrologist.,https://www.imdb.com/title/tt0098961/?ref_=sr_i_242
243. Bullet in the Head,1990,2h 16m,Not Rated,7.5,14K,,"When three close friends escape from Hong Kong to war-time Saigon to start a criminal's life, they all go through a harrowing experience which totally shatters their lives and their friendship forever.",https://www.imdb.com/title/tt0099426/?ref_=sr_i_243
244. The Ambulance,1990,1h 36m,R,6.0,5.3K,,"A comic-book artist meets a woman on the NYC streets, but after a quick flirtation, she suddenly collapses and is picked up by an old ambulance. He checks all the hospitals in the area, but the woman has disappeared.",https://www.imdb.com/title/tt0099026/?ref_=sr_i_244
245. Hard to Die,1990,1h 17m,NC-17,4.8,1.7K,,"Five lingerie models are terrorized by a series of murders in their office building. They suspect the janitor who witnessed past killings, unaware of the real horror awaiting them.",https://www.imdb.com/title/tt0103111/?ref_=sr_i_245
246. Halfaouine: Boy of the Terraces,1990,1h 38m,Unrated,6.7,2.4K,,"Noura struggles to reconcile two worlds, Muslim women and men, while also dealing with his own sexuality.",https://www.imdb.com/title/tt0090665/?ref_=sr_i_246
247. The Invisible Maniac,1990,1h 26m,R,4.3,3.2K,,An invisible scientist escapes from an asylum and teaches high-school physics to nubile teens.,https://www.imdb.com/title/tt0099856/?ref_=sr_i_247
248. Singapore Sling,1990,1h 51m,Not Rated,6.4,3.3K,,"A man searching for his long-lost lover is kidnapped by her killers, an insane, mother-daughter duo, and they force him to commit various sexual atrocities with them.",https://www.imdb.com/title/tt0100623/?ref_=sr_i_248
249. Maniac Cop 2,1990,1h 30m,R,5.9,10K,,"A supernatural, maniac killer cop teams up with a Times Square serial killer.",https://www.imdb.com/title/tt0100107/?ref_=sr_i_249
250. Demon Wind,1990,1h 36m,R,4.8,3.9K,,"With the need to investigate the mysterious death of his grandparents, Cory and his friends assemble back to the old farm where it all began, sixty years earlier.",https://www.imdb.com/title/tt0099401/?ref_=sr_i_250
251. The Exorcist III: Legion,1990,1h 45m,,7.2,1.9K,,"William Peter Blatty's director's cut of ""The Exorcist III"" which was thought to be lost. Recovered and released in 2016 under its original title, this is the definitive cut of the film based on his novel ""Legion"".",https://www.imdb.com/title/tt10045260/?ref_=sr_i_251
252. Moon 44,1990,1h 38m,R,5.1,6.4K,39,An unconventional corporate agent is given the task of shaping a group of violent criminals and technical wizards into a helicopter defense force assigned to protect a mining station on a remote moon.,https://www.imdb.com/title/tt0097910/?ref_=sr_i_252
253. The Death King,1990,1h 20m,Not Rated,6.3,3.3K,,"Seven episodes, each taking place on a different day of the week, on the theme of suicide and violent death.",https://www.imdb.com/title/tt0098486/?ref_=sr_i_253
254. The Juniper Tree,1990,1h 18m,Not Rated,6.8,3K,86,"Margit and her older sister, Katla, flee their homeland after their mother is killed for practicing witchcraft. Needing a place to stay, Katla casts a spell over a young farmer named Jóhann which makes him fall in love with her.",https://www.imdb.com/title/tt0138545/?ref_=sr_i_254
255. Catchfire,1990,1h 38m,R,5.3,5.3K,,"A witness to a mob assassination flees for her life, running from town to town and switching identities along the way, but she cannot seem to elude Milo, the chief hit man sent after her.",https://www.imdb.com/title/tt0096875/?ref_=sr_i_255
256. Bride of Re-Animator,1990,1h 36m,R,6.2,19K,54,Doctors Herbert West and Dan Cain discover the secret to creating human life and proceed to create a perfect woman from dead tissue.,https://www.imdb.com/title/tt0099180/?ref_=sr_i_256
257. The Rift,1990,1h 23m,R,4.7,3.6K,,"Siren II, a submarine under the command of Capt. Phillips, ventures into the deep on a mission to recover the missing Siren I. Their quest is hindered when the submarine becomes entangled in a patch of toxic seaweed.",https://www.imdb.com/title/tt0099701/?ref_=sr_i_257
258. Erotic Ghost Story,1990,1h 30m,,5.6,1.4K,,Three women who are Taoist devotees are tricked by the Wu-Tung demon into following their sexual desires.,https://www.imdb.com/title/tt0100014/?ref_=sr_i_258
259. Mirror Mirror,1990,1h 44m,R,5.5,2.8K,,"A teenage girl begins receiving black magic power through an antique mirror that drips blood, not realizing the mirror is controlled by demonic forces.",https://www.imdb.com/title/tt0100156/?ref_=sr_i_259
260. Red Dawn,1990,1h 36m,,8.0,2.5K,,A Claustrophobic experience which involves a Mexican middle class family into the atrocities made by wild and heartless army forces whose main objective seems to be students who do not permit the 1968's Olimpic games' to develop normally.,https://www.imdb.com/title/tt0098214/?ref_=sr_i_260
261. The Match Factory Girl,1990,1h 9m,Not Rated,7.5,14K,,"A woman's terribly dull life is upended by a one-night stand pregnancy, causing her to seek retribution.",https://www.imdb.com/title/tt0098532/?ref_=sr_i_261
262. Against the Wind,1990,1h 35m,,5.4,328,,"Juan flees Madrid and an incestuous relationship with his sister, Ana, working at a mine on the Andalucian coast. When his friendship with Rosario, a local shop girl, becomes romance, Ana shows up wanting to rekindle their affair. He resists at first, but she stays, asserting that Juan is the only man she can ever love. Juan distances himself from Rosario. The mine has problems: high cancer rates in the area caused by poorly stored radioactive waste. A foreign safety engineer, Petersen, tries to connect with Ana, is rebuffed, but lets her stay in his sea-front bungalow. Juan seeks her out to demand she leave, only to argue with Petersen. Death, desire, and longing play out.",https://www.imdb.com/title/tt0099298/?ref_=sr_i_262
263. Doraemon: Nobita and the Animal Planet,1990,1h 39m,,6.9,816,,"What comes to the end of war, unlimited development and environmental destruction.",https://www.imdb.com/title/tt1147520/?ref_=sr_i_263
264. Prayer of the Rollerboys,1990,1h 35m,R,5.6,3.1K,,"In a dystopian near future America, a young man infiltrates a powerful drug dealing rollerblading youth gang that runs his town in order to end their reign for good.",https://www.imdb.com/title/tt0102703/?ref_=sr_i_264
265. Dragon Ball Z: The Tree of Might,1990,1h,Not Rated,6.7,9.8K,,"A group of aliens visit Earth to plant the Tree of Might, a plant that grants cosmic power by draining the Earth's life force.",https://www.imdb.com/title/tt0142233/?ref_=sr_i_265
266. Basket Case 2,1990,1h 30m,R,5.4,6.5K,,Duane and his basket-bound mutant brother are taken in by a secret home for wayward freaks with journalists hot on their tail.,https://www.imdb.com/title/tt0099108/?ref_=sr_i_266
267. She Shoots Straight,1990,1h 27m,Not Rated,6.8,947,,"Working in a police precinct full of her in-laws, inspector Mina Kao and her colleagues are assigned a dangerous case involving Vietnamese criminal refugees, right after getting married to her fellow inspector Huang.",https://www.imdb.com/title/tt0099809/?ref_=sr_i_267
268. Beyond Darkness,1990,1h 35m,R,4.3,1.1K,,A minister and his wife move into a haunted house.,https://www.imdb.com/title/tt0103802/?ref_=sr_i_268
269. The Sleeping Car,1990,1h 36m,R,4.7,773,,Jason (David Naughton) moves into an abandoned train car where he resurrects the vicious ghost of his landlady's dead husband - The Mister. After some near-fatal encounters with the violent specter he seeks local exorcist Vincent Tuttle (Kevin McCarthy).,https://www.imdb.com/title/tt0100637/?ref_=sr_i_269
270. Death at Oslo Central,1990,1h 39m,,6.2,1.8K,,A young boy named Pelle falls in love with the drug addict Lena. Then he and his friend Proffen tries to save her from the drugs.,https://www.imdb.com/title/tt0099479/?ref_=sr_i_270
271. Stalingrad,1990,3h 16m,,6.7,595,,The WWII pivotal battle of Stalingrad is shown through the eyes of the soldiers and officers on both sides of the war.,https://www.imdb.com/title/tt0174240/?ref_=sr_i_271
272. Bethune: The Making of a Hero,1990,1h 55m,,6.3,453,,"Canadian doctor Norman Bethune joins Mao's army in China, setting up field hospitals and training medics. Flashbacks show his early life, socialist beliefs, medical innovations, humanitarian work in Spain, and marital struggles.",https://www.imdb.com/title/tt0099127/?ref_=sr_i_272
273. Aaj Ka Arjun,1990,2h 44m,,4.7,764,,"Bhim Singh is an orphan who lives a poor life-style in a small community. He is the guardian to his only sister, Laxmi, who he has educated in the city, she meets Ajit Singh the son of Thakur Bhupendra Singh and both falls in love and gets married with the blessings of Bhim, but on there nuptial night, Ajit goes missing. Bhim finds out that Ajit has relocated to his dad's residence and he goes there to beg there pardon but is humiliated and witnesses Ajit knifes Laxmi to death. A grief-stricken Bhim murders Ajit publicly and goes on a rampage to rescue farmers in his community whose land are being snatched by Thakur Bhupendra Singh and his henchman Lakhan.",https://www.imdb.com/title/tt0098976/?ref_=sr_i_273
274. Agter Elke Man,1990,1h 42m,,7.0,40,,Bruce Beyers is released on parole after serving two years in prison. He is dead set on getting revenge on the man responsible for his conviction.,https://www.imdb.com/title/tt0406519/?ref_=sr_i_274
275. Pink Ulysses,1990,1h 38m,Unrated,6.1,67,,"A homoerotic, dreamlike retelling of Odysseus's journey home, blending myth, fantasy, and cinema.",https://www.imdb.com/title/tt0107827/?ref_=sr_i_275
276. Cellini: A Violent Life,1990,1h 58m,,7.0,144,,"The story of Benvenuto Cellini (1500-1571), a soldier and one of the most important craftsmen and artists of Renaissance Italy, whose life was marked by many achievements and adventures, but also crimes.",https://www.imdb.com/title/tt0100878/?ref_=sr_i_276
277. Genuine Risk,1990,1h 30m,R,4.9,212,,A gambler is recruited by his friend to work as a collector for a cold and vicious mobster.,https://www.imdb.com/title/tt0099642/?ref_=sr_i_277
278. Captain America,1990,1h 37m,PG-13,3.3,16K,,"Frozen in the ice for decades, Captain America is freed to battle against archcriminal The Red Skull.",https://www.imdb.com/title/tt0103923/?ref_=sr_i_278
279. Caged Fury,1990,1h 35m,Not Rated,4.0,1.5K,,Discontent leads to a daring escape plan in a women's prison where the inmates are all lingerie clad models and the lesbian warden demands unusual favours for early parole.,https://www.imdb.com/title/tt0097004/?ref_=sr_i_279
280. Death in Brunswick,1990,1h 49m,R,6.4,2K,,"Down-on-his-luck Carl Fitzgerald meets Sophie, a beautiful Greek girl. He gets a job as a cook, but accidentally kills a fellow worker. He turns to his unscrupulous best friend for help and they attempt to dispose of the body.",https://www.imdb.com/title/tt0101692/?ref_=sr_i_280
281. Night Eyes,1990,1h 37m,R,4.2,861,,A security guard is hired to gather evidence of adultery against the wife of a rock star and ends up getting involved with her.,https://www.imdb.com/title/tt0100251/?ref_=sr_i_281
282. Layanam,1990,1h 38m,,5.8,126,,The sexual attraction of an older woman towards a young man and their relationship.,https://www.imdb.com/title/tt0353658/?ref_=sr_i_282
283. Forbidden Love,1990,1h 31m,,6.7,354,,"18-year old-Georg and 13-year-old Barbara played together as children; later, play becomes love, which leads to a catastrophe, as their parents are hostile, leading to a report being filed to the court, as Barbara is underage.",https://www.imdb.com/title/tt0098588/?ref_=sr_i_283
284. Aashiqui,1990,2h 32m,Not Rated,6.3,2.3K,,"Rahul and Anu fall in love with each other, but before they unite, they have their own problems to deal with.",https://www.imdb.com/title/tt0149573/?ref_=sr_i_284
285. In the Cold of the Night,1990,1h 52m,NC-17,4.7,1.2K,,"Scott is a fashion photographer troubled by the sudden appearance of nightmares in his dreams, in which he appears to be involved in the murder of a beautiful young woman.",https://www.imdb.com/title/tt0097573/?ref_=sr_i_285
286. Flesh Gordon Meets the Cosmic Cheerleaders,1990,1h 38m,NC-17,3.8,1.8K,,Flesh Gordon is kidnapped by a group of space cheerleaders hoping to use him to save their planet.,https://www.imdb.com/title/tt0097365/?ref_=sr_i_286
287. Side Out,1990,1h 40m,PG-13,5.6,2.7K,37,A law student comes to California for the summer and ends up playing professional volleyball.,https://www.imdb.com/title/tt0100613/?ref_=sr_i_287
288. Kill Cruise,1990,1h 38m,R,4.8,1K,,"A washed-out German sailor, in a drunken state, agrees to take two British women from Gibraltar to the West Indies in his sail boat. Early into the voyage, they realise that it's not going to be plain sailing.",https://www.imdb.com/title/tt0100633/?ref_=sr_i_288
289. Kid,1990,1h 31m,R,6.2,835,,A mysterious man returns to his former hometown to take revenge on the locals who murdered his parents when he was a boy.,https://www.imdb.com/title/tt0102205/?ref_=sr_i_289
290. Agneepath,1990,2h 54m,Not Rated,7.6,10K,,"A boy grows up to become a gangster in pursuit of the mobster who killed his innocent father, but revenge and reparation may come at great costs.",https://www.imdb.com/title/tt0098999/?ref_=sr_i_290
291. Tom and Lola,1990,1h 37m,,6.2,378,,"Born with severely compromised immune systems, Tom and Lola are two remarkable children confined to sterile plastic enclosures. Yet their irrepressible spirit transcends the barriers of medical equipment and detached hospital staff.",https://www.imdb.com/title/tt0098488/?ref_=sr_i_291
292. Malizia Today,1990,1h 40m,,4.4,193,,"Michel knows Luna, an aspiring dancer, and it is love at first sight. But the boy is also attracted by her mother, which gives more time to the advances of the young.",https://www.imdb.com/title/tt0128323/?ref_=sr_i_292
293. Shakma,1990,1h 40m,R,5.0,3K,,Medical students are attacked by an aggressive laboratory animal while locked inside their campus medical building competing in an after-hours role-playing game similar to Dungeons and Dragons.,https://www.imdb.com/title/tt0100589/?ref_=sr_i_293
294. Shock 'Em Dead,1990,1h 33m,R,4.9,1.6K,,Martin is a total loser who makes a deal with the devil to become the greatest rock star in the world.,https://www.imdb.com/title/tt0102910/?ref_=sr_i_294
295. Ajooba,1990,2h 58m,,5.3,1.7K,,"The evil Vizier of Baharistan kills the royal family and takes power himself but the real crown prince, who has survived his machinations, returns to his homeland to avenge his parents as a masked vigilante 'Ajooba'.",https://www.imdb.com/title/tt0101283/?ref_=sr_i_295
296. Blood Games,1990,1h 30m,R,5.5,1.8K,,"When an all girl baseball team beats a group of rowdy rednecks from a small town, they soon find themselves the prey in a deadly bounty hunt. Now they are playing for their lives.",https://www.imdb.com/title/tt0099151/?ref_=sr_i_296
297. Pale Blood,1990,1h 33m,R,5.0,938,,"A vampire arrives in Los Angeles to investigate a recent series of murders which bear the hallmarks of vampire attacks. Wanting to track down the murderer, he hires a private investigator who herself is obsessed with vampire mythology.",https://www.imdb.com/title/tt0100324/?ref_=sr_i_297
298. Baby Blood,1990,1h 28m,R,6.0,2.8K,,When a strange creature crawls into a woman's uterus she becomes a killer in order to feed the tiny terror growing within her.,https://www.imdb.com/title/tt0096871/?ref_=sr_i_298
299. Western Lights,1990,1h 57m,,6.5,74,,"Young French teens sail Columbus's route from Spain to Yucatan, stopping at Caribbean islands, guided by a few adults aboard their sailing vessel.",https://www.imdb.com/title/tt1260583/?ref_=sr_i_299
300. Mad Jake,1990,1h 38m,R,5.0,772,,"Twisted tale about a crazy, preaching redneck named Jake who kidnaps people off the highway and performs sick medical experiments on them. He then proceeds to sell their organs on the black market to Mr. Stone. Everything is fine until he kidnaps the handicapped April and finds that she is harder to control than the others.",https://www.imdb.com/title/tt0099153/?ref_=sr_i_300
301. The Crawlers,1990,1h 31m,R,3.0,1.8K,,People from a small town are attacked by evil radioactive tree roots growing in the forest.,https://www.imdb.com/title/tt0106620/?ref_=sr_i_301
302. Boiling Point,1990,1h 36m,Not Rated,6.8,8.2K,,Two disquieted junior baseball players seek revenge on the local yakuza for attacking their coach.,https://www.imdb.com/title/tt0098967/?ref_=sr_i_302
303. Ruff Sex,1990,58m,,4.7,240,,"Three social outcasts who live near the seaside interact with each other in increasingly disturbing ways. The trio of characters are a woman who has killed her sister, a man who enjoys necrophilia, and a female amnesiac.",https://www.imdb.com/title/tt0291532/?ref_=sr_i_303
304. A Cat in the Brain,1990,1h 33m,R,5.5,4.3K,,"A horror film director is stalked by a crazed, murderous psychiatrist bent on modeling his kills on the gory death scenes from the director's movies.",https://www.imdb.com/title/tt0099637/?ref_=sr_i_304
305. China O'Brien,1990,1h 26m,R,5.4,2.1K,,"A police woman, expert and instructor in martial arts, leaves the city to stay with her dad, sheriff in a town with peace and quiet - or so she thinks. She gets plenty opportunities to show her martial arts skills.",https://www.imdb.com/title/tt0099260/?ref_=sr_i_305
306. Twilight,1990,1h 45m,,7.2,1.6K,82,"When a schoolgirl is found murdered in the woods, a retiring detective tries to find her murderer.",https://www.imdb.com/title/tt0100732/?ref_=sr_i_306
307. Dragon Ball Z: The World's Strongest,1990,59m,Not Rated,6.6,8.4K,,The Z-Fighters must stop a mad scientist and his assistant that are out to take over the world.,https://www.imdb.com/title/tt0142240/?ref_=sr_i_307
308. Mister Frost,1990,1h 44m,R,5.9,3.2K,,"A serial killer gets sent to a mental institution, but as his insidious presence cause the doctors and orderlies to receive strange visions, his psychiatrist tries to find out his true identity.",https://www.imdb.com/title/tt0100161/?ref_=sr_i_308
309. Playroom,1990,1h 28m,R,4.9,515,,An archaeologist is haunted by a nightmare in which his family is murdered.,https://www.imdb.com/title/tt0100373/?ref_=sr_i_309
310. Ghayal,1990,2h 43m,,7.7,5.7K,,"A fiery young boxer's world shatters when his brother is murdered by a ruthless industrialist. Framed for the crime, the wounded fighter breaks free to unleash raw revenge.",https://www.imdb.com/title/tt0099652/?ref_=sr_i_310
311. Solar Crisis,1990,1h 52m,PG-13,4.1,2.3K,,A huge solar flare is predicted to fry the Earth. Astronauts must fly toward the sun to drop a talking bomb at the right time for the flare to be aimed elsewhere.,https://www.imdb.com/title/tt0100649/?ref_=sr_i_311
312. The Local Stigmatic,1990,56m,TV-14,5.6,1.8K,,Two symbiotic sociopaths play obscurely deviant mind games with each other while engaging in perversely brutal acts of violence against victims apparently chosen at random.,https://www.imdb.com/title/tt0097769/?ref_=sr_i_312
313. Circuitry Man,1990,1h 33m,R,4.7,1.1K,,"In a pollution-free future, humans seek narcotic chips for pleasure, stealing from Los Angeles with Danner and smuggling to New York, while Plughead pursues them.",https://www.imdb.com/title/tt0099271/?ref_=sr_i_313
314. Haciz Karari,1990,1h 33m,,3.5,7,,,https://www.imdb.com/title/tt12146802/?ref_=sr_i_314
315. Across the Tracks,1990,1h 40m,R,5.8,3.1K,,"Two brothers: one a drug-dealing layabout, while the other is a hardworking ""model son."" When the one begins straightening himself out by becoming a high school track star, the other is jealous and retreats into alcohol.",https://www.imdb.com/title/tt0101268/?ref_=sr_i_315
316. The Last Samurai,1990,1h 30m,R,4.5,352,,"Following the trail of a samurai ancestor, two Japanese businessmen on a quest for spiritual fulfillment arrive in Africa with a group of tourists, only to get kidnapped by the local guerrilla leader. A tough mercenary must rescue them.",https://www.imdb.com/title/tt0099987/?ref_=sr_i_316
317. Metamorphosis: The Alien Factor,1990,1h 38m,R,5.1,1.3K,,"When their security guard father goes missing at the Talos Biology Research Laboratory, siblings Kim and Sherry Griffen go over to the lab to investigate, unaware that he has been killed and eaten, by the most horrific creature that has ever been spawned there. The siblings will soon find themselves in a terrifying battle to defeat and neutralize the evil, before it escapes the lab, and into the outside world.",https://www.imdb.com/title/tt0107561/?ref_=sr_i_317
318. A Chinese Ghost Story II,1990,1h 44m,Unrated,6.8,4.6K,,"Following his encounter with the ghosts, tax collector Ling Choi-San gets caught up with a group of rebels and faces a new batch of supernatural terrors.",https://www.imdb.com/title/tt0100625/?ref_=sr_i_318
"319. Abraxas, Guardian of the Universe",1990,1h 27m,R,2.9,2.7K,,"An alien ""policeman"" arrives on Earth to apprehend a renegade of his own race who impregnates a woman with a potentially destructive mutant embryo.",https://www.imdb.com/title/tt0101264/?ref_=sr_i_319
320. Shadowzone,1990,1h 28m,R,5.0,1.9K,,Scientists experiment with Extreme Dream Sleep and find a Parallel Dimension. Now they find the door works both ways and something has come through.,https://www.imdb.com/title/tt0100586/?ref_=sr_i_320
"321. No Retreat, No Surrender 3: Blood Brothers",1990,1h 41m,R,5.3,1.3K,,"Two feuding brothers (one a policeman, the other a martial arts expert) of different political views, join forces to avenge the death of their father, a retired agent, killed by the mafia.",https://www.imdb.com/title/tt0100266/?ref_=sr_i_321
322. Michael Madana Kama Rajan,1990,2h 42m,Not Rated,8.5,8.1K,,"A comedy of errors with identical quadruplets, separated at birth, coming together as adults.",https://www.imdb.com/title/tt0140377/?ref_=sr_i_322
323. Prom Night III: The Last Kiss,1990,1h 37m,R,4.7,3K,,"The malevolent spirit of Mary Lou Maloney returns to Hamilton High, where she manipulates a naive male student into helping her wreak havoc on the school.",https://www.imdb.com/title/tt0098136/?ref_=sr_i_323
324. Sgt. Kabukiman N.Y.P.D.,1990,1h 45m,PG-13,5.7,3.8K,,A streetwise New York police officer transforms into the world's most unusual superhuman hero.,https://www.imdb.com/title/tt0117609/?ref_=sr_i_324
325. The Shrimp on the Barbie,1990,1h 30m,PG-13,5.6,1.7K,,"Down on his luck and working in a Mexican restaurant in Australia, an American tourist is hired by a icy heiress to pose as an obnoxious new boyfriend in an attempt to make her father accept her current boyfriend.",https://www.imdb.com/title/tt0100608/?ref_=sr_i_325
326. Rockula,1990,1h 31m,PG-13,5.2,1.5K,,A young vampire cannot lose his virginity because of a curse imposed upon him centuries ago.,https://www.imdb.com/title/tt0100506/?ref_=sr_i_326
327. A Nymphoid Barbarian in Dinosaur Hell,1990,1h 22m,Not Rated,2.7,1.9K,,"In a post-Armageddon world, a young woman finds herself in a fight for survival against mutant cavemen, dinosaurs and other prehistoric animals.",https://www.imdb.com/title/tt0102569/?ref_=sr_i_327
328. In Harihar Nagar,1990,2h 13m,Not Rated,8.6,4.6K,,"Four young men are enamored by Maya, their next-door neighbor. However, she is in town to investigate the mysterious circumstances surrounding the death of her brother.",https://www.imdb.com/title/tt0278501/?ref_=sr_i_328
329. Lucrezia Borgia,1990,1h 22m,,4.3,89,,"After the death of her husband, Countess Lucrezia Borgia seeks to become the first lady of the Kingdom. To do so, she seduces any influential man with the help of her perverse circle and lead them in a spiral of lust and scheme.",https://www.imdb.com/title/tt0150056/?ref_=sr_i_329
330. Bad Girls from Mars,1990,1h 26m,R,3.6,830,,"There's a killer on the set of a sci-fi cheapie, and the new leading lady (Edy Williams) could be next.",https://www.imdb.com/title/tt0101399/?ref_=sr_i_330
331. Steel and Lace,1990,1h 32m,R,5.3,1.3K,,A rape victim returns from the dead to seek vengeance on her rapists.,https://www.imdb.com/title/tt0100688/?ref_=sr_i_331
332. Killing Spree,1990,1h 28m,,4.9,1.1K,,"A man suspects his wife of adultery and goes on a killing spree, eliminating all he believes are sleeping with her, but his victims don't stay dead.",https://www.imdb.com/title/tt0093346/?ref_=sr_i_332
333. A Moment of Romance,1990,1h 32m,,7.3,2.4K,,"During a bank heist, the getaway driver Wah took a young woman Jo Jo hostage. After preventing her from getting killed by his accomplices, they began a forbidden relationship causing mayhem and chaos for their friends and family.",https://www.imdb.com/title/tt0100777/?ref_=sr_i_333
334. The Suckling,1990,1h 29m,Not Rated,4.7,1.8K,,"A pregnant woman reluctantly goes to an illegal abortion clinic, which also doubles as a brothel, only to have her aborted mutated fetus attack everyone at the clinic.",https://www.imdb.com/title/tt0140581/?ref_=sr_i_334
335. The King of the Kickboxers,1990,1h 39m,R,5.9,2.3K,,A cop goes undercover in Thailand to avenge his brother's death in this martial arts film.,https://www.imdb.com/title/tt0102217/?ref_=sr_i_335
336. Dil,1990,2h 52m,Not Rated,6.6,6.2K,,"A man pretends to be a rich industrialist to improve his son's chances of marrying in to wealth, but his plan backfires on him.",https://www.imdb.com/title/tt0099429/?ref_=sr_i_336
337. Deadly Manor,1990,1h 26m,Not Rated,4.7,1.6K,,"A group of young people take refuge in an old, deserted mansion. Soon the members of the group start turning up dead and they realize that they're not alone in the mansion.",https://www.imdb.com/title/tt0099381/?ref_=sr_i_337
338. Night Angel,1990,1h 28m,R,4.6,943,,"An evil spirit assumes the disguise of a beautiful young woman, so it can seduce and kill men.",https://www.imdb.com/title/tt0100247/?ref_=sr_i_338
339. Metamorphosis,1990,1h 36m,R,4.0,1.3K,,An anti-aging serum is being developed by a scientist. When he loses his funding he uses it on himself with dire results.,https://www.imdb.com/title/tt0097874/?ref_=sr_i_339
340. Swordsman,1990,1h 58m,TV-14,6.8,2.9K,,"A kung-fu manual known as the sacred scroll is stolen from the Emperor's library. An army detachment is sent to recover it. Meanwhile, a young swordsman and his fellow disciple are accidentally drawn into the chaos.",https://www.imdb.com/title/tt0100973/?ref_=sr_i_340
341. Alienator,1990,1h 33m,R,3.3,2K,,"Kol, an alien escapee, lands in American woods. The commander sends The Alienator to terminate him. Kol joins teens and Ward Armstrong, evading The Alienator's relentless hunt.",https://www.imdb.com/title/tt0096786/?ref_=sr_i_341
342. Arbor Day,1990,1h 20m,,4.5,150,,"When taunted on the 20 year anniversary of his parent's murder, Elmer Jacobs awakens from his catatonic trance to reap a crop of victims- using gardening implements.",https://www.imdb.com/title/tt19637512/?ref_=sr_i_342
343. A Holy Place,1990,1h 30m,,7.1,1.5K,,"Sveto Mesto is based on a literary classic, Nikolai Gogol's 1835 short story, 'Viy'.",https://www.imdb.com/title/tt0181845/?ref_=sr_i_343
344. Werner and the Wizard of Booze,1990,1h 33m,,6.8,6.9K,,Broesel has to make a Werner animation film but right now he has no real ideas for new stories. Thus he simply draws some stories from Werner's youth.,https://www.imdb.com/title/tt0100912/?ref_=sr_i_344
345. The Last Island,1990,1h 41m,,6.0,557,,"Five men and two women, marooned survivors of an air crash, discover that they may be the only survivors of a world disaster.",https://www.imdb.com/title/tt0102272/?ref_=sr_i_345
346. Tatar Ramazan,1990,1h 35m,,7.9,3.7K,,The story of a fearless man Tatar Ramazan who believes justice in his own way.,https://www.imdb.com/title/tt0447484/?ref_=sr_i_346
347. Quiet Days in Clichy,1990,2h,,4.9,881,,Expatriate Henry Miller indulges in a variety of sexual escapades while struggling to establish himself as a serious writer in Paris.,https://www.imdb.com/title/tt0099901/?ref_=sr_i_347
348. A Tale of Springtime,1990,1h 48m,PG,7.1,6.7K,,"Simple conversations engender complicated human interactions. Jeanne is open and even-tempered, a philosophy teacher at a lycée. Her fiancé is away and she doesn't want to stay at his messy flat; she's loaned hers to a cousin, so she accepts the invitation of Natasha, a music student whom she meets at a party, to sleep in her father Igor's bedroom because he's always with his young girlfriend, Eve. Natasha tells Jeanne a story of a missing necklace and her suspicions of Eve. They all meet at dinner, then again at Igor's country house. Is Natasha scheming to get Igor and Jeanne together alone? Once alone, what determines how they choose to act? And the necklace, what of it?",https://www.imdb.com/title/tt0097106/?ref_=sr_i_348
349. I Hired a Contract Killer,1990,1h 19m,Not Rated,7.1,9.1K,,"Henri is depressed after losing his job, but finds himself too afraid to go through with suicide. He hires a contract killer to do the job for him instead - but what happens if he changes his mind?",https://www.imdb.com/title/tt0099818/?ref_=sr_i_349
350. God of Gamblers II,1990,1h 39m,,6.8,4.1K,,Multi talented Cho wants to learn from the God of Gamblers and contacts his disciple. They are attacked by a crime boss with a plan to misuse GoG's good name to make millions.,https://www.imdb.com/title/tt0101763/?ref_=sr_i_350
351. The End of Innocence,1990,1h 42m,R,5.5,247,,"Seemingly autobiographical story of a woman overwhelmed with trying to please everyone except herself, and not finding any answers until she's admitted to a rehab center by her parents. Eventually here is where she finds her answers.",https://www.imdb.com/title/tt0101812/?ref_=sr_i_351
352. Jezebel's Kiss,1990,1h 36m,R,4.4,409,,Young woman comes to a small town and starts to take vengeance through seduction and manipulation for the grave injustice that was done to her family a long time ago.,https://www.imdb.com/title/tt0099879/?ref_=sr_i_352
353. Faces of Death IV,1990,1h 30m,Unrated,3.5,1.5K,,Follows the same pattern of the other Faces of Death movies. In this one we see many staged and not so staged looking deaths ranging from bungee jumping accidents and magic tricks gone bad.,https://www.imdb.com/title/tt0121262/?ref_=sr_i_353
354. Bloodmoon,1990,1h 40m,R,4.7,934,,"A serial killer is loose at an all girl school, where he strangles girls with a piece of barbed wire.",https://www.imdb.com/title/tt0096954/?ref_=sr_i_354
355. Mom,1990,1h 35m,R,5.3,1.1K,,An L.A. man is shocked to discover that his loving and caring elderly mother has become a vicious monster.,https://www.imdb.com/title/tt0100172/?ref_=sr_i_355
356. I Bought a Vampire Motorcycle,1990,1h 41m,Not Rated,5.4,1.9K,,"When a motorbike gang kills an occultist, the evil spirit he was summoning inhabits a damaged bike. The bike is then bought and restored, but reveals its true nature when it tries to exact vengeance on the gang.",https://www.imdb.com/title/tt0097550/?ref_=sr_i_356
357. The King's Whore,1990,1h 55m,R,5.8,948,,"Set in the seventeenth century, an Italian nobleman weds an impoverished countess, who is wooed by the King of Piedmont and faces pressure from his entire court to succumb to his wishes.",https://www.imdb.com/title/tt0100440/?ref_=sr_i_357
358. Swarg,1990,2h 40m,Not Rated,6.7,2K,,"Krishna is very loyal to his master and treats him like God. Unfortunately, he gets thrown out of the house and the master becomes a pauper. But loyal Krishna returns to change things for the master.",https://www.imdb.com/title/tt0173283/?ref_=sr_i_358
359. Too Much Sun,1990,1h 37m,R,4.2,605,,A multimillionaire whose son and daughter are gay leaves a will with one clause: His children will inherit his money only if at least one of them produces his grandchild within a year of his death.,https://www.imdb.com/title/tt0103100/?ref_=sr_i_359
360. Ashrita,1990,,,7.6,27,,a protesting woman who has being oppressed by her husband's family and the contemporary culture in a male dominated society. At the climax with the help of an Educated family she succeed to give them punishment.,https://www.imdb.com/title/tt2652374/?ref_=sr_i_360
361. Killer Crocodile 2,1990,1h 27m,Not Rated,4.5,1K,,The Caribbean swamps which is to be made into a holiday resort is terrorized again by a second monstrous crocodile which is killing off anyone unfortunate to be on the water.,https://www.imdb.com/title/tt0099934/?ref_=sr_i_361
362. Anne of Green Gables: Road to Green Gables,2010,1h 40m,,7.2,524,,"Anne is an orphan full of imagination. When she arrives at her new home she learns that sometimes you have to be a sensible person too; at the same time her unique character changes, or at least attracts, the people around her. The story covers Anne's growth from about eleven to seventeen years old as she makes friends, goes to school and studies. At a difficult point in her life, Anne will have to make a hard choice and perhaps find a new dream.",https://www.imdb.com/title/tt2555422/?ref_=sr_i_362
363. The Big Steal,1990,1h 39m,,6.9,1.7K,,"To impress a girl, a shy teenage boy buys a used Jaguar.",https://www.imdb.com/title/tt0099138/?ref_=sr_i_363
364. Tonight at Alice's,1990,2h 3m,,5.8,805,,"Saverio and Filippo are two friends and religious leaders of a travel agency in Rome. However, Filippo has trouble with his wife, because she finds out that he cheated on her with a comely girl named Alice.",https://www.imdb.com/title/tt0100683/?ref_=sr_i_364
365. Mondo Weirdo,1990,55m,,4.5,304,,"Young girl becomes Alice in dreamland during menstruation. Wild dreams and nightmares about sexuality, vampirism, death, obsessions and other bizarre things.",https://www.imdb.com/title/tt0290910/?ref_=sr_i_365
366. L'Autrichienne,1990,1h 38m,,6.1,138,,Last days of queen Marie Antoinette stunningly portrayed by a director who's clearly done a massive historical research. An accurate plot and a very moving rendering.,https://www.imdb.com/title/tt0096857/?ref_=sr_i_366
367. Naked Obsession,1990,1h 33m,R,4.9,365,,"A city councilman explores the seedy side of town to help him decide how to approach an urban renewal project. Being obviously not from the area, he is knocked out in the street and both his car and his wallet are stolen. A mysterious and charismatic transient helps him out and guides him into the sordid world surrounding a strip tease dive, and eventually he has an intense affair with one of the strippers. Then the stripper is murdered and he is implicated in the crime. Now, he must try to clear his name.",https://www.imdb.com/title/tt0102512/?ref_=sr_i_367
368. Naked Rage,1990,1h 28m,R,4.0,213,,"Gianni's career threatened when his wife Angela fakes assault. With lover Eva, they plan Angela's murder. Blackmailed by witness, Angela has loyal maid Rosy and a mysterious man around.",https://www.imdb.com/title/tt0099050/?ref_=sr_i_368
369. Mother,1990,1h 48m,,8.4,5.5K,,"How a mother acts in the hardest parts of her, and her children's lives.",https://www.imdb.com/title/tt0102369/?ref_=sr_i_369
370. A Gnome Named Gnorm,1990,1h 24m,PG,4.5,1.6K,,A Los Angeles police detective partners up with a talking gnome in order to bring down the head of a crime ring.,https://www.imdb.com/title/tt0109912/?ref_=sr_i_370
371. Qatil Jawani,1990,,,4.4,15,,"Widower Shamji lives a wealthy lifestyle in Southern India along with his son, Arun, and owns a private college named after his deceased wife, Nirmala. When Arun comes of age, he arranges his marriage with Singapore-based Archana, the daughter of his widower friend, Ketan Sharma. Arun and Archana meet and approve of each other, and shortly thereafter both get married. On the night of the marriage, their house gets broken into by an unknown male who wants to rob Archana's gold and jewelry. When Arun tries to stop him, a scuffle ensues, Arun gets stabbed and is killed. Archana dons the garb of a widow and Shamji permits her to run the college. Shortly thereafter four outstanding male students go missing one by one. Their overly anxious parents approach Archana, who in turn asks the local police for assistance. The question remains where are the four students, and how and why did they disappear?",https://www.imdb.com/title/tt1395140/?ref_=sr_i_371
372. Time Barbarians,1990,1h 36m,R,3.2,434,,A medieval warrior chases a bad guy to modern day Los Angeles to avenge the death of his wife.,https://www.imdb.com/title/tt0100788/?ref_=sr_i_372
373. Maniac Nurses find Ecstasy,1990,1h 15m,,2.8,1.3K,,"Bizzare, often perverse yarn about nurses in a metropolitan hospital who seduce then murder male patients.",https://www.imdb.com/title/tt0165870/?ref_=sr_i_373
374. Highway to Hell,1990,1h 30m,R,4.8,140,,"Mass-murderer Toby Gilmore escapes from prison, and the open desert becomes his playground. An officer sets out in pursuit, and the chase hurtles across backroads, each mile bringing them closer to a reckoning on the highway to hell.",https://www.imdb.com/title/tt0102036/?ref_=sr_i_374
375. Midnight Ride,1990,1h 33m,R,5.0,1.3K,,"A house wife just left her cop husband, when she picks up Justin Mckay she'll wish she never did as she's plunged into a nightmare and the grip of a psychotic killer.",https://www.imdb.com/title/tt0100148/?ref_=sr_i_375
376. Bullseye!,1990,1h 35m,PG-13,4.5,1.7K,,Two scientists working for UK and USA invent cold fusion. They decide to auction it off to foreign nations. Two look-alike crooks decide to steal their deposits but end working for CIA and MI5.,https://www.imdb.com/title/tt0101518/?ref_=sr_i_376
377. Grim Prairie Tales,1990,1h 26m,R,5.5,1.3K,,"Travelling across a prairie, a cynical Old West bounty hunter and a clerk try to top each other's ghost stories around the campfire.",https://www.imdb.com/title/tt0099704/?ref_=sr_i_377
378. The Rainbow Thief,1990,1h 27m,R,5.8,1.7K,,A petty crook in search of the clichéd pot of gold at the end of the rainbow hopes to cash in by befriending the heir to a huge fortune.,https://www.imdb.com/title/tt0100456/?ref_=sr_i_378
379. Watchers II,1990,1h 41m,R,4.6,1.6K,,"A fugitive Marine finds a genetically re-engineered dog psychically linked to a deadly monster created in a lab experiment gone awry. The man, the dog, and a lab assistant come together to stop the escaped monster's rampage.",https://www.imdb.com/title/tt0100904/?ref_=sr_i_379
380. Skinned Alive,1990,1h 17m,Not Rated,3.8,801,,This is the tale of a crazed family of weirdos led by Crawldaddy who like to kill people and remove their skin.,https://www.imdb.com/title/tt0098344/?ref_=sr_i_380
381. Strangers in Good Company,1990,1h 41m,PG,7.6,1.6K,,"A busload of women become stranded in an isolated part of the Canadian countryside. As they await rescue, they reflect on their lives.",https://www.imdb.com/title/tt0102993/?ref_=sr_i_381
382. Doctor Vampire,1990,1h 38m,,5.9,240,,"A surgeon visiting England accidentally enters a vampire den posing as a brothel. Seduced by a vampire, he returns home unaware of his vampirism. Pursued by the seductress under orders, complications arise when she falls for him.",https://www.imdb.com/title/tt0102157/?ref_=sr_i_382
383. Night Killer,1990,1h 33m,Not Rated,4.3,1.4K,,A surviving amnesiac victim of a serial killer is terrorized while the police works with a psychiatrist to bring him to justice and stop the crime wave.,https://www.imdb.com/title/tt0401696/?ref_=sr_i_383
384. New Wave,1990,1h 29m,,6.4,1.8K,,"Elena Torlato-Favrini, a headstrong Italian countess and business empire heiress, believes she surpasses any man, challenging societal norms and gender roles.",https://www.imdb.com/title/tt0100274/?ref_=sr_i_384
385. Jungle Ki Hasina,1990,,,8.2,44,,,https://www.imdb.com/title/tt3429798/?ref_=sr_i_385
386. Red Blooded American Girl,1990,1h 29m,R,3.9,527,,"A young woman is transformed into a vampire by a virus. The vampire doctor who's treating her hires a young scientist to find a cure. He and the girl fall for each other hard, but she, mad from hunger, escapes to wreak havoc on the city.",https://www.imdb.com/title/tt0100466/?ref_=sr_i_386
387. Destroying Angel,1990,1h 38m,,4.8,72,,"A bitter married couple are planning to divorce, but the husband decides he wants to get rid of his wife, so he hires a hitman. However, the wife also has the same planned for her hubby, while their daughter plots her own lethal intrigue.",https://www.imdb.com/title/tt0095006/?ref_=sr_i_387
388. All for the Winner,1990,1h 41m,,6.8,3.2K,,"A man discovers that his dumb, lovable nephew can see through objects and decides to unleash him into the world of gambling.",https://www.imdb.com/title/tt0104147/?ref_=sr_i_388
389. Magic Cop,1990,1h 27m,,6.8,1K,,A former cop rejoins the police department to investigate a drug ring that employs ghosts and vampires.,https://www.imdb.com/title/tt0098150/?ref_=sr_i_389
390. Tiger Cage II,1990,1h 35m,TV-14,6.9,1.6K,,"After being at the wrong place at the wrong time, an ex-cop and a female divorce lawyer become fugitives, and have to team up with a gangster to clear their names from being involved in a money laundering scheme led by a vicious lawyer.",https://www.imdb.com/title/tt0100967/?ref_=sr_i_390
391. Small White House,1990,1h 30m,,6.4,33,,"small white house is director Richard Newton's perspective on the love triangle between JFK, Jackie O., and Marilyn Monroe.",https://www.imdb.com/title/tt0435396/?ref_=sr_i_391
392. Sinners,1990,1h 27m,R,3.5,102,,"Love is in the air in a small Italian neighborhood of New York. But, is it safe to cheat on your wife, with your cousin, whose brother owns a shotgun and whose hobby is blowing up cars?",https://www.imdb.com/title/tt0297396/?ref_=sr_i_392
393. Sex et perestroïka,1990,1h 30m,,4.4,248,,Three young Soviet women encounter a French filmmaker who is planning the first erotic film since the October Revolution.,https://www.imdb.com/title/tt0164876/?ref_=sr_i_393
394. Peacemaker,1990,1h 40m,R,5.2,714,,"From a future time, two indestructible aliens, one with a mission to terminate the Earth, the other to survive. And our planet will become their battlefield.",https://www.imdb.com/title/tt0100343/?ref_=sr_i_394
395. Threesome Wild,1990,1h 29m,R,4.3,135,,An affair between a widow and a medical student stirs jealousy from her stepdaughter.,https://www.imdb.com/title/tt0100548/?ref_=sr_i_395
396. Demon Cop,1990,1h 21m,,2.3,370,,"A former probationary officer who is a patient at a mental asylum escapes and prowls the city, looking for victims whose blood may cure the blood disease he has that has turned him into a werewolf-type monster.",https://www.imdb.com/title/tt0229332/?ref_=sr_i_396
397. Masters of Menace,1990,1h 37m,PG-13,5.3,729,,"Bikers transport their dead stunt-performer friend cross-country for burial, joined by an uptight lawyer. Their rowdy behavior and beer drinking cause trouble with locals and law enforcement.",https://www.imdb.com/title/tt0100119/?ref_=sr_i_397
398. Jurm,1990,1h 43m,Not Rated,6.0,208,,"Police Inspector Shekhar Varma lives in Khar, Bombay, along with his wife, Meena, and a school-going daughter. His office is notified that Editor Ritesh Nandy has received death threats as he come across evidence that would expose some very influential people. Ritesh is assigned police protection, however, he gets killed. A stunningly beautiful woman, Geeta Sarabhai, comes forward as a witness to Ritesh's death, but is unable to identify the assailant. When she starts receiving death threats Shekhar and Inspector Pramod Kadam take turns to protect her. Shekhar and Geeta fall in love with each other, and Meena starts to suspect that Shekhar is having an affair. She gets him to admit this, and moves out to live with her dad. Then Pramod is grievously wounded while trying to protect Geeta and is hospitalized. Shekhar will soon find out that Ritesh's killing is closely linked to high-ranked police officials - and he will also find out that that no matter what he does, he will, leave alone Geeta, be unable to protect himself, Meena and his daughter.",https://www.imdb.com/title/tt0156659/?ref_=sr_i_398
399. Fertilize the Blaspheming Bombshell,1990,1h 30m,Not Rated,3.3,343,,"Sheila Caan is menaced by Satan worshipers on her journey from Brooklyn to Las Vegas. In an effort to find out what happened to her twin sister, she undergoes many treacherous journeys, a number of Satanist slayings, and a number of showers.",https://www.imdb.com/title/tt0099562/?ref_=sr_i_399
400. Anjali,1990,2h 30m,Not Rated,8.2,3.4K,,"After a few years, Chitra learns that her child, who was believed to be dead, is alive but is suffering from a mental illness. However, her family faces many challenges while looking after her child.",https://www.imdb.com/title/tt0099043/?ref_=sr_i_400
401. The Treasure,1990,1h 27m,PG,4.7,151,,"During the 100th birthday celebration of Emerald Cove, 12-year-olds Dave, Freddy and Jonathan stumble upon clues that raise some puzzling questions about the strange disappearance of the lighthouse keeper 30 years ago.",https://www.imdb.com/title/tt0100812/?ref_=sr_i_401
"402. Oh, Carmela!",1990,1h 42m,PG-13,7.1,3.7K,,"During the Spanish Civil War, a group of comics lightens the days of the Republican troops. Tired of life in the front lines, they make their way to Valencia, accidentally entering enemy land and falling prisoner.",https://www.imdb.com/title/tt0101025/?ref_=sr_i_402
403. Por tu maldito amor,1990,1h 36m,TV-PG,7.1,84,,"Un hombre huye de la justicia después de matar al esposo de su ex novia y encuentra trabajo en una hacienda. Eventualmente se enamora de dos hermanas, las dueñas del lugar, provocando una gran tragedia.",https://www.imdb.com/title/tt0258040/?ref_=sr_i_403
404. The Crossing,1990,1h 32m,,5.5,697,,"Sam returns home after a lengthy absence to find his girlfriend is having an affair with his best friend. The two friends then end up in a drunken race, where the question of who gets the girl will be decided at a train crossing.",https://www.imdb.com/title/tt0099323/?ref_=sr_i_404
405. Ben ming nian,1990,1h 47m,,7.3,642,,"A semi-literate who was deprived of schooling during the Cultural Revolution, Li Huiquan, is released from labor camp. But his attempts to make good are continually thwarted. His street stall selling clothes puts him on the fringe of the black market, and he soon gets lured back into his old neighbourhood gangs. His disenchanted comrades include a nightclub chanteuse as well as an escaped convict.",https://www.imdb.com/title/tt0123450/?ref_=sr_i_405
406. Prince of the Sun,1990,1h 24m,R,5.3,441,,Cynthia Rothrock helps to protect a Buddhist boy from villains who wish to stop him from becoming the Prince of the Sun.,https://www.imdb.com/title/tt0100410/?ref_=sr_i_406
407. Quest for the Mighty Sword,1990,1h 34m,PG-13,2.9,1K,,Once upon a time a god gave a mighty sword to the king of Aquiles to bring justice to his people. Now he wants it back - but the king would rather give his life than the sword.,https://www.imdb.com/title/tt0100448/?ref_=sr_i_407
408. Hired to Kill,1990,1h 36m,R,5.0,1.3K,,"A fashion photographer and seven models travel to a South American island fortress, ostensibly to do a fashion shoot. In reality, the photographer is a mercenary, and their job is to free an imprisoned rebel leader.",https://www.imdb.com/title/tt0102043/?ref_=sr_i_408
409. The Final Alliance,1990,1h 30m,R,4.4,429,,A drifter and his pet Puma stands up against a motorcycle gang in a small American town.,https://www.imdb.com/title/tt0099572/?ref_=sr_i_409
410. Biology,1990,1h 31m,,5.2,87,,"Ulla is a sensitive and principled 10th-grader in a small East German town. When Winfried falls in love with her, he adopts her passion for protecting the environment. Ulla tries to stop illegal trout farm and gets her classmates involved.",https://www.imdb.com/title/tt0099140/?ref_=sr_i_410
411. Korczak,1990,1h 58m,Unrated,7.4,1.9K,,The last days of life of the legendary Polish pedagogue Dr. Janusz Korczak and his heroic dedication to protecting Jewish orphans in the Warsaw Ghetto.,https://www.imdb.com/title/tt0099949/?ref_=sr_i_411
412. Dead Girls,1990,1h 46m,,4.4,451,,"A female band, who are exponents of ""death rock"", retreat to a cabin for the weekend. They soon find themselves being knocked off by a masked killer who uses weapons they have mentioned in their songs.",https://www.imdb.com/title/tt0182958/?ref_=sr_i_412
413. The Voice of the Moon,1990,2h 6m,Not Rated,6.3,3.7K,,"The amusing and entertaining adventures of a recently released mental patient and his band of misfits, who discover conspiracies to participate in while looking for love.",https://www.imdb.com/title/tt0098606/?ref_=sr_i_413
414. Echoes From a Somber Empire,1990,1h 31m,,7.1,917,,Documentary examining Bokassa's rule in the Central African Republic using the testimony of witnesses and visits to key sites.,https://www.imdb.com/title/tt0162941/?ref_=sr_i_414
415. The Giant of Thunder Mountain,1990,1h 34m,PG,6.1,399,,A reclusive giant who lives on Thunder Mountain is falsely accused and pursued by people of a small western frontier town for kidnapping three children of the town.,https://www.imdb.com/title/tt0101951/?ref_=sr_i_415
416. Tum Mere Ho,1990,2h 9m,,3.9,1.1K,,Shiva is blessed with magical powers of charming snakes. He falls head-over-heels in love with Paro.,https://www.imdb.com/title/tt0173369/?ref_=sr_i_416
417. Denial,1990,1h 43m,R,4.8,347,,"Michael and Sara end their turbulent love affair to avoid destruction, with Michael calling Sara his 'sickness'. Sara, or Loon, as her friends call her, tries to start anew and move on from the troubled relationship.",https://www.imdb.com/title/tt0101707/?ref_=sr_i_417
418. Syngenor,1990,1h 38m,R,4.3,922,,"A scientist engineers a group of genetically engineered creatures for use as ""supersoldiers"" to fight U.S. wars in the Middle East, but things get ugly when the creatures malfunction and turn on their creators.",https://www.imdb.com/title/tt0100728/?ref_=sr_i_418
419. BlackJack,1990,1h 51m,,5.8,2.1K,,"Kaj, Lennart and Robert are 30-somethings who goes out to dance every weekend. At one dance they meet Inger, whom Kaj falls in love with. Kaj has some friends who are playing in a band. The drummer Tommy is known for being the local Casanova, seducing women when ever he gets the chance. It doesn't take him long to have an affair with Inger, behind Kaj's back.",https://www.imdb.com/title/tt0099142/?ref_=sr_i_419
420. Archangel,1990,1h 18m,Not Rated,6.3,1.9K,68,"An amnesiac soldier, seeking his lost love, arrives in Archangel in northern Russia to help the townsfolk in their fight against the Bolsheviks, all quite unaware that the Great War ended three months ago.",https://www.imdb.com/title/tt0099053/?ref_=sr_i_420
421. Kamillions,1990,1h 30m,,5.0,195,,"Nathaniel Pickman Wingate has opened a gateway to another dimension using equations and equipment in his basement laboratory. His wife, Nancy, wants him to get ready for his own birthday party. He wants his son Sam to help him. Sam is up in his room looking at pictures of Jasmine on his computer, and a poster of her arrives which he puts in his closet. Although it is Nathan's birthday, the family is enthralled by a visit from Cousin Desmon, who is now a count in Liechtenstein. While Sam is away getting equipment for his father with his friend Alex, his father gets sucked into the other dimension, and a creature from the parallel universe escapes, pursued by another. The first temporarily traps the second with its spit, attacks Desmon, and becomes a duplicate, absorbing his thoughts from the unconscious body. The other manages to get free, and unable to find a human to mimic, finds the poster of Jasmine, and becomes her. Sam soon finds her, and becomes his new girlfriend, but she has to find the false Desmon and take him back to their dimension to keep him from harming himself or Sam's family. Sam's sister Linda (""Lindy"") is obsessed with talking on the phone, and can neither spell ""Desmon"" (she spells it ""Dezmon"") or Chameleon (she spells it ""Kamillion"", hence the title), what Nathan called the creatures on his tape recorder. The false Desmon drives away Emma the French maid, and plays childish, seemingly deadly pranks on the rest of the family: Angelica, a slut who owns half the house, Larry, a minister, supposedly born again, but badly sinning, and Floyd, a mechanic. Both chameleons try to figure out the ways of the new dimension, while Desmon finds new ways to make mischief, but I can't give away why. Meanwhile, everyone is operating on Nathan's belief that after the four hours of coolant runs out, half the planet will be blown away.",https://www.imdb.com/title/tt0102185/?ref_=sr_i_421
422. First Rank,1990,2h 30m,,4.5,1.3K,,The DGP of Police discovers a terrorist plot hatched by a sacked cricketer to blow up the stadium where an important cricket match is in progress.,https://www.imdb.com/title/tt0154183/?ref_=sr_i_422
423. Thodasa Roomani Ho Jaayen,1990,2h 40m,,7.4,243,,"A poetic blend of Dreams and Reality, a story of ordinary people and that what is extra-ordinary in them.",https://www.imdb.com/title/tt0250043/?ref_=sr_i_423
424. Bandh Darwaza,1990,2h 25m,Unrated,5.5,484,,"A wealthy male banishes a demon, but years later his very own daughter resurrects it.",https://www.imdb.com/title/tt0259877/?ref_=sr_i_424
425. Dead Men Don't Die,1990,1h 34m,PG-13,4.3,350,,"A reporter investigating a drug dealing ring is murdered. Brought back to life by the voodoo spell of a cleaning woman, he goes after his killers.",https://www.imdb.com/title/tt0099374/?ref_=sr_i_425
426. Far Out Man,1990,1h 21m,R,4.9,1.4K,,An aging hippie sets out on a trip across America to find his family.,https://www.imdb.com/title/tt0099546/?ref_=sr_i_426
427. Sheela Meri Jaan,1990,,,5.8,16,,,https://www.imdb.com/title/tt2882200/?ref_=sr_i_427
428. Homework,1990,1h 24m,Unrated,6.3,882,,Virginia is taking a class at film school and has chosen her solo project for the class. She will secretly film herself and her ex-husband Marcelo with a hidden camera while the two make love.,https://www.imdb.com/title/tt0100746/?ref_=sr_i_428
429. Hamoun,1990,2h,Not Rated,7.8,7.8K,,"Hamoon's wife is leaving him. He is also unsuccessfully trying to finish his Ph. D. thesis. He is forced to reexamine his life. In a series of flashbacks and dreams, Hamoon tries to figure out what he did wrong.",https://www.imdb.com/title/tt0099729/?ref_=sr_i_429
430. Mi venganza,1990,1h 30m,,4.5,13,,,https://www.imdb.com/title/tt0319857/?ref_=sr_i_430
431. Soultaker,1990,1h 34m,R,2.5,4K,,"Four teenagers are killed in a car accident. Two of the teenagers refuse to go with ""The Grim Reaper"" and a race between life and death ensues!",https://www.imdb.com/title/tt0100665/?ref_=sr_i_431
432. Zipang,1990,2h 4m,,6.0,339,,"Jigoku is a samurai outlaw who is on the run with his motley bunch of followers. There's a bounty on his head with a cute female bounty hunter named Yuri The Pistol who's an ace gunslinger hot on his tail. He immediately falls for the woman due to her gutsy spirit. Jigoku is shown a map that can lead to some treasure. Dodging many booby-traps, he comes across a golden sword in a cave which is stuck in a rock. After managing to free the sword, he finds out that it is the key to reaching Zipang - a mythical City Of Gold which is full of untold riches and ruled by a Golden King. He keeps a woman all locked up in an ice prison as he despises love. The woman's lover (a near naked man who looks like a Samoan warrior) who was locked away with the sword that Jigoku has taken is released and he goes after Jigoku as well. Adding to Jigoku's woes is a Lord who orders his blue ninja army to pursue and steal the golden sword away from him. After finally arriving in Zipang, will Jigoku be able to defeat the evil Golden King?",https://www.imdb.com/title/tt0104559/?ref_=sr_i_432
"433. Good Evening, Mr. Wallenberg",1990,1h 55m,Not Rated,6.4,1.2K,,A story of how a Swedish diplomat saved thousands of Hungarian Jews during the final months of World War II.,https://www.imdb.com/title/tt0099673/?ref_=sr_i_433
434. The Unforgettable Director of Love Movies,1990,1h 46m,,7.6,4.9K,,"Hasmet, director of love stories, wants to make a film with a ""social content"". With great difficulties he finally succeeds, but the response is not the one he hoped for.",https://www.imdb.com/title/tt0263074/?ref_=sr_i_434
435. Eminent Domain,1990,1h 46m,PG-13,5.9,645,,"A high-ranking Polish politburo member is banished from the party, and must find out why. Set in 1979 Poland before the Solidarity events.",https://www.imdb.com/title/tt0101809/?ref_=sr_i_435
"436. Good Girl, Bad Girl",1990,1h 24m,R,5.9,47,,"A writer needs funds to make a film based on her screenplay. She will stop at nothing to get the bucks including dancing at a nude bar, stealing cash and hijacking snakes.",https://www.imdb.com/title/tt0099681/?ref_=sr_i_436
437. Dhadakebaaz,1990,2h 18m,,7.7,394,,"Lakshya finds a bottle, which has Gangaram trapped in it who is his lookalike. He promises to make everything possible with the sand in the bottle, but once the sand is over he will be free to go.",https://www.imdb.com/title/tt0233562/?ref_=sr_i_437
438. Last Call,1990,1h 30m,R,3.7,442,,"After a business deal with the mob goes down in flames, a realtor enlists his sexpot girlfriend to help him get revenge.",https://www.imdb.com/title/tt0099982/?ref_=sr_i_438
"439. No Fear, No Die",1990,1h 30m,Not Rated,6.6,1.5K,,"Dah and Jocelyn come from Benin, Africa, to coach their rooster, ""S'en fout la mort"", for an illicit cock-fight in the basement of a restaurant.",https://www.imdb.com/title/tt0100536/?ref_=sr_i_439
440. Gaspard et Robinson,1990,1h 33m,,6.5,175,,"Two underdogs, Gaspard and Robinson, welcome an old woman, Mamie, whose family has left on the roadside.",https://www.imdb.com/title/tt0099635/?ref_=sr_i_440
441. Click: The Calendar Girl Killer,1990,1h 27m,Unrated,3.2,456,,Click: The Calendar Girl Killer is a thriller that probes the inner sanctum of the mind of a psychotic killer as he uses the world of big fashion photography for his sadistic playground.,https://www.imdb.com/title/tt0099278/?ref_=sr_i_441
442. Disturbed,1990,1h 36m,R,5.1,773,,"10 years ago the perverse Dr. Russell couldn't resist the beauty of a young patient in his mental clinic and raped her one night. When she plunged herself from the roof shortly after, he described it as consequence of her heavy depressions. Now the same urge overcomes him with his new patient Sandy. He doesn't know that she's the daughter of his previous victim and that she's come for revenge.",https://www.imdb.com/title/tt0099441/?ref_=sr_i_442
443. Ek Doctor Ki Maut,1990,2h 2m,Not Rated,8.3,1.8K,,"A medical breakthrough against leprosy catapults an unknown doctor to fame, igniting a firestorm of institutional betrayal. Powerful rivals manipulate the system to silence him and steal credit for his life's work.",https://www.imdb.com/title/tt0345177/?ref_=sr_i_443
444. Back to Back,1990,1h 35m,R,4.2,166,,"Modern day western about two very different brothers, who join forces to clear their family name, from the shadow of their dead brother's blame for a bloody unsolved robbery.",https://www.imdb.com/title/tt0099086/?ref_=sr_i_444
445. Love Hurts,1990,1h 46m,R,5.4,454,,The story of Paul Weaver and his strained relationships with women and his family.,https://www.imdb.com/title/tt0102341/?ref_=sr_i_445
446. Dr. M,1990,1h 56m,R,4.9,577,,"Investigating a series of suicides, police detective reveals a sinister plot.",https://www.imdb.com/title/tt0099445/?ref_=sr_i_446
447. The Disenchanted,1990,1h 18m,TV-MA,6.1,577,,"Beth, a teenager in the midst of a painful moral education, is put in the unenviable position of holding her family together and debasing herself at the suggestion of both her scornful bedridden mother and her no-good boyfriend.",https://www.imdb.com/title/tt0099406/?ref_=sr_i_447
448. The Voyage of Captain Fracassa,1990,2h 12m,,7.2,1.4K,,"En route to Paris, a group gets lost during a storm and seeks refuge in a castle owned by a ruined nobleman, who wants to join the group's trek to Paris.",https://www.imdb.com/title/tt0103203/?ref_=sr_i_448
449. Ee Thanutha Veluppan Kalathu,1990,2h 20m,,7.4,632,,"When a series of murders of prominent people remain a mystery, Hariharan is assigned to capture the culprit. His investigations lead to a spiritual guru who is highly revered in society.",https://www.imdb.com/title/tt0271481/?ref_=sr_i_449
450. Hollywood Boulevard II,1990,1h 22m,R,4.9,152,,A studio finds itself in the middle of a bizarre murder mystery when an exploding teddy bear kills the latest star. Soon more actresses get violently eliminated as the desperate search for the killer begins.,https://www.imdb.com/title/tt0097516/?ref_=sr_i_450
451. Sher Dil,1990,2h 47m,,5.3,55,,"Separated from his family, consisting of his dad, Ramkumar; mom, Mayadevi, and brother, Sanjay, Allahabad-based Prakash Saxena takes to a life of crime, calls himself Shera, but continues to search for them. He subsequently finds out that the person who knows their whereabouts is a Bombay-based male by the name of Shobhraj. He re-locates to Bombay, and this is where circumstances may force him to abandon his quest, for he will not only be arrested and held in prison, but also inadvertently jeopardize the lives of his family.",https://www.imdb.com/title/tt0359967/?ref_=sr_i_451
452. Ghostly Vixen,1990,1h 39m,,5.3,88,,"Evil ghost needs to collect the blood of 100 virgin boys to gain eternal life, and she's up to 98.",https://www.imdb.com/title/tt0100779/?ref_=sr_i_452
453. Megaville,1990,1h 35m,R,3.8,344,,"A sci-fi fantasy about a world where it is illegal to enjoy any kind of media except in a place called Megaville. After catching a brutal killer named Jenson, the media police send an agent, Palinov, to infiltrate Jenson's circle of criminals in Megaville because Palinov bears a striking resemblance to Jenson. Palinov, however, begins to suffer intense headaches and has visions of the killings. His mission becomes even more confusing when the president of Megaville is assassinated and the media police seem more interested in doing business with the criminals than catching them.",https://www.imdb.com/title/tt0100130/?ref_=sr_i_453
454. Backstreet Dreams,1990,1h 36m,R,4.8,331,,"Petty criminal Dean struggles to raise his autistic son alone, and his life appears to be going off-track until psychologist Stevie arrives to help them both.",https://www.imdb.com/title/tt0099090/?ref_=sr_i_454
455. Heaven and Earth,1990,2h 5m,PG-13,6.8,1.2K,,"In 16th century Japan, two samurai engage in massive battles across the countryside, one attempting to conquer and the other attempting to defend his land while repressing his love for a woman after taking a vow of celibacy.",https://www.imdb.com/title/tt0099753/?ref_=sr_i_455
456. Baaghi: A Rebel for Love,1990,2h 37m,,5.9,2.1K,,"A saga of love as a man turns rebellious and goes against his family and society to protect his love, a prostitute from evil.",https://www.imdb.com/title/tt0099080/?ref_=sr_i_456
457. War of the Birds,1990,1h 8m,Not Rated,7.1,999,,"An owl, two sparrows, a dove and a pair of would-be aviator mice join forces to fight against an evil bird of prey who threatens the peace in their lovely forest.",https://www.imdb.com/title/tt0101927/?ref_=sr_i_457
458. Still Life: The Fine Art of Murder,1990,1h 23m,PG-13,4.5,124,,"The alleys of downtown Manhattan become a modern killing field when corpses begin turning up, disfigured and gruesomely posed to appear as pieces of art. In the frightening climate of the ""Art Killer"", Peter Sherwood, a struggling musician, is hired to compose for a patron of the arts, and thinks his dreams are coming true. But as the body count continues to rise, the clues surrounding the murders oddly begin to lead police closer and closer to Peter and his new job. Suddenly, all eyes are on Peter and he must scramble to find the real killer - before he becomes his next masterpiece.",https://www.imdb.com/title/tt0096177/?ref_=sr_i_458
459. Undeclared War,1990,1h 47m,R,6.2,507,,A Hong Kong Special Branch cop and a CIA agent reluctantly team up to bring down a major international terrorist.,https://www.imdb.com/title/tt0100595/?ref_=sr_i_459
460. Little Vegas,1990,1h 31m,R,4.5,158,,"A cast of misfits, refugees from checkered pasts, alcoholic binges and unrequited loves, each seek something different from this scorched wasteland and each other.",https://www.imdb.com/title/tt0100036/?ref_=sr_i_460
461. The Sting of Death,1990,1h 54m,,6.8,549,,"Period drama set in the 1950's about a couple isolating themselves from the outside world as they attempt to salvage their faltering marriage, no matter what the costs, after the husband has an affair.",https://www.imdb.com/title/tt0131012/?ref_=sr_i_461
462. Rodrigo D: No futuro,1990,1h 33m,,6.9,1.3K,,"Rodrigo and his friends are bored teenagers living in Medellin. Rodrigo wants to start a punk band. The youths mainly loaf around the hillside shanty towns and, for kicks, steal a bike or car, or shoot someone.",https://www.imdb.com/title/tt0100508/?ref_=sr_i_462
463. Bad Boy,1990,1h 57m,,6.3,41,,"The film revolves around Bumbo who is known as the ""bad boy"" for killing his father while trying to protect his mother, as a young boy.",https://www.imdb.com/title/tt0440074/?ref_=sr_i_463
464. Desire,1990,1h 34m,R,4.2,166,,"Jessica Hamilton goes to Venice for a piano competition, but she's running a little late. On arrival in Venice, she finds that she has no room reservation and that she has been taken out of the competition.",https://www.imdb.com/title/tt0099407/?ref_=sr_i_464
465. Electra,1990,1h 36m,Not Rated,2.8,147,,"Born with the beauty of the gods, Electra's lust for sexual gratification is exceeded only by her lust for vengeance. Enter a world of forbidden family love, betrayal and murder.",https://www.imdb.com/title/tt0218956/?ref_=sr_i_465
"466. Violaciones, casos de la vida real",1990,1h 28m,,4.8,19,,,https://www.imdb.com/title/tt0224352/?ref_=sr_i_466
467. Hollywood Hot Tubs 2: Educating Crystal,1990,1h 40m,R,3.5,224,,A rich sheik tries to steal hot tub business by marrying the owner. Her daughter and others foil the plot.,https://www.imdb.com/title/tt0099783/?ref_=sr_i_467
468. The Color of Evening,1990,1h 30m,PG,5.4,201,,An aging artist (Martin Landau) seeks his muse and a young lover in the form of a beautiful model.,https://www.imdb.com/title/tt0139124/?ref_=sr_i_468
469. Shanghai Shanghai,1990,1h 28m,,6.2,231,,"Little Tiger (Yuen Biao) leaves his hometown and goes to Shanghai staying with his elder brother, Big Tiger (George Lam), who is a police officer. However, he accidentally gets involved in robbing the National Salvation Funds.",https://www.imdb.com/title/tt0100071/?ref_=sr_i_469
470. Gypsy Angels,1990,1h 32m,R,3.9,101,,Vanna White is a stripper who falls for a stunt pilot who develops amnesia after a crash.,https://www.imdb.com/title/tt0109966/?ref_=sr_i_470
471. Chains of Gold,1990,1h 35m,R,5.2,1.1K,,"A Miami social worker, Scott, helps a fatherless boy. When the boy goes missing, Scott looks for him everywhere, incl. in a crack dealing gang.",https://www.imdb.com/title/tt0101560/?ref_=sr_i_471
472. An American Summer,1990,1h 40m,PG-13,5.5,314,,"Divorcing Chicago parents send their only son to live with his aunt in Los Angeles for the summer, where he befriends a local, learns to surf, gets a girlfriend, and witnesses a murder.",https://www.imdb.com/title/tt0101328/?ref_=sr_i_472
473. La camioneta gris,1990,1h 30m,,7.4,43,,"Youngest of the Pedro family, all incorruptible policemen, is corrupted by the cartel, lured by Inés, cartel boss's sister. Addicted, delivering drugs in a gray van, with his father in pursuit.",https://www.imdb.com/title/tt0319137/?ref_=sr_i_473
474. Louvre City,1990,1h 24m,TV-PG,7.1,220,,"A voyage into the museum's reserves, and part of the extra work involved to mount the expositions after the renovation of the Louvre in the 1980s, when the glass pyramid was added to the classic buildings. From the preservation rooms through the frame and painting retouches by experts, to the personnel instruction on how to be efficient in protecting the collections, and look nice to the visitors.",https://www.imdb.com/title/tt0100872/?ref_=sr_i_474
475. Dancin' Thru the Dark,1990,1h 31m,,6.8,501,,"Linda's bachelorette party and fiancé's bachelor party coincide at a club where her ex-boyfriend Peter is performing. Faced with doubts, Linda must choose between marrying her fiancé or rekindling her love with Peter.",https://www.imdb.com/title/tt0099349/?ref_=sr_i_475
476. Love or Money,1990,1h 30m,PG-13,4.5,153,,Two young owners of a firm are about to make an important contract with a big company which will help them save their business from ruin. But they get scruples when they have to decide between love and money.,https://www.imdb.com/title/tt0100067/?ref_=sr_i_476
"477. I, the Worst of All",1990,1h 45m,R,7.1,788,,"A 17th-century Mexican nun defies expectations, becoming a renowned intellectual and writer during the Spanish Inquisition. Her progressive ideas attract unwanted attention, forcing her to seek protection from an influential ally.",https://www.imdb.com/title/tt0100990/?ref_=sr_i_477
478. Retorno a Aztlán,1990,1h 35m,,7.1,132,,"A very hard drought devastates an ancient Mexican empire. Warriors and priests fight for power while people are dying. A group of priests return to Aztlan, the mythological place where Mexican culture was born, to pray to the goddess Coatlicue and stop the drought.",https://www.imdb.com/title/tt0102779/?ref_=sr_i_478
479. Wings of Fame,1990,1h 49m,R,6.8,1.2K,,"A famous movie actor (Peter O'Toole) claims that he has written a book. As result, a real author, not a very well known writer, vengenfully kills him but then dies as a result of an accident. Next, they both find themselves in after-life, where souls of all famous people are gathered.",https://www.imdb.com/title/tt0098658/?ref_=sr_i_479
480. Modern Love,1990,1h 49m,R,5.1,324,,"Modern marriage is examined in this comedy drama about Greg, an anxious guy who must deal with the pressures and responsibilities of marriage, pregnancy, fatherhood and family life in general.",https://www.imdb.com/title/tt0100171/?ref_=sr_i_480
481. Thazhvaram,1990,2h 10m,Not Rated,8.2,947,,Balan and Raju's friendly relationship turns into rivalry when Raju murders his wife and robs his hard-earned money. Balan decides to take revenge on Raju.,https://www.imdb.com/title/tt0156130/?ref_=sr_i_481
482. Whispers,1990,1h 40m,R,4.5,758,,"A woman is stalked by a psychopathic killer. She eventually kills him, only for the man to show up again, this time sane and without any knowledge of the attacks. The police don't believe her, but one detective agrees to look into it.",https://www.imdb.com/title/tt0100926/?ref_=sr_i_482
483. Payback,1990,1h 34m,R,5.1,124,,An escaped con goes after a drug-dealing killer.,https://www.imdb.com/title/tt0100342/?ref_=sr_i_483
484. Porno,1990,1h 18m,,5.5,636,,"Man in bed reflects on empty sexual encounters, realizing the mutual desperation for physical release left him unfulfilled and despondent.",https://www.imdb.com/title/tt0100388/?ref_=sr_i_484
485. Omega Cop,1990,1h 27m,R,2.9,749,,"In the future, a cop goes after a gang of slave traders.",https://www.imdb.com/title/tt0100291/?ref_=sr_i_485
486. Cold Light of Day,1990,1h 19m,,5.4,488,,Fictionalized account based on the actions of serial killer Dennis Nilsen.,https://www.imdb.com/title/tt0356476/?ref_=sr_i_486
487. Mathilukal,1990,2h,,8.2,1.8K,,"Its a story of Basheer, an author who experiences his prison life. In it he finds friendship, loneliness, fear and finally love, but that remains questionable.",https://www.imdb.com/title/tt0097851/?ref_=sr_i_487
"488. No, or the Vain Glory of Command",1990,1h 50m,,7.2,1.1K,,"Episodes from entire military history of Portugal are told through flashbacks as a professorish soldier recounts them while marching through a Portuguese African colony in 1973. He easily draws his comrades into philosophical musings, and the little contingent suffers badly at the hands of the local military opposition.",https://www.imdb.com/title/tt0100269/?ref_=sr_i_488
489. Future Zone,1990,1h 22m,R,3.4,913,,Sequel to 'Future Force' has John Tucker's son traveling back in time 30 years to save his father from being killed by thugs he is currently pursuing back in 1990.,https://www.imdb.com/title/tt0099625/?ref_=sr_i_489
490. Haatim Tai,1990,2h 5m,,5.9,573,,"Hatim Tai is the legendary chief of a small district. He is Known for his generosity, wisdom and courage. Hatim learns that one of the local girls in his town has a curse put on her - whomever marries her, the husband will die. In order to break this curse, Hatim agrees to take part in 7 quests. All 7 quest are dangerous but have a moral. If he completes all 7 then he will also release the fairy who has turned into a stone. Hatim and his friend (Satish Shah) embark on a fun but dangerous quest to break the curse once and for all.",https://www.imdb.com/title/tt0242509/?ref_=sr_i_490
491. Skinny Tiger and Fatty Dragon,1990,1h 45m,Not Rated,6.6,873,,A balding detective and his rotund partner go up against a triad crime syndicate.,https://www.imdb.com/title/tt0100605/?ref_=sr_i_491
492. Down the Drain,1990,1h 45m,R,4.1,269,,A crooked lawyer brings together some of the clients he's gotten off and schemes to rob a bank vault. After the robbery he discovers that he's stolen a top-secret microchip that foreign powers will stop at nothing to get.,https://www.imdb.com/title/tt0099459/?ref_=sr_i_492
"493. Feuer, Eis & Dynamit",1990,1h 46m,PG,3.9,1.2K,,A tycoon's children and creditors compete for his money in an athletic contest.,https://www.imdb.com/title/tt0099564/?ref_=sr_i_493
494. The World in Another Dimension,1990,1h 19m,,5.8,47,,A delinquent boy of about fifteen years is sent to a reformatory and there finds himself in more trouble than he was in the outside world. Can he endure the frequent bullying that occurs at his new home?,https://www.imdb.com/title/tt2146586/?ref_=sr_i_494
495. Dead Sleep,1990,1h 26m,R,4.8,392,,Young nurse investigates suspicious deaths in a psychiatric ward.,https://www.imdb.com/title/tt0099376/?ref_=sr_i_495
496. Kaboria,1990,1h 50m,,5.6,368,,"Hassan Hodhod is a poor boxer who dreams of championships and glory. He coincidentally participates in a match in the palace of a wealthy man. The audience admires him, obtains a large financial return, and moves on to life in the palace.",https://www.imdb.com/title/tt7301414/?ref_=sr_i_496
497. Central Park,1990,2h 56m,,7.5,284,,Frederick Wiseman chronicles everything and everyone that appears in the world's most famed park.,https://www.imdb.com/title/tt0097033/?ref_=sr_i_497
498. Shiva,1990,2h 42m,,7.5,249,,"Shiva, a fresher at VAC College, is forced to stand up against the students' union president and a group of gangsters who have made the college environment increasingly violent.",https://www.imdb.com/title/tt14984074/?ref_=sr_i_498
499. Voodoo Dawn,1990,1h 24m,R,3.5,298,,A group of immigrant Haitian farm workers fight off an evil Haitian voodoo priest who wants to kill them and use their body parts to make up a zombie army.,https://www.imdb.com/title/tt0100888/?ref_=sr_i_499
500. Lethal Panther,1990,1h 30m,Unrated,5.5,366,,"In a war for gang supremacy, two beautiful female assassins are given the ultimate target - each other.",https://www.imdb.com/title/tt0099378/?ref_=sr_i_500
501. High Finance Woman,1990,1h 40m,,4.2,176,,An unscrupulous female stockbroker who uses her feminine wiles to get valuable information lands in hot water when she has an affair with a father and his son.,https://www.imdb.com/title/tt0097505/?ref_=sr_i_501
502. Ragazzi fuori,1990,1h 50m,,6.9,708,,"Young men with no future have little in the present as well. Natale is released from prison: he takes up with his friends again but none can find work. Claudio, from Palermo, gets out of juvenile detention in Naples and he's met by Vita, a girl who's come from home to run away with him. Where can they go? A young dad, whose potato stall at the market is shut down because he has no permit, takes his two small children to the beach and yells at them. Mario, gay, a prostitute in drag, gets a visit from his mom; he offers tea, then finds the water to his apartment is shut off. Social workers drop by, parole officers file reports. What hope is there? What options besides crime?",https://www.imdb.com/title/tt0100454/?ref_=sr_i_502
503. A Matter of Degrees,1990,1h 28m,R,5.2,137,,"A college student living in a commune decides that he doesn't want to go on to law school. When a corporation takes over the campus radio station, he decides to disrupt the graduation ceremonies.",https://www.imdb.com/title/tt0100122/?ref_=sr_i_503
504. 12 Hours of Terror,1990,1h 34m,Not Rated,6.5,639,,"The Red Army aims to assassinate the Daka Lama in Singapore. Ling May, with a rare blood type, encounters them. Terrorists strike. Authorities seek a donor match as Ling's boyfriend and a conman intervene, racing against time.",https://www.imdb.com/title/tt0099888/?ref_=sr_i_504
505. Mirage,1990,1h 25m,,5.1,511,,"A smiling, sadistic and seemingly demonic young killer in black, who drives a black pick up truck, is hunting three young couples who came to the desert to drink, party and have sex.",https://www.imdb.com/title/tt0121556/?ref_=sr_i_505
506. The Little Gangster,1990,1h 40m,Not Rated,6.7,566,,Marc and Nathalie are brother and sister living separately since their parents' separation. Marc decides to visit Nathalie but in order to finance his trip he robs a shop bringing him to the attention of the police.,https://www.imdb.com/title/tt0100357/?ref_=sr_i_506
507. Lekin...,1990,2h 51m,,7.7,474,,"Samir Niyogi lives in India and is assigned by the Government to travel to Rajasthan, evaluate a princely castle that once belonged to Raja Param Singh, take stock of all items, the condition of the building, and report back to the Government. Enroute to his destination by train, he permits a woman to enter his compartment, goes to sleep, and when he awakens finds her gone. A few days later, when he goes to the castle, he finds the very same woman cooking within the premises. When both enter the castle, he finds himself back in time and witnesses a scene that happened eons ago. When he recovers, he finds himself alone, and locked in. He breaks out and narrates this incident to his friend and local Collector, Shafi and his wife, Sharda. He does meet the woman again in the dead of night, and after showing him the way, she disappears. Then Sharda asks Samir to wear a amulet at all times as it will protect from evil spirits. He does meet the woman again, this time in the middle of the desert, and is not heard of for two days. When Shafi orders the castle to be searched, a dungeon in particular, is where they find Samir in a state of near-death. How did Samir end up in a dungeon that has been sealed for hundreds of years, and what exactly is the mystery behind the woman, who Samir now calls Rewa?",https://www.imdb.com/title/tt0100002/?ref_=sr_i_507
508. Police Public,1990,2h 7m,,6.6,201,,"After several inspectors are unable to find the truth behind the murder of a woman, Jagmohan, an honest CBI officer, is assigned the case.",https://www.imdb.com/title/tt0100384/?ref_=sr_i_508
509. La risa en vacaciones,1990,1h 30m,Not Rated,4.8,221,,Comedians play pranks on unsuspecting people vacationing at the beach.,https://www.imdb.com/title/tt0270610/?ref_=sr_i_509
510. Macken - Roy's & Roger's Bilservice,1990,1h 32m,,6.0,1.3K,,"Roy and Roger decide to close their gasstation for the summer, to try to find where, what and how their lost father is. Roger also falls in love and much more.",https://www.imdb.com/title/tt0100083/?ref_=sr_i_510
511. Ee Kannikoodi,1990,2h 18m,Not Rated,7.4,323,,Investigation story of a prostitutes murder and path leading to it.,https://www.imdb.com/title/tt0214657/?ref_=sr_i_511
512. Dr. Petiot,1990,1h 42m,,6.7,929,,"Based on the real life of Dr. Marcel Petiot: During world war II Petiot, an MD living in occupied Paris, promised to help wealthy Jewish people among his patients to flee occupied France for Spain. Instead, he drugged them and burnt their bodies in his home, while stealing their valuables. After the Liberation of France, he was condemned to death.",https://www.imdb.com/title/tt0099446/?ref_=sr_i_512
513. Caesium 137: The Death Shine,1990,1h 55m,,6.5,234,,"The story behind one of the worst radiological disasters to ever happen in Brazil, in 1987.",https://www.imdb.com/title/tt0259956/?ref_=sr_i_513
514. Crossing the Line,1990,1h 34m,R,5.0,156,,"A rich kid with a fondness for fast bikes, is blamed after a motorcycle accident puts his best friend in a coma.",https://www.imdb.com/title/tt0097129/?ref_=sr_i_514
515. Tiger on the Beat 2,1990,1h 34m,,5.9,237,,"Captain Lam is a cop approaching 40, wants to achieve something memorable before his retirement.",https://www.imdb.com/title/tt0099975/?ref_=sr_i_515
516. The Inspector Wears Skirts III,1990,1h 36m,,5.3,175,,"Now married to Madam Wu who has quit the force, Inspector Kan regroups SKIRTS and begins preparing them for a new undercover mission aboard a floating casino.",https://www.imdb.com/title/tt0099808/?ref_=sr_i_516
517. Ghar Ho To Aisa,1990,2h 35m,Not Rated,6.0,537,,"The Kumar family consists of Ramprasad, his wife, Durga; their married son, Vijay, his wife, Sharda, their daughter, Pinky; a married daughter who lives with them, Kanchan, her husband, Bajrangi, and a son; an unmarried and unemployed son, Amar. Save for Bajrangi and Amar everyone else likes to bully and abuse Sharda and make her do all the house-work, especially Kanchan and Durga who don't even need an excuse to beat, slap her, and even burn her arm in scalding hot water. Amar finds a job with Dwarkaprasad, and falls in love with his daughter, Seema. One day Amar has to be go to Delhi, and four days later when he returns home he finds that Sharda and Pinky are missing, and Sharda's mom, Devki, is dead. He frantically searches for them and comes across their dead bodies. The question remains how did Devki die, and how were Sharda and Pinky killed?",https://www.imdb.com/title/tt0099651/?ref_=sr_i_517
518. The Revenger,1990,1h 27m,R,5.1,310,,"Mike Teller, with the help of Harry Crawford, must retrieve Mike's wife, Lisa from the clutches of Jack Fisher over a matter of $500,000.",https://www.imdb.com/title/tt0098199/?ref_=sr_i_518
519. Naaka Bandi,1990,2h 45m,,4.7,116,,"A truck driver reports his criminal brother to police, leading to tragic consequences when a gang member kills him and his wife. Their two sons seek revenge while the released brother plots to divide them.",https://www.imdb.com/title/tt0187338/?ref_=sr_i_519
520. Uranus,1990,1h 40m,R,7.0,1.7K,,"After World War II, a small French village struggles to put the war behind as the controlling Communist Party tries to flush out Petain loyalists. The local bar owner, a simple man who likes to write poetry, who only wants to be left alone to do his job, becomes a target for Communist harassment as they try and locate a particular loyalist, and he pushes back.",https://www.imdb.com/title/tt0100851/?ref_=sr_i_520
521. Nuit d'été en ville,1990,1h 25m,,6.0,609,,The whole life in one night. A young couple plays nearly any role of possible lifetime relationships.,https://www.imdb.com/title/tt0100277/?ref_=sr_i_521
522. Pasport,1990,1h 43m,,7.4,1.4K,,"A case of mistaken identity, by a switched Passport leaves a Georgian man stranded in Israel.",https://www.imdb.com/title/tt0100337/?ref_=sr_i_522
523. Triple Cross,1990,1h 17m,R,4.3,450,,A security specialist (Nancy Bolan) is hired to deliver a valuable computer. She is joined by her former lover who has plans of his own for the computer.,https://www.imdb.com/title/tt0106279/?ref_=sr_i_523
524. L'amante scomoda,1990,1h 34m,R,4.1,55,,"Sante, who works in his father-in-law's company and is about to get an important promotion, finds the presence of his mistress Greta in his life inconvenient.",https://www.imdb.com/title/tt0105136/?ref_=sr_i_524
525. African Express,1990,1h 34m,,3.4,76,,The adventures of three friends running an air charter business in Africa during WWII and their race to prevent a Nazi Baron from escaping to Germany with vital radar equipment.,https://www.imdb.com/title/tt0096767/?ref_=sr_i_525
526. Pyasi Aurat,1990,,,,,,,https://www.imdb.com/title/tt7716430/?ref_=sr_i_526
"527. Dragon Ball: Son Goku Fights, Son Goku Wins",1990,1h 45m,,4.7,309,,"The young warrior Son Goku goes on a outrageous quest to acquire seven magical orbs, along the way beating up evil persons who want to steal the orbs for their own ends.",https://www.imdb.com/title/tt1608208/?ref_=sr_i_527
528. Nighooda Rahasya,1990,2h 11m,Not Rated,7.6,50,,Is it a serial killer or a ghost that is killing people? Shankar Nag has to unravel the deadly mystery.,https://www.imdb.com/title/tt1319136/?ref_=sr_i_528
529. Cyber-C.H.I.C.,1990,1h 42m,PG-13,2.5,368,,A cybernetic agent is assigned to break up a drug smuggling ring.,https://www.imdb.com/title/tt0098211/?ref_=sr_i_529
530. Club Fed,1990,1h 33m,PG-13,3.3,394,,A gangster's girlfriend is framed and sent to a minimum-security prison.,https://www.imdb.com/title/tt0099280/?ref_=sr_i_530
531. Abuk Sabuk Bir Film,1990,1h 34m,,6.2,1.6K,,"A misunderstood villager seeks remedy to protect his late father's settlement in post-modern times, when all of his wicked and proud neighbors lay a snare under each other. The villager soon finds himself trapped in a sociopathic crisis.",https://www.imdb.com/title/tt0252189/?ref_=sr_i_531
532. The Comies,1990,1h 30m,,5.8,1.8K,,"Two silent movie actors escape from their film. Forced to find a way to survive in the real world, they will only cause troubles to the people they will meet along the way.",https://www.imdb.com/title/tt0099293/?ref_=sr_i_532
533. Moskovskaya elegiya,1990,1h 28m,,7.1,411,,A film in homage to Russian filmmaker Andrei Tarkovsky. It concentrates on his absence from the Soviet Union and what he left behind. There are episodes of his funeral and places he lived in Moscow.,https://www.imdb.com/title/tt0093572/?ref_=sr_i_533
534. Kroadh,1990,2h 24m,Not Rated,4.8,291,,"Krodh tells the story of two brothers who are in search of the man who killed their mother. The problem is they have never seen his face, but do have his name. The elder brother Ajay gets into the world of crime and also pulls his younger brother Vijay along with him in to the underworld in order to get closer to their target. But coincidentally Ajay himself ends up being a police officer and now he wants to drag his brother out of the underworld but by now its too late as his younger brother is by now the Don of the underworld. Here starts the clash of principles and ideologies between the two brothers and they get separated. Were they successful in getting hold of their mother's killer? Were the brothers successful in settling their differences?",https://www.imdb.com/title/tt0099953/?ref_=sr_i_534
535. Point of No Return,1990,1h 38m,,5.6,67,,"Two assassins KK (Patrick Tam, Director Of My Heart Is That Eternal Rose) and Ah Dee (Jacky Cheung, Swordsman) start a chain of revenge by executing another professional killer. KK's father and Ah Dee's Boss Uncle Min (Kenneth Tsang, Police Story 3: Supercop, The Killer) gets caught in the middle of the situation.",https://www.imdb.com/title/tt0101782/?ref_=sr_i_535
536. Living to Die,1990,1h 24m,R,4.7,212,,A burned-out private detective in Las Vegas gets involved in blackmail and murder.,https://www.imdb.com/title/tt0100039/?ref_=sr_i_536
537. Espadang Patpat,1990,,,8.1,17,,,https://www.imdb.com/title/tt0409938/?ref_=sr_i_537
538. Milena,1990,2h 19m,,6.0,115,,"Prague, 1920. Milena's father wants her to follow in his footsteps and be one of the first female doctors in Czechoslovakia, but she is determined to be a writer. She elopes to Vienna with the Jewish music critic Ernst Pollak, and starts a correspondence with Franz Kafka. She leaves Pollak and returns to Prague with her father, where she befriends and translates Kafka. As a journalist, Milena covers the 1923 Ruhr worker's strike and meets the communist architect Jaromir. They marry and have a daughter. Milena writes for a Marxist paper till her husband leaves for the Soviet Union. She then confronts the rise of Nazism in the years leading up to the Second World War, and ends up in a concentration camp.",https://www.imdb.com/title/tt0102444/?ref_=sr_i_538
539. Hajde da se volimo 3,1990,1h 32m,,4.4,699,,"The false story in the newspaper about the marriage of Lepa Brena to wealthy Australians, they will try to take advantage of various types to check the news and to get a good salary and a bet that even some fairly well and get rich.",https://www.imdb.com/title/tt0187868/?ref_=sr_i_539
540. Night Sun,1990,1h 53m,Unrated,7.1,957,,"Young nobleman Baron Sergio Giuramondo, after discovering that his bride-to-be was the king's mistress, leaves Naples in disgust to become a monk. But his quest for perfect solitude is constantly interrupted by visitors hearing rumours that Sergio possesses miraculous powers, and by women who bet each other that they can successfully seduce him...",https://www.imdb.com/title/tt0100650/?ref_=sr_i_540
541. Kafan,1990,2h 27m,,6.3,71,,A young girl gets vision of a murder at the time of occurrence of it. Things got more worse when she is possessed by a soul and started to commit real murders.,https://www.imdb.com/title/tt0493354/?ref_=sr_i_541
542. Baap Numbri Beta Dus Numbri,1990,2h 32m,Not Rated,6.1,441,,A father and son are conning the whole city of Bombay.,https://www.imdb.com/title/tt0099081/?ref_=sr_i_542
543. Living Doll,1990,1h 35m,,5.5,374,,"Howard, a shy morgue worker, falls in love with a girl who ends up in the morgue, but he doesn't let that stop him.",https://www.imdb.com/title/tt0100038/?ref_=sr_i_543
544. No Witnesses,1990,,,4.7,15,,"Harry Grady and Jerry West are two key witnesses in the judicial process followed against mob boss Powder Chan, who has ordered his henchmen to eliminate them; once removed, even the people closest to the boss die one by one.",https://www.imdb.com/title/tt0228646/?ref_=sr_i_544
545. Sensazioni d'amore,1990,1h 30m,,2.7,76,,The heart-sick Renato has to witness how his house doctor and his fiancee celebrate one orgy after another. Then he ties up with the seductive maid Claretta.,https://www.imdb.com/title/tt0100577/?ref_=sr_i_545
546. Atishbaz,1990,2h 45m,,3.1,96,,"Shamsher Singh Rajput lives a poor lifestyle in British India along with his widowed mom, a sister, Asha, and makes a living through crime. He is in love with a gypsy dancer, Reshma, and wants to marry her, but has to content with her suitor, Jagga. He is arrested by the corrupt British Police, jailed, and beaten mercilessly. When the British leave India, he gets out of prison, finds out that his mother will have nothing to do with him, seeks the assistance of Vijay, locates Jagga and kills him. He returns and finds out that Asha is living a wayward life, locates her in a bar with several men, and brings her home. When Vijay shows an interest in Asha, Shamsher warns him, and their friendship ends. Vijay and Asha, in love with each other, seek the permission of Asha's mom to let them get married, are refused until such time Vijay gets a good job. Vijay gets a job as a Police Inspector and vows to fight crime. Shamsher, in the meantime, joins forces with Kewal alias K.K., then eventually kills him, takes over his crime empire, joins forces with another gangster, Tony Gonsalves, and is all set to rule the underworld. He also locates Reshma, and marries her. It is then Shamsher is confronted by Vijay - a confrontation that may lead to Shamsher's arrest and possibly the end of his criminal empire or alternatively the death of Vijay himself.",https://www.imdb.com/title/tt0358955/?ref_=sr_i_546
547. The Dragon from Russia,1990,1h 34m,,5.5,560,,"May Yip and Yao are both orphans and have been friends since youth, but they're torn apart when the leader of the 8 Hundred Dragons Kung Fu cult abducts Yao and erases his memory.",https://www.imdb.com/title/tt0099791/?ref_=sr_i_547
548. Thanedaar,1990,2h 31m,,5.4,505,,"A policeman is killed in a brawl - one of his boys is adopted by another policeman, the other whisked away and brought up by bandits. Years later, the boys meet-again on opposite sides of the law.",https://www.imdb.com/title/tt0098461/?ref_=sr_i_548
549. The Spring,1990,1h 42m,R,4.9,132,,"Archeologists Andy and Matty uncover a diary written by a member of Ponce de Leon's search party that provides clues to the location of the Fountain of Youth. They go to Florida to search for the site, but find themselves hounded by a slimy businessman out to profit from the spring and a voodoo acolyte searching for eternal life. Andy's search for clues brings him into contact with Dyanne, a local painter, who seems to know more about the spring than she is revealing.",https://www.imdb.com/title/tt0098377/?ref_=sr_i_549
550. A Girl to Kill For,1990,1h 28m,R,5.0,173,,A sensuous young woman seduces an unwitting man into committing murder.,https://www.imdb.com/title/tt0099663/?ref_=sr_i_550
551. Kaninmannen,1990,1h 37m,,5.7,241,,"While hunting a serial predator dubbed ""The Rabbit Man,"" a journalist uncovers a horrifying possibility-the suspect may be his own son.",https://www.imdb.com/title/tt0099920/?ref_=sr_i_551
552. Kishen Kanhaiya,1990,2h 40m,,5.9,894,,"Twin brothers are separated at birth and in adulthood, their identities are swapped.",https://www.imdb.com/title/tt0099943/?ref_=sr_i_552
553. Mukham,1990,1h 58m,Not Rated,6.8,417,,A police officer tries to uncover and stop an unknown serial killer who sniped three victims and plans for a fourth one.,https://www.imdb.com/title/tt0278577/?ref_=sr_i_553
554. Street Hunter,1990,1h 35m,R,5.1,362,,"Logan Blade is a tough ex police officer turned bounty hunter who has to confront a street gang led by young Angel and his ruthless bodyguard, Colonel Walsh.",https://www.imdb.com/title/tt0100706/?ref_=sr_i_554
555. Doodh Ka Karz,1990,2h 31m,,4.7,209,,"A snake charmer is falsely accused of theft by the landlords and beaten to death. His wife Parvati raises her son Suraj, who along with the loyal snake, sets out to avenge his father's death.",https://www.imdb.com/title/tt0395519/?ref_=sr_i_555
556. Hush-a-Bye Baby,1990,1h 12m,,6.2,168,,A pregnant Irish girl tries to contact her boyfriend in British prison but her letters are not allowed through to him because she writes in Irish.,https://www.imdb.com/title/tt0102080/?ref_=sr_i_556
557. Vitet e pritjes,1990,2h 5m,,7.9,16,,"In the Albania of the 20s, Gjon Kodri returns from America to his country, adapting to the new life, he remembers his childhood and the importance of the Albanian homeland through the suffering of the village women.",https://www.imdb.com/title/tt0351957/?ref_=sr_i_557
558. Koko Flanel,1990,1h 35m,,6.3,2.5K,,"Placide's dad tells him on his deathbed he'll haunt him if he doesn't find a woman soon. When he accidentally enters a photo shoot, Placide meets Sarah.",https://www.imdb.com/title/tt0121442/?ref_=sr_i_558
559. Karot,1990,2h 16m,,7.0,116,,Real life tragic story of Arakel whose anguish towards lost homeland made him cross Soviet-Turkish border during Stalin era.,https://www.imdb.com/title/tt0417859/?ref_=sr_i_559
560. Nils Karlsson Pyssling,1990,1h 15m,,5.8,1.2K,,"A lonely 7-year-old boy whose sister passed away finds unexpected friendship with a tiny creature living in his basement, despite the mean rat who serves as the creature's landlord.",https://www.imdb.com/title/tt0100264/?ref_=sr_i_560
561. Shaking the Tree,1990,1h 37m,R,4.7,240,,"At Christmastime in the early 1990s, a group of guys in their 20s start to think it's time that they launched their lives without the comfort of the diner where they've spent most of their time.",https://www.imdb.com/title/tt0100588/?ref_=sr_i_561
562. The Perfect English Village,1990,,,7.1,20,,A Londoner goes in search of the quintessential English village only to be surprised by where his quest leads him.,https://www.imdb.com/title/tt27193203/?ref_=sr_i_562
563. La sombra del Tunco,1990,1h 30m,,5.6,15,,"Tunco visits Sara Montaño and is killed by Laura's men. Sara dies in childbirth. Juan saves the baby, taking him and Marcelo to his mountain cabin with Yara. After losing memory, Juan learns truth from dying Yara. Marcelo dies.",https://www.imdb.com/title/tt0286136/?ref_=sr_i_563
564. Red Dust,1990,1h 34m,,6.9,761,,A talented lady novelist falls in love with a Chinese traitor working with the Japanese during the WWII.,https://www.imdb.com/title/tt0099719/?ref_=sr_i_564
565. Aszex,1990,1h 35m,,6.1,18,,"Portraitfilm about Ciccolina, a then sex icon.",https://www.imdb.com/title/tt1517153/?ref_=sr_i_565
566. Izzatdaar,1990,2h 44m,Not Rated,5.1,274,,"Brahmdutt, a rich Steel Baron is falsely convicted in the murder of his best friend and business partner Premchand. When in prison, Brahmdutt finds out from sources that his son in law Indrajeet has conspired to get him caught so he can take over his empire. Brahmdutt avenges that once he is free he will take full revenge from Indrajeet. To take revenge Brahmdutt is helped by Vijay, Indrajeet's own deserted son.",https://www.imdb.com/title/tt0099869/?ref_=sr_i_566
567. Jagadeka Veerudu Athiloka Sundari,1990,2h 33m,Not Rated,8.0,1.3K,,A man finds a ring that gives the bearer great power but the goddess to whom the ring belongs wants it back.,https://www.imdb.com/title/tt0177484/?ref_=sr_i_567
568. Demonstone,1990,1h 28m,R,4.7,257,,Two U.S. Marine investigators looking into a series of grisly murders in Manila discover that the crimes are tied to an amulet with a 400-year-old curse on it that has unleashed supernatural forces which can possess people.,https://www.imdb.com/title/tt0097184/?ref_=sr_i_568
569. Svampe,1990,1h 19m,,5.2,111,,"Three fantastic days in 9 year old Svampe's life. While his parents are busy, he goes to his happy fantasy Irrburr where he has to joint the fight against evil.",https://www.imdb.com/title/tt0137224/?ref_=sr_i_569
570. Back Stab,1990,1h 31m,R,5.2,307,,An architect goes to bed with a seductive stranger only to awaken beside the corpse of his boss.,https://www.imdb.com/title/tt0099085/?ref_=sr_i_570
571. Amazon,1990,1h 36m,R,5.6,640,,"Widowed and broke Finnish businessman Kari takes his two teenage daughters with him to Brazil. A bush pilot introduces him to the idea of gold mining in the jungle, but a beautiful and educated local woman warns him about the possible consequences to the rain forest. Kari has mixed feelings about the project, until an accident puts him in the care of a local Indian tribe.",https://www.imdb.com/title/tt0103666/?ref_=sr_i_571
572. Julia Has Two Lovers,1990,1h 26m,R,5.1,408,,A romantic comedy-drama about a woman who takes up with a mysterious stranger after she grows tired of her current boyfriend.,https://www.imdb.com/title/tt0102170/?ref_=sr_i_572
573. Curry and Pepper,1990,1h 41m,,6.4,1.2K,,Two best friends and cop partners become the subject of a beautiful news reporter's documentary. The two soon find themselves competing for screen time as well as the love of the reporter while after a murderous arms dealer.,https://www.imdb.com/title/tt0099629/?ref_=sr_i_573
574. December Bride,1990,1h 28m,,6.4,404,,"At the beginning of the 20th century, a young servant provokes an independent Irish farm community by her relationship with two brothers. Pregnant, she refuses to reveal the name of the father.",https://www.imdb.com/title/tt0099389/?ref_=sr_i_574
575. Emboscada,1990,1h 39m,,6.8,16,,Cattle Rustling. In the ranches of rural Mexico it is continually happening and taken serious. Some get away with it greatly and some ultimately lose their lives brutally because of it.,https://www.imdb.com/title/tt0263315/?ref_=sr_i_575
576. Pyasa Darinda,1990,,,6.9,46,,A monster rises from grave and starts to rape and kill women who bullied him once.,https://www.imdb.com/title/tt2884574/?ref_=sr_i_576
577. Jeevan Ek Sanghursh,1990,2h 39m,,4.5,261,,"Karan, a thief, works for Dr. Devraj to help keep the evil don Rattan from taking over the city. His life changes when he finds his family that had disowned him when he was a child.",https://www.imdb.com/title/tt0104548/?ref_=sr_i_577
578. A Woman's Revenge,1990,2h 13m,,5.8,306,,"After the suicide of her husband, a widow is trying to get a confession from his mistress that it was her fault.",https://www.imdb.com/title/tt0098584/?ref_=sr_i_578
579. Garam Jawani,1990,1h 41m,Not Rated,,,,,https://www.imdb.com/title/tt3521082/?ref_=sr_i_579
580. In the Line of Duty 5: Middle Man,1990,1h 34m,,5.6,363,,"When he is framed for being a spy because of his friend's illegal activities, David must escape from police, CIA, and assassins with the help of his cousin.",https://www.imdb.com/title/tt0094376/?ref_=sr_i_580
581. Diving In,1990,1h 33m,PG-13,4.9,355,,"A high school diver fights his fear of heights and diving to get onto the team. He gets onto the team, only to find that he must dive the high platform in order to compete. His problems are further compounded by social issues out of the pool. His sister is being taken advantage of by the local tough-guy, and his coach writes him off as a loser. To aid in his overcoming of his phobia, he enlists in a previous women's olympic coach, whom he falls for and crosses the line between business and pleasure. During his training with the new coach, he experiences a bad diving accident and is warned not to dive in the championship. He ignores these warnings, and enters the competition...",https://www.imdb.com/title/tt0101741/?ref_=sr_i_581
582. Hanra honban: Joshidaisei bôkô-hen,1990,59m,,5.5,69,,"An alienated young man is desperate to find a way to pay his bills. Financial relief arrives in the form of anonymous e-mails directing him to rape women for money, photographing the crimes as evidence of his work.",https://www.imdb.com/title/tt0291228/?ref_=sr_i_582
583. Dance of the Polar Bears,1990,1h 29m,,6.4,431,,"Lasse is 12 years old and not the most eager schoolboy. In fact, he's a bit of a mess. This is abruptly changed when his mother leaves Lasse's father and moves in with a wealthy dentist. But even though Lasse soon becomes virtuous and gets praise, the loss of his father does not disappear so easily.",https://www.imdb.com/title/tt0099966/?ref_=sr_i_583
584. Lethal Angels,1990,1h 31m,,5.7,73,,,https://www.imdb.com/title/tt0095290/?ref_=sr_i_584
585. Gorgasm,1990,1h 22m,Unrated,3.9,170,,"Tara, a psychotic call girl, has a strange obsession with giving men the ultimate climax. Chase is a detective out to stop her killing spree.",https://www.imdb.com/title/tt0099686/?ref_=sr_i_585
586. Night of the Dribbler,1990,1h 27m,,3.1,250,,"The Watergate Plumbers, a poorly-performing college basketball team, lose their best players one by one to death and dismemberment at the hands of a mysterious masked stalker.",https://www.imdb.com/title/tt1483789/?ref_=sr_i_586
587. Dark Illness,1990,1h 54m,,6.4,196,,"After his father's death, a middle-aged screenwriter struggles with his obsessions and neuroses.",https://www.imdb.com/title/tt0100097/?ref_=sr_i_587
588. Sügis,1990,1h 25m,,7.0,604,,"In the follow-up of ""Kevade"" and ""Suvi"" the same characters have reached their middle-age. Everybody are living quiet family-life but Kiir the tailor who one more time decides to become a farmer and get married.",https://www.imdb.com/title/tt0100712/?ref_=sr_i_588
589. Gross Out,1990,1h 22m,,2.8,120,,A wealthy but deeply warped woman offers her three adult stepchildren the opportunity to inherit her entire $28 million fortune if they can produce a movie so vile and disgusting that it actually makes her vomit.,https://www.imdb.com/title/tt0365290/?ref_=sr_i_589
590. When Fortune Smiles,1990,1h 30m,,6.2,856,,The head of a rich family dies and in his will leaves his fortune to his daughter. His son is enraged and uses a rubbish collector who looks the same as his sister to steal the fortune. The Uncle's son also wants a piece of the fortune and coerces a small time thief into stealing the will for his wild scheme.,https://www.imdb.com/title/tt0100959/?ref_=sr_i_590
591. Song of the Exile,1990,1h 40m,,7.4,656,,"After the Sino-Japanese War, Kwei Dz, one of the family members of Japanese soldiers accepted a Chinese officer's proposal and remained in China. Later they had a daughter named Ann. The officer went to Hong Kong to work, leaving Kwei Dz and Ann in Macao. Kwei Dz, unable to communicate with her in-laws, much less accept their ways, became remorseful. Yet the worst problem she had was that Ann did not accept her as a mother. After Ann got a Master Degree in UK she went back to Hong Kong. Kwei Dz had been feeling very homesick for her mother country and decided to take Ann and return to Japan. In Japan, Ann began to understand her mother's pain because she did not understand Japan or the Japanese. Later a telegram from Canton arrived saying that Ann's grandfather had had a stroke. Upon seeing her to grandfather, Ann realized that, in spite of his now frail body, a body once tortured by Red Guards, he was so hopeful for China's future. Ann saw that China was now trying to find its own way in the midst of its self-inflicted turmoil.",https://www.imdb.com/title/tt0099927/?ref_=sr_i_591
592. Dr. Pasupathy,1990,2h 10m,,6.9,206,,"Bhairavan is a conman who gets payed by an associate to trick a whole town into thinking that he is an animal doctor, Dr. Pasupathy whom the town president brought for the villagers.",https://www.imdb.com/title/tt0278426/?ref_=sr_i_592
593. Wishful Thinking,1990,1h 34m,,5.2,67,,"A screenwriter (Murray Langston) rescues a gypsy (Billy Barty). When the gypsy tells him he will grant him a wish, he uses it to get the girl of his dreams.",https://www.imdb.com/title/tt0100942/?ref_=sr_i_593
594. Panakkaran,1990,2h 27m,,6.9,468,,"The illegitimate son of a rich man and a singer is raised by a poor drunkard. Before he can commit to the girl he loves, he wants to find out who his parents really are. Will the drunkard help him?",https://www.imdb.com/title/tt1286164/?ref_=sr_i_594
595. Kahit konting pagtingin,1990,2h 11m,,7.0,42,,A mature bodyguard and his young heiress ward overcome their differences and surprisingly learn to love each other.,https://www.imdb.com/title/tt0345477/?ref_=sr_i_595
596. The Cherry Orchard,1990,1h 36m,,7.1,313,,"At an all-girls school, a group of girls prepare for a stage performance of Anton Chekhov's ""The Cherry Orchard"".",https://www.imdb.com/title/tt0100540/?ref_=sr_i_596
597. Blackest Heart,1990,1h 3m,Not Rated,5.0,1K,,"In ""German Chainsaw Massacre"" people meet up with a household of butchers. They detect low cost meat in the East Germans moving over the old boundary into the West and start turning them into sausage. Clara flees the slaying of her sleazy spouse and the rotting East, and lands in the arms of butchers. She is held alive simply because the daughter of the family falls in love with her. This German movie is a satirical massacre splatter flick that provides lots of inexpensive gore. It's full of political overtones and has a lot to Tobe Hooper's terror classic ""The Hollywood Chainsaw Hookers"". If you're a lover of German gore and absurdness, check it out!. 16 million East Germans on their way to the golden West. 4% never got there: were they turned into Wuerste (sausages)? If you knew Christoph Schlingensief's other movies like ""United Trash"" you will know what this is all about - some call it art, some trash. Shot in 14 days after October the 3rd 1990. With Udo Kier in a small role.",https://www.imdb.com/title/tt0099415/?ref_=sr_i_597
598. Freeze Die Come to Life,1990,1h 45m,,7.5,1K,,"Two children living in a remote mining town in the distant wastes of Siberia in 1947, survive poverty and hardship through the warmth of their friendship and a shared sense of humour.",https://www.imdb.com/title/tt0101003/?ref_=sr_i_598
599. Zavalli,1990,1h 20m,,5.3,49,,"Ali was born mentally handicapped because his parents were consanguineous. His father, who does not want to have children again, adopts an orphan named Osman.",https://www.imdb.com/title/tt10611050/?ref_=sr_i_599
600. Pierino torna a scuola,1990,1h 36m,,5.1,316,,"Had come of age and unemployed, Peter decides to go back to school to take the elementary school. However, his academic performance continues to be poor so much so that his grandmother to play for the votes of a report card to the football pools coupon. The grandmother with the votes of Peter will win, using the amount paid to renew their tavern, without giving any money to his nephew, who will retaliate by closing all his family in the bathrooms of the new restaurant. Eventually Peter was rejected despite the efforts of his teachers, but Peter does not seem to be over: receives, in fact, a visit to Camazzo, her neighbor and Head of the third class of the Navy, which gives him an envelope containing the fateful ""call to Arms"".",https://www.imdb.com/title/tt0100365/?ref_=sr_i_600
601. Breakfast in Bed,1990,1h 16m,R,3.0,139,,"Marilyn Chambers plays an aging film star who turns a dumpy hotel into a sizzling, successful brothel.",https://www.imdb.com/title/tt0099178/?ref_=sr_i_601
602. His Highness Abdullah,1990,2h 36m,,7.9,1.6K,,A qawwali singer passes as a Brahmin in order to infiltrate a palace and kill the king.,https://www.imdb.com/title/tt0237309/?ref_=sr_i_602
603. Swimming Upstream,1990,1h 35m,,6.6,91,,"Kaoru, a highschool boy, falls in love with a girl, Sonoko, a leading member of his high-school's swimming club. Though he cannot swim at all, he joins the swimming club to win her heart.",https://www.imdb.com/title/tt0099110/?ref_=sr_i_603
604. The Children,1990,1h 55m,,5.8,141,,"Rose Sellars (Kim Novak) is a middle-aged woman who falls in love with a widower (Sir Ben Kingsley). However, his children believe that their father is too old to start a new relationship.",https://www.imdb.com/title/tt0099255/?ref_=sr_i_604
605. Het nadeel van de twijfel,1990,45m,,7.7,8,,"Mark, a 30-year-old man is infertile so his wife, Jessica, cannot have a child with him. Eventually, Simon, an old acquaintance of Mark's, is secretly seduced into stealing his sperm. However, when she becomes pregnant, it brings considerable tension to her relationships with both men.",https://www.imdb.com/title/tt7668840/?ref_=sr_i_605
606. Twisted Justice,1990,1h 34m,R,3.7,327,,"In future LA, cops must use stun guns instead of weapons. A rebel detective breaks this rule while hunting a drug-enhanced serial killer with superhuman abilities.",https://www.imdb.com/title/tt0100826/?ref_=sr_i_606
607. Vidrohi,1990,2h 15m,,5.7,28,,,https://www.imdb.com/title/tt2737000/?ref_=sr_i_607
"608. Look Out, Officer!",1990,1h 32m,TV-MA,5.8,1.2K,,"A seasoned police detective is paired with a rookie cop. Unbeknownst to him, his new partner is being helped by the ghost of his recently deceased former partner looking to avenge his murder, which was made to look like suicide.",https://www.imdb.com/title/tt0100600/?ref_=sr_i_608
609. Revenge of the Radioactive Reporter,1990,1h 24m,,4.4,406,,A young newspaper reporter becomes a horrible crusty-faced zombie following a radioactive contamination.,https://www.imdb.com/title/tt0102784/?ref_=sr_i_609
610. The Curse of the Screaming Dead,1990,1h 31m,Unrated,2.5,919,,"A group of Southern deer hunters stop at a church graveyard in the woods. Their activities arouse the corpses of long-dead Confederate soldiers, who attack them.",https://www.imdb.com/title/tt0129855/?ref_=sr_i_610
611. Le party,1990,1h 43m,,7.0,655,,"While a maximum-security prison gears up for its annual party with performers and strippers, the event is overshadowed by disciplinary actions, family turmoil, and an inmate's meticulous planning for a high-stakes escape.",https://www.imdb.com/title/tt0100334/?ref_=sr_i_611
"612. Vietnam, Texas",1990,1h 32m,R,4.5,191,,"A priest learns that he fathered a child during his tour of duty in Vietnam and that the mother and child has relocated to Houston, Texas in the Little Saigon quarters. Searching for them, he also finds massive prejudice against the Vietnamese people, particularly among the fishing community in which they are trying to work. Setting out to right the wrongs, the priest tends to use more fisticuffs than friendly, priestly persuasion.",https://www.imdb.com/title/tt0100871/?ref_=sr_i_612
613. Fatal Termination,1990,1h 34m,,6.2,347,,A Hong Kong police detective investigating weapons smuggling through the airport runs into a corrupt customs officer. Things escalate to a ruthless munitions smuggler kidnapping two security officers' daughter.,https://www.imdb.com/title/tt0094857/?ref_=sr_i_613
614. The Natural History of Parking Lots,1990,1h 29m,,7.0,94,,"When a high school senior, Chris, gets in trouble with the West L.A. police for joy riding in stolen cars, his wealthy but neglectful dad hires Chris's older brother Lance to spend time with him and keep him out of trouble. Lance is in the underworld, running guns, so caring for Chris starts out as a good cover. Then, he warms to his brother, and the two develop a strong bond; Chris gets serious about school and starts to come out of his shell. But, will the relationship be strong enough to weather pressures from Lance's business, Chris's discovery that dad is paying Lance for the care, and Lance's enjoyment of female companionship?",https://www.imdb.com/title/tt0100230/?ref_=sr_i_614
615. Sweet Murder,1990,1h 41m,R,4.9,121,,"Lisa Smith is having trouble making the rent, so she advertises for a female roommate. A young woman named Laurie moves in, unaware that Lisa is an insane killer.",https://www.imdb.com/title/tt0100723/?ref_=sr_i_615
616. Taxi Blues,1990,1h 50m,,7.3,2.2K,,A comedic love/hate relationship develops between a dour taxi driver and a hapless aspiring musician after the latter stiffs his cab fare.,https://www.imdb.com/title/tt0100757/?ref_=sr_i_616
617. Thieves of Fortune,1990,1h 40m,R,4.6,198,,"In this action-packed romantic adventure story, a beautiful woman must perform feats of bravery in order to inherit a $28 million fortune and win the man she loves. Lots of stunts featuring planes, motorcycles, cliff diving, alligator wrestling and gun battles.",https://www.imdb.com/title/tt0100771/?ref_=sr_i_617
618. La bella y la bestia,1990,45m,,7.5,173,,,https://www.imdb.com/title/tt0471093/?ref_=sr_i_618
619. Thalayanamanthram,1990,2h 15m,,7.7,745,,A cunning and greedy wife manipulates her husband in order to lead a life of luxury.,https://www.imdb.com/title/tt0278768/?ref_=sr_i_619
620. Ronin Gai,1990,1h 57m,,6.6,617,,A group of masterless samurai living in Edo's red light district must fend off a militia bent on wiping out local prostitutes.,https://www.imdb.com/title/tt0308827/?ref_=sr_i_620
621. Ultra Warrior,1990,1h 21m,R,2.0,898,,"After the nuclear holocaust, one man rises from the ashes to become the leader of a ragged gang of survivors. They soon discover that their greatest challenge is yet to come; they must fight a battle for the ages against the evil minions of The Bishop.",https://www.imdb.com/title/tt0105680/?ref_=sr_i_621
622. Confessing to Laura,1990,1h 30m,,7.1,286,,"The action is situated in Colombia on April 9, 1948, date in which took place the famous ""Bogotazo"". It is a story of love frustrated by political circumstances. Laura, a spinster schoolteacher, lives to Josefina and Santiago, public employee. The three characters will be besieged by 24 hours, targeted by snipers, will be forced to show such which are or they would have liked to be.",https://www.imdb.com/title/tt0101610/?ref_=sr_i_622
"623. Like the Clouds, Like the Wind",1990,1h 19m,,6.5,458,,Country girl Ginga leaves her home in hope of becoming one of the Emperor's Wives.,https://www.imdb.com/title/tt0185429/?ref_=sr_i_623
624. Princes in Exile,1990,1h 43m,PG,7.2,178,,"Diagnosed as having a brain tumor, seventeen-year-old Ryan is angrily resigned to the fact that he may not live to see another year. With time running out, he clings to two goals: publishing his journal and losing his virginity. But as Ryan finds fresh strength from his new friends' optimism and defiant refusal to surrender to cancer, his perspective changes.",https://www.imdb.com/title/tt0100411/?ref_=sr_i_624
625. Actual Behind-the-Scenes Operation Elect Call 1919,1990,59m,,7.3,16,,,https://www.imdb.com/title/tt2548342/?ref_=sr_i_625
626. Enid Is Sleeping,1990,1h 45m,R,5.3,627,,"A wife surprises her cop husband in bed with her kid sister. In the ensuing struggle, the wife is accidentally killed. Can they keep it a secret?",https://www.imdb.com/title/tt0099506/?ref_=sr_i_626
627. There Were Days... and Moons,1990,1h 57m,,6.0,651,,"How can moon and time affect human mood and fate? In the manner of a Greek tragedy , this movie shows how the chaos of life ineluctably propels its characters towards violence and alienation.",https://www.imdb.com/title/tt0099827/?ref_=sr_i_627
628. Fantozzi alla riscossa,1990,1h 45m,,5.8,1.8K,,"New misadventures of Accountant Fantozzi, including managing his granddaughter Ughina's film career and being juror in a Mafia trial.",https://www.imdb.com/title/tt0099545/?ref_=sr_i_628
629. The Law,1990,1h 21m,,6.9,739,,"After two years of absence, Saga returns to his village. His fiancee, Nogma, has become his father's second wife.",https://www.imdb.com/title/tt0100784/?ref_=sr_i_629
630. Border Shootout,1990,1h 36m,Not Rated,3.8,190,,"Young rancher Kirby Frye is appointed deputy in a small town tyrannized by ruthless Phil Sundeen, the son of one of the founders of the town.",https://www.imdb.com/title/tt0097720/?ref_=sr_i_630
631. Il sofà,1990,1h 11m,,5.5,59,,The beautiful Camilla agrees to marry a rich landowner who has caused the ruin of her family. But beneath the conformity of the betrothal lies a terrible revenge.,https://www.imdb.com/title/tt0096749/?ref_=sr_i_631
632. Deceit,1990,1h 30m,R,4.7,796,,"Two outer-space aliens visit Earth with the intention of blowing it up, but they meet an attractive brunette and decide to postpone the planet's destruction in order to try to score with her.",https://www.imdb.com/title/tt0097176/?ref_=sr_i_632
633. Big Bad John,1990,1h 32m,PG-13,5.6,192,,Jimmy Dean's popular song (released in 1961) is translated into a feature length movie about a young couple who elopes to escape the girl's evil stepfather.,https://www.imdb.com/title/tt0099134/?ref_=sr_i_633
"634. Dovidenia v pekle, priatelia",1990,1h 13m,,6.4,137,,"As a car full of an assortment of characters rolls down an embankment and bursts into flames, the old driver says ""See You in Hell, Friends."" The relations between the characters are shown in flashbacks. The pretty Rita and her fiancee Petras meet the old colonel, and come to live in his farmhouse. Rita marries the colonel as well as her fiancee, and has a daughter Christine. The colonel's supposed father shows up, and also makes amorous advances on Rita. They all live blissfully together until two holy women with axes arrive. The women start chopping down trees to build an ark. Rita starts having nightmares and Christine is crucified.",https://www.imdb.com/title/tt0121218/?ref_=sr_i_634
635. The Gumshoe Kid,1990,1h 38m,R,5.4,106,,Clumsy but zealous Jeff Sherman has received his first case from his family's detective agency. The case turns out to be protecting an attractive lovely witness from the mob.,https://www.imdb.com/title/tt0099718/?ref_=sr_i_635
636. Dirty Affair,1990,2h,TV-14,6.7,63,,A smitten young man helps the mistress of a corrupt politician to fight back and reveal the truth about the politician and his government.,https://www.imdb.com/title/tt0099717/?ref_=sr_i_636
637. Night of the Cyclone,1990,1h 25m,R,4.2,156,,"A young woman joins a photo shoot on a tropical island as a model and falls for the artist. Dad, who's a cop, arrives to check up on her. When one of the models ends up dead, he looks into it. Are the models being used for sex tourism?",https://www.imdb.com/title/tt0100256/?ref_=sr_i_637
638. Dancing Machine,1990,1h 47m,,4.0,415,,"Police Inspector Michel Eparvier investigates a crime tied to a dance class held by charismatic handicapped dance instructor Alan Wolf, who seems to be involved with some of his students, despite his disability.",https://www.imdb.com/title/tt0099351/?ref_=sr_i_638
639. Gulabi Raaten,1990,,,6.0,19,,"A lawyer witnesses a fight, testifies against Vijay, then learns he was helping a victim. They fall in love, but her ex-husband interferes. Years later, she's a judge presiding over Vijay's murder trial.",https://www.imdb.com/title/tt1143108/?ref_=sr_i_639
640. White Room,1990,1h 50m,,6.1,342,,"From the post-modern satire of its opening sequence to its tragic-euphoric double ending, Patricia Rozema's second feature WHITE ROOM, a harrowing fairy tale, is as much about the consequences of naive romanticism as it in about our uniquely modern obsession with celebrity. In this ""journey through genres"", WHITE ROOM centres on would-be writer Norman (Maurice Godin), a directionless soul who, afflicted with writer's block, takes to wandering the suburban boulevards at night and peeping on his neighbours - especially one ""Madeline X"" (Margot Kidder) - a famous singer who is murdered one night as the horrified Norman watches, too stunned to intervene. Overcome with guilt, Norman attends her public memorial, where he meets an enigmatic woman (Kate Nelligan) with unexplained connections to Madelaine X. He follows her home to see her slip into a secret room every night. Set in the cultural landscape of bohemian Toronto at the dawn of the '90s, WHITE ROOM explores the incompatibility of the fragile openness needed to create art and the impossibly thick skin required to sell it.",https://www.imdb.com/title/tt0100929/?ref_=sr_i_640
"641. Saturday, Sunday and Monday",1990,1h 59m,,6.5,320,,"Peppino and Rosa have been married for about 30 years. They live in a large house with a sea view in the Rione Terra with their children Rocco and Giulianella, grandfather Don Antonio, and Aunt Amelia.",https://www.imdb.com/title/tt0098244/?ref_=sr_i_641
642. Ek Number Ka Chor,1990,3h,,6.4,19,,A smart thief befriends a small boy who witnesses him trying to rob his house and strikes a bond with the boy while being pursued by an Inspector who will do anything to catch Mumbai's most wanted No.1 thief.,https://www.imdb.com/title/tt1852777/?ref_=sr_i_642
643. Adisaya Piravi,1990,2h 25m,,6.8,527,,"Kaalayan is killed by goons. In heaven, he opposes and gets sent back in the body of Balu, who has enemies in the form of greedy relatives. Now, he has to fix Balu's life as well as his own.",https://www.imdb.com/title/tt0318275/?ref_=sr_i_643
644. Romeo.Juliet,1990,2h,Not Rated,7.0,288,,An eccentric bag lady rescues the stray cats of Venice and puts them on a boat to set sail for the New World.,https://www.imdb.com/title/tt0100512/?ref_=sr_i_644
645. Meri Lalkaar,1990,2h 14m,,3.4,28,,"Meri Lalkaar is a 1990 Indian Hindi-language film directed by Yesh Chauhan, starring Sumeet Saigal in the lead role.",https://www.imdb.com/title/tt2637518/?ref_=sr_i_645
646. Licence to Steal,1990,1h 30m,,6.3,152,,Two sisters who are burglars find themselves at risk when one of them falls in love with the nephew of the police detective assigned to arrest them.,https://www.imdb.com/title/tt0100048/?ref_=sr_i_646
647. Stanica obicnih vozova,1990,1h 26m,,7.1,77,,"In the fifties, a young Belgrade teacher girl, after finishing her school, and by the Ministry of education order, arrives to a remote town to educate people. Unready and inexperienced, she fails in building a bridge between herself and the environment where she was brought against her will, and conflicts start. The conflict with others soon causes the conflict with herself, which causes the tragedy...",https://www.imdb.com/title/tt0212534/?ref_=sr_i_647
648. Instant Karma,1990,1h 41m,R,4.2,177,,The writer of a bad TV series begins to rethink his life when he meets and falls in love with a beautiful actress.,https://www.imdb.com/title/tt0099849/?ref_=sr_i_648
649. Vampire Cop,1990,1h 29m,R,2.9,240,,"A cop, who's actually a vampire, teams up with a hot investigative journalist to stop a posh crime boss.",https://www.imdb.com/title/tt0100856/?ref_=sr_i_649
650. Vampyre,1990,1h 27m,Unrated,3.5,104,,"In a small New England village that time passed by, a stranger arrives to fight an evil force within the town in the form of vampires terrorizing the area.",https://www.imdb.com/title/tt0149327/?ref_=sr_i_650
651. Torment,1990,1h 30m,,4.7,146,,"Anna Bell is a successful, wealthy but burnt out rock singer. After breaking up with her boyfriend, she retreats to the country property that she's owned for several years, but never had time to visit.",https://www.imdb.com/title/tt2769814/?ref_=sr_i_651
652. Complex World,1990,1h 21m,R,6.2,163,,"Terrorists, political conspiracy, drugs and bad music. Just another night at the Heartbreak hotel.",https://www.imdb.com/title/tt0099295/?ref_=sr_i_652
653. Alcune signore per bene,1990,1h 31m,,5.3,64,,"Sexual infedelity, blackmail, murder and suicide plague a fashion house and its nymphomaniac owner...",https://www.imdb.com/title/tt0099011/?ref_=sr_i_653
654. Ghost of the Fox,1990,1h 22m,,5.5,30,,,https://www.imdb.com/title/tt0099712/?ref_=sr_i_654
655. The Monk,1990,1h 46m,,4.6,116,,"The monk Ambrosio is renowned for his faith and his strength of will, a saint in the eyes of the populace. However, when he discovers the beautiful Matilda hidden in his own monastery, all his repressed passions begin to show themselves.",https://www.imdb.com/title/tt0099609/?ref_=sr_i_655
"656. Shake, Rattle & Roll II",1990,2h,,6.5,443,,"Episode 1: A young groom in Baguio for his honeymoon is possessed by a homicidal spirit when he discovers a cursed ring and decides to wear it. Episode 2: In the eerie halls of a mysterious hospital, doctors practice voodoo and dead bodies wander in the night. Episode 3: In the most terrifying of the trio, a student is a guest at a town fiesta in a remote province, and the people's hospitable ways leave her clueless about a ritual that takes place at night.",https://www.imdb.com/title/tt0318683/?ref_=sr_i_656
657. 1871,1990,1h 40m,,6.1,90,,A young actress becomes politically aware within the Paris Commune of 1871.,https://www.imdb.com/title/tt0098963/?ref_=sr_i_657
658. City Life,1990,4h 11m,,6.5,2.2K,,A kaleidoscopic panorama of the world. A visual anthology of twelve short stories by twelve innovative directors from all over the world.,https://www.imdb.com/title/tt0099273/?ref_=sr_i_658
659. Silent Gunpowder,1990,1h 56m,,7.4,518,,"When traditional Serbian populated village in Bosnia gets in the middle of two ideologies during World War II, two groups, communist and monarchist fight over the destiny of its population among each other.",https://www.imdb.com/title/tt0099670/?ref_=sr_i_659
660. Ra: Path of the Sun God,1990,1h 12m,,7.7,205,,"The first part of the film is given over to the Egyptian Genesis. The Egyptians had many gods and goddesses and creation myths. Ra brings these myths together in a single version and concentrates on the story of Osiris and Isis and their battle with their evil brother Set. Part two shows the intertwining of the world of the gods with that of the Divine Pharaoh, whom the ancient Egyptians believed to be the son of the Sun God Ra. The life of the Divine Pharaoh is depicted as a journey through the rituals which surround his initiation into temple life. In death, the Pharaoh continues his journey in the Underworld in the boat of the Sun God Ra, travelling through the twelve hours of night and conquering the powers of darkness before being resurrected at the dawn of the new day.",https://www.imdb.com/title/tt0334205/?ref_=sr_i_660
661. Number One Gun,1990,1h 36m,,4.5,41,,"Number 1 has to compete against the mad Russian agent Ace Kissoff, who can change into a woman by just taking a pill.",https://www.imdb.com/title/tt0100278/?ref_=sr_i_661
662. The Alien Within,1990,,,4.1,32,,,https://www.imdb.com/title/tt9667606/?ref_=sr_i_662
663. Love Is Love,1990,1h 35m,,6.2,606,,"A poor couple, Shui and Ti, try to make a life on their own. And through both of their hard work, Shui becomes a marketing executive, then his attitude begins to change.",https://www.imdb.com/title/tt0100902/?ref_=sr_i_663
664. Queen's High,1990,1h 26m,,6.2,120,,"A Hong Kong mob boss is killed by a rival gang, leaving the business in the hands of his daughter, and when the gang commits more mayhem on her wedding day, she sets out for revenge.",https://www.imdb.com/title/tt2180499/?ref_=sr_i_664
665. Silent Scream,1990,1h 25m,,5.6,178,,"In London 1963, Larry Winters (Iain Glen) murders a bartender. Sentenced to life Winters has fits of rage which continue until prison doctors put him in an experimental unit. Flashbacks to his childhood and his history of drug abuse show how this troubled man became a murderer.",https://www.imdb.com/title/tt0100619/?ref_=sr_i_665
666. Farewell China,1990,1h 54m,,7.0,360,,"In 1980s, a Chinese couple illegally immigrates to NYC seeking better life. After wife arrives first, husband follows a year later, struggling to find her amidst city's harsh realities - poverty, hardship and decay - that swallowed her.",https://www.imdb.com/title/tt0099000/?ref_=sr_i_666
667. Caluga o menta,1990,1h 40m,,6.1,215,,"A penetrating look at Santiago, Chile, its sectors and multiple social differences experienced in three friends.",https://www.imdb.com/title/tt0099210/?ref_=sr_i_667
668. Naked Down Under,1990,1h 17m,,5.0,9,,Documentary about naturism in New Zealand.,https://www.imdb.com/title/tt27201174/?ref_=sr_i_668
669. Class of Fear,1990,1h 45m,R,4.7,173,,"Bobby Parker is a poor kid from the wrong side of the tracks. He and his best friend are new to Oceana High and their presence is not welcome. James can't stand any outsider and he doesn't like someone who ""doesn't know his place"".",https://www.imdb.com/title/tt0121566/?ref_=sr_i_669
670. The Branches of the Tree,1990,2h 10m,,7.7,912,,Four brothers converge around an ailing father.,https://www.imdb.com/title/tt0100587/?ref_=sr_i_670
671. Como fui a enamorarme de ti,1990,1h 29m,,7.4,30,,"The journey of the iconic Mexican band Los Bukis, from their humble beginnings to their triumphant farewell tour, navigating through challenges and intrigues.",https://www.imdb.com/title/tt0142190/?ref_=sr_i_671
672. In nome del popolo sovrano,1990,1h 50m,,6.6,349,,"1849 - Ciceruacchio declares the Independent Republic of Rome, but the French and the Austrians try to bring back the Pope to Rome.",https://www.imdb.com/title/tt0099836/?ref_=sr_i_672
673. Bad Jim,1990,1h 30m,PG,4.1,259,,"A cowpoke buys Billy the Kid's horse and, upon riding it, becomes an incorrigible outlaw himself.",https://www.imdb.com/title/tt0099092/?ref_=sr_i_673
674. Shaitani Ilaaka,1990,2h 8m,,5.5,102,,"An evil sorceress feeds the blood of new brides to a Shaitan, an ancient and fearsome demon.",https://www.imdb.com/title/tt0261296/?ref_=sr_i_674
675. Herman,1990,1h 28m,,6.1,581,,"""Herman"", based on Lars Saabye Christensen's novel of the same name, tells the story of the young boy Herman who suddenly loses his hair and becomes bald at the age of eleven. Movie follows him through what is a very difficult period in his life, through big mood swings and irrational behaviour until he finally learns to accept himself for who he is.",https://www.imdb.com/title/tt0099764/?ref_=sr_i_675
676. The Story of My Son,1990,1h 15m,,6.3,110,,"Li Tzu-Liang is returning to Hong Kong with the ashes of his wife. He now has to bring up his two sons on his own. Though he is quite well-off, he his plagued by debts and when he loses a large sum of money betting on horses, he has to turn to dangerous loan-sharks. Here starts a spiral which gets him and his two sons deeper and deeper into trouble.",https://www.imdb.com/title/tt0099001/?ref_=sr_i_676
677. Sheshnaag,1990,2h 25m,Not Rated,4.2,126,,"Pritam and Bano, two wish-fulfilling snakes in human form, are pursued by a demon, Aghori, who wants to capture them and make himself immortal. Bhola, a snake worshiper, helps them escape so they protect him and his sister.",https://www.imdb.com/title/tt0359971/?ref_=sr_i_677
678. To Play or to Die,1990,48m,Unrated,6.0,436,,"In this short motion picture, schoolboy Kees is intelligent, introvert and sensitive, but gets ridiculed verbally and physically at an all-boys school by mindlessly cocky class mates and even insensitive teachers, especially in gym, where his physical weakness is mercilessly abused to make him a defenseless laughing stock in front of his smirking peers. His awakening sexual interest goes to boys, and in particular to Charel, a beautiful athletic classmate who probably feels an undetermined interest but would never risk admitting (possibly not even to himself) having any gay or bi appreciation, least of all for a 'sissy', and thus remains unresponsive to shy Kees' overtures. When the hunk finally comes over to Kees' place while his parents are away, a desperate disappointment with a tragical twist is in the making...",https://www.imdb.com/title/tt0100668/?ref_=sr_i_678
679. Naked City,1990,1h 2m,,6.6,25,,"A high-school girl films a woman getting raped in an alley. She contacts the rapist and blackmails him into letting her film his rapes. All of his victims are patients of his sister (a psychologist), whose sessions he eavesdrops on.",https://www.imdb.com/title/tt0100221/?ref_=sr_i_679
680. The Best of the Martial Arts Films,1990,1h 31m,Not Rated,6.9,509,,A review about martial arts films as well as some of its biggest movie stars.,https://www.imdb.com/title/tt0099126/?ref_=sr_i_680
681. Innisfree,1990,1h 50m,G,7.2,194,,"Documentary in which the camera of Jose Luis Guerín returns, almost forty years later, to the same places where the mythical film of John Ford 'The quiet Man' was shot. The locality of Innisfree still keeps alive the memory of the filming among the survivors, full of historical references in the other inhabitants, as well as the particular way of seeing the life of the deep Ireland that Ford wanted to portray.",https://www.imdb.com/title/tt0099845/?ref_=sr_i_681
682. Torn Apart,1990,1h 36m,R,5.7,220,,An epic love story set against the backdrop of Middle East turmoil.,https://www.imdb.com/title/tt0100800/?ref_=sr_i_682
683. Hanafi el-Ubbahah,1990,2h,,5.9,1.2K,,An officer balancing his marriage and police responsibilities releases a prisoner temporarily with the aim of using him to find and capture his old gang.,https://www.imdb.com/title/tt1527118/?ref_=sr_i_683
684. The Man Inside,1990,1h 33m,PG,5.3,193,,"Gunter Wallraff is a journalist seeking to expose the unethical journalism practiced by The Standard, a very popular and powerful German newspaper. He goes undercover, using forged identity papers and at great personal risk, to join their staff. Once there, he sees how they don't just report the news, but manufacture it to suit the personal political agenda of the paper's leaders.",https://www.imdb.com/title/tt0100102/?ref_=sr_i_684
685. Deja vu,1990,1h 48m,,7.5,1.7K,,"During the Prohibition, Chicago mob send a hitman after a traitor. The only problem is that his traces lead to Odessa, and no one hitman can overcome the hardcore Soviet bureaucracy.",https://www.imdb.com/title/tt0097253/?ref_=sr_i_685
686. Berkeley in the Sixties,1990,1h 57m,Not Rated,7.4,813,,A documentary about militant student political activity in the University of California-Berkely in the 1960's.,https://www.imdb.com/title/tt0099121/?ref_=sr_i_686
687. The Palermo Connection,1990,1h 40m,PG-13,5.6,621,,"A candidate for the Mayor of New York City promises to legalize drugs. The mafia, making insane money on illegal drug trade, is about to dissuade him - at all cost.",https://www.imdb.com/title/tt0099430/?ref_=sr_i_687
688. Tales of a Golden Geisha,1990,1h 54m,,6.4,392,,"The story of a young orphan who becomes a geisha who brings luck to the men she meets, making her the target of several unscrupulous males.",https://www.imdb.com/title/tt0098972/?ref_=sr_i_688
689. Deadly Dancer,1990,1h 39m,R,4.6,89,,"A police detective, investigating a string of murders of strippers at a Los Angeles night club, must race against the clock to clear his name when he's wrongfully accused of being the killer.",https://www.imdb.com/title/tt0099379/?ref_=sr_i_689
690. Kurt Olsson - Filmen om mitt liv som mej själv,1990,1h 28m,,4.8,707,,"Kurt is born in Gothenburg in 1945. His mother is a timid housewife, his father a loud-mouthed tram driver. Already from an early age, Kurt has an ability to make a mess of everything he does. He is secretly in love with a girl in his school, Gudrun, but has to do with the less attractive Gun.",https://www.imdb.com/title/tt0099959/?ref_=sr_i_690
691. Fatal Exam,1990,1h 54m,R,3.7,581,,A group of university students are invited by their parapsychology professor to investigate a haunted house for the weekend.,https://www.imdb.com/title/tt0156529/?ref_=sr_i_691
692. The Legend of Grizzly Adams,1990,1h 16m,,5.4,87,,Three criminals from Western Mississippi leave a sequel of robberies for every town they pass. Can Grizzly Adams and his inseparable bear stop them?,https://www.imdb.com/title/tt0099998/?ref_=sr_i_692
693. My New Partner at the Races,1990,1h 47m,,6.2,2.4K,,A team of corrupt policemen returns when they face with really wicked colleagues.,https://www.imdb.com/title/tt0100496/?ref_=sr_i_693
694. Yellow Fangs,1990,1h 47m,,6.1,174,,"Based on a true story. In 1915, a mountain village in Japan was attacked by a giant bear, dubbed ""Red Spot"", who terrorized the villagers for days, murdering the men and carrying off the women to save for a late night meal. Sonny Chiba (`Kill Bill`), in his directorial debut, and special advisor Kinji Fukasaku (""Battle Royale"") present a film based on this terrifying real life incident.",https://www.imdb.com/title/tt0156015/?ref_=sr_i_694
695. Trasplante a la Mexicana,1990,1h 55m,,4.5,52,,"A womanizer goes to prison for making a minor fall in love with him, while a doctor wants to experiment with his organs.",https://www.imdb.com/title/tt0288850/?ref_=sr_i_695
696. Ragin' Cajun,1990,1h 31m,Not Rated,4.1,138,,"After his girlfriend is kidnapped by a vicious mobster, Cage rips into action with a vengeance. Retired from kickboxing to pursue dreams of being an entertainer, Cage is forced into a death match with the brutal doctor death. He must win, or he will die.",https://www.imdb.com/title/tt0102751/?ref_=sr_i_696
697. Cold Dog Soup,1990,1h 27m,Not Rated,5.6,591,,"Michael meets a cute girl and has dinner at her mom's. Sadly, the dog dies and he's to bury it. The mad cab driver suggests selling the cold dog. An adventurous night begins.",https://www.imdb.com/title/tt0099286/?ref_=sr_i_697
698. Faith,1990,1h 41m,R,5.3,94,,"Faith is a young dancer whose parents are killed in a plane crash. Dancing is her refuge, but the streets of Los Angeles can be dangerous for a vulnerable young woman on her own.",https://www.imdb.com/title/tt0099536/?ref_=sr_i_698
699. Lambada,1990,1h 37m,,5.4,52,,"Michael is a young, handsome video director from the United States, in Brazil to shoot a video for the beautiful rock singer Annabelle Lewis.",https://www.imdb.com/title/tt0099347/?ref_=sr_i_699
700. Dushman,1990,2h 26m,Not Rated,6.2,84,,"Rakesh (a nickname ""Bullet""), appeared the tool in hands of experienced gangsters, rises, not knowing that, on a way of the father which has decided to take justice in own hands and to revenge for family tragedy.",https://www.imdb.com/title/tt0268273/?ref_=sr_i_700
701. Beautiful Dreamers,1990,1h 45m,PG-13,6.9,224,,"When the superintendent of the Canadian insane asylum, Dr. Maurice Bucke, meets poet Walt Whitman, his life and that of his wife and patients is radically changed. Like Dr. Bucke, Whitman has avant-garde ideas on the subject of mental illness. ""Dreamers"" is based on true events. Dr. Bucke became an important biographer of Walt Whitman.",https://www.imdb.com/title/tt0101413/?ref_=sr_i_701
702. North Korean Partisan in South Korea,1990,2h 37m,,6.6,184,,"South Korean production exploring a North Korean perspective of the long, grueling account of the Korean War based on memoirs of Lee Tae, former news agency correspondent who fought for North Korean partisans.",https://www.imdb.com/title/tt0298463/?ref_=sr_i_702
703. Long Arm of the Law: Part 4,1990,1h 40m,,6.7,247,,"The story of gangsters versus police, focusing on the difference between how both factions act depending if they're coming from Hong Kong or Mainland China.",https://www.imdb.com/title/tt0103162/?ref_=sr_i_703
704. Peter in Magicland,1990,1h 20m,,7.3,398,,"After Sumsemann the beetle loses one of his arms to a troll, he invites brother and sister Peterchen and Annaliese to join him on a journey to the moon in a quest to retrieve his lost arm.",https://www.imdb.com/title/tt0100356/?ref_=sr_i_704
705. Operation Las Vegas,1990,1h 32m,,3.5,93,,"After a Russian killer has brutally brought the plans of a nuclear reactor in his possession, Jefferson, a CIA agent, and his terror-specialist Britta have to prevent the worst.",https://www.imdb.com/title/tt0332294/?ref_=sr_i_705
706. Alberto Express,1990,1h 32m,,6.1,265,,"A young Italian, living in Paris with his French wife, is about to become a father. Before the baby is born, Alberto must repay his father for every expense from his own birth until he left home. It's a family tradition, virtually a family curse. With little money in hand, he jumps on a train to Italy, the ""Alberto Express,"" to return to his father. During the journey, he tries scheme after scheme to secure a windfall. En route, he also has a magical encounter with generations of his paternal ancestors, each of them adding again and again the sums owed them by their sons.",https://www.imdb.com/title/tt0099009/?ref_=sr_i_706
"707. The Fun, the Luck & the Tycoon",1990,1h 30m,,6.2,367,,"A remake of the 1988 American comedy film, Coming to America.",https://www.imdb.com/title/tt0097619/?ref_=sr_i_707
708. Pyasi Nigahen,1990,2h 7m,,5.4,26,,"The city quails as a masked murderer stalks nubile women. The law helpless, only the local tantrik (shaman) Dumroo Baba seems to hold the key to catching the murderer...or does he?",https://www.imdb.com/title/tt0484186/?ref_=sr_i_708
709. Kodama Simham,1990,2h 21m,Not Rated,7.1,412,,Chiranjeevi has to get back the treasures hidden by his father by fighting the bad guys to release his mother from jail,https://www.imdb.com/title/tt0246007/?ref_=sr_i_709
710. Kouthuka Varthakal,1990,,,6.2,108,,"Mathew, a womanizer, tries to woo a girl without knowing that she is the fiancee of his friend, Ravi. However, when Ravi comes to know of this, he begins to doubt his fiancee.",https://www.imdb.com/title/tt0279181/?ref_=sr_i_710
711. The Lost Platoon,1990,1h 26m,R,4.1,313,,An American reporter covering a civil war in Nicaragua discovers that four soldiers that he used to know during World War II are there and they are actual vampires fighting their own personal war against an evil Nicaraguan general and his own personal army of vampires terrorizing the country.,https://www.imdb.com/title/tt0183419/?ref_=sr_i_711
712. Un macho en la casa de citas,1990,1h 30m,,4.1,59,,A brothel madame dies mysteriously and the police convince her brother to pretend to be her to solve the case.,https://www.imdb.com/title/tt0245245/?ref_=sr_i_712
713. Secret Agent OO Soul,1990,1h 37m,,3.4,172,,"James Brown III, also known as Secret Agent 00 Soul is a suave secret agent hired to catch an elusive criminal mastermind.",https://www.imdb.com/title/tt0114375/?ref_=sr_i_713
714. Deewana Mujh Sa Nahin,1990,2h 10m,Not Rated,5.0,1.2K,,An obsessive photographer (Aamir Khan) believes an engaged woman (Madhuri Dixit) is in love with him.,https://www.imdb.com/title/tt0101742/?ref_=sr_i_714
715. An Eye for an Eye,1990,1h 33m,,5.7,175,,"The relationship between two cops and a female friend, who happens to be a triad boss's daughter, becomes very complicated as the father is arrested and sent to prison, and his daughter assumes his role as head of the organization.",https://www.imdb.com/title/tt0108544/?ref_=sr_i_715
716. Sonsuz Kacis,1990,1h 20m,,,,,"Doctor Nevra lives in a small seaside town. One night, while having fun on the beach, Nevra's friend Semih kills a dog. The owner of the dog is Halil, one of Semih's workers. Halil, who is an introvert, is very angry with his boss who killed his dog.",https://www.imdb.com/title/tt14631030/?ref_=sr_i_716
717. Three for One,1990,1h 33m,R,4.6,73,,Three chauvinistic hunks get their comeuppance by the same woman.,https://www.imdb.com/title/tt0211063/?ref_=sr_i_717
718. Gazirat el-Shaytan,1990,,,5.7,803,,A group of people with the help of a professional diver are looking for gold hidden in a sunken ship,https://www.imdb.com/title/tt1527139/?ref_=sr_i_718
719. Renzoku rape: Hentai jikken,1990,1h,,6.4,19,,,https://www.imdb.com/title/tt0291445/?ref_=sr_i_719
720. Erotas sti hourmadia,1990,1h 22m,,7.0,341,,"Best friends Panagiotis and Giannis are looking for a date tree in Peloponnese to prove the innocence or guilt of Panagiotis' wife, who may or may not have been Giannis' lover.",https://www.imdb.com/title/tt0257629/?ref_=sr_i_720
721. City Hunter: Bay City Wars,1990,45m,TV-MA,6.8,459,,"Rival private eyes Ryo Saeba and Umibozu must find a way into a high-tech luxury hotel to rescue their friends who are being held hostage and stop a mad South American dictator's plans to use the hotel's supercomputer to unleash a nuclear holocaust. Highly reminiscent of Die Hard, right down to a scene where Ryu bunjee-jumps off of the roof of the hotel skyscraper with a fire hose.",https://www.imdb.com/title/tt0099272/?ref_=sr_i_721
722. Cartel,1990,1h 46m,R,4.4,225,,"Chuck Taylor is a charter pilot who unknowingly smuggles cocaine for the Cartel into the U.S. Unfortunately he is captured by the feds. Ironically, so is Tony King, boss of the Cartel. The two are placed in the same cell, and a relentless battle of wills begins. King even has Taylor's family executed from behind bars. When King escapes from the prison, Taylor takes that as his cue to do likewise. He hunts down the members of the Cartel one by one, and gets vengeance for his loved ones in this ultra violent and bloody actioner.",https://www.imdb.com/title/tt0099227/?ref_=sr_i_722
723. Dream Trap,1990,1h 30m,,5.4,334,,"This boisterous comedy, set against the backdrop of college life, proves that every fantasy has a catch.",https://www.imdb.com/title/tt0099463/?ref_=sr_i_723
724. Manden der ville være skyldig,1990,1h 32m,,4.5,79,,Author Adam lives in a future society where adventure is forbidden. But he defies the ban and the authorities abduct his wife and child to reach Adam's fairy-tale publisher.,https://www.imdb.com/title/tt0100106/?ref_=sr_i_724
725. Tadap,1990,2h 15m,,6.4,16,,Chetna witness a road accident where underworld king Nagpal crushes a man under his wheels and runs away. CHetna tries to bring Nagpal to justice but police does not help. So she takes the help of a local goon to teach Nagpal a lesson.,https://www.imdb.com/title/tt0374259/?ref_=sr_i_725
726. The Station,1990,1h 32m,,6.9,412,,"It starts as a studio theatre: a good-natured, bit pedantic stationmaster performs his job at a railway station in the middle of nowhere. Eventually a beautiful, obviously very rich young woman enters the station and wants to buy a ticket. She has to wait, they start talking, get closer - high-society meets petty bourgeois. Then suddenly the mood turns around: the woman's fiance appears and tries to prevent the girl from leaving with increasing violence. The stationmaster interferes and the film becomes a thriller about a fight to the death.",https://www.imdb.com/title/tt0100686/?ref_=sr_i_726
727. Kung Fu vs. Acrobatic,1990,1h 39m,,5.7,415,,"An update of the 1960s Chinese martial arts story, Buddha's Palm, friends Charles and Chi (Andy Lau, Pak-Cheung Chan) visit Mainland China and discover an ancient cave that houses what is supposed to be the makeshift tomb of the legendary martial artist Lung Gim-Fei. The friends find an old spell book and practice some magic, which unintentionally breaks open a wall and releases a dormant princess (Joey Wang) and her handmaiden (Siu-Wai Mui). Charles and Chi take the Princess and her Handmaiden back to Hong Kong with them, unaware that they were followed by the just-awaken evil warlord, Tien Chien (Wah Yuen).",https://www.imdb.com/title/tt0102365/?ref_=sr_i_727
728. Horseplayer,1990,1h 29m,R,6.3,194,,"Bud is a strange loner who works in a liquor store by day and is addicted to betting on the horses at night. He lives in a low-rent building in an even lower-rent section of town, and one day a couple, who appear to be brother and sister, move into Bud's building. Soon the sister begins to try to seduce Bud, but not for the reasons one would expect, as she and her ""brother"" aren't what they appear to be--but neither is Bud.",https://www.imdb.com/title/tt0099796/?ref_=sr_i_728
729. The Closer,1990,1h 27m,R,4.9,173,,Aiello plays a powerful salesman whose world is falling apart.,https://www.imdb.com/title/tt0101596/?ref_=sr_i_729
730. Father,1990,1h 46m,PG-13,7.0,229,,"On a TV tabloid show, Iya Zetnick exposes Joe Mueller as the Nazi war criminal who killed her family. Mueller is arrested, but prevails in a trial. Zetnick breaks into his house, and kills herself in front of his family. His daughter, who had stood by him, becomes convinced Zetnick was right, and rejects her father after he admits his guilt.",https://www.imdb.com/title/tt0097339/?ref_=sr_i_730
731. Payback,1990,1h 30m,,4.6,108,,A right-wing revolutionary group called Strikeforce goes on a kidnapping and murdering spree in order to obtain a lethal top secret weapon. A Vietnam Vet called Jason Shepherd is called in to track the group down.,https://www.imdb.com/title/tt0095840/?ref_=sr_i_731
732. Pyar Ka Karz,1990,2h 41m,,6.8,68,,"Bombay-based Dr. Naina meets with musician and singer, Ravi Shankar, and both fall in love with each other. When Ravi returns from a concert in Delhi, he finds Naina getting married to Shekhar alias Shaka, an ex-convict. Heartbroken, he stops singing, meets with distraught Seema Sanyal, both fall in love with each other, get married, and become parents of a baby girl, who they name Naina. Then Seema is killed, Ravi finds out that the killer is Lalji, who was responsible for tormenting her with phone calls 'Hello Hello Jee', confronts and kills him. When Underworld don, Rajpal, finds out he befriends Ravi and makes him his partner-in-crime. Bombay's Police Commissioner, Arun Kumar, decides to undertake to arrest Ravi by his own hands and is determined to put an end to Ravi and Rajpal's respective criminal careers. Looks like Ravi's career and life are soon come to an end - when he will either be killed by a bullet or face the gallows.",https://www.imdb.com/title/tt0155073/?ref_=sr_i_732
733. Keaton's Cop,1990,1h 40m,R,4.3,310,,"When a ruthless mob hit-man mistakenly murders the wrong guy, a detective (Lee Majors) and his partner (Don Rickles) are ordered to protect the intended target (Abe Vigoda) in this hard-edged action-comedy.",https://www.imdb.com/title/tt0097655/?ref_=sr_i_733
734. Sight Unseen,1990,1h 34m,R,3.6,348,,"Alice barely survived a frenzied attack by a serial killer, that robbed the lives of her daughter and boyfriend. When Alice is released from the mental hospital, she is haunted by visions of her dead daughter.",https://www.imdb.com/title/tt0098043/?ref_=sr_i_734
735. Mama,1990,1h 30m,,6.7,58,,"A young woman who has been abandoned by her husband is left to cope with her mentally challenged and epileptic 13-year-old son. Dong Dong suffered brain damage during an acute epileptic seizure at the age of 6. He seems to be good at nothing except trouble. Liang Dan, his mother, clings stubbornly to the hope that her child will be normal again some day. As Dong Dong is rejected from schools Liang Dan's efforts seem futile and she loses hope.",https://www.imdb.com/title/tt0104800/?ref_=sr_i_735
736. Maha-Sangram,1990,2h 39m,,5.4,234,,"Uttar Pradesh-based Vishal gets a telegram from Santa Cruz Police Station that his younger collegian brother, Arjun, is dead. Distraught he travels to Bombay, collects his brothers ashes, and finds out that Arjun met a violent death. With the aid of a street-smart con-woman and her mentor, Babu Kasai Hyderabadi, he then sets out to find who killed his brother - not knowing that soon he will be drawn into the dark world of Godha and Vishwaraj.",https://www.imdb.com/title/tt0100092/?ref_=sr_i_736
737. Juan Nadie,1990,1h 30m,,5.3,16,,"The lone gunman Juan Nadie wanders through the mountains because in the towns, given his fame, he is always challenged to fight.",https://www.imdb.com/title/tt0285251/?ref_=sr_i_737
738. Aawaz De Kahan Hai,1990,,,4.7,15,,"Shamu and Jamna are childhood lovers, a jealous Haria always tries to have a tiff with Shamu. Years later Shamu and Jamna are off marriageable age and continue their relationship.A jealous Haria returns to the village and is till jealous about them and tries to create hurdles. Shamu and Jamna's marriage gets fixed but Shamu meets with and accident and his whereabouts are unknown and everyone in village believes he has ditched Jamna. Haria is aware of all the things a round and takes advantage of the situation he convinces a widowed lady to marry her wealthy brother to her. Jamna's father agrees for the same for pride of the family, but on wedding night Jamna is shocked to see that her husband is double her age and widowed with two kids.Jamna's husband Sethji feels his sister has cheated on her and tells Jamna that she is free to go. But Jamna decides to settle with him and take care of his kids. Shamu returns back to the village and is shocked to hear that Jamna has got married.",https://www.imdb.com/title/tt0440005/?ref_=sr_i_738
739. El-Raqesah wa el-Seyasi,1990,1h 37m,,6.5,403,,A dancer asks a politician with whom she once had an affair to use his influence on her behalf.,https://www.imdb.com/title/tt1043534/?ref_=sr_i_739
740. Spies Inc.,1992,1h 33m,R,4.0,129,,"Spies from different nationalities stationed in a small Asian island work out a plot to create an international incident taking profit from it. Defrauding CIA through fake reports and running a front company using operating funds, they control the island and use the skills acquired in the service of their countries to pursue their personal dreams of wealth and happiness.",https://www.imdb.com/title/tt0096154/?ref_=sr_i_740
741. Liebesgrüße aus der Lederhose 7 - Kokosnüsse und Bananen,1990,1h 34m,,3.7,77,,,https://www.imdb.com/title/tt0289991/?ref_=sr_i_741
742. All the Vermeers in New York,1990,1h 27m,,6.4,1.2K,,"Anna, a French actress, is approached by financial broker Mark in the Vermeer room of a New York gallery. However, romance does not ensue.",https://www.imdb.com/title/tt0099014/?ref_=sr_i_742
743. Pacific Palisades,1990,1h 32m,,3.6,271,,"A woman from Paris, Bernadette, comes to the United States after being promised a job. When she arrives, however, she learns that she is the victim of a hoax.",https://www.imdb.com/title/tt0100319/?ref_=sr_i_743
744. Paavam Paavam Rajakumaran,1990,1h 57m,Not Rated,7.4,298,,An innocent and awkward guy is tricked by his roommates and is made to believe that a girl named Radhika is in love with him.,https://www.imdb.com/title/tt0278616/?ref_=sr_i_744
745. In the Spirit,1990,1h 34m,R,5.3,398,,"Marianne moves back to a nightmare New York City from Beverly Hills after her husband is fired from his job. She hires ditzy psychic Reva to redecorate her apartment, and they end up being pursued by a crazed killer.",https://www.imdb.com/title/tt0099841/?ref_=sr_i_745
746. In Gold We Trust,1990,1h 29m,,4.7,121,,"Story about a group of commandos trying to retrieve some gold, which is stored in a NASA capsule. During the operation, they confront another commando group led by two evil mercenaries (one of them a Communist called Kristoff) and a batallion of Japanese soldiers who are unaware that WWII is over.",https://www.imdb.com/title/tt0102107/?ref_=sr_i_746
747. Sandino,1990,2h 15m,,6.2,146,,The US tried to occupy Nicaragua in 1927. General Cesar Augusto Sandino and his guerrillas begin armed resistance.,https://www.imdb.com/title/tt0100546/?ref_=sr_i_747
748. Aye Auto,1990,2h 17m,Not Rated,7.1,723,,A poor auto-rickshaw driver and a girl from a rich family fall in love but are opposed by the girl's family with the sole exception of her grandfather.,https://www.imdb.com/title/tt0275207/?ref_=sr_i_748
749. Présumé dangereux,1990,1h 40m,,3.8,136,,"Adaptation of James Hadley Chase's novel. Having developed a revolutionary device that puts water in the mouth of all secret services in the world, professor Forrester is about to go on a conference in San Francisco under the protection of Tom Lepski, an insurer.",https://www.imdb.com/title/tt0100428/?ref_=sr_i_749
750. Cloud-Paradise,1990,1h 16m,,7.7,961,,"In a dreary Russian village, over-enthusiastic and underappreciated Kolya spontaneously announces that he has plans to leave for the far-east today, garnering far more attention and support than he anticipated.",https://www.imdb.com/title/tt0102574/?ref_=sr_i_750
751. Pati Patni Aur Tawaif,1990,,,4.9,68,,"Vijay Saxena is a well-known Bollywood actor-director in India. He lives with his wife, Shanti, and a child. When Bollywood actress Kiran throws a tantrum and walks out on his movie, Vijay is introduced to a prostitute by the name of Gauri. He likes Gauri and signs her up for his movie. Both Gauri and he get intimate, and as a result Gauri gets pregnant and gives birth to a daughter. Then Gauri meets with a young and wealthy movie financier by the name of Prince Kumar, and decides not to have to do anything with Vijay. She wants to bring up Vijay's daughter as a prostitute like herself, so that she is provided for in her old age. Vijay must now decide to end his marriage with Shanti, or continue to live with her, knowing fully well that his second child will grow up to be another prostitute.",https://www.imdb.com/title/tt0232291/?ref_=sr_i_751
752. Ganeshana Madhuve,1990,2h 21m,Not Rated,8.2,250,,"Ganeshana Maduve is a 1990 Indian Kannada film, directed by ""N S Dhananjaya (Datthu)"" and Produced by ""N S Mukund, H S Chandru, Smt B A Anasuya, Smt Veena Nagaraj"".The film Stars ""Vishnuvardhan, Aarathi, J V Somayajulu, Anupama, Manu, Sundar Krishna Urs, Musuri Krishnamurthy,"", in lead roles. The film had musical score by ""Upendra Kumar"". Watch the full Movie, Ganeshana Maduve , online, only On Eros Now.",https://www.imdb.com/title/tt0306882/?ref_=sr_i_752
753. End of the Night,1990,1h 50m,,7.0,31,,"Due to a domestic accident, a quiet and simple man will undergo drastic personality disorder changes, which will takes him to explore underground New York nightclubs.",https://www.imdb.com/title/tt0101813/?ref_=sr_i_753
754. The March,1990,1h 40m,,6.1,188,,"A group of several thousand Africans migrate westward across northern Africa and sail across the Strait of Gibraltar to Europe. Their message is: ""We are poor because you are rich.""",https://www.imdb.com/title/tt0165382/?ref_=sr_i_754
755. Flight from Paradise,1990,1h 52m,,5.2,94,,"In a futuristic society, an old man tells the legend of a strange medal to two children. In flashback, we learn that after a nuclear catastrophe, two teenagers were living in an artificial paradise, maintained by electronic means, and once decide to leave that shelter and escape using that same medal - a mini video-disc - in search of outer-space freedom.",https://www.imdb.com/title/tt0099621/?ref_=sr_i_755
756. Harababura,1990,1h 42m,,5.4,115,,"Since the awakening from the Iron Curtain, the nation starts to open towards recreation and fun activities, learning about how to spend a proper 'weekend'.",https://www.imdb.com/title/tt0264671/?ref_=sr_i_756
757. Carobnjakov sesir,1990,1h 15m,,8.3,835,,"Thistle the magician and his forest friends (from _The Elm Chanted Forest (1986)_) take on an ice emperor, Mrazomor, and his horde.",https://www.imdb.com/title/tt0333215/?ref_=sr_i_757
758. My Neighbours Are Phantoms!,1990,1h 31m,,5.9,71,,"An evil photograph with four possessed souls winds up in the possession of a pervert, whose home they take over by putting him into the picture. A nosy cop and his girlfriend notice the strange ongoings and one of the ghost's falls in love with the cop. But once the ghosts leave their home, all hell breaks loose.",https://www.imdb.com/title/tt0099807/?ref_=sr_i_758
759. The Quarry,1990,1h 25m,,7.8,34,,"Moshe (Sasson Gabay), a hard-living quarry worker in 1950s Israel is determined to get back at his boss, Nissim (Uri Gavriel), for stealing the woman he loved back in Casablanca - before either of them had immigrated to Israel. The running feud between the two brings life at the quarry, and at the migrant transit camp where they both currently live to a boiling point.",https://www.imdb.com/title/tt0100093/?ref_=sr_i_759
760. A Man Called... Rainbo,1990,1h 39m,,4.7,220,,"Redubbed ""comedy"" version of the early, very dated Sylvester Stallone film No Place to Hide (1970).",https://www.imdb.com/title/tt0100101/?ref_=sr_i_760
761. Los pelotones y Juan Camaney,1990,1h 40m,,6.1,40,,"The coolest ladies' man returns from south of the border, the incomparable Juan Camaney, in a relentless battle to win over the fairer sex",https://www.imdb.com/title/tt0238504/?ref_=sr_i_761
762. Pyar Ke Naam Qurban,1990,2h 14m,,5.9,79,,"A motor mechanic, Billu Chaudhary, creates waves in the local community when he dares to play Holi with the arrogant and wealthy Rajkumari Devika Singh. When she has him beaten and imprisoned by the police, he decides to avenge this humiliation by abducting her and inviting the wrath of her brother, Yeshwant - who sexually molests local women with impunity, who wants him dead at any and all costs.",https://www.imdb.com/title/tt0363915/?ref_=sr_i_762
763. Ensuring Your Place in Hell,1990,2h 32m,,,,,,https://www.imdb.com/title/tt41462387/?ref_=sr_i_763
764. You're Driving Me Crazy,1990,1h 23m,TV-14,4.4,65,,"In a mental ward, patients with delusions include a man thinking his parents are aliens, a murderous TV producer, and a photographer obsessed with self-help records.",https://www.imdb.com/title/tt0348461/?ref_=sr_i_764
765. Outlaw Brothers,1990,1h 37m,,6.7,321,,"Follows the exploits of two car thieves, and the female police officer who is on their trail.",https://www.imdb.com/title/tt0096513/?ref_=sr_i_765
766. L'avaro,1990,1h 57m,,6.0,421,,"Misery money-lender Arpagone is looking to arrange three weddings simultaneously to cut down on costs. One for himself and the others for his two children. Of course he doesn't approve of the choices his son and daughter have made, and conspires to arrange more well to do spouses against their will. However, fate will prove itself to be on the side of true love, not of the greedy.",https://www.imdb.com/title/tt0096859/?ref_=sr_i_766
767. Las Travesuras de Super Chido,1990,1h 35m,,8.0,12,,,https://www.imdb.com/title/tt0320656/?ref_=sr_i_767
768. Deep Sleep,1990,1h 27m,,5.4,95,,"Shelly, institutionalized following the death of her father, returns home desperate for answers about his death. Her memories return, revealing long-repressed dark family secrets.",https://www.imdb.com/title/tt0099394/?ref_=sr_i_768
769. Sleazy Dizzy,1990,1h 28m,,5.3,285,,"A common thief and an employee of a Hong Kong stock company try to help an amnesia-plagued undercover cop to regain his memory and locate the whereabouts of the 50 million dollars cash used in a drug deal. In the meantime, they try to avoid becoming victims of the crime-lord that was responsible for embezzling 50 million dollars out of the stock company.",https://www.imdb.com/title/tt0100970/?ref_=sr_i_769
770. Fire Phoenix,1990,1h 30m,,6.2,24,,"After stumbling across a mob hit, a man must run for his life, trying to stay ahead of vicious mercenaries after the $1 million bounty placed on his head.",https://www.imdb.com/title/tt0099761/?ref_=sr_i_770
771. Isa-isahin ko kayo,1990,,,,,,,https://www.imdb.com/title/tt0499140/?ref_=sr_i_771
772. L'Élégant Criminel,1990,2h,,6.1,418,,"A notorious criminal awaits execution while receiving visits from his closest companion, his lover, a writer-journalist, and the police chief in his prison cell.",https://www.imdb.com/title/tt0099965/?ref_=sr_i_772
773. Kwagga Strikes Back,1990,1h 32m,,6.4,406,,"Kwagga Robbertse owns a farm shop in the fictional Southern African country of Nambabwe and usually cons foreign tourists by pretending to kill a lion, thus earning him the nickname 'Urumbo' (Lion Killer) from the country's natives. Kwagga is upset when the UN sends a platoon of incompetent soldiers with the United Nations Transition Assistance Group (U.N.T.A.G), to monitor the peace process, and ensure free and fair elections after the Nambabwean War for Independence. The U.N.T.A.G's American leader, Major Braddock D. Mackay and his second-in-command, Captain Zapman are offered a diamond worth a lot of money in the U.S., and they must pay 200,000 USD to Doon Robbertse, Kwagga's competitive brother trying to buy a farm left to them by their late father.",https://www.imdb.com/title/tt0099961/?ref_=sr_i_773
774. Pantyhose Hero,1990,1h 39m,,6.4,255,,Two policemen must pretend to be a gay couple in order to investigate the murders of homosexuals in Hong Kong.,https://www.imdb.com/title/tt0101009/?ref_=sr_i_774
775. Hum Se Na Takrana,1990,2h 25m,Not Rated,5.1,82,,"Young, orphaned and homeless Amar rescues young Vijay, and gets adopted by his single mother, Ganga. Both children grow up in Sharifpur, a town that is oppressed by Thakur and his goons, with Amar making a lot of sacrifices so that Vijay gets a good education. He even gives up his love for Sundari after he finds out that Vijay loves her. After Vijay completes his education, he becomes a police inspector, returns home not to make life easier for Amar but to arrest him - not only for Theft - but also for murder.",https://www.imdb.com/title/tt0359444/?ref_=sr_i_775
776. C'era un castello con quaranta cani,1990,1h 38m,,5.1,129,,"A Milanese manager inherits a castle in Tuscany and moves there with his girlfriend and her little son, transforming it into a dog nursery.",https://www.imdb.com/title/tt0158537/?ref_=sr_i_776
777. Tokyo Heaven,1990,1h 49m,,6.4,187,,"A pampered young model is killed in a traffic accident. Given the chance to return to earth, she becomes involved with the advertising executive who is trying to cover up her death.",https://www.imdb.com/title/tt0100794/?ref_=sr_i_777
778. Coldfire,1990,1h 42m,R,4.1,243,,"A veteran police sergeant and a pair of rookie cops discover that a new, popular drug on the streets of Los Angeles is the foundation of a sadistic conspiracy to destroy America.",https://www.imdb.com/title/tt0101599/?ref_=sr_i_778
779. Lonely in America,1990,1h 36m,PG-13,4.8,128,,"The dreams and aspirations about America and life of Arun, a young Indian in his 20s, change as he struggles to fit into a new and alien culture. His strained relationship with his rigidly traditional uncle, Max, further complicates his dilemma.",https://www.imdb.com/title/tt0102330/?ref_=sr_i_779
780. Godi Gulabi,1990,2h 26m,,6.7,18,,Anil and Dilip are close friends and room mates. They fall in love with Kalpana and Hema unaware they are twin sisters and a confusion starts between the friends as they think they have fallen for the same girl.,https://www.imdb.com/title/tt0246651/?ref_=sr_i_780
781. Forsaken Beach,1990,1h 9m,,4.9,42,,"A group of young men gather on a deserted beach. One of them brings his girlfriend. Very soon, the usual picnic turns into a drunken orgy with violence.",https://www.imdb.com/title/tt0412643/?ref_=sr_i_781
782. Mr. Chief,1990,1h 20m,,7.6,869,,"A pitiless judge makes a wrong judgement and makes an innocent man sentenced to death. After, with the help of his conscience he changes his view of law and his whole life.",https://www.imdb.com/title/tt1279180/?ref_=sr_i_782
783. Escape from the 'Liberty' Cinema,1990,1h 32m,PG,7.1,1.4K,,"During the screening of the film ""Daybreak"" at the Liberty Cinema, movie characters suddenly come alive and begin to talk to the viewers. The situation surprises communist authorities who send a censor to the theatre.",https://www.imdb.com/title/tt0103150/?ref_=sr_i_783
784. Fatal Vacation,1990,1h 36m,,6.2,279,,A pleasant trip to the Phillipines is turned into tragedy when the tour bus is kidnapped by a group of rebels that want to exchange the prisoners for the Rebel Leader's brother.,https://www.imdb.com/title/tt0096811/?ref_=sr_i_784
785. The Second Circle,1990,1h 32m,,7.1,831,,A man tries to come to terms with his father's death and to deal with the mundane details of his burial in a society cut off from spirituality.,https://www.imdb.com/title/tt0100563/?ref_=sr_i_785
786. The Champion,1990,1h 32m,,6.7,249,,"À 10 ans, Corina rêve d'être admise à la célèbre école de gymnastique de Deva, une petite ville de Roumanie réputée pour avoir formé un nombre impressionnant de championnes olympiques. Tout d'abord refusée, Corina réussit, à force d'entraînement et de sacrifices, à passer le test d'entrée tout comme sa meilleure amie Maria. Dès lors, débute pour elles la véritable épreuve: devenir les meilleures au monde.",https://www.imdb.com/title/tt0099215/?ref_=sr_i_786
787. Keiko en peligro,1990,1h 30m,Not Rated,6.2,98,,Keiko is an extra terrestrial whale from a planet identical to Earth.,https://www.imdb.com/title/tt0319658/?ref_=sr_i_787
788. La batalla de los Tres Reyes,1990,2h 17m,,6.2,126,,Various battles including that of Lepanto.,https://www.imdb.com/title/tt0099111/?ref_=sr_i_788
789. Vaikai is Amerikos viesbucio,1990,1h 28m,,7.9,760,,"Rebellious Lithuanian teenagers in early 1970s are immensely influenced by Western culture, especially Radio Luxembourg, the Rolling Stones and Woodstock. After taking part in a hippie camp at the seaside, problems start to ensue.",https://www.imdb.com/title/tt0337383/?ref_=sr_i_789
790. Eternity,1990,1h 50m,R,2.6,212,,"Television producer James has an extremely vivid dream, in which he is a Prince struggling to keep the kingdom at peace against the wishes of his warfaring brother, while at the same time competing with his brother for a woman's love. The figures in his dream match those in his real-life, with his brother being an aggressive business man trying to buy James out, the King being James' advisor, and the woman being an actress recently cast for a commercial at his studio. Seeing his dreams as a message about his life, James decides to act on their guidance, even though they lead him into the fight of his life.",https://www.imdb.com/title/tt0097298/?ref_=sr_i_790
791. OL renzoku rape: Kyonyû musaboru,1990,1h,,4.6,47,,"Following surgery to enhance her breasts, an office worker is raped. The rapist's son, setting his Oedipal gaze on his father's victim, locates her and they begin an ill-fated sadomasochistic affair that leads to a bloody killing spree.",https://www.imdb.com/title/tt0291397/?ref_=sr_i_791
792. Bathroom Intimacy,1990,1h 18m,,6.2,122,,"Study of a family in crisis, revealed through the bathroom habits of its various members.",https://www.imdb.com/title/tt0097585/?ref_=sr_i_792
793. Carrera contra la muerte,1990,1h 30m,,6.9,18,,"Two brothers suffer the death of their gambling father at the hands of a bad loser. While one studies, the other supports him by gambling and racing cars.",https://www.imdb.com/title/tt0379728/?ref_=sr_i_793
794. Nagarangalil Chennu Raparkam,1990,2h 35m,Not Rated,7.0,312,,"After Kunhikannen's father has a bad dream, he isn't allowed to go out anymore. When an old friend of Kunhikannan arrives, both escape and go out to the real world which he has never got to know before. But there he learns the reality. The hard business of life...",https://www.imdb.com/title/tt0282779/?ref_=sr_i_794
795. Struck by Lightning,1990,1h 45m,,6.9,159,,"This little comedy is set in a small factory come halfway home, employing only handicapped people. Ollie Rennie is the boss and sometime minder of all his workers. He employees Pat Cannizzaro to help get all his workers into some sort of sport, and Pat just happens to be a soccer teacher. He forms a team and tries to take them all the way, with some funny results.",https://www.imdb.com/title/tt0100709/?ref_=sr_i_795
796. On the Block,1990,1h 36m,R,5.1,55,,"A stripper and a vice squad lieutenant become romantically involved in this contemporary drama set in the adult entertainment zone in 1980s Baltimore, Maryland.",https://www.imdb.com/title/tt0100293/?ref_=sr_i_796
797. Insaaf Ka Suraj,1990,,,,,,,https://www.imdb.com/title/tt4411940/?ref_=sr_i_797
798. Avariya - doch menta,1990,1h 39m,,6.7,661,,"Her life motto is: ""I like everything that you don't like."" She protests everything. But under her ""metal"" shell - a lonely and suffering soul. Saving his daughter, the guardian of the law takes justice into his own hands.",https://www.imdb.com/title/tt0096858/?ref_=sr_i_798
799. Zakhmi Zameen,1990,,,5.6,30,,"Wealthy and aristocratic Thakur Pratap Singh lives in a palatial mansion, and has a dream of building a dream house, similar to the Taj Mahal, with the help of his Architect brother. In order to do this, he must first get rid of the villagers, and take possession of their respective lands. He runs into problems when Mangal and a few handful of villagers refuse to part with their lands. Pratap Singh, his brother, and some of his goons get together and convive a deadly plan that will result in the death of Mangal and the villagers who are opposed to selling their lands. The plans is carried out, and Mangal is at first crippled, and finally brutally killed. Then Mangal's infant son is killed in his cradle, leaving his mother, Radha, alone and devastated to face life at the mercy of the cruel Thakur and his men. Pratap Singh dreams materialize when his brother finally arranges the construction of their dream house. But their dreams will soon turn to nightmares when they find out that Radha has joined a gang of dacoits, and is out to kill them - one by one. The Thakur, together with his wife and infant daughter, Mona, must now decide to re-locate or else face certain death.",https://www.imdb.com/title/tt0370088/?ref_=sr_i_799
800. Towards Evening,1990,1h 39m,Not Rated,6.4,302,,"Professor Ludovico Bruschi is an elderly Communist whose desire is that of living in an orderly and socially just State. But disorder is just about to break into his life, first of all in the shape of his granddaughter Papere and then in that of Papere's mother Stella, his son's companion. The relationship between Oliviero, Bruschi's son, and Stella has come to an end perhaps because of the extreme youth of the two lovers. Now Professor Bruschi is obliged to come to terms with the gloomy, ignorant, offended Stella whose head is full of false and destructive ideals and who disturbs his way of living out daily life. The professor loses his patience and Stella leaves. He looks for her and finds her in hospital with a broken leg. The two of them begin to grow close and then, without realizing it, they come to love each other immensely. Stella's leg gets better and she goes off to look for new relationships, new experiences, while the Professor goes on waiting for her: and all this in the presence of Papere, too young to understand.",https://www.imdb.com/title/tt0103200/?ref_=sr_i_800
801. Chibi Maruko-chan Movie,1990,1h 34m,,7.1,135,,"The film follows Maruko, a cheerful little girl who returns to school at the start of the new term, where she is placed in a group with her friends Uno and Sugiyama.",https://www.imdb.com/title/tt2167725/?ref_=sr_i_801
802. Farlig leg,1990,1h 30m,,4.2,50,,"Pia is a young girl who lives with her peer boyfriend Michael. However, she is persuaded to resume some form of connection with her slightly older ex-lover. A connection that mostly consists of erotic games that her boyfriend eventually becomes a part of.",https://www.imdb.com/title/tt0123067/?ref_=sr_i_802
803. Easy Kill,1990,1h 29m,R,3.7,137,,"A bar owner/ex cop winds up in a scheme involving drug smuggling, murder, and seduction.",https://www.imdb.com/title/tt0097259/?ref_=sr_i_803
804. False Identity,1990,1h 33m,PG-13,5.3,180,,"When Rachel, a radio personality, discovers a Purple Heart at a garage sale she decides to find out its history. She finds that the medal belonged to a man named Harlan Erickson, a long-lost brother of the town's leading citizen.",https://www.imdb.com/title/tt0099541/?ref_=sr_i_804
805. Karishma Kali Kaa,1990,2h 1m,,5.6,30,,"A devout village woman is framed for theft and murder after being assaulted by four men. Blessed with mystical powers by a holy man, she pursues justice while developing feelings for a police inspector investigating her case.",https://www.imdb.com/title/tt0363737/?ref_=sr_i_805
806. The Final Sanction,1990,1h 25m,R,4.2,272,,"After war breaks out between the U.S. and Russia, the two countries decide to settle the conflict by putting its two best warriors into an arena in a fight to the death.",https://www.imdb.com/title/tt0101876/?ref_=sr_i_806
807. Il segreto,1990,1h 50m,,4.4,51,,"A tentative affair begins between two people who meet in hospital. When they go to live in a shanty town, they are persecuted by a mysterious neighbour.",https://www.imdb.com/title/tt0100572/?ref_=sr_i_807
808. The Passion of Bernadette,1990,1h 46m,TV-G,6.6,170,,Bernadette knows she's been chosen to be the Bride of the Lord.,https://www.imdb.com/title/tt0338330/?ref_=sr_i_808
809. Kizhakku Vasal,1990,2h 24m,,7.9,517,,"A young orphaned girl is taken care of by a prostitute, when she grows up; she falls in love with a young man in the village. But, the village head also likes her and tries to separate them; but they fight him and stay together.",https://www.imdb.com/title/tt0319690/?ref_=sr_i_809
810. Ritual of Death,1990,1h 24m,,4.9,145,,"When a local acting company decides to stage an updated version of an Egyptian ritual involving human sacrifice, they unleash a dark and evil force. A vengeful satanic priestess uses the acting troupe to summon the spirit of a fanatical cult leader.",https://www.imdb.com/title/tt0100498/?ref_=sr_i_810
811. Widow Warriors,1990,1h 32m,,6.2,43,,"The males in a triad family are betrayed and gunned down by a rival gang. The women in the family - from the matriarch to the youngest - decide that rather than sit around and mourn their men, they will extract revenge.",https://www.imdb.com/title/tt0097535/?ref_=sr_i_811
812. Machete: Istatwang buhay,1990,1h 36m,,6.7,24,,"A machete-wielding sculpture mysteriously comes alive helps people, fulfills the sexual fantasies of its sculptress and goes back to being lifeless again.",https://www.imdb.com/title/tt0402352/?ref_=sr_i_812
813. Beyond the Ocean,1990,1h 36m,,5.8,30,,"US businessman abandons his successful company and travels to Bali, Indonesia, to let loose, drink and party with beautiful women. He also starts a video diary. His associate Ellen arrives to convince him to go back.",https://www.imdb.com/title/tt0099130/?ref_=sr_i_813
814. Face the Edge,1990,1h 25m,,4.7,41,,"Stranded by a snowstorm, a doctor, a professional skier, and a policeman meet at a ski lodge to discuss their lives until the present.",https://www.imdb.com/title/tt0291897/?ref_=sr_i_814
"815. Mondo Topless, Too",1990,,,6.8,11,,,https://www.imdb.com/title/tt10912442/?ref_=sr_i_815
816. Awaargi,1990,2h 29m,Not Rated,6.0,238,,"Azad(Anil Kapoor), a mob enforcer who rescues the lovely Seema (Meenakshi Seshadri) from a brothel against the orders of both his boss and a rival gang leader. He vows to help her become a singer, and enlists Dhiren (Govindra) to help her, but things become complicated when both men fall for Seema--and the gangsters decide they want her back.",https://www.imdb.com/title/tt0099076/?ref_=sr_i_816
817. Requiem for Dominic,1990,1h 25m,R,6.9,106,,"A drama between revolution and order, captured partly on film, partly on video adding to the gritty reality of the time, place and events as they unfolds in Eastern Europe as the ""Iron Curtain"" collapsed.",https://www.imdb.com/title/tt0100476/?ref_=sr_i_817
818. My Blue Heaven,1990,1h 35m,,5.0,143,,"Hans falls in love with Brenda, an Indonesian girl. Hans' father sells an old building to Brenda's father, so that he can open an Indonesian restaurant there. Hans' father is the owner of a snackbar himself. The restaurant becomes very successful, but some racists can't handle that, so they set the snackbar on fire.",https://www.imdb.com/title/tt0100213/?ref_=sr_i_818
819. Jamai Raja,1990,2h 23m,,5.4,719,,"The conflict between Mother-in-law and Daughter-in-law is very common in every family. But in our exemplary story, there is a conflict between Mother-in-law and Son-in-law. Millionaire Durgeshwari Devi is a very stubborn and proud lady. She has two sons, who are employed in her factory. Her pet daughter Rekha is studying in a medical college in Bombay. Everybody is scared of Durgeshwari in the house. In Raja's house, his mother Devki and his adopted sister Indu are staying. They are poor people. Raja is trying for a job. It is a co-incidence that he falls in love with Rekha. When this news is conveyed to Durgeshwari by her Secretary Shakti, she get enraged. Raja marries Rekha secretly. Durgeshwari has to accept Raja as her son-in-law and invites him along with her daughter to stay in her house. But it is her keen desire that Rekha must be separated from Raja and she tries her best to create hatred between them. But truth prevails. During the events that are unfolded, Durgeshwari finally accepts Raja as her son-in-law.",https://www.imdb.com/title/tt0102148/?ref_=sr_i_819
820. How to Live in the German Federal Republic,1990,1h 23m,,7.4,148,,"An oddity: a mock-documentary, satirizing West German life, from the perspective of a leftwing East German filmmaker.",https://www.imdb.com/title/tt0277794/?ref_=sr_i_820
821. Only One Survived,1990,1h 40m,,6.8,33,,Four buddies battle the elements and one another when they become stranded in bad weather.,https://www.imdb.com/title/tt0100296/?ref_=sr_i_821
822. La punyalada,1990,1h 57m,,6.5,24,,"Banditry in northern Catalonia during the 19th century, just after the last Carlist war.",https://www.imdb.com/title/tt0098144/?ref_=sr_i_822
823. Ishanou,1990,1h 34m,,7.7,90,,"The harmony in a family in the Manipur Valley, is disrupted by the sudden transformation of a gentle, young wife into a violent woman prone to fits of wild visions. She then goes in search of the Meibi Guru, whom she thinks has chosen her to be initiated into the sect. Her pleasure then lies in the devotion and love through dances and music. She finds total solace in the vivid and colorful performing arts.",https://www.imdb.com/title/tt0175776/?ref_=sr_i_823
824. Marcados por el destino,1990,1h 33m,,,,,"A social drama about characters struggling to succeed in the city, only to see their dreams crushed.",https://www.imdb.com/title/tt0393456/?ref_=sr_i_824
825. My Cinemas,1990,1h 30m,,5.9,440,,Nesibe is the daughter of a poor family living in a suburb of Istanbul. She suffers violence and oppression in her family. Her only consolation is the glittering world of motion pictures.,https://www.imdb.com/title/tt0279684/?ref_=sr_i_825
826. Zahreelay,1990,2h 43m,,4.7,153,,"After being critically wounded and losing his left arm, Captain Jaswant Kumar is discharged from the Indian army and goes to live with Journalist A.V. Razdan in Shanti Nagar, Bombay. Ironically, Shanti Nagar is far from peaceful as it is ruled by extortionists like Peter Gonsalves and Jaichand Khurana who work for underworld don, Taneja. Jaswant and a local taxi-driver, Raju Varma, decide to put up a fight and attempt to drive the goons away - with considerable success much to the chagrin of Taneja, who hires a killer named Raaka to do away with them. Instead they end up befriending Raaka and join forces against Taneja himself. But Jaswant and Raju will soon find out that Raaka never befriends anyone and always disposes off his enemies when they end up getting arrested for smuggling and are sentenced to two years in prison - leaving Taneja and his men to carry on with their nefarious activities.",https://www.imdb.com/title/tt0172622/?ref_=sr_i_826
827. Aquí huele a muerto... (¡pues yo no he sido!),1990,1h 28m,,4.0,437,,"The Count of Capranegra, accompanied by his chamberlain, travels to Soborlskaia to claim the castle of his great-great-grandfather who died in strange circumstances. But to get the fortune he must first pass a difficult test.",https://www.imdb.com/title/tt0096830/?ref_=sr_i_827
828. Stan the Flasher,1990,1h 7m,,4.8,178,,"The story of Stan, a misunderstood poet, who makes a living teaching English to schoolchildren while writing a screenplay on the side.",https://www.imdb.com/title/tt0100678/?ref_=sr_i_828
829. Old Explorers,1990,1h 40m,PG,6.1,54,,Two senior citizens while away the twilight of their lives recreating world explorations and adventures.,https://www.imdb.com/title/tt0100287/?ref_=sr_i_829
830. Tistou the Green Thumb,1990,1h 15m,,7.8,50,,,https://www.imdb.com/title/tt5390044/?ref_=sr_i_830
831. Soldier of Fortune,1990,1h 30m,,5.0,103,,"A mercenary is hired to take a professor out to a desolate area where a Russian MIG has crash-landed in order for the professor to check out the plane so they can take it away. However, the Russians don't want anyone but themselves getting their hands on the plane, because as it turns out the plane isn't quite what it's supposed to be.",https://www.imdb.com/title/tt0094004/?ref_=sr_i_831
832. Naya Khoon,1990,1h 58m,Not Rated,5.1,22,,"Veerendra Pratap Rai is a wealthy businessman who lives in a palatial house with his son, Vikram, and daughter, Seema. Vikram is an alcoholic and womanizer, while Seema is the opposite, and is qualified to practice medicine in India. She meets with fellow doctor, Anand, who comes from a poor background, and both are attracted to each other, and fall in love. They decide to get married, but Seema's brother will not hear of his sister getting married to a poor man, but would prefer that she marry Dr. Anil Verma, who is equally wealthy. But Seema is adamant, and will only marry Anand. Then tragedy strikes when a patient, who was being treated by Anand dies, and the cause of death was that the patient was induced with a spurious drug. Anand faces a public inquiry, and with the evidence stacked against him, he may lose his job, and never be able to marry Seema.",https://www.imdb.com/title/tt0458867/?ref_=sr_i_832
833. Pyasi Dulhan,1990,,,,,,,https://www.imdb.com/title/tt3522462/?ref_=sr_i_833
834. Michael and Madonna,1990,,,7.7,28,,"TWO FRIENDS, A MALE AND A FEMALE, WHO LIKE MIMICKING POP ARTISTS MICHAEL JACKSON AND MADONNA, HELP BUST A DRUG SYNDICATE.",https://www.imdb.com/title/tt0349821/?ref_=sr_i_834
835. Manasu Mamata,1990,,,7.5,35,,"Unexpected events lead Naresh to wed Sitara, a widow. Over time, they bond, welcoming two kids, Tarun and Baby. Naresh later discovers Tarun isn't his biological son when Sitara's former father-in-law seeks Tarun's adoption.",https://www.imdb.com/title/tt0250571/?ref_=sr_i_835
836. Ultraman: Towards the Future,1990,1h 35m,,6.6,28,,,https://www.imdb.com/title/tt0328596/?ref_=sr_i_836
837. Shredder Orpheus,1990,1h 28m,Not Rated,5.2,244,,Skateboarder named Orpheus and friends go to Hell to stop television signals that are brainwashing America.,https://www.imdb.com/title/tt0246231/?ref_=sr_i_837
838. The Bachelor,1990,1h 45m,PG-13,6.3,153,,A Pre-World War I physician in Austria struggles with his decision about which woman he will marry. Miranda Richardson plays the roles of two different women in his life.,https://www.imdb.com/title/tt0102449/?ref_=sr_i_838
839. Turné,1990,1h 31m,,7.0,1.2K,,"Two actors leave on a theatrical tour, but there is a matter to be settled: one has become the lover of the other's girl-friend and since they are very good friends, cannot bring himself to tell him.",https://www.imdb.com/title/tt0100699/?ref_=sr_i_839
840. Thief of Dolls,1990,1h 17m,,6.3,1.4K,,Leila and Bahram's mother wants to get a loan to buy a house for her children to live in. But the villain old lady sends her son Ganjo to steal the money. The children decide to sell their dolls to gather the money for buying a house again but Ganjo this time steals the dolls too. They go after Ganjo chasing him to his house but he trapped them. The dolls hurry to save the children and the police is coming too.,https://www.imdb.com/title/tt0123046/?ref_=sr_i_840
841. Kottayam Kunjachan,1990,2h,,7.4,989,,"The story revolves around Kottayam Kunjachan (Mammootty), an erstwhile thug, who has just been released from jail.",https://www.imdb.com/title/tt0271601/?ref_=sr_i_841
842. The Sword of Bushido,1990,1h 44m,,4.5,194,,Richard Norton plays a Bushido-trained ex-Navy SEAL named Connors (he was in 'Nam) who ends up in the far east after investigating the whereabouts of an ancient Japanese ceremonial sword. Connors is left wondering whether the trip was such a good idea when Japanese gangsters start hassling him and his team of guerrilla fighters.,https://www.imdb.com/title/tt0098422/?ref_=sr_i_842
843. Women's Ward,1990,2h 26m,,7.4,512,,"Murat is a charismatic political prisoner in Malatya. He is well respected by both inmates and prison officers. There he meets two women: Tozey, a famous prostitute, and Hanim, a defenseless woman accused of murdering her husband.",https://www.imdb.com/title/tt0288588/?ref_=sr_i_843
844. H,1990,1h 34m,,6.4,180,,Two junkies lock themselves in an underground apartment in a desperate attempt to wean themselves off heroin.,https://www.imdb.com/title/tt0128246/?ref_=sr_i_844
845. Camdan Kalp,1990,1h 44m,,6.7,237,,"A scenario writer who struggles to have any of them filmed, delves into problems of his housemaid.",https://www.imdb.com/title/tt0176589/?ref_=sr_i_845
846. Started with the Heart,1990,1h 45m,TV-14,6.6,31,,"Star Cinema presents ""Nagsimula sa Puso"": Celina (Hilda Koronel), a young college professor, falls in love with one of her students, Carlo (Richard Gomez). When her mother (Armida Siguion-Reyna) finds out, she's not happy about it and seeks ways to end their relationship. When Carlo ends up in jail, his first instinct is to find Celina, the love of his life.",https://www.imdb.com/title/tt0398215/?ref_=sr_i_846
847. Seat Trouble,1990,1h 25m,,7.0,3.1K,,"Political satire comedy featuring the memories of a red leather chair. He is aware that no matter who the next governor will be, more corrupted will the system get. But only until the last governor who decides to set him on fire.",https://www.imdb.com/title/tt0252607/?ref_=sr_i_847
"848. Kys mor, skat!",1990,46m,,5.5,15,,,https://www.imdb.com/title/tt0238368/?ref_=sr_i_848
849. Springflod,1990,1h 45m,,5.9,254,,"Franco lives in a rough part of Copenhagen. His hooker mother has little time for him. Franco drifts into a life of crime, repeatedly confronting the authorities. To give him a new start, he's placed in a foster home far away from Copenhagen. His new family greets him with warm hospitality. There's also the beautiful countryside and, last but not least, the teen-aged daughter.",https://www.imdb.com/title/tt0100674/?ref_=sr_i_849
850. Island of Desire,1990,,,8.4,14,,,https://www.imdb.com/title/tt0438110/?ref_=sr_i_850
851. C.I.D.,1990,,,4.8,97,,"C.I.D. Inspector Veer( Vinod Khanna) wages war against organized crime. His nemesis is Roshan Lala (Kiran Kumar) the overlord of the drug and gold smuggling racket in India. So dangerous a man Roshan is Roshan Lala that no witness has ever dared to come forward to give evidence against him in court. Frustrated by the lack of evidence and witness needed to convict Roshan Lala, Inspector Veer manages to infiltrate a young undercover officer Raksha (Juhi Chawla) into Roshan Lala's organization. However she is soon discovered to a Police officer and ruthless shot down by Roshan in a deserted street. Fatefully, this murder is witness by Mr. & Mrs. Saxena a respectable middle aged couple whose only daughter Meghna is engaged to be married to Inspector Veer. Is Roshan Lala successful in his design? Does Inspector Veer convict Roshan Lala or does he lose his beloved forever?",https://www.imdb.com/title/tt0404843/?ref_=sr_i_851
852. Kali Ganga,1990,,,4.5,32,,"Gangavati lives along with her mother and two brothers Govinda and Chote their mother dies out of shock when Chote gets bitten up by Thakur Hukumchand's men.Thakur and is sons Charanjeet,Jagga and Shera fear the village and no one raises voices against them.Inspector Shiva takes charge of the village and comes to rescue of Gangavati and her family from Thakur and both fall in love.In absence of Shiva Tahkur's son rape Gangavati and kill Chote while Govinda is left with no strength in his hands after he is beaten by them.Gangavati then joins gang of Dacoits to complete her revenge and is known as Kali Ganga who wants to free villagers from Thakur's crimes.Shiva returns to the village and is shocked to see that Gangavati has turned a Dacoait.",https://www.imdb.com/title/tt0099916/?ref_=sr_i_852
853. Shadyantra,1990,1h 55m,,5.9,26,,"Tabrez Khan is an orphan who lives with the Diwakar family, which consists of Police Inspector Raj; his journalist wife, Shobha; their son, Chintoo, and Raj's brother, Devdutt. Raj is killed and the Police are unable to apprehend his killers. Thereafter Devdutt joins the Police Force, does his work honestly and diligently and angers Bhawani Chaudhari, his senior officers, as well as differences arise between him and Tabrez, with the later leaving home to join the Police Academy. Months later Tabrez returns home as a Sub-Inspector - but nothing is the same anymore - Shobha is missing, Chintoo is dead, and Devdutt has been suspended, has taken to crime, and is wanted by the Police.",https://www.imdb.com/title/tt1023138/?ref_=sr_i_853
854. Stranger in the House,1990,,,3.5,29,,,https://www.imdb.com/title/tt4388494/?ref_=sr_i_854
855. Blood Clan,1990,1h 31m,R,5.7,107,,"In the past, a family is executed by soldiers for cannibalism - except for the little girl, Katy Bane McKay. She is adopted by Judge Mackay and goes home with him to Canada, where she grows up with no knowledge of her family's pass. Then, in the present, several deaths occur and people begin to think it's Katy Bane McKay. After all -- blood will out.",https://www.imdb.com/title/tt0099150/?ref_=sr_i_855
856. Abschiedsdisco,1990,1h 31m,,6.3,49,,"A village must be destroyed for coal mining. Henning, a 15-year-old boy who wants to visit his grandfather again, realizes that nothing will be the same anymore.",https://www.imdb.com/title/tt0098978/?ref_=sr_i_856
857. Hong Kong Gigolo,1990,1h 35m,,6.3,61,,"Cheng, Wai and Joe are gigolos. Cheng is losing his color because of age. Wai's profession bring his mother a broken heart. Joe is persuaded by his client to film their intercourse for the client's husband.",https://www.imdb.com/title/tt0100969/?ref_=sr_i_857
858. Badnaam,1990,,,,,,,https://www.imdb.com/title/tt2739808/?ref_=sr_i_858
859. City Hunter: Million Dollar Conspiracy,1990,45m,,6.9,381,,"While trying to promote the 'Saeba Firm' in an attempt to get more clients, Ryo and Kaori come across a beautiful blonde bombshell named Emily O' Hara, who's in need of protection. It seems that Emily angered some very dangerous people and now they've put a contract out on her and she's offered a million dollars to the Saeba Agency in return for protection. However, City Hunter will only take the job if Emily promises him some 'nookie' in-between, much to Kaori's dismay. It seems like an easy situation: take the easy job, get the easy money, then take it easy. But when Falcon informs Kaori during a trip to the grocery store that someone from Los Angeles has arrived to kill City Hunter, she and Ryo begin to suspect that Emily is not all she really appears to be. What is her real agenda? Is she really a cold-blooded assassin who has something personal against Ryo? Why is the C.I.A. taking an interest in City Hunter's client? And more importantly, will Ryo still get the nookie he was promised by the time the case is solved?",https://www.imdb.com/title/tt0159362/?ref_=sr_i_859
860. Casanova,1990,1h 16m,,4.5,82,,"Bertil and his buddy Hugo gets involved in a criminal, dramatic and complicated hunt on a precious diamond, after they steal it by a mistake.",https://www.imdb.com/title/tt0099228/?ref_=sr_i_860
861. Born in '45,1990,1h 34m,,6.5,299,,"DDR film from the mid-60s: Li and Al, not long married, want to divorce. They feel trapped in their marriage and in their one-room apartment. They long for an unconventional, meaningful life, but the search for meaning confounds them.",https://www.imdb.com/title/tt0059325/?ref_=sr_i_861
862. Vincent and Me,1990,1h 40m,,6.2,363,,Jo meets a mysterious art dealer who buys some of her drawings and commissions her to make more. She asks some friends for help and sets off to Amsterdam to look for the mysterious man.,https://www.imdb.com/title/tt0081721/?ref_=sr_i_862
863. Moroner Pore,1990,2h 37m,,8.8,74,,Parents of a middle class family along with their children are living happily. Suddenly an accident turns their world upside down.,https://www.imdb.com/title/tt5284164/?ref_=sr_i_863
864. King of Gambler,1990,1h 31m,,6.4,23,,,https://www.imdb.com/title/tt0099471/?ref_=sr_i_864
865. Ding et Dong le film,1990,1h 36m,,6.0,716,,"Two harum-scarums who think they are good stand-up comics try to make a career in showbiz, partly for the career, partly to seduce women. They try alternatively the scene, a movie set and TV. They only succeed in making a fool of themselves.",https://www.imdb.com/title/tt0099432/?ref_=sr_i_865
866. The Unmatchable Match,1990,1h 38m,,6.2,482,,"Ruthless gangster Guts pulls off a heist of diamonds, then enlists the aid of longtime triad member, Fei, to arrange a buyer for them. But when Guts double crosses the buyer, Fei ends up with the diamonds, wanted by both the cops and Guts.",https://www.imdb.com/title/tt0097348/?ref_=sr_i_866
867. Treasure of the Bitch Islands,1990,1h 48m,Not Rated,5.6,201,,"The world after the atomic age. An engineer disappears, together with his consortium (Kryo'Corp) and his discovery: a new energy source powered by the fusion of two primary substances. Ulysses, Kryo'Corp's heir, organises an expedition to the only place these substances occur.",https://www.imdb.com/title/tt0098531/?ref_=sr_i_867
868. Agneekaal,1990,2h 41m,,5.5,44,,"Bharat Nagar is a city in modern secular India that is terrorized by a gangster named Bhika, who is protected by the local politician, Gulabchand Jhakotia, his son, Police Inspector Bhushan, and the D.S.P. Anand Saxena. When Inspector Gurdayal Singh accumulates enough evidence to arrest Bhika, he is killed. Bhushan then attempts to molest an activist, Asha, but is stopped by Vijay, her fiancé. But Bhushan kills Vijay and ends up getting killed by Asha. The Police arrest Asha and hold her in a cell without permitting her to meet with anyone including her brother, Aadesh. Then Bhushan's position is filled with Inspector S.P. Jagdishan, who does attempt to bring law and order to this troubled city, and even permits Aadesh to meet with Asha. When Bhika kills the owner of the local newspaper 'Bharat Nagar Times', Jagdishan arrests him after D' Souza's daughter, Mary, comes forward to testify - only to get instructions for his transfer to distant Malegaon, and the immediate release of Bhika - who, together with Gulabchand, are now set to rule over Bharat Nagar - with no one bold enough to stand in their way.",https://www.imdb.com/title/tt0096775/?ref_=sr_i_868
869. Promotion canapé,1990,1h 32m,,4.4,592,,"Two women who want a raise, realize that they can easily get what they want, if they sleep with their boss.",https://www.imdb.com/title/tt0100425/?ref_=sr_i_869
870. Drishti,1990,2h 51m,,7.2,140,,"Sandhya and Nikhil's 8-year marriage ends when he leaves for a younger woman. After years apart and his divorce request, they meet again. Now he wants to return, but Sandhya has moved on and surprises him with her new independence",https://www.imdb.com/title/tt0099467/?ref_=sr_i_870
871. The Platinum Triangle,1990,1h 31m,,5.0,60,,Detective double investigates case of beautiful woman murdered along with lover.,https://www.imdb.com/title/tt0098100/?ref_=sr_i_871
872. Triad Story,1990,1h 35m,,5.6,215,,"An aging crime boss discovers his rebellious daughter is dating a punk. His former gang members try to bring her back using tricks and force, only to find out the punk is tied to the drug business in America, and is not to be messed with.",https://www.imdb.com/title/tt0121419/?ref_=sr_i_872
873. Ming Ghost,1990,2h 16m,,6.8,103,,"Yuan, Chonglu door magistrate's wife to the husband, because of sexual desire and dissatisfaction with the people of adultery, after being found was ""riding wooden donkey"" lethal torture. The magistrate's infant daughter Ah Ying (Joey Wang) is betrothed to the Wu Feng Yun. A newlywed husband Martial infant and a half months, to return home to visit Edie magistrate. Lovers in a tree halfway lots of rest. The rest, they never stepped into Edie's county threshold.",https://www.imdb.com/title/tt0103632/?ref_=sr_i_873
874. Orukkam,1990,2h 16m,Not Rated,6.1,25,,"Sethumadhava Kurup a.k.a. Sethu (Suresh Gopi) returns to his village in Kuttanadu after several years. He meets his old teacher, Kumaran master (Bahadoor) and informs him that he was running a hotel in Punjab but lost everything in the riots there. He opens a small tea-shop in the village. There, he meets his old flame Bhaagi (Sithara) who is now married. He also meets his uncle Koyikal Madhava Kurup (M S Thripunithura) who was responsible for his fleeing from the village and losing his girl. He returned to take revenge on his uncle but by the time his uncle already lost all his wealth. In the village, he also becomes friends with Anthrappayi (Jagathy Sreekumar) and Paramu (Mamukkoya). His happy second life in the village ends one night with the arrival of Chandru (Murali) from Bombay. It was revealed that Sethu was actually a henchman of Chandru in Bombay. Chandru asks him to take one more assignment or else he will reveal Sethu's real past to the villagers. Sethu had no choice but to take up the assignment and starts to Kodaikanal. In Kodaikanal he stays with Ramu (Vijayaraghavan) who was an old associate of his in Bombay. Sethu's assignment was to kill Radha (Ranjini) who teaches in a boarding school in Kodaikanal managed by Fr. Francis Arackal (Jose Prakash). One night Sethu went to murder Radha but was shocked to find her trying to commit suicide. Sethu instead saved her life and tries to found out who wants to kill her. Sethu understands that the person who wants to finish off Radha is actually Narayan Mehta (Lalu Alex) who is the boss of Chandru and Ramu. Narayan Mehta earlier married Radha as Narayanankutty for her money but later left her and made her believe that he died in an accident in Dubai. Radha met Narayanankutty, who is now a big businessman called Narayan Mehta, in Kodaikanal. Narayan Mehta orders Chandru to have Radha killed, to prevent his secrets getting revealed.",https://www.imdb.com/title/tt0275575/?ref_=sr_i_874
875. Shandar,1990,2h 26m,Not Rated,5.9,80,,"Poor Shanker loves middle-class Rani. Rich heiress Anita also wants him. When Shanker discovers her father Arjun's crimes and plans to expose them, Arjun hires hitman Dhaga to eliminate him.",https://www.imdb.com/title/tt0173188/?ref_=sr_i_875
876. Happy Ghost 4,1990,1h 28m,,6.1,261,,"A group of college kids discovers the remains of an evil warlord from an old cave and brings it to their dormitory, which ultimately awakens the warlord's ghost.",https://www.imdb.com/title/tt0097638/?ref_=sr_i_876
877. Jaka Sembung dan Dewi Samudra,1990,,,6.6,20,,Indonesian warrior Jaka Sembung returns with the help of the ocean queen to rescue his girlfriend from the Dutch colonists and an evil magician who have kidnapped her.,https://www.imdb.com/title/tt1866173/?ref_=sr_i_877
878. La discrète,1990,1h 34m,,7.0,1.1K,,"A heartbroken writer agrees to seduce a shy bookseller for a literary project. As he manipulates her for his book, genuine feelings begin to surface. His scheme unravels as he confronts his own cynicism.",https://www.imdb.com/title/tt0099436/?ref_=sr_i_878
879. Pod severnym siyaniyem,1990,2h 7m,,6.3,122,,"A profound friendship develops in Siberia between a Japanese hunter and a wolf, Buran, despite the hostile environment.",https://www.imdb.com/title/tt0100380/?ref_=sr_i_879
880. General's Son,1990,1h 48m,,6.4,310,,"The first chapter of the the General's Son trilogy follows Kim Du-Han's childhood, from the loss of his mother at age 8, to his rise as a gang leader who protects local vendors from expanding Yakuza forces in Japanese occupied Korea.",https://www.imdb.com/title/tt0099240/?ref_=sr_i_880
881. Sailaab,1990,,,5.2,249,,"Krishna is suffering from memory loss and is under the guidance of Dr Sushma. They fall in love and get married, but when Krishna gains his memory he tries to kill Dr Sushma.",https://www.imdb.com/title/tt0100539/?ref_=sr_i_881
882. The Disturbance,1990,1h 33m,,5.2,171,,"A psycho is on the prowl, and his victims are all beautiful women. The police must catch him before he kills again.",https://www.imdb.com/title/tt0099440/?ref_=sr_i_882
883. Khatarnaak,1990,3h 43m,,5.0,140,,"Raised in an atmosphere of hate, violence, and crime, Suraj alias Sunny is a cold-blooded killer, who mercilessly kills his victims for the right amount, usually following the instructions of his boss, Dhabariya. When Suraj is arrested, he is imprisoned and gets to meet Dr. Sangeeta Joshi. Suraj starts to fall in love with her, but Sangeeta will nothing to do with him, until he gives up his present way of life. Suraj does attempt to give up his criminal ways, only to find out that Sangeeta has married Yogesh Kothari, and his associates and those of their rival gang, Jaunpuriya, will not let him just walk away.",https://www.imdb.com/title/tt0361796/?ref_=sr_i_883
884. College Girl,1990,,,3.4,11,,College mates Aakash and Madhuri are in love.But Vicky son of a politician eyes on Madhuri and out of jealousy sexually assaults her.Madhuri then decides to punish Vicky with the law.,https://www.imdb.com/title/tt2881776/?ref_=sr_i_884
885. Jeene Do,1990,2h 5m,Not Rated,4.7,79,,"For years powerful landlords have held sway over the poor illiterate farmers, keeping them impoverished, making them work as bonded laborers for paltry loans they had taken years ago, but which now have ballooned with the interest charged on the principal. One such story is of Mukhiya Hardayal, who is on the Panchayat, and is opposed to the cruel practices of Thakur Sher Bahadur Singh. When Hardayal's wife, Krishna, passes away while delivering their second son, Karamveer, he begins to hate, treat him contemptuously, generally ignore him and holds him responsible for his wife's death. Hardayal spends all his love for his elder son, Suraj, who does live up to his father's expectations and excel in his studies, so much so that the Thakur himself loans some money to Hardayal so that Suraj can further his studies in Bombay. After Suraj leaves, Hardayal finds himself enmeshed in the Thakur's loan, unable to re-pay it with the interest, he is severely whipped and made to work as a bonded laborer. Fifteen years later, the work and the beatings have taken their toll on Hardayal, and his spine is fractured beyond repair. Suraj returns home, finds the plight of his father, confronts Thakur, who in turn offers money so that Suraj can go abroad to further his studies. A grateful Hardayal accepts this offer - only to find out that this was another ploy of the wily Thakur to separate Suraj from his family, make Karamveer and Hardayal his laborers. Hardayal continues to work for the Thakur, hoping that one day Suraj will return and all his troubles will be over. What Hardayal does not know that Suraj may never return home, as he has been apprehended with smuggling drugs - and it looks like the Thakur will continue to have his way with Hardayal and the rest of the villagers.",https://www.imdb.com/title/tt0360693/?ref_=sr_i_885
886. Iyer the Great,1990,2h 3m,Not Rated,7.0,409,,"Vaikundam Soorya Narayana Iyer (Mammootty), a normal business executive leads a normal family life along with his wife and his mother. One day, upon climbing a tall tree in order to capture an escaped pet parrot, Iyer undergoes acrophobia(fear of heights) giving him the power of clairvoyance. His mind undergoes severe strain, opening new revelations later.",https://www.imdb.com/title/tt0271572/?ref_=sr_i_886
887. Childhood Days,1990,1h 59m,,7.4,284,,"A Tokyo boy finds himself in rural Japan during WWII evacuations. Among village children, he navigates new friendships and separation anxiety while B-29 bombers fly overhead.",https://www.imdb.com/title/tt0175527/?ref_=sr_i_887
"888. Beyond Kilimanjaro, Across the River of Blood",1990,1h 37m,,4.8,44,,"Tony La Palma lives in Kenya, where he helps Dr. Sean in his work to protect animals. His love affair with Giulia brings the past from which he is running away, and that haunts him thousands of miles from New York, where he is wanted for murder.",https://www.imdb.com/title/tt0143137/?ref_=sr_i_888
889. Raeeszada,1990,2h 29m,,4.1,42,,"When Sanjay, a policeman, arrests Jagannath, a gangster, his senior disagrees and frees the goon. Sanjay decides to resign and fight corruption on his own.",https://www.imdb.com/title/tt0363921/?ref_=sr_i_889
890. The Prey,1990,1h 25m,,4.9,35,,"An eighteen year old beautiful and restless girl runs away from home to find freedom which she much dreamed of. She come across, instead, is the unsavory characters that start on the road to prostitution.",https://www.imdb.com/title/tt0195064/?ref_=sr_i_890
891. Kandhei,1990,,,5.8,10,,,https://www.imdb.com/title/tt1402508/?ref_=sr_i_891
892. Hunting,1990,1h 37m,R,4.6,184,,An American tycoon goes to the Melbourne where he meets a married secretary.,https://www.imdb.com/title/tt0102076/?ref_=sr_i_892
"893. No Risk, No Gain: Casino Raiders - The Sequel",1990,1h 48m,,5.7,229,,Once again Alan Tam and Andy Lau team up for more gambling scams.,https://www.imdb.com/title/tt0101011/?ref_=sr_i_893
894. The Fool,1990,2h 15m,,6.0,133,,"Double life of a humble clerk which draws on interviews with street traders, beggars, thieves and performers from Henry Mayhew's book London Labour and the London Poor (1851), and letters and diaries of members of the upper classes.",https://www.imdb.com/title/tt0099593/?ref_=sr_i_894
895. Gajakesariyogam,1990,,,6.7,156,,An old elephant caretaker decides to buy an elephant by taking loan.But he ends up in getting a circus elephant who only know Hindi. The rest of the film shows how he will repay loan without giving the elephant o the government,https://www.imdb.com/title/tt0279090/?ref_=sr_i_895
896. Diary for My Father and Mother,1990,1h 59m,,6.6,305,,"Direct follow-up to ""Diary for my lovers"". Juli and the people who she knew throughout her life have to face the events of the 1956 failed revolution in Hungary.",https://www.imdb.com/title/tt0100223/?ref_=sr_i_896
897. Return Home,1990,1h 27m,,6.7,179,,"A struggling couple running a service station receives a visit from the husband's divorced brother, who has taken a break from his demanding corporate job.",https://www.imdb.com/title/tt0100479/?ref_=sr_i_897
898. Imdat ile Zarife,1990,1h 31m,,7.3,124,,"Zarife, a trained bear and Imdat, her Gipsy master, earn their living on the streets by performing their traditional show. After getting caught and taken to forest by the city police one day, Zarife's natural instincts start to awake, making her restless to return back home, back to the forests.",https://www.imdb.com/title/tt0103320/?ref_=sr_i_898
899. Paradeshi Chadhei,1990,,,8.2,28,,Biswaranjan Choudhury has three grandson. The dilemma arises when one of the grandson marries a foreigner.,https://www.imdb.com/title/tt1431299/?ref_=sr_i_899
900. Ni parientes somos - contagio de amor,1990,1h 30m,,6.7,15,,Two friends become enemies when they compete for the affections of the same woman; a millionaire widow.,https://www.imdb.com/title/tt0263789/?ref_=sr_i_900
901. Hemligheten,1990,1h 45m,,6.1,54,,"Sam and Amanda are friends. One day, they accidentally throw Sam's sister's diaries in the garbage can and have to trace them to the city dump. While looking for the diaries, they discover a secret passage leading from the city dump to a big, old, abandoned mansion nearby. There, they meet Valdemar, an old man who's been living there for sometime. At first, he's a little suspicious of them, but after a while, the three become friends and experience many fine adventures. However, they must keep it a secret, which is difficult, when their class mates start wondering what Sam and Amanda do after school. They also get to know Valdemar's sister Greta and hear about her dream; to see their childhood home once more before she dies. They decide to help her with that, which is easier said than done.",https://www.imdb.com/title/tt0099760/?ref_=sr_i_901
902. Anak ni Baby Ama,1990,1h 30m,,6.4,47,,"After knowing his true identity, Anghel took the path of crime and violence. After some series of personal tragedies he decided to seek revenge that would lead him behind bars.",https://www.imdb.com/title/tt0335877/?ref_=sr_i_902
903. Dames galantes,1990,2h,,5.5,201,,"Comedy set in the 16th century. Brantome is a soldier embroiled in the religious wars but more interested in women, and has many mistresses among the ladies of the royal court, although his heart belongs to just one, Victoire.",https://www.imdb.com/title/tt0099344/?ref_=sr_i_903
904. Kickboxer from Hell,1990,1h 31m,,3.9,123,,"While in Hong Kong preparing for a big tournament, American kickboxing champion Sean becoms involved with undercover British nun Sophia and her battle against his evil crew of kickboxers",https://www.imdb.com/title/tt0188751/?ref_=sr_i_904
905. Miss Missouri,1990,1h 43m,,5.0,80,,"Nathan loved Helen, a young American comedian. He lets her return back to the United States. When he realized he made a mistake, he decides to go to Chicago and find her.",https://www.imdb.com/title/tt0097893/?ref_=sr_i_905
906. Dragonfight,1990,1h 23m,R,3.3,211,,"In a dystopian future, fighters battle to death in televised games. One fighter rebels against his role and flees, pursued by his adversary tasked with eliminating him.",https://www.imdb.com/title/tt0099461/?ref_=sr_i_906
907. Aadhi Thaalam,1990,,,,,,A newly married couple Raj and Rati deeply in love but whenever they get physical Raj gets past hallucinations.This stops from getting intimate Rati lusts for sex and tries all possible ways to seduce him.But finally gives up and leaves Raj's house.Raj then hires a sexy maid and both start to lust or each other.While Rati tries to discover his past.,https://www.imdb.com/title/tt0278271/?ref_=sr_i_907
908. Pavakkoothu,1990,,,5.3,53,,Prakash (Jayaram) who is a married and happy living man gets attracted to an accidentally met girl . Both of the women gets pregnant at the same time.,https://www.imdb.com/title/tt0277947/?ref_=sr_i_908
909. The Crown of Fire,1990,1h 34m,,6.5,288,,In medieval Wallachia a young prince battles his twin brother for their father's throne and for their ancestors' crown of fire.,https://www.imdb.com/title/tt0126386/?ref_=sr_i_909
910. Smykketyven,1990,1h 32m,,4.2,42,,"Jan has always been popular with the ladies, and he usually gets it like he wants. But know he's in for a change, losing grip on his women's control. Is he about to go crazy? Should he settle down and find the big love?",https://www.imdb.com/title/tt0102949/?ref_=sr_i_910
"911. Ti, koyto si na nebeto",1990,1h 42m,,8.3,106,,"This film deals with a dying man who reveals to his young friend, a child of 8, the fairy world of music. The immortal theme of art is related to the problems of morality, honesty and beauty.",https://www.imdb.com/title/tt0098542/?ref_=sr_i_911
912. Galiyon Ka Badshah,1990,2h 15m,,5.0,49,,"A police inspector and a London returned crime journalist, amongst others, are baffled by a modern day Robin Hood, who robs the rich and distributes the wealth amongst the poor and needy.",https://www.imdb.com/title/tt0315875/?ref_=sr_i_912
913. Debata,1990,2h 16m,Not Rated,6.6,28,,"From his childhood Rana has been subjected to injustice. His poor widow mother had been subjected to molestation by the rich which led her to commit suicide leaving young Rana and his sister Tushi alone in the world. Rana, being the eldest, takes complete responsibility of her and both of them start staying with a distant relative in another village. As he grew up, he helped everyone around him, whether it is saving lives when a fire broke out or helping the fellow villagers with water during a famine. However the local police officer Rajib mistakes him for a goon as Rana's philosophy in life was to rob from the rich and corrupted and, replenish the poor and the needy. Rana pays a heavy price for this as well. His lover commits suicide after her self being is attacked upon. In the end Rana loses his life after having successfully rescued Rajib's long lost son. Rajib is made face to face with the reality of Rana's identity.",https://www.imdb.com/title/tt1590005/?ref_=sr_i_913
914. Little & Big Weapon,1990,1h 41m,,5.7,21,,TWO DETECTIVE (Mel Bigson and Sam Flower) FIGHT AMD DEFEAT THE DREADED BOOBS (BIGGEST ORGANIZATION OF BAD SYNDICATES) A DRUG-DEALING GROUP HEADED BY MADAME BUTTERFLY.,https://www.imdb.com/title/tt0489393/?ref_=sr_i_914
915. Top Model 2,1990,,,6.8,27,,,https://www.imdb.com/title/tt0274978/?ref_=sr_i_915
916. Mat,1990,3h 20m,,7.3,229,,Based on Maxim Gorky's novel about a woman torn between her loyalties to husband and son in the years of the Revolution.,https://www.imdb.com/title/tt0097848/?ref_=sr_i_916
917. Driving School,1990,1h 31m,,7.1,25,,"Sally, Dato Zaglol mistress, takes driving lessons at a driving school with Hilmi as the instructor. Hilmi has a girlfriend, Faridah, who works in the same place. Thinking that she is the woman her husband is having affair with, Dato Zaqlol's wife enrolls in the driving school to seduce Hilmi.",https://www.imdb.com/title/tt0273551/?ref_=sr_i_917
918. Im Glanze dieses Glückes,1990,1h 25m,,7.6,9,,"It was on 9 November 1989 that the Berlin Wall fell. With the revolution in the German Democratic Republic, a world exploded. A world that looked so solid in the economic, political, military, ethical, social and psychological sense. The reunification of Germany not only signifies the outlines of a new course, but simultaneously means an ending. In the splendor of happiness combines fragments of this process: images of an auction of the Wall alternated with confessions of a Stasi member. Fear and hope go hand in hand. Political rhetoric flowers unprecedentedly, as does the system of informers and other monstrosities, proliferating in the vacuum of the transition.",https://www.imdb.com/title/tt0099828/?ref_=sr_i_918
919. Hindi ka na sisikatan ng araw: Kapag puno na ang salop Part III,1990,,,6.9,19,,AN HONEST COP AND A RUTHLESS JUDGE USE THE LAW AND VIOLENCE AS THEY ENGAGE IN MORTAL COMBAT.,https://www.imdb.com/title/tt0415847/?ref_=sr_i_919
920. Tahiti's Girl,1990,,,4.3,38,,,https://www.imdb.com/title/tt0098429/?ref_=sr_i_920
921. No: 20 Madras Mail,1990,2h 57m,Not Rated,7.7,1.5K,,"Enroute Madras via train, when three friends get falsely accused of a mysterious homicide, they escape and desperately search for the real killer.",https://www.imdb.com/title/tt0271678/?ref_=sr_i_921
922. Berdel,1990,1h 25m,,6.8,368,,Family relations begins to get rough when father of the house desperately insists to have a boy and his first wife gives birth to their forth daughter.,https://www.imdb.com/title/tt0099119/?ref_=sr_i_922
923. Schweitzer,1990,1h 32m,PG,6.5,81,,"The story of Dr. Albert Schweitzer, his adventurous life and trials in the jungles of Africa.",https://www.imdb.com/title/tt0100558/?ref_=sr_i_923
924. Komediya o Lisistrate,1990,1h 39m,,5.6,79,,"Lysistrata led the women of ancient Greece in forcing men to stop the war, that was devastating the land. Lysistrata declared to women: ""We must refrain from male altogether - till the men come to terms of peace"".",https://www.imdb.com/title/tt0123138/?ref_=sr_i_924
925. Street Asylum,1990,1h 34m,R,5.2,207,,John Miller is an politician wanting to become mayor. He founds a group called S.Q.U.A.D. whose mission is to get rid of all street scum by any means necessary.,https://www.imdb.com/title/tt0100705/?ref_=sr_i_925
926. Eyewitness to Murder,1990,1h 45m,R,4.0,106,,"A beautiful artist stumbles onto a murder just as the killer is leaving. After he levels a brutal blow to her head, she wakes up blind, and the only witness to the murder. Now in the frightening darkness, she must find her way through a dangerous world where killers stalk the innocent and cops are scarce. Two overworked, angry detectives are assigned to hunt down the killer, and to keep the witness safe.",https://www.imdb.com/title/tt0101845/?ref_=sr_i_926
927. Yo soy ésa,1990,1h 33m,,4.4,110,,"The story of a celebrity couple, Jorge and Carmen, and of how each of them deals with their fame during a trip to Seville to attend a premiere.",https://www.imdb.com/title/tt0100989/?ref_=sr_i_927
928. American Born,1990,1h 36m,Not Rated,3.5,88,,A teenager who is obsessed with gangster movies believes himself to be a real gangster after his father is murdered.,https://www.imdb.com/title/tt0101323/?ref_=sr_i_928
929. Fatal Sky,1990,1h 32m,R,3.7,219,,"A swirl of flashing lights streaks through the Norwegian night. The mysterious lights set off a bizarre chain of events: unexplained disappearances, violent illnesses and slaughtered livestock. Two reporters pursue this hot U.F.O. story.",https://www.imdb.com/title/tt0099554/?ref_=sr_i_929
930. Taqdeer Ka Tamasha,1990,3h 37m,,4.4,60,,"A single mother, Geeta, must deal with her two sons, the elder a Police Inspector Suryapratap; while the younger, Satya, a hoodlum, when both get into conflicts. Things only get worse after Satya gets arrested, arguments ensue and he leaves. He gets hired by Sheshnaag for the sole purpose of exacting vengeance against his rival, Deva. Both brothers are fated to meet again when Suryapratap decides to accumulate evidence to arrest Deva. Neither of the brothers know that Deva has an alias, and is determined to thwart any attempt for revenge nor face any charges under the Indian Penal Code.",https://www.imdb.com/title/tt0978726/?ref_=sr_i_930
931. Sex-partijski neprijatelj br. 1,1990,1h 33m,,6.5,272,,"The adventures of a young commie activist, whose love for the party is not even close to the one he has for women. Every action he undertakes is somehow connected to the love adventure, and his rise on a social ladder doesn't stop even in the turbulent period of Informbureau crisis.",https://www.imdb.com/title/tt0181809/?ref_=sr_i_931
932. Le bal du gouverneur,1990,1h 38m,,5.6,97,,A French civil servant throws The Governor's Party when his daughter comes of age regardless of colonial unrest and her parents' stormy marriage.,https://www.imdb.com/title/tt0099098/?ref_=sr_i_932
933. Any Man's Death,1990,1h 48m,R,4.3,135,,A veteran reporter is investigating the disappearance of a photo-journalist who was covering a civil war in Africa. The only clue is a roll of film he left behind. The reporter soon realizes he may have bitten more than he can chew.,https://www.imdb.com/title/tt0094666/?ref_=sr_i_933
934. Akkare Akkare Akkare,1990,2h 36m,Not Rated,7.7,1.7K,,"Ramdas and Vijayan sent on a mission to the US to retrieve a priceless gold crown stolen from India. With pseudonym and a piece of torn shirt as clues, the comic duo end up with success.",https://www.imdb.com/title/tt0254942/?ref_=sr_i_934
935. Çilgin Berber,1990,1h 20m,,4.7,16,,,https://www.imdb.com/title/tt10560782/?ref_=sr_i_935
936. Daikyonyû : Noshikakaru,1990,1h,,8.4,22,,Fun story.,https://www.imdb.com/title/tt2464624/?ref_=sr_i_936
937. Jungle Mein Oye Oye,1990,,,6.6,20,,Druggist will escape and leave in jungle.,https://www.imdb.com/title/tt3548430/?ref_=sr_i_937
938. Mouna Daaham,1990,,,5.8,9,,A neglected housewife welcomes her friend's son into her home during his college years. Their close relationship becomes complicated when he starts exploring dark urban vices.,https://www.imdb.com/title/tt0278571/?ref_=sr_i_938
939. El garañón 2,1990,1h 30m,,3.5,34,,A man with a reputation as a womanizer decides to try his luck in the big city and falls in love.,https://www.imdb.com/title/tt0380373/?ref_=sr_i_939
940. Eka Peksha Ek,1990,2h 21m,,7.3,68,,Two friends with disabilities are implicated in a crime they didn't commit.,https://www.imdb.com/title/tt6250548/?ref_=sr_i_940
941. I Can't Hold It,1990,1h 25m,,6.5,50,,"Two-timing Dono has a messy love life, but when his pals Kasino and Indro make matters worse by meddling in his affairs, Dono looks for revenge.",https://www.imdb.com/title/tt1161776/?ref_=sr_i_941
942. Dragon in Jail,1990,1h 37m,,6.0,231,,"Henry, a juvenile delinquent, trying to escape life in the ghetto. After releasing from jail, he is bullied by a local tyrant, Charlie. His rich jail mate Wayne, who has become a famous lawyer, decides to help him out.",https://www.imdb.com/title/tt0100995/?ref_=sr_i_942
943. My Dear Marthandan,1990,1h 54m,Not Rated,6.2,132,,"Marthandan lives with his parents in a palace. He sets out to Chennai to find a girl. There he meets ""Idea Mani"" (Goundamani), who is very cunning and tries to make money from the innocent Marthandan in comical ways. He meets a girl (Kushboo) in a bakery and befriends her. The rest of the story is about how he tries to win her over and how he understands the value of money.",https://www.imdb.com/title/tt0254593/?ref_=sr_i_943
944. Stage Door Johnny,1990,1h 32m,,6.3,71,,"During the 1920s in Shanghai, an all female Chinese Opera troupe is struggling.",https://www.imdb.com/title/tt0100962/?ref_=sr_i_944
945. Fatal Encounter,1990,1h 23m,,5.4,70,,"A woman finds out that her biological father, a professional race car driver, was murdered twenty years ago and the murderer or murderers are still on the loose.",https://www.imdb.com/title/tt0099549/?ref_=sr_i_945
946. Über einen jugendlicher stricher am bahnhof Zoo,1990,1h 25m,,,,,"The documentary portrays the young hustler Daniel at the Zoo train station doing his shady trade among young people hoping for miracles and the johns and the sugar daddies who feed on their youth. It's the drugs, the prostitution, the expired glamour and bad luck city. According to the producer, filming had to be stopped due to Daniel's sudden death.",https://www.imdb.com/title/tt27204917/?ref_=sr_i_946
947. Play Murder for Me,1990,1h 20m,R,5.7,95,,"Saxophonist Paul Slater's nightclub encounter with ex-lover Tricia leads to her wealthy underworld husband's murder, trapping Paul between passion and peril in a gripping noir climax.",https://www.imdb.com/title/tt0100371/?ref_=sr_i_947
948. All Out,1990,1h 46m,,5.9,60,,"Angelo (Dexter Fletcher) and two of his buddies set out to rob a Swiss bank, and from the start things don't go well. The man driving the getaway car packed up and left before anyone could connect him with the crime, and Angelo's other partner got shot and killed. The best he can do is grab someone's cash-filled briefcase and take a car and its driver hostage. It turns out that the driver is the daughter (Fabienne Babe) of the bank director, so he figures that she's good for ransom money and begins negotiations for that. Meanwhile, the briefcase he took at the bank turns out to have belonged to a man who is willing to hire killers to get it back for him. The situation grows increasingly perilous for him, and he decides to flee the scene but not before he has won the heart of his lovely hostage.",https://www.imdb.com/title/tt0101303/?ref_=sr_i_948
949. Biokids,1990,1h 32m,,6.3,55,,"A gang of Filipino kids stumble upon a mad scientist's lair. He outfits them with power suits and motorbikes, and sends them to fight a crime-lord party clown.",https://www.imdb.com/title/tt0164409/?ref_=sr_i_949
950. A Home Too Far,1990,1h 40m,,7.3,303,,"In early 1950s, Chinese Civil War has ended with defeat of Republic of China and establishment of People's Republic of China by communists.",https://www.imdb.com/title/tt0100987/?ref_=sr_i_950
951. His Nickname Is Beast,1990,1h 28m,,5.5,310,,"Saveliy Govorkov, an Afghanistan war veteran tries to fight mafia in his own town.",https://www.imdb.com/title/tt0098958/?ref_=sr_i_951
952. Avasara Police 100,1990,2h 23m,Not Rated,6.4,117,,"Avasara Police 100 is a 1990 Indian Tamil film, directed by ""WriterK. Bhagyaraj"" and produced by ,The film stars ""K. Bhagyaraj, M. G. Ramachandran, Gouthami"" in lead roles. The film.",https://www.imdb.com/title/tt0155514/?ref_=sr_i_952
953. La tigra,1990,1h 20m,,6.1,88,,"The wild and wanton Francisca, known as the ""The Tigress,"" is the eldest of three sisters, who are bosses of a farm in Ecuador. A medicine man tells Francisca and Juliana that their youngest sister Sara must remain a virgin to protect their land. A travelling salesman, engaged to Sara, tells the police that she is being kept locked up by her older sisters.",https://www.imdb.com/title/tt0100783/?ref_=sr_i_953
954. Chinatown Connection,1990,,,4.9,83,,Two police officers lead a team to stop poison laced narcotics from getting on the streets.,https://www.imdb.com/title/tt0099261/?ref_=sr_i_954
955. That Englishwoman: An Account of the Life of Emily Hobhouse,1990,1h 39m,,4.9,33,,One woman dared to defy the might of the British Empire. Her name was Emily Hobhouse.,https://www.imdb.com/title/tt0098462/?ref_=sr_i_955
956. Temptation Summary,1990,1h 35m,,5.6,51,,Two brothers must get married or they'll lose their inheritance.,https://www.imdb.com/title/tt0100544/?ref_=sr_i_956
957. Meteo,1990,1h 38m,,6.6,408,,"In a deserted industrial area on the edge of town, somewhere in Eastern Europe, there is a bathtub standing in the middle of an empty workshop. Eckermann, the meteorologist is having a bath in it. He spends most of his time daydreaming which earned him the nickname Little Cloud with his friends. He's got two friends: Berlioz, the restless hedonist and Vero, the strong and silent tough guy of the factories. The industrial area is going to be demolished very soon. The military unit controlling the industrial site orders everyone to evacuate the area which is being closed down - the guys need to move out.",https://www.imdb.com/title/tt0097875/?ref_=sr_i_957
958. Rampe & Naukkis - Kaikkien aikojen superpari,1990,1h 30m,,4.5,313,,,https://www.imdb.com/title/tt0241874/?ref_=sr_i_958
959. Bullet for Hire,1990,1h 35m,,5.9,145,,"Two hitmen get a new rookie partner, who starts off badly by blowing an assignment, but soon becomes proficient at his bloody work. When one of them is blackmailed into helping the police, their boss grows suspicious.",https://www.imdb.com/title/tt0103333/?ref_=sr_i_959
960. Full Fathom Five,1990,1h 22m,PG,3.2,174,,Adapted from the best-selling novel. Navy Captain Peter Mackenzie is sent on his toughest assignment when the Soviet nuclear submarine Kirov is stolen and the weapons are aimed at the United States.,https://www.imdb.com/title/tt0099622/?ref_=sr_i_960
961. Nilapennay,1990,,,8.2,14,,"Nila Pennae (Moon Girl) is a 1990 Indian Tamil film directed by R. G. Elavalagan and produced by R. M. Veerappan. It stars Anand and Divya Bharti. The film was critically and financially unsuccessful,and is known as Bharti's only Tamil film.Anand lives in the city and decides to stay in a village within a forest for some time. As he is very stressed due to the city life, he meets an old guru woman who creates a girl (Divya Bharti) for Anand. He falls in love immediately and so does the girl whom Anand calls Surya. She goes on to show him the beauty of life. -Wikipedia",https://www.imdb.com/title/tt0323410/?ref_=sr_i_961
962. Kaaranama,1990,2h 18m,Not Rated,4.7,40,,"Suraj is a private horse trainer whose best friend in the whole world is his wonder horse, Chetak who poses a direct threat to millionaire punter Rana on the racecourse--and macho Suraj poses a challenge to Rana.",https://www.imdb.com/title/tt0378156/?ref_=sr_i_962
963. New Kid in town,1990,1h 28m,,5.3,172,,"Two exceptional kung fu students leave the mainland to work for their uncle in Hong Kong. Before long the students and their cousin, delectable Asian babe Moon Lee, get mixed up in a drug smuggling ring. They decide to take on the gang in a bone crunching all-out action fest.",https://www.imdb.com/title/tt0099264/?ref_=sr_i_963
964. Zdraviya zhelayu! ili Beshenyy dembel,1990,1h 16m,,5.1,43,,"Eccentric comedy about young soldier Mitya Agafonov, who carries out requirements precisely according to military regulations.",https://www.imdb.com/title/tt4625084/?ref_=sr_i_964
965. Kamsin Haseena,1990,,,,,,,https://www.imdb.com/title/tt2881980/?ref_=sr_i_965
966. Jing zu 100 fen,1990,1h 32m,,5.7,69,,"On his death bed in the United States Mr. Lin grants his grandson, Lin Tien-Chi, his wealth of US$300 million, but only if Tien-Chi can find a wife within a month. Tien-Chi, however, is very shy and has never had any luck with the opposite sex. Mr. Lin's nephew, Robert, who will get the money should Tien-Chi fail, does everything in his power to prevent Tien-Chi from marrying. In the end, Tien-Chi has two women to choose from: Feng Mu-Jen, who is deceiving him to help Robert get the money, and Lo Hsiao-Hsiao, a beautiful poor girl who is set up time and again by Robert and Mu-Jen so that Tien-Chi will not choose her.",https://www.imdb.com/title/tt0099889/?ref_=sr_i_966
967. Delta Force Commando II: Priority Red One,1990,1h 40m,R,3.4,111,,"This brillant action packed sequel once again centers upon the courageous exploits of a secret, elite cadre of American jet fighters fighting to keep the world safe from communism and demented despot rulers. This time they must stop an enemy conspiracy to steal nuclear weapons.",https://www.imdb.com/title/tt0101703/?ref_=sr_i_967
968. Uma Escola Atrapalhada,1990,1h 30m,,4.9,384,,"A real-estate agency wishes to buy and demolish the traditional school Matheus Rose and use the lot to build a hotel. The proposition unleashes a feel of distrust among the school students and staff, especially with the arrival of mysterious new students.",https://www.imdb.com/title/tt0139682/?ref_=sr_i_968
969. Angel Force,1990,1h 25m,,6.1,94,,A beautiful detective is assigned to bring down a gang of drug traffickers.,https://www.imdb.com/title/tt0102454/?ref_=sr_i_969
970. Sunday 7.P.M.,1990,,,3.6,16,,,https://www.imdb.com/title/tt0275706/?ref_=sr_i_970
971. Cheriya Lokavum Valiya Manushyarum,1990,,,6.5,114,,"Four thieves go to a house in an attempt to rob it. But, their lives take a turn when they meet the house owner, who takes an effort to change their lives.",https://www.imdb.com/title/tt0278391/?ref_=sr_i_971
972. Ameriikan raitti,1990,2h,,5.4,392,,Two small-time crooks take off to Florida to escape unpaid taxes and failure.,https://www.imdb.com/title/tt0099029/?ref_=sr_i_972
973. Raziye,1990,1h 14m,,5.4,105,,"Ali, who comes to his uncle's house, who lives in a coastal area to stay out of sight for a while due to political reasons, meets and falls in love with Vedia, his uncle's stepdaughter.",https://www.imdb.com/title/tt2773782/?ref_=sr_i_973
974. Barrett,1990,1h 31m,,,,,,https://www.imdb.com/title/tt1692969/?ref_=sr_i_974
975. Spieler,1990,1h 45m,,7.0,102,,"Jojo was counting on his inheritance from a rich uncle to pay off his gambling debts, but the old man played a dirty trick on him, giving him custody of an oversized dog, and leaving the real cash in the hands of one of his nieces. His comfortable fantasy of future solvency has been sorely tried; to restore it, he begins to try wooing his cousin Kathrin (the woman with the loot). However, as things progress, he finds himself actually falling for her, which is perhaps the only really decent thing that he's done in his adult life. When he and a gambling buddy take Kathrin on a jaunt to the south of France, things get pretty dicey when a corrupt cop comes onto the scene. In this romantic thriller, only one will survive.",https://www.imdb.com/title/tt0249982/?ref_=sr_i_975
976. Pathar Ke Insan,1990,,,5.2,98,,Balwant Rai lives with his daughter's Lata and Sita.Lata a dancer loved by Karan and Sita is a singer.They participate in a competition where Lata wins it.Sita unable to bear her defeat rushes with her car followed by Lata in another car in the mishap Lata knocks down a women named Jyothi on the road.Lata becomes mentally unstable after she is unable to save Sita.Arjun employee of Balwant Rai enters her life and gives her new lease of life.Lata marries Arjun over Karan.But is unaware that Arjun is come for revenge in their family and has teamed up with their enemies Dr Prashanth and his men Mahesh.,https://www.imdb.com/title/tt0187395/?ref_=sr_i_976
977. Dragon Hunt,1990,1h 30m,,3.1,260,,"The people's private army and their crazed leader Jake, have a simple plan - take over the world. But, there are three things in their way, money and two deadly kickboxers - The Twin Dragons (Michael and Martin McNamara). Jake's devious plan has the Twin Dragons captured, drugged, and set loose on an island for a little game called ""Kill the Twins."" Outnumbered and out-gunned, the Twins spring into action turning the hunters into the hunted.",https://www.imdb.com/title/tt0092926/?ref_=sr_i_977
978. Al imbrator,1990,1h 55m,,6.3,542,,"A remake of ""scarface"",tells the turbulant world of drug dealing,damaged personal relationships,and the rise and the fall of a drug lord.",https://www.imdb.com/title/tt1166168/?ref_=sr_i_978
979. Abrahams Gold,1990,1h 35m,,7.8,98,,"A chest full of gold teeth extracted from Holocaust victims reveals terrible secrets. This revelation forever changes the lives of Abraham, his family members and other inhabitants of a sleepy village in Bavaria.",https://www.imdb.com/title/tt0096752/?ref_=sr_i_979
980. Pratibandh,1990,2h 39m,,6.6,208,,"Born in an orphanage, brought up by his strict and unrelenting school-master, Satyendra Sharma, young Siddhanth has not been shown any love or kindness in his entire life. Now he is grown up and is a Sub-Inspector with Bombay Police and continues to live a solitary and detached life, giving to the world what the world has given him - cruelty and loneliness. When Jeevan Ram loses his election to Home Minister, Hirawat Chowdhary, he threatens to expose him. Before he could initiate legal proceedings, his dead body is found on a railway track, this is treated as a case of suicide and his file is closed. Then a young woman, a toy vendor by the name of Shanti, comes forward and claims that she is a witness to Jeevan's murder. Siddhanth protects her, even shelters and marries her, just to ensure her safety. By doing this he has offended the powers that be, none other than his former school master, who is now the State's Chief Minister, the Home Minister, his superior officer the D.I.G., an illicit liquor baron, Katkar, and a dreaded underground gangster known only as Spot Nana. Now the ball is in Spot's court and he is all set to teach Siddhanth a lesson - a lesson that may well end up taking his life, as well as the life of his pregnant wife.",https://www.imdb.com/title/tt0100401/?ref_=sr_i_980
981. Ghanchakkar,1990,,,7.2,42,,A cycle mechanic fit for nothing who believes that killing someone will make him rich and win his lady love.,https://www.imdb.com/title/tt2652030/?ref_=sr_i_981
982. Crocodile Jones: The Son of Indiana Dundee,1990,1h 39m,,5.1,39,,"A MAN, HIS FRIEND, AND A TRIBE JOIN FORCES TO FIND THE STO.NINO'S MISSING GOLDEN GLOBE.",https://www.imdb.com/title/tt0497739/?ref_=sr_i_982
983. Terrorgram,1990,1h 28m,R,5.0,204,,"""Terrorgram"" was an anthology of three horror stories linked by a sinister delivery boy. The stories are ""Heroine Overdose"", ""Pandora"" and ""Veteran's Day"".",https://www.imdb.com/title/tt0248535/?ref_=sr_i_983
984. Story of Kennedy Town,1990,1h 33m,,6.0,57,,"The story takes place in the 1960s, where three street hooligans, Peng, Qiang, and Wei, got to know each other due to a misunderstanding and became sworn brothers with different surnames. Later, Peng joined the police force, and Qiang and Wei, in order to help their friends achieve success, voluntarily surrendered to help Peng make contributions and were sentenced to prison. But the ambitious Peng aspires to achieve his own promotion and wealth, making more use of his friends and monopolizing Qiang's girlfriend, and even killing Qiang in one action. Only then did Wei realize that Peng was treacherous and determined to seek revenge for Qiang. On the occasion of Peng receiving a special medal from the police, he shot and killed Peng. When Wei defended himself in court, he criticized for killing his friend, and then accepted legal sanctions peacefully.",https://www.imdb.com/title/tt0100966/?ref_=sr_i_984
985. Cursed,1990,1h 25m,,3.5,130,,"When a gargoyle falls off a church during a storm, a scientist and his assistant take it back to their lab, where they are doing genetic experiments. However, the gargoyle is possessed by an evil spirit and starts to interfere in their experiments.",https://www.imdb.com/title/tt0099333/?ref_=sr_i_985
986. Bagwis,1990,,,7.7,28,,A BLIND SACRISTAN RECEIVES MAGICAL POWERS THAT TRANSFORM HIM INTO A WING-MAN TO HELP PEOPLE IN DISTRESS..,https://www.imdb.com/title/tt0377438/?ref_=sr_i_986
987. Discriminación maldita,1990,1h 30m,,,,,,https://www.imdb.com/title/tt0414945/?ref_=sr_i_987
988. Erastes sti mihani tou hronou,1990,1h 25m,,6.1,130,,"Sylvia and Angelos have an intense relationship. Too intense for Sylvia, who breaks it off. Three years later, with Angelos dead, Sylvia lives with a doctor and works for a record company. Her new life is suddenly invaded by a succession of bizarre events: strange deaths occur around her and she experiences a series of involuntary orgasms, as though a man she can feel but not see is making love to her - in the street, at work, in her car. All of this seems connected in some way with a mysterious musician she is trying to track down, a man who constantly evades her; until one night her phone rings..",https://www.imdb.com/title/tt0257625/?ref_=sr_i_988
989. Die Ministranten,1990,1h 23m,,7.1,38,,"The main characters of the story are Pauli, a teacher's son, and Sepp, the son of a sawmill owner. They get to know each other while serving as altar boys, become friends and decide to form their own gang with themselves as leaders.",https://www.imdb.com/title/tt0100153/?ref_=sr_i_989
990. Vääpeli Körmy ja marsalkan sauva,1990,1h 51m,,5.3,763,,"The colonel's wife's tin pints need to be cleaned up, and Sergeant First Class Körmy tasks two privates to do so.",https://www.imdb.com/title/tt0100895/?ref_=sr_i_990
991. Hollywood Heartbreak,1990,1h 18m,,6.5,34,,,https://www.imdb.com/title/tt0099782/?ref_=sr_i_991
992. Last Flight to Hell,1990,1h 24m,R,3.7,108,,Reb Brown stars as a highly trained DEA agent who goes to Southeast Asia on a high-risk mission to free a drug dealer (Mike Monty) from nasty terrorists so that he can face trial back in the U.S.,https://www.imdb.com/title/tt0102270/?ref_=sr_i_992
993. Andher Gardi,1990,,,7.3,16,,,https://www.imdb.com/title/tt0383876/?ref_=sr_i_993
994. Condom,1990,1h 5m,,7.5,12,,About the history of the contraceptive tool and reminds us of the importance of using a condom in combating sexually transmitted diseases.,https://www.imdb.com/title/tt0377677/?ref_=sr_i_994
995. Extreme Vengeance,1990,1h 30m,,4.2,35,,"After ten years in prison, vicious crime boss Mario Blanco is out for revenge. Revenge against the cop that put him away. Revenge at any cost! But David, the officer that sent Blanco to jail has been in hiding since quitting the force after exposing police corruption. Blanco's vengeance knows no bounds, as he goes on a murderous rampage, killing David's son, beating his wife, and raping his daughter. Now it's David's turn to fight back! He wages a one-man war against the syndicate, killing anyone that gets in his way. For the mobster, it's a case of eye for an eye justice. For David, it's EXTREME VENGEANCE...",https://www.imdb.com/title/tt0233675/?ref_=sr_i_995
996. Lohe Ke Haath,1990,2h 7m,,5.3,9,,"Gayatri's mother-in-law Bindu Devi tries to set fire to her on her wedding night for her dowry; her husband Jainath is equally responsible for this attempt. Gayatri is saved by Triloki, but he doesn't have good intentions: he rapes her. Gayatri saves another woman from getting molested and both meet Maataji, who is also a victim of dowry. Maataji trains helpless women to fight against injustice and Gayatri turns into a rebel.",https://www.imdb.com/title/tt2676928/?ref_=sr_i_996
997. Sink or Swim,1990,48m,Not Rated,7.2,517,,"In a series of 26 short autobiographical vignettes, Su Friedrich methodically analyzes and reflects on her childhood and the emotional scars left by her detached and self-involved father.",https://www.imdb.com/title/tt0100624/?ref_=sr_i_997
"998. Chyornaya roza - emblema pechali, krasnaya roza - emblema lyubvi",1990,2h 11m,,7.1,857,,"In fact, people who then appear around Mitya are all unique, eccentric and the space of the apartment house begins to have an unrealistic character as a miniature of unstable society in the end of Soviet Union.",https://www.imdb.com/title/tt0097062/?ref_=sr_i_998
999. Herzlich willkommen,1990,1h 32m,,7.5,63,,"Friedrich leaves the GDR after a ten-year prison sentence and devotes himself to working in a child psychiatric hospital. Here, not only his problems with the director, but also his love for his strict superior Elke have consequences.",https://www.imdb.com/title/tt0099767/?ref_=sr_i_999
1000. Muerto al hoyo... y el vivo tambien,1990,1h 30m,,5.8,21,,"When an infamous he-man dies in a brothel, the owners must devise hilarious ploys to conceal his body from customers, including pretending he's drunk and hiding him in a patrol car.",https://www.imdb.com/title/tt0380563/?ref_=sr_i_1000
