Title,Year,Duration,MPA,Rating,Votes,meta_score,description,Movie Link
1. Safety Last!,1923,1h 14m,Not Rated,8.1,25K,,A boy leaves his small country town and heads to the big city to get a job. As soon as he makes it big his sweetheart will join him and marry him. His enthusiasm to get ahead leads to some interesting adventures.,https://www.imdb.com/title/tt0014429/?ref_=sr_i_1
2. The Hunchback of Notre Dame,1923,2h 13m,Passed,7.2,6.9K,,"In 15th-century Paris, the brother of the archdeacon plots with the gypsy king to foment a peasant revolt. Meanwhile, a freakish hunchback falls in love with a gypsy dancer.",https://www.imdb.com/title/tt0014142/?ref_=sr_i_2
3. The Wheel,1923,6h 57m,Not Rated,7.5,2.8K,,"A railway engineer adopts a young girl orphaned by a train crash. Years later when she starts getting suitors, he grapples with whether or not to tell her the truth about her parentage.",https://www.imdb.com/title/tt0014417/?ref_=sr_i_3
4. Three Ages,1923,1h 3m,Not Rated,7.0,5.8K,,The misadventures of Buster in three separate historical periods.,https://www.imdb.com/title/tt0014538/?ref_=sr_i_4
5. The Ten Commandments,1923,2h 16m,Passed,6.8,3K,,"After hearing the story of Moses, the sons of a devout Christian mother go their own ways, and the atheist brother's breaking of the Ten Commandments leads to tragedy.",https://www.imdb.com/title/tt0014532/?ref_=sr_i_5
6. Our Hospitality,1923,1h 5m,Passed,7.7,14K,,"A man returns to his Appalachian homestead. On the trip, he falls for a young woman. The only problem is her family has vowed to kill every member of his family.",https://www.imdb.com/title/tt0014341/?ref_=sr_i_6
7. A Woman of Paris: A Drama of Fate,1923,1h 22m,Passed,6.9,7K,76,A kept woman runs into her former fiancé and finds herself torn between love and comfort.,https://www.imdb.com/title/tt0014624/?ref_=sr_i_7
8. Zaza,1923,1h 24m,,6.6,968,,"Zaza is the favorite actress at an open-air theater in a small French town. When diplomat Bernard Dufresne comes to the village, he stays away for fear he will fall for her. But when Zaza is badly injured, he has no choice.",https://www.imdb.com/title/tt0014636/?ref_=sr_i_8
9. The Pilgrim,1923,47m,TV-G,7.2,6.3K,,"Disguised as a priest, an escaped convict makes his way to Texas. He ends up in a small rural town where the townsfolk mistake him for their new church minister.",https://www.imdb.com/title/tt0014358/?ref_=sr_i_9
10. Hollywood,1923,1h 20m,Passed,6.6,98,,"Angela comes to Hollywood with only two things: her dream to become a movie star, and Grandpa. She leaves Grandma, an aunt, her brother, and her longtime boyfriend back in Centerville. Despite seeing major movie stars around every corner and knocking on every casting office door in town, at the end of her first day she is still unemployed. To her horror, when she arrives back at their hotel, she finds that Grandpa has been cast in a movie by William DeMille and quickly becomes a star during the ensuing weeks. Her family, worried that Angela and Grandpa are getting into trouble, come to Hollywood to drag them back home. In short order Aunt, Grandma, brother, boyfriend, and even the parrot become superstars, but Angela is still unemployed.",https://www.imdb.com/title/tt0014137/?ref_=sr_i_10
11. Why Worry?,1923,1h 3m,TV-G,7.3,2.3K,,A hypochondriac vacations in the tropics for the fresh air - and finds himself in the middle of a revolution instead.,https://www.imdb.com/title/tt0014611/?ref_=sr_i_11
12. The Covered Wagon,1923,1h 38m,,6.6,902,,"Two wagon caravans converge at what is now Kansas City, and combine for the westward push to Oregon. On their quest the pilgrims will experience desert heat, mountain snow, hunger, and Indian attacks. To complicate matters further, a love triangle develops, as pretty Molly must chose between Sam, a brute, and Will, the dashing captain of the other caravan. Can Will overcome the skeleton in his closet and win Molly's heart?",https://www.imdb.com/title/tt0013951/?ref_=sr_i_12
13. The Blue Lagoon,1923,1h 20m,,5.3,44,,"In the Victorian period, two children are shipwrecked on a tropical island in the South Pacific. With no adults to guide them, the two make a simple life together, unaware that sexual maturity will eventually intervene.",https://www.imdb.com/title/tt0210575/?ref_=sr_i_13
14. Souls for Sale,1923,1h 30m,Passed,7.0,1.2K,,"A young woman hits Hollywood, determined to become a star.",https://www.imdb.com/title/tt0014497/?ref_=sr_i_14
15. Crime and Punishment,1923,2h 15m,,6.7,432,,"A student murders a loan shark and her sister after writing about exceptional people's right to commit crimes. He meets prostitute Sonja while on the run, clashes with his sister's fiancé, and learns of Sonja's connection.",https://www.imdb.com/title/tt0014397/?ref_=sr_i_15
16. Merry-Go-Round,1923,1h 50m,,6.5,496,,A nobleman posing as a necktie salesman falls in love with the daughter of a circus puppeteer although he is already married to the daughter of his country's war minister.,https://www.imdb.com/title/tt0013386/?ref_=sr_i_16
17. The Shock,1923,1h 36m,Passed,6.4,588,,"A gang of blackmailers sends a cripple to San Francisco to expose a banker they have been blackmailing. However, the cripple meets and falls in love with the banker's daughter.",https://www.imdb.com/title/tt0014463/?ref_=sr_i_17
18. Where the North Begins,1923,1h 15m,,6.8,163,,"A German Shepherd puppy is ""adopted"" by a wolf pack in the snowy and frozen Great North and raised by them as one of their own. A few years later he comes upon a fur trapper and saves the man from certain death, and begins to feel a kinship with him that is stronger than the one he has with his adopted pack.",https://www.imdb.com/title/tt0014600/?ref_=sr_i_18
19. White Tiger,1923,1h 26m,Passed,6.1,293,,Three crooks pull off a magnificent crime. As they're forced to hide out together they slowly begin to distrust each other.,https://www.imdb.com/title/tt0014606/?ref_=sr_i_19
20. The Spanish Dancer,1923,1h 43m,,6.6,126,,A love story between Don Cesar de Bazan and a beautiful Gypsy dancer.,https://www.imdb.com/title/tt0014499/?ref_=sr_i_20
21. The Faithful Heart,1923,1h 27m,Not Rated,7.4,1.6K,,"Marie wants to escape from her job and also from her lover, Paul, an unemployed drunk. She dreams of going off with Jean, a dockworker. The two men quarrel and fight over Marie on two occasions, but Paul retains a hold over her. Marie has a baby who falls ill and as time goes on Jean and a crippled neighbor try to help the child. Paul nearly causes the death of the child whilst in a drunken stupor and in a final struggle that occurs, the crippled woman seizes Paul's gun and shoots him dead.",https://www.imdb.com/title/tt0013933/?ref_=sr_i_21
22. Under the Red Robe,1923,1h 40m,,5.0,15,,A young man is tasked by the powerful Cardinal Richelieu to capture one of the cardinal's enemies but falls in love with his target's sister.,https://www.imdb.com/title/tt0014568/?ref_=sr_i_22
23. Scaramouche,1923,2h 4m,Passed,7.1,739,,"When a nobleman murders his best friend, a lawyer becomes a revolutionary with his heart set on vengeance.",https://www.imdb.com/title/tt0014440/?ref_=sr_i_23
24. A Man of Action,1923,1h,,,,,"Wealthy Bruce MacAllister is goaded by his fiancée, Helen Sumner, into proving that he is a man of action rather than a pampered youth. After telling his estate administrator, Eugene Preston, that he is going east for a meeting, Bruce dons a disguise and infiltrates the San Francisco, CA, underworld. Bruce is mistaken for master criminal ""The Chicago Kid"" and finds himself leading the gang in a robbery of his own fortune in diamonds. When he discovers Eugene's intention to steal the jewels for himself, the loot changes hands many times. Helen summons the police, the criminals are arrested, and Bruce wins her respect.",https://www.imdb.com/title/tt0014253/?ref_=sr_i_24
25. The Extra Girl,1923,1h 8m,Not Rated,6.7,1.3K,,"A small town girl dreams of movie stardom. A switched photo wins her a movie contract. However, when she arrives Hollywood, she is assigned to the props department. Her parents visit and invest some money with a very shifty individual.",https://www.imdb.com/title/tt0014029/?ref_=sr_i_25
26. Wilhelm Tell,1923,1h 25m,,5.7,51,,The film portrays the story of the legendary Swiss national hero William Tell.,https://www.imdb.com/title/tt0014617/?ref_=sr_i_26
27. Alt Heidelberg,1923,,,7.1,18,,Prince Karl Heinz enjoys his carefree life as a student in Heidelberg. He falls in love with the beautiful Käthe and everything is fine and dandy till his father is reported very ill.,https://www.imdb.com/title/tt0013829/?ref_=sr_i_27
28. The Green Goddess,1923,1h 20m,,6.5,73,,Three British subjects arrive in the land of the Rajah of Rukh during the time of the British Raj.,https://www.imdb.com/title/tt0014100/?ref_=sr_i_28
29. Wild Bill Hickok,1923,1h 10m,,6.8,26,,"After the America Civil War ends, important political and military figures gather in Washington D.C. Gunfighter Wild Bill Hickok (William Hart) retires to Dodge City where he hangs up his gun belt and takes over a card table. Local lawmen are unable to rid the town of lawless cowboys. Hickok's arch-enemy and gang leader Jack McQueen accuses Hickok of losing his nerve. Hickok visits General Custer and retrieves his sword, taking up his role once more as a fighter for what's right. He returns to Dodge City and enlists the help of friends Wyatt Earp, Calamity Jane, Bat Masterson, Doc Holliday, Charlie Bassett, Luke Short, and Bill Tilghman to clean up the town. Hickok falls for the wife of George Hamilton (Carl Gerard). Pursued for his crimes, McQueen leaves town and gets away. Hickok follows him and tries to bring him to justice.",https://www.imdb.com/title/tt0014615/?ref_=sr_i_29
30. Drifting,1923,1h 24m,,6.6,155,,"In Shanghai, an American girl smuggling opium is put under surveillance by an American agent disguised as a mining engineer. The two fall in love, and she determines to get out of the drug business, but she is afraid of the man who is the head of the drug ring for which she worked.",https://www.imdb.com/title/tt0014003/?ref_=sr_i_30
31. The Monkey's Paw,1923,1h 4m,,5.5,25,,A couple dream that a magic paw returns their dead son.,https://www.imdb.com/title/tt0175924/?ref_=sr_i_31
32. Malar Pirates,1923,1h 47m,,6.2,98,,Three boys steal a sailboat and sail away for a summer adventure on Lake Mälaren. Based on Sigfrid Siwertz's novel.,https://www.imdb.com/title/tt0014301/?ref_=sr_i_32
33. Paganini,1923,1h 30m,,7.0,33,,,https://www.imdb.com/title/tt0014346/?ref_=sr_i_33
34. Kindled Courage,1923,50m,Passed,4.8,11,,"Andy Walker, bullied and taunted with being a coward, leaves town on a freight. The brakeman shoots two ruffians, but Andy is hailed as the hero and made a deputy sheriff. He is sent to capture Overland Pete and his gang. Scared, but game, he starts out and accidentally brought face to face with them, wins out and makes good. He also wins the love of the sister of one of the crooks, returns home with his bride, and whips the bully who taunted him as being yellow. - Moving Picture World, 1923.",https://www.imdb.com/title/tt0013292/?ref_=sr_i_34
35. The Snow Bride,1923,50m,,,,,"Annette is in love with Sheriff André Porel, but her father Gaston, promises her to Paul Gerard, after Gerard witnesses Gaston kill Indian Charlie. Despondent, Annette considers suicide, but Gerard drinks the poison by mistake. Annette is convicted of murder and is being led to her execution by André when an avalanche buries the gallows and Gaston. The villagers take this as a sign of Annette's innocence; she is released and marries André.",https://www.imdb.com/title/tt0014487/?ref_=sr_i_35
36. Warning Shadows,1923,1h 30m,Unrated,6.6,1.2K,,"A wealthy man invites the local wealthy bachelors over for a puppet show about men who covet another man's wife. What ensues is a violent confrontation of desire, jealousy and sexual tension as the guests indulge in their darkest impulses.",https://www.imdb.com/title/tt0013579/?ref_=sr_i_36
37. Ruggles of Red Gap,1923,1h 20m,,5.7,39,,An English valet brought to the American west assimilates into the American way of life.,https://www.imdb.com/title/tt0014423/?ref_=sr_i_37
38. This Ancient Law,1923,2h 8m,,7.2,362,,"Baruch Mayr, son of an orthodox rabbi from a poor shtetl in Galizia, decides to break with the family tradition and leave the shtetl to become an actor. Due to this behaviour his father bans him from his family. Baruch, who joined a small burlesque troupe is discovered by an Austrian Erzherzogin (archdutchess) who introduces him to the director of the most important Theater in Vienna, the Burgtheater. Baruch receives a contract there and becomes more and more an assimilated jew. But his relation with the Erzherzogin isn't approved by the Austrian court, so they have to end it. When an old friend of his father, who is always traveling from one Jewish community to the next (and has told him first about the theatres in the world), Baruch becomes a little bit homesick and returns for a holiday to his old shtetl to see his folks and to pick up his childhood sweetheart. But his father wants him not to enter his house, so he returns to Vienna, with his bride. But his old friend does not stop trying to convince his father of his errors.",https://www.imdb.com/title/tt0013830/?ref_=sr_i_38
39. The Last Moment,1923,1h,,4.9,21,,"Hercules Napoleon Cameron, who finds his adventure in books, is searching the waterfront with Alice Winthrop for a friend's father when they are shanghaied and taken aboard ""The Finn's"" ship, bound for the South Seas. ""The Finn"" is a brutal captain who reinforces his authority with a caged, ape-like monster. ""The Thing"" escapes during a storm, destroys the captain and crew, then turns on Alice and Nap. Fearing that their last moment has arrived, they declare their love for each other, and Nap suddenly develops a heroic impulse. He holds off the monster for a time, Alice and Nap swim for shore closely followed by ""The Thing,"" and Nap finally drowns the beast with the aid of a large abalone.",https://www.imdb.com/title/tt0014188/?ref_=sr_i_39
40. The White Sister,1923,2h 23m,,6.9,616,,"A young woman becomes a nun when she believes her sweetheart has been killed, then things get complicated when he returns alive.",https://www.imdb.com/title/tt0014605/?ref_=sr_i_40
41. Flames of Passion,1923,50m,,,,,"A lumber camp melodrama: a corrupt lumber mill owner is pitted against a dashing, heroic foreman (Larkin) and a stunning, helpless heroine.",https://www.imdb.com/title/tt0013132/?ref_=sr_i_41
42. Little Old New York,1923,1h 50m,Passed,6.4,1.2K,,An Irish girl comes to America disguised as a boy to claim a fortune left to her brother who has died.,https://www.imdb.com/title/tt0014205/?ref_=sr_i_42
43. Bride of Vengeance,1923,,,,,,,https://www.imdb.com/title/tt0221033/?ref_=sr_i_43
44. Woman to Woman,1923,1h 22m,Passed,7.0,92,,"David Compton leaves his expectant French girlfriend Louise Boucher, a dancer at the Moulin Rouge, for the war where he loses his memory. Building a new life from scratch after the war, he gets married in London. Louise, now a mother, thinks him dead. She becomes a famous dancer under the name Deloryse but falls gravely ill. One night, as David is in the audience of her show, he recovers his memory. After she learns that David is married to another woman, Louise puts her son in the care of David's new wife and, accepting a dancing job at a party, she dies there of exhaustion and sorrow.",https://www.imdb.com/title/tt0015508/?ref_=sr_i_44
45. Cyrano de Bergerac,1923,1h 53m,TV-G,6.9,367,,Cyrano de Bergerac is a joyous and witty poet filled with plenty of charisma and bravado in 17th-century France. He has only one flaw: an unusually long nose which makes him unattractive to any woman.,https://www.imdb.com/title/tt0160166/?ref_=sr_i_45
46. Black Oxen,1923,1h 20m,,5.9,267,,"A Manhattan playboy falls in love with a mysterious European woman whom he notices as an exact double for a famous socialite who disappeared at the turn of the century. At first, he thinks it's just pure coincidence, as the beautiful young woman he's currently romancing is much younger than the woman who vanished years before, but he soon starts to believe that it's not such a coincidence after all.",https://www.imdb.com/title/tt0014721/?ref_=sr_i_46
47. Hoffmanns Erzählungen,1923,1h 38m,,5.8,54,,"""Hoffmann's Tales"" - The story of the poet Hoffmann, who falls in love with a mechanical doll, loses his mirror image in Venice and finally liberates his lover from the clutches of a sinister doctor.",https://www.imdb.com/title/tt0210731/?ref_=sr_i_47
48. Ein Glas Wasser,1923,,,,,,Self-interest drives the Duchess of Marlborough to urge Queen Anne of England to prolong an expensive war with France. Bolingbroke and Masham argue for peace in the interests of the nation's economy.,https://www.imdb.com/title/tt0013178/?ref_=sr_i_48
49. The Eternal City,1923,1h 20m,Passed,6.2,35,,"David Rossi is an orphan in Rome, and is taken care of by a homeless man, Bruno. The wealthy Dr. Roselli adopts David and raises him with his daughter, Roma. When they grow up David and Roma become engaged. Dr. Roselli dies, and David and Bruno join the army when war erupts. Roma becomes a well-known sculptor, backed by Baron Bonelli, who is secretly the head of the Rome branch of the Communist party. Returning from the war, David becomes a follower of Benito Mussolini. Complications ensue when David finds out that Roma is backed by Baron Bonelli, his arch-enemy.",https://www.imdb.com/title/tt0014023/?ref_=sr_i_49
50. Le brasier ardent,1923,2h,Not Rated,7.3,392,,"A woman, named simply ""Elle"" and her husband, a wealthy industrialist, are not on the best of terms. While she enjoys the way he caters to her every whim, she wonders whether he really loves her. He, on the other hand, torments himself by imagining rivals. One morning she awakens from a nightmare in which she has been pursued by a man in various guises, who turns out to be the famous Detective Z, whose memoirs she has been reading. When she and her husband quarrel over leaving Paris permanently for a country estate, he goes to the ""Trouve Tout"" Agency and hires, of all people, Detective Z, to win back her affection. She promptly steals their marriage contract. Z tracks down the document and is nearly seduced in the process, but he resists her and returns to the comforts of home, his adoring mother, and a pet bulldog. In a chic restaurant one evening, she challenges him to a dancing duel, which he wins. After her confession of love, he goes home with a toothache. The contract is returned, the married couple plan to go away on a trip - all is ending as it should...",https://www.imdb.com/title/tt0293777/?ref_=sr_i_50
51. The Shepherd King,1923,1h 30m,,,,,"Biblical story of David, who defeats the Philistines and becomes King.",https://www.imdb.com/title/tt0015323/?ref_=sr_i_51
52. Your Friend and Mine,1923,1h,,,,,"Oil man Hugh Stanton embarks on one of his frequent business trips and leaves his wife, Patricia, in the care of Ted and Beatrice Mason. She also spends considerable time with Victor Raymier, the artist who is painting her portrait, unaware that he is a fraud who merely signs his name to the work of a real artist in his employ. One day, Victor persuades Patricia to accompany him to his country home. A storm forces them indoors and the fake artist proceeds to make unwanted advances on Patricia. The Masons come to her rescue, and following their return to the city, Patricia telephones her husband, asking him to come home. He informs her that the proceeds from his new oil well will enable him to be a full-time husband.",https://www.imdb.com/title/tt0014633/?ref_=sr_i_52
53. The Grub Stake,1923,1h 39m,,7.0,93,,"A young woman is lured to the Yukon by a gambler with promises of marriage and a grubstake for a gold mine. She takes her ailing father with her, only to discover when she gets there that the gambler was lying to her and actually planned to sell her to a dance hall. She gathers her father and an old miner she has met, takes a dogsled and supplies from the gambler and the three of them head for the wilderness to look for a lost gold claim the old miner has been looking for.",https://www.imdb.com/title/tt0133813/?ref_=sr_i_53
54. Adam's Rib,1923,1h 42m,,5.8,145,,"Michael Ramsay only has time for gathering his fortune in wheat. His wife seeks comfort elsewhere and, to avoid a scandal, her daughter Mathilda assumes her mother's guilt. Ramsay nearly goes broke but gets rich again; his wife returns.",https://www.imdb.com/title/tt0013817/?ref_=sr_i_54
55. Maytime,1923,1h 20m,,6.4,61,,"Ottilie is forced to wed her cousin despite her love for Dick, the gardener's son. Dick leaves, vowing to return a wealthy man, only to find she has already married. Decades later, their grandchildren meet and fall in love.",https://www.imdb.com/title/tt0014264/?ref_=sr_i_55
56. The Nortull Gang,1923,1h 16m,,6.4,212,,"About a group of office girls hardships in the male world set in 1907. A collective fighting for female solidarity, civil rights and the conflict between love and work.",https://www.imdb.com/title/tt0014320/?ref_=sr_i_56
57. Penrod and Sam,1923,1h 24m,,6.8,80,,"Penrod and his gang don't want to let neighborhood ""goodie-goodie"" Georgie Bassett into their club, but Penrod's father pressures him to allow the boy in because his parents are wealthy and prominent members of the town. Finally the boys agree to let Georgie join, but first they demand that he undergo an ""initiation"", and they're determined to make it one that Georgie won't soon forget.",https://www.imdb.com/title/tt0014353/?ref_=sr_i_57
58. All the Brothers Were Valiant,1923,1h 41m,,6.5,31,,"Joel Shore is made captain of the whaling schooner formerly headed by his courageous and admired brother, Mark, who was lost at sea. Accompanied by his bride, who suspects Joel to have a cowardly heart, they set sail for a whale hunt.",https://www.imdb.com/title/tt0013824/?ref_=sr_i_58
59. Rosita,1923,1h 30m,Passed,6.4,526,,"Rosita, a peasant singer in Seville, captures the attention of the King.",https://www.imdb.com/title/tt0014416/?ref_=sr_i_59
60. The Scarlet Car,1923,50m,,,,,"Billy Winthrop is in love with Beatrice Forbes, who is engaged to Ernest Peabody, a reform candidate for mayor backed by Billy's father. When Billy learns that Peabody has betrayed Violet Gaynor and plans to double-cross Mr. Winthrop, he exposes the candidate with the help of Mitt Deagon and wins Beatrice.",https://www.imdb.com/title/tt0014441/?ref_=sr_i_60
61. The Street,1923,1h 14m,,6.8,564,,"Presents two distinct plot lines until the two eventually merge: the first is that of the bored middle-aged man seeking a departure from monotony in his life; the second is that of the blind man and the little boy, his grandson, who are interdependent. None of the characters have been given names and are therefore referred to only by description. The city is an expressionistic nightmare, a dangerous and chaotic place.",https://www.imdb.com/title/tt0014516/?ref_=sr_i_61
62. The First Degree,1923,50m,TV-PG,6.7,133,,"Sam Purdy, a banker-turned-politician-turned-sheep farmer is repeatedly blackmailed by his half-brother because of their love for a woman named Mary.",https://www.imdb.com/title/tt0014042/?ref_=sr_i_62
63. The White Rose,1923,1h 40m,,6.1,254,,"Joseph, a wealthy young Southern aristocrat, graduates from a seminary; before he takes charge of his assigned parish, he decides to go out and see what ""the real world"" is all about. He winds up in New Orleans and becomes attracted to Bessie, a poor, unsophisticated orphan girl. One thing leads to another, and before long Bessie discovers that she is pregnant by Joseph.",https://www.imdb.com/title/tt0014604/?ref_=sr_i_63
64. The Eternal Struggle,1923,1h 20m,,5.9,20,,"Believing she's responsible for the death of her would-be seducer, a young woman flees to North Vancouver.",https://www.imdb.com/title/tt0014024/?ref_=sr_i_64
65. Married Love,1923,1h,,6.6,8,,"A fireman's fiancée, ejected by her father, becomes a maid and finds small families happier than large ones.",https://www.imdb.com/title/tt0245265/?ref_=sr_i_65
66. Backbone,1923,1h 10m,,,,,"As has his family for generations, André de Mersay rules the little town of St. Croix, Maine, and its surrounding lumber interests. While thinking of his granddaughter, Yvonne, who is returning from France, André recalls the story of his namesake ancestor who, in the time of Louis XV of France, was cruelly separated from his sweetheart, Yvonne de Chausson, and exiled to America. When Yvonne arrives she is told by Anthony Bracken, de Mersay's business manager, that her grandfather is seriously ill and may see no one. The arrival of John Thorne and his efforts to open up a tract of lumber long intended to be worked by the de Mersays further infuriate Yvonne. After much conflict and danger to Yvonne and John, it is revealed that de Mersay died sometime ago; that Bracken and his partner, Doc Roper, were embezzling de Mersay funds; and that John Thorne is descended from Yvonne de Chausson. Yvonne and John are united, thus fulfilling a promise centuries old.",https://www.imdb.com/title/tt0013855/?ref_=sr_i_66
67. Bluebeard's 8th Wife,1923,1h,,6.5,32,,"A French nobleman's daughter marries rich American John Brandon to help her family. Upon discovering he's divorced seven times, she tries forcing another divorce, but he refuses and they reconcile.",https://www.imdb.com/title/tt0013877/?ref_=sr_i_67
68. Der verlorene Schuh,1923,50m,,6.2,61,,One of the first movies made about the fairy tale Cinderella. The film is part of the current German expressionism. Because of that the film ends up being darker than the fairy tale itself.,https://www.imdb.com/title/tt0014577/?ref_=sr_i_68
69. The Blizzard,1923,1h 41m,,7.0,228,,"Gunnar Hede, a young Swedish man, wants to become a professional musician, but when his father suddenly dies he is pressured by his family to take over the family business, raising and selling reindeer. He doesn't like the business and isn't suited for it, but he gives in and takes over. However, when he is badly injured one day in an accident while driving the herd over the frozen Arctic and sustains some serious head trauma, his family fears that he may be permanently mentally damaged and they may lose both Gunnar and the family business.",https://www.imdb.com/title/tt0014108/?ref_=sr_i_69
70. The Silent Command,1923,1h 20m,,5.8,111,,"Benedict Hisston is a foreign agent, part of a conspiracy to destroy the Panama Canal and the US Navy's Atlantic Fleet. He attempts to acquire information about mine placement in the Canal Zone from Captain Richard Decatur but fails. That information is essential to the conspiracy's success and so he then hires vamp Peg Williams to obtain the intelligence through seduction. Decatur is not fooled and obeys the ""silent command"" of the Chief of Naval Intelligence to play along with the spies without revealing his purpose to friends or family. He is court-martialed, stripped of rank, and dismissed from the Navy after he strikes an admiral. His association with Williams estranges him from his wife but earns him the trust of Hisston and the other spies. When the conspirators are ready to enact their plan, he travels to Panama with them. He thwarts their attempt at sabotage, saving the canal and the fleet. He is then reinstated into the Navy, reunited with his wife, and honored by the nation for his heroism",https://www.imdb.com/title/tt0014469/?ref_=sr_i_70
71. The Hell Ship,1923,1h 26m,,6.9,169,,"A naval adventure that focuses on the rivalry among the crew, particularly the indignation wrought by the behavior of implacable Captain Steen. Dick, one of the sailors, is one of the most rebellious and draws up plans to exact vengeance.",https://www.imdb.com/title/tt0014014/?ref_=sr_i_71
72. Crown of Thorns,1923,1h 42m,,6.2,124,,"By the director of Cabinet of Dr.Caligari, this is the Passion embedded in a contemporary story. An anarchist jailed for an attempted assassination is told the Passion story by the prison chaplain, who seeks to convince him that it is better to sacrifice ones own life than take the life of ones enemy. The framing story, taken from a novel, is believed to have been intended to give the Biblical story an anti-Bolshevist propaganda function. In any case, it was added without the knowledge of the actors in the Passion story, who included some of the major stars of the period Asta Nielsen as Mary Magdalene, Henny Porten as Mary, Grigori Chmara as Jesus, and Werner Krauss as Pontius Pilate -bampfa.berkeley.edu",https://www.imdb.com/title/tt0014146/?ref_=sr_i_72
73. A Million to Burn,1923,50m,,,,,"The owner of a resort hotel promotes Tom Gwynne, a college boy working as a waiter, to manager. As a result of his mismanagement the hotel loses several thousand dollars. Tom inherits a million and buys the hotel to continue his experimental management, which is to give the employees time and opportunity for self-expression--to do what they like best to do. With the grounds full of acrobats, musicians, and dancers, the hotel goes bankrupt. The old manager returns, buys the hotel, but retains Tom--now that he has learned his lesson--as manager.",https://www.imdb.com/title/tt0014280/?ref_=sr_i_73
74. Milady,1923,1h,,,,,"Cardinal Richelieu is desirous of embarrassing his king and D'Artagnan for political purposes. Employs Milady de Winter to help his cause. D'Artagnan, however, is faithful to his queen and sweetheart, Constance, the latter in her services as spy. Milady is captured but a traitor aids her to escape. However, she has her revenge by poisoning Constance and in turn is beheaded.",https://www.imdb.com/title/tt0014277/?ref_=sr_i_74
75. North of Hudson Bay,1923,50m,,5.8,156,,"On a steamboat heading North, where his brother has struck gold, Mike Dane falls in love with Estelle MacDonald. When he arrives at the Canadian trading post, Dane learns that his brother has been murdered and his partner sentenced to death as the killer.",https://www.imdb.com/title/tt0014321/?ref_=sr_i_75
76. In the Palace of the King,1923,1h 30m,,,,,"King Philip of Spain is jealous of his more popular brother, Don John, and sends him into battle against the Moors, hoping he will not return. Don John is in love with Dolores, daughter of General Mendoza, but the general discourages her, as Don John is betrothed to the Queen of England's sister. Don John returns victorious, and following a dispute over a secret letter, the king stabs his brother and leaves him for dead. When Mendoza accepts the blame, Dolores, who knows the truth, tells the court she had been dishonored by Don John, causing her father's reaction. Dolores then threatens the king that she will reveal his guilt unless her father is pardoned. The king pardons Mendoza, Don John recovers, and he and Dolores marry.",https://www.imdb.com/title/tt0014151/?ref_=sr_i_76
77. Call of the Wild,1923,1h 10m,,6.6,36,,"Buck, a young Saint Bernard, is stolen from his home in England and shipped to Canada where he is used on a dogsled. He is treated badly until John Thornton, a prospector, befriends him. Buck takes the opportunity to rescue Thornton when his life is endangered. Finally, he settles down to the pleasures of family life.",https://www.imdb.com/title/tt0013908/?ref_=sr_i_77
78. Human Wreckage,1923,1h 20m,,7.4,23,,An attorney's wife is determined to fight the evils of addictive substances.,https://www.imdb.com/title/tt0014141/?ref_=sr_i_78
79. The Leopardess,1923,50m,,,,,"On a South Sea island, wealthy hunter Scott Quaigg meets Tiare, the daughter of a drunken Scotsman and a native woman, who happily give permission to marry her. While sailing to his home in New York, Quaigg treats Tiare roughly and throws Captain Croft overboard when he comes to her defense. Quaigg attempts to tame Tiare by exploiting her superstitions and threatening her with the same whip he uses on his pet leopard. Later, Tiare awaits her husband's return from a hunting trip with a gun and fires as a man enters, only to discover that it is Captain Croft, who was saved from drowning. Quaigg finds them together and releases the leopard. However, the beast kills its master before being shot by Croft. Afterward, Tiare and Croft return to the South Seas together.",https://www.imdb.com/title/tt0014195/?ref_=sr_i_79
80. Cameo Kirby,1923,1h 10m,,5.7,386,,"Wrongfully blamed for the death of Col. John Randall, Cameo Kirby (Gilbert) must find the true villain and clear his name before he can declare his love for Adele (Olmstead), the dead man's daughter.",https://www.imdb.com/title/tt0013909/?ref_=sr_i_80
81. The Abysmal Brute,1923,1h 20m,Passed,,,,"A young man is raised in the mountains by his prizefighter father. Although he possesses great strength and athletic skill, he is completely out of his league when it comes to women. He becomes a successful boxer in San Francisco and is given the name ""The Abysmal Brute"". When he rescues a drowning man, he meets a beautiful socialite named Maude Sangster and falls in love. His lack of social skills proves a hindrance when a rival suitor competes with him for Maude's affections.",https://www.imdb.com/title/tt0013814/?ref_=sr_i_81
82. The Treasure,1923,1h 20m,,6.7,390,,"In and around a bell maker near Marburg (today Slovenia) people tell the story of a treasure that was hidden during the Turki invasion of 1683, the year the Turkish Army was besieging Vienna. Everybody think it's nonsense except for an old worker there, who feels that the treasure must be in the bell maker's house. A young traveling worker who has fallen in love with the bell maker's daughter Beate makes fun of this, but she convinces him that the old worker is not that nuts. So he starts searching for himself, and soon he finds it, as well as the old worker. He tells his master, who decides, that the young one has to disappear. He and Beate are leaving, while the old worker offers his part of the treasure to the master if he allows him to marry Beate. Beate, after coming home, hears of that and leaves together with the young worker.",https://www.imdb.com/title/tt0014446/?ref_=sr_i_82
83. Wüstenrausch,1923,,,,,,,https://www.imdb.com/title/tt0014627/?ref_=sr_i_83
84. L'idée de Françoise,1923,,,,,,,https://www.imdb.com/title/tt0194963/?ref_=sr_i_84
85. The Daring Years,1923,1h 10m,,,,,"Cabaret dancer Suzie La Motte (Harris) is in love with Jim Moran (King), a boxer, but she tempts a young man named John Browning (Mack). Moran and John get into a fight in which Moran accidentally shoots himself. Out of anger at John, Suzie accuses him of Moran's murder. It is only at the last minute that John is saved from the electric chair by Suzie's confession of the truth.",https://www.imdb.com/title/tt0013974/?ref_=sr_i_85
"86. Seine Frau, die Unbekannte",1923,1h 16m,,5.8,39,,"A war blind painter marries his nurse, but after he can see again through an operation, he does not recognize her. Then she decides to leave him in order to return to his service under a different name.",https://www.imdb.com/title/tt0014455/?ref_=sr_i_86
87. A Prince of a King,1923,1h,,,,,"In a fifteenth-century kingdom, Duke Roberto usurps the throne by poisoning King Lorenzo and abandoning the sole heir, Prince Gigi, in the wilderness. A troupe of Gypsy acrobats discover the infant prince, and their leader, Andrea, adopts him. Gigi becomes the troupe's star performer, but during a visit to the kingdom, he attempts to escape the abusive acrobats. The prince is recognized by the court physician and returned to the queen mother. Duke Roberto is punished for his crimes and the Gypsies are banished from the court.",https://www.imdb.com/title/tt0014374/?ref_=sr_i_87
88. Fi bilad Tout Ankh Amon,1923,1h 20m,,,,,,https://www.imdb.com/title/tt0278445/?ref_=sr_i_88
89. The Acquittal,1923,1h 10m,Passed,,,,"When a wealthy man is found murdered in his bedroom, one of his two adopted sons is arrested and charged with the killing. However, the verdict at his trial is an acquittal. Since the police don't seem to be particularly interested in finding the real killer, the dead man's daughter-in-law--the wife of the adopted son who wasn't charged--takes it upon herself to solve the crime.",https://www.imdb.com/title/tt0013815/?ref_=sr_i_89
90. Homeward Bound,1923,1h 10m,Passed,5.0,31,,"A group of seven people find themselves on a ship in the middle of an endless ocean, with no recollection of how they got there.",https://www.imdb.com/title/tt0014138/?ref_=sr_i_90
91. The White Flower,1923,1h,,,,,"Konia Markham, the daughter of an American father and a Hawaiian mother, is told by a sorceress that the man who presents her with a perfect white flower will be her true love. When Bob Rutherford offers a gardenia to Konia at a banquet, rejected suitor David Panuahi becomes even more jealous and persuades Konia to have the kahuna put a death curse on Bob's fiancee, Ethel Granville. Bob's devotion to a failing Ethel softens Konia, however, and she has the curse removed. She is about to jump into a volcano when Bob, now released by Ethel from their engagement, finds her and declares his love.",https://www.imdb.com/title/tt0014603/?ref_=sr_i_91
92. Puritan Passions,1923,1h 10m,,5.9,16,,"Goody Rickby conspires with Satan to avenge herself when Gillead Wingate refuses to acknowledge their illegitimate child. Years pass, and Wingate becomes a powerful figure in his Salem, Massachusetts, community. Satan appears, ready to effect Goody's revenge. He makes a scarecrow come to life and plans to marry him to Rachel, Wingate's ward, thereby causing her and Wingate to be hanged for having been associated with witchcraft. Their plan is partially foiled when the scarecrow falls in love, acquires a soul, and sacrifices himself to save Rachel.",https://www.imdb.com/title/tt0014382/?ref_=sr_i_92
93. Back to Old Virginia,1923,,,,,,,https://www.imdb.com/title/tt0013854/?ref_=sr_i_93
94. The Sign of Four,1923,1h 23m,,6.1,99,,A convict seeks revenge on the partners who cheated him of his treasure share.,https://www.imdb.com/title/tt0014468/?ref_=sr_i_94
95. Earth Spirit,1923,1h 9m,,5.9,113,,"Dr. Schön marries a lower class girl, Lulu. Young and voluptuous she attracts the attention of the all the male gender, but the doctor will not let her go. After Lulu shoots the doctor, his son has to make a serious decision.",https://www.imdb.com/title/tt0014022/?ref_=sr_i_95
96. The Bright Shawl,1923,1h 20m,Passed,6.0,62,,"Set in 1850s Cuba, Charles Abbott is a wealthy adventurer who is in love with Narcissa but instead pursues La Clavel to obtain information about the Spanish. He becomes implicated in the death of his friend Escobar, brother of Narcissa.",https://www.imdb.com/title/tt0013892/?ref_=sr_i_96
97. Die Lawine,1923,1h 11m,,5.4,84,,"To lead a whole new life, probably more carefree, with the dancer Kitty, George Rothwill abandoned his wife Nora and his son. And without any scruples he squanders, with his new conquest, the money of his old mother.",https://www.imdb.com/title/tt0014191/?ref_=sr_i_97
98. The Wolf Man,1923,1h,,5.2,34,,The youngest son of a noble English family turns into a wolf man whenever he partakes in alcohol.,https://www.imdb.com/title/tt0015504/?ref_=sr_i_98
99. Der Kaufmann von Venedig,1923,2h 8m,,5.9,42,,"Bassanio loves heiress Portia, and to help his friend the merchant Antonio hesitatingly borrows money from Jewish money lender Shylock. The deal: If Antonio can't repay the debt Shylock may cut a pound of meat out of Antonio's body.",https://www.imdb.com/title/tt0014175/?ref_=sr_i_99
100. Man by the Roadside,1923,1h,,4.6,29,,"Schuster, regarded as the village idiot, offers a lost, wandering stranger food and shelter for the night. The stranger leaves without thanking him. Schuster's luck changes. He is no longer an object of ridicule. Problems in his life that seemed insurmountable are suddenly solved.",https://www.imdb.com/title/tt0014269/?ref_=sr_i_100
101. Soul of the Beast,1923,1h 5m,Passed,6.7,66,,"Ruth runs away from an abusive stepfather, who owns a circus, and takes the circus' trained elephant--her only friend--with her. She winds up in a Canadian logging camp and meets Paul, the enemy of the town bully, who also falls for Ruth.",https://www.imdb.com/title/tt0014496/?ref_=sr_i_101
102. His Children's Children,1923,1h 10m,,,,,"Follows three generations of the Mayne family through the year 1921-22. The 81-year-old patriarch reminisces about his rough beginnings in post-Civil War railroading, son Rufus rides rough waters as a wealthy financier, and his wife and three daughters muddle through their New York high society life.",https://www.imdb.com/title/tt0014134/?ref_=sr_i_102
103. The Naked Man,1923,,,,,,"The heir to £500,000 must live for one month without assistance.",https://www.imdb.com/title/tt0392476/?ref_=sr_i_103
104. The Famous Mrs. Fair,1923,1h 20m,,,,,"Highly decorated for her service as a wartime nurse, Mrs. Nancy Fair returns home after the hostilities to find her family falling apart. Nevertheless, she goes on a lecture tour in hopes of doing more good. Her second homecoming finds Mr. Fair involved in an affair with Angy Brice, a neighboring widow; her son, Alan, married and in bad company; and her daughter, Sylvia, eloped. The search for Sylvia brings Mrs. Fair to her senses and reunites the family.",https://www.imdb.com/title/tt0014036/?ref_=sr_i_104
105. St. Elmo,1923,1h,,,,,"When St. Elmo Thornton finds his fiancée, Agnes, in the arms of his friend Murray Hammond, he shoots Hammond and sets out on a journey around the world, dedicated in his hatred of women. He returns home to find Edna, the blacksmith's daughter, living with his mother. Through Edna's influence Thornton is redeemed, and he marries her after he becomes a minister.",https://www.imdb.com/title/tt0014430/?ref_=sr_i_105
106. Atesten Gömlek,1923,1h 10m,,7.0,46,,Ayse who lost her husband and child during the occupation of Izmir by Greek Army in 1919 goes to Istanbul to attend demonstrations which are arranged against the occupation of Anatolia. And then she passes to Anatolia to be a nurse and meets with Ihsan there. At that time Turkish War of Independence starts and they participate to this battle together.,https://www.imdb.com/title/tt0256622/?ref_=sr_i_106
107. Mighty Lak' a Rose,1923,1h 20m,,,,,"Blind violinist Rose Duncan unknowingly falls in with a gang of crooks who use her as a decoy. Under her influence they all--especially Jimmy Harrison--resolve to go straight but decide to pull one more job so that Rose may have surgery. Jimmy is caught and goes to prison while Rose, now cured, successfully pursues her musical career. On the night of her debut Jimmy is released and reunited with Rose.",https://www.imdb.com/title/tt0014276/?ref_=sr_i_107
108. Os Olhos da Alma,1923,1h 7m,,,,,"In a small fishermen's village love affairs are in turmoil, amidst political meetings and revolutionary activities. Nature adds drama to the human passions with its wind- and sea-storms.",https://www.imdb.com/title/tt0014328/?ref_=sr_i_108
109. Little Johnny Jones,1923,1h 10m,,,,,Jockey Johnny Jones is hired to ride The Earl of Bloomsburg's horse at the English Derby. Crooked gambler Robert Anstead frames Johnny as a thief and kidnaps his sweetheart to make him throw the race. Will he succeed?,https://www.imdb.com/title/tt0014204/?ref_=sr_i_109
110. The Drivin' Fool,1923,1h,,,,,"Speed-mad Hal Locke saves his father's business and the family fortune by driving his car from San Francisco to New York City in the face of insurmountable odds to deliver a check within the required time limit. He thereby thwarts Richard Brownlee, a scheming Wall Street broker, who, through a technicality, plans to take over the business.",https://www.imdb.com/title/tt0130640/?ref_=sr_i_110
111. La maison du mystère,1923,6h 22m,Not Rated,7.5,135,,"An imaginative wedding scene shot in silhouette, begins a tale of murder blackmail and romance covering a period of about 18 years, ending around 1923.",https://www.imdb.com/title/tt0209123/?ref_=sr_i_111
112. Mary of the Movies,1923,57m,Passed,6.5,18,,"Mary's kid brother needs an operation and, in order to pay for it, Mary goes to a Hollywood studio and applies for a job as an actress. Mary is given a job as a waitress in the commissary, and gets to meet 40 actors, actresses and directors, none of whom tip big enough to enable Mary to earn enough money to pay for an operation. Will Mary become an actress and make some big money? Does corn grow in Iowa?",https://www.imdb.com/title/tt0014262/?ref_=sr_i_112
113. So sind die Männer,1923,,,5.5,25,,"The youngest brother of Napoleon, Jerome, who, after the unfortunate peace of Tilsit, on August 18, 1807, took control of the newly created kingdom of Westphalia, holds his splendid court at Schloss Wilhelmshoehe near Kassel. In the magnificent surroundings of the castle, its beautiful parks and the charming water features, he spends his time in happy garden parties.",https://www.imdb.com/title/tt0013617/?ref_=sr_i_113
114. April Showers,1923,1h,,,,,"Danny O'Rourke, whose policeman father died a hero in the fulfillment of his duty, is training to become a member of the force. He is in love with Maggie Muldoon, who lives across the court. Miriam Welton, a girl of wealth, opens up a neighborhood clubhouse for the purpose of giving happiness to the poor. Her efforts are very poorly received, but she inveigles Danny to come to the club, and sends a beautiful hat to his sister as a gift. The hat gives Shannon the masculine attention which she craves and leads her to steal in order to be attractive. Danny fails to pass his examination, and is confronted with a demand for one thousand dollars to make good his sister's thefts. He takes part in a prize fight in order to get the money, but is badly beaten. On reaching home, however, he learns that there was an error in the marking of his paper, so he is eligible to be a policeman. Though bruised he is happy, and he finally wins Maggie, the girl of his heart.",https://www.imdb.com/title/tt0013837/?ref_=sr_i_114
115. Six Cylinder Love,1923,1h 10m,,,,,"The ownership of an expensive automobile nearly wrecks the happiness of two families in turn. When the Burtons and the Sterlings are broke and beginning anew, the janitor of the apartment building buys the car.",https://www.imdb.com/title/tt0014477/?ref_=sr_i_115
116. Sansone,1923,1h,,,,,Adaptation of a French boulevard play: a parvenu businessman marries a young lady from a noble family who have run out of money.There is no love lost between them.,https://www.imdb.com/title/tt0456640/?ref_=sr_i_116
"117. Andersson, Pettersson och Lundström",1923,1h 20m,,,,,"Andersson, Pettersson and Lundström goes out for a long walk with Stockholm as a goal. On the way they buy a lottery ticket and wins a lot of money.",https://www.imdb.com/title/tt0013832/?ref_=sr_i_117
118. Flaming Youth,1923,1h 30m,Passed,7.0,108,,An ingenue becomes a bob-haired flapper and enters into a ménage-à-trois with her mother's lover amid the sexual revolution of the Jazz Age.,https://www.imdb.com/title/tt0014045/?ref_=sr_i_118
119. L'affaire du courrier de Lyon,1923,,,,,,,https://www.imdb.com/title/tt0188393/?ref_=sr_i_119
120. Fighting Blood,1923,2h,,6.5,26,,,https://www.imdb.com/title/tt0014040/?ref_=sr_i_120
121. The Virgin Queen,1923,,,7.2,8,,A Lord save the queen from a countess's assassination plot.,https://www.imdb.com/title/tt0014580/?ref_=sr_i_121
122. The Thrill Chaser,1923,1h,Passed,4.8,22,,"Working as a motion-picture extra, Westerner Omar K. Jenkins (Hoot Gibson) impresses Sheik Ussan, a visiting Arab prince, with his pugilistic ability. Engaged to go to Arabia, he becomes involved in war between rival principalities and falls in love with Olala (Billie Dove), a princess who is promised. Omar is taken prisoner and readied for the chopping block when Sheik Ussan intervenes.",https://www.imdb.com/title/tt0014543/?ref_=sr_i_122
123. The Victor,1923,50m,Passed,,,,"In order to save his family from financial ruin, an English aristocrat agrees to come to America and marry the daughter of a wealthy businessman. Once he gets there, though, he can't bring himself to do it, and is reduced to taking a job as a waiter. At work one night he gets into an argument with a well-known prizefighter and knocks him out; a fight promoter signs him to a contract, and he becomes a professional boxer.",https://www.imdb.com/title/tt0014578/?ref_=sr_i_123
124. Walli,1923,,,,,,,https://www.imdb.com/title/tt0216398/?ref_=sr_i_124
125. Die Kette klirrt,1923,,,,,,,https://www.imdb.com/title/tt1071933/?ref_=sr_i_125
126. Vengeance of the Deep,1923,,,,,,"Captain Musgrove, the brutal lord of a South Sea island, prevents the natives from participating in his pearl-diving enterprise. When Tagu, son of the native chief, is penalized by the captain for poaching, he avenges himself by attempting to kill Frederico, Musgrove's chief diver. Although Frederico is determined to marry the captain's daughter, Ethel, she prefers a beachcomber named Jean. During an experimental dive, Jean and Frederico discover a treasure chest and decide to conceal their find from Musgrove. However, as they return to shore, Frederico abandons Jean when he is trapped by a giant clam. As Frederico is about to marry Ethel, Jean emerges from the ocean and punishes his rival. Jean wins Ethel and becomes the new chief diver.",https://www.imdb.com/title/tt0014575/?ref_=sr_i_126
127. Friedrich Schiller - Eine Dichterjugend,1923,1h 51m,,5.6,72,,"Despite his wish to become a pastor, Friedrich Schiller is ordered to join a military school. There, he begins to write poetry...",https://www.imdb.com/title/tt0457907/?ref_=sr_i_127
128. Richard the Lion-Hearted,1923,1h 20m,,6.8,20,,"Adventures of King Richard when he travels with Queen Berangaria, the knights and ladies of his court, and his army of crusaders to Palestine to fight Sultan Saladin and the Saracen hordes for possession of the Holy Land.",https://www.imdb.com/title/tt0014408/?ref_=sr_i_128
129. Die Fledermaus,1923,,,,,,,https://www.imdb.com/title/tt0014047/?ref_=sr_i_129
130. The Prisoner,1923,50m,,,,,"While traveling in Europe Philip Quentin encounters his former sweetheart, Dorothy Garrison, and finds that she is now engaged to Prince Ugo Ravorelli, whom Philip recognizes as the man wanted for a murder in Brazil. Philip avoids being trapped by Prince Ugo into a fatal duel, then kidnaps Dorothy at her wedding. She is at first adamant, but after Philip saves her from Courant, the prince's henchman, Dorothy realizes she loves Philip.",https://www.imdb.com/title/tt0014377/?ref_=sr_i_130
131. Within the Law,1923,1h 45m,,6.6,156,,"When Mary Turner is sent to prison for a crime she did not commit, she vows upon her release to take vengeance on those who wronged her, always staying however within the letter of the law.",https://www.imdb.com/title/tt0014619/?ref_=sr_i_131
132. The Virginian,1923,1h 20m,Not Rated,6.1,73,,"Molly Wood arrives in a small Western town to be the new schoolmarm. The Virginian, foreman on a local ranch, takes a shine to her, and vows that he will make her love him. The Virginian's best friend Steve falls in with bad guys led by Trampas. The Virginian catches them cattle-rustling. As foreman, he must give the order to hang his friend. Trampas gets away and shoots the Virginian in the back. Molly nurses him to health and falls in love with him. They plan to marry, but on their wedding day Trampas returns, looking for trouble.",https://www.imdb.com/title/tt0014582/?ref_=sr_i_132
133. Bright Lights of Broadway,1923,1h 10m,,6.3,16,,"An innocent country girl who happens to have a lovely singing voice falls under the influence of a ruthless Broadway producer. At first she's dazzled by the producer's surface charm as well as those bright lights the title refers to, but eventually gets a dose of reality (after accidentally becoming involved in a murder and a race against time to save a condemned man). The film also includes a truly hair-raising train crash.",https://www.imdb.com/title/tt0013891/?ref_=sr_i_133
134. The Miracle Makers,1923,1h,,4.2,7,,"A woman, engaged to one man, is forced to marry another, who is subsequently arrested, leaving his wife with a terrible decision to make when her former fiancee comes looking for her.",https://www.imdb.com/title/tt0014283/?ref_=sr_i_134
135. Michael O'Halloran,1923,,,,,,"Orphan newsboy Michael O'Halloran ""adopts"" Peaches, a little crippled girl, when her grandmother's death leaves her alone in the world. A chance acquaintance with lawyer Douglas Bruce draws Michael into contact with the Hardings, a farm couple, who bring Michael and Peaches to the country. Wholesome food and good fresh air give Peaches the strength to walk. Also friends of Douglas Bruce are the James Minturns, a wealthy young couple whose marriage breaks up over Nellie Minturn's neglect of their children for a society life. Nellie eventually realizes her error, devotes herself to hospital work, and is reunited with James while bird-calling in the woods.",https://www.imdb.com/title/tt0014271/?ref_=sr_i_135
136. Die Buddenbrooks,1923,1h 24m,,6.3,41,,"Saga of the Buddenbrook family and their business, set in 19th century Germany.",https://www.imdb.com/title/tt0013901/?ref_=sr_i_136
137. The Courtship of Myles Standish,1923,1h 30m,,6.3,39,,"A dramatization of Henry Wadsworth Longfellow's poem 'The Courtship of Miles Standish,' this is the story of the Pilgrims who fled religious persecution in England and came to America aboard the Mayflower. John Alden, After numerous adventures at sea and with Indians on land, John Alden is asked by his friend Myles Standish to seek for him the romantic favor of his secret beloved, Priscilla Mullens. But Priscilla has eyes for another: John Alden.",https://www.imdb.com/title/tt0013950/?ref_=sr_i_137
138. The West~Bound Limited,1923,1h 2m,,6.2,28,,"Railroad engineer Bill Buckley narrowly averts injury to Esther Miller, the daughter of the president of the company, when she falls on the tracks in front of his speeding train. In receiving a reward from Mr. Miller, Bill becomes involved in the villainous schemes of Raymond McKim, Mr. Miller's personal secretary, who makes it appear that Mrs. Buckley has been unfaithful to Bill and attempts to force Esther to marry him (McKim). Bill's son, Johnny, interferes on Esther's behalf; McKim receives his just deserts; and all ends happily.",https://www.imdb.com/title/tt0348369/?ref_=sr_i_138
139. To the Last Man,1923,1h 10m,,4.8,45,,"Between ranchers and sheepherders there is a feud. Jean Isbel and Ellen Jorth are in love. Unfortunately, each of them belongs to one of the parties. That complicates the live of both Ellen and Jean very much.",https://www.imdb.com/title/tt0014553/?ref_=sr_i_139
140. Stephen Steps Out,1923,1h,,6.5,18,,"When Stephen Harlow, Jr., fails his course in Turkish history, his father, a founder of the school, sends him to Turkey to learn his lessons and fires Gilman, the history teacher, whom he could not bully into passing his underachieving son. Stephen, Jr., to make amends, has Gilman reinstated, and, after a thrilling adventure in Turkey in which he rescues the sultan's son and is given a coveted medal, returns to school and presents the medal to Gilman.",https://www.imdb.com/title/tt0014510/?ref_=sr_i_140
141. Bella Donna,1923,1h,,6.5,39,,"Bella Donna, a seductive woman snares Nigel Armine into marriage and he takes her to Egypt to live. Tired of her simple husband, Bella becomes involved with brutish Baroudi.",https://www.imdb.com/title/tt0013867/?ref_=sr_i_141
142. The Man in the Iron Mask,1923,1h 52m,,7.4,46,,"Cardinal Richelieu gives the order that the twin brother of France's King Louis XIV should be removed from the court and taken to the country. There he is educated, without knowledge of his true ancestry, and kept as a prisoner.",https://www.imdb.com/title/tt0133949/?ref_=sr_i_142
143. The Man Without Desire,1923,1h 10m,,5.7,31,,A doctor suspends the life of a mourning lover and he is revived 200 years later.,https://www.imdb.com/title/tt0014249/?ref_=sr_i_143
144. L'âtre,1923,,,6.0,11,,One of two peasant brothers in love with the same woman escapes his grim country life and pursues a career as a Parisian sculptor.,https://www.imdb.com/title/tt0011901/?ref_=sr_i_144
145. The Lone Star Ranger,1923,1h,Passed,,,,"An outlaw named Duane (Tom Mix), captured by the Texas Rangers, is promised a pardon if he rounds up a gang of cattle thieves. The man he suspects as the leader is revealed to be the father of Duane's sweetheart, Helen (Billie Dove). Duane captures the gang, gets a pardon for Helen's father, and marries Helen.",https://www.imdb.com/title/tt0014209/?ref_=sr_i_145
146. The Dancer of the Nile,1923,1h,,,,,"A tyrannical Egyptian princess falls in love with Karmet, prince of Syria, who loves Arvia, a dancing girl. The princess orders Arvia killed, but the dancer's father, a high priest, saves her for Karmet. The princess overcomes her disappointment and succumbs to the advances of Prince Tutankhamen.",https://www.imdb.com/title/tt0013966/?ref_=sr_i_146
147. The Barefoot Boy,1923,58m,Passed,,,,"Dick Alden, a 12-year-old boy mistreated by his stepfather and picked on by the other residents of his village, is wrongly accused of setting fire to the local schoolhouse. He runs away but vows to take his revenge on the village. Years later he gets his chance when he returns to take over the mill he has inherited--he plans to close it down, which would throw most of the people out of work and destroy the economy. However, he runs into someone from his past that could put a halt to his plans.",https://www.imdb.com/title/tt0013860/?ref_=sr_i_147
148. Kohitsuji,1923,,,,,,,https://www.imdb.com/title/tt0342649/?ref_=sr_i_148
149. Downfall,1923,,,7.2,34,,"Vehicle written for and produced by company owned by, Asta Nielsen: After a romance with a young fisherman convicted of murder, a famed variety and operetta star hits the skids.She lands up alone, old, poor, and ugly in a garret apartment.",https://www.imdb.com/title/tt0131702/?ref_=sr_i_149
150. The Untameable,1923,1h 5m,,6.5,36,,"Dr. Copin hypnotizes Joy Fielding, and she develops a split personality. She changes from an innocent, beautiful young lady into a cruel vamp, to the distress of her boyfriend.",https://www.imdb.com/title/tt0014570/?ref_=sr_i_150
151. Kokyô,1923,,,7.3,16,,,https://www.imdb.com/title/tt0014183/?ref_=sr_i_151
152. The Call of the Canyon,1923,1h 10m,,4.3,41,,"Returning from World War I, Glenn Kilbourne travels to Arizona to regain his health. He meets a local girl, Flo Hutler, who helps him recover. His fiancee, Carley Burch, follows him to Arizona but soon decides she'd rather go back to New York. When Flo is badly hurt in an accident, Glenn decides to repay her for her help in bringing him back to health by proposing marriage. Carley hears about it and returns to Arizona, arriving on the day the two are to be married. Complications ensue.",https://www.imdb.com/title/tt0013906/?ref_=sr_i_152
153. Daddy,1923,1h,,6.6,17,,"Unfounded jealousy causes the wife of Paul Savelli, a famous musician, to leave him taking their baby to her old friends the Holdens, who raise him after her untimely death. Poverty overtakes the Holdens and their home is sold. Jackie, to help them, runs away to the city and makes friends with a former celebrated musician who is down and out. Jackie's father, who was a pupil of the old musician, returns from a world tour. Jackie succeeds in bringing the two together, and when the old man dies, Savellle takes Jackie home with him. A picture of Jackie's mother brings out the fact that Jackie is Savelli's son, and all ends happily with Jackie and his father buying back the old farm for the Holdens.",https://www.imdb.com/title/tt0013965/?ref_=sr_i_153
154. The Cheat,1923,1h 20m,,5.0,20,,"After losing money she embezzled, a socialite borrows cash from a foreign ""prince"" who expects sexual favors in return.",https://www.imdb.com/title/tt0013920/?ref_=sr_i_154
155. Crinoline and Romance,1923,1h,,,,,"Raised in a secluded area of North Carolina by her grandfather, Colonel Charles E. Cavanaugh, Miss Emmy Lou lives in ignorance of the outside world. She ventures out of her narrow valley to visit Mrs. Kate Wimbleton, and despite her outdated style of dress, she is a great success with the young male guests, especially Davis Jordan and Augustus Biddle. Emmy Lou immerses herself in the modern world during her stay with the Wimbletons, then returns home upon learning that the colonel is ill. Her two suitors follow, and Emmy Lou is unable to decide between them. Colonel Cavanaugh stages a duel, loading each of the pistols with blank cartridges. Augustus cheats, compelling Emmy Lou to choose Davis.",https://www.imdb.com/title/tt0013958/?ref_=sr_i_155
156. The Fourth Musketeer,1923,1h,,,,,"Successful pugilist Brian O'Brien quits the ring to become a mechanic. He lends his winnings to a rival and opens his garage with a bank note. Meanwhile, his wife neglects him for a high society type, but she finally realizes her place with him when he recovers some stolen jewels and is acclaimed as a hero.",https://www.imdb.com/title/tt0014058/?ref_=sr_i_156
157. Zoku Amateur Club,1923,,,,,,,https://www.imdb.com/title/tt0446515/?ref_=sr_i_157
158. Pasteur,1923,52m,,5.6,66,,"In honor of the centenary of the birth of France's great scientist, this film about him was commissioned.",https://www.imdb.com/title/tt0200947/?ref_=sr_i_158
159. Long Live the King,1923,1h 44m,,8.4,23,,"Crown Prince Otto of Livonia, wishing to be like an ordinary little boy, runs away with Bobby, an American playmate. The king dies, and when the prince does not appear, the people begin to rise in revolution. Finally Otto hears the death knell for the king. In his hasty return to the palace, Otto is intercepted by revolutionaries and held captive until his friend Lieutenant Nikky rescues him. He arrives at the palace in time to restore order.",https://www.imdb.com/title/tt0014211/?ref_=sr_i_159
160. Little Church Around the Corner,1923,1h 10m,,5.8,48,,"When his daughter is trapped underground in a mine explosion, a wealthy minister in a mining town is snapped out of his attitude of ""miner's safety"" to save her.",https://www.imdb.com/title/tt0014202/?ref_=sr_i_160
161. Phonofilm,1923,,,,,,,https://www.imdb.com/title/tt0165915/?ref_=sr_i_161
162. Masters of Men,1923,1h 10m,,,,,"Accused of theft by Mabel Arthur's brother, Dick Halpin accepts the blame and runs away to join the Navy to save Mabel from humiliation. Later he is shanghaied with Lieutenant Breen by Captain Bilker and his henchmen. They endure cruel treatment until they finally escape and rejoin their ships in Santiago Harbor just as war is breaking with Spain. Dick is commissioned for his courage in the battle with Spanish warships; Mabel's brother confesses his guilt of the theft; and the misunderstanding between Dick and Breen over Mabel and Bessie Fleming is cleared up to everyone's satisfaction.",https://www.imdb.com/title/tt0014263/?ref_=sr_i_162
163. Suzanna,1923,1h 20m,,6.5,50,,"In old California, Don Fernando and Don Diego hope to consolidate their adjoining ranches by betrothing their children, Ramón and Dolores. However, Ramón is in love with Suzanna, the daughter of a peon on his father's ranch, and Dolores is interested in Pancho, a toreador. When Suzanna learns that she and Dolores were switched in infancy, making her Don Diego's actual daughter, she keeps silent. Ramón finally rebels and steals Suzanna from the altar as she is about to marry Pancho. Following the necessary explanations, Ramón marries Suzanna and Dolores marries Pancho.",https://www.imdb.com/title/tt0014522/?ref_=sr_i_163
164. Slow as Lightning,1923,57m,,6.1,38,,"Our hero Jimmie March works for stockbroker E.J. Philips and daydreams of romance with Eleanor, the boss's lovely daughter. Unfortunately, Eleanor is dating Mortimer Fenton, a wealthy cad who used to push Jimmie around in college. To add insult to injury, Jimmie gets fired. All seems lost until a gypsy fortune teller foretells that he'll make a bundle playing hunches in the stock market. So, he convinces his buddies to lend him some money and invests in stocks that then start to skyrocket. However, Fenton isn't about to take that lying down and subsequently hatches a plan to wipe his rival out for good... Will Jimmie's fortune come true? Will he be able to defeat Fenton and win the heart of the girl? Watch and find out!",https://www.imdb.com/title/tt0165479/?ref_=sr_i_164
165. Notre Dame d'amour,1923,,,,,,Jealousy and revenge of a long triangle in the picturesque Camargue.,https://www.imdb.com/title/tt0192375/?ref_=sr_i_165
166. The Wild Party,1923,50m,,,,,"The secretary to the city editor of a newspaper, Leslie Adams, persuades him to let her write up a society affair. Her efforts result in a libel suit against the paper, and Leslie is told to prove her story or join the ranks of the unemployed. She fails to prove that she was right, though coincidentally, she wins the love of Stuart Furth, the man who threatened the libel suit.",https://www.imdb.com/title/tt0014616/?ref_=sr_i_166
167. La bouquetière des innocents,1923,1h 13m,,,,,,https://www.imdb.com/title/tt0198344/?ref_=sr_i_167
168. The Printer's Devil,1923,1h,,,,,"Brick Hubbard, a ""printer's devil"", convinces his friend Sid Fletcher to invest in ""The Gazette"", a local newspaper. Sid pens an editorial that infuriates Ira Gates, a local banker and a power in the town--and who also happens to be the father of Vivian Gates, whom Sidney is in love with. To complicate matters, the bank is robbed and Sidney is suspected of the crime.",https://www.imdb.com/title/tt0014375/?ref_=sr_i_168
169. The Marriage Market,1923,58m,Passed,,,,"The story of a wealthy young flapper, Theodora Bland (Pauline Garon), and the amorous adventures and misadventures she has after being expelled from a fashionable and costly east-coast boarding school.",https://www.imdb.com/title/tt0014259/?ref_=sr_i_169
170. The Chechahcos,1923,1h 27m,Unrated,6.6,279,,"Following a shipwreck, a family of prospectors become separated from their infant daughter in the Klondike. Years later, the grown-up daughter begins to unravel the truth about her heritage.",https://www.imdb.com/title/tt0014770/?ref_=sr_i_170
171. Brass,1923,1h,,6.0,32,,"With her marriage on the verge of breaking up, a young wife attempts to win back the love of her husband and child.",https://www.imdb.com/title/tt0013886/?ref_=sr_i_171
172. Chu-Chin-Chow,1923,2h,Passed,5.8,31,,In Baghdad a girl escapes from a robber sheikh and thwarts a plot to rob a merchant.,https://www.imdb.com/title/tt0013925/?ref_=sr_i_172
173. L'autre aile,1923,1h 15m,,5.8,27,,"Reymat is killed during an aerobatic exhibition in a plane. Hélène, his fiancée, to forget her grief, decides to become an aviator.",https://www.imdb.com/title/tt0014687/?ref_=sr_i_173
174. Kiri no minato,1923,1h,,5.7,14,,,https://www.imdb.com/title/tt0014181/?ref_=sr_i_174
175. Adam and Eve,1923,,,,,,,https://www.imdb.com/title/tt0013816/?ref_=sr_i_175
176. Don't Call It Love,1923,1h 10m,,,,,"Prima donna Rita Coventry charms Richard Parrish from his fiancée, Alice Meldrum. Tiring of Parrish, Miss Coventry casts him aside and begins a flirtation with Patrick Delaney, a piano tuner of some musical talent. Parrish attempts to return to Alice, who, on the advice of a girl friend, rebuffs him; later she agrees to become his wife.",https://www.imdb.com/title/tt0014852/?ref_=sr_i_176
177. Children of Jazz,1923,1h,,,,,"Babs Weston agrees to marry adventurer Richard Forestall before his hasty departure, accepting his ring and promising to be faithful. Richard returns to find that his fiancée has become a ""victim of jazz"" and is engaged to two other men, one of whom is not yet divorced. He leaves Babs and visits his parents on their island in the Caribbean Sea, where, by coincidence, Babs and some of her thrill-seeking friends become stranded. Richard proceeds to reform the young wastrels by giving them useful occupations, and wins Babs over to a more healthful life.",https://www.imdb.com/title/tt0013922/?ref_=sr_i_177
"178. Militona, la tragedia de un torero",1923,,,,,,,https://www.imdb.com/title/tt0013390/?ref_=sr_i_178
179. The Zero Hour,1923,,,,,,,https://www.imdb.com/title/tt0014637/?ref_=sr_i_179
180. Her Reputation,1923,1h 10m,Passed,,,,"Andres Miro, a plantation owner in Louisiana, discovers that he has only a short time to live. He makes arrangements to marry his young ward, Jacqueline Lanier, so when he dies she will inherit his fortune. However, Jack Calhoun, a rejected suitor, kills Miro in a fit of anger, then shoots himself. A local reporter, seeing an opportunity to make a name for himself, writes a story about the incident that paints Jqacqueline as responsible for the deaths of both men due to her infidelity. Complications ensue.",https://www.imdb.com/title/tt0014130/?ref_=sr_i_180
181. En nat i København,1923,1h 9m,,,,,,https://www.imdb.com/title/tt0126891/?ref_=sr_i_181
182. Ihre Hoheit die Tänzerin,1923,1h,,,,,,https://www.imdb.com/title/tt0280761/?ref_=sr_i_182
183. Sixty Cents an Hour,1923,1h,Passed,,,,"Although Jimmy Kirk earns only $7.50 a week as a soda jerk, he is ambitious and hopes to marry Mamie Smith, the bank president's daughter. He saves up enough money to rent a car, in which he finds money stolen from the bank. When James Smith tries to keep Jimmy from receiving the reward, Jimmy shrewdly claims that the bank encroaches on his 4-ft. plot of property. Jimmy wins both a financial compromise and Mamie.",https://www.imdb.com/title/tt0014480/?ref_=sr_i_183
184. Stormswept,1923,50m,,,,,"Despondent over the infidelity of his wife, William McCabe wanders on the waterfront considering suicide, but instead he saves the life of Shark Moran. Moran gives McCabe a job on his lightship, where McCabe enjoys the solitude and falls in love with Ann Reynolds, the daughter of the captain of the supply ship. One day Moran rescues a woman in a storm and makes advances toward her. When McCabe discovers the woman to be his own wife, there is a violent quarrel between the two men. But their friendship prevails, Moran apologizes, and Helda McCabe reveals that William is free to marry Ann.",https://www.imdb.com/title/tt0014512/?ref_=sr_i_184
185. Temptation,1923,1h 5m,Passed,,,,"Frederick Arnold, a wealthy stockbroker in New York City, sets out to prove that most women are corrupted by wealth. Will he succeed?",https://www.imdb.com/title/tt0014530/?ref_=sr_i_185
186. Hemslavinnor,1923,1h 31m,,,,,Grethe decides to go the big city to find a job as a domestic help.,https://www.imdb.com/title/tt0014125/?ref_=sr_i_186
187. The Age of Desire,1923,1h,,,,,"Janet Loring is a young widow with a young son. She marries millionaire Malcolm Trask, but doesn't tell him about her previous marriage or her son Ranny. Abandoned to the streets by Janet, Ranny eventually moves in with a bookseller and her granddaughter Margy. As the years go by, Janet comes to regret abandoning her son and takes out ads looking for him. Marcio, a vicious blackmailer, sends Ranny to Janet posing as her son, not knowing that the young boy actually is her son. Complications ensue.",https://www.imdb.com/title/tt0013818/?ref_=sr_i_187
188. In Search of a Thrill,1923,50m,,,,,"Ann Clemance inherits a fortune and travels to Paris, France, where she encounters an old friend, social reformer Adrian Torrens, who is contemptuous of her wealth and frivolity. When Adrian befriends an apache dancer, Ann dons a similar costume and robs his home. Adrian, unfazed by her masquerade, takes Ann on a tour of Paris's impoverished neighborhoods. The experience awakens Ann's need to help others, after which she adopts an orphan and marries Adrian.",https://www.imdb.com/title/tt0014148/?ref_=sr_i_188
189. Vent debout,1923,1h 25m,,6.5,22,,,https://www.imdb.com/title/tt0014576/?ref_=sr_i_189
190. Ruth of the Range,1923,,,5.0,24,,"A young woman attempts to rescue her father from a gang that has kidnapped him in order to find out his secret for making ""Fuelite,"" a substitute for coal.",https://www.imdb.com/title/tt0014426/?ref_=sr_i_190
"191. Robin Hood, Jr.",1923,,,2.6,27,,"Dedicated ""to Mr. Douglas Fairbanks and his immortal classic 'Robin Hood,'"" the story deals with two youngsters and their creation of an imaginary kingdom in which they and others in their environment are cast as the fabled characters.",https://www.imdb.com/title/tt0014411/?ref_=sr_i_191
192. Blinky,1923,1h,,2.8,11,,"Geoffrey Arbuthnot Islip "" Blinky "" (Hoot Gibson), the bespectacled son of Col. ""Raw Meat"" Islip, is scorned by his fellow cavalrymen stationed on the Mexican border because his previous military experience was as a Boy Scout. He redeems himself by rescuing Major Kileen's daughter Mary Lou (Esther Ralston), from kidnappers, following their trail in Boy Scout fashion.",https://www.imdb.com/title/tt0013874/?ref_=sr_i_192
193. The Day of Faith,1923,1h 10m,,,,,"Jane Maynard opens a mission in memory of philanthropist Bland Hendricks. John Anstell, son of a powerful and selfish millionaire, Michael Anstell, falls in love with Jane, to the old man's disapproval. Anstell tries to undermine Jane's work by hiring reporter Tom Barnett to write an unfavorable story about the mission. After a visit, Barnett is so convinced, by Jane's sincerity, of the value of the endeavor that he volunteers his help. Anstell pretends to support the mission to gain public favor, but a mob seeking revenge for wrongs done by Anstell attacks the son, John, and beats him to death. Anstell sees his mistakes, awakens to the real purpose of Jane's work, and reforms. Jane and Barnett continue together at the mission.",https://www.imdb.com/title/tt0013977/?ref_=sr_i_193
194. Forgive and Forget,1923,57m,Passed,,,,"A woman, Mrs. Cameron (Estelle Taylor), is blackmailed by her lover's roommate, Blake (Philo McCullough). Her husband, Mr. Cameron (Wyndham Standing), is then accused of the murder of her lover, Ronnie Sears (Vernon Steele). The resolution reveals the culprit to be Blake, who confesses before falling to his death.",https://www.imdb.com/title/tt0014056/?ref_=sr_i_194
195. Der Wetterwart,1923,,,,,,,https://www.imdb.com/title/tt0014592/?ref_=sr_i_195
196. Shiranui,1923,,,,,,,https://www.imdb.com/title/tt4710946/?ref_=sr_i_196
197. Melenita de oro,1923,,,,,,,https://www.imdb.com/title/tt0188889/?ref_=sr_i_197
198. Modern Marriage,1923,,,,,,"Neglectful husband Hugh Varley learns that his wife, Denise, is infatuated with philanderer Frank Despard. She enters Frank's apartment to recover some incriminating letters and makes a quick exit, unaware that the occupant is subsequently murdered. Denise seeks refuge in the apartment of Cort Maitland, who knows of her affair with Frank. Hugh later comes to his wife's defense when Cort attempts burglary and assault. In the struggle, Cort accidentally shoots himself and confesses to murdering Frank before he dies.",https://www.imdb.com/title/tt0332709/?ref_=sr_i_198
199. The Dinkum Bloke,1923,1h 20m,,,,,,https://www.imdb.com/title/tt0258525/?ref_=sr_i_199
200. Squibs M.P.,1923,,,,,,A girl stands for Parliament when a rival milk company accuses her fiancé of bribery.,https://www.imdb.com/title/tt0241978/?ref_=sr_i_200
201. Anna Christie,1923,1h 36m,,6.1,151,,"A troubled young woman comes to live with her estranged father on the New York waterfront. A tough sailor falls in love with her, sparking conflict between her father and her suitor. What neither knows is that she has a secret that could cause her to lose both of them.",https://www.imdb.com/title/tt0013834/?ref_=sr_i_201
202. Broken Hearts of Broadway,1923,1h 21m,,6.2,91,,The story of a young actress trying to attain stardom on Broadway.,https://www.imdb.com/title/tt0013896/?ref_=sr_i_202
203. Regeneration,1923,1h,Passed,4.8,100,,"A nere-do-well man, a beautiful girl, and her one-legged body-guard/family servant are the sole survivors---they think---of a ship wreck and make it to a uninhabited south-seas island. The influence of the girl brings about a reformation of the man in this version of Eden...until three sailors, also survivors, show up, and have designs on the girl. Then a pirates' treasure chest is discovered buried on the beach, and matters become even more tense...and violent.",https://www.imdb.com/title/tt0130218/?ref_=sr_i_203
204. The Gold Diggers,1923,1h 20m,,5.0,44,,"Stephen Lee doesn't want his nephew Wally to marry chorus girl Violet, because he believes chorus girls are gold diggers. Her friend Jerry decides to gold dig Stephen to show him what a nice girl Violet is, then falls for Uncle Stephen.",https://www.imdb.com/title/tt0014090/?ref_=sr_i_204
205. O Primo Basílio,1923,,,6.5,12,,"Luísa, three years ago, Jorge's wife, who is about to leave on a mission to the Alentejo, is aware of the arrival of his cousin Basilio, after a long stay in Brazil, where he seems to have made a fortune.",https://www.imdb.com/title/tt0013513/?ref_=sr_i_205
206. Shadows of the North,1923,50m,Passed,5.0,12,,"Ben Darby and Pancake, his father, are owners of a mining claim in Northwest Canada. Ben goes to war, leaving Pancake to run the mine. During Ben's absence three claim jumpers take possession of the mine: one of the men is the father of Beatrice, Ben's sweetheart; another, a rival suitor. Pancake is murdered when he and Ben plot to regain the claim. Ben kidnaps Beatrice, resolving to obtain revenge through her. Ben finds that she knew nothing of the stolen claim and that her father was innocent of Pancake's murder. Ben wins back the claim and marries Beatrice.",https://www.imdb.com/title/tt0014461/?ref_=sr_i_206
207. Her Temporary Husband,1923,1h 10m,,,,,"Blanche will inherit her aunt's large estate, providing that she gets married within 24 hours. She chooses to wed John, an old man living at a rest home who is not expected to live much longer.",https://www.imdb.com/title/tt0014131/?ref_=sr_i_207
208. Kâ no yama koete,1923,,,,,,,https://www.imdb.com/title/tt4636686/?ref_=sr_i_208
209. Un bon petit diable,1923,49m,,,,,,https://www.imdb.com/title/tt0201284/?ref_=sr_i_209
210. The Phantom Fortune,1923,Passed,,,,,Larry Barclay fights to save his dead father's tire factory from his father's enemies.,https://www.imdb.com/title/tt0014356/?ref_=sr_i_210
211. Her Accidental Husband,1923,1h 3m,Passed,,,,"After attempting to succeed in his father-in-law's ,Old Blind Goring (Mitchell Lewis), fishing business, Gordon Gray (Forrest Stanley) persuades his wife, Rena (Miriam Cooper), to return to his home and wealthy family, where she learns from Gordon's aunt, Mrs. Gray (Kate Lester), to become a lady.",https://www.imdb.com/title/tt0014126/?ref_=sr_i_211
212. The Heart Raider,1923,1h,,,,,"Muriel Gray causes her father so much trouble that he takes out an insurance policy that will cover him for any damages she causes. The insurance company, irritated at Muriel's reckless driving habits, sends one of its agents to marry her, but she sets out to win a confirmed bachelor. The insurance agent is the best man at their wedding.",https://www.imdb.com/title/tt0014120/?ref_=sr_i_212
213. Single Handed,1923,50m,,,,,"Hector MacKnight, known to the townspeople as ""Goofy"" and an irritatingly terrible fiddler, is innocently drawn into a rigged poker game. A general fight brings the sheriff, and a chase ensues. Before the confusion is ended and Hector cleared, he meets Ruth Randolph and becomes involved in a circus while trying to recover the other half of her treasure map. Although the treasure proves to be nothing more than a prehistoric jawbone, Hector receives a reward for capturing the crooks that enables him to marry Ruth.",https://www.imdb.com/title/tt0014474/?ref_=sr_i_213
214. Yesterday's Wife,1923,56m,Passed,,,,"Megan and Gilbert are happily married and expect to be together for life, but an argument over an insignificant issue gets out of control and results in a divorce. Years later they happen to meet at a summer resort, where Gilbert is staying with his new wife Viola and Megan is there as a companion to a rich old woman.",https://www.imdb.com/title/tt0014628/?ref_=sr_i_214
215. The Vengeance of Pierre,1923,50m,Passed,,,,A French-Canadian trapper seeks revenge against a man who wronged him in the past. The pursuit leads them through the wilderness where a confrontation occurs involving a woman they both knew from their former village.,https://www.imdb.com/title/tt0014574/?ref_=sr_i_215
216. The Harbour Lights,1923,1h,,,,,A lieutenant saves an heiress from a wicked squire and is framed for murder.,https://www.imdb.com/title/tt0014115/?ref_=sr_i_216
217. Der Himmel voller Geigen,1923,,,,,,,https://www.imdb.com/title/tt1663893/?ref_=sr_i_217
218. Where Is This West?,1923,50m,,,,,"John Harley leaves his job as a milkman upon inheriting half of a cattle ranch, while waitress Sallie Summers goes West to claim her half. Together, John and Sallie fight for possession of the ranch against foreman Buck Osborne and his gang, who stage fake holdups, gunfights, and battles with Native Americans to scare off the new owners. John beats the gang at its own game and marries Sallie after rescuing her from a kidnapping.",https://www.imdb.com/title/tt0014599/?ref_=sr_i_218
219. Jinniku no ichi,1923,,,,,,,https://www.imdb.com/title/tt0851526/?ref_=sr_i_219
220. The Temple of Venus,1923,1h 10m,Passed,6.5,21,,"Venus sends Cupid to earth to find if romance still exists there. He finds Moira and Peggy, a fisherman's daughters, who become entangled in the amorous pursuits of an artist and a fisherman. Cupid returns to Venus with his report.",https://www.imdb.com/title/tt0014528/?ref_=sr_i_220
221. Law of the Lawless,1923,1h 10m,,3.3,25,,"Sahande, a Tartar girl placed on the block to be sold, is bought by Costa, a Gypsy chief who outbids Sahande's fiancé, Sender. Costa marries the infuriated Sahande but agrees to give her 10 days in which either to return his love or have Sender fight him. Before the 10 days expire Sender and 30 of his men overtake Costa and imprison him in a tower. When a fire starts there, Sahande realizes she loves Costa and rescues him.",https://www.imdb.com/title/tt0014189/?ref_=sr_i_221
222. Kuroki hohoemi,1923,,,,,,,https://www.imdb.com/title/tt4656840/?ref_=sr_i_222
223. The Common Law,1923,1h 20m,,,,,"Valerie West, a beautiful artist's model, falls for wealthy artist Louis Neville. However, his aristocratic family doesn't approve of the relationship and persuades Valerie to promise that she won't marry him. She does, however, tell Louis that she will become his common-law wife on a certain date the following summer. Complications ensue.",https://www.imdb.com/title/tt0013944/?ref_=sr_i_223
224. Don't Marry for Money,1923,1h,,,,,"Marion Whitney marries millionaire Peter Smith and finds that life is not sufficiently romantic. She has a flirtation with Crane Martin, who makes a living by compromising wives of wealthy men, then blackmailing them. Clever Peter quietly exposes Martin's trickery to Marion, and she returns to her trusting husband.",https://www.imdb.com/title/tt0013999/?ref_=sr_i_224
225. Die Flibustier,1923,,,,,,,https://www.imdb.com/title/tt0842543/?ref_=sr_i_225
226. La bête traquée,1923,,,,,,,https://www.imdb.com/title/tt0012989/?ref_=sr_i_226
227. Awadaguchi shimesu fuetake,1923,,,,,,,https://www.imdb.com/title/tt4610194/?ref_=sr_i_227
228. Kanzaki Yogorô,1923,,,,,,,https://www.imdb.com/title/tt4652330/?ref_=sr_i_228
229. Jikatsu suru onna,1923,,,,,,,https://www.imdb.com/title/tt2034702/?ref_=sr_i_229
230. Sant'Ilario,1923,,,,,,,https://www.imdb.com/title/tt0923006/?ref_=sr_i_230
231. Double Dealing,1923,50m,,,,,The servant girl of a wealthy young man helps him fend off criminals who are trying to steal his property.,https://www.imdb.com/title/tt0014000/?ref_=sr_i_231
232. The Broken Wing,1923,1h,,,,,"An American pilot flying in Mexico crash-lands on a ranch, and is nursed back to health by the daughter of the ranch's owner. Unbeknownst to the pilot--who has lost his memory because of the crash--the girl has been praying for a husband, and believes that God has answered her prayers by sending him this handsome pilot. However, a local guerrilla leader has also had designs on the daughter, and comes up with a plan to get rid of his competition, make some money and win the girl in the bargain.",https://www.imdb.com/title/tt0013898/?ref_=sr_i_232
233. Slander the Woman,1923,1h 10m,,,,,"Through circumstantial evidence, Yvonne Desmarest is branded by Judge Duroacher as the ""other woman"" in a sensational murder case. She retreats to her father's hunting lodge near Hudson Bay, Canada, where she meets Scarborough, an Indian girl, and Émile (an old trapper who becomes her protector). Realizing his error, Duroacher follows Yvonne, thus precipitating a series of events in which the judge is suspected of murdering Scarborough, and Émile injures Duroacher out of jealousy. Yvonne's name is cleared, as is that of Émile, who has been sought for many years on a murder charge. Yvonne and Duroacher realize their love for each other.",https://www.imdb.com/title/tt0014482/?ref_=sr_i_233
234. Dangerous Trails,1923,,,,,,"Northwest Mounted Policeman Roland St. Clair falls in love with entertainer Grace Alderson while pursuing a gang of opium smugglers. However, Grace is betrothed to her employer, dance hall proprietor Steve Bradley, who is in league with gang members Jean Le Fere and Wang. Braving a blinding snowstorm, Roland pursues the smugglers across the U.S. border and captures them in Wang's opium den. The Mountie is aided in his efforts by Grace, who reveals herself to be a Secret Service agent.",https://www.imdb.com/title/tt0013972/?ref_=sr_i_234
235. Stormy Seas,1923,50m,,,,,Two men in love with the same girl race to save her when she is trapped aboard a ship on fire in storm-swept seas.,https://www.imdb.com/title/tt0014513/?ref_=sr_i_235
236. Aru kâtakiuchî no hânashî,1923,,,,,,,https://www.imdb.com/title/tt4603484/?ref_=sr_i_236
237. Out to Win,1923,,,,,,A tramp is hired to pose as a financier to obtain a Balkan radium concession.,https://www.imdb.com/title/tt0014342/?ref_=sr_i_237
238. Chastity,1923,1h,,,,,"A young woman trying to make it in Hollywood decides that the only way she can attain stardom is to go the ""vamp"" route, although in her private life she's nothing like her on-screen character. She gets the recognition she wants, but for the wrong reason--she finds herself in the middle of a notorious society scandal.",https://www.imdb.com/title/tt0013919/?ref_=sr_i_238
239. Uramî no esugatâ,1923,,,,,,,https://www.imdb.com/title/tt4721578/?ref_=sr_i_239
240. Komediantka,1923,,,,,,,https://www.imdb.com/title/tt0249662/?ref_=sr_i_240
241. Schwarze Erde,1923,,,,,,,https://www.imdb.com/title/tt0203858/?ref_=sr_i_241
242. Atâtakakî namida,1923,,,,,,,https://www.imdb.com/title/tt4603562/?ref_=sr_i_242
243. Innocence,1923,58m,Passed,,,,"Broadway star Fay Leslie (Anna Q. Nilsson) turns down her dancing partner, Paul Atkins (Earle Foxe), partner, and instead marries Don Hampton (Freeman Wood), a wealthy socialite. She soon finds herself rejected by her husband's snobbish family. Her problems grow larger when Paul re-enters her life as a guest at a party thrown for the newly-weds.",https://www.imdb.com/title/tt0014154/?ref_=sr_i_243
244. The Custard Cup,1923,1h 10m,,,,,"The ""Custard Cup,"" a cluster of tenements surrounding an oval courtyard, is home to the widowed Mrs. ""Penzie"" Penfield, who cares for the building and her three adopted children. Among the colorful tenants are Frank and Gussie Bosley, a secretive couple involved in a counterfeiting operation. When Alderman Curry hosts a boat excursion for his constituents, Frank accidentally sets the vessel on fire while attempting to destroy the phony bills in his pocket. After the passengers are rescued, Penzie is accused of passing counterfeit money. A detective proves her to be an unwitting victim, and the Bosleys are apprehended.",https://www.imdb.com/title/tt0013963/?ref_=sr_i_244
245. Im Schatten der Moschee,1923,,,,,,"Captain Galt, sent as British Government representative to Arabian town, does much to relieve strain of military rule, wins favor of Musa, blind Koran teacher, and his daughter, Yuni, but incurs enmity of sheik Hahmed. Latter seizes Yuni and attacks British native troops. Yuni escapes to the governor's house where she and Galt are besieged and rescued by British infantry. Yuni turns out to be white girl, reared by Musa, and finds happiness with Galt.",https://www.imdb.com/title/tt0453720/?ref_=sr_i_245
246. Chî to reî,1923,,,,,,,https://www.imdb.com/title/tt0013921/?ref_=sr_i_246
247. Shitakiri suzume,1923,,,,,,,https://www.imdb.com/title/tt4711464/?ref_=sr_i_247
248. The Unknown Purple,1923,1h 10m,,7.3,11,,"Inventor Peter Marchmont has discovered a purple light that renders the user invisible. On his release from prison, Marchmont, disguised as Victor Cromport, uses the light to revenge himself against his former wife, Jewel, and her partner, James Dawson, who framed him for theft. Making himself invisible, Marchmont gradually ruins Dawson. He so wins Jewel's confidence and love that she is willing to kill Dawson at Marchmont's request. Finally, Marchmont leaves the scheming couple to their own misery and marries Jewel's sister, Ruth Marsh.",https://www.imdb.com/title/tt0014569/?ref_=sr_i_248
249. Lost and Found on a South Sea Island,1923,1h 10m,,4.0,16,,"Faulke, a swindling white trader who persuaded Madge to leave Captain Blackbird, insists that her daughter Lorna marry native leader Waki, although she loves Lloyd Warren. While searching for a doll for his other daughter Baby Madge, Captain Blackbird comes to Pago Pago and gruffly refuses to aid Lloyd and Lorna, whom he doesn't recognize, but a chance encounter with Faulke reveals the evil doings and Lorna's identity. The captain and his men rush to the island and rescue Lorna from the warring natives.",https://www.imdb.com/title/tt0014213/?ref_=sr_i_249
250. The Oregon Trail,1923,,,,,,,https://www.imdb.com/title/tt0014337/?ref_=sr_i_250
251. Der junge Medardus,1923,2h 16m,,4.7,86,,"As Napoleon approaches Vienna in 1809, the Valois claimant to the French throne waits there. Valois' daughter urges a patriotic Austrian student Medarus to assassinate the French emperor.",https://www.imdb.com/title/tt0014171/?ref_=sr_i_251
252. The Rendezvous,1923,1h 20m,,,,,"The czar banishes Prince Sergei to Siberia for marrying without his consent. The wife, Varvara, dies, leaving a baby girl named Vera. Forced to flee, the prince leaves the girl in the care of Vassilly, a friend. Years later, during the Russian Civil War, the countryside is raided by Cossacks. Walter Stanford, an American soldier, saves Vera, now 18 years old, from being attacked by a Cossack chief. The Cossack forces Vera to marry him, then brutally beats her. The soldier returns, claims the girl, and marries her after the Cossack is accidentally buried alive.",https://www.imdb.com/title/tt0014404/?ref_=sr_i_252
253. The Miracle Baby,1923,1h,Passed,,,,"Neil Allison (Harry Carey) is tricked into assaying some false samples from a young crook's mine. When Neil sees that he has been duped, a quarrel ensues, and Jim Starke (Edmund Cobb), the youth, is stabbed by an unknown assassin. Neil runs away thinking he has committed murder and becomes the unwitting partner of the victim's father. They adopt a baby whose parents died in a snowstorm, and events take them to town, where Allison is finally cleared of the murder charge.",https://www.imdb.com/title/tt0014282/?ref_=sr_i_253
254. The Song of Love,1923,1h 20m,,6.3,55,,A desert dancing girl fights to protect the French agent she loves.,https://www.imdb.com/title/tt0013624/?ref_=sr_i_254
255. Haldane of the Secret Service,1923,1h 24m,,5.1,179,,"Heath Haldane (Houdini) tracks down a vicious gang of counterfeiters, narrowly missing death several times. He must rescue Adele Ormsby, whom he loves despite her pending marriage.",https://www.imdb.com/title/tt0014112/?ref_=sr_i_255
256. Ashes of Vengeance,1923,1h 51m,Passed,6.5,74,,"When Catherine de Medici, Queen Mother of France, launches an attack on French Protestants known as Huguenots, the Comte de la Roche saves the life of his enemy, the Huguenot Rupert de Vrieac, by making him an indentured servant in his castle. Rupert falls in love with Yolande, the count's sister, and finds that his rival for the fair Yolande's hand is none other than the despicable Duc de Tours, a notorious torturer of Huguenots.",https://www.imdb.com/title/tt0013841/?ref_=sr_i_256
257. Mist in the Valley,1923,1h 15m,,7.9,42,,An ex-nun weds an amnesia victim and is framed for killing her usurping uncle who posed as her father.,https://www.imdb.com/title/tt0014285/?ref_=sr_i_257
258. Lucretia Lombard,1923,1h 10m,,5.9,50,,"An emotional drama with a love triangle. A man gets engaged, but soon after falls in love with another woman.",https://www.imdb.com/title/tt0014229/?ref_=sr_i_258
259. Three Jumps Ahead,1923,50m,,4.0,46,,"Steve McLean and his uncle are captured by outlaws and taken to a hideout where they meet John Darrell, who has been a captive for 2 years. Darrell escapes, and the gang leader promises McLean his freedom if he will bring Darrell back.",https://www.imdb.com/title/tt0014539/?ref_=sr_i_259
260. While Paris Sleeps,1923,1h,,7.0,44,,"When a sculptor falls in love with his model but finds his love unrequited, he plans to kill his love rival with the help of the owner of a Horror Wax museum.",https://www.imdb.com/title/tt0014602/?ref_=sr_i_260
261. Salome,1923,,,5.2,32,,"Herodias, spurned by Egyptian prince who is in love with Salome, has him secretly thrown in dungeon next to the Baptist. Herodias threatens to kill her lover if Salome does not ask for death of the Baptist.",https://www.imdb.com/title/tt0161953/?ref_=sr_i_261
262. Jazzmania,1923,1h 20m,,7.2,11,,"Queen Ninon of the Balkan country Jazzmania refuses to marry Prince Otto, who starts a revolution in retaliation. Persuaded by American newspaperman Sonny Daimler to abdicate and leave the country, she flies to Monte Carlo, where she meets Jerry Langdon, and then she travels on to the United States. Ninon's love for jazz occupies her for a time, but in time she returns to her troubled country, quiets the revolution, establishes a republic, and marries Jerry Langdon.",https://www.imdb.com/title/tt0014164/?ref_=sr_i_262
263. Potash and Perlmutter,1923,1h 20m,Passed,,,,"Abe Potash and Morris Perlmutter, partners in a garment company, hire Boris Andrieff, a poor Russian violinist, as a fitter. Boris falls in love with Irma Potash to the disappointment of Abe, who had hoped for his daughter to marry Feldman, a wealthy lawyer. The violinist is arrested after a labor agitator is shot on the company premises, and the scandal threatens to ruin Potash and Perlmutter. However, the man recovers, and Boris marries Irma with her father's blessing.",https://www.imdb.com/title/tt0014370/?ref_=sr_i_263
264. What Wives Want,1923,50m,,,,,"Claire Howard, neglected by her husband, Austin, succumbs to the attentions of Austin's business partner, John Reeves, to the dismay of Alice Loring, her sister. When Claire ignores Alice's advice to end the affair, Alice goes to Reeves hoping to reason with him. Austin and Alice's husband, David, discover Alice and Claire with Reeves, but Alice takes the blame--causing David to ask for a divorce. Claire confesses to Austin, who resolves to mend his ways, and Alice is reunited with David.",https://www.imdb.com/title/tt0014595/?ref_=sr_i_264
265. Tiger Rose,1923,1h,,6.2,65,,"Originally a Broadway play by Willard Mack, Lenore Ulric played the lead on Broadway and she reprises her role in this film. At the Wutchi Wum trading post, in the peaceful Loon River Valley, deep in the Canadian Northwest comes a story of love, vengeance and sacrifice. Following the death of her father; Rose lives at the trading post where she soon falls in love, but when her new love is in trouble, in her quest to keep him safe; Rose discovers that she is capable of much more than she thought.",https://www.imdb.com/title/tt0014547/?ref_=sr_i_265
266. Enemies of Women,1923,1h 45m,,4.8,48,,"A Russian prince has to flee his country after fighting a duel. He falls in love with a duchess, but becomes jealous when he finds out she has a lover.",https://www.imdb.com/title/tt0014021/?ref_=sr_i_266
267. The Man Next Door,1923,1h 10m,,,,,"Wealthy cattleman Colonel Wright moves east with his foreman, Curley, and his daughter, Bonnie Bell, to give her the benefits of education and city living. They take up residence next to the Wisners, a prominent society family; and Bonnie Bell falls in love with Jimmy Wisner, whom she believes to be the gardener. Colonel Wright not only opposes Bonnie Bell's match with a gardener--he also carries on a feud with Mr. Wisner. Jimmy and Bonnie Bell elope, Jimmy reveals his identity, and the couple is warmly received by both fathers.",https://www.imdb.com/title/tt0014247/?ref_=sr_i_267
268. Weak Heart,1923,56m,,,,,,https://www.imdb.com/title/tt0191902/?ref_=sr_i_268
269. Salomy Jane,1923,,,,,,"During the northern California gold rush, vigilantes are about to hang The Stranger for holding up the overland stage when Salomy Jane Clay kisses him goodbye. He uses the opportunity to make his escape. Meanwhile Larabee, an old enemy of Jane's father, Madison Clay, is killed, and The Stranger is again accused. Thinking that Salomy shot Larabee, Madison Clay takes the blame, but both he and The Stranger are acquitted when the real culprit is found. Salomy marries The Stranger.",https://www.imdb.com/title/tt0014431/?ref_=sr_i_269
270. Held to Answer,1923,1h,,,,,"John Hampstead gives up his career as an actor and his actress sweetheart, Marian Dounay, to become a minister in a western town. Marian appears, and failing to win him back, she tries to ruin his reputation. Hampstead is accused of stealing some jewelry, thought he is actually protecting the scapegrace brother of his current sweetheart Bessie. He's about to give up his church at the request of his congregation when the brother comes forward to confess.",https://www.imdb.com/title/tt0014123/?ref_=sr_i_270
271. The Red Inn,1923,1h 20m,,6.7,169,,"Based on the story by Honoré de Balzac. Caught in a storm, two young doctors book into an inn for the night and find themselves sharing a room with a Dutch diamond merchant. During the night Prosper steals from the merchant, but when he awakes in the morning he finds the merchant dead and his friend gone. When the stolen property is found on him he is arrested for the crime and executed. 25 years later the innkeeper's daughter relates the tale to a traveler, who in turn later relates it at a dinner party. At that party is Frederic Taillefer, the missing friend and murderer.",https://www.imdb.com/title/tt0013846/?ref_=sr_i_271
272. A Clouded Name,1923,52m,,5.5,61,,A 'what if' story promises suspense and intrigue when Jim Allen manages to discover a so-called family friend's underhanded schemes that ruined Jim's father and plummeted Jim into a lowly social and financial state of affairs.,https://www.imdb.com/title/tt0013930/?ref_=sr_i_272
273. The Isle of Lost Ships,1923,1h 20m,,7.5,18,,The passengers on an ocean steamer guided by a strict captain are shipwrecked. He gives the main woman in the group 24 hours to choose her mate from among the motley community.,https://www.imdb.com/title/tt0014158/?ref_=sr_i_273
274. Miss Suwanna of Siam,1923,1h,,6.6,16,,"A young woman named Suwanna is the object of affection for many men. In her search for true love, she has many adventures and mishaps, including overcoming her father's disapproval, before finally finding her soul-mate. Miss Suwanna of Siam, or Nang Sao Suwan, was one of first feature films to be made in Thailand, and was the first Hollywood co-production in Thailand.",https://www.imdb.com/title/tt0014284/?ref_=sr_i_274
275. Cupid's Fireman,1923,57m,Passed,4.6,34,,"Andy McGee joins the fire-department with intentions of becoming as good a fireman as his father who died in the line of duty. While on duty in the theatre district, Andy meets Agnes Evans, a specialty dancer and Cupid shoots an arrow into his heart, but disillusion and pain follow when he learns she is the wife of a worthless drunk. Later, a fire breaks out in the Evans home and, after rescuing Agnes, Andy must make the decision whether or not to risk his life to go back into the inferno to rescue Bill Evans, crazed by liquor and responsible for the fire.",https://www.imdb.com/title/tt0013961/?ref_=sr_i_275
276. Main Street,1923,1h 30m,,6.5,14,,The arrival of pretty Carol Milford in the staid Midwestern town of Gopher Prairie really shakes up the locals. A lost film.,https://www.imdb.com/title/tt0014239/?ref_=sr_i_276
277. La garçonne,1923,1h 10m,,5.7,12,,"Monique is an ingenue, a clueless girl, who believes in true love. A marriage is the only thing a decent girl must long for. When she discovers that her future husband has a lover, she rebels against her bourgeois family.",https://www.imdb.com/title/tt0014072/?ref_=sr_i_277
278. Alice Adams,1923,1h 13m,,4.7,14,,Alice (Florence Vidor) is not satisfied with her family's financial situation and tries to convince others that she comes from a wealthy family. In the end she discovers that she is only fooling herself and decides to go to work to help her father's failing business.,https://www.imdb.com/title/tt0013822/?ref_=sr_i_278
279. Tea: With a Kick!,1923,1h,,,,,"To help raise funds needed to appeal her father's case, Bonnie Day opens a tearoom featuring a group of stranded choristers performing a cabaret revue. The father is in prison because of a trumped-up charge made by some stock swindlers. Aunt Pearl would like Bonnie to marry small-town capitalist Napoleon Dobbings, but Bonnie is in love with young lawyer Art Binger. Binger eventually effects a release from prison for Mr. Day just at the height of Bonnie's business career.",https://www.imdb.com/title/tt0014527/?ref_=sr_i_279
"280. Oro, sangre y sol",1923,,,,,,,https://www.imdb.com/title/tt0219230/?ref_=sr_i_280
281. The Gunfighter,1923,50m,,,,,"Two mountain families, the Benchleys and the Camps, are in the midst of a bitter feud, which started when patriarch Lew Camp found out that his daughter Nell was taken from her mother to replace a child in the Benchley family that had died. For years the Camps have been trying to get Nell back, unsuccessfully. Then one day a stranger, Billy Buell, arrives in the community and things start to change.",https://www.imdb.com/title/tt0014107/?ref_=sr_i_281
282. Krasnye dyavolyata,1923,1h 24m,,6.1,152,,"Adventures of three Red Army soldiers - Misha, Dunyasha, and Tom Jackson (an African-American boy) - who fight against Ukrainian anarchist Nestor Makhno and his forces during the Russian Civil War.",https://www.imdb.com/title/tt0014186/?ref_=sr_i_282
283. Schlagende Wetter,1923,1h 5m,,6.5,93,,"After the revelation that Georg has seduced her, Maria is driven away by her father. Georg, fearing the wrath of Maria's father, has swiftly abandoned the girl and left for the mining town of Sankt Anton, where he expects to hide easily amongst the large population of colliers. Maria must care for herself, and ends up in Sankt Anton, where she attempts to rebuild her life. There, she gets to know Thomas, and soon the young people are engaged. When Georg and Maria meet again, drama ensues.",https://www.imdb.com/title/tt0014447/?ref_=sr_i_283
284. The Fog,1923,1h 10m,,7.2,35,,"Nathan Forge, romantic son of a cruel businessman, publishes in a local newspaper a poem about a girl who once befriended him. The girl, a student in a nearby school, reads the poem and recognizes herself. Years pass, and Nathan goes through various hardships, including an unhappy marriage, imprisonment, and the war. Then in Siberia, working for the International Red Cross, he meets the girl who is the subject of his poem and thus achieves happiness.",https://www.imdb.com/title/tt0014051/?ref_=sr_i_284
285. The Third Alarm,1923,1h 10m,Passed,6.8,35,,"Fireman Dan McDowell has been taking care of the fire horses for many years, but when the department becomes motorized, the beloved horses are sold off. Efforts to train Dan to drive the new fire trucks fail, and he's forced to retire.",https://www.imdb.com/title/tt0013668/?ref_=sr_i_285
286. The Secret Spring,1923,3h,Passed,6.3,30,,"Grand Duchess Aurora if forced into an unhappy marriage with Grand Duke Rudolph. Rudolph prepares to leave for the Congo but he is murdered by his brother. Aurora goes to Paris be with her father and enters the gay revelries there until she hears of her husband's death. She returns to the Kingdom, where she meets a tutor who falls in love with her. Together they discover her brother-in-law's treachery, and she helps her lover escape from his vengeance. War is declared and the tutor loses his life at Verdun. Aurora goes to France and places a wreath at the Tomb of the Unknown Soldier with the thought the tombs may be his.",https://www.imdb.com/title/tt0138564/?ref_=sr_i_286
287. The Nth Commandment,1923,1h 20m,,6.5,26,,"Flattered by the attentions of dapper song plugger Jimmie Fitzgibbons, department store clerk Sarah Juke is nearly lured away from her true love, Harry Smith. After they marry, Harry develops tuberculosis, forcing Sarah to return to work. A doctor advises Harry to move to a milder climate, but Sarah's appeals to an aid society bring no solution. Jimmie, now a successful songwriter, hopes to win Sarah away from Harry, but instead loses $300 to her in wagers, then is rebuffed when he tries to make love to her. Claiming that she earned the money as a dancer, Sarah pays Harry's way to California, following soon after with their child.",https://www.imdb.com/title/tt0014322/?ref_=sr_i_287
288. Curro Vargas,1923,1h 41m,,6.2,21,,,https://www.imdb.com/title/tt0013962/?ref_=sr_i_288
289. Boman på utställningen,1923,1h 16m,,6.7,17,,Johan Sjöborg and his wife Karin are on their way back to Sweden from New York. They arrive to Gothenburg just as the big exhibition is opening.,https://www.imdb.com/title/tt0013879/?ref_=sr_i_289
290. The Face on the Bar-Room Floor,1923,1h,,3.3,45,,"In Paris, France, famous artist Robert Stevens falls in love with Mrs. Marion Trevor and follows her to the U.S., where they plan to marry. Marion's brother, Dick Van Vleck, becomes infatuated with Lottie, who is modeling for Robert. However, Dick returns to college and abandons Lottie, who then drowns herself in the ocean. Robert is accused of betraying the girl, prompting Marion to break their engagement. In addition, he is falsely accused of theft, resulting in a two-year prison term. The artist joins several inmates in a prison break and saves the life of the state governor before escaping. Afterward, Robert lands on an island, where he prevents a shipwreck and nurses an ailing lighthouse keeper back to health. Although he receives a pardon, the despondent artist becomes a drunkard. One day, Marion and the governor enter a barroom to find Robert painting her portrait on the floor. The lovers are reconciled and find happiness together.",https://www.imdb.com/title/tt0014031/?ref_=sr_i_290
291. Rupert of Hentzau,1923,1h 30m,Passed,5.2,12,,"Rudolf Rassendyll returns to Ruritania, to play the King once more.",https://www.imdb.com/title/tt0014424/?ref_=sr_i_291
292. Trilby,1923,1h 20m,,,,,A wild magician with hypnotic power captures a lovely art model from the Latin Quarter and turns her into a concert singer. Her student lover has almost given up finding her when he luckily sees her on stage.,https://www.imdb.com/title/tt0014562/?ref_=sr_i_292
293. The Brass Bottle,1923,1h,Passed,,,,Young London architect Horace Ventimore stumbles across an old brass bottle. When he picks it up a genie suddenly appears and promises Horace that he will grant every wish Horace wants in exchange for his freedom. Horace accepts the genie's offer but finds out that things aren't working out quite as well as he thought they would.,https://www.imdb.com/title/tt0013887/?ref_=sr_i_293
294. The Way of a Man,1923,3h 20m,,,,,"After the mysterious murder of John Cowles' father, the son starts west to borrow money of his father's business partner, Col. Meriwether. He meets the Colonel's daughter, Ellen, and falls in love with her, not telling her of his fiancée, Grace Sheraton. Gordon Orme, an old acquaintance, turns up, tells Col. Meriwether about Grace, and the Colonel is so enraged he refuses to lend the money. John's mother and Grace have followed John and his mother urges him to try the gold fields. He discovers gold and wins Ellen, after both Gordon and Grace, who is really in love with Gordon, are killed.",https://www.imdb.com/title/tt0015473/?ref_=sr_i_294
295. Dulcy,1923,1h 10m,,,,,"Dulcy (Constance Talmadge), a devoted but scatterbrained bride, tries to improve her absent husband's finances by inviting two of his business prospects to dinner. Though at first thoroughly confusing the deal, she does get her husband a bigger share than he bargained for.",https://www.imdb.com/title/tt0014008/?ref_=sr_i_295
296. Der steinerne Reiter,1923,1h 26m,,6.3,124,,"A dreaded master lives in a gloomy castle on top of a mountain, while the villagers in the valley below dread his arrival at every wedding.",https://www.imdb.com/title/tt0014509/?ref_=sr_i_296
297. Defying Destiny,1923,1h 19m,,6.4,39,,"When a heroic rescue leaves him disfigured, Jack finds work and romance at a local bank. Betrayal forces him to flee town, but experimental surgery offers an unexpected path to justice.",https://www.imdb.com/title/tt0013981/?ref_=sr_i_297
298. Le gamin de Paris,1923,2h,,6.5,36,,"Two war orphans, Joseph, apprentice printer, and Lisette, typist, live with their grandmother in Belleville. Lisette loves his next door neighbor, the painter Amedee, but this one does not offer him a union. Joseph Amedee learning is the son of a general, advocates for Lisette and everything ends in marriage.",https://www.imdb.com/title/tt0014069/?ref_=sr_i_298
299. The Darling of New York,1923,1h,,6.5,33,,"Santussa is sent to New York to be cared by for her grandfather. She is sent with jewels, and after being separated from her nurse, is cared for by gangsters.",https://www.imdb.com/title/tt0013975/?ref_=sr_i_299
300. Rouged Lips,1923,1h,,,,,"Thrifty orphan Norah MacPherson meets wealthy young James Patterson, who gets her a job as a chorus girl. They fall in love. To put up a good front, she spends all her money on clothes. Patterson doubts her when he sees her wearing a string of fake pearls; he then finds that she hasn't been unfaithful, and they reconcile.",https://www.imdb.com/title/tt0014418/?ref_=sr_i_300
301. The Lonely Road,1923,1h,,,,,"Betty Austin gives up her dream of going to the city and marries Warren Wade, but she sadly finds him selfish and insistent on her acting like a ""clinging vine."" Disgusted, she joins her career-girl chum, Leila Mead, in the city, where she meets Dr. Devereaux. Shortly after returning home with Warren, their son is injured. Betty takes him to Dr. Devereaux, and Warren follows, accusing Betty of leaving him for the doctor. Their son is cured; Warren learns his mistake and gives Betty greater responsibility in managing family money matters.",https://www.imdb.com/title/tt0014210/?ref_=sr_i_301
302. Amour et vendetta,1923,52m,,,,,,https://www.imdb.com/title/tt0809320/?ref_=sr_i_302
303. The Ne'er-Do-Well,1923,1h 20m,,,,,"Disgusted with his spendthrift son, Kirk Anthony's father has Kirk shanghaied and taken to Panama, where he (Kirk) attracts the attention of Mrs. Edith Cortlandt; falls in love with Chiquita, the daughter of a Panamanian general; gets a railroad job through Stephen Cortlandt (Edith's husband); and decides to make something of himself when he meets Allen Allan, a Negro soldier of fortune. Stephen Cortlandt's death is blamed on Kirk until Edith produces a suicide note; he succeeds in his railroad position and returns to the United States with Chiquita to ask his father's forgiveness.",https://www.imdb.com/title/tt0014306/?ref_=sr_i_303
304. Wandering Daughters,1923,1h,,,,,"The daughter of straitlaced parents, Bessie Bowden is attracted to the social life of the fast set and finds Austin Trull, lounge lizard and sometime artist, more interesting than hard-working John Hargraves. Mr. Bowden and John try to compete with Bessie's new friends and spend all the family savings on making the Bowden home appear wealthy and a part of the social whirl. Bessie and Geraldine Horton finally catch Trull at his double-dealing, and Bessie wisely returns to home and Hargraves.",https://www.imdb.com/title/tt0014587/?ref_=sr_i_304
305. The Eternal Three,1923,1h 10m,,,,,"A doctor's adopted son turns out to be an ungrateful whelp. He beds the doctor's maid, then his secretary, and finally targets the doctor's wife--his own stepmother--as his next conquest.",https://www.imdb.com/title/tt0014025/?ref_=sr_i_305
306. What a Wife Learned,1923,1h 10m,,,,,"Sheila Dorne marries rancher Jim Russell after he assures her that he will never interfere with her literary career. The success of Sheila's novel and its subsequent dramatization take her to New York City and new friends, including theatrical producer Rudolph Martin, who falls in love with her. Prior to her departure, Sheila and Jim have a misunderstanding that is left unresolved. Jim unhappily throws himself into the construction of a large dam, which is completed just as Sheila returns home accompanied by Rudolph. When a flood occurs, Jim rescues Rudolph with the assumption that Sheila loves him, but it becomes obvious that Sheila prefers her husband.",https://www.imdb.com/title/tt0014596/?ref_=sr_i_306
307. The Wheel of Fortune,1923,,,,,,,https://www.imdb.com/title/tt0141981/?ref_=sr_i_307
308. The Man from Brodney's,1923,1h 20m,Passed,,,,"A drama of the India Seas that has Hollingsworth Chance (J. Warren Kerrigan), a young American, tangled in court intrigue to, is put to the supreme test to save the girl he loves, Princess Geneva (Alice Calhoun).",https://www.imdb.com/title/tt0014243/?ref_=sr_i_308
309. Egri csillagok,1923,,,7.1,37,,Adaptation of a novel about a time when Hungary was dominated by the Ottoman Turkish empire.,https://www.imdb.com/title/tt0241400/?ref_=sr_i_309
310. Good Luck,1923,1h 25m,,6.8,42,,"Morris Brown, a New York gambler acquainted more with his checkbook than his prayer book, returns to Galicia with his very American daughter, Mollie (Molly Picon) for a family wedding. But Mollie, whose exuberant antics fill the film, unexpectedly meets her match--an engaging young yeshiva scholar who forsake tradition and joins the secular world to win her heart.",https://www.imdb.com/title/tt0014339/?ref_=sr_i_310
311. The Haunted Valley,1923,,,6.6,31,,"Ruth, the owner of Haunted Valley, borrows a million dollars in order to finish a dam. The terms of the loan specify that if she doesn't pay it back in three months she will lose both Lost River Dam and Haunted Valley.",https://www.imdb.com/title/tt0014118/?ref_=sr_i_311
312. Hoodman Blind,1923,1h,,4.0,45,,"In a small seaside town, John Linden leaves his wife and daughter for his lover, Jessie Walton, whom he also leaves after the birth of their daughter. While John finds his fortune in South Africa, both daughters, Nancy and Jessie, are left to fend for themselves following the death of their mothers. Years later, Nancy is married to fisherman Jack Yeulette and Jessie becomes a streetwalker. John's efforts to share his fortune with Nancy are frustrated by attorney Mark Lezzard, who withholds the money while planning to win her for himself. Lezzard uses Nancy's lookalike sister to convince Jack that his wife is unfaithful, but the fisherman discovers the truth after rescuing Jessie from a sinking boat. John returns from South Africa and is reunited with his daughters.",https://www.imdb.com/title/tt0014999/?ref_=sr_i_312
313. Beauty and the Bolshevik,1923,,,5.9,19,,,https://www.imdb.com/title/tt0014184/?ref_=sr_i_313
314. The Spoilers,1923,1h 20m,,6.8,12,,"In this lost adaptation of the 1903 novel, Roy Glennister and Cherry Malotte fight against crooked politicians to keep a gold mine.",https://www.imdb.com/title/tt0014503/?ref_=sr_i_314
315. Burning Words,1923,50m,Passed,4.6,23,,"David Darby and his younger brother Ross are both members of the Royal Canadian Mounted Police. Ross is accused of murdering Slip Martin, but David doesn't believe his brother committed the murder and, not wanting to see him executed, takes the blame himself. However, information surfaces that seems to indicate Ross might have indeed killed Martin, and also that dance-hall girl Mary Malcolm knows who actually did commit the murder.",https://www.imdb.com/title/tt0013903/?ref_=sr_i_315
316. Le reflet de Claude Mercoeur,1923,,,6.0,10,,,https://www.imdb.com/title/tt0014401/?ref_=sr_i_316
317. Fires of Fate,1923,,,4.7,15,,In Egypt a colonel with a year to live saves a girl from an Arab prince.,https://www.imdb.com/title/tt0214692/?ref_=sr_i_317
318. Young Lochinvar,1923,,,1.0,18,,In Scotland a chief saves his beloved from being forced to marry a rival's son.,https://www.imdb.com/title/tt0015520/?ref_=sr_i_318
319. Other Men's Daughters,1923,1h,,,,,"Dorothy Kane leaves home after being denounced by her father, a businessman, who is dictatorial with his family but very lavish to his female companions in the city. Dorothy unwittingly becomes involved with his nightclub friends, Lottie, Trixie, and Alaska. At a dinner party attended by elderly men and young girls, Dorothy meets her father and decides to decry him to Mrs. Kane, but later feels that it would bring much sorrow to her already neglected mother.",https://www.imdb.com/title/tt0014340/?ref_=sr_i_319
320. Shri Krishna Avtar,1923,,,,,,,https://www.imdb.com/title/tt0249954/?ref_=sr_i_320
321. An Old Sweetheart of Mine,1923,1h,Passed,,,,"John Craig, while rummaging through an old trunk, is reminded of his first sweetheart, Mary Ellen Anderson. A flashback shows their childhood together, their association while working on a local newspaper, and her assistance in preventing swindler Stuffy Shade from framing John as the perpetrator of a fraudulent oil venture. John ultimately discovers oil on the land in question and becomes the town hero. His dream ends when his wife, Mary Ellen, enters the attic with their two children.",https://www.imdb.com/title/tt0014325/?ref_=sr_i_321
322. The Silent Partner,1923,1h,,,,,"Wall Street clerk George Coburn leaves the employ of broker Ralph Coombes to become an independent speculator. Although she disapproves, George's wife, Lisa, insists on being his ""silent partner"" with a fifty percent share of the profits. Lisa avoids spending lavishly and saves her share of the money. Later, Ralph, who is in love with Lisa, conspires with brokers Jim Harker and Charles Nesbit to involve George in a stock deal that will likely ruin his business and his marriage. George loses his fortune and leaves his wife. Ralph conspires with his friend, Gertie Page, to lure Lisa on a voyage to Europe. Soon after boarding the ship, Lisa learns of the plot and disembarks. She reunites with George and assures him that they are not destitute.",https://www.imdb.com/title/tt0014470/?ref_=sr_i_322
323. The Forbidden Trail,1923,,,6.2,27,,"When Red Hawk Dugan and his men attack a small wagon train, Colonel Merriwell is killed and the young girl Isobel taken and raised thinking Dugan is her father. Fifteen years later the Colonel's son Jack arrives looking for Dugan whom he learned killed his father. As he hunts for Dugan he meets and falls in love with Isobel only to then learn Dugan is her father.",https://www.imdb.com/title/tt0132973/?ref_=sr_i_323
324. Gossette,1923,3h 53m,,7.0,17,,A serial (known in French as a cine-roman) in which the adventures are told from the perspective of the kidnapped heroine.,https://www.imdb.com/title/tt0192084/?ref_=sr_i_324
325. Is Money Everything?,1923,58m,,5.4,33,,"A farmer, unhappy with his life, decides to go the city to try and make his fortune. He takes a friend along with him. The two of them become successful, but that success brings other, unforeseen problems into their lives.",https://www.imdb.com/title/tt0014157/?ref_=sr_i_325
326. La dame de Monsoreau,1923,1h 33m,,5.1,29,,"The film based on the novel of the same name by Alexandre Duma, is concerned with fraternal royal strife at the court of Henri III. Tragically caught between the millstones of history are the gallant Count de Bussy and the woman he adores, la Dame de Monsoreau.",https://www.imdb.com/title/tt0193856/?ref_=sr_i_326
327. Big Dan,1923,1h,Passed,4.1,27,,"Big Dan returns from the war, and finding that his wife has left him, turns his home into a boys' camp and begins to train boxers.",https://www.imdb.com/title/tt0013871/?ref_=sr_i_327
328. Destroying Angel,1923,1h,,4.8,19,,"Hugh Whittaker believes he is terminally ill, and, as an act of mercy, weds a young woman named Mary, who has been deserted by her lover. He travels to Europe, recovers his health, and returns to New York City, where he meets and falls in love with musical star Sara Law, unaware that she is actually his wife. Sara is abducted by kidnappers and Hugh undertakes a harrowing rescue before discovering her true identity.",https://www.imdb.com/title/tt0013986/?ref_=sr_i_328
329. Jealous Husbands,1923,1h 10m,,4.7,13,,"When a man's wife is accused of adultery, her insanely jealous husband gives her young son away to a traveling band of gypsies. Years later, when the son grows up, he sets out to prove that his mother wasn't guilty of adultery but was actually trying to help her sister-in-law escape the clutches of a blackmailer.",https://www.imdb.com/title/tt0014165/?ref_=sr_i_329
330. Slave of Desire,1923,1h 10m,Passed,2.2,14,,"Poet Raphael de Valentin is down on his luck until a friend introduces him into society. He meets the Countess Fedora, and after she reads his poems, his work becomes an overnight sensation.",https://www.imdb.com/title/tt0014483/?ref_=sr_i_330
331. The Tiger's Claw,1923,1h,,,,,"Sam Sandell, an American engineer working in India, is attacked by a tiger but rescued and nursed back to health by Chameli Brentwood, a half-caste. Sam's subsequent marriage to Chameli angers her uncle, Sathoo Ram, and Raj Singh, a former suitor, and results in a plot to destroy Sam and his dam. Sam's onetime English sweetheart, Harriet Halehurst, on the other hand, takes the marriage well and even accepts Chameli into society. Chameli proves to be faithless and is killed by a bullet meant for Sam, who has again been saved from a tiger--this time by Harriet. Sathoo, Singh, and their fellow Thugs succeed in breaking the dam; Sam is reunited with Harriet after rescuing her from the flood.",https://www.imdb.com/title/tt0014548/?ref_=sr_i_331
332. Brüder,1923,,,,,,"Based on the 1856 novel ""Between Heaven and Earth"" by Otto Ludwig about the relationship between two brothers Mathias and Lonius as the parable of Cain and Abel.",https://www.imdb.com/title/tt0315329/?ref_=sr_i_332
333. The Truth About Wives,1923,,,,,,"Helen Frazer marries Harold Lawton to please her domineering grandmother. However, Harold continues his dalliance with chorus girl Letty Lorraine, and embezzles $25,000 from his employer, Howard Hendricks, to support her luxurious tastes. To protect her son, Helen enters into a financial agreement with Howard, who hopes to win her from Harold. One year later, after Harold has squandered the stolen money, he kills his employer. Helen is arrested, and as the jury announces a guilty verdict, Harold bursts into the courtroom, confesses to the crime, and swallows poison, leaving Helen free to find happiness with her loyal attorney, Alfred Emerson.",https://www.imdb.com/title/tt0014564/?ref_=sr_i_333
334. Where the Pavement Ends,1923,1h 10m,,,,,"Pastor Spener, a missionary in Wallos, learns that Captain Gregson has closed his café to prove his earnestness as a Christian. Spener's daughter, Matilda, is in love with a handsome young native chief. Her father favors a marriage with Gregson, who is really a villain. The girl and her lover attempt to journey to his home, but their plans fail, and separation seems inevitable. The captain is killed.",https://www.imdb.com/title/tt0014601/?ref_=sr_i_334
335. Za oponou smrti,1923,1h 5m,,,,,,https://www.imdb.com/title/tt1230300/?ref_=sr_i_335
336. The Pipes of Pan,1923,1h 6m,,,,,A girl weds a widowed toymaker after her tinker father's patent polish fails.,https://www.imdb.com/title/tt0170403/?ref_=sr_i_336
337. Jolly,1923,,,,,,,https://www.imdb.com/title/tt0181614/?ref_=sr_i_337
338. Only 38,1923,1h 10m,,,,,"The death of her clergyman husband causes Mrs. Stanley, young mother of teenage twins, to change her style of life. She sends her children to a college where she accepts a position as a librarian, discards her old-fashioned clothes, and, to her straitlaced children's chagrin, dances with an admirer at a college hop. Mrs. Stanley sacrifices her own happiness and gives up her admirer for the sake of the children, but later the youngsters are shown that their selfish attitude threatens to ruin their mother's life.",https://www.imdb.com/title/tt0014335/?ref_=sr_i_338
339. Reno,1923,1h 10m,,,,,"After obtaining a divorce from his second wife Emily, Roy Tappan marries Dora Carson, who has just divorced her husband. Left poor with two children, Emily marries Walter Heath, a former suitor, then discovers that she cannot live with her new husband because the divorce is not legal in her home state. Tappan and his new wife soon run out of money, each having thought the other was wealthy. His aunt promises to support him in exchange for his two children. He kidnaps the children and hides them from Emily in his aunt's home. After Emily and Walter find them, they go to Yellowstone Park, where they are considered legally married. Tappan follows and is killed after a fight with Walter when a boiling geyser throws him into the air and throws him onto the rocks below.",https://www.imdb.com/title/tt0014405/?ref_=sr_i_339
340. Trifling with Honor,1923,1h 20m,,,,,"Released from prison on parole, the ""Gas-Pipe Kid"" returns to his home in the slums to find his mother dead and his father evicted. He is arrested for beating up the landlord but escapes with the help of Ida Hunt, his sweetheart. Years later he is a baseball star known as Bat Shugrue and is widely idolized by boys who read about his clean living. When Shugrue realizes his influence, he refuses to ""throw"" a game for blackmailers who threaten to reveal his past, and he goes to Judge Drury to tell the whole truth. The judge decides that Shugrue is more valuable free than in jail; the star is reunited with Ida.",https://www.imdb.com/title/tt0014561/?ref_=sr_i_340
341. Pleasure Mad,1923,1h 20m,,,,,"Hugh Benton makes money, moves his family to the city, and finds companionship with a younger woman. He divorces his wife and encourages his children to leave home. Finally, when he becomes involved in a shooting, he realizes his wife's loyalty and returns to her.",https://www.imdb.com/title/tt0014364/?ref_=sr_i_341
342. The Midnight Alarm,1923,1h 10m,,,,,"Shortly after being made the executor of a wealthy man's estate, a man murders his benefactor. He then makes a play for the widow, who rebuffs him. To escape his arduous pursuit, she takes her little daughter on a trip but dies in an auto accident. The daughter is rescued but disappears. Her grandparents spend years looking for her, as does the executor who killed her father--if she's found she'll inherit the estate and he won't get a penny. He aims to see that she's never found, and if she is he plans to see that she doesn't live long enough to make a claim to the estate.",https://www.imdb.com/title/tt0014272/?ref_=sr_i_342
343. Becket,1923,1h 26m,,,,,"The Archbishop forces the king's mistress to enter a convent, and is murdered.",https://www.imdb.com/title/tt0014705/?ref_=sr_i_343
344. Crooked Alley,1923,50m,Passed,,,,"Reformed criminal Boston Blackie is outraged when a judge refuses to grant a pardon for a dying friend. He hires Norine, his now-dead friend's daughter, to get to the judge through his son Rudy. However, things don't work out quite as Blackie had planned.",https://www.imdb.com/title/tt0013959/?ref_=sr_i_344
345. The Girl Who Came Back,1923,1h,,,,,"Country girl Sheila goes to work in a city department store. After a quick courtship she marries Ray Underhill, unaware that he is a car thief. She is sent to prison with him, where he meets Norries, a swindler who has hidden his money but intends to pay back his victims. Convict 565 tells Norries he does not expect to live long and offers to transfer to him a diamond mine he owns in Africa. Norries and Underhill escape, and Underhill discovers the location of Norries' money. After Sheila finishes her sentence, Ray joins her and is arrested again, but not before telling her where Norries has hidden the money. Sheila takes the money and goes to South Africa. Eventually she meets Norries, who has secured the diamond mine. Believing that Underhill is dead, Sheila marries Norries, who decides to return to America and return the stolen funds. Sheila discovers that Underhill is still alive, but when Underhill is hiding from detectives, he is mistakenly shot by his pal Valhays. As Underhill falls, he shoots and hits Valhays. Sheila and Norries realize that the police are not after them, so Norries pays back the swindled money.",https://www.imdb.com/title/tt0014084/?ref_=sr_i_345
"346. Jim Bougne, boxeur",1923,,,,,,"M. Martinet has two daughters Floflo and Lulu, and a passion: boxing. He hires a new boxer named Jim Bougne, who has just arrived from the USA to give lessons to his daughters. He also happens to expect the girls to marry a boxer. When he surprises Lulu with her sweetheart Maurice, who hates boxing, Lulu pretends he is actually Jim Bougne. And when the actual Jim comes along, she locks him up in a closet. Martinet, suspicious, warns Maurice that he will stick with him until the evening when Jim Bougne is supposed to fight with Professor Orino and Marcel Dantesse. Maurice will fight bravely to win the fight and his girl.",https://www.imdb.com/title/tt0486359/?ref_=sr_i_346
347. The Purple Highway,1923,1h 10m,,,,,"Two inmates and a cleaning girl at a home for struggling artists achieve success and fame when they pool their talents and produce a smash hit Broadway musical. Edgar (Monte Blue), the playwright, is in love with April (Madge Kennedy), the ex- leading lady, but she doesn't discover that she loves him until it's almost too late.",https://www.imdb.com/title/tt0014384/?ref_=sr_i_347
348. The Girl of the Golden West,1923,1h 10m,,,,,"The Girl, owner of the Polka Saloon, falls in love with Ramerrez, whom she later discovers to be a bandit. When a snowstorm forces Ramerrez to stay the night with The Girl, jealousy drives dancer Nina Micheltorena to reveal his identity and whereabouts to Sheriff Jack Rance, who also loves The Girl. She denies Ramerrez's presence, the bandit is shot when he tries to escape, and she once again shelters him. This time, drops of blood prove The Girl wrong, but she wins Ramerrez's and her own freedom in a poker game with the sheriff. Stirred by Nina, vigilantes are about to lynch Ramerrez when the sheriff interferes, explains his bargain, and restores him to The Girl.",https://www.imdb.com/title/tt0014085/?ref_=sr_i_348
349. South Sea Love,1923,,,,,,"Following the death of her father, a sea captain, Dolores Medina is left in the care of English trader Gerald Wilton, with whom she falls in love. Upon learning that he is already married, Dolores finds work as a dancer in a tropical café. Following the death of his wife, Gerald returns to Dolores, only to be spurned a second time. However, when Gerald is set upon by a gang of hostile sailors, Dolores's love for him is aroused and she intervenes to save his life.",https://www.imdb.com/title/tt0014498/?ref_=sr_i_349
350. Java Head,1923,1h 20m,,,,,"Despairing of any chance to marry his love Nettie Vollar because of a bitter feud between his father and her grandfather, Gerrit Ammidon sails to China to ""get away from it all"". While in Shanghai he rescues a beautiful young woman being attacked by a gang of street toughs. She turns out to be Taou Yuen, a Manchu princess. Gerrit discovers that she will be put to death unless she finds a husband, and he agrees to marry her. They return to Java Head, the Ammidon family home in Salem, Massachusetts, but Gerrit's ""homecoming"" has unexpected consequences.",https://www.imdb.com/title/tt0014163/?ref_=sr_i_350
351. East Side - West Side,1923,1h 3m,,6.3,44,,"Wealthy young author Duncan Van Norman falls in love with his secretary, Lory James, a poor girl from New York's East Side. Van Norman's socially conscious mother dismisses Lory when she hears of the budding romance, but the unhappiness she causes the household makes Mrs. Van Norman seek out Lory to ask her forgiveness.",https://www.imdb.com/title/tt0014012/?ref_=sr_i_351
352. Let's Go,1923,1h 7m,Passed,5.0,37,,"After dodging the speed cops, Barry Macklin arrives in his hometown of Hillsboro, where he is supposed to act as negotiator between his father, Andrew Macklin, and the mayor, Ezra Sprowl.",https://www.imdb.com/title/tt0014196/?ref_=sr_i_352
353. Boston Blackie,1923,50m,Passed,7.2,18,,"Boston Blackie, just released from prison, threatens the warden, Benton, that he will have him removed from his job for using the water cross, a form of torture, on prisoners. Blackie's sweetheart, Mary Carter, helps him avoid this torture after his return to prison. The officers pursue Blackie, capture him, and bring him back to Benton, but Mary reports to the governor, and they arrive in time to save Blackie from further torments by bringing his pardon. Benton is fired.",https://www.imdb.com/title/tt0013882/?ref_=sr_i_353
354. The Last Hour,1923,1h 10m,,6.6,19,,"Reever McCall, an infamous forger, is on the run from the police with his daughter Saidee. He asks his friend, a former criminal named Steve Cline, for help. Cline, whose brother was killed by William Mallory, the detective chasing McCall, agrees. Several years later, while serving as a nurse during the war, Saidee falls in love with Phil Logan, a patient of hers who is also the son of the governor of her state. After the war Mallory, now a big shot in state politics, gives a banquet for the Governor. Mallory discovers Saidee's identity and demands that she marry him in exchange for keeping quiet about her past. Complications ensue.",https://www.imdb.com/title/tt0014187/?ref_=sr_i_354
355. Radio-Mania,1923,1h 35m,,5.9,27,,An inventor succeeds in making contact with Mars via television.,https://www.imdb.com/title/tt0014391/?ref_=sr_i_355
356. Unseeing Eyes,1923,1h 30m,,6.0,14,,The sister of a silver mine owner hires a renegade pilot to fly her to her brother's rescue.,https://www.imdb.com/title/tt0013724/?ref_=sr_i_356
357. La légende de soeur Béatrix,1923,,,6.9,14,,"Young novice Beatrice left the veil to follow a childhood friend. A happy life awaits her, but the count abandons her for the beautiful Nilidor. Desperate, she then leads a life of debauchery, and one day she returns to the convent.",https://www.imdb.com/title/tt0214895/?ref_=sr_i_357
358. Iron Wills,1923,1h 7m,,5.9,20,,"Set in a fishing village in northern Norway, the owner of a glue factory feels threatened when a subordinate develops a better product.",https://www.imdb.com/title/tt0014144/?ref_=sr_i_358
359. Tao,1923,5h 42m,,6.9,12,,"Tao is a mixed-race man who, adorned with a dragon's head, is believed by the natives to be the Spirit of Evil, which allows him to commit all kinds of misdeeds. With the help of accomplices, he attempts to steal the plans for an oil field that an old monk has given to Soun, a young Laotian woman. Jacques Chauvry, the administrator of the region, helps her fight against Tao.",https://www.imdb.com/title/tt0199066/?ref_=sr_i_359
360. The Marriage Maker,1923,1h 10m,,5.8,13,,"A matchmaker sets out to have a rich woman marry the not-so-rich boy she loves, and tries to persuade a poverty-stricken nobleman to marry the commoner he loves.",https://www.imdb.com/title/tt0014258/?ref_=sr_i_360
361. Bohème - Künstlerliebe,1923,,,,,,,https://www.imdb.com/title/tt0137399/?ref_=sr_i_361
362. The Bad Man,1923,1h 10m,,,,,"Infamous Mexican bandit Pancho López recognizes Gilbert Jones as the man who once saved his life; therefore, when Jones is in danger of losing his ranch for default of mortgage payment, López determines to help him. At the same time, Morgan Pell, intending to cheat Jones out of his potentially oil-rich property, offers him a sum of money, which Jones conditionally accepts. When López discovers that Jones and Mrs. Pell are in love he has Pell shot, then robs a local bank, pays the mortgage, and returns the cattle he has stolen. With Mr. Pell out of the way and the ranch secure, Jones and Mrs. Pell are free to marry.",https://www.imdb.com/title/tt0013856/?ref_=sr_i_362
363. The Man Life Passed By,1923,1h 10m,Passed,,,,"Inventor John Turbin vows vengeance when ""Iron Man"" Moore, a wealthy iron industrialist, steals his plans. Poverty and disappointment make him a derelict, but he forgives his enemy and finds happiness after Moore's daughters, Hope and Joy, befriend him.",https://www.imdb.com/title/tt0014246/?ref_=sr_i_363
364. Wettlauf ums Glück,1923,,,,,,,https://www.imdb.com/title/tt0490515/?ref_=sr_i_364
365. The Devil's Partner,1923,,,,,,,https://www.imdb.com/title/tt0013989/?ref_=sr_i_365
366. The Dangerous Maid,1923,1h 20m,,,,,"In seventeenth-century England, Barbara Winslow helps her rebellious brother, Rupert, to escape the King's forces. Barbara is captured while disguised as Rupert, but Captain Prothero becomes enamored with her and sets her free. Later, when Barbara and the captain are imprisoned, they discover a secret passage that enables them and their fellow captives to escape. Barbara then secures a pardon for herself and the captain by revealing a plot against the king. Prothero is exiled from England, and Barbara goes with him.",https://www.imdb.com/title/tt0013971/?ref_=sr_i_366
367. The Virgin of Seminole,1923,,,,,,A young black man who joins the Royal Canadian Mounted Police and becomes a hero by rescuing a captive mixed-race woman from a hostile American Indian tribe. The young man later purchases a ranch that becomes the foundation for great financial wealth.,https://www.imdb.com/title/tt0014581/?ref_=sr_i_367
368. Proc se nesmejes,1923,1h 11m,,,,,,https://www.imdb.com/title/tt0169148/?ref_=sr_i_368
369. Irrlichter der Tiefe,1923,,,,,,"""Lights of the abyss"". Anita Berber enchants men and women as the seductive goddess Astarte.",https://www.imdb.com/title/tt0014155/?ref_=sr_i_369
370. Die fünfte Straße,1923,,,,,,,https://www.imdb.com/title/tt0757886/?ref_=sr_i_370
371. The Love Brand,1923,50m,,,,,"Frances Collier sets a love trap for landowner Don José O'Neil to help her father acquire his potentially oil-rich land, then falls genuinely in love with her victim. A rejected suitor reveals her treachery, but when she willingly submits to being branded, O'Neil sees that she cares for him, and they are married.",https://www.imdb.com/title/tt0014216/?ref_=sr_i_371
372. Why Women Remarry,1923,50m,,,,,"Martin Talbot, a gambler who mistreats and neglects his family, is killed by Tuck McKinnon, but the blame falls on Don Compton, who holds a grudge against the victim and is found with the murder weapon. Policeman Dan Hannon eventually solves the crime while taking an interest in Mary Talbot and her children. The wives involved in the case all find new husbands: Mary Talbot marries Dan; Mrs. Compton realizes that Robert Milton, the sweetheart of her youth, is more understanding of her charitable work; jazz-crazed Mrs. McKinnon finds happiness with a musician named Billy; and Dan's sister seeks happiness with a new mate.",https://www.imdb.com/title/tt0014610/?ref_=sr_i_372
373. The Huntress,1923,1h,,,,,"Bela (Colleen Moore), reared by Indians, learns that she is a white orphan and runs away from the Indian village to avoid marrying a brave from the tribe. She determines to marry land prospector Sam Gladding (Lloyd Hughes), who resists her advances but later falls in love with Bela when an Indian sage gives him some advice.",https://www.imdb.com/title/tt0014143/?ref_=sr_i_373
374. The Dingo,1923,,,,,,,https://www.imdb.com/title/tt0350814/?ref_=sr_i_374
375. Alias the Night Wind,1923,50m,,,,,"Bing Howard a former stockbroker, is called the ""Night Wind"" because he is a fugitive from justice, persistently being trailed by Clifford Rushton, a private detective who has framed Howard on a bond robbery. Rushton's failure to catch Howard forces the chief to turn the case over to Detective Katherine Maxwell, alias ""Lady Kate,"" whose brother was sent to prison for bond robbery on the same evidence Rushton has brought against Howard. Lady Kate provides a temporary hideout for Howard, then proves that Rushton is guilty of both crimes.",https://www.imdb.com/title/tt0013821/?ref_=sr_i_375
376. Goodbye Girls,1923,50m,Passed,,,,"Country girl Florence Brown (Carmel Myers) keeps the secret of her invention, an invisible deep-sea light, in a brass box which is being sought by agents of many governments, and they threaten her life at every turn. Both she and her invention would have been lost but for the unintended intervention of Vance McPhee (William Russel), a woman-chasing author who leaves the big city and goes to the country for rest, peace, and quiet for his frayed nerves--and falls in love with Florence and that finds his doctor was right when he advised McPhee that what he really needed was a wife and he could wave goodbye to the girls.",https://www.imdb.com/title/tt0014093/?ref_=sr_i_376
377. Boy of Mine,1923,1h 10m,,,,,"A wealthy banker is a strict disciplinarian with his nine-year-old son Bill. Finally the day comes when neither Bill nor his mother can put up any more with the father's relentlessness and heavy-handed treatment; she leaves and takes Bill with her. The father must decide what's more important--maintaining his iron discipline over his family, or his family itself.",https://www.imdb.com/title/tt0013884/?ref_=sr_i_377
378. The Hero,1923,1h 10m,,,,,"Oswald Lane is welcomed by his hometown as a war hero and enjoys recounting his adventures to anyone who will listen. He accepts an invitation to stay in the home of his rather colorless brother, Andrew, and is soon not only making love to Martha, the Belgian maid, but is also finding Andrew's wife, Hester, receptive to his flirting. After stealing money entrusted to Andrew by his church, Oswald is on his way out of town when he passes a school fire, rescues several children, and is himself seriously burned. Andrew offers his own skin for grafting, and Oswald directs Hester to return the money.",https://www.imdb.com/title/tt0014132/?ref_=sr_i_378
379. Os Lobos,1923,1h 20m,,6.6,107,,"After serving a sentence for crime of passion, a seafarer arrives at Serra da Cabreira, becoming an element of fascination and disaggregation of the archaic village.",https://www.imdb.com/title/tt0014207/?ref_=sr_i_379
380. Adam and Eva,1923,1h 20m,,7.9,53,,An extravagant girl reforms when her father goes bust.,https://www.imdb.com/title/tt0012879/?ref_=sr_i_380
381. Circus Days,1923,1h,,6.0,42,,"Orphan Toby Tyler runs away from his cruel uncle and joins a circus to work as lemonade boy. When a little girl who rides horses bareback becomes ill, Toby saves her from getting fired by putting on a dress and wig and taking her place. After a series of similar misadventures, his talent is discovered, and Toby becomes the star clown.",https://www.imdb.com/title/tt0013926/?ref_=sr_i_381
382. Fury,1923,1h 30m,,7.0,28,,"Captain Leyton treats his son, Boy, harshly to eliminate every weakness, but he is so overjoyed at Boy's courageous defense of the character of his sweetheart, Minnie, that he has a heart attack. Before he dies, Leyton charges Boy with avenging his mother's desertion of his father for another man. Boy finds his mother; discovers the other man to be Leyton's first mate, Morgan; hurls Morgan overboard; and returns to marry Minnie.",https://www.imdb.com/title/tt0014068/?ref_=sr_i_382
383. The Fighting Blade,1923,1h 30m,Passed,6.0,36,,"In the war-like times of Oliver Cromwell, in and around 'olde Oxford towne', Dutchman Karl Van Kerstenbrook, Dutch soldier-of-fortune and sword-for-hire, stands ready to defend his lady-love, the fair Thomsine Musgrove, and prove his nettle, and that his blade is made of the finest metal.",https://www.imdb.com/title/tt0014039/?ref_=sr_i_383
384. The Shriek of Araby,1923,50m,,5.5,52,,"An employee in a theater showing Valentino's ""The Shiek"" daydreams about himself playing Valentino's role.",https://www.imdb.com/title/tt0014467/?ref_=sr_i_384
385. Únos bankére Fuxe,1923,52m,,6.0,34,,,https://www.imdb.com/title/tt0165523/?ref_=sr_i_385
386. Three Wise Fools,1923,1h 10m,,5.5,36,,Three elderly bachelors adopt a girl who's the daughter of the woman they were in love with in their youth.,https://www.imdb.com/title/tt0014542/?ref_=sr_i_386
387. Das Bildnis,1923,1h 55m,,7.0,18,,"3 men fall in love with a woman from a window photograph .When they find her living as a recluse in an isolated Hungarian mansion, they decide against a visit because she wouldn't live up to their idealized images of her.",https://www.imdb.com/title/tt0015626/?ref_=sr_i_387
388. Alma de Dios,1923,1h 19m,,6.0,18,,"A woman who arrives Madrid fleeing from their abusive stepmother tries to help her cousin, who has an illegitimate child, pretending to be the real mother.",https://www.imdb.com/title/tt0013827/?ref_=sr_i_388
389. The Cricket on the Hearth,1923,1h 22m,,6.2,14,,"Tells of Caleb Plummer, his son Edward and blind daughter Bertha, and rivalry over neighbor May Fielding. May's friend Dot weds John Peerybingle; they find a lucky cricket in their cottage. A mortgage and house on fire figure in the story.",https://www.imdb.com/title/tt0013955/?ref_=sr_i_389
390. Das Wirtshaus im Spessart,1923,,,6.4,13,,,https://www.imdb.com/title/tt0490516/?ref_=sr_i_390
391. Ponjola,1923,1h 10m,Passed,5.4,17,,"The adventures of a beautiful gallant girl ,Flavia Desmond (Anna Q. Nilsson), who goes into the African veldt of the Rhodesan gold fields to save the soul of a man, Lundi Druro (James Kirkwood), who had saved hers. Disguised as a man, she fought against men charged with the lust of gold and the black curse of Africa- Ponjola, the strong drink of the strange and glamorous country.",https://www.imdb.com/title/tt0014367/?ref_=sr_i_391
392. Flanders under Philip II,1923,1h 55m,,7.0,8,,"Concepcion de la Playa Setta, an Andalusian noblewoman, the daughter of the provost marshall of Flanders, is in love with the Duke Philippe de Hornes. He is a Brussels gentleman in revolt against her people, the Spanish occupiers. When her rebellious lover is hurt during an uprising against the troops of Philip II, Concepcion takes him in in her house. And she personally defends him when, at his trial. Condemned to be hanged through the intervention of the Duke of Alba, de Hornes is eventually reprieved by the new governor and set free. The two lovers meet again and can live happily from now on.",https://www.imdb.com/title/tt0188981/?ref_=sr_i_392
393. Don Quickshot of the Rio Grande,1923,50m,,5.0,15,,"""Pep"" Pepper is a romantic young cowboy whose propensity for daydreaming costs him his job. After reading the classic novel ""Don Quixote"", he decides to follow in that character's footsteps, but things take a wrong turn when he intervenes in a saloon fight in which the owner is killed, and Pep gets blamed for it. He escapes but must find the real killer and clear his name. On his search he finds his own Dulcinea--a wealthy cattleman's daughter named Tulip, who has been kidnapped by a bandit gang.",https://www.imdb.com/title/tt0013997/?ref_=sr_i_393
394. Quicksands,1923,1h 10m,,4.4,17,,"Stationed at the Mexican border, a young lieutenant whose job is to capture a ring of narcotics smugglers, spies his sweetheart, the daughter of a U. S. Customs official, in a cantina suspected of being the headquarters of the dope ring. Believing that she is part of the ring, he decides to resign his job. Word arrives that the girl and her father are being held prisoners by the gang. The lieutenant goes to aid them and is captured. Finally, the U. S. Army rescues the trio and the girl is revealed to be a secret agent.",https://www.imdb.com/title/tt0014388/?ref_=sr_i_394
395. Her Dangerous Path,1923,3h 30m,,3.6,22,,"Corinne Grant, a wealthy society girl, is forced, upon the physical and financial break-down of her father, to choose her future path in life. Her Chinese cook, Wong, offers to read her future in the sands, and the rest of each episode shows what would happen if she decided upon the different careers open to her, coming back at the finish to the girl and the Oriental pouring over the box of shifting sand.",https://www.imdb.com/title/tt0014127/?ref_=sr_i_395
396. The Ragged Edge,1923,1h 10m,,,,,"Howard Spurlock, wrongfully accused of theft, believes police are seeking his arrest. On ""the ragged edge,"" he takes refuge in China, where he meets and is nursed back to health by Ruth Endicott, daughter of a missionary. They marry and go to an island in the South Seas where, later, his innocence is proved.",https://www.imdb.com/title/tt0014392/?ref_=sr_i_396
397. Playing It Wild,1923,1h,,,,,"Roaming cowboy Jerry Hoskins wins Old Man Webb's newspaper in a poker game and resolves to help rid the town of crooked Sheriff Gideon. In the guise of ""Terrible Terry,"" Jerry robs stagecoaches, ridicules Gideon as a coward, and proclaims his fear of Bill Rucker. Rucker is elected sheriff; Jerry discloses his ruse and wins Beth Webb.",https://www.imdb.com/title/tt0014362/?ref_=sr_i_397
398. If Winter Comes,1923,2h,,,,,"Mark Sabre hires young Effie Bright to keep his snobbish, cold-hearted wife Mabel company while he goes off to war. When he returns home from the front wounded, he finds that Mabel has fired Effie, who shows up at Mark's door with her baby, having no place to go. Mark takes her in, but Mabel leaves him when the town shuns him for what they believe is going on with Mark and Effie. Matters are further complicated when Effie, driven to desperation, commits an unspeakable act that results in Mark having a nervous breakdown--and then things get worse.",https://www.imdb.com/title/tt0014147/?ref_=sr_i_398
399. Thundering Dawn,1923,1h 10m,Passed,,,,"Jack Standish feels responsible for the failure of the partnership with his father and goes to the South Seas where he falls prey to alcohol, is seduced by Lullaby Lou, a vamp, and tricked by a brutal plantation owner, Gordon Van Brock. Mary Rogers, Standish's fiancee, finds him in Java, however, she is faced with the challenge of reviving him, both mentally and physically. Her task becomes more difficult when Lullaby Lou, and Van Brock, try to interfere with the couple. Mary and Jack are finally able to escape when a tropical storm hits and spawns a typhoon that destroys the coastal settlement.",https://www.imdb.com/title/tt0014545/?ref_=sr_i_399
400. The Mark of the Beast,1923,,,,,,"Psychologist David Hale learns that his fiancée, Ann Page, has strong psychic powers. However, she falls under the influence of jewel thief Donald Duncan and agrees to marry him instead, apparently because he resembles her dead father. Ann accompanies Donald to his mother's cabin in the mountains, where she discovers her husband's true character. David is compelled by professional curiosity to follow the couple, and rescues Ann when the brutish Donald attacks her. That night, Donald's mother stabs her son while retrieving some stolen jewels, unaware of his identity. An operation to save Donald fails, leaving David and Ann free to marry.",https://www.imdb.com/title/tt0014257/?ref_=sr_i_400
401. Vanity Fair,1923,1h 20m,,,,,"Adventuress Becky Sharp lives by her wits and charm in an effort to ascend from humble backgrounds into society. She fails to lure Joseph Sedley, the brother of her chum Amelia, into marriage but succeeds with Rawdon Crawley, the son of her employer. However, his family's displeasure keeps Becky from living in wealth, as she had hoped to do. Ever the flirt, Becky has affairs with George Osborne soon after he marries Amelia and with Lord Steyne while Rawdon is away at war with Napoleon. Her adventures come to an end, however; neither Rawdon nor Steyne will have her, and Becky is reduced to touring the Continent under an assumed name. Her lesson learned, Becky brings together Amelia and her faithful suitor, Captain Dobbin, after George is killed in battle; and finally she returns to London to live a quiet life.",https://www.imdb.com/title/tt0014572/?ref_=sr_i_401
402. The Ramblin' Kid,1923,1h,Passed,,,,"The Ramblin' Kid, a cowboy, falls in love with Carolyn June, a beautiful easterner, and wins her after he triumphs in a rodeo in spite of having been doped by his enemy, Sabota the Greek, a crafty racetrack tout.",https://www.imdb.com/title/tt0014394/?ref_=sr_i_402
403. Slippy McGee,1923,1h 10m,,,,,"Severely injured in an attempted getaway, safe cracker Slippy McGee is taken in by Father De Rance and nursed back to health by Mary Virginia after his leg is amputated. Under the influence of the kindness shown him, Slippy reforms and falls in love with Mary Virginia, although she intends to marry Lawrence Mayne. When George Inglesby attempts to blackmail Mary Virginia into marrying him, Slippy uses his skill one last time to obtain some incriminating letters from a safe.",https://www.imdb.com/title/tt0014485/?ref_=sr_i_403
404. Dämon Zirkus,1923,,,,,,"A triangle drama involving a female circus owner's favor has consequences. Paula Busch, the grande dame of German circus, depicts a story from the world of artists, tents and wagons.",https://www.imdb.com/title/tt0489036/?ref_=sr_i_404
405. The Woman in Chains,1923,1h 10m,,,,,"A disloyal wife abandons her husband and child to become a cabaret dancer. Her lover goes to jail to protect her. In his absence she marries an artist whom she deserts when her lover is released from prison. Aware of the futility of awaiting her return, the second husband returns to his birthplace, Martinique, and to his childhood sweetheart.",https://www.imdb.com/title/tt0014622/?ref_=sr_i_405
406. Danger Ahead,1923,,,,,,"Bruce Randall is injured after a fight with Mortimer, who has attempted to rob his home, and is reported dead by the police. They bury a man they believe to be Bruce, while Bruce wanders about, unable to recall his past. Two crook lawyers find him, hire him to impersonate Bruce so as to get some pearls in the Randall mansion, and Mrs. Randall believes he is really her husband. He regains his memory in time to defeat the crooks and save his wife's happiness.",https://www.imdb.com/title/tt0013968/?ref_=sr_i_406
407. Calvaire d'amour,1923,,,,,,,https://www.imdb.com/title/tt0154273/?ref_=sr_i_407
408. Närkingarna,1923,1h 8m,,,,,"Axel wants to marry his childhood friend Anna, but her father does not approve and kicks her out and sends Axel abroad on business.",https://www.imdb.com/title/tt0014324/?ref_=sr_i_408
409. Die Liebe einer Königin,1923,,,,,,,https://www.imdb.com/title/tt0014197/?ref_=sr_i_409
410. Gold Madness,1923,,,,,,"Crooked mine dealer Scotty McGee lures away gold prospector Tim Kendal's wife, Olga, who married out of gold madness. Kendall gets revenge when he actually strikes gold, then later, as a member of the police force, arrests McGee and Olga as swindlers.",https://www.imdb.com/title/tt0014091/?ref_=sr_i_410
411. Crashin' Thru,1923,1h,,,,,"Rancher Jim Blake narrowly escapes being gored by an angry bull, thanks to his partner, Saunders, who loses the use of his legs as a result. Celia and her daughter, Diane, arrive at the ranch in response to Jim's advertisement for a wife. Although Jim declines Celia's offer, he allows her and Diane to stay at the ranch. Cons Saunders blames his father's condition on Jim and partners with a dancer named Gracia, who seeks revenge against the rancher because he is oblivious to her charms. She plots with Cons to steal Jim's cattle, leaving him unable to repay the money he owes his Uncle Benedict. When Uncle Benedict is murdered, Cons and Blake blame each other, until it is discovered that Gracia is the culprit. Saunders recovers under Celia's care, and Jim finds love with Diane.",https://www.imdb.com/title/tt0013953/?ref_=sr_i_411
412. The Mailman,1923,,,,,,"Veteran postman Bob Morley (Ralph Lewis) and his son Johnnie (Johnnie Walker) are honored for their service to the U. S. Mail Service. When Johnnie takes a position on the Enterprise, he is falsely convicted of theft and murder when the cargo is stolen and the ship's officer is shot. Finally, a confession from the real culprit saves Johnnie from being executed.",https://www.imdb.com/title/tt0014238/?ref_=sr_i_412
413. La faute des autres,1923,,,,,,"James, the supervisor of an agricultural colony, is in love with Hélène, who is unfortunately meant for another. At Hélène's engagement party, James has an argument with her fiancé. When the latter gets mysteriously killed, James is arrested and condemned to twenty years of hard labor. Hélène is convinced James is innocent but she falls under the control of a gold digger who has set up a dummy company with the money stolen from James. The swindler is finally arrested and Hélène and James are reunited.",https://www.imdb.com/title/tt0489960/?ref_=sr_i_413
414. Desert Driven,1923,1h,,,,,"Bob Gaunt is wrongfully convicted of murder and escapes from prison through the desert. He finds employment on a ranch owned by Yorke, who believes the young man is innocence and conceals his identity. Bob soon becomes ranch foreman, and falls in love with Yorke's daughter, Mary. Former prison physician and drug trafficker Dr. Otis Craydon, the son of a neighboring rancher, is also in love with Mary, and tries to eliminate his rival by effecting Bob's recapture. Bob makes a second escape but is exonerated when the real murderer confesses.",https://www.imdb.com/title/tt0013983/?ref_=sr_i_414
415. The Tie That Binds,1923,1h 10m,,,,,"A beautiful secretary has her pick of the men in the office, but instead of marrying the boss, she takes one of his junior staff. Later, when she is suspected of committing a murder, her husband confesses to it--although he didn't do it--in order to protect her. Complications ensue.",https://www.imdb.com/title/tt0014546/?ref_=sr_i_415
416. The Flame of Life,1923,1h 10m,,,,,"Joan Lowrie and her brutal father, Dan, labor in the English coal mines of the 1870's. Fergus Derrick, a new over-man, attempts to make his workers' lives more bearable but incurs Lowrie's wrath when he fires him for smoking in the mine. Bent on vengeance, Lowrie is beaten when he picks a fight with Fergus, then defiantly smokes in a mine tunnel. There is an explosion, Joan rescues Fergus, and their love triumphs over their class barriers.",https://www.imdb.com/title/tt0014044/?ref_=sr_i_416
417. The Near Lady,1923,50m,,,,,"Basil Van Bibber, son of a prominent family, and Nora Schultz, daughter of a butcher who invented a sausage machine that made the Van Bibbers rich, pretend to be in love to please their parents; but when Nora tries to protect the young Van Bibber from a charge of reckless driving, they discover that they really are in love.",https://www.imdb.com/title/tt0014307/?ref_=sr_i_417
418. The Exciters,1923,1h,,,,,"Required to marry before she is 21 or lose her inheritance, Ronnie Rand meets Pierre Martel, member of a gang of thieves; convinced that he is a ""real man,"" she marries him. Pierre's confederates attempt to blackmail Ronnie, and when she refuses to sign a check they try to kill Pierre, but police arrive in time to save him. Pierre is revealed to be a U. S. Intelligence Service agent. Though somewhat disappointed that her husband is not at all a crook, Ronnie accepts the situation.",https://www.imdb.com/title/tt0014027/?ref_=sr_i_418
419. The Christian,1923,1h 20m,,,,,"Glory and John, sweethearts since childhood on the Isle of Man, go to London, Glory to become a nurse and John to enter a monastery. Instead, Glory becomes a theater star, and John renounces his vows because he cannot forget his love for her. Lord Robert Ure, who has already betrayed Glory's friend Polly Love, incites the London populace against John, claiming that John has predicted that the world will end on the eve of the Epsom Downs Derby. John goes to kill Glory to save her soul, but instead she convinces him of her love. Confused, John wanders into the street, is mortally hurt by an angry mob, then marries Glory before dying in her arms.",https://www.imdb.com/title/tt0013924/?ref_=sr_i_419
420. Mothers-in-Law,1923,1h 10m,,,,,"Farmer's son David Wingate marries city girl Vianna Courtleigh over his parents' objections. Her father gives him a job with the company; a baby is born to the young couple; but their happiness is marred by David's desire for a quiet domestic life in opposition to Vianna's love of excitement. David's mother comes to live with them when her husband dies. She observes their unhappiness and, after deciding that Vianna is at fault, determines to teach her a lesson. She kidnaps the baby, threatening to keep him until Vianna reforms. Eventually Vianna sees the folly of her ways and seeks forgiveness from David.",https://www.imdb.com/title/tt0014294/?ref_=sr_i_420
421. Three O'Clock in the Morning,1923,,,,,,"Impulsive flapper Elizabeth Winthrop, rebels against her parents and moves to New York after breaking with her fiance, Clayton Webster. Hugo Von Strohm, a wealthy playboy, procures Elizabeth a job as a chorus dancer and secretly pays her salary. After he tries to seduce her, Elizabeth sees through his kindnesses and returns to her parents and Clayton.",https://www.imdb.com/title/tt0014540/?ref_=sr_i_421
422. Par-dessus le mur,1923,,,,,,,https://www.imdb.com/title/tt0160633/?ref_=sr_i_422
423. Bonnie Prince Charlie,1923,,,,,,"In the Jacobite Rising of 1745, the Young Pretender Bonnie Prince Charlie leads an insurrection to overthrow the Protestant House of Hanover and restore his family, the Catholic branch of the House of Stuart, to the British throne.",https://www.imdb.com/title/tt0013880/?ref_=sr_i_423
424. Koskenlaskijan morsian,1923,1h 27m,,6.1,65,,,https://www.imdb.com/title/tt0125324/?ref_=sr_i_424
425. The Net,1923,1h 10m,Passed,6.9,56,,"Allayne Norman's husband, Bruce, a gambler and a drinker, quarrels with her cousin, an artist, and kills him. Bruce flees, having exchanged identities with a stranger who, suffering from amnesia, wanders into the studio and falls unconscious. He persuades Allayne to tell the police that the senseless man is her husband, the murderer. She does, to protect her son. Bruce dies, the man regains his memory, his innocence is proven, and he marries Allayne.",https://www.imdb.com/title/tt0015168/?ref_=sr_i_425
426. La fuga di Socrate,1923,1h 4m,,5.7,34,,"Socrate, a weird parrot, one day flies away through an open window.",https://www.imdb.com/title/tt0345283/?ref_=sr_i_426
427. The Love Letter,1923,50m,,6.2,20,,"Mary Ann McKee, while working in an overall factory tucks mash notes in the overalls prepared for shipment. She becomes involved in a robbery executed by her boyfriend, Red Mike, but escapes and goes to the town from which she has received an answer to one of her notes. There Mary Ann marries blacksmith Bill Carter and is happy until Red Mike comes for her. The sight of Mary Ann saying farewell to her child causes Red Mike to relent, and he leaves the Carters in peace.",https://www.imdb.com/title/tt0014217/?ref_=sr_i_427
428. Prodigal Daughters,1923,1h,Passed,5.9,27,,"Elinor ""Swifty"" Forbes and her younger sister Marjory are the carefree daughters of wealthy J. D. Forbes. Their mother shows no restraint over her daughters, so they live among the flapper set. Lester Hodges, a songwriter, is enamored of Marjory, while Garside, who runs a card room, is interested in Swifty. While gambling at Garside's place, Swifty meets Roger Corbin, who works as an engineer at her father's business. Corbin falls in love with Swifty. When Mr. Forbes protests against both his daughters' behavior, they move out. Marjory marries Hodges, but eventually leaves him and returns to her parents. Swifty, who has gambled herself into debt, agrees to marry Garside. But when the couple are together in a café, prohibition agents raid the place. Corbin, who has been searching for Swifty, helps her escape, and the two are united.",https://www.imdb.com/title/tt0014379/?ref_=sr_i_428
429. Flames of Wrath,1923,,,9.1,8,,"After P. C. Gordon is murdered and robbed of a diamond ring that he bought as a birthday present for his wife, one of the thieves, C. Dates, is apprehended. A woman prosecuting attorney makes a compelling case against him, and he is given a ten-year penitentiary sentence. Dates escapes and heads for the vacant lot where he buried the ring. Meanwhile, a boy playing in the lot digs up the ring and gives it to his older brother, Guy Braxton, a prosperous dry goods merchant. Guy shows it to William Jackson, an unscrupulous lawyer. When Pauline Keith, Jackson's young stenographer, learns of Jackson's scheme to steal the diamond, which also involves her own father and a woman named Flora Fulton, she begins to investigate.",https://www.imdb.com/title/tt0132957/?ref_=sr_i_429
430. Beasts of Paradise,1923,5h,,6.5,17,,Philip Grant attempts to reclaim five million dollars in gold stolen from his fathers' steamer by a submarine.,https://www.imdb.com/title/tt0013864/?ref_=sr_i_430
431. The Ghost City,1923,Passed,,5.4,21,,"In Sunshine Valley, California, ""Laughing"" Larry Lawton and his pal, ""Sagebrush"" Hilton, are informed that unless the ranch owners place $10,000 in a designated spot on a certain day the reservoir supplying the valley with water will be drained. Just to show they aren't kidding, the extortionists have drained two feet of water already. In New Orleans, wealthy California ranch owner Austin Sinclair, now purchasing Ghost City Ranch in Sunshine Valley, receives word that a conspiracy is in progress to take the ranch away from him. He is unable to travel to California because of a disabled foot but his daughter Alice offers to go for him. She gets her cousin, Ray Moreton, an aviator, to take her in his aeroplane. Agents of Jasper Harwell, who is trying to get the ranch by unfair means, try to prevent the departure but the pair escape them and are soon on their way. The plane develops engine trouble a few miles short of their destination and they are forced to land. Alice borrows a horse from Lawton and is on her way to Ghost City Ranch but rides right in the path of a cattle stampede...end of Chapter One.",https://www.imdb.com/title/tt0014079/?ref_=sr_i_431
432. The Man Who Won,1923,50m,,4.4,25,,"Gambler Wild Bill, promises to protect the children of Scipio, an unlucky miner who sets out to find ""Lord"" James, a bandit who stole Jessie, his wife. Toby, Sunny, and Sandy, three gambler friends of Bill's, help him take care of the children. To give Scipio a chance to get Jessie away from James, Bill drives the stage filled with gold to the bank in town, counting upon James and his gang to follow him. James's gang holds up the stage, and Bill shoots them all. Scipio returns home with his repentant wife, but Bill is shot and dies when he reaches the bank. Scipio finds oil on his land, and he and Jessie look forward to a happy future.",https://www.imdb.com/title/tt0014248/?ref_=sr_i_432
433. Gulliver chez les Lilliputiens,1923,,,4.5,24,,Lemuel Gulliver washes ashore on Lilliput and attempts to prevent war between that tiny kingdom and its equally minuscule rival Blefuscu.,https://www.imdb.com/title/tt0140089/?ref_=sr_i_433
434. Nora,1923,1h 39m,,5.6,9,,"An adaptation of Henrik Ibsen's ""A Doll's House"".",https://www.imdb.com/title/tt0013518/?ref_=sr_i_434
435. Smashing Barriers,1923,1h,,2.7,19,,"Re-edited version of the 1919 serial of the same name, released as a feature.",https://www.imdb.com/title/tt0165480/?ref_=sr_i_435
436. Savitri Satyavan,1923,,,,,,"India's first international co-production. The love-is-stronger-than-death story sees Savitri, the daughter of King Ashwapati and a goddess, fall for Satyavan who is destined to die within a year. He is killed by a tree and his soul is gathered by the god Yama but he returns to life and there is a happy ending for the lovers. Some nudity and other 'erotic' images were removed to satisfy the censors.",https://www.imdb.com/title/tt0256369/?ref_=sr_i_436
437. Children of Dust,1923,1h 10m,Passed,,,,"Young Terwilliger, an orphan boy in New York City, ""adopts"" Old Archer, the caretaker of Gramercy Park, after the man is arrested for beating Terwiliger for picking a flower for his dead mother. As Terwilliger grows up, he falls in love with Helen Raymond, a pretty neighborhood girl, but finds a rival for her in Harvey Livermore. When World War I breaks out both boys enlist in the army and are sent to the front lines. Complications ensue.",https://www.imdb.com/title/tt0013923/?ref_=sr_i_437
438. A Wife's Romance,1923,1h,,,,,"Joyce Addison, wife of an American attache in Madrid, looks to her painting as sole entertainment, as her husband neglects her for business. One night late, while driving, she meets and is robbed by a bandit who proves sufficiently chivalrous to see her home. She recognized in him a good subject for a painting, so persuades him to pose. This leads to a dangerous friendship and a trip to a notorious cafe where she is seen by an old friend. She sees the wisdom of giving up her bandit and, much to his unhappiness, tells him it is all impossible. Her husband overhears and determines to reform and be sweetheart as well as husband. Moving Picture World",https://www.imdb.com/title/tt0014614/?ref_=sr_i_438
439. The Town Scandal,1923,50m,,,,,"When Jean Crosby, a Broadway chorus girl, visits her sister in Murphysburg and finds that not only has her brother-in-law, Lysander Sprowl, squandered all the money she has sent, but the leading male citizens, all members of the Purity League, who once were friendly to her in New York, will not now give her a second glance. With the help of newspaperman Toby Caswell, however, she anonymously publishes her life story in the town newspaper, thus frightening the men into offering Jean ""hush money."" Jean refuses their bribery, but before she and Toby leave town they get the gentlemen's promises to end their push for blue laws.",https://www.imdb.com/title/tt0014556/?ref_=sr_i_439
440. The Rustle of Silk,1923,1h 10m,,,,,"Lola De Breeze, long-time admirer of British M.P. Arthur Fallaray, takes a position as maid to Arthur's wife Lady Feo, who prefers a frolicsome life with newspaper owner Paul Chalfon to her husband's political ambition. When word comes that Fallaray has been injured in a hunting accident, Lola goes to his side and Lady Feo discovers love letters written--but never mailed--from Lola to Fallaray. On the pretense of forcing Fallaray to allow Feo to divorce him, Chalfon obtains the letters from Lady Feo and publishes them. Feo burns the original letters in anger, while Lola confesses her love to Fallaray and persuades him to continue in politics rather than ruin his career by marrying her. Fallaray becomes prime minister; Lola returns to her father and trusts to the future for her happiness.",https://www.imdb.com/title/tt0014425/?ref_=sr_i_440
441. The Hypocrites,1923,,,,,,A squire tries to make his son deny he fathered a villager's child and marry an heiress.,https://www.imdb.com/title/tt0170019/?ref_=sr_i_441
442. Strangers of the Night,1923,1h 20m,,,,,"A rousing fusion of satire, mystery and action. Aristrocrat Ambrose Applejohn is aching for excitement. He gets more than he bargained for when the two Russian thieves Anna Valeska and her partner Borolsky, arrive at the mansion one dark night.",https://www.imdb.com/title/tt0014515/?ref_=sr_i_442
443. Das schöne Mädel,1923,,,,,,,https://www.imdb.com/title/tt0450132/?ref_=sr_i_443
444. The Woman of Bronze,1923,1h,Passed,,,,"Sculptor Leonard Hunt is urged by his wife Vivian to compete for a million dollar prize competition for a Victory Memorial commemorating the First World War. Sylvia Morton models for Hunt, and they become romantically involved. In an attempt to save her marriage, Vivian persuades him to close the studio and go on a second honeymoon. But Hunt is unable to forget Sylvia, so he leaves Vivian. Vivian threatens to kill Sylvia unless she promises to give up Hunt. Months later, Hunt returns, remorseful and begging forgiveness, saying that Sylvia has married someone else.",https://www.imdb.com/title/tt0014623/?ref_=sr_i_444
445. Eyes of the Forest,1923,50m,Passed,,,,"Bruce Thornton, a forest ranger, arrests Ruth Melier, who is accused of murdering her stepfather. However, Ruth reveals that her brutal husband, Horgan, is the murderer. Bruce and a fellow ranger capture Horgan and his gang of timber thieves, establishing Ruth's innocence.",https://www.imdb.com/title/tt0014030/?ref_=sr_i_445
446. Is Divorce a Failure?,1923,1h,,,,,"About to be divorced because of her infatuation with Kelcey Barton, Carol Lockwood is persuaded to take one last vacation cruise with her husband, David. They find that Kelcey is a fellow passenger. Their ship is wrecked; and Carol, David, Kelcey, and Smith, who is also in love with Carol, are cast up on a desert island. All vie for Carol's attention, but she shows no favoritism. After David swims through shark-infested waters to bring her protection, Carol realizes she still loves her husband. Kelcey and Smith unite against David, but their efforts are foiled by a volcanic eruption, a tornado, and the arrival of a rescue ship.",https://www.imdb.com/title/tt0014156/?ref_=sr_i_446
447. Going Up,1923,1h,,,,,"Robert Street, an author of aviation novels, has acquired the reputation of being an expert pilot, though he is without experience and has an unreasonable fear of airplanes. He is challenged to compete with ace pilot Jules Gaillard in a race for Grace Douglas' love. The film climaxes in Street's thrilling victory after his friends vainly attempt to help him duck out of the competition.",https://www.imdb.com/title/tt0014089/?ref_=sr_i_447
448. La reina mora,1923,,,,,,,https://www.imdb.com/title/tt0013544/?ref_=sr_i_448
449. Tiefland,1923,1h 7m,,,,,,https://www.imdb.com/title/tt0013676/?ref_=sr_i_449
450. Enemies of Children,1923,1h,,,,,"A street waif of questionable parentage through circumstances is taken into a wealthy home where she is adopted and cared for until her marriage, which follows the successful attempt to expose the mystery of her birth.",https://www.imdb.com/title/tt0014020/?ref_=sr_i_450
451. Speed King,1923,,,,,,"Jimmy Martin, king of the motorcycle speedsters, visits the Kingdom of Mandavia for a race. There he is persuaded to impersonate the king by a traitor, Rodolph D'Henri, who intends to annex part of Mandavia for neighboring Selmarnia. The real king is in jail. D'Henri's plot is successful until Martin falls in love with Princess Margaret of Alvernia. Then he discloses his true identity, releases the real king, exposes the traitor, earns knighthood, and marries Margaret.",https://www.imdb.com/title/tt0166357/?ref_=sr_i_451
452. The Scarlet Lily,1923,1h,,,,,"Dora Mason--homeless, jobless, and without funds--accepts the hospitality of Jessup Barnes, a married man, when offers the use of his apartment for the care of her dying sister while he is away. Jessup returns unexpectedly, with Mrs. Barnes and her private detective in pursuit. After being named as co-respondent in the ensuing divorce, Dora flees to a country retreat. There she falls in love with attorney Lawson Dean, and they marry following the death of Dora's sister. Later, Lawson runs for district attorney against Jessup, but his chances of winning are nearly ruined when members of the opposition recognize Dora. Compelled to establish her innocence, Dora successfully acquits herself, forces Jessup to withdraw from the campaign, and ensures her husband's victory.",https://www.imdb.com/title/tt0014442/?ref_=sr_i_452
453. The Countess of Paris,1923,50m,,,,,,https://www.imdb.com/title/tt0013207/?ref_=sr_i_453
454. The Red Warning,1923,50m,Passed,,,,"After his cattle are stolen by rustlers, David Ainslee searches the desert for a lost gold mine to pay off a loan on his ranch and rescue his daughter, Louise, from ruffian Tom Jeffries. He is later found near death by prospectors Phillip Haver and Toby Jones, who continue his search with the promise that the gold will be used to save his ranch. After Toby Jones locates the mine, he and Philip defeat Jeffries, expose him as a cattle thief, and rescue Louise.",https://www.imdb.com/title/tt0014400/?ref_=sr_i_454
455. Brass Commandments,1923,50m,,,,,"Stephen ""Flash"" Lanning returns from the east to help a sheriff out west rid the town of cattle rustlers. He falls for a pretty hotel clerk named Gloria Hallowell, but she believes he in love with Ellen Bosworth, a woman from the east. Ellen discovers that a friend of hers, Clearwater, is a cattle rustler. She informs Lanning. Campan, head of the cattle rustlers, kidnaps Gloria and Ellen and takes them into the desert. They are caught in a sandstorm, but Lanning rescues the two women and leaves Campan. Gloria marries Lanning.",https://www.imdb.com/title/tt0013888/?ref_=sr_i_455
456. The Seventh Sheriff,1923,,,,,,"The town of Seely Flats has the reputation of permitting its sheriff to live about a month; the bad men of the town at the expiration of that period removing him by one means or another. Nobody will accept the job until Jack Rockwell, an adventurer seeking excitement, volunteers. The gang sets out after him and the adventurer gets all the excitement he wants. He triumphs, however, is hailed as a hero, and gets the girl.",https://www.imdb.com/title/tt0163212/?ref_=sr_i_456
457. Snowdrift,1923,50m,Passed,,,,"Renegade mining engineer Carter Brent loses his money gambling in the Yukon. He falls in love with Snowdrift, a reputed ""half-breed"" who is actually a Caucasian orphan reared by a Native American woman. Carter is regenerated through his association with Snowdrift and eventually rescues her from the dance hall manager who has made her a prisoner.",https://www.imdb.com/title/tt0014488/?ref_=sr_i_457
"458. The Loves of Mary, Queen of Scots",1923,,,,,,The Dauphin's widow weds a lord and is executed for plotting against the queen.,https://www.imdb.com/title/tt0014225/?ref_=sr_i_458
459. The Eagle's Feather,1923,1h 10m,,,,,"Hardy ranch owner Delia Jamieson hires John Trent as her foreman after he befriends her niece Martha. Jeff Carey, jealous of Trent's friendship with Martha, plants some stolen gold in his room and reveals this act to Delia, who visits Trent privately. Trent tries to tell Delia of his love for Martha, but she misunderstands him, thinking he is in love with her. When Delia does understand, however, she sends Martha away and orders the boys to whip Trent. She repents in time, sacrificing herself for her niece's happiness.",https://www.imdb.com/title/tt0014010/?ref_=sr_i_459
460. The Woman with Four Faces,1923,1h,,,,,"Reformed criminal Elizabeth West, works in cooperation with District Attorney Richard Templer to convict a gang of criminals suspected of running a dope ring. Miss West catches the criminals and finds that she has fallen in love with the district attorney.",https://www.imdb.com/title/tt0014621/?ref_=sr_i_460
461. The World's Applause,1923,1h 20m,,,,,"Corinne d'Alys (Bebe Daniels) a Broadway star, turns a deaf ear to producer John Elliott's (Lewis Stone) warnings to be more cautious in her craving for the world's applause. She accepts the attentions of artist Robert Townsend (Adolphe Menjou), who is married to John's sister. Elsa Townsend (Kathlyn Williams) accidentally stabs her husband in her anger but doesn't confess to the crime until John is about to be arrested and Corinne has gained much notoriety. With their names cleared Corinne and John find happiness.",https://www.imdb.com/title/tt0014626/?ref_=sr_i_461
462. The Midnight Guest,1923,50m,,,,,Girl crook is befriended by a wealthy man. His cynical friend scoffs at his attempt to reform her. The cynic is shot by girl's former accomplice. Her effort to save him wins the cynic's love.,https://www.imdb.com/title/tt0014274/?ref_=sr_i_462
463. Das Geheimnis von Brinkenhof,1923,,,,,,,https://www.imdb.com/title/tt0014075/?ref_=sr_i_463
464. The Village Shoemakers,1923,1h 23m,,5.9,96,,Rural comedy of the intrigues and stratagems involving a country wedding.,https://www.imdb.com/title/tt0014323/?ref_=sr_i_464
465. A Chapter in Her Life,1923,1h 3m,,5.7,62,,"Jewel stays with her grizzled, angry grandfather while her parents are overseas on business. Family squabbling is brought to heel through love and understanding from Jewel's pure love for others and trust in Divine Love",https://www.imdb.com/title/tt0013917/?ref_=sr_i_465
466. The School for Scandal,1923,,,6.5,25,,An uncle poses as a usurer to learn which nephew deserves his fortune.,https://www.imdb.com/title/tt0014449/?ref_=sr_i_466
467. The Mystery of Dr. Fu Manchu,1923,,,7.0,17,,"A killer kitty with poison-tipped claws, giant noxious mushrooms and aphonia-inducing flowers are just some of the challenges faced by Sir Denis Nayland Smith and Dr Petrie in their battles against arch-villain Fu Manchu.",https://www.imdb.com/title/tt1112864/?ref_=sr_i_467
468. Rivalen,1923,1h 41m,,5.8,31,,Harry has to rescue the beautiful daughter of an inventor from the clutches of a madman and makes unpleasant encounters with sparking robots and mysterious submarines.,https://www.imdb.com/title/tt0461568/?ref_=sr_i_468
469. Kiz Kulesinde Bir Facia,1923,,,6.5,18,,"A man and his son work together as officers in a lighthouse in Istanbul. The son is bitten by a dog before his duty and as time passes by, he begins to behave strange and in the meantime women at the home begin to worry about this man and his son since the light of lighthouse is not turned on.",https://www.imdb.com/title/tt0256859/?ref_=sr_i_469
470. It Happened Out West,1923,50m,Passed,6.8,17,,The foreman of a cattle-ranch located on the Texas-Mexico border is the leader of a gang of alien-smugglers bringing Chinese immigrants illegally into the United States. An under-cover Texas Ranger is sent to investigate.,https://www.imdb.com/title/tt0014159/?ref_=sr_i_470
471. Trimmed in Scarlet,1923,50m,Passed,5.7,13,,"Disapproving of the loose woman her father has married, Faith Ebbing leaves home and goes to work, but she later steals $5,000 in Liberty Bonds to pay off Duroc, a blackmailer threatening her mother, Cordelia Ebbing. Cordelia, who left her husband many years earlier and has been touring the Continent, compromises herself to replace the money Faith stole. Eventually there are explanations, and Cordelia is reunited with Revere Wayne, a former admirer.",https://www.imdb.com/title/tt0014563/?ref_=sr_i_471
472. Lederstrumpf,1923,59m,,4.5,19,,"This silent film tells the story of Deerslayer who, adopted and raised by a tribe of Delaware Indians in 1740, encounters life and all its mysteries.",https://www.imdb.com/title/tt0014193/?ref_=sr_i_472
473. La porteuse de pain,1923,,,6.2,8,,,https://www.imdb.com/title/tt0159667/?ref_=sr_i_473
474. Dark Secrets,1923,1h,,3.6,31,,"Long Island socialite Ruth Rutherford, crippled as a result of being thrown from a horse, breaks her engagement to Lord Wallington. Dejected, Wallie returns to his regiment in Egypt and sinks into dissipation. Ruth hears of his plight and also goes to Egypt, where she meets Dr. Mohammed Ali. Ali cures her lameness in return for Ruth's agreeing to become his wife, but Biskra, Ruth's servant, kills Ali before he can collect. Even from death Ali's power over Ruth returns her to her wheelchair until she jumps up to save Wallington from an attack feigned by Biskra.",https://www.imdb.com/title/tt0013051/?ref_=sr_i_474
475. La piccola parrocchia,1923,1h 38m,,5.6,8,,"The life of the young orphan Lidia is ruined by Mrs Fénigan, mother of her husband Riccardo, who forces her into a quasi-monastic existence. When Lidia meets Charlexis, son of the princely Dauvergues family, she is invited to their castle.",https://www.imdb.com/title/tt0215057/?ref_=sr_i_475
476. The Voice from the Minaret,1923,1h 10m,,4.6,7,,"Lord Carlyle, governor of an Indian province, a ruthless type of a man, attracted by Adrienne's beauty, makes her his wife, but does not win her love. Andrew Fabian, studying for the ministry, comes to India. After a scene involving Carlyle and another woman Adrienne leaves him. She and Fabian meet aboard ship and he persuades her to join a pilgrimage to Damascus, where they learn to love each other. Called back to reality by the voice form the minaret, Adrienne returns to her husband and they soon go back to England. Fabian becomes minister of a church in London. They meet again. Carlyle, suspicious, arranges a ruse and learns the truth. As he is about to denounce Fabian an attack of an old malady kills him, and the lovers find happiness. - Moving Picture World 1923.",https://www.imdb.com/title/tt0014583/?ref_=sr_i_476
477. Shifting Sands,1923,1h,,1.5,17,,In Tripoli a man has amnesia after being attacked by his wife's lover and saves an artist's daughter from Arabs.,https://www.imdb.com/title/tt0014462/?ref_=sr_i_477
478. Grumpy,1923,1h,,,,,"Andrew Bullivant, a retired lawyer known as ""Grumpy"" for his irascibility, calls on all his experience and powers of deduction to expose Chamberlin Jarvis as the thief of a valuable diamond being transported by Ernest Heron. A gardenia is the clue; and Virginia Bullivant, Ernest's sweetheart, is Jarvis' unwitting dupe.",https://www.imdb.com/title/tt0014103/?ref_=sr_i_478
479. Awantury milosne panny D.,1923,,,,,,,https://www.imdb.com/title/tt1037698/?ref_=sr_i_479
480. The Forbidden Lover,1923,Passed,,,,,Yankee sea captain lands on the coast during the old Spanish days to trade with the ranch owners. He meets a girl who is betrothed to a man she loathes. After a series of adventures and narrow escapes he shows up the unscrupulous ranch owner and wins the girl.,https://www.imdb.com/title/tt0014055/?ref_=sr_i_480
481. Prehistoric Hayseeds,1923,,,,,,"Mum and Day Hayseed are visited by an archaeologist, Owen Osborne, looking for signs of prehistoric people. They go through a cave and discover a secret valley which is home to a lost tribe.",https://www.imdb.com/title/tt0337050/?ref_=sr_i_481
482. Shell Shocked Sammy,1923,50m,,,,,,https://www.imdb.com/title/tt0163829/?ref_=sr_i_482
483. As a Man Lives,1923,1h,Passed,,,,"Sherry Mason, the playboy son of wealthy parents, lives a life of self-indulgence until he meets Nadia Meredith, the daughter of a poor bookseller. Smitten with her, he asks her to marry him but she refuses, detecting an evil streak hidden beneath his surface. He heads to Paris with his father's crooked business partner, where they get mixed up in a murder and Mason must flee back to the US, where he once again runs into Nadia under an entirely different set of circumstances.",https://www.imdb.com/title/tt0013840/?ref_=sr_i_483
484. Guru Dronacharya,1923,,,,,,,https://www.imdb.com/title/tt0253117/?ref_=sr_i_484
485. João da Mata,1923,1h 30m,,,,,"""João da Mata"" is the most important Brazilian movie of the ""Ciclo de Campinas"". The story questions the theme of land and Agrarian Reform in Brazil, and shows the landowners (pejoratively called ""coronéis"" in Portuguese) as brutal and unfair men. Unfortunately this movie is destroyed and there are only fragments. This film was so important that entrepreneurs of Campinas invested lots of money in studios, equipment and experienced professionals, in the first experience of Cinema in Brazil.",https://www.imdb.com/title/tt0335216/?ref_=sr_i_485
486. Deceit,1923,,,,,,,https://www.imdb.com/title/tt0013980/?ref_=sr_i_486
487. McGuire of the Mounted,1923,50m,,,,,"Bob McGuire, Royal Northwest Mounted officer trailing a ring of opium smugglers, suspects gambling house proprietor Big Bill Lusk. Lusk's plan is to frame McGuire by drugging him and marrying him to Katie Peck, a dance hall girl who knows the plot. McGuire's superior officer is killed, and McGuire is accused of the murder; but Katie, who has fallen in love with McGuire, discloses that Lusk is the murderer and exposes the smugglers' plot.",https://www.imdb.com/title/tt0014265/?ref_=sr_i_487
488. Lucros... Ilícitos,1923,1h 22m,,,,,"Frankly, the Jewish banker Carlos Gold manages to transform into his criminal instrument a certain adventurer, who had tried to steal it after losing, in a gambling house, all the money he had.",https://www.imdb.com/title/tt0014230/?ref_=sr_i_488
489. Para toda la vida,1923,,,,,,,https://www.imdb.com/title/tt0014348/?ref_=sr_i_489
490. The Lights of London,1923,,,,,,"An heir, framed by his cousin for killing his father, breaks jail and saves his wife from a fire.",https://www.imdb.com/title/tt0304334/?ref_=sr_i_490
491. Pömperly's Kampf mit dem Schneeschuh,1923,,,,,,,https://www.imdb.com/title/tt0013503/?ref_=sr_i_491
492. Stepping Fast,1923,50m,,,,,"A young ranch man is captured by criminals because he possesses the secret of the location of a gold mine in the Arizona desert. After being thrown into San Francisco Bay, he is picked up by a tramp steamer and forced to work his way to China, where he again meets the gang. With the aid of some American sailors, Mix and the daughter of the scientist who discovered the mine fight their way out of a Chinese den and start back to the States, where they succeed in getting the treasure.",https://www.imdb.com/title/tt0014511/?ref_=sr_i_492
493. Sofrer Para Gozar,1923,,,,,,,https://www.imdb.com/title/tt0194388/?ref_=sr_i_493
494. Lawful Larceny,1923,1h,,,,,"During his wife's absence, Andrew Dorsey is snared by Vivian Hepburn, owner of a crooked gambling house, and her silent partner, Guy Tarlow. Dorsey loses so much money that Vivian persuades him to give her one of his firm's checks for a large sum of money. Hearing her husband's confession, Marion Dorsey, returned from Europe, determines to retrieve the check. She disguises herself as a wealthy widow, vamps Tarlow, and persuades him to rob Vivian's safe and elope. Marion then steals the contents of the safe and later returns everything to the irate Vivian except the check and the money her husband lost.",https://www.imdb.com/title/tt0014190/?ref_=sr_i_494
495. Omitsu to Seizaburo,1923,,,,,,,https://www.imdb.com/title/tt3753392/?ref_=sr_i_495
496. Fashion Row,1923,1h 10m,,,,,"Two peasant sisters flee Russia during the revolution and sail to America. One, Olga Farinova (Mae Murray), masquerades as a princess, becomes a noted actress, and marries a millionaire's son. Olga repudiates her sister, Zita (Mae Murray), who has no illusions about her past life or present poverty. When Olga is shot by Kaminoff (Elmo Lincoln), a rejected suitor, Zita is adopted into the husband's family.",https://www.imdb.com/title/tt0014037/?ref_=sr_i_496
497. Aa mujô - Dai nihen: Shichô no maki,1923,,,,,,,https://www.imdb.com/title/tt0848215/?ref_=sr_i_497
498. Réhabilitée,1923,,,,,,,https://www.imdb.com/title/tt0189060/?ref_=sr_i_498
499. The Meanest Man in the World,1923,1h,Passed,,,,Bert Lytell is a kind lawyer who decides to get tough after losing all his clients but he discovers it's not that easy to be mean.,https://www.imdb.com/title/tt0014266/?ref_=sr_i_499
500. St. Elmo,1923,,,,,,A widow's son kills his clerical rival in a duel and becomes possessed by the devil.,https://www.imdb.com/title/tt0196971/?ref_=sr_i_500
501. The Santa Fe Trail,1923,Passed,,,,,,https://www.imdb.com/title/tt0014433/?ref_=sr_i_501
502. The Six-Fifty,1923,50m,,,,,The young wife of a farmer is bored with the drudgery of country life and longs for the excitement of the city.,https://www.imdb.com/title/tt0014479/?ref_=sr_i_502
503. Palicova dcera,1923,45m,,,,,,https://www.imdb.com/title/tt1087634/?ref_=sr_i_503
504. Tatjana,1923,,,,,,A story of desire and deception during the Bolshevik uprising in Russia. Count Schuwaloff found dead. His wife's letter will explain all as the film delves into the characters' past through flashback.,https://www.imdb.com/title/tt0438483/?ref_=sr_i_504
505. Seishun no yumeji,1923,,,,,,,https://www.imdb.com/title/tt0014456/?ref_=sr_i_505
506. The Ghost Patrol,1923,50m,,,,,"Policeman Donald Patrick ""Don"" Dorgan is assigned to a tough neighborhood, known as ""Little Hell,"" where his humanitarian approach to law enforcement wins the love and respect of the residents. Terry Rafferty, a young idler, falls in love with Effie Kugler, but despite his efforts at respectability and the entreaties of Officer Don, her father, Rudolph, refuses to permit their marriage. In a fit of despair, Terry turns to drink, resulting in his assault on a political boss and a prison sentence. Although Don is forced into retirement, he becomes known as ""The Ghost Patrol,"" walking his beat and keeping the peace, unnoticed by his brutal replacement. Immediately after Terry is released from prison, Don brings Terry home and reunites him with Effie, who has chosen to defy her father. Meanwhile, Police Commissioner Manning learns of Don's activities and reinstates him as a police captain. At Christmas, Don persuades Rudolph to accept his daughter's marriage to Terry, and all ends happily.",https://www.imdb.com/title/tt0014080/?ref_=sr_i_506
507. The Glimpses of the Moon,1923,1h 10m,,,,,"Although Susan Branch is herself without finances, she has many wealthy friends who supply her with clothes and gay times. She is in love with struggling author Nick Lansing, who also attracts the interests of Susan's chief patron, Ursula Gillow, and is persuaded by Ellie Vanderlyn to marry him for at least a year's happiness. Their marriage falls apart when their wedding gifts are spent; they become involved with the Vanderlyns' domestic affairs; and Ursula decides she wants Nick for herself. However, the lawyer handling the Lansings' divorce proceedings brings them back together, and Nick sells his novel.",https://www.imdb.com/title/tt0014086/?ref_=sr_i_507
508. The Tango Cavalier,1923,50m,,,,,"Don Lawson, alias Don Armingo, is a member of the Secret Service who joins a group of smugglers at the Mexican border. As Don is about to make an arrest, the smugglers take flight, kidnapping his sweetheart, Doris Pomeroy, but Carmelita, a tango dancer in love with Don but in league with the smugglers, releases him. However, he rejects her amorous advances, and is forced to escape. Following Doris and her kidnappers in his airplane, he circles above the getaway car and plucks her from the tonneau cover just as it speeds over an embankment.",https://www.imdb.com/title/tt0014526/?ref_=sr_i_508
509. The Social Code,1923,50m,,,,,A young girl saves her lover from the electric chair and at the same time extricates her older sister from a trying situation.,https://www.imdb.com/title/tt0014490/?ref_=sr_i_509
510. Irene d'Or,1923,,,,,,,https://www.imdb.com/title/tt0472381/?ref_=sr_i_510
511. Mile-a-Minute Romeo,1923,1h,,,,,"Three men, Lucky Bill (Tom Mix), Landry (J. Gordon Russell), and Morgan (Jim Mason) are in love with the same girl, pretty Molly (Betty Jewel). Lucky Bill finally wins her with his skillful horsemanship and dogged determination.",https://www.imdb.com/title/tt0014278/?ref_=sr_i_511
512. Times Have Changed,1923,50m,,,,,"Mark O'Rell is sent to New York by his wife's Aunt Cordelia to recover a valuable quilt. In the city he finds the quilt, discovers that it conceals stolen jewels, and in consequence is pursued by both police and thieves. Police catch the thieves, Mark gets the quilt, and he returns home safely.",https://www.imdb.com/title/tt0014550/?ref_=sr_i_512
513. The Sunshine Trail,1923,50m,,,,,"War veteran James Henry ""Jimmy"" MacTavish returns to his hometown in the West to see his childhood sweetheart, June Carpenter. Despite his penchant for doing good deeds, Jimmy soon finds himself robbed of his clothes and money, and accused of kidnapping a child. Because the townspeople believe he was killed in the war, Jimmy is then jailed as an impostor, while others attempt to claim his inheritance. Jimmy's identity is ultimately verified, the townspeople give him a hero's welcome, and he is reunited with June.",https://www.imdb.com/title/tt0013647/?ref_=sr_i_513
514. The Steadfast Heart,1923,1h 10m,,,,,"Young Angus Burke accidentally shoots the sheriff, who is leading a posse to get the boy's father, a thief. Angus' mother dies, and he is taken to trial alone. Found not guilty, he is given a job with the local newspaper office. He leaves when several citizens object to his presence--to return several years later. He takes over the newspaper and saves the townspeople from a gang of crooks.",https://www.imdb.com/title/tt0014507/?ref_=sr_i_514
515. The Old Fool,1923,1h,,,,,"Rejected by his son, the old veteran finds a home with his grandson.",https://www.imdb.com/title/tt0014326/?ref_=sr_i_515
516. Soft Boiled,1923,1h 20m,Passed,,,,"John Steele (Frank Beal), a rich uncle, threatens to disinherit his nephew, Tom Steele (Tom Mix), unless the latter learns to curb his violent temper. Tom is put on a 30-day trial and must resist all temptation to get mad or fight back no matter how provoked. And he is easily provoked, especially when called a lavender sissy-boy.",https://www.imdb.com/title/tt0014491/?ref_=sr_i_516
517. La brèche d'enfer,1923,,,,,,,https://www.imdb.com/title/tt0477584/?ref_=sr_i_517
518. The Drums of Jeopardy,1923,1h 10m,Passed,,,,"Grand Duke Alexis of Russia possesses two priceless emeralds, known as the Drums of Jeopardy, which allegedly exert a sinister power over their owner. They are willed to the duke's private secretary, Jerome Hawksley, who brings them to New York City and places them in the care of Banker Burrows. Bolshevik secret agent Gregor Karlov steals the jewels, kills Burrows, and kidnaps Jerome. The banker's daughter, Dorothy Burrows, assisted by Cutty, a member of the U.S. Secret Service, trail Karlov to a café and he is killed in the ensuing battle. Jerome recovers the jewels, and he marries Dorothy.",https://www.imdb.com/title/tt0014007/?ref_=sr_i_518
519. Maciste e la figlia del re dell'argento,1923,,,,,,,https://www.imdb.com/title/tt0013351/?ref_=sr_i_519
520. The Love Piker,1923,1h 10m,,,,,"Arrested for speeding in her roadster, Hope Warner, a wealthy young woman, meets and is aided by Martin Van Huisen, a young civil engineer who has made his way in the world by sheer force of character, despite the handicap of early poverty. Later, Martin is instrumental in saving Hope's life and the friendship between the two ripens into love. They become engaged but the girl's loyalty to her lover is put to a severe test when he takes her to visit his father, old Peter Van Huisen, who lives in the tenements, where he has spent all his life and will not leave. When Hope sends out invitations for her wedding, her snobbish training asserts itself and she tears up the one intended for the elder Van Huisen. On the wedding morning she is troubled with remorse for her action and by the time she is attired in bridal costume, experiences a revulsion of feeling. She jumps into an auto and hurries to old Peter, confesses her fault, brings him back with her and is married.",https://www.imdb.com/title/tt0014219/?ref_=sr_i_520
521. Maciste und der Sträfling Nr. 51,1923,,,,,,,https://www.imdb.com/title/tt1411889/?ref_=sr_i_521
522. The Self-Made Wife,1923,50m,,,,,"Tim Godwin and his wife Corrie are living in poverty when Tim's oil well strikes it rich. He soon works his way to the top of the social scale, but Corrie doesn't change at all--she stays a dour, drab woman with no social skills whatsoever. Tim gets so embarrassed by her that he hires a ""social secretary"" for her to teach her how to function in the social strata in which they find themselves.",https://www.imdb.com/title/tt0014457/?ref_=sr_i_522
523. This Freedom,1923,1h 10m,,,,,A cleric's daughter marries but stays in business so that her neglected children grow up perverted.,https://www.imdb.com/title/tt0015401/?ref_=sr_i_523
524. Jigokû no butô,1923,,,,,,,https://www.imdb.com/title/tt4631606/?ref_=sr_i_524
525. Sawdust,1923,50m,,7.1,57,,"Nita Moore (Gladys Walton), a circus performer, is mistreated by the ringmaster and runs away to join an old couple who are persuaded that Nita is their long lost daughter. Phillip Lessoway (Niles Welch), the couple's lawyer, falls in love with Nita, but after a quarrel he discovers and reveals to the adoptive parents that Nita is an impostor. Nita attempts suicide but is saved from a watery grave by Lessoway.",https://www.imdb.com/title/tt0014439/?ref_=sr_i_525
526. Comin' Thro' the Rye,1923,1h 28m,,8.0,42,,A jealous girl breaks up a friend's engagement with a fake wedding announcement.,https://www.imdb.com/title/tt0231379/?ref_=sr_i_526
527. Red Lights,1923,1h 10m,,6.2,32,,"The wealthy owner of a railroad is about to be reunited with his daughter, who was kidnapped in her childhood. However, a mysterious figure is attempting to frighten the girl away by having sinister and threatening messages flashed at her via red lights. A detective whose specialty is preventing crimes before they occur sets out to track down the villain, which in turns gets him mixed up in a murder aboard a speeding train.",https://www.imdb.com/title/tt0014398/?ref_=sr_i_527
528. Plunder,1923,,,8.5,17,,"Various groups of people, both well-intentioned and otherwise, search for a buried treasure that is buried underneath a skyscraper.",https://www.imdb.com/title/tt0014365/?ref_=sr_i_528
529. Desert Rider,1923,57m,,5.1,38,,"Kincade shoots Baird and takes the map to his gold mine. Sutherland finds the dying Baird who tells him the mine's location. Kincade, having lost the map, now goes after the gold Sutherland has taken out of the mine.",https://www.imdb.com/title/tt0013984/?ref_=sr_i_529
530. Rautakylän vanha parooni,1923,1h 19m,,5.3,30,,"In the winter of 1838 surprise guests arrive at the manor house of Rautakylä, inhabited by the elderly Baron Magnus Drakenhjelm and the story takes us back fifty years to the court of Gustav III in Stockholm.",https://www.imdb.com/title/tt0138736/?ref_=sr_i_530
531. Pioneer Trails,1923,1h 10m,,5.3,31,,"Jack is orphaned as a young child when his wagon train is ambushed by Indians. Twenty years later, he rescues Rose from a runaway stagecoach. The two fall in love, much to the displeasure of Blaney, who later frames Jack for murder.",https://www.imdb.com/title/tt0014359/?ref_=sr_i_531
532. Guy Fawkes,1923,,,6.6,21,,Papists hire a Dutchman to blow up Parliament in revenge for an anti-Catholic decree.,https://www.imdb.com/title/tt0297157/?ref_=sr_i_532
533. Second Fiddle,1923,,,6.0,17,,"Jim, a boy who has always played second fiddle to his elder brother, Herbert, gets a chance to be a hero when, to protect his mother and sweetheart, Polly, he holds a murderer at bay with an unloaded shotgun. (Herbert took the shells when he went for help.) Eventually Jim faints, and Cragg, the killer, overpowers him. Simultaneously, Herbert returns with help; he takes all the credit and makes Jim look like a coward. Later, Jim proves his courage when he saves Polly and overpowers Cragg, now an escaped convict. Herbert bows to Jim and returns to college.",https://www.imdb.com/title/tt0014452/?ref_=sr_i_533
534. M'Lord of the White Road,1923,,,6.0,16,,"A dying lord asks a tramp to pose as him and marry a lady, and he is later accused of killing the lord.",https://www.imdb.com/title/tt0014231/?ref_=sr_i_534
535. A Couple of Down and Outs,1923,,,6.7,16,,"An ex-soldier steals his horse to save it from the battlefield, and becomes a tramp.",https://www.imdb.com/title/tt0013949/?ref_=sr_i_535
536. The Wandering Jew,1923,1h 20m,,6.6,16,,"A cursed Jew lived through the Crusades, Mediaeval Italy, and dies in the Spanish Inquisition.",https://www.imdb.com/title/tt0014588/?ref_=sr_i_536
"537. $1,000 Reward",1923,,,6.0,15,,,https://www.imdb.com/title/tt0013811/?ref_=sr_i_537
538. Lille Lise let-paa-taa,1923,1h 51m,,6.1,13,,,https://www.imdb.com/title/tt0125370/?ref_=sr_i_538
539. The Run-Away Bride,1923,1h 45m,,6.2,12,,"Late one evening, Pat and Patachon are at a bar where they strike up a conversation with a young, mournful man. His name is Per Hammer, and the three quickly become firm friends. The next morning, the vagabonds' temporary home - a moving van - is set in motion, and before they know it, they find themselves amidst the snow-clad mountains of Norway. Here they stumble upon a female skier who has swooned in the snow. They save her from freezing to death by taking her to an abandoned ski cabin, which happily proves to be amply supplied with firewood, canned goods and alcohol. The woman turns out to be Per Hammer's girlfriend Ellen, who has been taken to Norway against her will because her father wants her to marry a Mr Ludvigsen. Ever eager to help, Pat and Patachon send a telegraphed message to their new friend so he can be reunited with his love.",https://www.imdb.com/title/tt0125588/?ref_=sr_i_539
540. Daytime Wives,1923,1h 10m,,5.8,15,,"Ruth Holt is private secretary to Elwood Adams, a young architect. She is just the opposite to Adams' wife, who is indolent and a spendthrift, to which faults Adams, in his love for her, is blind. A lounge lizard with whom Mrs. Adams is friendly fans a jealous flame against Ruth. In a business crisis Ruth is introduced by Adams as his wife to Amos Martin, a banker. The lounge lizard informs Mrs. Adams and she denounces Ruth. A series of complicated events follow, terminating in Ruth reuniting the Adams couple and marrying the banker.",https://www.imdb.com/title/tt0013978/?ref_=sr_i_540
541. Itching Palms,1923,1h,,5.2,13,,The search is on for a bank robber's hidden stash in a house they all say is haunted.,https://www.imdb.com/title/tt0014160/?ref_=sr_i_541
542. Around the World in Eighteen Days,1923,Passed,,4.8,19,,"The adventures of Phineas Fogg the 3rd, grandson of the famous globe trotter of Jules Verne fame, in his effort to go around the world in 18 days to get proxies from widely scattered stockholders of an international fuel company, which is headed by Fogg's sweetheart's father. Unless Fogg obtains the proxies in time, Brenton, the vice-president, will seize control of the company at the next Board meeting which occurs on the 19th. It is then the first of the month. Brenton wagers Fogg $100,000 that he cannot make the trip in time.",https://www.imdb.com/title/tt0013839/?ref_=sr_i_542
543. Fridericus Rex - 4. Teil: Schicksalswende,1923,,,5.7,9,,Part 4 of a four part series of biographical films about the Friedrich II of Prussia shows the king as the man who leads the Prussian army to the ultimate victory in the seven-years-war.,https://www.imdb.com/title/tt1407203/?ref_=sr_i_543
544. Second Hand Love,1923,50m,,3.8,19,,"Tinker Andy Hanks rescues mistreated Angela Trent, first from her bootlegger husband and then from an unwanted suitor, Seth Poggins, the town miser.",https://www.imdb.com/title/tt0014453/?ref_=sr_i_544
545. To the Ladies,1923,1h,,2.5,17,,"Beebe, Baker, and Mullin, three clerks in a piano-manufacturing concern, vie for the position of factory manager. Baker, aware that the president's wife, Mrs. Kincaid, makes all the important decisions, becomes first choice by currying favor. Later, however, Mrs. Kincaid, impressed with Beebe's wife's intelligence, chooses Beebe.",https://www.imdb.com/title/tt0014552/?ref_=sr_i_545
546. The Rip-Tide,1923,Passed,,1.9,20,,"When he left for India, she was sweet, shy and unspoiled. He returned to find a woman of the world - cynical, brilliant and hard. What had brought about this change? Perhaps it was Count Boris Voronsky, a man who was absolutely unscrupulous and had a soul that knew naught but evil. And yet two women loved him tenderly, faithfully and devotedly. And when, pallid and trembling, he cringed before his impending doom, both women strove to help him avert the fate that was rightfully his.",https://www.imdb.com/title/tt0156966/?ref_=sr_i_546
547. Bozyszcze. W sidlach uwodziciela,1923,,,,,,,https://www.imdb.com/title/tt0149947/?ref_=sr_i_547
548. Canyon of the Fools,1923,1h,,,,,"Bob goes west in search of the man who framed him. On the train he meets his former sweetheart, May, who is now engaged to Jim Harper, and learns that they are on their way to a mining camp near Canyon of the Fools. Agreeing to help the sheriff capture some bandits, Bob goes into a mine cave in which some gold has been hidden. He discovers Jim Harper to be the man he has sought, and after many adventures he rescues May and rounds up the gang. He is rewarded with May's love and the gold.",https://www.imdb.com/title/tt0013911/?ref_=sr_i_548
549. Marriage Morals,1923,1h 10m,,,,,"Harry Ryan, a wealthy spendthrift, falls in love with Mary Gardner, a beauty shop employee, and marries her. Mary, discouraged because she is unable to cure Ryan of his dissolute ways, leaves him. She returns after a change of heart to find her husband bedridden and despondent. At the moment of reconciliation it is revealed that in reality Mary, unattached, was only dreaming, as the result of reading a book entitled Marriage Morals, by J. C. Black.",https://www.imdb.com/title/tt0014260/?ref_=sr_i_549
550. Augusto Aníbal Quer Casar,1923,,,,,,,https://www.imdb.com/title/tt0179655/?ref_=sr_i_550
551. L'affaire Blaireau,1923,,,,,,,https://www.imdb.com/title/tt0196314/?ref_=sr_i_551
552. Madness of Youth,1923,50m,,,,,"After eluding authorities, Jaca Javalie goes to the home of wealthy Theodore Banning, where he professes to be a man of magic who learned his skills in India. He demonstrates his ability by bringing peace to the Banning home. In actuality, he plans to rob Banning's private vault. When he tries to commit the robbery, he is stopped by a guest who promises to say nothing in exchange for a portion of the loot. Javalie makes another attempt to break into the vault, but the same power that he had exerted over the Banning family compels him to stop. He confesses what he had planned to do and wins the hand of Banning's daughter Nanette.",https://www.imdb.com/title/tt0014235/?ref_=sr_i_552
"553. Sarati, le terrible",1923,,,,,,,https://www.imdb.com/title/tt0014435/?ref_=sr_i_553
554. Daisy. Das Abenteuer einer Lady,1923,,,,,,,https://www.imdb.com/title/tt0489012/?ref_=sr_i_554
555. La gerla di papà Martin,1923,1h 16m,,,,,"An elderly couple, Papa Martin and his wife Genovieffa, have a son, Armando, and a goddaughter, Amelia. When they both return home at the end of their studies to celebrate Armando's law degree, Papa Martin is confronted by Charençon, Armando and Feliciano's neighbor and loan shark, who not only demands repayment of his money, but also reveals that Armando's degree is fake.",https://www.imdb.com/title/tt1070774/?ref_=sr_i_555
556. The Girl I Loved,1923,1h,,,,,"John Middleton is distressed to learn that his family is taking in an orphan girl named Mary. He turns aside all her attempts to befriend him. But with the passage of time, John discovers (long after everyone else has) that he loves Mary. But by now it's too late. She plans to marry his friend Willie.",https://www.imdb.com/title/tt0014083/?ref_=sr_i_556
557. Chichi to tsumi,1923,,,,,,,https://www.imdb.com/title/tt4613602/?ref_=sr_i_557
558. Thru the Flames,1923,50m,,,,,"Dan Merrill is discharged from the fire department where he has distinguished himself because he is physically unable to stay in a smoking room. His enemies tell his girl, Mary Fenton, that he is a coward. But he proves his efficiency by trailing a gang of crooks who have been responsible for robberies in which they covered their tracks by starting fires. Once more a hero, he squares himself with the company and with the girl.",https://www.imdb.com/title/tt0170683/?ref_=sr_i_558
"559. Martin Luther, His Life and Time",1923,1h 45m,,,,,"Martin Luther's challenge to the Catholic Church in the early 16th century sparked the Protestant Reformation, reshaping European Christianity and challenging papal authority.",https://www.imdb.com/title/tt1305717/?ref_=sr_i_559
560. King Tut-Ankh-Amen's Eighth Wife,1923,,,,,,,https://www.imdb.com/title/tt0330523/?ref_=sr_i_560
561. The Devil's Bowl,1923,50m,,,,,Whirlwind drama that takes place along the border of Old Mexico in which the reason for the main character not removing his hat is not disclosed until the end of the film.,https://www.imdb.com/title/tt0013987/?ref_=sr_i_561
562. Danger,1923,,,,,,"David Collins, a westerner, in search of a 'silhouette girl' with whom he has fallen in love under mysterious circumstances, is appointed guardian to Nan Higgins, an orphan. He entrusts her to a neighbor, who maltreats her. In his business ventures Dave has run across a gang of crooks who swear to get him and come within an ace of doing so, but for the timely interference of Nan, the conqueror of his heart.",https://www.imdb.com/title/tt0013967/?ref_=sr_i_562
563. The Lion's Mouse,1923,,,,,,A secret society kidnaps a man to force his sister to steal plans.,https://www.imdb.com/title/tt0332210/?ref_=sr_i_563
564. L'espionne,1923,,,,,,,https://www.imdb.com/title/tt0193916/?ref_=sr_i_564
565. Crimson Gold,1923,,,,,,"Circumstances over which he has no control force Larry Crawford to accept a job from Grace Miller, on whom he has previously cast eyes of affection. Grace is the young and beautiful owner of a ranch, Larry a cowpuncher by trade, and the latter is considerably puzzled by the situation into which Fate has thrust him. But eventually he wanders away into the desert and there discovers a lonesome baby which he takes in charge, and after numerous complications ensue, succeeds in procuring a mother and home for the child. He gets mixed up in a scrap over a gold mine and becomes the possessor of an important map. The result of his laudable exertions is that Larry finds himself in the unpleasant position of a perfectly innocent chap whom everyone looks on as a dastardly abductor and all-around scoundrel. But fickle fortune finally changes, his innocence is proved and he wins Grace's esteem and love.",https://www.imdb.com/title/tt0013957/?ref_=sr_i_565
566. A Sereia de Pedra,1923,,,,,,,https://www.imdb.com/title/tt0014459/?ref_=sr_i_566
567. Woman-Proof,1923,1h 20m,,,,,"Tom Rockwood's brother and two sisters attempt to induce him to marry so that they may inherit money left to them by their father. Rockwood, a civil engineer, rescues Louise Halliday, a family friend and ward of Bleech, the Rockwood family lawyer, from a blasting site, and he is so attracted to the girl that he determines to marry her. Bleech attempts to break up the couple because he has nefarious plans for the money, but he fails, and Tom and Louise marry on the last day allotted to them by the will, thereby saving the family fortune.",https://www.imdb.com/title/tt0014625/?ref_=sr_i_567
568. Afterglow,1923,,,,,,"A postmistress saves a swindling bookie by influencing a judge, her ex-lover.",https://www.imdb.com/title/tt0303613/?ref_=sr_i_568
569. The Gentleman from America,1923,50m,,,,,"Two pals in the A. E. F. are given a furlough. With a borrowed dollar they ""clean up"" in a crap game and start for Paris. Instead they land in Cardonia, a principality of Spain. Hero is mistaken for a bandit and falls in love with the prettiest senorita in Cardonia. After a series of exciting adventures he saves the girl from marriage with the villain, finds she is the daughter of the Grand Duke, and becomes assistant ruler of the kingdom. The last seen of hero he is back in camp doing k. p. duty for overstaying his leave.",https://www.imdb.com/title/tt0014078/?ref_=sr_i_569
570. Desire,1923,1h 10m,,,,,"Society children Madalyn Harlan and Bob Elkins separate the day they are to be married. Madalyn marries her chauffeur, Jerry, while Bob falls in love with unsophisticated Ruth Cassell and, after careful consideration, marries her. Madalyn's marriage is unhappy, ending in a double suicide after Madalyn's parents disown her and Jerry's family proves to be lower class.",https://www.imdb.com/title/tt0013985/?ref_=sr_i_570
571. Girl from the West,1923,,,,,,"At an eastern college the girl meets a boy who loves her. But the girl thinks continually of a boy who lives out west. The easterner goes out west and shows his bravery, living down the reputation of tenderfoot and capturing notorious cattle rustlers as well.",https://www.imdb.com/title/tt0133800/?ref_=sr_i_571
572. Maciste und die chinesische Truhe,1923,1h,,,,,,https://www.imdb.com/title/tt0014234/?ref_=sr_i_572
573. The Go-Getter,1923,1h 20m,,,,,"Bill Peck is discharged from an army hospital and goes in search of a job. Cappy Ricks hires Bill, but gives him an seemingly impossible test of finding and buying a particular blue vase to prove he can handle a challenging job in China.",https://www.imdb.com/title/tt0014087/?ref_=sr_i_573
574. Cláudia,1923,1h 14m,,,,,Modern version of the Cinderella story.,https://www.imdb.com/title/tt0013931/?ref_=sr_i_574
575. Er ist Dein Bruder,1923,,,,,,,https://www.imdb.com/title/tt0453660/?ref_=sr_i_575
576. Judith,1923,1h 36m,,,,,"Judith, Count Robert de Bertan's daughter, is on holiday with her friend Louise and her father Marquis Emile de Fers. Meanwhile, banker Charles Delcourt has introduced De Bertan to the owner of a gambling-and-dance hall, Olga Tatschowas. De Bertan, unaware that his banker has lost the capital he gave him to invest at Olga's gambling tables, falls in love with Olga. He marries her, unaware that he is the victim of a plot hatched by Delcourt and Olga, who desires a title and De Bertan's possession. Returning home, Judith is confronted with an avaricious stepmother who, through Delcourt's legal chicanery, has succeeded in gaining everything De Bertan owns. Judith and her father seek refuge in the castle of the Marquis de Fers. There De Bertan dies. And it is there that Judith meets George Delcourt, who falls in love with her. His uncle Charles Delcourt, now bankrupt and ruined by his gambling, commits suicide. Countess Olga lures Judith back home, hoping to deprive her of the inheritance to which she is entitled. But when Olga's forgery of a document is exposed, she flees abroad. George, who has learned from his grandmother Anne about the fraudulent practices of her son, his uncle Charles, hurries back to Judith. In his arms, Judith looks forward to a new and happy life.",https://www.imdb.com/title/tt0014170/?ref_=sr_i_576
577. La cabane d'amour,1923,,,,,,"In the region of Grasse, Norine, a modest young woman, falls under the spell of Marc-Arsène Pierotti, an elegant and ambitious seducer. A passionate romance develops between them, hindered by social differences, manipulation, and convention. Torn between ambition and genuine feeling, Marc-Arsène draws Norine into an unstable relationship, wavering between promises and abandonment. The ""Love Cabin,"" a symbolic refuge for their meetings, becomes the stage for their hopes and disillusionment. Betrayed, humiliated, and separated, Norine endures loneliness and hardship. Years later, fate reunites them at last, calmer and ready to rebuild a sincere love, free from past illusions and ambitions.",https://www.imdb.com/title/tt0764712/?ref_=sr_i_577
578. Townies and Hayseeds,1923,,,,,,"The ""Townies"" spend a month's holiday at the ""Hayseeds"" remote backward farm.",https://www.imdb.com/title/tt0331358/?ref_=sr_i_578
579. The Exiles,1923,50m,Passed,,,,"Finding herself accused of a murder she didn't commit, Alice Carroll flees to Tangier, Morocco. District Attorney Henry Holcombe, meanwhile, has discovered that she is actually innocent and sets out to search for her. He finds her in Tanger, but she is under the influence of the shady Wilhelm von Linke, who owns a seedy gambling den. Complications ensue.",https://www.imdb.com/title/tt0014028/?ref_=sr_i_579
580. En rackarunge,1923,1h 32m,,,,,"About a fun and mischievous little girl, who resembles Pippi Longstocking.",https://www.imdb.com/title/tt0014390/?ref_=sr_i_580
581. The Germ,1923,,,,,,A wealthy young scientist devotes his life to the pursuit of germs.,https://www.imdb.com/title/tt0359315/?ref_=sr_i_581
582. Australia Calls,1923,45m,,,,,,https://www.imdb.com/title/tt0013848/?ref_=sr_i_582
583. Der Liebe Pilgerfahrt,1923,,,,,,,https://www.imdb.com/title/tt0434148/?ref_=sr_i_583
584. En kæreste for meget,1923,,,,,,,https://www.imdb.com/title/tt0126989/?ref_=sr_i_584
585. Does It Pay?,1923,1h 10m,Passed,,,,John Weston leaves his wife and kids to marry adventuress Doris Clark and loses his mind when he realizes his mistake.,https://www.imdb.com/title/tt0013993/?ref_=sr_i_585
586. The Indian Love Lyrics,1923,,,,,,In India a princess poses as a commoner to escape a forced marriage to a prince.,https://www.imdb.com/title/tt0014152/?ref_=sr_i_586
587. Poolse schets,1923,,,,,,,https://www.imdb.com/title/tt0278635/?ref_=sr_i_587
588. Die Prinzessin Suwarin,1923,,,,,,"Two passenger ships dock in the port of Hamburg. Aboard the one is the Russian princess Suwarin, who has fled from the Bolshevik homeland into German exile, while the millionaire Cyrus Proctor disembarks from the other ship. Both passengers have found their accommodation in one and the same hotel. Princess Suwarin must start looking for a job to start earning money. She tries on a film production company, where she meets the movie star Tina Bermonte and falls in love with the auxiliary director Andrej Klipman.",https://www.imdb.com/title/tt0014376/?ref_=sr_i_588
589. Lily of the Alley,1923,,,,,,A coffee stall keeper's wife dreams he goes blind and dies in a fire.,https://www.imdb.com/title/tt0014200/?ref_=sr_i_589
"590. Landru, der Blaubart von Paris",1923,1h 21m,,,,,"The life of Henri-Désiré Landru, French serial killer of around 300 women.",https://www.imdb.com/title/tt0197614/?ref_=sr_i_590
591. Funerais do Glorioso Poeta Guerra Junqueiro,1923,,,,,,,https://www.imdb.com/title/tt0129102/?ref_=sr_i_591
592. Blow Your Own Horn,1923,1h,,,,,"Jack Dunbar, needing a job, meets millionaire Nicholas Small, who gives him advice and presents him as a colleague. Small would like his daughter, Anne, to marry inventor Gillen Jolyon. Dunbar perfects and successfully demonstrates Jolyon's wireless power transmitting device in spite of Small's attempts to sabotage it, and he rescues Anne when she is caught in an electric power fracas caused by her father's villainy. Anne breaks her engagement with Jolyon and marries Dunbar.",https://www.imdb.com/title/tt0013876/?ref_=sr_i_592
593. S.O.S. Die Insel der Tränen,1923,,,,,,,https://www.imdb.com/title/tt0014427/?ref_=sr_i_593
594. His Last Race,1923,1h,,,,,"Carleton goes off to the mountains after failing to win Mary, who fancies herself in love with another whom she marries. Carleton and some newly-found friends establish a health resort to make money and Mary, a widow, after a time brings her small son there to regain his strength. Carleton's enemies plan to get hold of the property and try to steal his horse before the race, but Carleton is too clever for them and succeeds in saving the race, the property and winning Mary.",https://www.imdb.com/title/tt0014135/?ref_=sr_i_594
595. Dollar Devils,1923,,,,,,"When oil is discovered just outside a small New England town, the residents go wild at the prospect of newfound wealth, and they invest their money with the head of the venture, a young man named Bruce Merlin. However, young Jim Biggers, an engineering student, senses that something is not quite right with the project and starts his own investigation into it.",https://www.imdb.com/title/tt0126268/?ref_=sr_i_595
596. The Country Kid,1923,1h,,,,,"Ben Applegate's father dies, leaving he and his brothers Joe and Andy orphans and having to run the family farm. Their Uncle Grimes is their legal guardian, but he's only concerned with getting his hands on the farm. He has Ben declared incompetent and packs off Joe and Andy to an orphanage. When things look darkest for the three boys, help comes from an unexpected source.",https://www.imdb.com/title/tt0013948/?ref_=sr_i_596
597. The Forbidden Range,1923,50m,,,,,A struggle between sheep ranchers and cattle barons in rural Wyoming that try to force the new settlers and family from the area.,https://www.imdb.com/title/tt0127560/?ref_=sr_i_597
598. Sally Bishop,1923,,,,,,A typist threatens to expose her lover when he prosecutes the divorce of a woman he means to marry.,https://www.imdb.com/title/tt0015300/?ref_=sr_i_598
599. Tu ten kámen,1923,1h 4m,,,,,,https://www.imdb.com/title/tt0165519/?ref_=sr_i_599
600. Shootin' for Love,1923,50m,,,,,"When Duke Travis (Hoot Gibson) returns from the war suffering from shell shock and an inordinate fear of guns, his father, a ranch-owner, refuses to accept Duke's disability and considers him a coward. Duke eventually recovers and ends a bitter feud over water rights between his father and neighbor, Bill Randolph.",https://www.imdb.com/title/tt0014464/?ref_=sr_i_600
601. Abat-jour,1923,,,,,,,https://www.imdb.com/title/tt1329098/?ref_=sr_i_601
602. Janne Modig,1923,1h 7m,,,,,Janne Modig lives in Småbacka and makes mischief with his buddy Nisse.,https://www.imdb.com/title/tt0014162/?ref_=sr_i_602
603. Garrison's Finish,1923,1h 20m,,,,,"Jockey Billy Garrison is framed and suspended for throwing a race. Depressed, he goes to a bar and eventually gets into a fight. He loses his memory and is taken to the home of pretty young Sue Desha, who gets him a job as a jockey for her father, Col. Desha. Unfortunately, the man who framed Billy, named Crimmins, finds out he's working for Sue's father and reveals Billy's past to the Colonel. Complications ensue.",https://www.imdb.com/title/tt0014071/?ref_=sr_i_603
604. Kali Cha Narad,1923,,,,,,,https://www.imdb.com/title/tt19264566/?ref_=sr_i_604
605. In the Days of Daniel Boone,1923,,,,,,,https://www.imdb.com/title/tt0014150/?ref_=sr_i_605
606. Zlodziej i dziewczynka,1923,,,,,,,https://www.imdb.com/title/tt0953914/?ref_=sr_i_606
607. Frauenmoral,1923,1h 33m,,,,,,https://www.imdb.com/title/tt0014059/?ref_=sr_i_607
608. Scars of Jealousy,1923,1h 10m,,,,,"When King Louis XV of France sentences Court Cartier de Jacques to the Bastille, friends help him escape and flee the country. Many years later, his descendants, known as Cajuns, have settled in the Alabama hills. Meanwhile, after years of waywardness, Jeff Newland is disinherited by his wealthy father, Colonel Newland, who calls the young man lower than a Cajun and throws him out of the family mansion. Later, the colonel goes into the hills, finds a bright young Cajun named Coddy Jakes, and raises him as his own son. He also introduces him to Helen Meanix, a well-bred lady. However, Coddy is suspected of murder, a victim of a frame up by his real family, and disappears into the hills, where he encounters Jeff Newland and succeeds in making a man of him. When Coddy is captured and about to be lynched, Helen effects his escape, and they find love together after being rescued by Jeff and the colonel from a forest fire.",https://www.imdb.com/title/tt0014445/?ref_=sr_i_608
609. The Devil's Dooryard,1923,50m,,,,,"Paul Stevens accidentally witnesses three thieves hiding money they have stolen. After they leave, Paul takes the money and tries to return it to the rightful owner. Upon discovering that the victim was murdered, Paul looks for his next of kin, M. J. Haley, who is not in town. He sends for the relative and is surprised to find that M. J. stands for Mary Jane, the victim's niece. The thieves attempt to get Paul out of the way, but in a thrilling battle for both Mary Jane's and his own life while trapped in a burning cabin, Paul holds his own until the sheriff arrives, and wins Mary Jane's love.",https://www.imdb.com/title/tt0013988/?ref_=sr_i_609
610. Sister Against Sister,1923,,,,,,"Poverty stricken orphans are found by leader of a gang of petty thieves, who wishes to use them in his undertakings because of their innocence and beauty. One enters the house of a wealthy widower, who recognizes the situation and adopts her, and in after years she is loved by his son. A plot to blackmail the rich man and the foster daughter's attempt to save him brings her face to face with the sister from whom she has been separated, and who is in love with the leader of the gang.",https://www.imdb.com/title/tt0014476/?ref_=sr_i_610
611. Love's Old Sweet Song,1923,1h,,,,,"Things look very bleak for Mrs. Marshall, an invalid whose ownership of a marble quarry depends on the delivery of a certain order to a cathedral. The shipment is ready and awaits only a confirmation of the order; but the awaited letter is being held by Power, a bank cashier who is determined to ruin both Mrs. Marshall and bank president Cooper by falsifying the bank's books. Cooper is jailed; his son, Charles, discovers Power's villainy and has several harrowing experiences in trying to get the marble shipment underway. In the end a tramp (The Wanderer) reveals himself to be a Secret Service agent and arrests Power. Her condition has kept Mrs. Marshall from accepting the love of Mr. Cooper, whose son loves Mrs. Marshall's daughter, Eunice; but now all are reunited, and Mrs. Marshall finds that she can walk.",https://www.imdb.com/title/tt0014222/?ref_=sr_i_611
"612. Money, Money, Money",1923,1h,Passed,,,,"Socially ambitious Priscilla Hobbs persuades her father, George C. Hobbs, to borrow a large sum of money from snobbish Mr. Carter until they receive the inheritance promised to Mrs. Hobbs. Reggie Grey, who has fallen in love with Priscilla, realizes that Carter is using this as an opportunity to take over the Hobbs factory. When the inheritance proves to be much smaller than anticipated, Reggie persuades his banker father form a partnership with Hobbs. He then marries Priscilla and her family's business is saved.",https://www.imdb.com/title/tt0138625/?ref_=sr_i_612
613. The Clean-Up,1923,50m,,,,,"Monte Bixby's grandfather leaves a will providing each native-born citizen of his small town with $50,000 while giving Monte one dollar. Monte's society fiancée, Mary Reynolds, abandons him, but grandfather Bixby's pretty young secretary, Phyllis Andrews, resolves to help him. Meanwhile life in the town is chaotic as the legatees begin to spend their money. Monte becomes concerned, appoints himself mayor, and restores order. Finally he learns that his inheritance was a trick to teach him the value of money. A real fortune awaits him, and he wins Phyllis.",https://www.imdb.com/title/tt0013928/?ref_=sr_i_613
"614. Ziska, la danseuse espionne",1923,,,,,,,https://www.imdb.com/title/tt0013808/?ref_=sr_i_614
615. Strangling Threads,1923,1h 14m,,,,,A millionaire thinks he kills a blackmailing Mexican wife who dies of shock.,https://www.imdb.com/title/tt0232717/?ref_=sr_i_615
616. Christoph Columbus,1923,,,,,,,https://www.imdb.com/title/tt0133692/?ref_=sr_i_616
617. A Gentleman of Leisure,1923,1h,,,,,"Young playboy Robert Pitt makes a bet with friends at a restaurant that he will obtain within 24 hours a photograph of a girl across the room, whom he has never met, autographed fondly to him. His unsuccessful attempts to steal the photograph from her and win the bet make up the rest of the plot. Finally, he succeeds in getting the photograph and winning the girl, but he gets involved in an attempted jewel theft, which he prevents but for which he is blamed.",https://www.imdb.com/title/tt0131407/?ref_=sr_i_617
618. Divorce,1923,1h,,,,,"While Jane and Jim Parker witness the divorce proceedings of Jane's parents, the George Reeds, they resolve that such a disaster will never occur in their happy lives. But when Jim achieves success in Reed's company, he becomes increasingly interested in his new fast friends, especially vamp Gloria Gayne; and he asks Jane for a divorce. At Jane's request, Reed fires his son-in-law, and Jim finds himself deserted by his friends. He returns home, repentant, to his forgiving wife.",https://www.imdb.com/title/tt0013991/?ref_=sr_i_618
619. Heartstrings,1923,,,,,,A sailor returns from 'death' to find his wife has remarried for the sake of her crippled child.,https://www.imdb.com/title/tt0014122/?ref_=sr_i_619
620. Nogi shôgun yônen jidai,1923,,,,,,,https://www.imdb.com/title/tt4674494/?ref_=sr_i_620
621. Sinner or Saint,1923,1h,,,,,,https://www.imdb.com/title/tt0014475/?ref_=sr_i_621
622. Cage of Death,1923,,,,,,,https://www.imdb.com/title/tt0014448/?ref_=sr_i_622
623. Dead Game,1923,50m,,,,,"""Katy"" Didd is in love with Alice, but her guardian wishes her to marry Tetlow, an influential man in town. Katy knows Alice will be unhappy with Tetlow, and decides to win her by force. While Alice is on her way to meet Tetlow for the wedding, Katy holds up the stage and kidnaps her. Tetlow suspects Katy and has him captured and taken to the desert to die. Katy escapes, and returns to town just in time to stop the wedding ceremony. He gallops into the church and carries Alice off with him.",https://www.imdb.com/title/tt0013979/?ref_=sr_i_623
624. Kacaci u topcideru,1923,,,,,,The activities of Albanian rebels in Kosovo (known as Kachaks) in the 1920s.,https://www.imdb.com/title/tt0285256/?ref_=sr_i_624
625. Gentle Julia,1923,1h,,,,,"Julia, an attractive hometown girl, has many suitors but is lured to Chicago by an older man whom Julia later discovers to be already married. Julia returns home to wed her devoted sweetheart, Noble Dill.",https://www.imdb.com/title/tt0014077/?ref_=sr_i_625
626. Hallig Hooge,1923,,,,,,,https://www.imdb.com/title/tt1409094/?ref_=sr_i_626
627. Der Großindustrielle,1923,,,,,,,https://www.imdb.com/title/tt0014102/?ref_=sr_i_627
628. The Man from New York,1923,,,,,,,https://www.imdb.com/title/tt0014252/?ref_=sr_i_628
629. La malchanceuse,1923,1h 27m,,,,,,https://www.imdb.com/title/tt0175171/?ref_=sr_i_629
630. Thundergate,1923,1h 10m,,,,,"Robert Wells, an American youth who was reared in China, goes abroad for his uncle, James Sanderson, to assist in the construction of a bridge for the Chinese Government. Ray Williams, construction manager secretly employed by Chinese imperialists whose aim is to impede construction, introduces Wells to a narcotic that when taken causes him to neglect his work. Wells is in a dissolute stupor when the wayward son of the Lord of Thundergate meets him by chance and, noting the striking resemblance between them, exchanges identities with Wells, who as a result becomes involved in a daring conspiracy culminating in romance with a Chinese-reared white girl and in his own physical rehabilitation.",https://www.imdb.com/title/tt0014544/?ref_=sr_i_630
631. L'ironie du destin,1923,,,7.3,48,,,https://www.imdb.com/title/tt0233952/?ref_=sr_i_631
632. Mulheres da Beira,1923,1h 14m,,6.7,48,,"Ana doesn't care for the pure love André devotes her, and turns her heart towards a noble man that is just lightly interested in her. Ana will experience the agony of being abandoned, and must contemplate the reclusion of a nun's life.",https://www.imdb.com/title/tt0014298/?ref_=sr_i_632
633. Mamis mkvleli,1923,1h,,6.3,36,,"Iago, young fellow falls in love with Nunu. But, by her beauty is already fascinated old, rich and married Girgola. Girgola does everything to get Nunu.",https://www.imdb.com/title/tt0230911/?ref_=sr_i_633
"634. Love, Life and Laughter",1923,1h 1m,,7.1,23,,"A chorus girl, who dreams of being a music-hall star, falls for an impoverished author.",https://www.imdb.com/title/tt0014223/?ref_=sr_i_634
635. Johan Ulfstjerna,1923,1h 5m,,6.4,31,,The story of a man who makes a great sacrifice for his country and for his son. Based on the play of the same title by Tor Hedberg.,https://www.imdb.com/title/tt0014168/?ref_=sr_i_635
636. Prizrak brodit po Evrope,1923,,,6.2,26,,"Set in an imaginary land where the threat of revolution spurs the Emperor to seek exile in one of the most distant parts of his realm. There he meets Elka, the daughter of a revolutionary who has been banished here due to his confrontational activities. The two fall in love but meet a violent end when the revolutionaries, led by Elka's father, destroy the palace.",https://www.imdb.com/title/tt0230662/?ref_=sr_i_636
637. A Canção da Primavera,1923,1h 32m,,6.2,25,,"In the Nineteenth Century, in Minas Gerais, the powerful farmer Luiz Roldão promised to his moribund father that his son Jorge would marry Rosita, from the Bento's family, to unite their families through the wedding bonds. However, Jorge loves Lina, the goddaughter of Roldão that lives in the farm. Due to the impossibility of the love with Jorge, Lina decides to leave the farm with her old father, and live in a poor house, becoming very ill. Meanwhile, Roldão's daughter Lili gets engaged of Dr. Carlos, from the Bento's family. Jorge brings Lina back to the farm, and with the support of the local Father Belisário, a great friend of Roldão, she is allowed to marry Jorge.",https://www.imdb.com/title/tt0336129/?ref_=sr_i_637
638. Lasse Månsson fra Skaane,1923,1h 20m,,6.5,21,,The year is 1658 and the King of Sweden has seized large parts of Denmark.,https://www.imdb.com/title/tt1063075/?ref_=sr_i_638
639. Luck,1923,1h 10m,Passed,7.4,15,,"A young man is bet $100,000 that his famous luck can hold out and he can make that sum in one year's time, literally starting with nothing. He proceeds to Pennsylvania, where prize fight winnings are used to build a new town.",https://www.imdb.com/title/tt0014228/?ref_=sr_i_639
640. Die Frau mit den Millionen - 1. Der Schuß in der Pariser Oper,1923,,,6.6,18,,,https://www.imdb.com/title/tt0439184/?ref_=sr_i_640
641. All for Money,1923,1h 23m,,5.4,26,,"Rupp (Jannings) is a former butcher, made rich in the meat packing industry as a result of the reversal of fortunes brought on by WWI. He is crude, uncouth and uneducated. His son, Fred, is the apple of his father's eye and is an auto enthusiast. The widowed Rupp falls in love with a former aristocrat, Helen, now down on her luck and pawning her last heirloom. He proposes marriage and she accepts in order to save her ailing mother who needs a monetary influx to avoid death. Her former boyfriend, Platen, warns Helen against Rupp's intentions - he and Rupp are enemies, Rupp having caused his being fired for protecting a chorus girl against Rupp's unwanted advances. Meanwhile, Graf, a shyster, arranges purchase of a near bankrupt auto manufacturing firm, Phoenix, to Rupp's great advantage with practically no monetary recognition to Graf, who swears revenge. Rupp comes upon his son begging Helen not to marry his father but to return to Platen. Rupp misinterprets the scene, thinks his son is after his intended, and banishes him. The last twenty minutes involve an auto race and its aftermath. Fred unknown to all becomes the driver of his father's rival auto maker. Platen is driving for Rupp's firm, Phoenix. In order to win, Rupp has bribed Graf to make sure his rival won't.",https://www.imdb.com/title/tt0013825/?ref_=sr_i_641
642. Fräulein Raffke,1923,1h 44m,,6.5,15,,"Emil Raffke (Werner Krauss) is a newly rich industrialist who arrogantly revels in his wealth. While at the seaside with his family, Raffke and his daughter Lilli (Lee Parry) attract the attention of the young Baron Von Geldern (Hans Albers) who is in a relationship with a dancer who has helped him out of the lurch financially. But Von Geldern is interested in Raffke's money, while Raffke sees a chance of entering into nobility when marrying off his daughter to the baron. But Lilli has already secretly married another young man, which leads to a break-up of the family and to increasingly dramatic events.",https://www.imdb.com/title/tt0014066/?ref_=sr_i_642
643. L'affaire de la rue de Lourcine,1923,,,6.9,12,,"Back from an alcohol-fueled evening, two former high school friends wake up and find they may have murdered a female coal-dealer...",https://www.imdb.com/title/tt0329972/?ref_=sr_i_643
644. The Social Buccaneer,1923,3h 20m,Passed,5.3,16,,"John ""Jack"" Norton (Jack Mulhall), before the war a society playboy and fop, returns from the trenches of World War One a two fisted American who finds his father, Raymond Norton (William Welsh), in jail, charged with theft of funds from the bank in which he was the president. The money, placed there by the American authorities for the Kingdom of Thorwald, and Princess Elise (Margaret Livingston), is on the way to collect it. John lets his father think he is still the playboy he was before the war, but secretly dons his old 'Doughboy"" uniform and sets out after the gang that framed his father.",https://www.imdb.com/title/tt0014489/?ref_=sr_i_644
645. The Steel Trail,1923,Passed,,4.9,23,,"A group of ranchers band together to construct a railroad through a western valley but are met with opposition by a rival railroad's owner and his henchmen who raid and destroy their efforts. The ranchers hire construction engineer, Bruce Boyd (William Duncan) to finish their project but he has only limited time and money to work with.",https://www.imdb.com/title/tt0014508/?ref_=sr_i_645
646. Buddha Dev,1923,,,7.2,7,,,https://www.imdb.com/title/tt0252961/?ref_=sr_i_646
"647. Rosario, la cortijera",1923,1h 10m,,5.3,11,,,https://www.imdb.com/title/tt0014415/?ref_=sr_i_647
648. Cavaleiro Negro,1923,,,5.0,11,,,https://www.imdb.com/title/tt0179712/?ref_=sr_i_648
649. Almas de la costa,1923,1h,,4.5,16,,"The plot revolves around a love triangle: Nela, the lead character, falls in love with Jorge, who in turn is seduced by Clarisa, the daughter of a doctor who treats Nela's tuberculosis.",https://www.imdb.com/title/tt0488370/?ref_=sr_i_649
650. Le chant de l'amour triomphant,1923,1h 12m,,5.2,10,,"In Ferrara, in the sixteenth century, two rich young friends, Muzio and Fabio, a musician and a painter, fall in love with Valeria, one of the city's most striking beauties. Valeria, the daughter of a widowed noblewoman with little money, chooses Fabio and marries him. Muzio, devastated by his bad fortune, goes to Oriental countries and resurfaces a few years later. His new practices make him very mysterious and attractive to Valeria and her heart is soon conquered...",https://www.imdb.com/title/tt0154305/?ref_=sr_i_650
651. The Trail of the Lonesome Pine,1923,1h,,5.2,10,,"June Tolliver, whose family has long feuded with the Falins, falls in love with engineer John Hale when he comes to their mountain town. John sends her to the city to be educated with the promise of marriage when she returns. Because John is appointed deputy he tries to remain neutral, but he finds the Falins supporting him when June's Uncle Rufe is accused of murder. June is called to testify during his trial but does not perjure herself for Rufe's sake. To prevent a Tolliver from being hanged, Jud Tolliver has Rufe shot. John is also injured, but June's pleading finally brings an end to the feud.",https://www.imdb.com/title/tt0014559/?ref_=sr_i_651
652. Kan Kærlighed kureres?,1923,1h 40m,,5.7,10,,"Little Miss Else, who is a student in the town's girls' high school, is not yet 18 years old. She is fatally in love with the young teacher Petersen, and so are most of her friends.",https://www.imdb.com/title/tt0125297/?ref_=sr_i_652
653. Le voile du bonheur,1923,1h 15m,,5.5,10,,"A blind Chinese poet, in his affliction, believes that everyone and everything about him is good and kind but immediately his sight is restored, the words of a prophet are fulfilled and he sees his friends are false, his wife is faithless and his young son mimics his blindness.",https://www.imdb.com/title/tt0443285/?ref_=sr_i_653
654. Vidocq,1923,1h 10m,,4.3,15,,"François Vidocq has deserted to go back to his wife and kids, so he becomes a thief. Unfortunately, he finds she had become Manon-la-blonde, mistress of a rich man named Ouvrard, and his children have disappeared. He offers his services to the chief of intelligence service and begins a fight against the Aristo, chief of the gang of the children of the sun. After a few years, he dismantles the gang, and finds both his sons. One has become a blackguard, the other a famous organist who is about to be knighted and will soon get married to his beloved.",https://www.imdb.com/title/tt0194504/?ref_=sr_i_654
655. La nuit rouge,1923,,,4.6,15,,"The red night was set within the space of a few hours and in two locations - the rich madam Lesparre's old castle (where celebrations are underway to mark the marriage of her daughter Ginette to the handsome Robert) and the sinister mill 'Moulin-Maudit'. The young couple leave to their honeymoon driven by a mysterious chauffeur. Following a breakdown in open country they are forced to seek refuge in the mill, where untold horrors wait: blood oozing from the ceiling, a body wrapped in a tarpaulin, a menacing dumb figure and an old woman, etc...",https://www.imdb.com/title/tt0192383/?ref_=sr_i_655
656. Nameless,1923,,,3.5,26,,"Jean Moeller and his brother-in-law Paul Holston both study medicine. Paul gets tuberculosis and only through a long stay in the South can he recover. To help Paul, Jean robs a wealthy Jewish merchant. Jean Moller is convicted of theft and banned from college. During his prison sentence, Paul dies after graduating. After his release, Jean takes the identity of Paul and he becomes a renowned doctor.",https://www.imdb.com/title/tt0014303/?ref_=sr_i_656
657. The Little Girl Next Door,1923,1h,,4.3,13,,"James Manning comes to Chicago to achieve his fortune. Tug Wilson offers him a job running errands, then frightens him into taking a steady position when James realizes he is involved with opium smugglers. Milly Amory a ruse for the crooks, falls in love with Manning, but Manning has a sweetheart back home, Mary Slocum, and she comes to search for him. To get rid of the girl, Milly poses as a medium and warns her away, until Manning finds out and exposes her tricks to Mary, fights for his life with Wilson, who is killed by Milly, and returns to Harmony, Illinois with Mary.",https://www.imdb.com/title/tt0014203/?ref_=sr_i_657
658. Sagan om de sista örnarna,1923,49m,,6.2,5,,Documentary about eagles.,https://www.imdb.com/title/tt1634302/?ref_=sr_i_658
659. Fridericus Rex - 3. Teil: Sanssouci,1923,,,5.7,7,,Part 3 of a four part of biographical films about Friedrich II of Prussia. Friedrich befriends the French philosopher Voltaire and he realizes a long held dream by building the castle of Sanssouci.,https://www.imdb.com/title/tt1407202/?ref_=sr_i_659
660. Sinhagad,1923,,,4.4,9,,"India's first full-scale historical and the Maharashtra Studio's costliest film to date. Based on the classic novel written in 1903 by Hari Narayan Apte 'Gad Aala Pan Sinha Gela', it retells a famous episode in the military career of the 17th C. Maratha emperor Shivaji (Painter) and his lieutenant, the folk hero Tanaji Malusare (Yadav). It features Tanaji's invasion of Fort Sinhagad in the dead of night, using his pet lizard to run up the wall with a rope, and his death in victory.",https://www.imdb.com/title/tt0249962/?ref_=sr_i_660
661. Big Brother,1923,1h 10m,,3.2,13,,"When gangster Jimmy Donovan is made guardian of Midge, the 7-year-old brother of his friend Big Ben Murray, he decides to reform and rear Midge properly. The court takes custody of Midge, but Donovan proves himself by recovering a payroll stolen by some of his ex-colleagues, thereby winning Midge and Kitty, his girl.",https://www.imdb.com/title/tt0013870/?ref_=sr_i_661
662. One Arabian Night,1923,1h 15m,,3.8,12,,In China a washerwoman's son uses a magician's lamp to marry a Princess.,https://www.imdb.com/title/tt0014332/?ref_=sr_i_662
663. Love in Exile,1923,1h 43m,,2.0,19,,Smuggler Madsalune versus the law enforcement on the West Coast of Jutland.,https://www.imdb.com/title/tt0130839/?ref_=sr_i_663
664. How Troy Was Collared,1923,,,2.4,14,,,https://www.imdb.com/title/tt0014140/?ref_=sr_i_664
665. Through Fire and Water,1923,,,1.0,18,,A naval officer inherits an island and helps a girl thwart a doctor's search for diamonds.,https://www.imdb.com/title/tt0169322/?ref_=sr_i_665
666. Auferstehung. Katjuscha Maslowa,1923,,,,,,,https://www.imdb.com/title/tt6279638/?ref_=sr_i_666
667. L'homme inusable,1923,,,,,,,https://www.imdb.com/title/tt0333581/?ref_=sr_i_667
668. The Rum Runners,1923,,,,,,,https://www.imdb.com/title/tt0159710/?ref_=sr_i_668
669. Sendô kouta,1923,,,,,,,https://www.imdb.com/title/tt0498714/?ref_=sr_i_669
670. Gajendra Moksham,1923,,,,,,,https://www.imdb.com/title/tt0254340/?ref_=sr_i_670
671. Cordelia the Magnificent,1923,1h 10m,Passed,,,,"Cordelia Marlowe comes from a society family that has lost its fortune. She falls into the clutches of D.K. Franklin, a crooked lawyer who specializes in blackmail, and finds herself involved in Franklin's scheme to extort money from a family friend. She sets out to protect her friend's money and expose Franklin for the thief he is.",https://www.imdb.com/title/tt0013946/?ref_=sr_i_671
672. Großstadtfieber,1923,,,,,,,https://www.imdb.com/title/tt0492031/?ref_=sr_i_672
673. Out of Luck,1923,1h,,,,,"Cowpuncher Sam Pertune (Hoot Gibson) strikes the father of the girl he loves, Mae Day (Laura La Plante), in self defense and, thinking he has killed him, runs away and joins the U.S. Navy. Learning the man isn't dead, Sam wishes to resign from the Navy but is told he is out of luck. But luck shines on him when, with his ship in port, Mae visits her aunt in San Francisco who is married to the captain of Sam's ship.",https://www.imdb.com/title/tt0014343/?ref_=sr_i_673
674. Maruxa,1923,,,,,,,https://www.imdb.com/title/tt0014261/?ref_=sr_i_674
675. Banzuiin Chôbei,1923,,,,,,,https://www.imdb.com/title/tt1160707/?ref_=sr_i_675
676. Cause for Divorce,1923,1h 18m,,,,,"Laura Parker, a young wife, is being pursued by an old college sweetheart, wealthy Martin Sheldon, who doesn't care that she's married. Sheldon is unaware that his daughter Ruth--who is married to a young lawyer--has fallen for ""Count"" Lorenz, a criminal, and plans to leave her husband for him. Complications ensue.",https://www.imdb.com/title/tt0013915/?ref_=sr_i_676
677. The Empty Cradle,1923,,,,,,"Disowned by her family for marrying beneath her class, Alice Larkin lives in a modest home with her husband, John, and their children. Meanwhile, wealthy Ethel Lewis is separated from her husband, Robert, because she refuses to have children. On Ethel's behalf, a lawyer offers Alice $50,000 in exchange for the adoption of her youngest child, Louise. After Alice reluctantly accepts, Ethel presents the child to Robert as their own. Alice visits the Lewis home frequently, rekindling Robert's long-dormant romantic feelings for her. John is consumed with jealousy and attempts to shoot Robert, but accidentally hits Louise. Alice then awakens to find that it was a horrible dream. She refuses the lawyer's offer just as her Aunt Martha enters with apologies and Christmas presents.",https://www.imdb.com/title/tt0014017/?ref_=sr_i_677
678. Die Magyarenfürstin,1923,,,,,,,https://www.imdb.com/title/tt0014237/?ref_=sr_i_678
679. Lieb' mich und die Welt ist mein,1923,,,,,,,https://www.imdb.com/title/tt1020046/?ref_=sr_i_679
680. Livets karneval,1923,,,,,,,https://www.imdb.com/title/tt0128313/?ref_=sr_i_680
681. La folie du doute,1923,,,,,,,https://www.imdb.com/title/tt0330294/?ref_=sr_i_681
682. Lo zio si sposa,1923,,,,,,,https://www.imdb.com/title/tt1187341/?ref_=sr_i_682
683. Drums of Fate,1923,1h,,,,,"Believing her husband, Laurence Teck, (Maurice B. Flynn) to be dead in the African jungle, Carol (Mary Miles Minter) marries musician David Verne (Casson Ferguson). Laurence does come home, but, thinking it best for Carol, he returns to the jungle. The shock kills David, and Carol sets out in search of Laurence, has many adventures, and finally finds him with the friendly native king who saved him.",https://www.imdb.com/title/tt0014006/?ref_=sr_i_683
684. The Prodigal Son,1923,,,,,,"In Iceland the governor's son weds bis brother's sweetheart and leaves her to die in childbirth after forging his father's name. He makes love to her sister in Nice, loses his money cheating, fakes suicide and returns home.",https://www.imdb.com/title/tt0156913/?ref_=sr_i_684
685. Mr. Billings Spends His Dime,1923,1h,,,,,"Department store clerk John Percival Billings, an avid reader of romance, falls in love with Suzanna Juárez when he sees her picture on a cigar box. With the lucky dime he receives from a customer, John buys a cigar and thereby obtains information that he sells to a group of conspirators for $5,000. John spends the money on a trip to Santo Dinero and meets Suzanna, whose father, President Estaban Juárez, is struggling to avert a revolution. Eventually, John saves the government and wins Suzanna.",https://www.imdb.com/title/tt0014296/?ref_=sr_i_685
686. Gli orecchini della nonna,1923,,,,,,,https://www.imdb.com/title/tt1042534/?ref_=sr_i_686
687. Life of Lord Buddha,1923,,,,,,,https://www.imdb.com/title/tt0392347/?ref_=sr_i_687
688. Paris mystérieux,1923,,,,,,,https://www.imdb.com/title/tt0938770/?ref_=sr_i_688
689. Les mystères du ciel,1923,,,,,,,https://www.imdb.com/title/tt0333963/?ref_=sr_i_689
690. The Scandal,1923,,,,,,A singer is accused of theft when a married woman lends him her jewels to gamble with.,https://www.imdb.com/title/tt0198998/?ref_=sr_i_690
691. Lost in a Big City,1923,,,,,,"Prospector Harry Farley returns from Alaska to find that his sister, Helen, has gone to New York with Florence, her blind daughter, after being deserted by her husband, Richard Norman. Under the name of Sidney Heaton, Norman has married Blanche Maberly and fallen in with a bootlegging gang while succumbing to the blackmail of Dick Watkins. Helen dies, Heaton kidnaps Florence, but Harry tracks him to the Adirondacks.",https://www.imdb.com/title/tt0014215/?ref_=sr_i_691
692. Pour une nuit d'amour,1923,,,,,,,https://www.imdb.com/title/tt0014371/?ref_=sr_i_692
693. Samudra Madanam,1923,,,,,,,https://www.imdb.com/title/tt0254747/?ref_=sr_i_693
694. Little Red School House,1923,1h,,,,,"Jeb Russell and his son Matt run a bootlegging operation in the basement of the New England schoolhouse where Mercy Brent teaches. When her sweetheart John Hale and his revenue agents attempt to break up the operation, John is accused of killing Jeb during a struggle. A tramp named Brent later admits to the murder, claiming that Matt was his accomplice. The police discover Matt's image imprinted on a schoolhouse window by a lightning bolt, verifying Brent's story. Meanwhile, Matt abducts Mercy and takes her aboard the bootleggers' schooner. John and his men come to her rescue and Matt is arrested.",https://www.imdb.com/title/tt0014206/?ref_=sr_i_694
695. Yasuda sakubei,1923,,,,,,,https://www.imdb.com/title/tt1162145/?ref_=sr_i_695
696. Quelques étapes du développement mental chez l'enfant,1923,,,,,,,https://www.imdb.com/title/tt0263911/?ref_=sr_i_696
697. Futari Seiriki Tomigorô,1923,,,,,,,https://www.imdb.com/title/tt4620960/?ref_=sr_i_697
698. Syn szatana,1923,,,,,,,https://www.imdb.com/title/tt1158917/?ref_=sr_i_698
699. Eines Vaters Söhne,1923,,,,,,,https://www.imdb.com/title/tt1665990/?ref_=sr_i_699
700. The Fighting Strain,1923,50m,,,,,,https://www.imdb.com/title/tt0132950/?ref_=sr_i_700
701. Pure Grit,1923,50m,,,,,"Posing as Stella Bolling's brother, whom he has killed, escaped convict Jim Kemp (Jere Austin) persuades Stella (Esther Ralston) to help him escape to the Mexican border. Bob Evans (Roy Stewart), a Texas Ranger, chases them, routs a band of rustlers, captures Kemp, and rescues Stella from a burning cabin.",https://www.imdb.com/title/tt0014381/?ref_=sr_i_701
702. El libro de la vida,1923,,,,,,,https://www.imdb.com/title/tt0230458/?ref_=sr_i_702
703. The Royal Oak,1923,,,,,,A royalist lady poses as the king to help him escape.,https://www.imdb.com/title/tt0014422/?ref_=sr_i_703
704. Ferragus,1923,,,,,,,https://www.imdb.com/title/tt0214689/?ref_=sr_i_704
705. No Mother to Guide Her,1923,,,,,,"Kathleen Pearson is born to wealth and privilege, while her childhood friend, Mary Boyd, is at the mercy of a brutal father following the death of her mother. Years later, Kathleen secretly marries Donald Walling, then discovers that the wedding was officiated by a fraudulent clergyman. Kathleen and Mary return from a trip to Europe with an apparently illegitimate child, and Mary protects her friend by claiming to be the mother. After Donald dies in an automobile accident, Kathleen's marriage is proved to be legal. Mary's reputation is restored and she weds the man she loves.",https://www.imdb.com/title/tt0015179/?ref_=sr_i_705
706. Bezoek aan de steden Brugge-Gent-Oudenaarde-Ieper-Zeebrugge-Oostende,1923,,,,,,,https://www.imdb.com/title/tt0264414/?ref_=sr_i_706
707. The Light That Failed,1923,1h 10m,,,,,"Although aspiring artist Dick Heldar is devoted to his childhood sweetheart Maisie Wells, his ambition drives him to faraway places. He meets war correspondent Torpenhow at Port Said, and accompanies him into battle.",https://www.imdb.com/title/tt0014198/?ref_=sr_i_707
708. The Satin Girl,1923,1h,,,,,"Young Lenore Vance, loses her memory after witnessing the death of her father. She commits a series of robberies due to being brainwashed by her eccentric chemist uncle. She later becomes the person of interest in the murder of her father, being labeled by the authorities as ""The Satin Girl"". When Dr. Richard Taunton meets Lenore at a party thrown by Millie Brown-Potter, he becomes infatuated with her. After discovering that Lenore has taken pieces of jewelry from himself and Mrs. Potter, he uses a piece of evidence left behind to investigate the crimes himself, and makes the discovery that he Uncle is the one who killed her father. The police are notified, but they discover that he has committed suicide upon arriving at his house. It is later revealed to the audience that the entire story is in a book that Lenore is reading.",https://www.imdb.com/title/tt0014437/?ref_=sr_i_708
709. The Vow of Vengeance,1923,,,,,,"A cowboy's pal is murdered, and he swears to find his killer. The trail takes him to the Mexican border, where he meets and falls in love with a beautiful young girl. However, the more he investigates, the more the evidence he uncovers points to the girl's father as the killer.",https://www.imdb.com/title/tt0014585/?ref_=sr_i_709
710. Die Sonne von St. Moritz,1923,,,,,,,https://www.imdb.com/title/tt0014495/?ref_=sr_i_710
711. The Drug Traffic,1923,50m,,,,,"A successful surgeon [Dr. Steve Maison], trying to burn the candle at both ends through keeping up his professional activities and also keeping abreast of his social obligations to please his fiancée, resorts to a drug to stimulate him as he is about to perform an operation. This leads to a shot now and again, and soon he is an addict, giving up his profession and sinking to the slums, until he is thrown into jail. He escapes and returns to his humble abode, burglarizes the hospital where he was formerly an attaché to obtain a supply of drug, and then when he is brought to a realization of the uselessness of it all he puts up a fight to get away from his habit, but although he spends a night of terror fighting off his desire his victory against the drug brings death.",https://www.imdb.com/title/tt0014005/?ref_=sr_i_711
712. La portatrice di pane,1923,,,,,,,https://www.imdb.com/title/tt42611192/?ref_=sr_i_712
713. Peter Ligeglad paa Eventyr,1923,,,,,,,https://www.imdb.com/title/tt2346640/?ref_=sr_i_713
714. Claude réaction,1923,,,,,,,https://www.imdb.com/title/tt0281731/?ref_=sr_i_714
715. Little Miss Nobody,1923,,,,,,A castle caretaker fools a rich aunt by having lodgers pose as the earl's family.,https://www.imdb.com/title/tt0265288/?ref_=sr_i_715
716. The Flash,1923,50m,,,,,,https://www.imdb.com/title/tt0132962/?ref_=sr_i_716
717. Der Tiger des Zirkus Farini,1923,,,,,,,https://www.imdb.com/title/tt0013677/?ref_=sr_i_717
718. Réaction de l'enfant selon les différences individuelles et particularités,1923,,,,,,,https://www.imdb.com/title/tt0263955/?ref_=sr_i_718
719. Paa slaget 12,1923,,,,,,"A parish clerk is woken up in the middle of the night by a mysterious phone call from a woman screaming for help. After hearing shots, he sets out to investigate the matter and finds himself embroiled in a murder mystery.",https://www.imdb.com/title/tt0127714/?ref_=sr_i_719
720. The Man Between,1923,1h,,,,,"Canadian woodsman Jules Lamont leaves his wife, Zephne, after a misunderstanding and becomes infatuated with Joe Cateau's bride, a showgirl. Joe is killed when the two men fight, and Jules goes to prison, where he meets Pierre Lebec, an inmate who closely resembles Jules. When Jules learns that Pierre is about to be released, he persuades him to go to his own home and pose as Jules himself. Pierre does so and falls in love with Zephne, who believes him to be Jules. Pierre remains in disguise, ""the man between,"" until the real Lamont returns and is killed. Then Zephne learns the truth about Pierre, and they marry.",https://www.imdb.com/title/tt0133083/?ref_=sr_i_720
721. Haizan no uta wa kanashi,1923,,,,,,,https://www.imdb.com/title/tt0014111/?ref_=sr_i_721
722. Coeurs belges,1923,,,,,,,https://www.imdb.com/title/tt0257495/?ref_=sr_i_722
723. La locanda delle ombre,1923,,,,,,,https://www.imdb.com/title/tt0349735/?ref_=sr_i_723
724. Bhakta Gora Kumbhar,1923,,,,,,,https://www.imdb.com/title/tt1570553/?ref_=sr_i_724
725. One Stolen Night,1923,50m,,,,,"Diantha Ebberly travels with her parents to the edge of the Sahara to meet her longtime betrothed, Herbert Medford, whom she has never seen. She is rescued from a swarm of beggars by an ""Arab,"" then meets him again when she slips out at night in native dress. They fall in love, but Diantha is abducted by Sheik Amud, then returned safely home by the ""Arab."" The next morning Diantha discovers her fiancé and lover to be one and the same.",https://www.imdb.com/title/tt0014334/?ref_=sr_i_725
726. Jigoku no mon,1923,,,,,,,https://www.imdb.com/title/tt4631970/?ref_=sr_i_726
727. Die Besteigung des Großvenedigers von Krimml aus,1923,,,,,,,https://www.imdb.com/title/tt0013869/?ref_=sr_i_727
728. The Belle of Kenosha,1923,,,,,,"Handsome Jack Hampton can't be kept down on the farm after he sees the bright lights of Kenosha. So, Jack comes to the city to make his fortune as a salesman, purveying books, brooms, and eventually oil leases (and the latter, unbeknownst to Jack, is a fraud). One day, Jack spots an intoxicated masher bothering young Betty Parker on a city street, and he intervenes. Very soon Jack and Betty are an item. But Betty's snobbish mother wants her daughter to instead pursue a local wealthy-but-dull millionaire (though her tolerant father, Amos Parker, sides with his daughter). Betty brushes the boring suitor off onto a chum, Ruth, with conspiratorial help from another friend. Meanwhile, Jack's door-to-door sales efforts aren't always lucrative; in one scene, a broom-wielding housewife takes exception to his book-selling. Coincidentally, a bank robbery takes place downtown, and Jack joins the police chief and four detectives in the chase against the two desperate gunmen, who elude the posse by boarding a train across the state line.",https://www.imdb.com/title/tt0218040/?ref_=sr_i_728
729. The Valley of Lost Souls,1923,,,,,,"Mounted Police Sergeant MacKenzie investigates a series of ""ghost"" killings in the Valley of Lost Souls near Lachine, Quebec, Canada. He meets Julie Lebeau, who has recently rejected her suitor, Jacques. Unaware that Jacques is the killer, MacKenzie accepts his offer to serve as a guide. However, when Jacques learns that Julie and MacKenzie have fallen in love, he dynamites a hut where the sergeant has taken shelter. Although MacKenzie escapes the blast, he is knocked unconscious in the ensuing fight. Jacques returns to the trading post to kidnap Julie, but MacKenzie arrives with his aide and bring Jacques to justice.",https://www.imdb.com/title/tt0014571/?ref_=sr_i_729
730. Men in the Raw,1923,50m,Passed,,,,"""Windy"" Watkins is fond of spinning wild stories of his daring exploits, to his fellow cowhands, while around the campfire at night but is given the chance to prove he is more than talk when Bill Spray and his henchmen set their sights on a gold claim belonging to the father of his sweetheart, Eunice Hollis.",https://www.imdb.com/title/tt0014268/?ref_=sr_i_730
731. Hachi ichi san,1923,,,,,,,https://www.imdb.com/title/tt0013812/?ref_=sr_i_731
732. Guer jiu zu ji,1923,1h 40m,,,,,,https://www.imdb.com/title/tt18378592/?ref_=sr_i_732
733. Gamla gatans karneval,1923,1h 5m,,,,,Ville Bom is the owner of a dance and boxing institute and lives a quite dissolute life.,https://www.imdb.com/title/tt0014070/?ref_=sr_i_733
734. A Estrela de Brilhantes,1923,,,,,,,https://www.imdb.com/title/tt0129067/?ref_=sr_i_734
735. Die graue Macht,1923,,,,,,"Assessor Hoff has just published the first volume of his ""History of German Criminal Law"". He felt like a star in the dark and mysterious Berlin night. Little did he know what forces that would attack him soon.",https://www.imdb.com/title/tt1189328/?ref_=sr_i_735
736. L'appel de la montagne,1923,1h 22m,,,,,,https://www.imdb.com/title/tt0335894/?ref_=sr_i_736
737. Black Shadows,1923,,,,,,"Edward G. Salisbury leads an expedition to the South Sea Islands, including the Marquesas and Samoa. They observe cannibals and headhunters in the Fiji and Solomon Islands. The travelogue presents picturesque scenery, a visit to Robert Louis Stevenson's grave, volcanoes, war dances, and other customs of native life.",https://www.imdb.com/title/tt0221022/?ref_=sr_i_737
738. His Mystery Girl,1923,54m,Passed,,,,"Kerry Reynolds' friends pull off a prank by tricking him into thinking he has discovered a damsel in distress. After becoming involved in a sticky predicament involving a diamond necklace he marries the girl, and a happy ending prevails for all.",https://www.imdb.com/title/tt0014136/?ref_=sr_i_738
739. Le sorprese di Don Camillo,1923,,,,,,,https://www.imdb.com/title/tt1603881/?ref_=sr_i_739
740. The Hotel Mouse,1923,,,,,,A girl thief helps an American recoup his gambling losses and letters from a blackmailer.,https://www.imdb.com/title/tt0265228/?ref_=sr_i_740
741. L'enfant roi,1923,6h 49m,,,,,"An eight part film set during the French Revolution, telling the story of the Dauphin's (Louis XVI) childhood in Versailles, his life and his untimely death.",https://www.imdb.com/title/tt0191990/?ref_=sr_i_741
"742. Sua Majestade, a Mais Bela",1923,1h 12m,,,,,,https://www.imdb.com/title/tt0186586/?ref_=sr_i_742
743. Darkness and Daylight,1923,,,,,,"Two sisters and brother are persecuted by a wealthy man who was spurned by their mother. On the eve of the older sister's wedding, this man brings about a compromising situation, and the two girls go away to a nearby city, where they exist in poverty. The persecution continues, however. The blind sister is turned into the streets and the older sister framed up on a theft charge, but the arrival of the girl's sweetheart straightens out the tangle, aided by a kindly scissor-grinder.",https://www.imdb.com/title/tt0240442/?ref_=sr_i_743
744. Décadence et grandeur,1923,,,,,,,https://www.imdb.com/title/tt0325491/?ref_=sr_i_744
745. Spawn of the Desert,1923,50m,,,,,"Guiding two covered wagons along a desert trail, Duke Steele meets and befriends Sam Le Saint, a mysterious hermit who is searching for a former partner who destroyed his home and ran away with his wife and infant daughter eighteen years earlier. Later, the two men ride into a mining camp controlled by Silver Sleed, who runs a gambling place. Duke is smitten by beautiful young Nola ""Luck"" Sleed, and learns that she is the gambler's daughter. Silver Sleed also happens to be the man that Sam Le Saint is searching for. Sam, who is dying, kills Sleed, and Duke learns that Luck is Sam's long-lost daughter.",https://www.imdb.com/title/tt0165959/?ref_=sr_i_745
746. Dalle cinque giornate alla breccia di Porta Pia,1923,,,,,,,https://www.imdb.com/title/tt1469338/?ref_=sr_i_746
747. Gossip,1923,50m,,,,,"A cynical businessman, Hiram Ward, is having trouble with his employees when Caroline Weatherbee arrives and claims to be a distant relative. Her genuine enchanting personality brings about a peaceful settlement of a strike, but she returns to her southern home for fear of bringing scandal to Hiram. However, he soon follows and they become happily married.",https://www.imdb.com/title/tt0014095/?ref_=sr_i_747
748. A Royal Divorce,1923,,,,,,"Napoleon, divorces Josephine and weds an Austrian Princess, but Josephine, still faithful, saves him from the plotting of De Beaumont.",https://www.imdb.com/title/tt0015162/?ref_=sr_i_748
749. Riders of the Range,1923,55m,,,,,"Martin Lethbridge, president of a cattlemen's association, is called upon to investigate reports of a growing number of cattle raids. The prime suspects are the sheep ranchers, led by Gregg Randall, who in turn blame the cattlemen for increased casualties among their herds. Complications set in when Martin falls in love with Gregg's daughter, Dolly. However, Martin ultimately prevails against a secret society of dishonest cattlemen, exposes Blunt Vanier as the cause of conflict, and marries Dolly.",https://www.imdb.com/title/tt0156021/?ref_=sr_i_749
750. Den sidste dans,1923,,,,,,"The forest warden's son, Søren, falls in love with a dancer during a stay in the Danish capital.",https://www.imdb.com/title/tt0127888/?ref_=sr_i_750
751. Kanjinchô Ataka no seki,1923,,,,,,,https://www.imdb.com/title/tt4650366/?ref_=sr_i_751
752. Hälsingar,1923,1h 24m,,,,,Sweden in the 1870s. In Hälsingland the brothers Olov and Jonas own the home of Övergården.,https://www.imdb.com/title/tt0317685/?ref_=sr_i_752
753. Should a Doctor Tell?,1923,,,,,,A doctor learns his pregnant patient is engaged to his son.,https://www.imdb.com/title/tt0265745/?ref_=sr_i_753
754. Nobody's Money,1923,1h,,,,,"Two newspapermen who wrote a successful book using a phony author have to come up with a real person when the book is a huge success. Ailing literary agent Jack Holt takes the job while his safe cracking friend tags along for the ride. Jack falls in love with the Governor's daughter just as the Governor is about to be blackmailed by the evil Drisco, who has planted $20,000 in the Governor's safe.",https://www.imdb.com/title/tt0014313/?ref_=sr_i_754
755. Nachtstürme,1923,,,,,,,https://www.imdb.com/title/tt0465231/?ref_=sr_i_755
756. Knock-out!,1923,,,,,,,https://www.imdb.com/title/tt0355659/?ref_=sr_i_756
757. With Naked Fists,1923,50m,,,,,,https://www.imdb.com/title/tt0014618/?ref_=sr_i_757
758. Corsica,1923,1h 5m,,,,,,https://www.imdb.com/title/tt0191050/?ref_=sr_i_758
759. Na krylyah vvys,1923,1h 21m,,,,,"A heroic-patriotic film about the Russian engineer Glagolev and his son Boris, a brave aviator-designer who became a Red Army man during the civil war years.",https://www.imdb.com/title/tt0250605/?ref_=sr_i_759
760. Der große Sensationsprozeß,1923,,,,,,,https://www.imdb.com/title/tt0482721/?ref_=sr_i_760
761. Ancienne compagnies militaires de Visé,1923,,,,,,,https://www.imdb.com/title/tt0268143/?ref_=sr_i_761
762. Ai ni yomigaeru hi,1923,,,,,,,https://www.imdb.com/title/tt0013819/?ref_=sr_i_762
763. Vratrasoor Vadha,1923,,,,,,,https://www.imdb.com/title/tt0266015/?ref_=sr_i_763
764. Le secret de Polichinelle,1923,,,,,,,https://www.imdb.com/title/tt0199008/?ref_=sr_i_764
765. Khokha Babu,1923,,,,,,,https://www.imdb.com/title/tt0392268/?ref_=sr_i_765
766. The Ranchers,1923,,,,,,,https://www.imdb.com/title/tt0014395/?ref_=sr_i_766
767. Otôsan,1923,,,,,,,https://www.imdb.com/title/tt4683696/?ref_=sr_i_767
768. Sidewalks of New York,1923,,,,,,,https://www.imdb.com/title/tt0164167/?ref_=sr_i_768
769. The Way of the Transgressor,1923,50m,,,,,"Silk, a former safecracker who's gone straight, is framed by Moose McKay, a wealthy society man who is actually the head of a criminal gang, and sent to jail. While there he meets and falls for Alma, a society girl who is also being pursued by McKay. When Silk gets out of jail he attempts to prove his innocence but McKay continually blocks his efforts. Eventually he is forced to join McKay's gang in order to make a living. Complications ensue.",https://www.imdb.com/title/tt0177360/?ref_=sr_i_769
770. En las entrañas de Madrid,1923,,,,,,,https://www.imdb.com/title/tt0014018/?ref_=sr_i_770
771. Loyal Lives,1923,1h,,,,,"The widow Brady daily pleads with Daniel O'Brien, a letter carrier, for a letter from her son who ran away. Taking pity on her, O'Brien writes a series of letters to her himself. Michael O'Hara, a fellow worker, proposes to Daniel that they quit the mail service and start a mail order business with their savings. Mary O'Brien tells Michael that they are going to spend their savings to educate their son, Terrence, and Daniel refuses to leave the service. Daniel finds a baby girl on his doorstep and in spite of their poverty the O'Briens decide to keep her. Seventeen years later, Michael O'Hara is a mail order king and Daniel O'Brien, retired from the service on account of physical disability, is unable to find work. His pension is so small that he is forced to mortgage his home. O'Hara helps him when he can no longer meet his payments. Peggy, the O'Briens' adopted daughter, and Tom O'Hara are secretly married because Mrs. O'Hara will not hear of the match. Widow Brady's son, a mail thief, returns and takes a room with the O'Briens. Before he leaves he puts a bill in the teapot. O'Brien gives the bill to O'Hara as a part payment of his debt. The bill is marked and O'Brien is arrested for robbing the mails, but Tom goes bail for him. Brady and his pal attempt to rob the mail train on which Terrence is clerk. Terrence dives off the train into the river with the mail bag. After a struggle with the bandit Terrence manages to get ashore but he cannot get to the nearest farm until the next day. Daniel O'Brien, upon hearing that Terrence is suspected of robbing the mails goes to his old friend, the night clerk of the post office, for comfort. He finds robbers looting the safe and fights them. Terrence, who has brought the mail back in the farmer's car, comes to his father's aid. One of the thieves proves to be Brady who confesses. O'Brien receives the personal thanks of Postmaster General New and the O'Haras give their approval to the marriage of Tom and Peggy.",https://www.imdb.com/title/tt0014226/?ref_=sr_i_771
772. S'Hannerl vom Dreimäderlhaus,1923,,,,,,,https://www.imdb.com/title/tt1663936/?ref_=sr_i_772
773. Twenty-One,1923,1h 10m,,,,,"The McCulloughs agree to separate when Julian is seven years of age. His mother raises him according to her own ideas and fourteen years pass. He meets quite by accident Lynnie Willis, a poor girl, at a home for girls. He takes her to a dance, where he encounters Peter Straski, her affianced husband. Straski shoots a hole in the gas tank of Julian's car, and they are forced to stay all night at a hotel. A scandal results. The Willis family goes to the elder McCullough and the later agrees to a settlement which they accept. Julian, however, says he'll marry Lynnie and he leaves home. He secures a job as taxi driver, and when his father is lured to a deserted garage to pay Straski the wedding bonus, he is attacked and nearly killed. Julian, however, calls the police and saves his father. The happy reunion follows, with Lynnie waiting for him in the garden.",https://www.imdb.com/title/tt0014566/?ref_=sr_i_773
774. Südtirol - Ein Vorposten deutscher Kultur,1923,,,,,,,https://www.imdb.com/title/tt0194424/?ref_=sr_i_774
775. Hakuchi no musume,1923,,,,,,,https://www.imdb.com/title/tt3746706/?ref_=sr_i_775
776. I pagliacci,1923,,,,,,A jealous cripple switches knives so that an actor stabs his faithless wife during a play.,https://www.imdb.com/title/tt0014347/?ref_=sr_i_776
777. Der Menschenfeind,1923,,,,,,,https://www.imdb.com/title/tt0014270/?ref_=sr_i_777
778. Yama no senroban,1923,,,,,,,https://www.imdb.com/title/tt0459037/?ref_=sr_i_778
779. While the Pot Boils,1923,,,,,,"While waiting for their Mulligan stew to boil, four hoboes tell their stories of why they ""hit the road"". The Stories - (No. 1) Hendricks is a station master in the wilderness. His wife, obsessed by the desolation, deserts him, taking with her gold entrusted to him for shipment. After a term in prison, he ""hits the road,"" a despondent outcast. (No. 2) Barker has charge of fish hatcheries in Oregon. His wife, responding to the lure of the city, deserts him. His defection follows. (No. 3) Old Ben lives in a house by the sea. When his only son is drowned he abandons the sea for the road. (No. 4) Bascom has charge of a timber mill. After a stranger has killed his pet dog he wreaks vengeance by stringing the offender up by the heels. Outlawed for this offense he takes to the road.",https://www.imdb.com/title/tt0997394/?ref_=sr_i_779
780. Le double,1923,1h 7m,,,,,"A doctor researched the duplication of personality , and found in the person of René de Varennes, who had attempted suicide, a subject of study.",https://www.imdb.com/title/tt0198424/?ref_=sr_i_780
781. The Greatest Menace,1923,1h 10m,,,,,"A DA's son gets involved in a drug-related murder, and it's up to his father and sister to get him out.",https://www.imdb.com/title/tt0014099/?ref_=sr_i_781
782. The Beloved Vagabond,1923,,,,,,A jilted rich man poses as a tramp and falls in love with an orphan.,https://www.imdb.com/title/tt0014712/?ref_=sr_i_782
783. Dunkle Gassen,1923,,,,,,,https://www.imdb.com/title/tt0828018/?ref_=sr_i_783
784. The Footlight Ranger,1923,50m,,,,,"Cowboy Bill Moreland meets and falls in love with Janet Ainslee, a stranded actress. He sells his prize dogs to pay her way back to New York City and eventually follows her. Later, Bill rescues Janet from a producer who is willing to advance her career in exchange for her virtue. Bill and Janet marry and return west.",https://www.imdb.com/title/tt0014054/?ref_=sr_i_784
785. La mare au diable,1923,,,,,,,https://www.imdb.com/title/tt0192287/?ref_=sr_i_785
786. Brinneso!,1923,,,,,,,https://www.imdb.com/title/tt1042477/?ref_=sr_i_786
787. Du crépuscule à l'aube,1923,,,,,,,https://www.imdb.com/title/tt0499012/?ref_=sr_i_787
788. Petit hôtel à louer,1923,,,,,,,https://www.imdb.com/title/tt0014355/?ref_=sr_i_788
789. The Wanters,1923,1h 10m,Passed,,,,"Elliot Worthington falls in love with Myra, the maid in his sister's household. Myra is dismissed; Elliot finds her, proposes marriage, and returns home with his new bride. She is snubbed by his relatives and shocked by the hypocrisy of his wealthy friends. Disillusioned, she runs away: Elliot follows and saves her from being hit by a train when her foot gets caught in a switch.",https://www.imdb.com/title/tt0014589/?ref_=sr_i_789
790. Ghost of Tolston's Manor,1923,,,,,,,https://www.imdb.com/title/tt0353486/?ref_=sr_i_790
791. Poslednyaya stavka mistera Ennioka,1923,,,,,,,https://www.imdb.com/title/tt0253497/?ref_=sr_i_791
792. Skid Proof,1923,1h,,,,,"Champion race car driver Jack Darwin is invited to participate in a transcontinental race, which he loses when a competitor shoots him from an airplane. Jack later becomes a motion picture star and falls in love with an actress named Nadine, whom he saves from marrying a scoundrel. Jack enters another race, winning both the first prize and Nadine.",https://www.imdb.com/title/tt0014481/?ref_=sr_i_792
793. Rogues of the Turf,1923,1h,,,,,A trainer's ex-wife weds her employer and plots to kidnap a horse.,https://www.imdb.com/title/tt0145441/?ref_=sr_i_793
794. Kyôdai,1923,,,,,,,https://www.imdb.com/title/tt3751384/?ref_=sr_i_794
795. La trovata dello sportmann,1923,,,,,,,https://www.imdb.com/title/tt1063660/?ref_=sr_i_795
796. Das Paradies im Schnee,1923,,,,,,,https://www.imdb.com/title/tt0336984/?ref_=sr_i_796
797. Amor de campesino,1923,,,,,,A rich city girl falls in love with a farmer.,https://www.imdb.com/title/tt0013831/?ref_=sr_i_797
798. Three Who Paid,1923,50m,,,,,"Riley Sinclair sets out to kill the three men who left his brother, Hal, to die in the desert. One of the intended victims, Sam Lowrie, commits suicide, while Riley kills another in self-defense. During his pursuit of the third man, Ed Sanderson, Riley meets schoolteacher John Caspar, but soon discovers that his new friend is actually Virginia Cartwright, a woman on the run from her cruel husband, Jude. After both Jude and Ed are killed in a fight, Virginia is free to marry Riley.",https://www.imdb.com/title/tt0013673/?ref_=sr_i_798
799. Man's Size,1923,50m,Passed,,,,"While visiting Canada on business, Tom Morse falls in love with Jessie McRae, a headstrong girl who was adopted as an infant by Scotsman Angus McRae after her parents were supposedly killed by drunken Native Americans. Angus has a longstanding grudge against Tom's Uncle Carle and forbids the younger Morse to see Jessie. The Scotsman then ""sells"" her to bootlegger Bully West, while Tom is commissioned by the government to halt the illegal liquor trade. After Tom settles the feud between Angus and Carl, he rescues Jessie from Bully and returns her to her repentant father, who reveals that she is his actual daughter.",https://www.imdb.com/title/tt0014255/?ref_=sr_i_799
800. Yoru,1923,,,,,,,https://www.imdb.com/title/tt0014629/?ref_=sr_i_800
801. Don Quixote,1923,50m,,,,,Episodic misadventures of a man who thinks he is a knight.,https://www.imdb.com/title/tt0013998/?ref_=sr_i_801
802. Vindicta,1923,5h 20m,,,,,,https://www.imdb.com/title/tt0014579/?ref_=sr_i_802
803. Tipped Off,1923,,,,,,"Mildred Garson, secretary and fiancée of playwright Anthony Moore, would like to play the leading role in his new play, a crook drama. Her brother Jim and sister Rita arrange to stage a fake robbery at Moore's home so that Mildred can demonstrate her ability. However, real thieves led by Dan ""The Fox"" Grogan appear, shoot Moore's butler, and kidnap Mildred. She manages to escape and find refuge with Chong Wo, a Chinese philosopher. In a fight to the finish, Wong arranges for Grogan to be captured, leaving Anthony and Milfred to get married.",https://www.imdb.com/title/tt0014551/?ref_=sr_i_803
804. Ma tante d'Honfleur,1923,1h,,,,,,https://www.imdb.com/title/tt0188867/?ref_=sr_i_804
805. Shuk Deo,1923,,,,,,,https://www.imdb.com/title/tt0265751/?ref_=sr_i_805
806. Lyda Ssanin,1923,1h 33m,,,,,"A young girl is seduced by a Epicurean man, whom she later shoots. Acquitted from the crime, she falls into melancholy but a young doctor, who has loved her for a long time, gives her back to life and receives her hand.",https://www.imdb.com/title/tt0013347/?ref_=sr_i_806
807. The Leavenworth Case,1923,1h,,,,,"Eleanor Leavenworth (Seena Owen) is about to be arrested for the murder of her rich bachelor uncle, and suspicion is cast on each member of the Leavenworth household until Raymond (Bradley Barker), an attorney in love with Eleanor, solves the mystery and produces the culprit, who confesses and falls to his death while trying to escape.",https://www.imdb.com/title/tt0014192/?ref_=sr_i_807
808. Diplomaticheskaya tayna,1923,,,,,,,https://www.imdb.com/title/tt21874076/?ref_=sr_i_808
809. The Law Rustlers,1923,50m,,,,,"Phil Stanley (William Fairbanks) and Harry Hartley (Edmond Cobb) are traveling toward Alaska when they come to a town controlled by scoundrels. The leaders of the town banish Phil and Harry, but they refuse to leave and send Glory (Ena Gregory) to summon the sheriff from a neighboring town to assist them. The sheriff comes to Phil's rescue and arrests the town council of scoundrels.",https://www.imdb.com/title/tt0126996/?ref_=sr_i_809
810. Napoleon Not So Great,1923,,,,,,,https://www.imdb.com/title/tt0014304/?ref_=sr_i_810
811. Railroaded,1923,50m,Passed,,,,"Richard Garbin, willful son of Judge Garbin, one of England's most prominent jurists, is railroaded into prison. He escapes, vowing vengeance against Corton, the man who framed him and caused the death of one of his friends. Changing his name to Ragland, he meets his father at a dinner party. Judge Garbin proposes that Richard finish his prison sentence on the estate of his friend, Hugh Dunster. There Richard meets and falls in love with Dunster's daughter, Joan. Joan discovers why Richard is there and prevents him from carrying out his plan of revenge against Corton; they obtain Judge Garbin's blessing and sail for Africa.",https://www.imdb.com/title/tt0014393/?ref_=sr_i_811
812. Armageddon,1923,,,,,,Reconstruction of Lord Allenby's Palestinian campaign.,https://www.imdb.com/title/tt0315785/?ref_=sr_i_812
813. Venganza isleña,1923,,,,,,,https://www.imdb.com/title/tt0014573/?ref_=sr_i_813
814. Madame Golvery,1923,1h 46m,,,,,,https://www.imdb.com/title/tt1085451/?ref_=sr_i_814
815. The Midnight Flower,1923,,,,,,"Mary is called the ""Midnight Flower"" because each evening at midnight she does a wild dance atop a gaming table in a local gambling den. A young Spaniard in love with Mary, who would rescue her, stages a holdup at the most profitable table and passes the money on to her. In attempting to escape, she is caught, arrested, and jailed. While she is in prison, she meets a young evangelist who runs a mission in the slums. They fall in love, and on her release Mary joins him in the missionary work. This sets the local tongues wagging and complicates the affair until it is revealed that Mary is the daughter of a wealthy family--lost to a kidnapper when she was an infant.",https://www.imdb.com/title/tt0014273/?ref_=sr_i_815
816. Are You a Failure?,1923,1h,,,,,"Coddled by his maiden aunts and apparently unable to make decisions, Oliver Wendell Blaine signs up for a mail-order course in ""Success."" Oliver follows the instructions step by step, builds his self-confidence, and proves himself a hero when a log jam threatens the town. He is made river boss and marries Phyllis Thorpe, daughter of the owner of the lumber-mill.",https://www.imdb.com/title/tt0013838/?ref_=sr_i_816
817. The Eagle's Talons,1923,,,,,,"A stirring drama of Wall Street manipulation of the world's wheat supply, which leads the characters into adventures and danger in various corners of the globe.",https://www.imdb.com/title/tt0014011/?ref_=sr_i_817
818. Fehér galambok fekete városban,1923,,,,,,,https://www.imdb.com/title/tt0241441/?ref_=sr_i_818
819. Her Fatal Millions,1923,1h,,,,,"Mary Bishop, a clerk in a jewelry store, finds out that her ex-boyfriend Fred Garrison, who left town to make his fortune, is coming back and wants to see her. Having heard that Fred has married a wealthy society girl and is quite rich, Mary borrows some jewelry from the store, dresses up in her finest and when she sees Fred, tells him that she has married the richest man in town and is now quite well-off. Complications ensue.",https://www.imdb.com/title/tt0014128/?ref_=sr_i_819
820. Likérová princeznicka,1923,1h 28m,,,,,,https://www.imdb.com/title/tt0297255/?ref_=sr_i_820
821. Romance Land,1923,50m,,,,,"A romantic cowboy dreams of rescuing damsels in distress. He finally rescues one from a runaway - the girl being the daughter of the wealthy rancher who is trying to force her into marriage with the foreman. He agrees however, to give his consent to the winner of the rodeo. The cowboy wins and rescues the girl again after she has been kidnapped.",https://www.imdb.com/title/tt0014413/?ref_=sr_i_821
822. Oya no nai suzume,1923,,,,,,,https://www.imdb.com/title/tt4683710/?ref_=sr_i_822
823. The Grail,1923,50m,Passed,,,,"Texas Ranger Chic Shelby is sent to capture James Trammel and his son, John--two outlaws hiding in the mountains who are victims of a cattle war. Shelby tricks John, who has killed a cattleman, into believing he is an itinerant preacher by delivering a sermon on eternal love. John comes forward to be arrested, obviously moved by Shelby's sermon. Meanwhile, Sam Hervey betrays John's sister, Susie. Fearing her father's wrath, Hervey seeks out James Trammel, shoots him, and blames the crime on Shelby. Shelby clears himself by capturing Hervey, John is acquitted, and Susie ends her own life by drowning.",https://www.imdb.com/title/tt0014098/?ref_=sr_i_823
824. End of the Rope,1923,,,,,,,https://www.imdb.com/title/tt0014019/?ref_=sr_i_824
825. Guarany,1923,,,,,,,https://www.imdb.com/title/tt1495779/?ref_=sr_i_825
826. Golden Silence,1923,,,,,,"Sam Corwin, stage line owner and camp bully, makes unwelcome love to Polly, daughter of an old prospector. The old man drives him off the place at gunpoint and Sam conspires to have the old man sent to prison. He stages a fake hold-up, leaving the old man's hat on the scene. This is managed with the connivance of one of Sam's stage drivers. By one of those far-fetched coincidences of the screen the whole plot is unfolded to a stranger in those parts, and he impersonates the hold-up artist, double-crossing the plotters, vindicating the old man, overthrowing the villains, and in the end winning the girl.",https://www.imdb.com/title/tt0013192/?ref_=sr_i_826
827. Wife in Name Only,1923,50m,,,,,"Wealthy orphan Philippa L'Estrange loves handsome Norman Arleigh and is confident of marrying him until he discloses that he has only brotherly affection for her. Determined to have revenge, Philippa introduces Arleigh to Madeline Dornham and reveals on their wedding day that Madeline, his bride, is the daughter of the man who killed his mother. In the end it is learned that Madeline is Mrs. Dornham's daughter from a previous marriage, not the daughter of a criminal.",https://www.imdb.com/title/tt0014613/?ref_=sr_i_827
828. Outlaws of the Sea,1923,,,,,,"Polly Grimshaw (Marguerite Courtot), and her father, Capt. Abel Grimshaw (Herbert Pattee), unwittingly become involved in a liquor smuggling operation led by Leonard Craven (Gordon Standing), owner of the boat Grimshaw pilots around the coast of Florida. Polly's sweetheart, Robert Graham (Pierre Gendron), commander of a revenue cutter, discovers their involvement when they subject themselves to his prosecution. A trial ensues and the captain is cleared.",https://www.imdb.com/title/tt0145952/?ref_=sr_i_828
829. Boden's Boy,1923,,,,,,A shopkeeper sends his adopted son to college on an inheritance and rejects his secretary's love for his sake.,https://www.imdb.com/title/tt0317180/?ref_=sr_i_829
830. El hijo de la loca,1923,,,,,,,https://www.imdb.com/title/tt0129142/?ref_=sr_i_830
831. Bag and Baggage,1923,1h,,,,,"Country girl Hope Anthony follows Hal Tracy to the city, where she becomes involved in a jewel theft after a criminal named Jathrow Billings mistakes her handbag for a satchel of jewels he stole from the wealthy Mrs. Marian Cooper. Hal solves the mystery and keeps Hope out of jail.",https://www.imdb.com/title/tt0013857/?ref_=sr_i_831
832. At Devil's Gorge,1923,,,,,,"Two prospectors are partners in a gold claim, but are both in love with the same girl. One partner suggests that they play a game of cards, and the loser gives up the girl and the claim, but when he loses the game he decides to change the rules.",https://www.imdb.com/title/tt0013844/?ref_=sr_i_832
833. Il pescatore di perle,1923,,,,,,,https://www.imdb.com/title/tt0955316/?ref_=sr_i_833
834. Anna-Clara och hennes bröder,1923,1h 5m,,,,,A series of events during a summer in Anna-Clara's life.,https://www.imdb.com/title/tt0013835/?ref_=sr_i_834
835. Trestanci na Spilberku,1923,,,,,,,https://www.imdb.com/title/tt1102349/?ref_=sr_i_835
836. The Human Mill,1923,,,,,,,https://www.imdb.com/title/tt19699656/?ref_=sr_i_836
837. La coscienza,1923,,,,,,,https://www.imdb.com/title/tt0928031/?ref_=sr_i_837
838. Sokolske vezbe u Kosutnjaku,1923,,,,,,,https://www.imdb.com/title/tt0326180/?ref_=sr_i_838
839. Racing Hearts,1923,1h,,,,,"Because he refuses to advertise the automobiles he manufactures, John Kent's business is failing. In an effort to gain some publicity, his daughter, Virginia, has a racing car built while Kent is away. Kent's rival sends his son, Roddy Smith, to spy on the operations and bribes another worker to drive the car and throw the race. Virginia discovers the plot, cannot persuade Roddy to break his promise to drive his father's car, and enters the race herself. She drives to a thrilling victory and marries Roddy.",https://www.imdb.com/title/tt0014389/?ref_=sr_i_839
840. Semya Gribushinykh,1923,,,,,,The film presents a broad picture of social life through the prism of the family life of the largest Perm merchant Gribushin and an ordinary worker during the NEP period.,https://www.imdb.com/title/tt0014458/?ref_=sr_i_840
841. Akuma no kage,1923,,,,,,,https://www.imdb.com/title/tt3751628/?ref_=sr_i_841
842. Kyoyu,1923,,,,,,,https://www.imdb.com/title/tt3755048/?ref_=sr_i_842
843. Das fränkische Lied,1923,,,,,,,https://www.imdb.com/title/tt0013159/?ref_=sr_i_843
"844. Moi aussi, j'accuse",1923,,,,,,"Parodic film entirely interpreted by animals. Tintin, the farmer's grandson, comes to spend his holidays at the farm. Strange adventures follow with a strange company of hens.",https://www.imdb.com/title/tt0011472/?ref_=sr_i_844
845. Opfer der Liebe,1923,,,,,,,https://www.imdb.com/title/tt0489792/?ref_=sr_i_845
846. Haikyo no naka,1923,,,,,,,https://www.imdb.com/title/tt0014110/?ref_=sr_i_846
847. Der rote Reiter,1923,,,,,,,https://www.imdb.com/title/tt0418116/?ref_=sr_i_847
848. Le sorprese del divorzio,1923,1h 6m,,,,,,https://www.imdb.com/title/tt0208461/?ref_=sr_i_848
849. Le costaud des Épinettes,1923,51m,,,,,,https://www.imdb.com/title/tt0193843/?ref_=sr_i_849
850. La bruja,1923,,,,,,,https://www.imdb.com/title/tt0013899/?ref_=sr_i_850
851. Le satyre du Bois-Gentil,1923,,,,,,,https://www.imdb.com/title/tt14112770/?ref_=sr_i_851
852. Blood Test,1923,,,,,,"An outlaw decides to hang up his guns and lead the ""straight"" life. His foster son falls for the daughter of a wealthy estate owner. The crooked manager of the estate wants the girl for himself--so he can control the estate when the father dies--and tells the father that the boy is an outlaw's son. Complications ensue.",https://www.imdb.com/title/tt0013875/?ref_=sr_i_852
853. Nedbrudte nerver,1923,1h 15m,,6.5,76,,"The reporter Jimmie Brand at the ""Daily Wire"" solves the case of the Vibeleje murder. However, this put Brand in a terrible stressed condition and for this reason his boss decides to give him two weeks of vacation. But it will be a restless sabbatical because Brand will witness a strange crime in broad daylight in the Hill Park as he is looking through the window of his home. Brand decides to solve such a mysterious crime.",https://www.imdb.com/title/tt0301658/?ref_=sr_i_853
854. Das rollende Schicksal,1923,,,7.4,49,,,https://www.imdb.com/title/tt0249118/?ref_=sr_i_854
855. Arsena Kachagi,1923,1h 5m,,6.1,26,,Young man looking for a love and justice in 19th century Georgia.,https://www.imdb.com/title/tt0259199/?ref_=sr_i_855
856. Scarred Hands,1923,Passed,,6.2,19,,"A clash between two factions seeking the control of valuable oil lands introduces a love romance between Tom Stephens, rightful owner of the land, and Jane Wheeler. The villains plot to blow up the oil well, but are prevented by the sudden appearance of Tom, who saves the girl and vanquishes his adversaries.",https://www.imdb.com/title/tt0014443/?ref_=sr_i_856
857. When the Kellys Were Out,1923,,,7.0,12,,When the Kellys Were Out is a 1923 Australian feature-length film directed by Harry Southwell about Ned Kelly. Only part of the film survives today.,https://www.imdb.com/title/tt0354203/?ref_=sr_i_857
858. The Shadow,1923,1h 30m,,6.3,16,,"Berta and her husband, the painter Gerardo Trégner, lead a peaceful life until a sudden illness paralyzes Berta.",https://www.imdb.com/title/tt0336955/?ref_=sr_i_858
859. Maan Bhajan,1923,,,6.7,16,,,https://www.imdb.com/title/tt0242629/?ref_=sr_i_859
860. Katsi katsistvis mgelia,1923,50m,,5.8,21,,,https://www.imdb.com/title/tt0259379/?ref_=sr_i_860
861. Man and Wife,1923,50m,,6.1,14,,"After he is told of the death of his wife, Dora, in a hotel fire, Dr. Howard Fleming goes to the country hoping to ease his sorrow. While visiting a farm, he falls in love with and marries Dolly Perkins, who--unbeknownst to Howard--is Dora's sister. Howard is later told that Dora is actually alive, though hopelessly insane. He restores her sanity with surgery, but when Dora learns of Howard's bigamy, she has a relapse. A second operation kills her; Howard returns to Dolly, their child, and a happy future.",https://www.imdb.com/title/tt0014250/?ref_=sr_i_861
"862. Daarskab, dyd og driverter",1923,,,6.7,14,,,https://www.imdb.com/title/tt0125055/?ref_=sr_i_862
863. The Reef of Stars,1923,,,6.2,13,,,https://www.imdb.com/title/tt2544932/?ref_=sr_i_863
864. Ludzie mroku,1923,,,7.0,9,,,https://www.imdb.com/title/tt0989028/?ref_=sr_i_864
865. Karusellen,1923,55m,,6.6,12,,"Blanche Benton is out on her morning ride with horse and carriage, when an automobile shows up and scares the horse. The driver in the car manages to intervene and takes Blanche to her home.",https://www.imdb.com/title/tt0014174/?ref_=sr_i_865
866. Die brennende Kugel,1923,,,6.0,10,,,https://www.imdb.com/title/tt0488973/?ref_=sr_i_866
867. In the Blood,1923,,,5.4,14,,A Lady frames her stepson for theft and he takes the place of his father's drugged champion and wins a boxing match.,https://www.imdb.com/title/tt0014149/?ref_=sr_i_867
868. The Spider and the Rose,1923,1h 10m,,5.9,14,,"The story is set in Southern California during the Mexican regime. Don Marcello, son of the territorial governor, returns home to find that Mendozza, his father's secretary, has seized power. The coup arouses the anger of the revolutionary faction, which forms an alliance with Don Marcello. Mendozza is driven out and the governor is reinstated.",https://www.imdb.com/title/tt0014502/?ref_=sr_i_868
869. La roche du diable,1923,,,6.0,9,,"An adventurer tries to marry into a rich family. But the beautiful heiress he courts is in love with a young painter, which is not to the schemer's liking. As a result, the evil man tries to get rid of his rival by throwing him into a ravine but he fails and falls to his death instead of the young man.",https://www.imdb.com/title/tt0258930/?ref_=sr_i_869
870. Abenteuer einer Nacht,1923,,,5.2,13,,,https://www.imdb.com/title/tt0444597/?ref_=sr_i_870
871. Anderssonskans Kalle på nya upptåg,1923,1h 4m,,5.2,12,,The mischievous Anderssonskans Kalle gets adopted by Director Graham and moves from the working-class area into the high society of Stockholm.,https://www.imdb.com/title/tt0013833/?ref_=sr_i_871
872. Med Roald Amundsens Nordpolsekspedition til første vinterkvarter,1923,1h 3m,,6.4,8,,Documentary following Roald Amundsen's expedition from Seattle to Nome in Alaska and further to East Cape and up to the iced poles in C.S. Homes.,https://www.imdb.com/title/tt0014267/?ref_=sr_i_872
873. Das Haus ohne Lachen,1923,1h 7m,,6.4,8,,,https://www.imdb.com/title/tt0014119/?ref_=sr_i_873
874. Zwischen Flammen und Bestien,1923,,,5.5,11,,,https://www.imdb.com/title/tt0490524/?ref_=sr_i_874
875. Die grüne Manuela - Ein Film aus dem Süden,1923,2h 16m,,5.7,11,,,https://www.imdb.com/title/tt0189566/?ref_=sr_i_875
876. Opfer des Hasses,1923,45m,,4.4,17,,The family of a Jewish Russian manufacturer suffer ruin and murder as victims of a pogrom during the Russian Revolution.,https://www.imdb.com/title/tt1019945/?ref_=sr_i_876
877. Der letzte Kampf,1923,,,6.4,7,,,https://www.imdb.com/title/tt0461535/?ref_=sr_i_877
878. The Romany,1923,,,5.0,9,,A gypsy girl saves a runaway girl from her rich fiancé.,https://www.imdb.com/title/tt0014414/?ref_=sr_i_878
879. Adventures in the Far North,1923,,,5.0,9,,"An expedition takes Cap'tain Kleinschmidt, his wife, and his crew from Seattle to the Yukon. Members of Cap'tain Kleinschmidts party get stranded on an ice floe. Film Footage also includes Eskimos and majestic glaciers",https://www.imdb.com/title/tt0220962/?ref_=sr_i_879
880. Der Puppenmacher von Kiang-Ning,1923,,,4.8,14,,A doll maker in China crafts a puppet which is lifelike. He takes it to exhibit but find an even more convincing and beautiful doll there. It is in fact a real woman pretending to be a doll,https://www.imdb.com/title/tt0013699/?ref_=sr_i_880
881. Paddy the Next Best Thing,1923,1h 10m,,4.0,13,,A girl aids her sister's romance with a man who really prefers her.,https://www.imdb.com/title/tt0014344/?ref_=sr_i_881
882. The Fair Maid of Perth,1923,,,4.6,11,,In Scotland an orphan competes with a prince for the chief's daughter and saves her from a wicked duke.,https://www.imdb.com/title/tt0325341/?ref_=sr_i_882
883. Antar,1923,,,4.8,9,,,https://www.imdb.com/title/tt5921378/?ref_=sr_i_883
884. Kentucky Days,1923,50m,Passed,2.0,17,,"In 1853, young Southerner Don Buckner goes west in search of gold to recoup his dwindling fortune, spent mostly on his new bride, Elizabeth. During the years of his absence he fails to communicate with his wife or his mother Margarite, even when he strikes gold, because he hopes to make this good fortune a surprise. His cousin, infatuated with Elizabeth, tries to persuade her that Don is dead and forcibly kisses her. Margarite, thinking her daughter-in-law is unfaithful, dies of a broken heart. Don returns, sees his mother's grave, and learns of his wife's ""infidelity."" He kills his cousin in a duel, orders Elizabeth from his house, frees his slaves, sets fire to his house, and decides to return to California alone. His wife, however, persuades him to take her along. Don realizes he still loves her when she becomes lost in a sandstorm. He finds Elizabeth, and they continue on to California reunited in love.",https://www.imdb.com/title/tt0015037/?ref_=sr_i_884
885. Daitokyo no ushimitsudoki dainihen katsugekihen,1923,,,,,,,https://www.imdb.com/title/tt4618790/?ref_=sr_i_885
886. Rakujitsu no tôge,1923,,,,,,,https://www.imdb.com/title/tt4684428/?ref_=sr_i_886
887. Sabishikî akatsuki,1923,,,,,,,https://www.imdb.com/title/tt4689352/?ref_=sr_i_887
888. Mine to Keep,1923,1h,,,,,"Former playboy Victor Olney becomes jealous of his wife's love soon after he and Constance are married. He is especially hostile toward Clint Mowbray, a former suitor. When Mowbray implies that there was an affair between Olney and a dancer who was injured at Olney's bachelor party, Constance leaves her husband to nurse the girl back to health. Olney's mother-in-law convinces him that Constance was not unfaithful. They are reconciled when Olney goes to Constance and it is ascertained that there was nothing between him and the dancer.",https://www.imdb.com/title/tt0014281/?ref_=sr_i_888
889. The Lone Wagon,1923,,,,,,A native Californian guide is discharged by the leader of a wagon train because he dares to make love to the latter's daughter. Sometime later he comes upon them again and is in time to save the girl he loves from an attack by the Indians.,https://www.imdb.com/title/tt0133933/?ref_=sr_i_889
890. Dundee-Criqui Boxing Exhibition,1923,,,,,,"On 26 July 1923 Johnny Dundee, an Italian-American from New York City's West Side, beats Eugène Criqui, France's featherweight boxer, in a fifteen round battle at the Polo Grounds.",https://www.imdb.com/title/tt1032865/?ref_=sr_i_890
891. Bimata,1923,,,,,,,https://www.imdb.com/title/tt0390928/?ref_=sr_i_891
892. L'homme du train 117,1923,,,,,,,https://www.imdb.com/title/tt0333580/?ref_=sr_i_892
893. Nobody's Bride,1923,50m,,,,,"An underworld story, but also a melodrama in which two dames fall for one man. Herbert Rawlinson is the young scrapper, down on his luck. Alice Lake plays a lady crook, while Edna Murphy is high society. Which will he marry, or even if?",https://www.imdb.com/title/tt0014311/?ref_=sr_i_893
894. Barbosul,1923,,,,,,,https://www.imdb.com/title/tt0174490/?ref_=sr_i_894
895. Hitori yuku michi,1923,,,,,,,https://www.imdb.com/title/tt4625450/?ref_=sr_i_895
896. Santarellina,1923,,,,,,,https://www.imdb.com/title/tt1045202/?ref_=sr_i_896
897. Konyâ no musume,1923,,,,,,,https://www.imdb.com/title/tt4656826/?ref_=sr_i_897
898. La figlia del deserto,1923,,,,,,,https://www.imdb.com/title/tt1569447/?ref_=sr_i_898
899. Zenkokû Manyu Mito Kômon,1923,,,,,,,https://www.imdb.com/title/tt4723912/?ref_=sr_i_899
900. Le petit chose,1923,1h 55m,,,,,,https://www.imdb.com/title/tt0190622/?ref_=sr_i_900
901. Die Hölle von Barballo,1923,,,,,,,https://www.imdb.com/title/tt1663899/?ref_=sr_i_901
902. El monje de Portacoeli,1923,,,,,,Based on a popular legend about the monastery of Portacoeli.,https://www.imdb.com/title/tt0014290/?ref_=sr_i_902
903. Le retour à la vie,1923,,,,,,,https://www.imdb.com/title/tt0189046/?ref_=sr_i_903
904. Borba za Ultimatum,1923,,,,,,,https://www.imdb.com/title/tt0013881/?ref_=sr_i_904
905. Indian National Congress: 37th Session at Gaya,1923,,,,,,,https://www.imdb.com/title/tt0253142/?ref_=sr_i_905
906. Simple erreur,1923,,,,,,A romance novel she is reading makes Suzanne think that she may have gotten pregnant from a kiss she was given earlier.,https://www.imdb.com/title/tt16102516/?ref_=sr_i_906
907. Vrbica,1923,,,,,,,https://www.imdb.com/title/tt0326374/?ref_=sr_i_907
"908. Hoy o nuca, bésame",1923,,,,,,,https://www.imdb.com/title/tt4989632/?ref_=sr_i_908
909. Ôokubo hikozaemon,1923,,,,,,,https://www.imdb.com/title/tt3774962/?ref_=sr_i_909
910. Les Rantzau,1923,,,,,,,https://www.imdb.com/title/tt0201882/?ref_=sr_i_910
911. Der Geigertoni,1923,,,,,,,https://www.imdb.com/title/tt1663892/?ref_=sr_i_911
912. Cruise van de Léopoldville Noorwegen-Spitzberg-Ijsland,1923,,,,,,,https://www.imdb.com/title/tt0278403/?ref_=sr_i_912
913. Crossed Wires,1923,50m,,,,,"Marcel Murphy, a telephone operator with society aspirations, overhears Mrs. Margaret Benson's conversation describing a party she is planning for her son, Ralph, and wangles an invitation by imitating the hostess's voice. At the party, a maid accuses Marcel of stealing another guest's jewelry, but Mr. Benson creates an alibi for Marcel, claiming she is the daughter of an old friend. He then secretly rents a hotel suite for her. Complications reach a climax when Ralph, Mrs. Benson, and Marcel's parents arrive at the hotel at the same time and find the young woman alone with Mr. Benson. Matters are explained, and Ralph asks Marcel to be his wife.",https://www.imdb.com/title/tt0013960/?ref_=sr_i_913
914. On the Banks of the Wabash,1923,1h 10m,,,,,"An inventor, David Hammond is the son of a ship's captain. He leaves his sweetheart, Lisbeth Bixler, and goes to the city to promote his invention. Lisbeth's father, an unsuccessful artist, deserts his family, secretly intending to commit suicide. When he fails to return, ""Cap"" Hammond protects Bixler's wife and children. David forgets Lisbeth until he returns to perfect his invention and finds that she still loves him. During a fire caused by a flooding of a nearby river, Lisbeth rescues David; and both are picked up by ""Cap"" Hammond, who has saved the whole village. Bixler returns, his courage renewed, and all are happily reunited.",https://www.imdb.com/title/tt0014330/?ref_=sr_i_914
915. Kaiketsu taka,1923,,,,,,,https://www.imdb.com/title/tt4641818/?ref_=sr_i_915
916. Das Geheimnis der Herzogin,1923,,,,,,,https://www.imdb.com/title/tt0482979/?ref_=sr_i_916
917. Bonheur conjugal,1923,51m,,,,,Jack's uncle gives him a choice: marry the rich ugly girl or leave with the pretty actress and be disinherited.,https://www.imdb.com/title/tt0191845/?ref_=sr_i_917
918. De amblève,1923,,,,,,,https://www.imdb.com/title/tt0261524/?ref_=sr_i_918
"919. Kule, które nie trafaja",1923,,,,,,,https://www.imdb.com/title/tt1037771/?ref_=sr_i_919
920. Akakabe myôjin,1923,,,,,,,https://www.imdb.com/title/tt4598242/?ref_=sr_i_920
921. Nisshokî,1923,,,,,,,https://www.imdb.com/title/tt4674208/?ref_=sr_i_921
922. Hungerleider,1923,,,,,,,https://www.imdb.com/title/tt1663916/?ref_=sr_i_922
923. Geneviève,1923,,,,,,"Genevieve is an orphan and lives with her younger sister Josette. She ends her marriage to an honest and respectful man. After dramatic incidents, wandering she finally manages to reach the house of her fiance's house",https://www.imdb.com/title/tt0205089/?ref_=sr_i_923
924. Lachendes Weinen,1923,,,,,,,https://www.imdb.com/title/tt0485248/?ref_=sr_i_924
925. Nâyamerû kôhitsujî,1923,,,,,,,https://www.imdb.com/title/tt4671080/?ref_=sr_i_925
926. Die Vampyre von New-York. 3. Dagestan - Paris,1923,,,,,,,https://www.imdb.com/title/tt1213709/?ref_=sr_i_926
"927. Gachucha, fille basque",1923,,,,,,,https://www.imdb.com/title/tt3250788/?ref_=sr_i_927
928. Hara Gouri,1923,,,,,,,https://www.imdb.com/title/tt0214750/?ref_=sr_i_928
929. Besprizornye,1923,58m,,,,,,https://www.imdb.com/title/tt0312463/?ref_=sr_i_929
930. Il grido dell'aquila,1923,,,,,,,https://www.imdb.com/title/tt0938652/?ref_=sr_i_930
931. Dai Tôkyô no ushimitsu doki: Dai sampen - Kaii hen,1923,,,,,,,https://www.imdb.com/title/tt2035482/?ref_=sr_i_931
932. Zafer yollarinda,1923,,,,,,,https://www.imdb.com/title/tt0257285/?ref_=sr_i_932
933. Reginella,1923,,,,,,,https://www.imdb.com/title/tt0924286/?ref_=sr_i_933
934. O Suicida da Boca do Inferno,1923,,,,,,,https://www.imdb.com/title/tt0014518/?ref_=sr_i_934
935. La leoparda ferita,1923,,,,,,,https://www.imdb.com/title/tt1045153/?ref_=sr_i_935
936. Iwami Jûtarô to Ban Dan'emon,1923,,,,,,,https://www.imdb.com/title/tt4631544/?ref_=sr_i_936
937. Mori koheita,1923,,,,,,,https://www.imdb.com/title/tt4670702/?ref_=sr_i_937
938. Il capolavoro di Saetta,1923,,,,,,,https://www.imdb.com/title/tt1192007/?ref_=sr_i_938
939. Reacties van een kind van 26 maand lijdend aan een achterstand in de evolutie van de beweging,1923,,,,,,,https://www.imdb.com/title/tt0263920/?ref_=sr_i_939
940. Franz Lehar,1923,,,,,,,https://www.imdb.com/title/tt1663908/?ref_=sr_i_940
941. Daichi Wa Yuragu,1923,,,,,,,https://www.imdb.com/title/tt3751640/?ref_=sr_i_941
942. Le nouveau paquebot Belgenland baptisé par le Cardinal Mercier,1923,,,,,,,https://www.imdb.com/title/tt0273898/?ref_=sr_i_942
943. Nezumi kozo,1923,,,,,,,https://www.imdb.com/title/tt1620555/?ref_=sr_i_943
944. Aswathama,1923,,,,,,,https://www.imdb.com/title/tt19117558/?ref_=sr_i_944
945. Tsumi ni sâsu kage,1923,,,,,,,https://www.imdb.com/title/tt4720014/?ref_=sr_i_945
946. Il veglionissimo,1923,,,,,,,https://www.imdb.com/title/tt1676928/?ref_=sr_i_946
947. Ein glückhaft Schiff,1923,,,,,,,https://www.imdb.com/title/tt0133806/?ref_=sr_i_947
948. Ôkubo Hikoza ippon mairu,1923,,,,,,,https://www.imdb.com/title/tt4678820/?ref_=sr_i_948
949. Fools and Riches,1923,50m,,,,,"During his lifetime John Dorgan is unsuccessful in his attempts to cure his son, Jimmy, of his spendthrift ways, but his will leaves only a part of his fortune to Jimmy, while explaining where to dig for the rest. With the help of his friends, Jimmy rapidly goes broke. Nellie Blye stands by him, however, and encourages him to get a job. While working as a waiter, he overhears information with which he prevents a railroad from being taken over and is rewarded with a position in the company. He follows his father's directions, finds the rest of his inheritance, and marries Nellie.",https://www.imdb.com/title/tt0014053/?ref_=sr_i_949
"950. 1812, Gräfin Vandières",1926,1h 30m,,,,,,https://www.imdb.com/title/tt22470322/?ref_=sr_i_950
951. Vatsalaharan,1923,,,,,,,https://www.imdb.com/title/tt0250091/?ref_=sr_i_951
952. La construction d'une cité moderne,1923,,,,,,,https://www.imdb.com/title/tt0294472/?ref_=sr_i_952
953. Kizu Kansuke,1923,,,,,,,https://www.imdb.com/title/tt4654916/?ref_=sr_i_953
954. Nogitsune Goten,1923,,,,,,,https://www.imdb.com/title/tt4675966/?ref_=sr_i_954
955. Panienka z bufetu Astoria,1923,,,,,,,https://www.imdb.com/title/tt1158897/?ref_=sr_i_955
956. Youthful Cheaters,1923,1h,,,,,"Ted MacDonald and his father, Edmund, sail to the South Seas to treat a cholera epidemic among the natives. Upon their return to Long Island, New York, Edmund is diagnosed with the disease, requiring him and Ted to remain on his ship, with regular visits by a doctor. Socialite Lois Brooke takes it upon herself to board the vessel, and she is also placed under quarantine. Lois and Ted fall in love, and during an extended visit to her home, he is seduced by her life of endless parties and hot jazz. An avaricious interloper attempts to come between Ted and Lois, but Edmund persuades them to return to the ship and continue their charitable mission.",https://www.imdb.com/title/tt0014634/?ref_=sr_i_956
957. Der Schatz der Gesine Jakobsen,1923,,,,,,,https://www.imdb.com/title/tt0967542/?ref_=sr_i_957
958. Indra Kumari,1923,,,,,,,https://www.imdb.com/title/tt19223694/?ref_=sr_i_958
959. Dansei no iki,1923,,,,,,,https://www.imdb.com/title/tt4618828/?ref_=sr_i_959
960. Hatôtsûkai no onna,1923,,,,,,,https://www.imdb.com/title/tt1161024/?ref_=sr_i_960
961. The Woman Who Obeyed,1923,,,,,,A jealous man is reunited with his divorced wife after running over their son.,https://www.imdb.com/title/tt0297467/?ref_=sr_i_961
962. Kojima Takanori,1923,,,,,,,https://www.imdb.com/title/tt4656724/?ref_=sr_i_962
963. Carl Michael Ziehrers Märchen aus Alt-Wien,1923,,,,,,,https://www.imdb.com/title/tt1662707/?ref_=sr_i_963
964. Quelques étapes mentales,1923,,,,,,,https://www.imdb.com/title/tt0282879/?ref_=sr_i_964
965. Hi no kuruma Oman,1923,,,,,,,https://www.imdb.com/title/tt4623080/?ref_=sr_i_965
966. Der Weg zum Licht,1923,,,,,,,https://www.imdb.com/title/tt0014590/?ref_=sr_i_966
"967. Menschen, Menschen san ma alle...!",1923,,,,,,,https://www.imdb.com/title/tt1666043/?ref_=sr_i_967
968. Sorori to Goemon,1923,,,,,,,https://www.imdb.com/title/tt4711670/?ref_=sr_i_968
969. Die kleine Sünde,1923,,,,,,,https://www.imdb.com/title/tt0014182/?ref_=sr_i_969
970. Dôkujîn,1923,,,,,,,https://www.imdb.com/title/tt4618838/?ref_=sr_i_970
971. Les pompiers de Bruxelles,1923,,,,,,,https://www.imdb.com/title/tt0294844/?ref_=sr_i_971
972. Hatamoto gonin otoko,1923,,,,,,,https://www.imdb.com/title/tt1161023/?ref_=sr_i_972
973. Niwa no kotori,1923,50m,,,,,,https://www.imdb.com/title/tt0013438/?ref_=sr_i_973
974. Gendai no josei,1923,,,,,,,https://www.imdb.com/title/tt2033998/?ref_=sr_i_974
975. La douloureuse méprise,1923,58m,,,,,,https://www.imdb.com/title/tt0198426/?ref_=sr_i_975
976. Botandôrô,1923,,,,,,,https://www.imdb.com/title/tt4610458/?ref_=sr_i_976
977. Ninjutsu gokko,1923,,,,,,,https://www.imdb.com/title/tt4674118/?ref_=sr_i_977
978. Le double piège,1923,51m,,,,,,https://www.imdb.com/title/tt0191096/?ref_=sr_i_978
979. Frauenschicksal,1923,,,,,,,https://www.imdb.com/title/tt0130705/?ref_=sr_i_979
980. Almajnun,1923,,,,,,,https://www.imdb.com/title/tt37528747/?ref_=sr_i_980
981. Die Welt in Flammen. 2. Teil,1923,,,,,,,https://www.imdb.com/title/tt4700548/?ref_=sr_i_981
982. Shin urashima monogatari,1923,,,,,,,https://www.imdb.com/title/tt4704390/?ref_=sr_i_982
983. Aux jardins de Murcie,1923,,,,,,"There is a rivalry between the top part and the lower part of the village of Murcie because of water. Pancho, Maria del Carmen's fiancé, hurts Xavier, son of the rich Domingo, so he has to leave the country. Maria proposes to take care of Xavier in exchange for Pancho's freedom. Unfortunately, Xavier falls in love with her and Domingo forces her to marry his son. Pancho reappears, ready to defy Xavier, but the two overhear a conversation and learn that Xavier's days are numbered. So he asks Pancho to elope with Maria.",https://www.imdb.com/title/tt0013850/?ref_=sr_i_983
984. Smil og Taare,1923,,,,,,,https://www.imdb.com/title/tt0014486/?ref_=sr_i_984
985. Ellas y ellos,1923,,,,,,,https://www.imdb.com/title/tt0014016/?ref_=sr_i_985
986. Kyôdai gataki,1923,,,,,,,https://www.imdb.com/title/tt4663702/?ref_=sr_i_986
987. Povere bimbe,1923,,,,,,,https://www.imdb.com/title/tt0195169/?ref_=sr_i_987
988. Noroi no fune,1923,,,,,,,https://www.imdb.com/title/tt0369782/?ref_=sr_i_988
989. A Espera de Touros em Vila Franca,1923,,,,,,,https://www.imdb.com/title/tt0129064/?ref_=sr_i_989
990. Wasted Lives,1923,,,,,,"Randolph Adams, a medical student, and his friend, Ned Hastings, have lost their way while on a hunting trip in the north. In a cabin which they enter by chance, Adams' medical skill is called upon to save a sick child. In response to Noah Redstone, the master of the cabin's, question, ""Why do you go about killing things when you can spend your time saving human lives?"" a change comes over him, and realizing the thrill of being able to relieve suffering, he decides to devote his life to the work. Later he enters the Red Cross service in France,leaving the children's hospital he has erected in the care of a friend. He is reported dead, and his wife is about to accept Hastings' offer of marriage when Adams appears on the scene, having spent some time in a hospital abroad recovering from an injury. Just at the moment his mother is pronounced dead from an automobile accident. But refusing to give her up without effort, he hurriedly puts a new respiratory invention to work and succeeds in saving her life. The story closes with a happy reunion.",https://www.imdb.com/title/tt0177356/?ref_=sr_i_990
991. You Can't Fool Your Wife,1923,1h,,,,,Edith sets out to prove that a wife can never be fooled by her husband - but will she succeed?,https://www.imdb.com/title/tt0014631/?ref_=sr_i_991
992. Six Days,1923,1h 30m,Passed,,,,"Laline, a pretty young woman, falls in love with Dion, a young sculptor, but her mother wants her to marry a wealthy Englishman. Laline and Dion are visiting the gravesite of Laline's brother with a priest, and a cave-in traps the three in some long-abandoned underground barracks.",https://www.imdb.com/title/tt0014478/?ref_=sr_i_992
993. The Secret of the Pueblo,1923,55m,Passed,,,,"Bob Benson, a wandering cowboy, rides over into New Mexico, where he discovers the secret entrance to the Pueblo Indian's memorial altar room, where Ruth Bryson is being held captive. But there is a bit more to it since there seems to be a couple of white men involved. Bob decides to take a hand in the proceedings.",https://www.imdb.com/title/tt0014454/?ref_=sr_i_993
994. Der Sieg des Maharadscha,1923,,,,,,,https://www.imdb.com/title/tt0338430/?ref_=sr_i_994
995. Zwischen Abend und Morgen,1923,1h 32m,,,,,,https://www.imdb.com/title/tt0014638/?ref_=sr_i_995
996. None So Blind,1923,1h 13m,,,,,"In New York City, Rachel Abrams, daughter of struggling ghetto pawnbroker Aaron Abrams, elopes with Russell Mortimer, a wealthy young member of society. Russell's father quickly offers $10,000 to terminate the match, and Aaron accepts over Rachel's objections, hoping to use the money for revenge. After Rachel dies while giving birth to a daughter, Ruth, the elder Abrams becomes a callous money lender on Wall Street. Years later, a romance develops between Ruth and Sheldon Sherman, protégé of Russell Mortimer, and between Russell's daughter, Hazel, and Saul Cohen, a friend of the Abrams family. Using a pseudonym, Aaron threatens Russell and insists that Ruth marry Saul. Complications ensue, involving love and finance. Aaron sends Ruth away for giving her love to a gentile, but the old man ultimately relents, and all are reconciled.",https://www.imdb.com/title/tt0014315/?ref_=sr_i_996
997. Konjiki yasha: Kanichi no maki,1923,,,,,,,https://www.imdb.com/title/tt4656824/?ref_=sr_i_997
998. Kenkaya Gorobei,1923,,,,,,,https://www.imdb.com/title/tt4652410/?ref_=sr_i_998
999. Koi ijô no koi,1923,,,,,,,https://www.imdb.com/title/tt4655280/?ref_=sr_i_999
1000. Valencia Cock-Tail,1923,,,,,,,https://www.imdb.com/title/tt0178960/?ref_=sr_i_1000
