Title,Year,Duration,MPA,Rating,Votes,meta_score,description,Movie Link
1. Song of the South,1946,1h 34m,Approved,6.9,15K,54,"The kindly story-teller Uncle Remus tells a young boy stories about trickster Br'er Rabbit, who outwits Br'er Fox and slow-witted Br'er Bear.",https://www.imdb.com/title/tt0038969/?ref_=sr_i_1
2. The Best Years of Our Lives,1946,2h 50m,Approved,8.1,77K,93,Three WWII veterans return home forever changed and find it difficult to adjust to their new realities.,https://www.imdb.com/title/tt0036868/?ref_=sr_i_2
3. Duel in the Sun,1946,2h 9m,Approved,6.7,11K,,"Beautiful, biracial Pearl Chavez becomes the ward of her dead father's first love and finds herself torn between two brothers, one good and the other bad.",https://www.imdb.com/title/tt0038499/?ref_=sr_i_3
4. Cloak and Dagger,1946,1h 46m,Approved,6.6,4K,,"In WW2, the Allies race against time to persuade two nuclear scientists working for the Germans to switch sides.",https://www.imdb.com/title/tt0038417/?ref_=sr_i_4
5. It's a Wonderful Life,1946,2h 10m,PG,8.6,560K,89,An angel is sent from Heaven to help a desperately frustrated businessman see the value of his own life.,https://www.imdb.com/title/tt0038650/?ref_=sr_i_5
6. Beauty and the Beast,1946,1h 33m,Not Rated,7.9,30K,92,"A beautiful young woman takes her father's place as the prisoner of a mysterious beast, who wishes to marry her.",https://www.imdb.com/title/tt0038348/?ref_=sr_i_6
7. Panique,1946,1h 39m,Not Rated,7.9,3K,,"After an elderly maid is murdered, opinions are manipulated, evidence is planted, violence erupts, and panic ensues.",https://www.imdb.com/title/tt0038824/?ref_=sr_i_7
8. Shoeshine,1946,1h 31m,Not Rated,8.0,9.2K,82,"Two shoeshine boys in postwar Rome, Italy save up to buy a horse, but their involvement as dupes in a burglary lands them in juvenile prison; the experience take a devastating toll on their friendship.",https://www.imdb.com/title/tt0038913/?ref_=sr_i_8
9. The Big Sleep,1946,1h 54m,Approved,7.9,95K,86,"Private detective Philip Marlowe is hired by a wealthy family. Before the complex case is over, he's seen murder, blackmail--and what might be love.",https://www.imdb.com/title/tt0038355/?ref_=sr_i_9
10. Notorious,1946,1h 42m,Approved,7.9,114K,100,The daughter of a convicted German spy is asked by American agents to gather information on a ring of German scientists in South America. How far will she have to go to ingratiate herself with them?,https://www.imdb.com/title/tt0038787/?ref_=sr_i_10
11. The Killers,1946,1h 43m,Approved,7.7,27K,,"Hit men arrive in a small New Jersey town to kill an unresisting victim, and insurance investigator Reardon uncovers his past involvement with beautiful, deadly Kitty Collins.",https://www.imdb.com/title/tt0038669/?ref_=sr_i_11
12. Gilda,1946,1h 50m,Approved,7.6,38K,,A small-time gambler hired to work in a Buenos Aires casino discovers his employer's new wife is his former lover.,https://www.imdb.com/title/tt0038559/?ref_=sr_i_12
13. A Matter of Life and Death,1946,1h 44m,PG,8.0,28K,,"A British wartime aviator who cheats death must argue for his life before a celestial court, hoping to prolong his fledgling romance with an American girl.",https://www.imdb.com/title/tt0038733/?ref_=sr_i_13
14. Great Expectations,1946,1h 58m,Approved,7.8,29K,90,A humble orphan boy in 1810s Kent is given the opportunity to go to London and become a gentleman - with the help of an unknown benefactor.,https://www.imdb.com/title/tt0038574/?ref_=sr_i_14
15. The Spiral Staircase,1946,1h 23m,Approved,7.3,13K,,A homicidal maniac stalks a mute young woman in a remote New England mansion.,https://www.imdb.com/title/tt0038975/?ref_=sr_i_15
16. My Darling Clementine,1946,1h 37m,Approved,7.7,29K,,"After their cattle are stolen and their brother murdered, the Earp brothers have a score to settle with the Clanton family.",https://www.imdb.com/title/tt0038762/?ref_=sr_i_16
17. The Stranger,1946,1h 35m,Approved,7.3,31K,76,An investigator from the War Crimes Commission travels to Connecticut to find an infamous Nazi.,https://www.imdb.com/title/tt0038991/?ref_=sr_i_17
18. Bedlam,1946,1h 19m,Approved,6.8,4.8K,,"A woman's efforts to improve conditions at Bedlam asylum backfire when its cruel master has her committed, but the inmates eventually gain control.",https://www.imdb.com/title/tt0038343/?ref_=sr_i_18
19. The Postman Always Rings Twice,1946,1h 53m,Approved,7.4,25K,84,A married woman and a drifter fall in love and plot to murder her husband.,https://www.imdb.com/title/tt0038854/?ref_=sr_i_19
20. Dead Reckoning,1946,1h 40m,Approved,7.0,10K,51,"A soldier runs away to avoid receiving the Medal of Honor, so his buddy gets permission to investigate. Romance and death soon follow.",https://www.imdb.com/title/tt0039305/?ref_=sr_i_20
21. Undercurrent,1946,1h 56m,Approved,6.5,4K,,Middle-aged bride Ann Hamilton soon begins to suspect that her charming husband is really a psychotic who plans to murder her.,https://www.imdb.com/title/tt0039066/?ref_=sr_i_21
22. Murderers Among Us,1946,1h 25m,Not Rated,7.4,3.2K,,"Returning to her Berlin apartment after years in a concentration camp, Susanne finds a doctor living there, traumatized by his war service. The two try to move past their experiences, as he learns a figure from his past is still living.",https://www.imdb.com/title/tt0038769/?ref_=sr_i_22
"23. Ivan the Terrible, Part II: The Boyars' Plot",1946,1h 28m,Not Rated,7.7,8.9K,,"As Ivan the Terrible attempts to consolidate his power by establishing a personal army, his political rivals, the Russian boyars, plot to assassinate their Tsar.",https://www.imdb.com/title/tt0051790/?ref_=sr_i_23
24. The Locket,1946,1h 25m,Approved,7.1,3.8K,,"Just before his wedding, the bridegroom hears a complex tale painting his lovely bride as devilish and unbalanced.",https://www.imdb.com/title/tt0038700/?ref_=sr_i_24
25. The Blue Dahlia,1946,1h 36m,Approved,7.1,11K,,An ex-bomber pilot is suspected of murdering his unfaithful wife.,https://www.imdb.com/title/tt0038369/?ref_=sr_i_25
26. The Secret Heart,1946,1h 37m,Approved,6.5,785,,"After a pianist commits suicide, his widow devotes her life to paying off his debts and raising his children.",https://www.imdb.com/title/tt0038916/?ref_=sr_i_26
27. The Dark Mirror,1946,1h 25m,Approved,7.0,6.4K,,"A man is found murdered, and witnesses are sure about the woman they saw leaving his apartment. However, it becomes apparent that the woman has a twin, and finding out which one is the killer seems impossible.",https://www.imdb.com/title/tt0038455/?ref_=sr_i_27
28. Paisan,1946,2h,Approved,7.6,11K,,American military personnel interact warily with a variety of Italian locals over a year and a half in the push north during the Italian Campaign of WWII as German forces make their retreat.,https://www.imdb.com/title/tt0038823/?ref_=sr_i_28
29. Because of Him,1946,1h 28m,Approved,6.6,496,,A young woman who wants to break into the theater schemes to become the protege of a famous Broadway star.,https://www.imdb.com/title/tt0038341/?ref_=sr_i_29
30. The Harvey Girls,1946,1h 42m,Approved,7.0,5.5K,65,"On a train trip West to become a mail-order bride, Susan Bradley meets a cheery crew of young women travelling out to open a ""Harvey House"" restaurant at a remote whistle-stop.",https://www.imdb.com/title/tt0038589/?ref_=sr_i_30
31. The Razor's Edge,1946,2h 25m,Approved,7.3,7.6K,,"An adventuresome young man goes off to find himself and loses his socialite fiancée in the process. But when he returns ten years later, she will stop at nothing to get him back, even though she is already married.",https://www.imdb.com/title/tt0038873/?ref_=sr_i_31
32. The Chase,1946,1h 26m,Approved,6.4,3.2K,,Chuck Scott gets a job as chauffeur to tough guy Eddie Roman; but Chuck's involvement with Eddie's fearful wife becomes a nightmare.,https://www.imdb.com/title/tt0038409/?ref_=sr_i_32
33. The Dark Corner,1946,1h 39m,Approved,7.1,5.8K,,A secretary tries to help her boss who's been framed for murder.,https://www.imdb.com/title/tt0038453/?ref_=sr_i_33
34. Nobody Lives Forever,1946,1h 40m,Approved,7.1,2.3K,,"Ex-GI Nick Blake gets involved in a scheme to fleece a rich, young widow, but finds himself falling for her, much to the displeasure of his racketeer cohorts.",https://www.imdb.com/title/tt0038780/?ref_=sr_i_34
35. Make Mine Music,1946,1h 15m,Approved,6.1,5.7K,60,Animation done to contemporary popular music.,https://www.imdb.com/title/tt0038718/?ref_=sr_i_35
36. Humoresque,1946,2h 5m,Approved,7.3,5.5K,,"A classical musician from the slums is sidetracked by his love for a wealthy, neurotic socialite.",https://www.imdb.com/title/tt0038622/?ref_=sr_i_36
37. The Time of Their Lives,1946,1h 22m,Approved,7.5,4.2K,,A psychiatrist stays in a mansion haunted by prankish ghosts from the Revolutionary War.,https://www.imdb.com/title/tt0039037/?ref_=sr_i_37
38. A Night in Casablanca,1946,1h 25m,Approved,6.9,8.2K,,"The Marx Brothers are employed at a hotel in postwar Casablanca, where a ring of Nazis is trying to recover a cache of stolen treasure.",https://www.imdb.com/title/tt0038777/?ref_=sr_i_38
39. Deception,1946,1h 55m,Approved,7.1,4.7K,,"After marrying her long-lost love, a musician finds the relationship threatened by a wealthy composer who is besotted with her.",https://www.imdb.com/title/tt0038461/?ref_=sr_i_39
40. Dressed to Kill,1946,1h 11m,Approved,6.7,7.8K,,"A trio of music boxes contains the hidden secret to riches, and a group of criminals will kill for them. In Vibrant Color.",https://www.imdb.com/title/tt0038494/?ref_=sr_i_40
41. Without Reservations,1946,1h 47m,Approved,6.4,2.1K,,"En route to Hollywood, an author becomes smitten with a marine, though he is unaware of her celebrity status and is critical of her best-selling novel.",https://www.imdb.com/title/tt0039110/?ref_=sr_i_41
42. Crisis,1946,1h 33m,Not Rated,6.4,4K,,"A small-town piano teacher is shocked by the arrival of her foster daughter's real mother, whose young lover soon follows and causes further disruption.",https://www.imdb.com/title/tt0038675/?ref_=sr_i_42
43. The Flying Serpent,1946,59m,Approved,4.8,645,,"The demented archaeologist Dr. Andrew Forbes discovers a living, breathing serpent-creature known to the Aztecs as Quetzalcoatl, the Killer Bird God. Tragically, he causes his wife's death by giving her one of the beast's feathers, causing the creature to track her down and slaughter her. Now, Dr. Forbes uses this twisted knowledge to exact revenge upon his enemies by placing one of the serpent's feathers on each of his intended victims and letting the beast loose to wreak havoc.",https://www.imdb.com/title/tt0038531/?ref_=sr_i_43
44. Los habitantes de la casa deshabitada,1946,1h 33m,,6.0,38,,"In a dark and stormy night Raimundo's car doesn't work, so he and his chauffeur must ask for shelter at the only nearby house, a sinister mansion where they'll find crooks, kidnapped girls and unexpected adventures.",https://www.imdb.com/title/tt0038584/?ref_=sr_i_44
45. The Strange Love of Martha Ivers,1946,1h 56m,Approved,7.4,13K,,"A man is reunited with his childhood friend and her husband who believes he knows the truth about the death of her rich aunt years earlier. Years after a murder drove them apart, an heiress tries to win back her lost love.",https://www.imdb.com/title/tt0038988/?ref_=sr_i_45
46. Canyon Passage,1946,1h 32m,Approved,6.9,3.1K,,Businessman Logan Stuart is torn between his love of two very different women in 1850's Oregon and his loyalty to a compulsive gambler friend who goes over the line.,https://www.imdb.com/title/tt0038395/?ref_=sr_i_46
47. Dragonwyck,1946,1h 43m,Approved,6.9,6.3K,,"A simple Connecticut farm girl is recruited by a distant relative, an aristocratic patroon, to be governess to his young daughter in his Hudson Valley mansion.",https://www.imdb.com/title/tt0038492/?ref_=sr_i_47
48. Terror by Night,1946,1h,Approved,6.7,7.8K,,"When the fabled Star of Rhodesia diamond is stolen on a London to Edinburgh train and the son of its owner is murdered, Sherlock Holmes must discover which of his suspicious fellow passengers is responsible.",https://www.imdb.com/title/tt0039017/?ref_=sr_i_48
49. Blondie's Lucky Day,1946,1h 9m,Approved,6.6,275,,"Dagwood takes over the office in Dithers's absence and hires former WAC Mary Jane. Dagwood and the WAC become unemployed, the Bumsteads start their own business, and Dagwood gets his old job back.",https://www.imdb.com/title/tt0038368/?ref_=sr_i_49
50. Badman's Territory,1946,1h 37m,Approved,6.2,927,,Sheriff Mark Rowley and his brother John find themselves in an annexed area of Indian Territory which is home to notorious outlaws like Jesse James and Sam Bass.,https://www.imdb.com/title/tt0038321/?ref_=sr_i_50
51. The Virginian,1946,1h 27m,Approved,6.4,1.5K,,"In Medicine Bow, a newly arrived eastern schoolteacher is courted by two cowpokes but their courtship is interrupted by violent incidents involving local cattle rustlers.",https://www.imdb.com/title/tt0039082/?ref_=sr_i_51
52. Night and Day,1946,2h 8m,Approved,6.1,3.5K,,A fictionalized biopic of composer Cole Porter from his days at Yale in the 1910s through the height of his success to the 1940s.,https://www.imdb.com/title/tt0038776/?ref_=sr_i_52
53. That Brennan Girl,1946,1h 35m,Approved,6.5,388,,"A mother encourages Ziggy, her teen daughter, to grow up quickly, and her boyfriend recruits Ziggy into his racket. Living fast and loose, Ziggy is soon a single mother herself.",https://www.imdb.com/title/tt0039020/?ref_=sr_i_53
54. The Yearling,1946,2h 8m,Approved,7.1,7.1K,89,"A boy persuades his parents to allow him to adopt a young deer, but what will happen if the deer misbehaves?",https://www.imdb.com/title/tt0039111/?ref_=sr_i_54
55. Somewhere in the Night,1946,1h 50m,Approved,7.0,4K,,"George Taylor returns from WWII with amnesia. Back home in Los Angeles, while trying to track down his old identity, he stumbles onto a 3-year old murder case and a hunt for a missing $2 million.",https://www.imdb.com/title/tt0038965/?ref_=sr_i_55
56. Till the Clouds Roll By,1946,2h 12m,Approved,6.4,3.1K,,Songwriter and Broadway pioneer Jerome Kern is unable to find immediate success in the U.S. He sought recognition abroad. He journeyed to England where his dreams of success became real and where he met his future wife Eva Leale.,https://www.imdb.com/title/tt0039035/?ref_=sr_i_56
57. Lover Come Back,1946,1h 30m,Approved,6.1,184,,A faithful wife takes gentle revenge on her philandering husband.,https://www.imdb.com/title/tt0038705/?ref_=sr_i_57
58. The Strange Woman,1946,1h 40m,Approved,6.6,3K,,In 1820s New England beautiful but poor and manipulative Jenny Hager marries rich old man Isaiah Poster but also seduces his son and his company foreman.,https://www.imdb.com/title/tt0038990/?ref_=sr_i_58
59. Lady in the Lake,1946,1h 45m,Approved,6.5,7.2K,,Private eye Phillip Marlowe searches for a missing woman.,https://www.imdb.com/title/tt0039545/?ref_=sr_i_59
60. Shock,1946,1h 10m,Approved,6.3,3.8K,,A psychologically distraught woman is committed to a private sanitarium by the man she witnessed commit a murder.,https://www.imdb.com/title/tt0038937/?ref_=sr_i_60
61. Black Angel,1946,1h 21m,Approved,6.9,4.6K,,"When Kirk Bennett is convicted of a singer's murder, his wife tries to prove him innocent...aided by the victim's ex-husband.",https://www.imdb.com/title/tt0038360/?ref_=sr_i_61
62. The Man I Love,1946,1h 36m,Approved,6.6,2K,69,"A homesick, no-nonsense lounge singer decides to leave New York City to spend some time visiting her two sisters and brother on the West Coast. Eventually she falls in love with a down-and-out ex-jazz pianist.",https://www.imdb.com/title/tt0038721/?ref_=sr_i_62
63. Behind Green Lights,1946,1h 4m,Approved,6.4,1.3K,,Police lieutenant Sam Carson investigates a political murder after the victim is dumped at the door of police headquarters.,https://www.imdb.com/title/tt0038346/?ref_=sr_i_63
64. Green for Danger,1946,1h 31m,Approved,7.3,6.4K,,A Scotland Yard Inspector investigates odd hospital deaths during the London Blitz.,https://www.imdb.com/title/tt0038577/?ref_=sr_i_64
65. A Stolen Life,1946,1h 49m,Approved,7.2,4.7K,,"When a woman's twin sister is drowned, she assumes her identity in order to be close to the man she feels that her sister took from her years before.",https://www.imdb.com/title/tt0038984/?ref_=sr_i_65
66. The Devil's Mask,1946,1h 5m,Approved,5.9,414,,A crashed plane that had a shrunken head aboard is the only clue to a mystery involving a secret code.,https://www.imdb.com/title/tt0038471/?ref_=sr_i_66
67. To Each His Own,1946,2h 2m,Approved,7.6,3.3K,67,"An unwed mother, forced to give up her child to avoid scandal, follows her son's life from afar even as she prospers in business.",https://www.imdb.com/title/tt0039040/?ref_=sr_i_67
68. The Beast with Five Fingers,1946,1h 28m,Approved,6.5,3.5K,,"In a turn-of-the-century Renaissance Italian mansion, its tyrannical owner, a wheelchair-bound one-handed pianist with a strong belief in the occult is murdered.",https://www.imdb.com/title/tt0038338/?ref_=sr_i_68
69. Cluny Brown,1946,1h 40m,Approved,7.4,4.7K,,A free-spirited parlor maid and a Czech refugee surprise an English village with their unconventional ways.,https://www.imdb.com/title/tt0038419/?ref_=sr_i_69
70. She-Wolf of London,1946,1h 1m,Approved,5.3,3.6K,,A young heiress finds evidence suggesting that at night she acts under the influence of a family curse and has begun committing ghastly murders in a nearby park.,https://www.imdb.com/title/tt0038934/?ref_=sr_i_70
71. The Verdict,1946,1h 26m,Approved,7.2,3.4K,,"After an innocent man is executed in a case for which he was not responsible, a Scotland Yard superintendent finds himself investigating the murder of his key witness.",https://www.imdb.com/title/tt0039080/?ref_=sr_i_71
72. Tomorrow Is Forever,1946,1h 44m,Approved,7.3,3.4K,,"An American World War I soldier whose disfigured face is reconstructed by Austrian plastic surgeons returns home after 20 years, but no one recognizes him, his widow is married to another man, and his son is a grown young man.",https://www.imdb.com/title/tt0039041/?ref_=sr_i_72
73. Child of Divorce,1946,1h 2m,Approved,6.6,323,,A sensitive girl has trouble adjusting to her parents' divorce.,https://www.imdb.com/title/tt0038411/?ref_=sr_i_73
74. Abilene Town,1946,1h 29m,Approved,6.2,1.6K,,A sheriff tries to stop homesteader conflicts with cattlemen in the West after the Civil War.,https://www.imdb.com/title/tt0038284/?ref_=sr_i_74
75. Deadline at Dawn,1946,1h 23m,Approved,6.8,2.8K,,"After a woman he meets is murdered, a soon-to-ship-out sailor has until dawn to find the killer, aided by a weary dance hall girl.",https://www.imdb.com/title/tt0038458/?ref_=sr_i_75
76. Nocturne,1946,1h 27m,Approved,6.5,2.1K,,"In 1940s Los Angeles, when womanizing composer Keith Vincent is found dead, the inquest concludes it was a suicide but police detective Joe Warne isn't so sure.",https://www.imdb.com/title/tt0038782/?ref_=sr_i_76
77. Blue Skies,1946,1h 44m,Approved,6.4,1.7K,,An ex-dancer and New York radio star narrates his love story for a band singer who loved a self-centered man who was unable to commit to his nightclub business or his family.,https://www.imdb.com/title/tt0038370/?ref_=sr_i_77
78. Dark Alibi,1946,1h 1m,Approved,6.4,1.6K,,"A public defender enlists Charlie to exonerate one of his clients, an ex-con falsely accused of bank robbery and murder, scheduled for execution in nine days.",https://www.imdb.com/title/tt0038452/?ref_=sr_i_78
79. Angel on My Shoulder,1946,1h 40m,Approved,6.8,3.5K,51,The Devil arranges for a deceased gangster to return to Earth as a well-respected judge to make up for his previous life.,https://www.imdb.com/title/tt0038300/?ref_=sr_i_79
80. The Truth About Murder,1946,1h 3m,Approved,5.7,247,,"Christine, a lawyer closely working with District Attorney Lester Ashton, quits her job and joins his friend Bill's one-man buffet. Bill is drinking heavily because of his flirtatious wife. Trying to help him they get involved in a murder. Now Christine and Lester must think of a way to have their mutual friend Bill cleared out.",https://www.imdb.com/title/tt0039050/?ref_=sr_i_80
81. House of Horrors,1946,1h 5m,Approved,6.1,1.5K,,"An unsuccessful sculptor saves a madman named ""The Creeper"" from drowning. Seeing an opportunity for revenge, he tricks the psycho into murdering his critics.",https://www.imdb.com/title/tt0038621/?ref_=sr_i_81
82. I See a Dark Stranger,1946,1h 38m,Approved,6.9,2.1K,,A young Irish woman hates England so much she becomes a spy for Germany.,https://www.imdb.com/title/tt0038289/?ref_=sr_i_82
83. Three Strangers,1946,1h 32m,Approved,6.9,3K,,"Three strangers, each dealing with a serious problem, share a sweepstakes ticket which they wished upon together before a Chinese idol.",https://www.imdb.com/title/tt0039029/?ref_=sr_i_83
84. My Reputation,1946,1h 34m,Approved,7.0,2.4K,,A recent widow meets an army major while skiing and becomes romantically involved with him despite pressures from friends and family.,https://www.imdb.com/title/tt0038765/?ref_=sr_i_84
85. Of Human Bondage,1946,1h 45m,Approved,6.3,809,,A medical student with a club foot risks his future when he falls for a beautiful but ambitious waitress. Based on a novel by W. Somerset Maugham.,https://www.imdb.com/title/tt0038795/?ref_=sr_i_85
86. Anna and the King of Siam,1946,2h 8m,Approved,7.0,2.9K,,"In 1862, a young Englishwoman becomes royal tutor in Siam and befriends the King.",https://www.imdb.com/title/tt0038303/?ref_=sr_i_86
87. The Brute Man,1946,58m,Approved,4.5,1.7K,,"A facially-deformed and mentally-unhinged man wreaks his revenge, with a series of brutal murders, on those who deformed him.",https://www.imdb.com/title/tt0038387/?ref_=sr_i_87
88. Tarzan and the Leopard Woman,1946,1h 12m,Approved,6.0,2.6K,,"As a spate of leopard attacks causes panic, a sceptical Tarzan joins a hunting expedition, only to face a pagan cult of leopard-god worshippers and their fiendish high priestess. Can he escape the sharp claws of the savage Leopard Woman?",https://www.imdb.com/title/tt0039011/?ref_=sr_i_88
89. Dangerous Money,1946,1h 6m,Approved,6.3,1.4K,,A treasury agent on the trail of counterfeit money confides to fellow ocean liner passenger Charlie Chan that there have been two attempts on his life.,https://www.imdb.com/title/tt0038449/?ref_=sr_i_89
90. No Regrets for Our Youth,1946,1h 50m,PG,7.1,4.6K,,"The daughter of a politically disgraced university professor struggles to find a place for herself in love and life, in the uncertain world of Japan leading into WWII.",https://www.imdb.com/title/tt0039090/?ref_=sr_i_90
91. The Trap,1946,1h 8m,Approved,6.0,1.4K,,"When a troupe of showgirls with their impresario and press agent vacation at a Malibu Beach resort, two of them are garroted. Charlie takes on the case assisted by Number Two Son Jimmy and faithful chauffeur Birmingham Brown.",https://www.imdb.com/title/tt0039912/?ref_=sr_i_91
92. The Crimson Ghost,1946,2h 47m,Approved,6.7,610,,"A criminal mastermind known as the Crimson Ghost is out to steal a device called the Cyclotrode, which can short-circuit every electrical current on the planet.",https://www.imdb.com/title/tt0038435/?ref_=sr_i_92
93. Enamorada,1946,1h 39m,PG,7.6,1.2K,,"During the Mexican Revolution, a macho rebel general falls in love with the independent-minded daughter of an aristocrat in the town he is occupying.",https://www.imdb.com/title/tt0038510/?ref_=sr_i_93
94. The Jolson Story,1946,2h 8m,Approved,7.2,2K,,"This movie shows the idealized career of the singer Al Jolson, a little Jewish boy who goes against the will of his father in order to be in showbiz. He becomes a star, falls in love with a non-Jewish dancer, and marries her. In the end he chooses success on the stage.",https://www.imdb.com/title/tt0038661/?ref_=sr_i_94
95. Suspense,1946,1h 41m,Approved,6.5,1.2K,,Ice revue owner promotes peanut vendor to manager. Vendor gets too close to owner's wife. Owner suspects vendor wants wife and business. Complications ensue amidst professional and personal entanglements.,https://www.imdb.com/title/tt0039000/?ref_=sr_i_95
96. The Spider Woman Strikes Back,1946,59m,Approved,5.7,526,,"A young girl goes to work as a live-in caretaker for a spooky old woman. She doesn't know that every night, the woman drains some blood from her to feed her strange plant.",https://www.imdb.com/title/tt0038974/?ref_=sr_i_96
97. 91:an Karlsson,1946,1h 28m,,4.7,161,,Squadron leader Morgonkröök throws a big party where one of his colleagues is going to demonstrate a new type of explosive substance.,https://www.imdb.com/title/tt0038280/?ref_=sr_i_97
98. Fear in the Night,1946,1h 12m,Approved,6.3,2.1K,,"A man dreams he committed murder, then begins to suspect it was real.",https://www.imdb.com/title/tt0039372/?ref_=sr_i_98
99. Whistle Stop,1946,1h 25m,Approved,5.5,1.5K,,"After beautiful Mary returns home to her ""whistle stop"" home town, long-standing feelings of animosity between two of her old boyfriends leads to robbery and murder.",https://www.imdb.com/title/tt0039101/?ref_=sr_i_99
100. Never Say Goodbye,1946,1h 37m,Approved,6.8,1.5K,,"After divorce, 7-year-old Flip is unhappy. She begins corresponding with a Marine, sending him a photo of Ellen pretending she wrote the flirtatious letters. When the Marine arrives to meet his pen pal, Ellen uses it to make Phil jealous.",https://www.imdb.com/title/tt0038773/?ref_=sr_i_100
101. Queen of the Amazons,1946,1h 1m,Approved,3.7,915,,"A woman's husband has disappeared on an expedition into the jungle. She hires a guide to take her into the jungle to find him. However, they discover that he has been captured by a savage female tribe.",https://www.imdb.com/title/tt0039743/?ref_=sr_i_101
102. The Battle of the Rails,1946,1h 25m,,7.0,1.5K,,Recounts the courageous efforts by French railroad workers who were part of an organized resistance during German World War II occupation.,https://www.imdb.com/title/tt0038334/?ref_=sr_i_102
103. The Bandit,1946,1h 23m,,6.8,563,,"A contingent of Italian prisoners of war arrive on a train from Germany after World War II to Turin. The city where Ernesto lives has been bombed, his mother is dead and his sister has gone missing.",https://www.imdb.com/title/tt0038327/?ref_=sr_i_103
104. The Room Upstairs,1946,1h 43m,,6.6,623,,"The local building contractor Martin Roumagnac is fascinated by the fashionable Blanche Ferrand. To impress Blanche, Martin presents her with a villa. However, this ruins him financially. Despite Martin's many efforts for the femme fatale Blanche, she is not able to chose between him and the rich consul De Laubry.",https://www.imdb.com/title/tt0038728/?ref_=sr_i_104
105. Scared to Death,1946,1h 5m,Approved,4.1,2.1K,,"From a slab in the morgue, a dead young woman tells the bizarre tale of how she got there, through a maze of murder involving a hypnotist, a midget and a mysterious figure in a green mask.",https://www.imdb.com/title/tt0039800/?ref_=sr_i_105
106. The Diary of a Chambermaid,1946,1h 26m,Approved,6.5,1.7K,,A chambermaid plots to climb the social ladder by marrying a wealthy man.,https://www.imdb.com/title/tt0038477/?ref_=sr_i_106
107. Gates of the Night,1946,1h 40m,,7.1,1.4K,,"It's Paris in the winter after its liberation. A tramp who may also be Destiny predicts that Jean Diego will fall in love with a beautiful girl. That same evening, Jean meets Malou.",https://www.imdb.com/title/tt0038853/?ref_=sr_i_107
108. Decoy,1946,1h 16m,Approved,6.7,2.4K,,A mortally-wounded female gangster recounts how she and her gang revived an executed killer from the gas chamber to try to find out where he buried a fortune in cash.,https://www.imdb.com/title/tt0038462/?ref_=sr_i_108
109. Theirs Is the Glory,1946,1h 22m,Approved,7.1,483,,A re-enactment of the Battle of Arnhem during the Second World War which was later lavishly remade as A Bridge Too Far (1977).,https://www.imdb.com/title/tt0171824/?ref_=sr_i_109
110. The Kid from Brooklyn,1946,1h 53m,Approved,6.5,1.4K,,"After a timid milkman knocks unconscious a boxing champion who was accosting his sister, he decides to take up boxing himself in order to impress a beautiful nightclub singer.",https://www.imdb.com/title/tt0038668/?ref_=sr_i_110
111. Till the End of Time,1946,1h 45m,Approved,6.7,1.8K,65,Drama about former WW2 Marines readjusting to civilian life and dealing with their mental and physical traumas.,https://www.imdb.com/title/tt0039036/?ref_=sr_i_111
112. Wanted for Murder,1946,1h 43m,Approved,6.8,1.1K,,"A woman becomes the target of a man who is gradually becoming insane, unable to resist his urge to strangle women to death, but who appears to be purposely leaving pieces of evidence behind.",https://www.imdb.com/title/tt0039095/?ref_=sr_i_112
113. The Bandit of Sherwood Forest,1946,1h 26m,Approved,5.8,609,,"The adventures of Robert of Nottingham, the son of Robin Hood.",https://www.imdb.com/title/tt0038326/?ref_=sr_i_113
114. My Pal Trigger,1946,1h 19m,Approved,6.4,566,,Roy is unjustly accused of killing the stallion that mated with his mare who gives birth to - Trigger!,https://www.imdb.com/title/tt0038764/?ref_=sr_i_114
115. Mysterious Intruder,1946,1h 1m,Approved,6.3,931,,"Amid murders and kidnappings, a private detective is hired to find a missing girl whose family inheritance contains two rare collectible song recordings worth a lot of money.",https://www.imdb.com/title/tt0038766/?ref_=sr_i_115
116. Shadows Over Chinatown,1946,1h 4m,,6.5,956,,Charlie investigates murders connected with insurance fraud. This one is set in San Francisco's Chinatown.,https://www.imdb.com/title/tt0038929/?ref_=sr_i_116
117. Shadow of a Woman,1946,1h 18m,Approved,6.0,614,,A young bride's marital bliss is replaced by shades of suspicion when she suspects that her husband is trying to starve his young son to death in order to claim an inheritance the boy is entitled to.,https://www.imdb.com/title/tt0038927/?ref_=sr_i_117
118. Let There Be Light,1946,58m,Not Rated,7.4,2.2K,,A group of mentally traumatized veteran patients is followed as they go through psychiatric treatment.,https://www.imdb.com/title/tt0038687/?ref_=sr_i_118
119. Ocho hombres y una mujer,1946,1h 50m,,,,,"Eight castaways struggle to survive on a deserted island when an unexpected visitor arrives—a female pilot whose plane crashes nearby, disrupting their isolated existence and changing the group's dynamics.",https://www.imdb.com/title/tt0219217/?ref_=sr_i_119
120. Margie,1946,1h 34m,Approved,7.1,1.1K,,"A woman reminisces about her teenage years in the 1920s, when she fell in love with her teacher.",https://www.imdb.com/title/tt0038727/?ref_=sr_i_120
121. The Other One,1946,1h 38m,,7.4,775,,Dolores Del Rio plays a dual role as identical twins - one good and one bad.,https://www.imdb.com/title/tt0038813/?ref_=sr_i_121
122. Faithful in My Fashion,1946,1h 21m,Approved,6.0,405,,"A U.S. Army sergeant is home on leave to reconnect with his girlfriend he hopes to marry. However, in the years he's been away, she's gotten a huge promotion where they used to work together - and has become engaged to another man.",https://www.imdb.com/title/tt0038517/?ref_=sr_i_122
123. Calcutta,1946,1h 23m,Approved,6.4,875,,"Neale and Pedro fly cargo between Chungking and Calcutta. After their buddy Bill is murdered, they investigate. Neale meets Bill's fiancée Virginia and becomes suspicious of a deeper plot while also falling for her charms.",https://www.imdb.com/title/tt0039235/?ref_=sr_i_123
124. The Green Years,1946,2h 7m,Approved,7.1,1.2K,,"An orphaned young boy is guided by his great-grandfather and strives to go to university to become a doctor. However, the boy's harsh grandfather stands in his way.",https://www.imdb.com/title/tt0038578/?ref_=sr_i_124
125. O.S.S.,1946,1h 48m,Approved,6.6,628,,"During WW2, the O.S.S. sends teams of spies and saboteurs into Nazi-occupied France.",https://www.imdb.com/title/tt0038794/?ref_=sr_i_125
126. Devotion,1946,1h 47m,Approved,6.6,1.2K,,Genius authors Emily and Charlotte Brontë fall in love with their curate as they seek to get their work published.,https://www.imdb.com/title/tt0038474/?ref_=sr_i_126
127. The Captive Heart,1946,1h 26m,Approved,7.0,1.3K,,"In 1940, a concentration camp escapee assumes the identity of a dead British officer, only to become a prisoner of war.",https://www.imdb.com/title/tt0038396/?ref_=sr_i_127
128. Pastoral Symphony,1946,1h 50m,Approved,6.8,722,,"A minister falls in love with a blind young woman he sheltered, but so does his son.",https://www.imdb.com/title/tt0039004/?ref_=sr_i_128
129. Love Laughs at Andy Hardy,1946,1h 33m,Approved,5.9,878,,Andy Hardy goes to college after returning from World War II. He is in love with Kay Wilson this time.,https://www.imdb.com/title/tt0038704/?ref_=sr_i_129
130. Secret Flight,1946,1h 12m,,6.4,334,,"During World War II, on the eve of the Battle of Britain, British scientists develop the first radar systems to be employed against the German Luftwaffe.",https://www.imdb.com/title/tt0038911/?ref_=sr_i_130
131. Night Editor,1946,1h 8m,Approved,6.7,1.2K,,A detective's dilemma. A murder investigation is compromised by the detective's compromised position in love.,https://www.imdb.com/title/tt0038774/?ref_=sr_i_131
132. Heartbeat,1946,1h 42m,Approved,5.9,921,,"In Paris, a young woman runs away from a reform school, joins a pickpocket academy, and finds herself falling for the handsome diplomat she's been blackmailed into stealing from.",https://www.imdb.com/title/tt0038592/?ref_=sr_i_132
133. Bowery Bombshell,1946,1h 5m,Approved,6.3,460,,"Slip, Sach, Bobby, Whitey and Chuck unsuccessfully try to sell a dilapidated car to a street cleaner for a fabulous amount, so they can get enough money to save Louie's Malt Shop.",https://www.imdb.com/title/tt0038378/?ref_=sr_i_133
134. Inside Job,1946,1h 5m,Approved,5.6,250,,A pair of married ex-convicts trying to go straight get jobs at a department store. A gangster who knows about their past threatens to expose it unless they agree to help him rob the department store.,https://www.imdb.com/title/tt0038643/?ref_=sr_i_134
135. A Friend Will Come Tonight,1946,1h 32m,,6.3,156,,"When a Resistance commander and his forces disguise themselves as patients in a hospital, there is some confusion among the staff as to who is actually suffering from a real illness.",https://www.imdb.com/title/tt0038202/?ref_=sr_i_135
136. Two Guys from Milwaukee,1946,1h 30m,Approved,6.4,789,,"In the midst of a political vote, a Balkan prince comes to New York City to observe ordinary life, where he befriends a cabby and falls for his girlfriend.",https://www.imdb.com/title/tt0039053/?ref_=sr_i_136
137. Strange Impersonation,1946,1h 8m,Approved,6.2,948,,"A research scientist conducting experiments on a new anesthetic finds herself being blackmailed by a woman she accidentally knocked down with her car; the woman wasn't hurt, but a scheming attorney has convinced her she can get a lot of money for the ""accident"". Meanwhile, the scientist's research assistant, who is in love with her boss' boyfriend, arranges for an explosion in the laboratory that disfigures the scientist's face, in order to take the boyfriend away from her. The scientist has plastic surgery to make her look like the woman who tried to blackmail her - who while struggling with the scientist fell out of a window and was killed - and determines to get back her boyfriend and punish her scheming assistant.",https://www.imdb.com/title/tt0038986/?ref_=sr_i_137
138. Magnificent Doll,1946,1h 30m,Approved,6.2,515,,"Dolly Payne Madison is the daughter of boardinghouse owners in Washington, DC who falls in love with Aaron Burr and James Madison.",https://www.imdb.com/title/tt0038715/?ref_=sr_i_138
139. Crack-Up,1946,1h 33m,Approved,6.5,2.1K,,"Art curator George Steele experiences a train wreck...which may not have actually happened. Is he cracking up, or the victim of a wicked plot?",https://www.imdb.com/title/tt0038429/?ref_=sr_i_139
140. Soy un prófugo,1946,1h 50m,,7.2,209,,A janitor in a large bank is accused of pulling off a major heist and forced to become a fugitive while hunting for the real culprits.,https://www.imdb.com/title/tt0038972/?ref_=sr_i_140
141. Courage of Lassie,1946,1h 32m,Approved,6.2,1.8K,,A young girl rehabilitates an Army's shell-shocked collie.,https://www.imdb.com/title/tt0038427/?ref_=sr_i_141
142. Swing Parade of 1946,1946,1h 14m,Approved,5.3,495,,"A struggling young singer falls for a nightclub owner whose father, a millionaire, is trying to shut it down.",https://www.imdb.com/title/tt0039003/?ref_=sr_i_142
143. Smoky,1946,1h 27m,Approved,6.7,504,,Drama about the strong bond between a cowpoke and a wild bronco set during the 1940s.,https://www.imdb.com/title/tt0038955/?ref_=sr_i_143
"144. Home, Sweet Homicide",1946,1h 30m,Approved,6.9,436,,A mystery writer's three children confuse a police detective working on a murder.,https://www.imdb.com/title/tt0038613/?ref_=sr_i_144
145. Sentimental Journey,1946,1h 34m,Approved,6.4,564,,"Julie adopts Hitty before dying. Bill grieves, rejects Hitty's attempts to help. Hitty believes Julie visits her with advice. Bill plans to send Hitty away. After hearing Julie's message, Bill accepts moving forward with Hitty.",https://www.imdb.com/title/tt0038922/?ref_=sr_i_145
146. So Dark the Night,1946,1h 11m,Approved,6.3,1.6K,,"Paris police detective Cassin has a well needed vacation at a rural inn, where the owners' adult daughter shows interest in him but she has a jealous boyfriend. Will Cassin need his skills?",https://www.imdb.com/title/tt0038958/?ref_=sr_i_146
147. Temptation,1946,1h 38m,Approved,6.6,475,,"Ruby, a beautiful divorcee with a shady past, marries a rich Egyptologist, and while he continues excavating a Pharoah's tomb, she becomes bored until she falls for a debt-ridden, blackmailing Egyptian prince.",https://www.imdb.com/title/tt0039015/?ref_=sr_i_147
148. Flight to Nowhere,1946,1h 19m,Approved,4.5,343,,A couple on board a plane find themselves mixed up in a plot to steal atomic secrets.,https://www.imdb.com/title/tt0038529/?ref_=sr_i_148
149. Neecha Nagar,1946,2h 2m,,6.5,321,,"Wealthy landlord's sewage diversion into village sparks protests led by Balraj against housing project. Sarkar's daughter Maya sides with villagers, falling for Balraj. Epidemic from sewage endangers villagers, threatening Sarkar's power.",https://www.imdb.com/title/tt0154942/?ref_=sr_i_149
150. It Rains on Our Love,1946,1h 35m,,6.6,1.9K,,Young love confronts stupidity and boredom of society.,https://www.imdb.com/title/tt0038468/?ref_=sr_i_150
151. El ahijado de la muerte,1946,1h 22m,,6.9,70,,"A Hacienda foreman, known as Death's Godson, rebels against his childhood friend and master.",https://www.imdb.com/title/tt0243744/?ref_=sr_i_151
152. The Falcon's Adventure,1946,1h 1m,Approved,6.3,643,,"The Falcon rescues Louisa Braganza from kidnappers who want her father's secret formula for making diamonds. Her father's murder is pinned on the Falcon and, when he and she flee to Florida, another murder seems to confirm his guilt.",https://www.imdb.com/title/tt0038518/?ref_=sr_i_152
153. The Years Between,1946,1h 28m,,6.8,247,,"A Member of Parliament, who had been reportedly killed in action during World War II, unexpectedly returns to his family, only to find that his wife has been persuaded to take his seat in the House of Commons.",https://www.imdb.com/title/tt0039112/?ref_=sr_i_153
154. Two Smart People,1946,1h 33m,Approved,6.4,748,,"A fugitive negotiates a 5-year sentence for the theft of half-million dollar worth of bonds but takes a short trip before surrendering, while suspecting that a con-woman, a cop and a former crime-partner are after his hidden bonds.",https://www.imdb.com/title/tt0039055/?ref_=sr_i_154
155. The Catman of Paris,1946,1h 5m,Approved,5.4,520,,Are mysterious killings in Paris of 1896 the work of man or monster?,https://www.imdb.com/title/tt0038402/?ref_=sr_i_155
156. Sister Kenny,1946,1h 56m,Approved,7.2,1.4K,,"An Australian nurse, Sister Kenny, discovers an effective new treatment for infantile paralysis, but experiences great difficulty in convincing doctors of the validity of her claims.",https://www.imdb.com/title/tt0038948/?ref_=sr_i_156
157. Those Who Make Tomorrow,1946,1h 22m,,6.5,225,,"Two sisters, one a dancer and the other a script supervisor at a big movie studio, become embroiled in union activities when a strike is called in sympathy with striking railroad workers, one of whom boards with the sisters and their parents. The girls' father argues with them about their strike, but finds his views changing when he himself loses his job.",https://www.imdb.com/title/tt0038310/?ref_=sr_i_157
158. The Inner Circle,1946,57m,Approved,6.0,668,,"A private detective finds himself with a perfect new secretary. But after a notorious gossip columnist turns up murdered, she may prove too good to be true.",https://www.imdb.com/title/tt0038640/?ref_=sr_i_158
159. The Bride Wore Boots,1946,1h 25m,Approved,6.0,593,,"A bookish historian is married to a steely Southern belle who raises horses, an animal that he doesn't care for. However, the cute young neighbor girl doesn't feel that way about him and makes no bones about letting him know it.",https://www.imdb.com/title/tt0038383/?ref_=sr_i_159
160. Strange Voyage,1946,1h 20m,,5.2,52,,"A group of men go on an expedition seeking sunken treasure, and wind up battling bad weather, rough seas and each other.",https://www.imdb.com/title/tt0038127/?ref_=sr_i_160
161. Just Before Dawn,1946,1h 5m,Approved,6.3,385,,"In the 7th film of the ""Crime Doctor"" series based on the radio program, Dr. Robert Ordway (Warner Baxter) is summoned to take attend a diabetic, and gives an injection of insulin taken from a bottle in the patient's pocket. The man dies and Ordway discovers that what he thought was insulin was really poison. Oops! Two other people are murdered before Ordway discovers who replaced the insulin with poison and what the motive was.",https://www.imdb.com/title/tt0038665/?ref_=sr_i_161
162. Caravan,1946,1h 57m,Approved,6.3,279,,"During the last half of the 19th century writer Richard Darrell saves Don Carlos from two robbers, and is entrusted by Don Carlos to take a valuable necklace to Spain. Richard leaves his fiancée, Oriana, and starts the trip. He meets Wycroft, a henchman for Sir Francis Castleton, an aristocrat out to steal Oriana from Richard. The latter is assaulted, robbed and nearly killed and, as a result, loses his memory. He marries a gypsy girl, Rosal, while Oriana, thinking him dead marries the dastardly Sir Francis. Everybody will meet again. Complications will arise.",https://www.imdb.com/title/tt0037578/?ref_=sr_i_162
163. Bedelia,1946,1h 23m,Approved,6.6,528,,"Bedelia, a newly remarried beautiful widow, is on honeymoon in Monte Carlo. A painter approaches her inquiring about her past. When she and her husband go back to England the artist will soon be there. Danger, crime and truth will follow.",https://www.imdb.com/title/tt0038342/?ref_=sr_i_163
164. A Scandal in Paris,1946,1h 40m,Approved,6.5,1.4K,,"Born in a French prison in 1775, François Eugène Vidocq becomes a professional thief and is later appointed chief of Parisian police.",https://www.imdb.com/title/tt0038908/?ref_=sr_i_164
165. While the Door Was Locked,1946,1h 29m,,6.9,288,,About a number of people in an apartment building during a night full of dramatic events and entanglements.,https://www.imdb.com/title/tt0038734/?ref_=sr_i_165
166. Little Giant,1946,1h 31m,Approved,6.7,1.5K,,"Lou Costello plays a country bumpkin vacuum-cleaner salesman, working for the company run by the crooked Bud Abbott. To try to keep him under his thumb, Abbott convinces Costello that he's a crackerjack salesman. This comedy is somewhat like The Time of Their Lives (1946), in that Abbott and Costello don't have much screen time together and there are very few vaudeville bits woven into the plot.",https://www.imdb.com/title/tt0038694/?ref_=sr_i_166
167. Two Years Before the Mast,1946,1h 38m,Approved,6.9,607,,The playboy son of a wealthy shipping magnate discovers at first hand the desperate privations suffered by the crew of one of his father's ships after he is unwillingly press-ganged aboard.,https://www.imdb.com/title/tt0039056/?ref_=sr_i_167
168. Holiday in Mexico,1946,2h 8m,,6.0,585,,The U.S. Ambassador's (Walter Pidgeon) daughter falls for a Mexican pianist (Jose Iturbi) old enough to be her grandfather.,https://www.imdb.com/title/tt0038606/?ref_=sr_i_168
169. Down Missouri Way,1946,1h 15m,Approved,5.0,147,,"When an agricultural professor returns home to the farm with her scientifically-raised mule for a needed rest, they find themselves caught up in a movie being filmed in the Ozarks.",https://www.imdb.com/title/tt0038490/?ref_=sr_i_169
170. Specter of the Rose,1946,1h 30m,Approved,5.7,310,,"Ballet dancer Andre Sanine (Ivan Kirov) may have murdered his first wife. A detective thinks so, and he's not the only one. Andre is charming, if a little peculiar. Haidi (Viola Essen), a ballerina, marries him. The company takes its new production on tour. But Andre's control seems to be slipping.",https://www.imdb.com/title/tt0038973/?ref_=sr_i_170
171. Black Beauty,1946,1h 14m,Approved,5.8,312,,A young English girl is raising a horse named Black Beauty into a prize-winner. The motherless girl is thrown into a panic after Beauty disappears.,https://www.imdb.com/title/tt0038361/?ref_=sr_i_171
172. Larceny in Her Heart,1946,1h 8m,Approved,6.1,155,,"In the second of the PRC ""Michael Shayne"" series,civic crusader Burton Stallings hires private detective Michael Shayne to locate the former's missing step-daughter Helen. Shayne discovers that Stallings himself has had Helen confined in an asylum in order to obtain her money.",https://www.imdb.com/title/tt0038682/?ref_=sr_i_172
173. The Last Crooked Mile,1946,1h 7m,Approved,6.1,470,,"After a bank robbery, the loot disappears and is sought after by an insurance investigator, the police and the surviving robbers.",https://www.imdb.com/title/tt0038683/?ref_=sr_i_173
174. Cuban Pete,1946,1h,Approved,5.8,55,,"Unable to complete the deal by telephone, advertising executive Roberts sends his assistant Ann to Cuba to lure a Cuban band, led by Desi Arnaz, on to an American radio program. Attracted to Ann, Arnaz and his band come to New York but complications arise when the squeaky-voiced, addle-brained sponsor of the program decides she wants to be the vocalist on the program.",https://www.imdb.com/title/tt0038441/?ref_=sr_i_174
175. Sylvie and the Ghost,1946,1h 37m,Unrated,6.9,593,,Sylvie's father sells her grandmother's lover's painting for cash. The ghost appears on Sylvie's 16th birthday. Two suitors dress as the ghost to impress her. The real ghost helps resolve the love triangle.,https://www.imdb.com/title/tt0038146/?ref_=sr_i_175
176. Monsieur Beaucaire,1946,1h 33m,Approved,6.7,827,,A bumbling barber in the court of King Louis XV becomes engaged in political intrigue when he masquerades as a dashing nobleman engaged to the princess of Spain.,https://www.imdb.com/title/tt0038747/?ref_=sr_i_176
177. Night Boat to Dublin,1946,1h 40m,Approved,6.2,505,,The allies plan to rescue a Swedish atomic scientist from under the noses of the Nazis.,https://www.imdb.com/title/tt0037943/?ref_=sr_i_177
178. Two Sisters from Boston,1946,1h 52m,Approved,6.6,789,,A high society Boston girl goes from the Bowery to the opera with the help of her sister.,https://www.imdb.com/title/tt0039054/?ref_=sr_i_178
179. Three Little Girls in Blue,1946,1h 40m,Approved,6.4,344,,"A reworking of the movie ""Three Blind Mice"" (1938) based on the play of the same name, which in turn led to the remake, ""Moon Over Miami"" (1941). This version is set during the turn of the century. Three sisters from Red Bank set out for Atlantic City disguised as an heiress, her secretary and a maid, in the hope that one of them will land a rich husband.",https://www.imdb.com/title/tt0039026/?ref_=sr_i_179
180. Gallant Journey,1946,1h 25m,Approved,6.1,355,,This historical drama is a biopic of the U.S. aviation pioneer John J. Montgomery who was the first American to fly a glider in 1883.,https://www.imdb.com/title/tt0039409/?ref_=sr_i_180
181. The Overlanders,1946,1h 31m,Approved,6.5,580,,"It's the start of WWII in Northern Australia. The Japanese are getting close. People are evacuating and burning everything in a ""scorched earth"" policy. Rather than kill all their cattle, a disparate group decides to drive them overland half way across the continent.",https://www.imdb.com/title/tt0038821/?ref_=sr_i_181
182. Swamp Fire,1946,1h 9m,Approved,5.4,309,,"In the delta county of Louisiana, Johnny Duval is haunted by recurring nightmares of his wartime experiences.",https://www.imdb.com/title/tt0039001/?ref_=sr_i_182
183. Three Wise Fools,1946,1h 30m,Approved,6.5,496,,"Three successful bachelors who share a house reluctantly take in a 7-year-old girl to gain her inherited property, but supernatural forces linked to an old Irish blessing complicate their scheme.",https://www.imdb.com/title/tt0039031/?ref_=sr_i_183
184. Do You Love Me,1946,1h 31m,Approved,6.3,339,,The woman dean of a music school undergoes a glamorous transformation after she meets a swing bandleader.,https://www.imdb.com/title/tt0038484/?ref_=sr_i_184
185. The Madonna's Secret,1946,1h 19m,Approved,6.4,326,,The sister of a murdered model poses for the same artist to try to catch her killer.,https://www.imdb.com/title/tt0038714/?ref_=sr_i_185
186. The Bamboo Blonde,1946,1h 7m,Approved,5.8,464,,"A beautiful blonde singer who has a one-time fling with an engaged pilot, is confused by his B-29 bomber crew to be his real fiancée, and her image ends up being painted on the nose of their aircraft, for good luck, as the ""Bamboo Blonde"".",https://www.imdb.com/title/tt0038324/?ref_=sr_i_186
187. They Made Me a Killer,1946,1h 4m,Approved,5.8,398,,A young girl tries to prove a man innocent of robbery and murder charges.,https://www.imdb.com/title/tt0039023/?ref_=sr_i_187
188. Nuremberg Trials,1946,58m,,6.5,174,,A look at the trials of Nazi leaders.,https://www.imdb.com/title/tt0244109/?ref_=sr_i_188
189. Dick Tracy vs. Cueball,1946,1h 2m,Approved,5.9,1.6K,,"Expensive diamonds are stolen but before the thief can fence them he is strangled by ex-con Cueball, who then takes the gems and continues murdering people he believes are trying to swindle him.",https://www.imdb.com/title/tt0038478/?ref_=sr_i_189
190. Centennial Summer,1946,1h 42m,Approved,6.0,474,,"In 1876 Philadelphia, two sisters vie for the affections of a Frenchman who's come to town to prepare the French pavilion for the Centennial exposition.",https://www.imdb.com/title/tt0038406/?ref_=sr_i_190
191. Behind the Mask,1946,1h 8m,Approved,5.0,328,,"Lamont Cranston, aka the Shadow, has his hands full as the murder of blackmailing reporter Jeff Mann is blamed on him. Not only does the real murderer seem one step ahead of him as Lamont tries to discover his identity, but he is continually hampered from gaining crucial evidence by his jealous, interfering fiancée Margo Lane. Cranston perseveres and is rewarded with the clue he needs at one of Mann's victims' nightclubs.",https://www.imdb.com/title/tt0038347/?ref_=sr_i_191
192. Sunset Pass,1946,1h 4m,Approved,5.6,158,,"A young outlaw gets involved with a gang of crooks. When he tells them he is breaking away, they threaten to pin a false murder charge on him. But he is rescued and reformed by his sister, and an undercover agent for the express company.",https://www.imdb.com/title/tt0038996/?ref_=sr_i_192
193. Accomplice,1946,1h 8m,Approved,5.2,236,,Private Eye Simon Lash is hired by an old flame to find her missing husband.,https://www.imdb.com/title/tt0038285/?ref_=sr_i_193
194. Smooth as Silk,1946,1h 4m,Approved,6.2,468,,"An attorney's fiancée neglects him for a playboy client she hopes will fund her lead role. After acquitting the wealthy playboy of manslaughter, the jealous attorney kills his uncle and plans to murder him next.",https://www.imdb.com/title/tt0038956/?ref_=sr_i_194
195. Beware of Pity,1946,1h 45m,Approved,6.4,321,,"A man asks a pretty young woman for a dance and discovers that she has been paralyzed in a fall from a horse and can't walk. Taking pity on her, he begins spending more and more time with her. They gradually become friends, and she soon finds herself falling in love with him. Not wanting to hurt her feelings, he doesn't let her know that, although he's fond of her, he doesn't really love her. Unfortunately, she inadvertently finds out his true feelings and, distraught, flees from him, intending to kill herself.",https://www.imdb.com/title/tt0038354/?ref_=sr_i_195
196. Blonde for a Day,1946,1h 8m,Approved,5.7,237,,"Newspaper reporter Tim Rourke (Paul Bryar) keeps writing articles that attack the police department for its failure to solve a chain of murders, which nearly leads to the reporter's death. He calls in private detective Michael Shayne (Hugh Beaumont), who turns up a blonde and a blackmailer.",https://www.imdb.com/title/tt0038366/?ref_=sr_i_196
197. Return of the Black Eagle,1946,1h 37m,,6.0,136,,An evil Czarist landowner had mistreated the father and friends of an officer.The officer wreaks vengeance by committing masked coach robberies and insinuates himself into his enemy's castle by pretending to be a French teacher.,https://www.imdb.com/title/tt0038306/?ref_=sr_i_197
198. Night in Paradise,1946,1h 24m,Approved,5.3,192,,Storyteller Aesop tries to help loony King Croesus and manages to fall in love on the way.,https://www.imdb.com/title/tt0038778/?ref_=sr_i_198
199. Renegades,1946,1h 27m,Approved,5.8,272,,"In order to part with the Dembrow outlaw family, Ben Dembrow changes his name and ventures out on his own but the Dembrows don't want to part with him.",https://www.imdb.com/title/tt0038878/?ref_=sr_i_199
200. So Goes My Love,1946,1h 28m,Approved,6.6,483,,"Jane Budden, a country girl marries Hiram Maxim a struggling inventor leading to their happiness with two children and Maxim's portrait in the National Hall of Science.",https://www.imdb.com/title/tt0038959/?ref_=sr_i_200
201. Utamaro and His Five Women,1946,1h 46m,,7.0,1.6K,,"Utamaro is a great artist who lives to create portraits of beautiful women, using the brothels of Tokyo to provide his models.",https://www.imdb.com/title/tt0039074/?ref_=sr_i_201
202. Tangier,1946,1h 14m,Approved,6.3,271,,A war-weary newsman (Robert Paige) joins a Spanish dancer (Maria Montez) hunting down a Nazi puppet in North Africa.,https://www.imdb.com/title/tt0039009/?ref_=sr_i_202
203. Appointment with Crime,1946,1h 30m,Unrated,6.2,413,,"An ex-con, released after imprisonment for a jewel theft, swears vengeance on his former accomplices and devises an intricate plan to steal their fortune.",https://www.imdb.com/title/tt0039158/?ref_=sr_i_203
204. Easy to Wed,1946,1h 50m,Approved,6.1,1K,,"To prevent a libel case against the paper, a reporter tries to compromise the reputation of a tycoon's slandered daughter.",https://www.imdb.com/title/tt0038505/?ref_=sr_i_204
205. The Cat Creeps,1946,58m,Approved,5.3,458,,A black cat is suspected of being possessed by the spirit of an elderly murdered woman.,https://www.imdb.com/title/tt0038401/?ref_=sr_i_205
206. The Secret of the Whistler,1946,1h 5m,Approved,6.3,780,,"A wealthy wife suspects her artist husband's affair with his model. He poisons his wife for inheritance but faces unexpected consequences after her death. A thriller exploring greed, betrayal, and the consequences of criminal actions.",https://www.imdb.com/title/tt0038917/?ref_=sr_i_206
207. El sexo fuerte,1946,1h 21m,,7.1,48,,"Two men are shipwrecked and arrive in the Kingdom of Eden, where the women control all the power.",https://www.imdb.com/title/tt0219298/?ref_=sr_i_207
208. The Missing Lady,1946,1h,Approved,5.4,278,,The Shadow links an art dealer's corpse to a stolen jade figurine.,https://www.imdb.com/title/tt0038743/?ref_=sr_i_208
209. Valley of the Zombies,1946,56m,Approved,5.3,550,,"Dr. Maynard (Charles Trowbridge) tells Dr. Terry Evans (Robert Livingston) and his nurse, Susan Drake (Lorna Gray), about the theft of ten pints of blood from his lab. Later, he is visited by Ormand Murks (Ian Keith), a man Maynard had once had committed to an insane asylum and who later died from an operation, and Maynard learns that Murks is an example of living death whose abnormality is counter-acted only by blood. The doctor soon becomes Murk's unwilling blood donor. Murks' brother Fred (Earle Hodgins) threatens to expose him and he too is murdered. Terry and Susan find Maynard's body near an abandoned graveyard and this leads them to an estate where a partially obscured sign reads:""Murks Bros.,Undertakers."" Susan is kidnapped.",https://www.imdb.com/title/tt0039076/?ref_=sr_i_209
210. Below the Deadline,1946,1h 5m,Approved,5.6,202,,"A veteran, Joe Hilton (Warren Douglas), returns from the war to find that his brother Jeffrey Hilton (George Meeker), a gangster, has been killed. His quest for revenge leads him to take over his brother's illegal operations but his sweetheart, Lynn Turner (Ramsay Ames), persuades him to change his ways and return to the straight and narrow.",https://www.imdb.com/title/tt0038349/?ref_=sr_i_210
211. The Green Finger,1946,1h 23m,,5.7,222,,"Novelist and amateur sleuth, Paul Temple, meets a newspaper woman called ""Steve."" Together they investigate a gang of diamond robbers.",https://www.imdb.com/title/tt0127272/?ref_=sr_i_211
212. Criminal Court,1946,1h,Approved,6.1,687,,"Steve and his girlfriend are implicated in a murder, but they are innocent! Can they convince the authorities of it in time? Tom Conway and Martha O'Driscoll. He's running for public office. ..what they all must do to get out of it.",https://www.imdb.com/title/tt0038434/?ref_=sr_i_212
213. The Mysterious Mr. M,1946,3h 47m,Approved,6.5,151,,"An evil scientist known as ""Mr. M."" uses a drug he has developed called ""hypnotreme"" to help steal submarine equipment. Federal agent Grant Farrell is dispatched to find the mysterious villain and stop his nefarious plans.",https://www.imdb.com/title/tt0038767/?ref_=sr_i_213
214. Live Wires,1946,1h 5m,Approved,6.1,485,,"Slip, who has difficulties in keeping any job for long, is hired by the District Attorney's office to serve summons and warrants to problematic citizens.",https://www.imdb.com/title/tt0038699/?ref_=sr_i_214
215. The Shadow Returns,1946,1h 1m,Approved,5.4,406,,"Super-sleuth Lamont Cranston, (aka ""The Shadow"") investigates the theft of jewels from a grave.",https://www.imdb.com/title/tt0038926/?ref_=sr_i_215
216. Traffic in Crime,1946,56m,Approved,5.9,77,,"Police Chief Jim Murphy, in a crime-ridden city, deputizes newspaper-reporter Sam Wire, to work as an undercover operative to rid the town of the gangster element. Sam taunts and tricks the two leading gangsters, a mob girl, 'Silk"" Cantrell, and a bribe-taking police official, into setting ambushes and death-traps for him, which backfire on them, and achieve his assignment directive.",https://www.imdb.com/title/tt0039042/?ref_=sr_i_216
217. Carnival,1946,1h 33m,Approved,5.8,171,,A dancer attempts to escape from the narrow conventions of society and from the fate foretold for her at her birth.,https://www.imdb.com/title/tt0038398/?ref_=sr_i_217
218. The Hoodlum Saint,1946,1h 31m,Approved,6.1,862,,"Former reporter returns home after WWI, finds work difficult, meets Kay Lorrison, and secures a newspaper job. Depression exposes new plateaus, and spiritual nudges help him realize love and happiness aren't bought.",https://www.imdb.com/title/tt0038615/?ref_=sr_i_218
219. In Old Sacramento,1946,1h 29m,Approved,6.4,85,,"In California, Johnny Barrett is a dashing gambler by day and a masked bandit by night who starts a romantic rivalry with young gold miner Sam Chase over showboat singer Belle Malone.",https://www.imdb.com/title/tt0038637/?ref_=sr_i_219
"220. Joe Palooka, Champ",1946,1h 10m,Approved,5.7,52,,Manager Knobby Walsh discovers young hunk Joe Palooka and trains him to fight the champ. Mobsters try to make life tough for Joe and his socialite girlfriend Anne. Cameos by several boxing stars.,https://www.imdb.com/title/tt0038655/?ref_=sr_i_220
221. Irgendwo in Berlin,1946,1h 17m,,6.9,225,,"After WWII, Berlin lies in ruins. For Gustav, Willi and their friends the rubble provides an adventurous, dangerous playground. Especially for Gustav, it helps pass the time, as he longs for his father's return from a POW camp. One day a stranger arrives, looking helpless and hopeless... Gerhard Lamprecht built his reputation during the 1920s and '30s with films like Emil and the Detectives (1931, script Billy Wilder) and socially-critical Berlin films based on the drawings of Heinrich Zille. In Somewhere in Berlin-his first postwar film, made just months after the cessation of hostilities-he portrays the people of the shattered city with precision and psychological realism.",https://www.imdb.com/title/tt0038646/?ref_=sr_i_221
222. Hop Harrigan America's Ace of the Airways,1946,Approved,,5.6,124,,"Hop Harrigan (William Bakewell) and his pal ""Tank"" Tinker (Sumner Getchell) operate a small airport and flying service, and are hired by J. Westly Arnold (Emmett Vogan) to fly an eccentric inventor, Dr. Tabor (John Merton), to his secret laboratory where he has a revolutionary new power unit. However, a mysterious character known as the Chief Pilot is interested in the invention and uses a destroying ray to cripple Hop's airplane and kidnap Tabor. Hop and ""Tank"", aided by Gail Nolan (Jennifer Holt and her younger brother, Jackie (Robert 'Buzz' Henry), finally overcome the villains - and, then, Tabor goes mad and decides to blow up the world. There is still work to be done.",https://www.imdb.com/title/tt0038616/?ref_=sr_i_222
223. The Notorious Lone Wolf,1946,1h 4m,Approved,5.5,265,,"Michael Lanyard finds himself accused of stealing a valuable gem, and must find the real thief in order to clear his name.",https://www.imdb.com/title/tt0038788/?ref_=sr_i_223
224. Swell Guy,1946,1h 27m,Approved,7.0,63,,"After the war, famed war correspondent Jim Duncan receives a hero's welcome from his hometown of Carmelita, California. Unknown to all but his mother Sarah, Jim is actually a dishonest heel, having gone so far as to trick the naive Lorraine into paying for his train trip. Upon his arrival in Carmelita, Jim immediately leaves his adoring family to go to a bar, where he begins gambling and makes a play for spoiled young socialite Marian Tyler, despite the fact that she is already involved with Mike O'Connor, an honest real-estate agent. Marian is also the daughter of insurance agent Arthur Tyler, his older brother Martin's boss. Three months later, Jim is still living with his family in Carmelita, having been unable to finish his novel or get another reporting job. The only money he has been able to accumulate comes from a crap game he runs for the local yokels. After winning big one night, Jim offers to help Martin buy a used-car dealership, but loses the money when Marian goads him into a bad bet. Sarah then asks Jim to leave Carmelita, as she feels he is the same bad influence as his deceased father was. Later, Jim goes to Los Angeles to see fellow foreign correspondent Dave Vinson, only to find himself trapped in a hotel room by Marian, who tells him that she is pregnant by him. Unknown to Marian, Jim is already married to someone in Paris, though Vinson tells the lovesick, drunken Jim that, along with his career, his marriage is over. Returning to Carmelita, Marian tells Jim that she wants to end their relationship, as she has finally realized that while she is in love with him, he is not in love with her. Mike, in turn, offers to marry Marian, although he knows she is pregnant by Jim. Jim makes plans to leave Carmelita, and Ann, his lovesick sister-in-law, agrees to go with him until he reveals his plot to steal the raffle money that Martin has raised for war veterans. His plans are thwarted when he learns that his adoring nephew Tony has mimicked his earlier actions and entered a narrow railroad tunnel. Jim is killed by the onrushing train while rescuing Tony from certain death. Martin, who was aboard the train that killed his brother, later praises Jim as a ""swell guy,"" still unaware of his brother's misdeeds.",https://www.imdb.com/title/tt0039878/?ref_=sr_i_224
225. My Dog Shep,1946,1h 10m,Approved,6.2,90,,"An orphan boy on his way to live with his uncle picks up a stray dog, and the two become fast friends. However, the uncle doesn't want the dog, and when chickens are found dead, the uncle accuses the dog of killing them. The boy decides that it's time he and the dog hit the road so they run away, and meet up with an elderly man who also ran away from a home where he believed he wasn't wanted either.",https://www.imdb.com/title/tt0038763/?ref_=sr_i_225
226. Mr. Ace,1946,1h 24m,Approved,6.0,248,,A rich society woman uses a gangster to win a congressional election.,https://www.imdb.com/title/tt0038752/?ref_=sr_i_226
227. Young Widow,1946,1h 40m,Approved,6.0,389,,A grieving war widow meets a young Lieutenant but spurns him for trying too hard to gain her affection. Will she give him a second chance when they meet again?,https://www.imdb.com/title/tt0039114/?ref_=sr_i_227
228. The Runaround,1946,1h 26m,Approved,6.6,140,,"Maverick private eyes Kildane and Quayle leave a large agency to work on their own. Their first assignment (pirated from the old firm): retrieve eloping heiress Penelope Hampton, in competition with their former boss Prentiss. Kildane finds Penelope with surprising ease and keeps her one jump ahead of Prentiss with assorted difficulties, but can he avoid a romantic complication with his lovely charge?",https://www.imdb.com/title/tt0038894/?ref_=sr_i_228
229. Anmol Ghadi,1946,2h 2m,,7.4,94,,"Childhood lovers Chander and Lata gets separated when Lata moves to Mumbai with her family. So, will they get united again ?",https://www.imdb.com/title/tt0038302/?ref_=sr_i_229
230. Janie Gets Married,1946,1h 29m,Approved,6.0,324,,"Newlyweds Dick and Janie face challenges: he's stuck writing filler at his father-in-law's paper, she juggles housework and meddling mothers. Things worsen when Dick's army friend visits - and she's a woman.",https://www.imdb.com/title/tt0038652/?ref_=sr_i_230
231. Blonde Alibi,1946,1h 2m,Approved,6.1,69,,"Soon after a young woman breaks off her engagement to a doctor, the doctor is found murdered. Suspicion falls on his ex-fiancé and a pilot with a checkered past.",https://www.imdb.com/title/tt0038364/?ref_=sr_i_231
232. The Cockeyed Miracle,1946,1h 21m,Approved,6.7,458,,Man returns from heaven to make up for financial errors he made that caused harm to his family.,https://www.imdb.com/title/tt0038420/?ref_=sr_i_232
233. Mr. Orchid,1946,1h 35m,,6.8,362,,"In the Charente, during the Nazi occupation, Edouard Martin, a fifty-year-old man with apparently peaceful life is in fact the leader of a resistance network.",https://www.imdb.com/title/tt0038863/?ref_=sr_i_233
234. Murder Is My Business,1946,1h 4m,Approved,6.2,159,,Private eye tries to find a killer.,https://www.imdb.com/title/tt0038757/?ref_=sr_i_234
235. London Town,1946,2h 6m,Approved,5.5,123,,"An aging music-hall performer returns to London believing he's the star of a new show. When he discovers that he's only slated to be the understudy, his daughter sabotages the revue's star in order to get him back into the spotlight.",https://www.imdb.com/title/tt0038701/?ref_=sr_i_235
236. I've Always Loved You,1946,1h 57m,Approved,6.5,412,,A beautiful young concert pianist is torn between her attraction to her arrogant but brilliant maestro and her love for a farm boy she left back home.,https://www.imdb.com/title/tt0038629/?ref_=sr_i_236
237. Desire,1946,1h 17m,,6.4,273,,"Paola, a Rome call girl, returns home to her village in an attempt to go straight. Rejected by her father, blackmailed by a former lover, and lusted after by her brother-in-law, she turns to her beloved sister for support.",https://www.imdb.com/title/tt0035797/?ref_=sr_i_237
238. Sunshine Follows Rain,1946,1h 42m,,6.5,349,,A social outcast and the daughter of a wealthy landowner fall in love. The ensuing romance threatens to upset the careful social balance of the local village.,https://www.imdb.com/title/tt0038497/?ref_=sr_i_238
239. Men Without Wings,1946,1h 19m,,6.3,204,,Resistance and reprisals in Nazi occupied Czechia (then called Protectorate of Bohemia and Moravia).,https://www.imdb.com/title/tt0038760/?ref_=sr_i_239
240. Fear,1946,1h 8m,Approved,5.7,718,,"In this Americanized retelling of Dostoevsky's Crime and Punishment, a medical student--broke, hungry and desperate for money--murders a loan shark to whom he owes money. After the killing, he's tormented by guilt over what he's done. A police captain, who's convinced the student committed the crime but can't prove it for lack of evidence, plays on the young man's guilt in order to get him to confess to the crime.",https://www.imdb.com/title/tt0038524/?ref_=sr_i_240
241. Aru yo no tonosama,1946,,,7.5,20,,,https://www.imdb.com/title/tt0038308/?ref_=sr_i_241
242. People Are Funny,1946,1h 33m,Approved,5.4,196,,"Two rival radio producers try to get the same sponsor, so they try to top each other with new ideas.",https://www.imdb.com/title/tt0038831/?ref_=sr_i_242
243. The Magic Bow,1946,1h 46m,Approved,6.1,252,,Biography of the famous--and notorious--Italian violinist Nicolo Paganini.,https://www.imdb.com/title/tt0039594/?ref_=sr_i_243
244. La morena de mi copla,1946,,,,,,"In Cordoba, Spain, a girl singer and her mother are falsely accused of stealing a donkey. They are saved by a famous painter who becomes infatuated with the girl and asks her to be his model for a painting. Things get complicated when a Mexican bullfighter arrives in town and falls for the same girl.",https://www.imdb.com/title/tt0217663/?ref_=sr_i_244
245. The Stone Flower,1946,1h 29m,,7.1,595,,"Obsessed with perfecting his craft, young gemcutter Danilo visits the mystical Copper Mountain to uncover the secret behind its infamous attraction - the Stone Flower, a stone carving so captivating that no one can leave after seeing it.",https://www.imdb.com/title/tt0038666/?ref_=sr_i_245
246. The Unknown,1946,1h 10m,Approved,6.1,404,,The daughter of a strange famiy has returned after a long time to the family estate. She has two investigators checking out the eerie goings-on on the estate's spooky mansion.,https://www.imdb.com/title/tt0039067/?ref_=sr_i_246
247. Colonel Effingham's Raid,1946,1h 12m,Approved,5.9,482,,"In 1940, Colonel Will Seaborn Effingham (Charles Coburn), a retired Army officer, returns to his home town of Fredericksville, Georgia, and is disturbed at the lack of civic pride. He writes a letter to the editor in the local newspaper and attacks those who would do away with with traditions, especially those moving to tear down the old city hall and those who wish to rename Confederate Square after a local politician.",https://www.imdb.com/title/tt0037607/?ref_=sr_i_247
248. Breakfast in Hollywood,1946,1h 30m,Approved,5.7,353,,Based on a current (1946) radio series with a live audience. It is the story of some of the people who attend the show. Nat King Cole sings.,https://www.imdb.com/title/tt0038382/?ref_=sr_i_248
249. Camões,1946,1h 58m,,6.2,223,,"The adventurous life of Portugal's epic poet, Luis de Camões.",https://www.imdb.com/title/tt0038394/?ref_=sr_i_249
250. Her Kind of Man,1946,1h 18m,Approved,6.1,320,,A nightclub singer is caught between a big-time gangster and a tough Broadway columnist.,https://www.imdb.com/title/tt0038597/?ref_=sr_i_250
251. Devil Bat's Daughter,1946,1h 7m,Approved,4.5,309,,"Wishing to dispose of his wife, psychiatrist Doctor Elliott makes his patient Nina think that she suffers from a compulsion to kill. He drugs Nina, murders his wife and leaves evidence that points to Nina. The latter, pre-conditioned by Elliott, also thinks she is guilty.",https://www.imdb.com/title/tt0038470/?ref_=sr_i_251
252. En tiempos de la inquisición,1946,2h,,6.9,30,,"In 16th century Toledo, Spain, a love story unfolds between a woman accused of witchcraft and a Moorish man, while she faces death by burning at the stake during the Spanish Inquisition.",https://www.imdb.com/title/tt0223212/?ref_=sr_i_252
253. From This Day Forward,1946,1h 35m,Approved,6.4,504,,Incidents of a marriage are recalled in flashback.,https://www.imdb.com/title/tt0038537/?ref_=sr_i_253
254. The Searching Wind,1946,1h 48m,Approved,6.1,155,,"Always the diplomat, Alex Hazen is slow to take sides in Europe of the 1920s and 1930s. Cassie Bowman wants him to be more decisive and leaves him in Rome just as Mussolini is coming to power. There Alex marries Emily, daughter of a newspaper publisher who hires Cassie for his Paris bureau -- just before retiring from active management of his paper. Alex and Emily's son Sam, recently returned from active duty in World War II, learns the whole story one night in Washington when Emily invites Cassie to dinner. Sam has a story to tell, too.",https://www.imdb.com/title/tt0038915/?ref_=sr_i_254
255. Magic Lighter,1946,1h 11m,,6.3,75,,"A soldier who acquires a magic tinderbox capable of summoning three powerful dogs to do his bidding. When the soldier has one of the dogs transport a sleeping princess to his room, he is sentenced to death.",https://www.imdb.com/title/tt0038541/?ref_=sr_i_255
256. The Falcon's Alibi,1946,1h 1m,Approved,6.4,720,,"A wealthy woman's secretary, fearing that she will be blamed if her employer's jewelry is stolen, hires the Falcon as guardian. The Falcon is blamed when the jewels are stolen and murders ensue.",https://www.imdb.com/title/tt0038519/?ref_=sr_i_256
257. Step by Step,1946,1h 2m,Approved,6.3,628,,"Johnny, an ex-Marine, and Evelyn, a chance acquaintance, find themselves caught up in a plot involving Nazi spies in California.",https://www.imdb.com/title/tt0038982/?ref_=sr_i_257
258. Cinderella Jones,1946,1h 30m,Approved,5.2,357,,"Judy Jones learns she's an heiress, but must marry by a deadline to claim her fortune. As two men pursue her, she struggles to determine which suitor loves her truly versus her wealth.",https://www.imdb.com/title/tt0038415/?ref_=sr_i_258
259. Macadam,1946,1h 40m,,6.9,236,,"Madame Rose runs a seedy hotel in a suburb of Paris. Strong-minded but without the least moral scruple, she once killed her husband, whose honesty was a hindrance to her business. Under a suspended sentence, she now indulges in smuggling. One day, Victor, one of her former accomplices hounded by the police, finds sanctuary with her. During a drinking spree, he has the bad idea to entrust to her a suitcase filled with bank notes, loot with which he hopes to rebuild his life in South America. But Rose, lured by temptation, betrays Victor, who is arrested. However, he manages to escape with only one thing in mind: to take revenge on Rose.",https://www.imdb.com/title/tt0038711/?ref_=sr_i_259
260. The Perfect Marriage,1946,1h 28m,Approved,5.9,159,,"Maggie and Dale Williams have been married ten years have a 9-year-old daughter, Cookie. They live well, have separate careers, are surrounded by sophisticated friends, and are afflicted with overattentive in-laws on each side. Upon the occasion of their 10th anniversary, they tell each other that they want to divorce. They talk about it. They talk to their friends about it. The friends and in-laws talk to them, each other, and anyone else who will listen.",https://www.imdb.com/title/tt0038832/?ref_=sr_i_260
261. Boys' Ranch,1946,1h 37m,Approved,6.0,186,,"Baseball player Dan Walker being benched doesn't bother him as it allows him to make the easy decision to be a full time Texas rancher - his goal to own his own ranch - and be at home with his wife and daughter, Susan and Mary. The one thing Dan will miss about not being a ball player is the casual friendship he has with a bunch of disadvantaged boys at his team's ballpark. Without knowing their full stories, Dan could always manage to get a few of them into the ballpark to watch games for free. When Dan learns that two of them, Skippy and Hank, will be sent to reform school, with the probable outcome being they growing up to be adult criminals due to that experience, Dan feels he has no choice but to take the two with him to Texas to try to get them jobs on ranches. Dan learns both that city boys being thrown into the deep end in ranching duties doesn't sit well with the locals, and that there are just as many disadvantaged boys in the country as there are in the city, they who just want three square meals they can call their own. Dan is able to convince his initially reluctant fellow ranchers to donate property and seed funds for a pilot project for a boys' ranch where they can raise their own food, have a roof over their heads, have some proper, caring adult guidance, and get a decent education in the process, the ranchers who only agree on the condition that Dan manage the ranch. With the ranch up, running and thriving, Susan worries most about a younger boy named Butch Taylor who doesn't seem to have ever learned how to be a real boy, while Dan has to worry about Skippy, who doesn't respond to authority, who just wants to live on his own rules, and who only understands what money can do in whatever manner he can get it. As such, Skippy may threaten the pilot moving into a permanent situation, one where all the other boys are responding in this supportive environment.",https://www.imdb.com/title/tt0038381/?ref_=sr_i_261
262. They Met at Midnight,1946,1h 40m,Approved,6.4,338,,"During WWII, Anna marries Michael before leaving for Singapore. Her ship sinks but she survives on an island. Believing her dead, Michael remarries and has a child. After 3 years Anna returns and learns Michael has moved on.",https://www.imdb.com/title/tt0038842/?ref_=sr_i_262
263. The Face of Marble,1946,1h 12m,Approved,4.9,462,,"In his isolated seaside home, Dr. Randolph is so obsessed with re-animating the dead in his lab that he doesn't realize his wife is in love with his assistant. The web of intrigue grows when Randolph sends for his assistant's fiancée.",https://www.imdb.com/title/tt0038514/?ref_=sr_i_263
264. Winter Wonderland,1946,1h 11m,Approved,6.8,71,,A farm girl has a romance with a ski instructor.,https://www.imdb.com/title/tt0039997/?ref_=sr_i_264
265. The Fabulous Suzanne,1946,1h 11m,Approved,6.9,50,,"Suzanne, a waitress, comes up with a sure-fire method for winning at the racetrack and, later, when she inherits a fortune from a customer of the restaurant, she uses the same system for investing her money. Her stuffy broker tries to dissuade her, but she persists and her investments increases her wealth.",https://www.imdb.com/title/tt0038513/?ref_=sr_i_265
266. Shadowed,1946,1h 10m,Approved,5.9,329,,"After hitting a hole-in-one, Fred finds criminals burying a body. His silence about witnessing the crime leads to escalating threats from the killers, culminating in his daughter's kidnapping.",https://www.imdb.com/title/tt0038928/?ref_=sr_i_266
267. Stagecoach to Denver,1946,56m,Approved,5.8,216,,"Lambert has the stagecoach wrecked killing the Commissioner so his phony replacement can alter Coonskin's land survey. When Red Ryder exposes the survey hoax, Lambert has his stooge Sheriff put Red in jail.",https://www.imdb.com/title/tt0038979/?ref_=sr_i_267
268. Under the Bridges,1946,1h 39m,,7.4,950,,Two barge skippers fall in love with the same woman.,https://www.imdb.com/title/tt0038206/?ref_=sr_i_268
269. Eugenie Grandet,1946,1h 40m,,6.7,103,,Eugenia is a daughter of a wealthy but miserly man living a simple life in the provincial town of Saumur. Eugenia's inexperience leads her to fall in love with an unworthy man.,https://www.imdb.com/title/tt0038512/?ref_=sr_i_269
270. The Well Groomed Bride,1946,1h 15m,Approved,5.7,203,,"A man and a woman fight over the last bottle of champagne left in San Francisco--she wants it for a wedding, and he wants to use it to christen a ship.",https://www.imdb.com/title/tt0039098/?ref_=sr_i_270
271. Our Hearts Were Growing Up,1946,1h 23m,Approved,6.7,100,,"At college in the early 1920s, Cornelia and Emily have triangle trouble with their beaus. Their affairs become entangled with those of a bootlegger whom they've met by chance. Much of the humor derives from pre-Roaring Twenties naivete.",https://www.imdb.com/title/tt0038815/?ref_=sr_i_271
272. The Man Who Dared,1946,1h 6m,Approved,5.5,107,,"Trying to show that the death sentence should be outlawed when based solely on circumstantial evidence, a crusading reporter plans his own arrest and conviction for first-degree murder, but his plan goes awry.",https://www.imdb.com/title/tt0038722/?ref_=sr_i_272
273. Wake Up and Dream,1946,1h 32m,Approved,6.1,180,,"A little girl asks her guardians to take her by boat to a nearby swamp believing her older brother, a sailor who recently went M.I.A. in WWII, is somehow there. She finds a grumpy old Crusoe-like hermit, instead, but there's still hope.",https://www.imdb.com/title/tt0039092/?ref_=sr_i_273
274. Adieu... Chérie,1946,1h 55m,,6.9,117,,"Chérie is a beautiful young woman who works as an escort girl. She meets a young and wealthy man who propose her to be his fictional wife so that his mother won't bother him anymore with this other girl, a rich one, she wants to see her son married to.",https://www.imdb.com/title/tt0188389/?ref_=sr_i_274
275. Queen of Burlesque,1946,1h 10m,Approved,5.7,52,,"Reporter Steve Hurley is happy when he hears that Crystal McCoy, star of the burlesque show, is to be replaced by her predecessor, Dolly Devoe. Steve hopes Crystal will marry him and give up the stage. But Crystal is unhappy about it, as is show manager Joe Nolan, for he also likes her. It is obvious that he is being forced to put Dolly back in the show. And there is also Blossom Terraine who wants the star role and is using her suitor Chick Malloy, the comedian of the show to back her. Dolly arrives in a snit and immediately starts a quarrel with Crystal. And Dolly's day gets worse when Lola Cassell shows up and accuses Dolly of having driven to suicide the man they both loved. Dolly's bad day ends when Annie, the wardrobe woman who idolizes Crystal, finds her strangled body in a dressing room trunk. The first person Inspector Crowley suspects is Chick, for he had been overheard in an incriminating conversation with Blossom. Then he turns to Crystal, as the result of a threat she had made, plus he learns that a story Steve is writing revolves around the finding of a strangled body in a trunk. To complete the Inspector's own bad day, albeit somewhat better than Dolly's, he finds out that Lola had visited Dolly in her dressing room, and that Chick is blackmailing Nolan into putting Blossom in the starring role and has evidence that Nolan had also been in Dolly's dressing room in between the other traffic. THEN, Annie, fearing that Crystal will be arrested, confesses to the murder. The police do not believe her, and give orders that nobody is to leave the theatre until the murderer is found which, based on the number of suspects, gives no indication of happening anytime soon. The list is narrowed when Lola is found dead in a phone booth, with a knife thrust in her back. And while he is questioning the rest of the group in Nolan's office, the lights go out, and Blossom exits stage left by being murdered. Chick accuses Nolan, who admits he was also in Dolly's dressing room - who wasn't - only because she was blackmailing him but she was alive when he left. A shot rings out in Crystal's dressing room, where they find Annie in a faint, but unharmed by the bullet. An inspection of the room shows that Annie fired the bullet at herself, and Steve's adroit questioning tricks Annie into confessing that she was the killer, the crimes being committed as the result of a homicidal mania induced by Annie's intense love for Crystal, who she mistakenly believes to be her daughter.",https://www.imdb.com/title/tt0038864/?ref_=sr_i_275
276. Englandsfarere,1946,1h 47m,,6.1,31,,"The secret transportation of Wanted persons from the coast of Norway over to England during the second world war, based upon the novel by Nowegian novelist Sigurd Evensmo, telling the true story about his experiences during the war.",https://www.imdb.com/title/tt0294554/?ref_=sr_i_276
277. If I'm Lucky,1946,1h 18m,Approved,6.1,239,,Bandleader involved in political campaign.,https://www.imdb.com/title/tt0038632/?ref_=sr_i_277
278. Devil and the Angel,1946,1h 47m,,6.9,177,,An internationally renowned engraver manages to make counterfeit notes for the love of a woman. She is a blind woman who cannot see the ugliness of the excruciatingly disfigured engraver.,https://www.imdb.com/title/tt0184483/?ref_=sr_i_278
279. Vértigo,1946,1h 22m,,7.5,91,,"The conflict unfolds when Mercedes and Arturo, the fiancée of his daughter Gabriela, begins to emerge a deep and dangerous attraction.",https://www.imdb.com/title/tt0038232/?ref_=sr_i_279
280. To liv,1946,1h 20m,,4.2,12,,"A happy family with two children feels the terrible effects of war when a Nazi collaborator mingles with the family and gets the son arrested for conspiracy, and seduces the daughter. The mother decides to take matters into her own hands.",https://www.imdb.com/title/tt0268698/?ref_=sr_i_280
281. Lightning Raiders,1946,1h 1m,Approved,6.1,125,,The leading citizen of western town is trying to fraudulently obtain land and money - but he didn't count on two cowboys discovering his plan.,https://www.imdb.com/title/tt0037880/?ref_=sr_i_281
282. Farrebique,1946,1h 30m,,7.2,312,,"One year in the life of a French peasant family, whose existence is closely tied with the changing of the seasons.",https://www.imdb.com/title/tt0038522/?ref_=sr_i_282
283. Susie Steps Out,1946,1h 5m,Approved,5.8,20,,"After her father, Papa Russell (Percival Vivian), loses his job because of illness, adolescent Susie Russell (played by newcomer and top-billed Nita Hunter) poses as older than she is in order to get a job singing in a night club. Complications arising from the deception involve her older sister Clara (Cleatus Caldwell), who works at an ad agency and the radio crooner, Jeffrey Westcott (David Bruce), whom she is in love with.",https://www.imdb.com/title/tt0038999/?ref_=sr_i_283
284. Crime Doctor's Man Hunt,1946,1h 1m,Approved,6.2,407,,The Crime Doctor comes up against a criminal with a dual personality.,https://www.imdb.com/title/tt0038430/?ref_=sr_i_284
285. Crimen en la alcoba,1946,1h 22m,,7.8,12,,,https://www.imdb.com/title/tt0243837/?ref_=sr_i_285
286. O sole mio,1946,1h 30m,,5.9,14,,"An Italo American lieutenant is parachuted near war torn, poverty stricken Naples to make contact with the resistance.Disguised as a black marketeer, he gets a job singing with Nazi controlled radio and sends coded messages to the Allies.",https://www.imdb.com/title/tt0037953/?ref_=sr_i_286
287. Campeón sin corona,1946,1h 51m,,7.4,179,,The quick rise and fall of a boxer filled with talent and psychological complexes.,https://www.imdb.com/title/tt0037570/?ref_=sr_i_287
288. Spook Busters,1946,1h 8m,Approved,5.9,592,,"Newly graduated from exterminator college, Slip and the boys open a pest control business. Their first job leads to a doctor who wants to transplant Sach's brain.",https://www.imdb.com/title/tt0038976/?ref_=sr_i_288
289. Abie's Irish Rose,1946,1h 36m,Approved,5.1,106,,Cultures clash when a Jewish boy wants to marry an Irish girl.,https://www.imdb.com/title/tt0038283/?ref_=sr_i_289
290. Vi vil leve,1946,1h 51m,,,,,"April 9, 1940, an aircraft warns Norwegian merchant ships that German naval forces are heading for Norwegian waters. The pilot signals to a Norwegian-flagged ship that responds to shooting at the aircraft. The pilot is hurt but is able to land on the water. He is picked up by a Norwegian boat on his way to Kristiansand. Before he dies, he tells Captain Knut Viker and the governor Harald Bakken if this happened.",https://www.imdb.com/title/tt0217877/?ref_=sr_i_290
291. White Tie and Tails,1946,1h 21m,Approved,7.0,149,,"A wealthy family goes on vacation, leaving their butler in charge of their house. The butler meets a beautiful woman, and soon gets himself in all sorts of trouble.",https://www.imdb.com/title/tt0039103/?ref_=sr_i_291
292. Blondie Knows Best,1946,1h 9m,Approved,6.6,247,,"In order to close a business deal, Dagwood impersonates Mr. Dithers. While doing so he must avoid the nearly blind process server Jim Gray.",https://www.imdb.com/title/tt0038367/?ref_=sr_i_292
293. Junior Prom,1946,1h 9m,,4.3,155,,"A rich man's son is running for student-body president in the local high school, and the boy's father tells the school principal that if his son wins the election, he will make a sizable donation to the school that will pay for the football team's much-needed uniforms.",https://www.imdb.com/title/tt0038664/?ref_=sr_i_293
294. Colorado Serenade,1946,1h 8m,Approved,5.4,146,,Duke Dillon has his gang robbing stagecoaches carrying gold which is then melted down by his father. But Eddie and his sidekick Soapy are on the job and they are aided by undercover man Nevada.,https://www.imdb.com/title/tt0038422/?ref_=sr_i_294
295. Un revenant,1946,1h 40m,,7.3,324,,A ballet producer returns to his native town and schemes to avenge himself on the family who tried to murder him 20 years before.,https://www.imdb.com/title/tt0039061/?ref_=sr_i_295
296. Gay Blades,1946,1h 7m,,5.9,34,,"New York hockey player Andy Buell is approached by Hollywood talent scout Nancy Davis to play the hunk lead in ""The Behemoth"" but he would prefer she quit her job and become his wife.",https://www.imdb.com/title/tt0038551/?ref_=sr_i_296
297. A Letter for Evie,1946,1h 29m,Approved,7.0,520,,"An oafish soldier receives a shirt but disregards the letter inside sent by a lovelorn secretary, prompting his bumbling friend to impersonate him in order to win her heart.",https://www.imdb.com/title/tt0037870/?ref_=sr_i_297
298. Stars Over Texas,1946,59m,Approved,6.0,128,,Eddie and Soapy get to the bottom of a cattle rustling scheme by having two lookalikes switch places.,https://www.imdb.com/title/tt0038981/?ref_=sr_i_298
299. La tentation de Barbizon,1946,1h 40m,,6.8,110,,"God sends a guardian angel ,in the shape of a gorgeous blond woman , to protect His flock.But Satan has the same idea and he has His devil sign contracts with the human beings to gain their soul.",https://www.imdb.com/title/tt0038154/?ref_=sr_i_299
300. The Girl I Loved,1946,1h 15m,,6.4,154,,A young man who is unable to tell his childhood friend how he feels makes a pledge with her to reveal all of their secrets during the upcoming festival.,https://www.imdb.com/title/tt0039091/?ref_=sr_i_300
301. Sheriff of Redwood Valley,1946,54m,Approved,6.5,71,,"Redwood Valley residents raise $50,000 for blasting a mountain tunnel to bring a new railroad there. Town leader Bidwell (James Craven) engineers a plot to steal the money and to blame it on the Reno Kid (Bob Steele) who has recently broken out of prison in order to clear himself of false charges that sent him there and caused him to lose his ranch. The badly-wounded sheriff turns his badge over to Red Ryder (Bill Elliott). Reno visits his wife, Molly (Peggy Stewart) and their ailing son Johnny (John Wayne Wright), and Red, also wounded, is brought there by Little Beaver (Robert Blake. There, Red begins to believe Reno's story about being innocent.",https://www.imdb.com/title/tt0038936/?ref_=sr_i_301
302. Up Goes Maisie,1946,1h 29m,Approved,6.2,409,,"After graduating college Maisie becomes involved both professionally and personally Joe Morton, who's just developed a revolutionary helicopter.",https://www.imdb.com/title/tt0039073/?ref_=sr_i_302
303. The Desert Horseman,1946,57m,Approved,5.9,86,,Mary Ann Jarvis' father and uncle and an army paymaster are murdered by mysterious conspirators in order to gain control of her ranch but good guy Steve Gordon is falsely accused of the crimes.,https://www.imdb.com/title/tt0038467/?ref_=sr_i_303
304. Home in Oklahoma,1946,1h 12m,Approved,6.1,300,,"Roy edits a small town newspaper. A rancher is murdered, and his fortune is inherited by a young boy. Editor Roy, with the assistance (?) of big city reporter Dale, brings the killers to justice.",https://www.imdb.com/title/tt0038611/?ref_=sr_i_304
305. Forgotten Faces,1946,1h 30m,,7.0,79,,"After an unsuccessful career in the United States, an unscrupulous former procurer reunites with his cabaret diva ex-lover. As he tries to take advantage of her daughter, her past threatens her future. For once, will she act like a mother?",https://www.imdb.com/title/tt0136476/?ref_=sr_i_305
306. Her Sister's Secret,1946,1h 26m,Approved,6.5,277,,"A WWII tale of romance that begins during New Orlean's ""Mardi Gras"" celebration when a soldier and a girl meet and fall in love. He asks her to marry him but she decides to wait until his next leave. He is sent overseas and she does not receive his letter and feels abandoned, but she does find out she is pregnant. She gives the child to her married sister and does not see her child again for three years. She returns to her sister's home to reclaim the child, and the soldier, who has been searching for her, also turns up. The sister is not interested in giving up the child.",https://www.imdb.com/title/tt0038598/?ref_=sr_i_306
307. Heldorado,1946,1h 10m,Approved,5.9,202,,Heldorado is an annual parade celebrating Las Vegas as a frontier town. Roy is captain of the guards at Boulder Dam. He helps celebrate the town's anniversary while capturing racketeers involved with the local casinos.,https://www.imdb.com/title/tt0038593/?ref_=sr_i_307
308. L'idiot,1946,1h 38m,,6.5,289,,"Muichkine, a young Russian prince, returns home to St. Petersburg from a mental institution, determined to spread decency and kindness in the harsh and cruel world. He becomes betrothed to an innocent young girl while trying to save a less-innocent woman from her own travail, but jealousy and his own naivete conjoin to bring about unimaginable tragedy.",https://www.imdb.com/title/tt0038631/?ref_=sr_i_308
309. Peddlin' in Society,1946,1h 25m,,6.6,256,,"Thanks to wartime smuggling Gioconda Perfetti, a roman fruit vendor, becomes very rich. She leaves her shop and moves to a magnificent villa which once belonged to a count. She also becomes involved with some very dubious characters who profit from her ignorance and cheat her out of her money.",https://www.imdb.com/title/tt0038281/?ref_=sr_i_309
310. Lady Chaser,1946,58m,Approved,6.5,35,,"Dorian Westmore accepts an aspirin from a total stranger, Inez Palmer. She is distracted and fails to take it, but later gives it to her wealthy uncle who dies as the aspirin was poisoned. She is tried and convicted and her fiance, Peter Kane, tells her attorney, J. T. Vickers, that he is going to prove her innocence. Inez, reading about the trial and recognizing Dorian as the lady she gave to aspirin to, realizes that it was meant for her from the man she had been blackmailing, J. T. Vickers.",https://www.imdb.com/title/tt0130070/?ref_=sr_i_310
311. High School Hero,1946,1h 9m,Approved,4.2,167,,"The students at Anytown, USA High School (Monogram version) are down in the dumps: their football team faces almost-certain defeat, the school paper might need to suspend publication because the circulation is so low, and the principal intends to replace student performers at the school bazaar with professionals. But with the class roster on this Monogram campus made up of Freddie Stewart, June Preisser, Anne Rooney, et al, it's only a matter of about 45 more minutes before the team wins, the paper gets a large circulation boost, and all hands are on stage performing with the Freddie Slack and Jan Savitt orchestras.",https://www.imdb.com/title/tt0038601/?ref_=sr_i_311
312. Wild West,1946,1h 13m,Approved,6.4,102,,"When the new telegraph line comes to the wild west, Eddie, Soapy, and Stormy help make it happen.",https://www.imdb.com/title/tt0039108/?ref_=sr_i_312
313. Rayando el sol,1946,1h 31m,,5.8,22,,"Two boys, who love each other like brothers in spite of the social differences between them, forget their friendship when a woman shows up.",https://www.imdb.com/title/tt0046228/?ref_=sr_i_313
314. Murder in the Music Hall,1946,1h 24m,Approved,6.2,176,,"Lovely ice ballerina Lila Leighton meets former ice show producer Carl Lang at his New York City penthouse apartment and refuses his offer to star in his new Music Hall Ice Show. Back at the Music Hall, Lila discovers she has left her purse at Lang's apartment and goes back there, followed by orchestra leader Don Jordan; they discover that Carl has been stabbed to death. Lila's understudy Gracie has also followed them there and helps them remove traces of Lila's visit. They also find a pair of kid gloves, and the laundry mark leads Don to wealthy socialite Rita Morgan, wife of George Morgan, and Rita turns out to be a former ice-skating star for Carl Lang's Music Hall shows. Rita admits to being in Lang's apartment but says he was in excellent health when she left, and says she passed no one except a blind man. Don and Lila discover that the 'blind man' was really Rita's husband, George Morgan, who claims he used the disguise in order to trail and protect his wife. The NYC police are also on the case, and with the help of Don and Lila, succeed in solving the murder.",https://www.imdb.com/title/tt0038758/?ref_=sr_i_314
315. Boston Blackie and the Law,1946,1h 9m,Approved,6.3,404,,"Blackie performs in a magic show at a women's prison, which gives an inmate an opportunity to escape.",https://www.imdb.com/title/tt0038377/?ref_=sr_i_315
316. Genius at Work,1946,1h 1m,Approved,5.1,398,,"Two actors who star in a radio detective show find themselves pitted against a villain calling himself the Cobra, who has an affinity for torture chambers.",https://www.imdb.com/title/tt0037735/?ref_=sr_i_316
317. Sioux City Sue,1946,1h 9m,Approved,6.1,141,,"Talent scout Sue Warner takes Gene to Hollywood to play the voice of a singing donkey in a musical. Disgusted, he goes back home to find outlaws plan to blow up his dam and drown his animals.",https://www.imdb.com/title/tt0038946/?ref_=sr_i_317
318. Vacation in Reno,1946,1h,Approved,5.4,177,,"A hapless husband searches for buried treasure at a dude ranch; meanwhile, his wife wants a divorce and bank robbers want him dead.",https://www.imdb.com/title/tt0039075/?ref_=sr_i_318
319. The Magnificent Rogue,1946,1h 14m,Approved,5.9,99,,"A wife, under her maiden name, runs her husband's ad agency while he is away serving the forces. After his return, he wants her to be a housewife, but she wants to sign up a big account. A bet is made and whomever wins gets their way.",https://www.imdb.com/title/tt0038716/?ref_=sr_i_319
320. Betty Co-Ed,1946,1h 8m,Approved,6.7,21,,"A fore-runner and a semi- slight version of ""Take Care of My Little Girl"" from Sam Katzman, but pert-and-pretty Jean Porter had a knack for making Katzman's pictures look better than they were. Here, she (as Joanne Leeds), interrupts her carnival singing career to enroll as a freshman at Upton College. She quickly encounters the snobbery of the sorority girls because of her background. But the sorority is reorganized on democratic principles and she is invited to join, although it is never made too clear why she would want to join this group of airheads anyway.",https://www.imdb.com/title/tt0038352/?ref_=sr_i_320
321. Bad Bascomb,1946,1h 52m,Approved,6.8,568,,A notorious outlaw befriends a young girl while hiding out in a Mormon wagon train headed for Utah.,https://www.imdb.com/title/tt0038319/?ref_=sr_i_321
322. El moderno Barba Azul,1946,1h 30m,,4.4,153,,An American soldier marooned in Mexico is mistaken for a wife-butchering serial killer.,https://www.imdb.com/title/tt0038374/?ref_=sr_i_322
323. Monte Cassino,1946,1h 33m,,5.6,19,,"Semi-documentary, made with Vatican cooperation, about the battle over a medieval abbey, exfluncticated during US General Mark Clark's drive through Italy because American military intelligence was convinced it was occupied by the Germans.",https://www.imdb.com/title/tt0038748/?ref_=sr_i_323
324. Son of the Guardsman,1946,,,5.7,50,,"England, 12th century. David Trent is a nobleman who forms an outlaw group to combat his evil uncle Sir Edgar Bullard. Bullard has kidnapped Louise, the daughter of his rival Lord Markham. The outlaws of Sherwood Forest are championing young Roger Mowbray too, whose right to the throne is being usurped by the evil regent Lord Hampton.",https://www.imdb.com/title/tt0038967/?ref_=sr_i_324
325. The Imperfect Lady,1946,1h 37m,Approved,6.3,111,,"While touring with a dance troupe in 1892, Millicent Hopkins meets Clive Loring who is campaigning for Parliament in the English Midlands. They fall in love and Millie remains behind at her father's home while her friend Rose Bridges and the rest of the company go to London. Lord Belmont, Clive's older brother, tells her that a marriage below Clive's station would jeopardize his future happiness. She resolves to drop out of his life and, without telling him, rejoins the troupe at the Empire Theatre. Millie and Rose, leaving the theatre without removing their makeup, are stopped and questioned by a bobby. They flee and Millie takes refuge in the rooms of a sympathetic stranger, Spanish concert pianist Jose Martinez, where she remains most of the night. The next morning, a Scotland Yard Inspector arrives and arrests Martinez.",https://www.imdb.com/title/tt0039487/?ref_=sr_i_325
326. Rainbow Over Texas,1946,1h 5m,Approved,6.0,134,,"Roy visits his home town while on a personal appearance tour. While there he enters a pony express race. To keep him from winning, bad guys try to sabotage Roy's entry. They fail, or course.",https://www.imdb.com/title/tt0038869/?ref_=sr_i_326
327. Lady Luck,1946,1h 37m,Approved,6.2,468,,"A woman marries a gambler with the hopes of reforming him, but things don't quite work out the way she planned.",https://www.imdb.com/title/tt0038680/?ref_=sr_i_327
328. San Quentin,1946,1h 6m,Approved,5.9,409,,"Ex con Lawrence Tierney, hunts a supposedly reformed inmate, MacLane who escapes during a trip to San Francisco.",https://www.imdb.com/title/tt0038905/?ref_=sr_i_328
329. Die Fledermaus,1946,1h 40m,,6.7,132,,The plot from the famous Johann Strauss operetta adapted as a comedy film with most of the songs left out.,https://www.imdb.com/title/tt0037705/?ref_=sr_i_329
330. The Return of Monte Cristo,1946,1h 31m,Approved,6.3,129,,"Edmond Dantes is falsely accused of a crime and imprisoned. After 14 years, he escapes and gets great wealth with the help of the Abbé Faria. Revitalised as the name of Monte Cristo,is to destroy the designs of corrupt and evil men.",https://www.imdb.com/title/tt0038879/?ref_=sr_i_330
331. Cantaclaro,1946,,,6.8,20,,"After saving his family's lands, Florentino travels to the plains to learn more songs. There he falls in love with a mysterious young woman surrounded by secrets.",https://www.imdb.com/title/tt0218075/?ref_=sr_i_331
332. Roger la Honte,1946,1h 40m,,5.9,36,,"Roger Laroque, an honest industrialist, is the victim of a criminal machination by Julia de Noirville, his possessive and jealous mistress allied to the perfidious Paul Luversan, meant to make Roger take responsibility for the crime he himself committed. Laroque is sent to prison, from where he escapes by sea. When he is reported missing, it looks like he drowned. But he reappears with revenge as his objective. He also wants his daughter Suzanne back. For his wife, it's too late, she died of grief.",https://www.imdb.com/title/tt0155116/?ref_=sr_i_332
333. Hum Ek Hain,1946,2h 1m,,7.7,40,,Zamindari Ma an old land lady of village supports people during an epidemic and raises three orphaned children from different religions.Thou all the children are following separate religion but are united with each other.Chote Babu wants to marry Vidya a girl whose engaged to Zamindari Ma's son Shankar.Thus creating a rift between them.,https://www.imdb.com/title/tt0269343/?ref_=sr_i_333
"334. The Time, the Place and the Girl",1946,1h 45m,Approved,5.9,398,,"A nightclub near an opera singer's home faces closure from her manager. The club owners befriend her, but when she starts liking popular music, more troubles arise as they try to launch a Broadway show.",https://www.imdb.com/title/tt0039038/?ref_=sr_i_334
335. La mujer de todos,1946,1h 35m,,7.1,63,,"A beautiful woman of affairs falls in love with a handsome young man of great promise. Fearing for his future, the man's father begs her to leave his son so that her reputation will not hold him back.",https://www.imdb.com/title/tt0038756/?ref_=sr_i_335
336. Rigoletto,1946,1h 45m,,7.5,52,,"This tragic story revolves around the licentious Duke of Mantua, his hunch-backed court jester Rigoletto, and Rigoletto's beautiful daughter Gilda.",https://www.imdb.com/title/tt0038882/?ref_=sr_i_336
337. Renegade Girl,1946,1h 5m,Approved,5.0,238,,"Ann Shelby, whose family is allied with the notorious William Quantrill, turns outlaw to revenge herself on a renegade Indian who killed her brother.",https://www.imdb.com/title/tt0038877/?ref_=sr_i_337
338. Freddie Steps Out,1946,1h 15m,Approved,4.2,117,,A high-school student is mistaken for a famous radio singer who goes missing; complications ensue.,https://www.imdb.com/title/tt0038535/?ref_=sr_i_338
339. Two-Fisted Stranger,1946,53m,Approved,6.0,45,,"When the sheriff is murdered, Steve Gordon, his deputy and alter ego of the Durango Kid, takes over his job and exposes swindler Brady, who's bilking the town's citizens by salting a local mine with diamonds.",https://www.imdb.com/title/tt0039057/?ref_=sr_i_339
340. The Bachelor's Daughters,1946,1h 28m,Approved,6.5,154,,"A semi-trifle with Adolphe Menjou as a department store floorwalker who is persuaded by four husband-seeking salesgirls---two-bordering-on-three of which were well beyond the ""girl"" stage---to pose as their father in a Long Island mansion which they lease in order to gain access to eligible young men of means. The Greeks had a word for them, and they called them Golddiggers over at Warners. Flighty Bille Burke posed as their mother, and Adolphe Menjou got to display his soup-and-fish wardrobe only still worn by him and retired Prussian diplomats The exploitation for the film made special note of the presence of pianist Eugene List, who had gained international publicity by playing for the Big Three---Roosevelt, Churchill and Stalin---at their Potsdam Conference.",https://www.imdb.com/title/tt0039168/?ref_=sr_i_340
341. Quiet Weekend,1946,1h 30m,Approved,6.4,201,,"A British family hosts a weekend gathering at their country cottage, where the son's flirtatious socialite companion faces disdain from his adoring cousin, while the local magistrate indulges in salmon poaching.",https://www.imdb.com/title/tt0039745/?ref_=sr_i_341
342. A Close Call for Boston Blackie,1946,1h,Approved,6.1,448,,Sleuth Blackie is framed for murder but manages to catch the culprit.,https://www.imdb.com/title/tt0038418/?ref_=sr_i_342
343. Rakkauden risti,1946,1h 39m,,6.9,268,,"The daughter of a lighthouse keeper runs away with a shipwrecked businessman to the city. But instead of her dreams, she finds herself selling herself in the streets, until a painter finds her as an ideal model for his next painting.",https://www.imdb.com/title/tt0038870/?ref_=sr_i_343
344. Out California Way,1946,1h 7m,Approved,5.9,117,,"An interesting oddity in Republic's B-western series but certainly not the first or only time the studio used a movie set as the backdrop of a plot line. Newcomer Monte Hale is tying to just get a job in western films when he meet young Danny McCoy and his sister Gloria. Danny is trying to get his horse, ""Pardner"" into films. Monte sings a song and ""Pardner"" does some tricks and a casting director notices. Monte gets a singing-cowboy role and the horse gets a bit, but there is an accidental explosion, engineered by western star Rod Mason, who is jealous of Monte, and the horse is badly scared and blows his lines. Monte takes care of Sheridan in some hand-to-hand fisticuffs and ""Pardner"", trouper that he is, recovers and performs as expected. Republic contractees Roy Rogers and Dale Evans drop by and sing a song while ""Trigger"" upstages ""Pardner"" with some tap-dancing, and Donald Barry and Allan Lane drop by and say 'hidy.""",https://www.imdb.com/title/tt0038816/?ref_=sr_i_344
345. Il testimone,1946,1h 38m,,6.7,302,,"A man, standing trial for robbery with murder, faces the death penalty. The testimony of an old civil servant will be crucial.",https://www.imdb.com/title/tt0038155/?ref_=sr_i_345
"346. A Boy, a Girl and a Dog",1946,1h 15m,Approved,6.6,102,,"A couple of urban kids struggle to bring up a mongrel puppy. When they have to part with the dog it is offered to Dogs-for-Defense. In the K-9 Corps, a wry-witted corporal becomes trainer of the animal, teaches it all the ropes.",https://www.imdb.com/title/tt0038380/?ref_=sr_i_346
347. I'll Turn to You,1946,1h 37m,,4.4,57,,"When a soldier returns from the Far East after the war, he and his wife have to adjust to life at home.",https://www.imdb.com/title/tt0177852/?ref_=sr_i_347
348. Santa Fe Uprising,1946,56m,Approved,6.7,57,,"The Duchess, the aunt of Red Ryder, comes to town to protect her property. Crawford, a town big-shot behind an outlaw gang, tries to prevent her from reaching her destination, but the attack is thwarted by Red. The latter is made town marshal, and when he gets too close to the truth and is making it too hot for the Crawford faction, Crawford has his henchman Luke kidnap Red's Indian friend Little Beaver.",https://www.imdb.com/title/tt0038907/?ref_=sr_i_348
349. Claudia and David,1946,1h 18m,Approved,6.3,272,,"The follow-up to the hit film ""Claudia"" (1943) finds the title character (Dorothy McGuire) and her husband David (Robert Young) dealing with the ups and downs of marriage and parenthood in their rural Connecticut town. Illness, accidents, and jealousy plague the young couple as they learn to weather life.",https://www.imdb.com/title/tt0038416/?ref_=sr_i_349
350. Miss Susie Slagle's,1946,1h 28m,Approved,6.3,172,,"A student nurse falls in love with a young intern in 1910 Baltimore, but tragedy ensues when he contracts a fatal disease.",https://www.imdb.com/title/tt0037917/?ref_=sr_i_350
351. The Queen's Necklace,1946,1h 58m,,6.7,106,,"3 years before the Revolution, clever Jeanne De La Motte manages to procure a special necklace belonging to Marie Antoinette.",https://www.imdb.com/title/tt0207295/?ref_=sr_i_351
352. Dirty Gertie from Harlem U.S.A.,1946,1h 5m,Not Rated,5.2,349,,"A sexy, enticing dancer from Harlem makes things happen in a sleepy Caribbean island resort.",https://www.imdb.com/title/tt0038480/?ref_=sr_i_352
353. Las colegialas,1946,1h 23m,,6.6,28,,,https://www.imdb.com/title/tt0218117/?ref_=sr_i_353
354. Driftin' River,1946,59m,Approved,6.2,100,,Cowboy Eddie and his sidekick Soapy help clean up a lawless town.,https://www.imdb.com/title/tt0038495/?ref_=sr_i_354
355. Levoton veri,1946,1h 31m,,6.7,295,,"A love triangle of two sisters, both passionately desiring the same man.",https://www.imdb.com/title/tt0038688/?ref_=sr_i_355
356. The Mysterious Mr. Valentine,1946,56m,Approved,6.0,185,,"Janet Spencer (Linda Stirling) has a blow-out and walks into the Armstrong Chemical Company to ask John Armstrong (Tristram Coffin) for help, thus arousing the jealousy of his wife Rita (Barbara Wooddell. Her own car now missing, Janet drives away in Rita's car and almost collides with a second car. When she stops she is accused of hitting and killing a man--Ralph Doane, Armstrong's senior partner. Two men offer to take Doane's body to a hospital. Janet meets Steve Morgan (William Henry), a private detective who offers to help her. Steve goes to Sam Priestly (Kenne Duncan), the insurance man for the Doane-Armstrong company. He informs Steve the money has already been pair to Armstrong and throws him out. He visits Rita, who offers him cash if he can find her husband's girlfriend, and he trails Armstrong to the apartment of Lola Carson (Virginia Christine) and later learns that Rita has been arrested for the murder of her husband. At night, Steve and Janet drive to the Doane-Armstrong plant and find the solutions to the various mysteries.",https://www.imdb.com/title/tt0038768/?ref_=sr_i_356
357. Prithviraj Samyogita,1946,,,,,,,https://www.imdb.com/title/tt0247639/?ref_=sr_i_357
358. Pétrus,1946,1h 35m,,6.1,150,,"Petrus,a Montmartre photographer,is accidentally wounded by Migo,a dancer at the Frou Frou night club,when she is trying to shoot her faithless lover Rodrigue,a counterfeiter.Though Petrus tries to reconcile the lovers, Migo lands up with him after Rodrigue is finally killed by another jealous dancer.",https://www.imdb.com/title/tt0038837/?ref_=sr_i_358
359. Rolling Home,1946,1h 11m,Approved,5.8,105,,A small town minister adopts an orphan boy and his injured rodeo horse.,https://www.imdb.com/title/tt0039782/?ref_=sr_i_359
360. Beauty and the Bandit,1946,1h 17m,Approved,5.9,185,,"In Old California, a young Frenchman transporting a chest full of silver travels by stagecoach to San Marino, to complete a complex business deal. The stagecoach is ambushed by a band of men whose leader, a mysterious bandido known as Cisco (Gilbert Roland), claims the silver is money that was extorted over a period of years from the poor people of California. The bandits take the money and escape, but Cisco stays behind with the Frenchman -- who, it turns out, is actually a lovely mademoiselle, Jeanne DuBois (Ramsay Ames). She follows him to the bandit's lair, where Cisco tells her he intends to return the stolen money to the poor people. The two rivals are irresistibly drawn to each other, however, and as a token of love Cisco offers to return the money to Jeanne instead. Now she must decide whether to complete her business deal, or to comply with Cisco's wishes and redistribute the wealth.",https://www.imdb.com/title/tt0038340/?ref_=sr_i_360
361. Victory of Women,1946,1h 24m,,6.5,199,,"A socially committed film about the feudal state of many Japanese women in 1946. Hiroko Hosokawa, a female lawyer, defends Mrs. Asakura, who suffocated her child in her grief after her husband died penniless following an industrial accident. The prosecutor is Hiroko's sister's husband Kono, who also sent Hiroko's fiance, Yamaoka, to jail for his liberal views during the war. Yamaoka has just been freed, but is seriously ill from his time in prison.",https://www.imdb.com/title/tt0038662/?ref_=sr_i_361
362. Night Train to Memphis,1946,1h 6m,Approved,7.4,47,,"On a train heading into the small mountain town of Tranquility, Danny Acuff kisses a beautiful woman before hopping off a still-moving car. At the Tranquility station, the woman, whose name is Constance Stevenson, her father and their lawyer, Wilson, detrain and introduce themselves as the Smiths, claiming that they are in town to fish in the lake. Station master Roy Acuff, who does not see his brother Danny sneak into town, is also enthralled by Constance. Immediately afterward, Stevenson reminds Wilson not to reveal that he is really the president of the railroad, and is actually in town to buy up the land around the lake in order to lay tracks through it, a plan which will desiccate area farms. At home, Roy brings Mom Acuff a birthday cake and she wishes that Danny were there, after his three years in jail for robbery. Just then, Danny slips into his seat and a warm family reunion ensues until Danny realizes that Roy works for the very railroad that Danny blames for framing him. Danny storms out and stays with moon-shining brothers Chad and Asa Morgan, unaware that they actually performed the robbery for which he was framed. The next day, Roy visits Danny, who saves him during a fight with Chad, but is still cold toward his brother until Roy announces that he has quit the railroad and wants to start a farm with Danny. Later on the farm, Roy is stunned by the sight of Constance fishing on a rock in the lake. When she falls into the water and hits her head, he rescues her just as Danny comes by, so he hands her to Danny and runs for the doctor. By the time he returns, everyone assumes Danny is the hero, and though Roy is upset at first he allows the misunderstanding to continue when Danny tells him that he and Constance are in love. The next night at a square dance, Stevenson offers to buy everyone's share of the lake land, supposedly for ""the timber."" After the party, Stevenson catches Constance with Danny and reprimands her for dating beneath her class, and within hours the Stevensons are gone. A few days later, a heartbroken Danny receives a letter from Constance in which she states that she is returning to tell him something, just as Rainbow, their family friend and local train inspector, announces that the Stevensons are really railroaders after the farmers' land. Against Roy's advice, an angry Danny agrees to see Constance, but when he does, he pretends to defend her against Chad, causing her to shoot at Chad, who then fakes his death. Danny then blackmails Stevenson for the property rights in exchange for his silence about ""the murder,"" not realizing that Constance has mentally collapsed from guilt. Stevenson gives back the land rights but Roy forces Danny to tell the truth, at which point they realize how sick Constance is. They run to get Chad to show him to Constance, and when they arrive at his place, he is fighting with Asa. When Asa pulls out his gun, Danny recognizes it as the weapon from the robbery for which he was jailed, and realizes who his true enemy is. After a chase into the hills, Asa shoots and kills Chad, and everyone agrees to tell Constance he has been hit by a train. This shocks her out of her depression, and though Roy returns the land grants to Stevenson, the thankful father tears them up.",https://www.imdb.com/title/tt0038775/?ref_=sr_i_362
363. Death Valley,1946,1h 7m,Approved,5.3,52,,A dance hall girl is murdered and her body robbed of a quantity of gold obtained illegally. The killer flees into Death Valley and encounters the rightful owner of the gold and her sweetheart.,https://www.imdb.com/title/tt0038460/?ref_=sr_i_363
364. Ginger,1946,1h 7m,Approved,,,,"Barney O'Hara, a boxer retired from the ring because of bad eyes, settles in a small town with his nephew Chip. Chip adopts a stray dog he names Ginger (played by ""Napoleon""), but pompous town mayor Hector Tillford, who dreams of having a town park named after him, doesn't like dogs to begin with and his feelings aren't improved after Ginger bites him. He has the dog locked up but Johnny frees him and the police are scouring the countryside looking for the pair. But the mayor's pampered son injures his leg and is rescued by Ginger, and Ginger becomes a valued member of the community.",https://www.imdb.com/title/tt0039422/?ref_=sr_i_364
365. The Glass Alibi,1946,1h 8m,Approved,6.2,154,,"Joe Eykner (Douglas Fowley), an opportunistic newspaper reporter, persuades wealthy, Santa Monica widow Linda Vale (Maris Wrixon), to marry him. He and his girlfriend, Belle Martin (Anne Gwynne (I)', are planning on Linda soon dying from her heart ailment. But, renewed by love, Linda's condition is rapidly improving, which prompts her impatient husband to scheme the ""perfect"" murder, but police homicide-detective, Max Anderson (Paul Kelly), is asking a lot of questions.",https://www.imdb.com/title/tt0038565/?ref_=sr_i_365
366. One Way to Love,1946,1h 23m,Approved,6.8,60,,"A Chicago team of radio scriptwriters must split up when one takes a job with his bride-to-be's father, and another must write commercial jingles.",https://www.imdb.com/title/tt0038803/?ref_=sr_i_366
367. Desert Command,1946,1h 10m,Not Rated,4.8,283,,"Edited version of the 1933 Mascot serial ""The Three Musketeers,"" first released in 1946.",https://www.imdb.com/title/tt0038466/?ref_=sr_i_367
368. King of the Forest Rangers,1946,2h 47m,Approved,7.1,58,,This fast-paced cliff hanger centers on an ancient Indian rug whose pattern provides the clues to a secret treasure.,https://www.imdb.com/title/tt0038670/?ref_=sr_i_368
369. Prairie Badmen,1946,55m,Approved,6.1,114,,Billy and Fuzzy help the owner of a treasure map that leads to stolen gold.,https://www.imdb.com/title/tt0038856/?ref_=sr_i_369
370. The Devil's Playground,1946,1h 5m,Approved,6.7,198,,"Hoppy, California, and Lucky must rescue Mrs. Evans from the corrupt sheriff and his black-hatted gang of outlaws.",https://www.imdb.com/title/tt0038472/?ref_=sr_i_370
371. Plainsman and the Lady,1946,1h 27m,Approved,6.1,108,,"St. Joseph, Missouri, in 1859, is divided by a railroad track that separates the richer and poorer classes of people. From the richer side comes Ann Arnesen, daughter of Michael Arnesen, owner of the Pony Express. Michael hires Sam Cotton to protect his pony line from hostile Indians and the attacks of the gang of Peter Marquette, owner of a stagecoach line who fears losing his contracts to the pony riders. Sam finds himself in a difficult position because Michael's wife, Cathy, is in love with Marquette. Sam, despite several attacks by Marquette's men, organizes the pony line. The ailing Michael is shocked to death by his wife's confession of hate, and Marquette tries to destroy the express stations. Sam, with the aid of a friendly Indian tribe, finally wipes out Marquette and his gang, and returns to St. Joseph and Ann, the woman he loves.",https://www.imdb.com/title/tt0038846/?ref_=sr_i_371
"372. Ditte, Child of Man",1946,1h 39m,,7.5,486,,"Ditte grows up with her grandparents. When the mother moves with Lars Peter, Ditte is taken home to take care of her siblings. She comes to work at Bakkegården, but is thrown out as she awaits children.",https://www.imdb.com/title/tt0038482/?ref_=sr_i_372
373. Lost City of the Jungle,1946,4h 25m,Approved,6.1,234,,"Following the end of WWII, war-monger Sir Eric Hazarias (Lionel Atwill) sets the wheel in motion for WWIII. His search for Meteorium 245, the only practical defense against the atomic bomb, leads him to mythical Pendrang.",https://www.imdb.com/title/tt0038703/?ref_=sr_i_373
374. Le dernier sou,1946,1h 30m,,6.5,71,,"Pierre risks being taken advantage of by an agency that sets up financial scams, he escapes thanks to Marcelle, the secretary of the director of the agency, who is a childhood friend. She does her best to keep the young man away from the scams of his boss. However, the director, in love with Marcelle and jealous of Pierre, succeeds in trapping and ruining him.",https://www.imdb.com/title/tt0154389/?ref_=sr_i_374
375. Gentleman Joe Palooka,1946,1h 12m,Approved,6.3,45,,"In the second film of Monogram's ""Joe Palooka"" series, Joe is 'used', by two state senators scheming to obtain oil-rich lands, in a publicity campaign to get the land transferred to the state, supposedly for a park. When Joe learns that he has been used as a dupe, he becomes disillusioned and leaves the prize-fighting profession, but his manager, sparring partners, and fiancée manage to expose the land-grab scheme, clear Joe's name, and discredit the crooked politicians.",https://www.imdb.com/title/tt0038553/?ref_=sr_i_375
376. Så mødes vi hos Tove,1946,1h 15m,,5.9,44,,"Eight old school friends meet at Tove's to discuss what has happened in the last 10 years. Some have made careers, others have become homemakers, some are married and others alone. The community is intact, but what no one knows is that Tove is hiding a big, unhappy secret.",https://www.imdb.com/title/tt0039007/?ref_=sr_i_376
377. Door Chalen,1946,,,,,,,https://www.imdb.com/title/tt0236166/?ref_=sr_i_377
378. Iris and the Lieutenant,1946,1h 26m,,6.8,161,,"The officer Robert Motander is invited to a dinner with his upper-class relatives. During the dinner he observes the beautiful young house-maid, Iris. He suggests that the two of them go out to see a movie. This is the beginning of love story that Robert's relatives will do anything to stop. A working-class mistress will do but a working-class fiancée? Never!",https://www.imdb.com/title/tt0038647/?ref_=sr_i_378
379. Frontier Gunlaw,1946,1h,Approved,6.4,24,,"Jim Stewart (Charles Starrett) comes to Mesa City and buys a ranch from publisher Matt Edwards (Weldon Heyburn), who is confined to a wheelchair. The area is terrorized by an outlaw gang known as ""The Phantoms."" When Jim's cattle herd is rustled and his ranch foreman, Pop Evans (John Elliott), killed, he takes an active hand against the gang in his guise as the Durango Kid. He first suspects rancher Tex Harding (Tex Harding) as being behind the gang, but changes his mind when he meets Harding's pretty sister, Kitty (Jean Stevens).",https://www.imdb.com/title/tt0038538/?ref_=sr_i_379
380. Curse of the Ubangi,1946,1h,,4.6,19,,A group of Ubangi women and their chief on an exhibit in 1932.,https://www.imdb.com/title/tt0371617/?ref_=sr_i_380
381. Overland Riders,1946,53m,Approved,5.9,127,,It's up to Billy and Fuzzy to find out who is behind a land grab of a rancher's property who also winds up dead.,https://www.imdb.com/title/tt0038820/?ref_=sr_i_381
382. Riverboat Rhythm,1946,1h 5m,Approved,5.8,94,,"Matt Lindsay, a showboat captain/owner, struggles financially. He gets entangled with a Kentucky Colonel, a strict hotel manager, and a feuding family while trying to raise funds to save his boat and troupe.",https://www.imdb.com/title/tt0038886/?ref_=sr_i_382
383. The Gentleman from Texas,1946,55m,Approved,6.2,78,,"Wells Fargo agent Johnny Macklin investigates holdups in Rimrock, where saloon owner Steve Corbin causes trouble. After Steve kills a poker player, a newspaper starts a vigilante movement. Johnny becomes marshal and faces threats.",https://www.imdb.com/title/tt0038555/?ref_=sr_i_383
384. This Man Is Mine,1946,1h 43m,,5.7,49,,"One wartime Christmas the well-to-do Ferguson family extends a festive welcome to various strays, with comic results.",https://www.imdb.com/title/tt0039024/?ref_=sr_i_384
385. El crimen de Pepe Conde,1946,1h 38m,,4.7,34,,"Pepe Conde, a poor simple man, is tricked by a rich marquis to believe he has sold his soul to the devil to win the attention of the woman he's in love with.",https://www.imdb.com/title/tt0038432/?ref_=sr_i_385
386. Eight Days,1946,2h 21m,,6.8,12,,"Shamsher Singh is a discharged military officer who wants to settle down as a farmer. His marriage is arranged with the educated Neela who ditches him at the last minute and goes to the city where she learns that she stands to inherit a fortune if she gets married within 8 days. After rejecting several suitors, she finally falls in love with Shamsher Singh, whom she meets in the city unaware that he is the person to whom she was earlier betrothed.",https://www.imdb.com/title/tt0331237/?ref_=sr_i_386
387. The Invisible Informer,1946,57m,Approved,6.4,25,,An aristocratic but destitute Southern family attempts to swindle an insurance company by faking the theft of a valuable emerald necklace. The company assigns operatives Eve Rogers and Mike Regan to the case. Eve is nearly strangled by the scion of the family before being rescued by Mike.,https://www.imdb.com/title/tt0038644/?ref_=sr_i_387
388. L'ange qu'on m'a donné,1946,1h 30m,,,,,,https://www.imdb.com/title/tt0143108/?ref_=sr_i_388
389. Mr. Hex,1946,1h 3m,Approved,6.0,355,,Sach is given a post-hypnotic suggestion that turns him into a championship prizefighter.,https://www.imdb.com/title/tt0038753/?ref_=sr_i_389
390. The Gay Cavalier,1946,1h 5m,Approved,5.7,110,,"The Cisco Kid (Gilbert Roland) sets out on a double mission of rescuing a girl from forsaking her true love by marrying a supposedly wealthy suitor to save the old family hacienda, and he is also after the outlaws that robbed a stage carrying gold for the Mission. His task is made easier once he learns that the ""wealthy"" suitor (Tristram Coffin) is also the man behind the gold robbers.",https://www.imdb.com/title/tt0038552/?ref_=sr_i_390
391. Viva Freedom!,1946,51m,,5.6,128,,Tells the story of a Korean resistance fighter leading the fight for freedom from the occupying country of Japan.,https://www.imdb.com/title/tt0312834/?ref_=sr_i_391
392. El amor las vuelve locas,1946,1h 40m,,5.4,16,,A spoiled rich girl will know the troubles of a poor life after got married with her driver.,https://www.imdb.com/title/tt0217996/?ref_=sr_i_392
393. Sweetheart of Sigma Chi,1946,1h 16m,Approved,6.2,26,,"The always-welcome Elyse Knox and her All-American footballer turned broadcaster husband Tom Harmon appear together in this film but are not romantically involved, as she is the co-ed ""sweetheart"" of the title and he coaches the Varsity rowing crew. Some source describes Miss Knox as a B-actress. A more apt and better description would be one that describes her as an Actress who never got out of B-movies. This one is about half plot and half music but the plot is stretched pretty thin to cover 35 of the 75 minutes when it essentially boils down to: a couple of gamblers pressure the local night club(soft drinks only)owner to rig things so the local college rowing crew will lose their upcoming race. End of plot when the cowswain of the home team uses a rabbit's foot to plug the hole the gamblers cut in the bottom of their racing shell. Two of 1945's top hits, ""Five Minutes More"" and Slim Gaillard's ""Cement Mixer, Putti-Putti"" are performed, although some people who heard ""Cement Mixer"" in 1945 are still wondering what it was all about.",https://www.imdb.com/title/tt0039002/?ref_=sr_i_393
394. Hay muertos que no hacen ruido,1946,,,6.9,58,,Tin Tan is involved in a murder where the dead man turns out to be himself.,https://www.imdb.com/title/tt0042547/?ref_=sr_i_394
395. Johnny Comes Flying Home,1946,1h 5m,Approved,6.4,20,,"Following World War II, three discharged U. S. Air Corps fighter pilots decide to stay together and go into business for themselves. They form a company to operate a one-airplane freight line, and have many difficulties keeping their operation afloat...and in the air.",https://www.imdb.com/title/tt0038658/?ref_=sr_i_395
396. The Wife of Monte Cristo,1946,1h 23m,Approved,5.6,131,,"Edmund Dantes (Martin Kosleck), The Count of Monte Cristo, rides again in 1832, this time accompanied by (or stood in for) his countess wife, Haydée (Lenore Aubert). He is out for vengeance (using a mask and working as ""The Avenger"") against those who responsible for his imprisonment in the Chateau D'If, and justice for the people of Paris who are being mistreated by the crooked Prefect of Police and his henchmen, which leads to Dantes engaging in a skirmish with the Gendarmerie, that leaves him incapacitated for a while, and Haydée takes his place as ""The Avenger.""",https://www.imdb.com/title/tt0039106/?ref_=sr_i_396
397. The Great Morgan,1946,57m,Approved,5.0,225,,"A compilation of musical numbers built around a thin narrative. Showcasing MGM's array of talent during WWII, including a comedic turn by Frank Morgan.",https://www.imdb.com/title/tt0038575/?ref_=sr_i_397
398. It Shouldn't Happen to a Dog,1946,1h 10m,Approved,6.6,257,,A reporter who wants to solve crimes gets into comic scrapes with a beautiful stranger and a misunderstood dog.,https://www.imdb.com/title/tt0038648/?ref_=sr_i_398
399. Passkey to Danger,1946,58m,Approved,6.0,92,,"An advertising campaign accidentally unearths an unsolved crime from a decade ago, throwing the campaign manager and his girlfriend in the middle of a fight that may cost them their lives.",https://www.imdb.com/title/tt0038828/?ref_=sr_i_399
400. Singin' in the Corn,1946,1h 5m,Approved,7.4,29,,"Judy McCoy, a fortune teller with a circus, learns she has inherited some property and heads west to collect. When she arrives in the desert ghost town, she learns that a stipulation in the will is that she has to return the property to the rightful owners, an Indian tribe, before she gets the remaining inheritance. A gambling ring, led by Honest John Richards, will gain possession of the town if it is not returned to the Indians. The latter believe the town is haunted, because of the schemes of Honest John, and do not want it.",https://www.imdb.com/title/tt0038944/?ref_=sr_i_400
401. Shadows on the Range,1946,57m,Approved,6.6,34,,"Cattleman Agent Mason arrives to help find rustlers. A letter to the Sheriff and a fake scar gets him identified as a wanted murderer and attracts the attention of the gang leader. But when he is named the new boss of the gang, dissension arises between the leader and the rustlers and Mason must now try to bring them all in.",https://www.imdb.com/title/tt0038930/?ref_=sr_i_401
402. Valmiki,1946,1h 38m,,7.0,27,,,https://www.imdb.com/title/tt0039077/?ref_=sr_i_402
"403. Chick Carter, Detective",1946,3h 48m,Approved,6.1,51,,"Detective Chick Carter finds himself in a complex case when Sherry Martin, a singer at the Century Club, reports the robbery of the famous Blue Diamond, owned by Joe Carney, the owner of the nightclub.",https://www.imdb.com/title/tt0038410/?ref_=sr_i_403
404. Danger Woman,1946,59m,Approved,5.3,54,,"An atomic scientist who was one of the brains behind the A-bomb is now working in private life, trying to adapt atomic power for business purposes.",https://www.imdb.com/title/tt0038446/?ref_=sr_i_404
405. The Mask of Diijon,1946,1h 13m,Approved,5.6,306,,A stage illusionist's comeback attempt results in his humiliation. He plots to revenge himself by hypnotizing people into committing murders for him.,https://www.imdb.com/title/tt0038731/?ref_=sr_i_405
406. Lone Star Moonlight,1946,1h 7m,Approved,6.7,25,,"Returning G.I. Curt Norton (Ken Curtis), owner of a radio station, finds his father Amos (Guy Kibbee) has allowed the station to run down and has squandered Curt's money in bad investments in war-surplus material. Eddie Jackson (Robert Kellard), who owns the rival station, is also attracted to Curt's sweetheart Jean White (Joan Barton). When Curt and the Hoosier Hotshots successfully stage an auction to raise money, Eddie hires Mimi Carston (Claudia Drake) to claim that Curt married her in France.",https://www.imdb.com/title/tt0234128/?ref_=sr_i_406
407. The French Key,1946,1h 4m,Approved,6.1,117,,"Returning to their hotel room, private detective Johnny Fletcher and his partner Sam Cragg find a dead man clutching a gold coin and they try to solve this case involving murder and gold smuggling.",https://www.imdb.com/title/tt0038536/?ref_=sr_i_407
408. South of Monterey,1946,1h 3m,Approved,5.9,78,,"The Cisco Kid (Gilbert Roland) hears of a land-swindling scheme devised by the police Commandante (Martin Garralaga) and the tax collector (Harry Woods) in a small western town. Cisco's efforts against the plot cause the thieves to fall out, and Cisco is able to return the land to the rightful owners.",https://www.imdb.com/title/tt0038971/?ref_=sr_i_408
409. Little Miss Big,1946,1h,Approved,6.4,25,,"Mary Jane Baxter (Fay Holden), a wealthy woman has named her cocker spaniel as her heir, in order to thwart scheming relatives. In learning of her action, her nephew, Eddie Martin (Frederick Brady as Fred Brady) institutes sanity hearings to have her committed to a hospital. She runs away and is befriended by a barber, Charlie Bryan (Frank McHugh) and his family.",https://www.imdb.com/title/tt0038696/?ref_=sr_i_409
410. Toho Show Boat,1946,52m,,,,,,https://www.imdb.com/title/tt0262835/?ref_=sr_i_410
411. Tadzhikistan,1946,,,,,,,https://www.imdb.com/title/tt0240070/?ref_=sr_i_411
412. Little Iodine,1946,57m,Approved,6.4,31,,"Little Iodine does her best to break up her parents' marriage, ruin a romance between Janis and Marc, and cost her father his job, but eventually she has a change of heart and sets out to correct the wrongs.",https://www.imdb.com/title/tt0038695/?ref_=sr_i_412
413. Outlaws of the Plains,1946,56m,Approved,5.7,133,,"Fuzzy believes his psychic powers lead him to gold, but Billy learns that Fuzzy is a pawn in a scheme.",https://www.imdb.com/title/tt0038818/?ref_=sr_i_413
414. Gas House Kids,1946,1h 11m,Approved,6.3,43,,The Gas House Kids tackle a gang of criminals in the hope of winning the reward and helping a returning war veteran make a life with his girl.,https://www.imdb.com/title/tt0038550/?ref_=sr_i_414
415. Daughter of Don Q,1946,2h 47m,Approved,6.7,80,,When unscrupulous Carlos Manning discovers an old Spanish land grant recently unearthed will leave a huge section of California real estate to heirs of Don Quantero.,https://www.imdb.com/title/tt0038456/?ref_=sr_i_415
416. G.I. War Brides,1946,1h 9m,Approved,7.2,29,,"Linda Powell, and English girl, stows away on a ship bound for the United States in order to join the G.I. she loves. She assumes the identity of an English war bride, Joyce Giles, who has decided she no longer loves the American soldier she married and is not going to join him in the U.S. Linda arrives to find that her soldier no longer wishes to marry her...",https://www.imdb.com/title/tt0038545/?ref_=sr_i_416
417. The White Fang,1946,1h 24m,,7.1,149,,"The history of the wild wolf, who picked up the boy and raised an Indian. After falling to the evil man - the owner of the bar, White Fang turned into a ferocious evil beast, coming out victorious from all the dog fights, which suited his enterprising owner.",https://www.imdb.com/title/tt0166520/?ref_=sr_i_417
418. Little Mister Jim,1946,1h 32m,Approved,5.7,134,,A boy learns to deal with the loss of his mother and the subsequent mourning of his father through the wisdom of the family's Chinese cook.,https://www.imdb.com/title/tt0038697/?ref_=sr_i_418
419. Étoile sans lumière,1946,1h 28m,,6.2,244,,An actress is afraid for her career when her agent decides to hire a young provincial with a fabulous voice.,https://www.imdb.com/title/tt0039118/?ref_=sr_i_419
420. Pervertida,1946,1h 24m,,5.8,20,,"By irreparable events of the destiny, Elena a provincial young, ends up falling into the clutches of perdition and prostitution in Mexico City.",https://www.imdb.com/title/tt0147166/?ref_=sr_i_420
421. The Show-Off,1946,1h 23m,Approved,5.9,255,,"Lowly clerk Aubrey Piper has a fondness for exaggerating about himself to impress people. His fantastic tales of visiting China and working as a manager at his place of employment charm his blind date, quiet and lovely Amy Fisher. His false bragging and nearly burning down the Fisher home gets him in bad standing with Amy's family. But Amy is smitten and gladly accepts Aubrey's marriage proposal. Soon, Aubrey's spendthrift ways and show-off manners soon land the couple in financial and legal hot water.",https://www.imdb.com/title/tt0038938/?ref_=sr_i_421
422. La revanche de Roger la Honte,1946,1h 30m,,6.5,46,,"Roger Laroque is now a rich man. He returns to France under the name of William Farnell. There, he discovers that on the one hand his wife has died of a broken heart and on the other that his daughter Suzanne is in love with Raymond de Noirville, the son of his former mistress. With the help of a few friends, Roger coldly prepares his revenge.",https://www.imdb.com/title/tt0155108/?ref_=sr_i_422
423. Tokyo Rose,1946,1h 9m,Approved,5.7,64,,"An American prisoner-of-war in Tokyo manages to escape and hooks up with the Japanese underground. He plans to kill Tokyo Rose because one of her broadcasts led to the death of a buddy. With the help of a war correspondent, he kidnaps the turncoat disc-jockey but, while trying to reach a rendezvous spot with an American submarine, the Japanese soldiers overtake them.",https://www.imdb.com/title/tt0038177/?ref_=sr_i_423
424. No basta ser charro,1946,,,6.7,34,,,https://www.imdb.com/title/tt0037944/?ref_=sr_i_424
425. George Stevens' World War II Footage,1946,7h,,8.0,45,,"Raw footage filmed by George Stevens during World War II between 1944 and 1946 for the US Army Signal Corps. Includes footage shot at D-Day, the liberation of Paris and the Dachau concentration camp.",https://www.imdb.com/title/tt1841612/?ref_=sr_i_425
426. Home on the Range,1946,55m,Approved,5.6,57,,"When two brothers settle a wilderness, one builds the largest cattle ranch in the state while the other creates a game preserve to protect the wild life. When Grizzly's brother dies, Bonnie takes over and soon finds that the bears are killing her cattle. Bonnie starts hunting bears, but she does not know that Dan is behind the attacks on her cattle with a caged bear. Dan wants to take over Grizzly's land. Monte is working for Grizzly to protect the wild animals until Grizzly can donate the land to the government as a preserve.",https://www.imdb.com/title/tt0038612/?ref_=sr_i_426
427. Nebesnyy tikhokhod,1946,1h 23m,,7.4,514,,About three Russian pilots falling in love during the WWII.,https://www.imdb.com/title/tt0129257/?ref_=sr_i_427
428. The Crime of Bordadores Street,1946,1h 32m,,6.6,338,,"On a dark night, the body of a well-known society woman is found; the investigators immediately suspect that the killer was the woman's maid. For her part, the maid demands that the woman's fiancé be brought in for questioning. Some journalists covering the story decide to follow up on the maid's suggestion and gradually piece together the chain of events that led to the murder.",https://www.imdb.com/title/tt0038433/?ref_=sr_i_428
429. The Phantom Thief,1946,1h 5m,Approved,6.4,326,,Blackie tricks a blackmailer-murderer into a confession. Story involves sinister seances and ghostly apparitions.,https://www.imdb.com/title/tt0038839/?ref_=sr_i_429
430. Cásate y verás,1946,1h 38m,,6.3,7,,,https://www.imdb.com/title/tt0217347/?ref_=sr_i_430
431. A Son Is Born,1946,1h 25m,,,,,The marriage of a couple breaks up and their son proceeds to try to wreck the life of his step-sister whom he marries. He is redeemed by his wartime experiences.,https://www.imdb.com/title/tt0038966/?ref_=sr_i_431
432. O Ébrio,1946,1h 47m,,6.4,228,,"A good-hearted man, betrayed by his wife and friends, fakes his death and takes up a new identity, as a nameless, wandering drunkard.",https://www.imdb.com/title/tt0176688/?ref_=sr_i_432
433. Avalanche,1946,1h 10m,Approved,5.2,72,,"Two Treasury agents after an income-tax evader track him to a ski resort high in the mountains, and wind up getting involved in a series of murders.",https://www.imdb.com/title/tt0038314/?ref_=sr_i_433
434. Men of Two Worlds,1946,1h 30m,,5.5,61,,"An African music student returns home and has to defeat the witch doctor who dominates his tribe, and take them to healthier land.",https://www.imdb.com/title/tt0038736/?ref_=sr_i_434
435. Sheharazade,1946,,,,,,,https://www.imdb.com/title/tt0286956/?ref_=sr_i_435
436. Tumbleweed Trail,1946,57m,Approved,6.3,97,,"Attended by his sidekick Roscoe Ates, Eddie Dean takes a ranch hand job with a cowgirl whose father has been murdered.",https://www.imdb.com/title/tt0039052/?ref_=sr_i_436
437. Dr. Kotnis Ki Amar Kahani,1946,2h 4m,,6.7,105,,"During the Japanese invasion of China, a young Indian doctor joins the Chinese resistance, meets and courts a Chinese girl, cures a virulent plague, and is captured by a Japanese platoon.",https://www.imdb.com/title/tt0038491/?ref_=sr_i_437
438. Wife Wanted,1946,1h 13m,Approved,5.9,146,,"Career-slipping movie star Carole Raymond (Kay Francis) buys in as a real estate partner of Jeff Caldwell (Paul Cavanagh). As it happens, through his secretary Nola Reed (Veda Ann Borg), Caldwell runs a matrimonial bureau, and aided by his associate Lee Kirby (John Gallaudet), they defraud and blackmail a large group of lonely people. Carole is unknowingly used as bait for one of their victims, Walter Desmond (Barton Yarborough), who apparently commits suicide. Reporter William Tyler (Robert Shayne) thinks otherwise, and posing as a rich rancher, he contacts Miss Raymond. The latter, now being blackmailed by Caldwell, is forced to persuade Tyler to invest in a fraudulent oil deal. In her own attempt to break the racket, Carole uncovers Mildred Hayes (Teala Loring), another innocent victim of the Desmond case. Despite leading each other on for their own purposes, Carole and Tyler fall in love and combine their efforts.",https://www.imdb.com/title/tt0039105/?ref_=sr_i_438
439. The Voice Within,1946,1h 14m,,5.0,43,,Dennis inadvertently kills a constable during a smuggling operation. The officer's dog pursues him relentlessly as he tries to finance his brother's escape from the IRA and secure his safe passage to the USA by joining a criminal gang.,https://www.imdb.com/title/tt0038229/?ref_=sr_i_439
440. God's Country,1946,1h 4m,Approved,6.6,62,,"Lee Preston, aka Leland Bruce (Robert Lowery), kills a man in self defense but flees to the redwood country when the law makes it a murder charge. There he meets Lynn O'Malley (Helen Gilbert, the niece of ""Sandy"" McTavish (William Farnum) who runs the trading post. Lee learns the reason why this is good trapping country is because the timber barons across the lake are ruthlessly cutting the trees and driving the animals across the river. The trappers appeal to him to take a petition to the Governor which would prohibit the timber people from coming to their side of the lake. At first, because he is a wanted man, he refuses but does so later for the sake of the people even though he knows it will lead to his arrest.",https://www.imdb.com/title/tt0038567/?ref_=sr_i_440
441. Bringing Up Father,1946,1h 5m,Approved,6.1,51,,"Maggie and her snooty society friends fool Jiggs and his buddies down at Dinty's tavern into not only signing a petition to close the bar, but they also trick them into taking the ""temperaance"" pledge to forsake all alcohol.",https://www.imdb.com/title/tt0038384/?ref_=sr_i_441
442. Le capitan,1946,1h 43m,,5.8,44,,"""Le Capitan"" depicts a rebellion ,historically led by the Prince De Condé and in the movie by the duke of Angouleme who wants to be king.",https://www.imdb.com/title/tt0204181/?ref_=sr_i_442
443. The Thrill of Brazil,1946,1h 31m,Approved,5.9,181,,"Steve, revue producer in Rio de Janeiro, is still in love with his ex-wife Vicki, his star Linda is in love with Steve and Tito is in love with Linda. Because of this they all get small problems.",https://www.imdb.com/title/tt0039032/?ref_=sr_i_443
444. Before Him All Rome Trembled,1946,1h 38m,,5.6,113,,"The story intertwines the actions of the underground movement in Rome in 1944 against the Germans by a group of opera performers who are part of the Italian resistance, with their presentation of ""Tosca"", which is also concerned with the city's occupation, but during the Napoleonic era. Unlike some of their ""Tosca"" counterparts, the troupe members live to perform before the Allied troops.",https://www.imdb.com/title/tt0038443/?ref_=sr_i_444
445. La devoradora,1946,1h 57m,,6.8,70,,"Diana is a 'Devoradora', a maneater. Men who fall in love with her get chewed up and spit out without any regard for their feelings.",https://www.imdb.com/title/tt0038473/?ref_=sr_i_445
446. That Texas Jamboree,1946,1h 7m,Approved,5.6,66,,"With the backing of the Mayor, Brady is running a crooked gambling operation. When Sheriff Curt shuts him down, he reopens when the Mayor charters his place as a private club. When Curt decides to run for Mayor, he is made to shut down the popular Warren medicine show. With Curt now out of favor the Warrens decide to run their daughter for Mayor and Brady has a plan to stop her also.",https://www.imdb.com/title/tt0039021/?ref_=sr_i_446
447. Showtime,1946,1h 38m,Approved,5.9,61,,"The life of Irishman George Howard, who bought an English theatre, and strived to improve the standard of musical entertainment. Set in the late nineteenth and early twentieth centuries, and loosely based on fact.",https://www.imdb.com/title/tt0038546/?ref_=sr_i_447
448. Roma città libera,1946,1h 21m,,6.4,208,,"Against the background of Rome freed from Nazi-fascism in 1945, two personal dramas interweave between a young man, reduced to despair by his girlfriend and a still underage girl, who tries to prostitute herself to survive.",https://www.imdb.com/title/tt0038891/?ref_=sr_i_448
449. Devil's Daughter,1946,1h 38m,,6.7,192,,A gangster who's got a lot of dough takes refuge in his hometown.,https://www.imdb.com/title/tt0031228/?ref_=sr_i_449
450. Ambush Trail,1946,1h,Approved,5.7,115,,"Bolton, trying to get the ranchers to leave, has his outlaw gang ambush all incoming supply wagons. Curly Thompson, out to stop them, gets framed for murder and put in jail.",https://www.imdb.com/title/tt0038298/?ref_=sr_i_450
451. One Exciting Week,1946,1h 9m,Approved,6.3,13,,"A returning WWII hero is on his way to his hometown to receive a medal and $10,000. Before arriving he is stricken with amnesia and falls in with a gang of crooks. They do not realize that he is the actual Dan Flannery, and set him up to impersonate himself and get the money. Since he also doesn't know he is himself, he goes for it.",https://www.imdb.com/title/tt0038801/?ref_=sr_i_451
452. El Madi El Maghool,1946,,,7.6,37,,"Ahmad Alawi goes on a trip without anyone knowing his destination. He is involved in an accident that causes him to lose his memory. In the hospital, he meets the nurse Nadyah, and feelings of love grow between them little by little. At the same time, his family tries to seize his wealth, until a surprise happens that changes course of events.",https://www.imdb.com/title/tt0286802/?ref_=sr_i_452
453. In Fast Company,1946,1h 3m,Approved,6.2,381,,Slip confronts a monopolizing taxicab company whose criminal tactics aim to drive its rivals out of business.,https://www.imdb.com/title/tt0038636/?ref_=sr_i_453
454. The Way We Live,1946,1h 4m,,6.5,74,,"A look at Plymouth's hopes and fears just after the end of World War 2. Looks at the plan to rebuild the city - like a Phoenix, ""the PLAN FOR PLYMOUTH."" a local family, the Copperwheats are our stars supported by the City Engineer, Paton Watson and the progressive architect Lord Abercrombie.",https://www.imdb.com/title/tt0039096/?ref_=sr_i_454
455. Lucia di Lammermoor,1946,1h 48m,,7.0,16,,,https://www.imdb.com/title/tt0038707/?ref_=sr_i_455
456. Beale Street Mama,1946,1h,,5.8,16,,"The film is set in Memphis, Tennessee and focuses on a street sweeper who comes upon a large parcel of money. He uses the newly acquired wealth to go on a spending spree, with the hope of getting back at an old girlfriend who dumped him for another man. However, complications arise when it is discovered the money is counterfeit.",https://www.imdb.com/title/tt0038337/?ref_=sr_i_456
457. Gunning for Vengeance,1946,54m,Approved,6.1,62,,"Newly-appointed Marshal Steve Landry has to resort to his secret identity of Durango in order to arrest a murderer who's hiding out of his jurisdiction, and he must defend his prisoner against the lawless element wanting to free him.",https://www.imdb.com/title/tt0038581/?ref_=sr_i_457
458. Ballongen,1946,1h 40m,,6.5,52,,"Sten Stensson Stéen dies when he gets a wooden box in his head, and he enters heaven in a balloon.",https://www.imdb.com/title/tt0038323/?ref_=sr_i_458
459. Pacific Adventure,1946,1h 35m,Approved,6.7,63,,"Sir Charles Kingsford Smith was one of the original flying Pathfinders, a man who contributed a major share to man's conquest of the air. This is a biography of Sir Charles, played by Ron Randell, and his struggles to fly the Pacific.",https://www.imdb.com/title/tt0038954/?ref_=sr_i_459
460. George in Civvy Street,1946,1h 19m,,6.4,111,,"After leaving the armed forces, George Harper (George Formby) returns to run The Unicorn pub, beginning a fierce rivalry with The Lion pub on the other side of the river.",https://www.imdb.com/title/tt0038557/?ref_=sr_i_460
461. Singing on the Trail,1946,1h,Approved,6.4,25,,A cowboy sets out to help a pretty young girl who's about to lose her ranch.,https://www.imdb.com/title/tt0038945/?ref_=sr_i_461
462. Caídos do Céu,1946,1h 55m,,6.8,12,,"When Felizardo Boaventura (meaning Lucky Goodventure) dies, he tries to reach Heaven. However, he is trapped in the bureaucracy of the angels that lost his documentation. The chief-angel sends Rita Naftalina and Claudionor, that died many years ago, to Earth to investigate the life of Boaventura, and judge if he may stay in Heaven or go to Hell.",https://www.imdb.com/title/tt0180589/?ref_=sr_i_462
463. Amar Raj,1946,,,,,,,https://www.imdb.com/title/tt0369228/?ref_=sr_i_463
464. Sinfonía de una vida,1946,1h 31m,,,,,,https://www.imdb.com/title/tt0218607/?ref_=sr_i_464
465. Son of the Regiment,1946,1h 13m,,6.4,82,,,https://www.imdb.com/title/tt0039005/?ref_=sr_i_465
466. Camino del infierno,1946,1h 36m,,7.6,47,,"Laura Sinrok, a rich and despotic woman domains her husband Alberto, pretending to commit suicide to retain him with her. Her ending will be tragic.",https://www.imdb.com/title/tt0199394/?ref_=sr_i_466
467. The Raid of the Aegean,1946,1h 9m,,5.5,25,,"Erotic rivalries between two Greek fighters of the Resistance, during the years of the German Occupation.",https://www.imdb.com/title/tt0136282/?ref_=sr_i_467
468. Don't Gamble with Strangers,1946,1h 8m,Approved,6.4,73,,"Two card sharks, pretending to be brother and sister, clean out a small-town banker, then take over a crooked gambling joint.",https://www.imdb.com/title/tt0038485/?ref_=sr_i_468
469. The Phantom Rider,1946,2h 47m,Approved,6.3,57,,"A reservation's new doctor masquerades as the legendary Indian god, ""the Phantom Rider"", to catch gang looting the reservation, unaware the leader is a phony Indian Agent.",https://www.imdb.com/title/tt0038838/?ref_=sr_i_469
470. Red River Renegades,1946,53m,Approved,6.6,52,,Postal Inspectors Carson and Underwood have been sent to investigate a series of robberies where both the driver and stagecoach disappear. They team up with Pinkerton agent Bennett who has found some of the stolen money in the possession of Stevens.,https://www.imdb.com/title/tt0038874/?ref_=sr_i_470
471. Perilous Holiday,1946,1h 29m,Approved,6.0,43,,"Based on a serialized story by Robert Carson that ran in the Saturday Evening Post, this tale of an international counterfeiting ring operating in Mexico starts with Patrick Nevil (Pat O'Brien) viewed as a suspicious character by newspaperwoman Agnes Stuart (Ruth Warrick), who is working on a story to expose racketeering night-club owner Doc Lilley (Alan Hale.) She searches Lilley's home and finds the counterfeiting plates and thinks Nevil is part of the gang.",https://www.imdb.com/title/tt0038833/?ref_=sr_i_471
472. Don Ricardo Returns,1946,1h 3m,Approved,4.2,68,,"After being shanghaied in a plot to have him declared dead and take over his ranchero and other properties, Don Ricardo, disguised as a peon, returns to Old California, and begins the fight to reclaim what is his. With the aid of his sweetheart, Dorthea, and the mission padres, Don Ricardo succeeds.",https://www.imdb.com/title/tt0162292/?ref_=sr_i_472
473. Visul unei nopti de iarna,1946,58m,,7.8,118,,"Maria, a young saleswoman at a store, is platonically in love with the writer Manea, a popular author.",https://www.imdb.com/title/tt0038224/?ref_=sr_i_473
474. Adoue el murra,1946,,,5.6,14,,,https://www.imdb.com/title/tt0296974/?ref_=sr_i_474
475. Ard el Nil,1946,,,,,,,https://www.imdb.com/title/tt0286465/?ref_=sr_i_475
476. Pyatnadtsatiletniy kapitan,1946,1h 23m,,7.2,189,,"This is an adaptation of Jules Verne's novel Dick Sand, A Captain at Fifteen. The fifteen-year-old sailor Dick Sand have to take command of the ship.",https://www.imdb.com/title/tt0038841/?ref_=sr_i_476
477. Sag' die Wahrheit,1946,1h 36m,,6.8,20,,"Peter's fiancee Maria is chronically lying and hides her little affairs. To change this, Peter bets that he is going to tell everyone the truth for 24 hours. The consequences are catastrophic.",https://www.imdb.com/title/tt0038902/?ref_=sr_i_477
478. That Man of Mine,1946,56m,,,,,"This story about a production company trying to make a feature film, features a series of musical numbers presenting exuberant musicians, mostly from the all-woman jazz forties' band, The International Sweethearts of Rhythm.",https://www.imdb.com/title/tt0135671/?ref_=sr_i_478
479. Death March,1946,,,,,,A historic portrayal of the most thrilling episode in a people's struggle for freedom and democracy amidst a reign of terror and oppression.,https://www.imdb.com/title/tt0777827/?ref_=sr_i_479
480. Thunder Town,1946,57m,Approved,5.4,92,,"After his parole from prison, Jim Brandon sets out to prove his innocence with the help of his pal Utah.",https://www.imdb.com/title/tt0039034/?ref_=sr_i_480
481. Hadamat beyti,1946,1h 35m,,,,,,https://www.imdb.com/title/tt0035960/?ref_=sr_i_481
482. Thyagayya,1946,3h 6m,,8.0,73,,Classic about the life story of Carnatic Music pioneer Thyagayya.,https://www.imdb.com/title/tt0246277/?ref_=sr_i_482
483. Le 6 juin à l'aube,1946,1h 15m,,7.0,78,,"The film starts by a visit to bucolic Normandy before the events. This peaceful atmosphere is shattered by Operation Overlord, minutely described in the second part of the documentary. The landing on D-Day and the ensuing battles and bombings martyr the peaceful area giving the earth thousands of body instead of seeds. In the last part, the dreadful aftermath of the steel storm is shown both with sympathy for the victims and hope for the future, since all these sacrifices, whether military or civilians, have not been in vain.",https://www.imdb.com/title/tt0121970/?ref_=sr_i_483
484. A Girl in a Million,1946,1h 26m,Approved,6.4,77,,"A young scientist freed by divorce from a nagging wife, isolates himself from women. His peace is broken by a lovely young girl to whom he is forced to give shelter. He marries her and finds that his dumb wife is not so dumb.",https://www.imdb.com/title/tt0038562/?ref_=sr_i_484
485. The Pilgrim Lady,1946,1h 7m,Approved,6.0,45,,The head of a failing magazine gets an MS written under a pseudonym that he tries to unravel.,https://www.imdb.com/title/tt0039707/?ref_=sr_i_485
486. Pasiones tormentosas,1946,1h 16m,,6.0,8,,"In a small tropical town, two sisters fight over the love of a young man named José. Fabiola is a noble woman but Sandra will do anything to get him, including witchcraft.",https://www.imdb.com/title/tt0219238/?ref_=sr_i_486
487. Bespokoynoe khozyaystvo,1946,1h 25m,,6.9,127,,"A touching comedy introduces us to ordinary soldiers who have taken care of the maintenance of a fake airfield that distracts the enemy's attention. Corporal Tonya is loved by two pilots - Hero of the Soviet Union Kroshkin and French officer Laroshel, who visit the girl between fights. The film, in particular, shows to whom and why she will give her preference.",https://www.imdb.com/title/tt0038350/?ref_=sr_i_487
488. Rendezvous with Annie,1946,1h 29m,Approved,6.5,81,,"A homesick American soldier stationed in England during WWII, makes an unauthorized (a.w.o.l) trip on an American Air Force plane to the United States to see his wife, and then hops the plane back to England, with only his wife knowing he was home for a few hours. Later, she learns that she is pregnant and to disclose that her husband had paid her a visit, would get him into trouble, which she doesn't, the townspeople are unanimous in their condemnation of her. But, after her husband is discharged, he enlists the aid of a nightclub singer, the only other person who knew he came home, and the gossips are left to find something else to prattle on about.",https://www.imdb.com/title/tt0038876/?ref_=sr_i_488
489. Rendezvous 24,1946,1h 10m,Approved,7.1,37,,"In a remote, mountainous section of Soviet-occupied Germany there is an elaborate post-war Nazi underground dedicated to the achievement of Hitler's dreams of world supremacy. A group of scientists are working on a method of releasing atom bombs through remote control. The FBI learns of the plot and sends an operative (William Gargan) in to foil it.",https://www.imdb.com/title/tt0038875/?ref_=sr_i_489
490. Deadline for Murder,1946,1h 5m,Approved,5.2,57,,"A murder is committed when documents, pertaining to and detailing information about oil fields in Central Europe, are stolen. More murders follow the theft before the recovery through the efforts of police detective Jerry McMullen, and Steve Millard, a gambler/amateur detective.",https://www.imdb.com/title/tt0038459/?ref_=sr_i_490
491. La reina de la opereta,1946,,,7.1,22,,,https://www.imdb.com/title/tt0218547/?ref_=sr_i_491
492. Alias Billy the Kid,1946,56m,Approved,7.6,120,,"Texas Ranger Sunset Carson is given the mission of tracking down the notorious Marshall gang. Uncovering their hideout, he discovers the gang is led by Ann Marshall and is comprised of three of her ranch-hands, Dakota, PeeWee and Buckskin. He soon learns that they are the innocent victims of a ring of swindlers and cattle rustlers led by the ruthless Matt Conroy.",https://www.imdb.com/title/tt0038294/?ref_=sr_i_492
493. 13. revír,1946,1h 42m,,6.8,108,,"Inspector Cadek from the 13th police station should keep an eye on the released safe-cracker nicknamed The Cat. He rightly suspects that Cat will go and pick up his last loot which the police didn't manage to find and that he will want revenge on Karta who helped get him behind bars. At the hospital, Cat's ex-lover Fróny hopelessly falls for doctor Chrudimský and decides to start a new life. She still refuses to help the inspector in his search for The Cat and Karta.",https://www.imdb.com/title/tt0168443/?ref_=sr_i_493
494. Sun Valley Cyclone,1946,56m,Approved,6.6,47,,"Red Ryder and Little Beaver ride into a sleepy Arizona town, and are seen by Blackie Blake. Red and his young Indian pal go to the office of Marshal McGaw and Blake sneaks up to a window and is about to shoot Red from ambush, but ""Thunder,"" Red's horse, bears down on him with pounding hoofs. The hostile townspeople gather and are bent upon carrying out the law that says a killer horse must be shot. Red demands that ""Thunder"" be given a trial, and then (in flashback) tells the story of how he first found ""Thunder."" It was six months ago at the recruiting office for Teddy Roosevelt's Rough Riders, where the horse was pointed out as a potential killer that no one would ever be able to ride. Red accepted the challenge and was given the horse by Teddy Roosevelt after a wild ride. Red wants to join the Rough Riders, but Roosevelt tells him that horse thieves in Red's home state of Wyoming are disrupting the Army's supply service and that Red is the only man capable of stopping them. Red returns home to find the Duchess arguing with fellow-rancher Major Harding over a line-fence dispute, and concludes that someone is using them as dupes to cover some activity. In the town saloon, Blake, the Major's ranch foreman, and two henchmen, Dow and Luce are discussing how they let one of the Duchess' horses, with the Major's brand newly burned on it, wander back onto the Duchess' ranch to throw suspicion on the Major. Red beats Blake in a fight and calls a meeting to settle the dispute. Dow steals the Major's horses and Red finds ""Thunder"" missing and assumes he was also rustled. In reality, ""Thunder"" had followed the stolen herd to Box Canyon and was captured. Blake tries to ride ""Thunder"" but is thrown and then beats the horse unmercifully. ""Thunder"" gets away, Red finds him, sees the whip marks, and vows to find the owner of the saddle that ""Thunder"" is wearing. The trail leads to the Arizona town where Red is now telling the townspeople what prompted ""Thunder"" to attack Blake.",https://www.imdb.com/title/tt0038995/?ref_=sr_i_494
495. Dangerous Millions,1946,1h 9m,Approved,5.3,68,,"A shipping magnate hatches a plan for testing the worth of his heirs, none of whom he has ever seen. He summons them all to China, and lays psychological and physical snares in the path of each. Finding none of them worthy, he dismisses them all but does promise financial backing for an airline to Jack Clark (Kent Taylor.)",https://www.imdb.com/title/tt0038448/?ref_=sr_i_495
496. Kärlek och störtlopp,1946,1h 31m,,5.7,64,,Sixten reluctantly go to a ski resort in Åre to write a script to a movie.,https://www.imdb.com/title/tt0038678/?ref_=sr_i_496
"497. Peter Voss, der Millionendieb",1946,1h 31m,,6.5,42,,"A rich girl, about to become of age, decides to withdraw all her money from a bank. The sum is much larger than the bank can afford, at that particular time, so Peter Voss, a bank employee, offers himself to pretend stealing it and to keep on the run until stocks have risen again. Followed by a private detective and the girl, he flees around the world. In the end, the bank is saved and Voss gets the girl.",https://www.imdb.com/title/tt0038835/?ref_=sr_i_497
498. Dangerous Business,1946,1h,,6.2,34,,"Two young lawyers (Forrest Tucker and Lynn Merrick) open an office together. They are hired to defend a utilities magnate (Thurston Hall) who claims he has been framed. He is kidnapped by a gangster (Gerald Mohr), and a battle royal ensues when the lawyers try to rescue him.",https://www.imdb.com/title/tt0038447/?ref_=sr_i_498
499. Camino de Sacramento,1946,1h 35m,G,6.4,33,,"In Sacramento, Mexico, Antonio Ruiz is a bandit better known as 'El Halcon' (The Hawk). He had a twin brother who unfortunately died some time ago. At least this is what he thinks. In Seville, Spain, Juan Ruiz is a lawyer who once had a twin brother before he died. At least this is what he believes. So when Juan travels to Sacramento and finds Antonio alive the two brothers fall into each other's arms. They soon decide to join forces to fight against Enrique Ledesma, the governor of Sacramento, who murdered their father. But they also vie for the beautiful eyes of Luisa, who can't marry both of them.",https://www.imdb.com/title/tt0218867/?ref_=sr_i_499
500. Fight That Ghost,1946,1h,Approved,6.1,22,,"Pigmeat and Shorty, who own ""Pigmeat and Shorty's Bootery"", are told by their landlord to either pay up or get out. They get caught trying to short-count him, and he threatens to have them arrested. After a series of disasters--they ruin a customer's suit, their store blows up--they get a telegram notifying them that a man they once did a kindness for has left them quite a bit of money and a house, but in order to get the inheritance, they have to spend a night in the bedroom of the man's house. When they arrive there, they notice two things--the place is kind of creepy and a series of spooky incidents leaves them to believe the house is haunted.",https://www.imdb.com/title/tt0135420/?ref_=sr_i_500
501. Mission spéciale,1946,3h 3m,,6.0,22,,"The exploits of Chief Police Inspector Chabrier, first before the invasion of France in May 1940 as he fights against spies preparing the coming the Germans, particularly Emmy de Welder, the alleged manager of the Rouen hospital. Later, Chabrier and his men go underground and resist the occupiers whatever the price to pay. When the Liberation comes Chabrier resumes his activities at the French National Police.",https://www.imdb.com/title/tt0242689/?ref_=sr_i_501
502. Se acabaron las mujeres,1946,1h 23m,,6.5,18,,,https://www.imdb.com/title/tt0131000/?ref_=sr_i_502
503. Lunegarde,1946,1h 30m,,5.0,17,,,https://www.imdb.com/title/tt0038709/?ref_=sr_i_503
504. Hot Cargo,1946,57m,Approved,4.2,18,,"Two discharged service men, William Gargan and Philip Reed, go to the redwood country in northern California to visit the family of a buddy killed in the war. There, they find the family's trucking business is being threatned by a rival who will stop at nothing to ruin their business. They take up the fight against the crooks.",https://www.imdb.com/title/tt0038618/?ref_=sr_i_504
505. Jina Sikho,1946,,,,,,,https://www.imdb.com/title/tt0419859/?ref_=sr_i_505
506. The Vow,1946,1h 38m,,5.0,129,,"In 1924, veteran Bolshevik Petrov, a resident of Tsaritsyn, carries a letter to Vladimir Lenin, to inform him of the Kulak brigands that roam the land, spreading death and misery. The Kulaks murder him. His widow, Varvara, continues his quest, joining a group that travels to Moscow. When they arrive, they discover that Lenin is dead. In the Kremlin, Vyacheslav Molotov tells Anastas Mikoyan that now, Grigory Zinoviev, Lev Kamenev and Nikolai Bukharin will attempt to subvert the party by attacking Stalin, Lenin's devout disciple. Stalin, mourning his teacher's passing away, carries a eulogy in the funeral, calling for all attendants and all the people of the Soviet Union to vow to maintain his legacy. The people swear. Varvara sees Stalin and hands him over the blood-stained letter entitled ""To Lenin"". Varvara's son, Sergei, becomes an inventor, developing the first Soviet tractor with Stalin's encouragement. Her other son, Alexander, becomes manager of the Stalingrad Tractor Factory. Stalin leads the people of the USSR in implementing the Five-Year Plans and in industrializing their country, in spite of Bukharin's resistance. American saboteurs burn the Tractor Factory, killing Varvara's daughter, Olga. As the Germans threaten world war, Sergei travels to Paris, to warn of the impending danger. The French and the British reject Soviet warnings. As the Second World War begins, the two sons volunteer for the front. At the end of the war, Varvara and Stalin meet again in the Kremlin. Stalin kisses her hand, in recognition of the Soviet mothers' contribution to victory, telling her that soon, all that Lenin has foreseen would be fulfilled.",https://www.imdb.com/title/tt0038673/?ref_=sr_i_506
507. Interlude,1946,1h 32m,,5.2,107,,Swedish man is admitted to a Swiss clinic for terminally sick people.,https://www.imdb.com/title/tt0038628/?ref_=sr_i_507
508. Wielka droga,1946,1h 27m,,6.1,65,,"The plot spans from shortly before the outbreak of World War II to its end. In the city of Lwow (PL) in 1939 Adam and Irena fall in Love, but are separated by the outbreak of the war. Both are deported by the Soviets to Siberia, where they briefly meet again when signing up to the newly created Polish army. Again separated from Irena, Adam marches with the army from Siberia trough the Middle East and fights on the Italian front line. During the battle of Monte Cassino he gets wounded when participating at the first assault, temporarily losing his eyesight. In the military hospital a nurse finds his diary and, initially in the intent to relieve his suffering, later from romantic affection towards him, pretends to be his fiance Irena. This, however, is ended when the real Irena arrives. Adam recovers from his wounds and, after the Polish victory at Monte Cassino, follows the army together with Irena to northern Italy, where they settle after the end of the war. In this film the plot serves as a framework for original footage taken by the army during the war. The name of the film, Wielka Droga, means 'The Great Way', referring to the march from Poland through Siberia and the Middle East to Northern Italy. This is the only film showing the Polish participation in the Italian Campaign.",https://www.imdb.com/title/tt0283145/?ref_=sr_i_508
509. Partners in Time,1946,1h 14m,Approved,7.5,42,,"Squire Skimp has a new plan to swindle the people of Pine Ridge. However, Lum has something more important on his mind. He has to tell a young engaged couple on the verge of breaking up the story of how the Jot 'em Down store first started (through flashbacks). Based on characters from the popular ""Lum and Abner"" radio program of the time.",https://www.imdb.com/title/tt0038827/?ref_=sr_i_509
"510. María Magdalena, pecadora de Magdala",1946,1h 35m,,7.1,34,,"María Magdalena: Pecadora de Magdala is a 1946 Mexican historical drama directed by Miguel Contreras Torres, based on the biblical story of Mary Magdalene's transformation from a sinner to a devoted follower of Jesus Christ.",https://www.imdb.com/title/tt0042971/?ref_=sr_i_510
511. Cyrano de Bergerac,1946,1h 40m,,5.8,52,,"Long-nosed Cyrano de Begerac helps an army officer woo Roxanne, the woman he loves.",https://www.imdb.com/title/tt0182028/?ref_=sr_i_511
512. A Guy Could Change,1946,1h 5m,Approved,5.4,40,,"When newspaperman Michael Hogan's wife dies during childbirth, he becomes despondent and questions his ability to take care of Nancy, his new daughter. While Mike sinks into a depression, Grace Conley, Mike's sister, and her husband Bill take the infant into their home. Eight years pass, and Nancy, now a young girl, is still living with Grace and Bill, who get an allowance for her upkeep from Mike. Grace and Bill rear Nancy with love, but are concerned about Mike's playboy lifestyle. Ashamed of her father's lack of interest in her, Nancy makes up stories about him to keep her friend, Alan Schroeder, from becoming suspicious. Mike, meanwhile, continues his philandering and goes out with his pal, George Cummings, to a drive-in diner, where Mike tries, unsuccessfully, to pick up a waitress named Barbara Adams. Nancy feels neglected and unloved, but her aunt shields her from the truth by telling her that her father cannot see her because he is overworked. One day, Nancy, hoping to improve her relationship with her father, goes to McCarthy, his boss, and demands that he give Mike more free time to spend with her. Later, Mike, trying a different tactic to get Barbara to date him, shows up pretending to be writing a newspaper story about the restaurant. The restaurant owner gladly gives Barbara the day off when Mike asks to interview her, but she goes along unhappily. Barbara changes her mind about Mike after he plants a kiss on her, but the mood is spoiled when McCarthy shows up and threatens to fire Mike if he does not pay more attention to Nancy. Barbara overhears the conversation and decides that Mike is not worth her time. Mike anguishes about his relationship with his daughter and finally decides to make it up to her. After apologizing to her, Mike takes Nancy to the drive-in, where he introduces her to Barbara. Nancy and Barbara become fast friends, and the three go bowling. One day, Barbara tries to tell Mike about Eddy Raymond, a Minnesota bank robber who was convicted through her testimony, but he stops her with a kiss. Eddy, meanwhile, breaks out of prison in Minnesota to exact his revenge on Barbara, and goes to the drive-in looking for her. He gets her address from her boss and goes to her house, where he shoots her and engages Mike in a bruising fistfight. The police arrive in time to kill Eddy and capture his accomplice, but Barbara is sent to the hospital with a gunshot wound. When Mike learns that Barbara is expected to make a complete recovery, he gets to work planning a big wedding and new family life.",https://www.imdb.com/title/tt0038582/?ref_=sr_i_512
513. Hotell Kåkbrinken,1946,1h 35m,,4.8,50,,"Laban Lundström is the porter at Hotell Kåkbrinken. The hotel is threatened by wholesaler Sjökvist, who wants to pull down the house and build a new and modern house instead.",https://www.imdb.com/title/tt0038619/?ref_=sr_i_513
514. Es peligroso asomarse al exterior,1946,1h 27m,,,,,"A girl traveling around the world gets engaged to three men whose qualities put together would make her ideal husband. The truth is they are related, a father and his two sons, and when they all reunite she finds herself in a spot.",https://www.imdb.com/title/tt0037676/?ref_=sr_i_514
515. House-Rent Party,1946,,,,,,"Shorty's wife throws him out of the house for lying around reading detective thrillers and letting his boss Pigmeat get away with not paying him for the work he does at Pigmeat's barber shop in Harlem. He runs into Pigmeat on the street and asks for the money he's owed, but Pigmeat winds up convincing him that not only does he not owe Shorty any salary, but he actually overpays Shorty $1.25 a week. Later, Shorty reads about a jewel thief on the loose in Harlem and that there's a reward of $1,000 for his capture. He convinces Pigmeat that the two of them can catch this guy, collect the reward and then become famous detectives. Complications ensue.",https://www.imdb.com/title/tt0135460/?ref_=sr_i_515
"516. Reykjavík vorra daga, seinni hluti",1946,1h 46m,,,,,,https://www.imdb.com/title/tt36433176/?ref_=sr_i_516
517. Chalis Karod,1946,,,,,,,https://www.imdb.com/title/tt0156389/?ref_=sr_i_517
518. Dugo ng bayan (I remember Bataan),1946,,,,,,A humble tribute to the Filipino Soldiers: the authentic story of a people fit to live because they were not afraid to die.,https://www.imdb.com/title/tt1293768/?ref_=sr_i_518
519. Strange Triangle,1946,1h 5m,Approved,6.2,172,,"A bank district supervisor relates how he has been accused of a murder involving the bank's vice-president's brother and his mysterious wife, who has long police record, and to which he intends to plead guilty.",https://www.imdb.com/title/tt0038989/?ref_=sr_i_519
520. Les démons de l'aube,1946,1h 40m,,5.5,110,,"Somewhere in Tunisia, commandos of the First French Army are training, in preparation for the August 1945 landings on the southern coast of France. Lt. Claude Legrand (Georges Marchal), who leads the commando, finds among his men a former resistance fighter, Serge Duhamel (André Valmy), who feels nothing but contempt for the lieutenant. Some years earlier, Lt. Legrand and Duhamel had quarreled over Legrand's wife Simone, who had an affair with Duhamel. The commando training goes on but the grudge between the two men still festers. However, after a dangerous mission in which Lt. Legrand behaves heroically, a mutual esteem is born between the two men and grows with time. The long-awaited day of the landing in Provence arrives. The lieutenant and his former rival are now partners in combat.",https://www.imdb.com/title/tt0034690/?ref_=sr_i_520
521. The Laughing Lady,1946,1h 40m,,5.7,51,,A nobleman is sent to England by Robespierre to steal Marie Antoinette's former pearls from the Prince of Wales in order to save his mother from the guillotine.,https://www.imdb.com/title/tt0038685/?ref_=sr_i_521
522. Brevet fra afdøde,1946,1h 18m,,6.4,29,,"A man and a woman meet in a shelter during an air raid. They feel strongly drawn to each other, but are separated without knowing exchanging names. A year later the two meet randomly. He now learns that she is addicted to morphine.",https://www.imdb.com/title/tt0124300/?ref_=sr_i_522
523. El jinete fantasma,1946,1h 22m,,4.5,21,,"A doctor assigned to an Indian reservation area assumes the secret identity of the ""Ghost Rider"", an indigenous deity, to counter a gang that is dedicated to making life impossible for the natives.",https://www.imdb.com/title/tt0244003/?ref_=sr_i_523
524. 1857,1946,,,4.6,16,,,https://www.imdb.com/title/tt0132669/?ref_=sr_i_524
525. Claymation Story Book Classics,1946,50m,,,,,"Created by the best claymation artist of his time, five classic fairytales get the claymation treatment. They include The Story of Little Red Riding Hood, The Story of Hansel and Gretel and Mother Goose Presents Little Miss Muffet.",https://www.imdb.com/title/tt2866356/?ref_=sr_i_525
526. Wild Beauty,1946,1h 1m,Approved,,,,"A pretty school teacher (Lois Collier)---make that a very pretty school teacher---, a doctor (Don Porter) who disapproves of the white man's attitude toward Indians, and a young Indian boy (Buzz Henry) do what they can in the modern west to keep Robert Wilcox and his henchies (the usual Universal suspects headed by Dick Curtis) from capturing and killing a wild horse herd so Wilcox can sell the hides. It all looks bigger than it is because director Wallace Fox makes liberal use via stock footage of the massive wild horse herds from Universal's 1936 ""Stormy.""",https://www.imdb.com/title/tt0039107/?ref_=sr_i_526
527. Senda ignorada,1946,1h 42m,,,,,"Guido Morani is a gangster who always gets away with his crimes, to the despair of Inspector Russell, and the few times he gets judged gets to be acquitted, until he falls in love with a married woman.",https://www.imdb.com/title/tt0038921/?ref_=sr_i_527
528. The Other Fu Manchu,1946,1h 26m,,,,,,https://www.imdb.com/title/tt0038814/?ref_=sr_i_528
529. Más allá del amor,1946,1h 26m,,,,,,https://www.imdb.com/title/tt0219943/?ref_=sr_i_529
530. Gentlemen with Guns,1946,53m,Approved,5.7,135,,"While Fuzzy is waiting for his mail order bride, McCallister frames him for murder. McCallister then advises Matilda to marry Fuzzy so she will get the money when he is hung. But Billy breaks up the wedding and goes after the real killer.",https://www.imdb.com/title/tt0038556/?ref_=sr_i_530
531. El barchante Neguib,1946,1h 30m,,7.6,52,,"Lebanese Neguib travels to the capital to see his son Alfredo, who does not give him accommodation in the apartment he shares with Cuban Alejandro. Neguib, his wife Sara, their daughters Natalia and Rebeca, and their brother-in-law ''Piloncillo'' move to a slum. Neguib does not want anything to do with Alfredo and he sells clothes. Sara looks for his son and finds his contempt.",https://www.imdb.com/title/tt0179667/?ref_=sr_i_531
532. V gorakh Yugoslavii,1946,1h 25m,,5.3,60,,"After announcement that Hitler attacked Soviet Union, partisan leader Slavko Babic starts the uprising against fascist authorities on June 22, 1941.",https://www.imdb.com/title/tt0038638/?ref_=sr_i_532
533. Sing While You Dance,1946,1h 28m,Approved,6.1,29,,"Susan Kent, hoping to establish herself as a song-plugger, tries to obtain a second song from a young songwriter, Johnny Crane, after his first song becomes a hit. While pursuing her objective, she falls in love with Johnny, and lands in jail, but she acquires the song, the job, and Johnny.",https://www.imdb.com/title/tt0038943/?ref_=sr_i_533
534. Det glada kalaset,1946,1h 30m,,6.5,24,,"Bojan runs a guest house, with economical problems. She decides, therefore, to arrange a big party. If she will go bankrupt, it might as well happen to cheerful music.",https://www.imdb.com/title/tt0038564/?ref_=sr_i_534
535. Kärlekens kors,1946,1h 39m,,5.3,20,,"The daughter of a lighthouse keeper runs away with a shipwrecked businessman to the city. But instead of her dreams, she finds herself selling herself in the streets, until a painter finds her as an ideal model for his next painting.",https://www.imdb.com/title/tt1836840/?ref_=sr_i_535
536. La reina del trópico,1946,1h 40m,,6.4,12,,"An orphan girl begins an affair with a lawyer who leaves town for work, promising to return when he succeeds. However, the girl will travel to the capital to look for him, although she will only receive contempt from her part.",https://www.imdb.com/title/tt0218548/?ref_=sr_i_536
537. L'aventure de Cabassou,1946,1h 45m,,4.7,16,,"An architect whose wife has cheated on him withdraws to a solitary life in a cave, but somehow manages to keep au courant with what is going on.",https://www.imdb.com/title/tt0185168/?ref_=sr_i_537
538. Omar Khaiyyam,1946,,,,,,,https://www.imdb.com/title/tt1566606/?ref_=sr_i_538
539. Dev Kanya,1946,,,,,,,https://www.imdb.com/title/tt0213609/?ref_=sr_i_539
540. Alias Mr. Twilight,1946,1h 9m,Approved,6.3,128,,"Geoffrey is providing for his granddaughter Susan, yet has no qualms when working a racket devised to relieve his victims of their property. Corky, Susan's governess, is in love with a detective who is tracking down Geoffrey's activities.",https://www.imdb.com/title/tt0038295/?ref_=sr_i_540
541. Meet Me on Broadway,1946,1h 18m,Passed,5.4,107,,"Believing that he can produce better Broadway shows without the hindrance of his producer, Eddie Dolan quits the musical he is directing, taking his starring actress and sweetheart, Ann Stallings, and his songwriter, Deacon McGill, with him.",https://www.imdb.com/title/tt0038735/?ref_=sr_i_541
542. California Gold Rush,1946,56m,Approved,6.9,71,,A crooked businessman and his hired outlaws frequently rob Colonel Parker's stagecoaches but The Duchess sends for Red Ryder to assist in catching the gang red-handed.,https://www.imdb.com/title/tt0038393/?ref_=sr_i_542
543. Affairs of Geraldine,1946,1h 8m,Approved,6.2,37,,"When the wealthy Mrs. Cooper passes away, she divides her estate between her sons, Henry and Wayne, and her only daughter, the tomboyish Geraldine. She also leaves a recording for Henry and Wayne, in which she urges them to find a suitable husband for their younger sister, who is obsessed with Cooperville's fire truck. Determined to carry out their mother's last wish, Henry and Wayne bully several young men into attending Gerry's birthday party. Irritated with the brothers' heavy-handed attempts to press her own boyfriend on Gerry, Liza Jane Dennis plays Mrs. Cooper's record at the party. Gerry is aghast to hear her mother's exhortations, as is Willy Briggs, a young baker who loves the oblivious Gerry. Humiliated, Gerry runs away from home, and while riding on a train, confides her problems to a sympathetic stranger named Casper Millhouse. Casper advises Gerry to find a husband on her own to show up the Cooperville residents, and introduces her to Amos Hartwell, the founder of the Lonely Hearts club through which Casper met his fiance, Belle Walker. Gerry asks for Amos' help in obtaining a husband but Amos instead hires her as his secretary and promises that she can have the pick of the new prospects. When Gerry learns that the club operates through correspondence, she suggests staging a dance party for the lonely hearts, and the party is such a success that Gerry is soon organizing a series of gatherings. Gerry's head for business also leads to a national hookup for Amos' ""Cupid Speaking"" radio show. Despite Gerry's distress that she has not found a husband for herself, Amos convinces her that she is so gifted at helping other people that she should go on the radio show as ""Madame L'Amour,"" a mysterious woman of the world who will dispense advice. Gerry's efforts are again successful, although she slips up when answering a letter from Willy, who discerns the ""Madame's"" true identity from Gerry's reply. Gerry then meets again with Casper, who is searching for Belle, who disappeared following a brief elopement with, and desertion by, a confidence man. Gerry promises to help Casper and also confesses her attraction to J. Edmund Roberts, a supposedly wealthy Hartwell client. Casper encourages Gerry to pursue Roberts, much to the dismay of Willy, who has arrived in the big city to find Gerry. At a club dance, the blindfolded Gerry is thrilled by a kiss from Willy, but when she faints from the excitement, Roberts claims that he was the bestower of the embrace. Gerry agrees to marry Roberts at Cooperville while she is touring as ""Madame L'Amour,"" and once in her home town, she is reunited with her brothers. Henry and Wayne are pleased that Gerry is engaged, but Belle and Casper have discovered that Roberts is the man who swindled Belle. Amos learns that Roberts has similarly beguiled two other women and calls Willy, telling him to stall the wedding until he arrives in town. When Willy kisses Gerry, she finally realizes that he is the man for her, and happily agrees to marry him after Roberts is arrested for bigamy. A fire alarm interrupts the end of the ceremony, but Gerry is too enthralled by Willy's kisses to care.",https://www.imdb.com/title/tt0038290/?ref_=sr_i_543
544. Patrie,1946,1h 40m,,6.7,24,,"Brussels in the year 1568, as the Flemish people are fighting against the tyranny of the Spanish occupiers. Led by Count de Rysoor, the revolt against the ruthless Duke of Alba, is meant to help Prince William of Orange to get into the city and come to power. Now, the count's lieutenant, has an affair with Elisabeth, Rysoor's wife. For the time being, the count, who thinks of his homeland first, turns a blind eye. But such a relationship might well undermine the whole rebellion movement...",https://www.imdb.com/title/tt0192444/?ref_=sr_i_544
545. Freies Land,1946,1h 17m,,5.7,30,,"At the end of WW2 Mrs. Jeruscheit has lost her home. Like millions of others she treks west, burying one of her children on the way. She finds new purpose in life settling on an abandoned farm and working together with locals and refugees.",https://www.imdb.com/title/tt0236238/?ref_=sr_i_545
546. Ouvert pour cause d'inventaire,1946,1h 30m,,3.8,21,,,https://www.imdb.com/title/tt0038819/?ref_=sr_i_546
547. El último amor de Goya,1946,,,,,,,https://www.imdb.com/title/tt0220186/?ref_=sr_i_547
548. Twenty-Year-Old Youth,1946,1h 12m,,,,,,https://www.imdb.com/title/tt0447191/?ref_=sr_i_548
549. Pick Pocket,1946,,,,,,,https://www.imdb.com/title/tt7065000/?ref_=sr_i_549
550. Intramuros: The Rape of a City,1946,,,,,,,https://www.imdb.com/title/tt6227928/?ref_=sr_i_550
551. Así es Cataluña: La imperial Tarragona (primera parte),1946,,,,,,,https://www.imdb.com/title/tt0040128/?ref_=sr_i_551
552. Walking on Air,1946,1h 1m,,,,,"Susan Shaw is the south end of a horse for an ice show, but she longs to be a ballerina. It looks like she will achieve that goal, but will her oversized ego get in her way?",https://www.imdb.com/title/tt0259734/?ref_=sr_i_552
553. Honeymoon,1946,,,,,,,https://www.imdb.com/title/tt4800094/?ref_=sr_i_553
554. Vive la liberté,1946,1h 30m,,,,,,https://www.imdb.com/title/tt0250813/?ref_=sr_i_554
555. Big Town,1946,1h,Approved,5.1,93,,"A newspaper editor goes on an anti-crime crusade, but gets carried away.",https://www.imdb.com/title/tt0039186/?ref_=sr_i_555
556. Her Adventurous Night,1946,1h 16m,Approved,6.2,53,,"Over breakfast, Bill Fry tells his wife Constance that he has had another call from their old friend, Dan Carter, who is the principal at their overly imaginative teenage son Junior's school. When Junior comes to the table, Bill reproaches him for making up wild stories about Dan, whom the boy believes to be at the center of a widespread conspiracy. After Bill drives his son to school, Junior discovers that his father's pistol has fallen out of the car. Junior puts the gun in his pocket, but as he and his buddy Horace are sneaking into the school through an air vent, the gun falls out of his pocket and discharges. When the police show up, Junior, who suspects that Dan used his father's gun, suggests that they have ballistics compare the gun's bullets with a slug retrieved at the unsolved Midvale Bank robbery fifteen years before. The police ask for more information about the robbery, and when they encourage the boy to use his imagination, Junior enthusiastically begins his story: On a stormy night in Midvale, a criminal robs the bank and kills the teller, then flees with the police in pursuit. The next day, Constance Denning swerves to avoid a telephone company truck stopped in the middle of the road, and her car gets stuck in the mud. Bill, the lineman, agrees to drive her to the bus stop so she can continue on her way to Los Angeles to get married. When Constance misses her bus, she and Bill quarrel, and she is about to set out on foot when the bank robber emerges from the back of the truck and takes them hostage. The radiator bursts, and while the truck is stopped, they encounter Cudgeons, a mousy necktie salesman. The robber sends Cudgeons away, and as he and his hostages search for shelter, the attraction between Bill and Constance grows. They eventually reach the Petrucci winery, where they are given shelter for the night, and Bill admits that he could have stopped Constance's bus if he had wanted to. In the middle of the night, Constance sneaks out the window, climbs the telephone pole and uses Bill's handset to tap into a line. After calling her fiance to break off their engagement, she attempts to contact the police, but the robber wakes up and shoots at them before escaping through the winery. Back at Junior's school, the boy is near the end of his story when a policeman brings the news that Bill's gun was the one used in the robbery. Junior continues to cast suspicion on his principal, and the police bring in Cudgeons, who agrees with Junior's account of the long-past events. That evening, Bill and Constance learn that Dan is in jail, and when they go to see him, they are promptly locked up as well. Junior suddenly gets an idea and runs off to crack the case. He and Horace break into Cudgeons' home and call out from the darkness, urging Cudgeons to give himself up. Just as Cudgeons grabs a gun and traps the boys, the police step in to seize him. Junior's heroic deed makes the front page, and the boy confesses that he first suspected Cudgeons because he was the only person who actually believed his story. Junior then looks on in amusement as his parents begin to tell their friends greatly exaggerated versions of his exploits.",https://www.imdb.com/title/tt0038596/?ref_=sr_i_556
557. Landrush,1946,53m,Approved,6.1,37,,"Steve Harmon arrives in Border Plain to survey the land, known as the Spur, which is to soon be opened to homesteaders. The area is a natural haven for a desperado gang led by Claw Hawkins, already under suspicion of murdering a Pony Express rider. Hawkins' gang wrecks the newspaper office of Jake Parker, but Hawkins loses a marked $100 bill he had stolen from the Express rider. Jake finds it and sends for Steve and Sheriff Tim Collins. Knowing that Hawkins still poses a danger to Jake, Steve switches to the Durango Kid and kidnaps him, hiding him in the carpentry shop ran by his pal Smiley. There, Jake runs off handbills and notices that the Spur is opened for settlement and land will be acquired through a first-one-there landrush. The Hawkins gang, secretly led by rancher Caleb Garvey, tries to circumvent the landrush by taking a short cut and starting a prairie fire in the path of the landrushers. Steve aids the prospective land owners by having them dig fire ditches and then, as the Durango Kid, swooping down on the gang members who are setting up property claims in the Spur.",https://www.imdb.com/title/tt0038681/?ref_=sr_i_557
558. Here Comes the Sun,1946,1h 31m,,6.0,54,,A sports reporter on the run from the police seeks to clear his name.,https://www.imdb.com/title/tt0037772/?ref_=sr_i_558
559. Coeur de coq,1946,1h 15m,,6.0,43,,Tulipe works in a printing house and he is in love with the owner's daughter who is to marry a middle-age man who stutters.,https://www.imdb.com/title/tt0171186/?ref_=sr_i_559
560. Un drama nuevo,1946,1h 32m,,6.7,26,,"London, 1605. William Shakespeare is about to launch a new drama in The Globe. The comic actor Yorick urges the author to grant him the lead role, although he is not very gifted for serious roles. Then it begins a curious correspondence between what happens on stage and what happens in real life.",https://www.imdb.com/title/tt0038493/?ref_=sr_i_560
561. Springtime,1946,1h 20m,,5.8,32,,The film follows the history of a brooch after it is given as a present by a man to a woman in 1911.,https://www.imdb.com/title/tt0178911/?ref_=sr_i_561
562. Trente et quarante,1946,1h 45m,,5.7,29,,"The scene is set during the Second Empire. Captain Bitterlin watches jealously over his lovely daughter Madeleine but he cannot prevent nature from demanding its rights and Madeleine soon finds herself a suitor in the person of Mario, a dashing young songwriter. Bitterlin, who wishes his daughter to ""evade the grip"" of the young man, takes her away to Monte Carlo. There, the captain does what he had sworn he would never do, he gambles in a casino. And even more upsetting: Mario might well be hereabouts...",https://www.imdb.com/title/tt0217857/?ref_=sr_i_562
563. The Trojan Brothers,1946,1h 25m,,5.8,22,,Comedy set in opposing ends of a pantomime horse. The 'head' is dating a society lady while the 'tail' is unhappily married.,https://www.imdb.com/title/tt0039049/?ref_=sr_i_563
564. The People's Choice,1946,1h 7m,Approved,4.0,20,,"Filmed in 16 mm, primarily intended for school/institutional and home-rental, the plot has Abner Snell running for councilman in a small town. He accidentally becomes the ""Mystery Lady"" on a radio show after his deep bass voice becomes a strange, haunting falsetto following an attack of laryngitis, and this brings him a little extra money. He explains his sudden affluence to his sweetheart, Alice Tinkerton, by jokingly telling her that he robbed a bank--not knowing that the Elmwood Bank has just been held up. Abner finally wins the girl and the election--and captures the real bank robbers.",https://www.imdb.com/title/tt0295512/?ref_=sr_i_564
565. Peggy på vift,1946,1h 18m,,,,,The famous singer Frank Bing arrives at Bromma Airport from the United States. Frank derives from Småland and has created a position in the United States as a best-selling artist.,https://www.imdb.com/title/tt0038829/?ref_=sr_i_565
566. Ghunghat,1946,,,,,,,https://www.imdb.com/title/tt0380386/?ref_=sr_i_566
567. No Trampolim da Vida,1946,1h 48m,,,,,,https://www.imdb.com/title/tt0261862/?ref_=sr_i_567
568. Shahjehan,1946,2h 1m,Not Rated,7.2,49,,"Circa the Mugal rule in Hindustan, Shahjahan, the present emperor is approached by one of his subjects, whose daughter, Ruhi, is so beautiful, that her suitors have killed her to-be grooms, as well as two of her brothers, who came to her aid. He now seeks the Emperor's assistance. Appalled at this, the Emperor confers with his Queen, Mumtaz, and upon her advise asks the father to bring his daughter to be a guest of the palace, and it is from here that a suitor will be chosen by none other than his royal majesty himself. The father does as asked, but one of the Queen's aide is troubled by Ruhi's august presence, that she fears that the Emperor may take a liking to her, and make her his begum. She plots a devious scheme so that Ruhi is promised to get married to Shiraz. The matter gets quite complicated as Ruhi has already been promised to Sohail. The Emperor and his Queen are so perturbed by this situation, that both become ill. The situation is resolved when Sohail decides to give Ruhi up so that she can marry Shiraz - but not until Mumtaz tragically passes away. Devastated and heart-broken by her death, Shah Jahan feels that she can be made immortal by the building of a royal tomb, and asks Shiraz to come up with such a Mahal. Watch as events begin to unfold, that will finally give rise to one of the seven wonders of the world - The Taj Mahal.",https://www.imdb.com/title/tt0038931/?ref_=sr_i_568
569. Conquest of Cheyenne,1946,56m,Approved,6.1,57,,Red Ryder has to help bring in an oil well on Jackson's ranch. Tom Dean found the oil and has started a well. But banker Tuttle hopes to foreclose on the Jackson ranch and has the oil rig burned down.,https://www.imdb.com/title/tt0143189/?ref_=sr_i_569
570. Fantasma Por Acaso,1946,1h 44m,,7.2,29,,,https://www.imdb.com/title/tt0193149/?ref_=sr_i_570
571. Le gardian,1946,1h 30m,,6.0,32,,,https://www.imdb.com/title/tt0169938/?ref_=sr_i_571
572. Othello,1946,45m,,5.4,13,,"A severely condensed (""potted"") version of Shakespeare's play.",https://www.imdb.com/title/tt0038812/?ref_=sr_i_572
573. Umanità,1946,,,,,,,https://www.imdb.com/title/tt0039060/?ref_=sr_i_573
574. The Voyage of Peter Joe,1946,2h 26m,,,,,"Young Peter Joe decides to go to Southampton to sea, this is the story of his land voyage there with many adventures for him and his friends along the way.",https://www.imdb.com/title/tt0417246/?ref_=sr_i_574
575. Chandni Chowk,1946,,,,,,,https://www.imdb.com/title/tt1927000/?ref_=sr_i_575
576. Her Highness,1946,,,,,,,https://www.imdb.com/title/tt0155741/?ref_=sr_i_576
577. Strange Journey,1946,1h 5m,Approved,6.1,47,,"Reformed racketeer ""Lucky"" Leeds flees from the police when he thinks they are about to arrest him for a murder he didn't commit. He and his wife Patti fly to his privately-owned remote island and have to crash land. Also on the island is a group of shipwrecked people, including a German professor, his daughter, an English journalist, a wealthy widow, a sailor and a Nazi Agent. Just before the professor dies, he gives Leeds a map showing the location of uranium deposits. The Nazi agent's accomplices arrive by plane, and Leeds and Patti engage them in a gun battle.",https://www.imdb.com/title/tt0038987/?ref_=sr_i_577
578. Days of Buffalo Bill,1946,56m,Approved,6.8,45,,"Ace Diamond (James Craven) and Bill Clinker (Rex Lease) frame Sunset Carson (Sunset Carson) for the murder of a young rancher, Jim Owens (Jay Kirby as Jay Kirby). Sunset and his sidekick, Banty McCade (Tom London) escape and ride to the Owen's ranch to aid Jim's sister Molly (Peggy Stewart) in her fight to hold the ranch from being taken over by town banker Jacob Lewis (Edmund Cobb), secretly in cahoots with Diamond; both men are aware that an assay report indicates there is gold on the Owens property.",https://www.imdb.com/title/tt0038457/?ref_=sr_i_578
579. Revenge,1946,1h 30m,,5.5,58,,"The bitter post-war era, between the collapse and the laceration of families. The director of a power plant, returned home after the war, finds everything destroyed: not only the power plant, but also his own family.",https://www.imdb.com/title/tt0039072/?ref_=sr_i_579
580. Mantan Messes Up,1946,1h 2m,Approved,7.1,24,,Mantan takes a job as office boy at a new TV station and gets to watch several pre-recorded musical numbers.,https://www.imdb.com/title/tt0135537/?ref_=sr_i_580
581. Audiencia pública,1946,1h 37m,,5.8,31,,A high class woman and a nurse are involved in a trial to judge legal rights over an infant who was left in a charity hospital and is now claimed by the mother.,https://www.imdb.com/title/tt0038313/?ref_=sr_i_581
582. Um Homem do Ribatejo,1946,1h 46m,,4.7,40,,"After the brother's death by a bull, the ""Bezoiro"", Manuel refuses to succeed him as mayoral, the very day he marries Maria Loba.",https://www.imdb.com/title/tt0038614/?ref_=sr_i_582
583. Hoboes in Paradise,1946,1h 25m,,4.8,26,,"In a Provençal village, two jolly good fellows, Boule and Pons, decide to dress as Saint Anthony and Saint Nicholas for the distribution of presents to the children on the feast of Saint Nicholas. They unfortunately get killed by a cart and find themselves in Hell where Lucifer and his demons duly torment them. They are saved by a prayer which helps them to climb the stairway to Paradise. Saint Peter, taken in by the applicants' disguise, lets them in. When the two true Saints show up, trouble follows. Luckily, thanks to the intervention of the Virgin Mary, the two friends are acquitted at their celestial trial and allowed to return to Earth.",https://www.imdb.com/title/tt0169979/?ref_=sr_i_583
584. Deshojando margaritas,1946,1h 10m,,6.9,11,,A millionaire discovers the pleasures of outdoor life when he is kidnapped and taken to the Tiger.,https://www.imdb.com/title/tt0175562/?ref_=sr_i_584
585. Segura Esta Mulher,1946,,,6.2,11,,,https://www.imdb.com/title/tt0187492/?ref_=sr_i_585
586. Asesinato en los estudios,1946,1h 26m,,6.0,10,,During the filming of a movie an actor has to be attacked with blanks but dies because they were real bullets.,https://www.imdb.com/title/tt0034475/?ref_=sr_i_586
587. Detour to Danger,1946,56m,,3.3,29,,Two young men set out on a fishing trip. They run into a gang of criminals who are menacing two young women.,https://www.imdb.com/title/tt0235340/?ref_=sr_i_587
588. Jadui Putli,1946,,,,,,,https://www.imdb.com/title/tt0376683/?ref_=sr_i_588
589. El ursh el abiad,1946,,,,,,,https://www.imdb.com/title/tt0287078/?ref_=sr_i_589
590. Jadugar,1946,,,,,,,https://www.imdb.com/title/tt0877646/?ref_=sr_i_590
591. Our Construction,1946,,,,,,"This is the first full-length documentary film about the early days of North Korea, which promoted reforms of the socialist system.",https://www.imdb.com/title/tt0151856/?ref_=sr_i_591
592. Tum Aur Main,1946,,,,,,,https://www.imdb.com/title/tt0242972/?ref_=sr_i_592
593. Jag Biti,1946,,,,,,,https://www.imdb.com/title/tt0267611/?ref_=sr_i_593
594. Jeevan Swapna,1946,,,,,,,https://www.imdb.com/title/tt0361776/?ref_=sr_i_594
595. Bolshaya zhizn. 2 seriya,1946,1h 34m,,6.4,49,,,https://www.imdb.com/title/tt0051426/?ref_=sr_i_595
596. Idea Girl,1946,1h,Approved,5.3,27,,"Larry Brewster, partner in the music publishing firm of Brewster and Crow, returns from a trip to find that his partner, J.C. Crow has hired Pat O'Rourke as a song plugger. Larry doesn't approve of the plan and, in a bad mood, refuses to see composer Wilfred Potts who is offering a song for publication. Pat, in spite of Larry's objections, stays on the job. She has the firm promote an amateur song-writing contest, and the winner is a submission by Potts, but because he used the name of Wicks, the firm can't locate him and is facing prosecution on charges of using the mail to conduct a fraudulent contest.",https://www.imdb.com/title/tt0038630/?ref_=sr_i_596
597. Nuits d'alerte,1946,2h,,4.8,13,,"Hélène, a young waitress working in a bar frequented by German soldiers, saves the life of Pierre, a Resistance fighter. Her jealous lover has her arrested first and then released. Later on, Hélène is wounded while walking in the streets. Pierre has her transported to friends with the hope of taking her to London with him. Unfortunately, owing to lack of space in the plane, Pierre has to fly alone. Hélène has to wait several weeks before being able to board a new plane. When the day comes at last, the Germans are waiting for the plane on the clandestine airfield...",https://www.imdb.com/title/tt0037952/?ref_=sr_i_597
598. Cinco besos,1946,1h 34m,,6.2,5,,"Love affairs in a theater: artists, boyfriends of showgirls and scandals that include a millionaire.",https://www.imdb.com/title/tt0199416/?ref_=sr_i_598
599. Clandestine,1946,1h 25m,Approved,4.0,9,,A resistance leader is wounded when the Germans raid his underground print shop. He escapes to the home of a German-friendly Parisian and is helped by her son and daughter. A Jewish doctor also aids him. They all join him in his efforts against the Nazis and derail a munitions train.,https://www.imdb.com/title/tt0037602/?ref_=sr_i_599
600. Tombé du ciel,1946,1h 25m,,4.7,9,,"Gaby, the singer of the ""Raymond's Jazz"" band, leads Maurice, one of the musicians, to believe that, following a night he spent with her in the hay, he is the father of her child. In fact, the baby is neither his nor hers. He is the son of Madeleine, a young war widow who has entrusted him to her friend Gaby until she is allotted a flat. One day, Maurice happens to meet Madeleine and falls in love with her but he does not dare to confess his ""paternity"" to her. Fortunately the misunderstanding is clarified and Maurice can at the same time marry Madeleine and adopt her kid.",https://www.imdb.com/title/tt0200219/?ref_=sr_i_600
601. Late at Night,1946,1h 9m,,2.8,16,,,https://www.imdb.com/title/tt0175839/?ref_=sr_i_601
602. L'homme de la nuit,1946,1h 28m,,,,,,https://www.imdb.com/title/tt0188668/?ref_=sr_i_602
603. Bell Ringer of Antigua,1946,,,,,,,https://www.imdb.com/title/tt0297775/?ref_=sr_i_603
604. Le cabaret du grand large,1946,1h 30m,,,,,"Shady traffic takes place behind the door of a cabaret. The gang leader is Asian Wang spied on by Commissioner Thomas. While Richard leads a double game and, out of love for the landlady, ends up shooting Wang.",https://www.imdb.com/title/tt0188468/?ref_=sr_i_604
605. Eugen Onegin,1946,,,,,,,https://www.imdb.com/title/tt1611839/?ref_=sr_i_605
606. Åsa-Hanna,1946,1h 49m,,,,,Hanna lives in a small village in Småland with her parents. She is the most beautiful girl around and has many admirers.,https://www.imdb.com/title/tt0039117/?ref_=sr_i_606
607. Shatranj,1946,,,,,,,https://www.imdb.com/title/tt0386026/?ref_=sr_i_607
608. Morning for the Osone Family,1946,1h 21m,Not Rated,6.9,394,,A Japanese family weathers much hardship after their military uncle comes to live with them during WWII.,https://www.imdb.com/title/tt0038810/?ref_=sr_i_608
609. The Naked Angel,1946,1h 25m,,7.0,118,,"Bankrupt due to gambling debts, a man sends his beautiful adolescent daughter to ask a sculptor for money. The artist accepts to lend the money - but in exchange for seeing the girl nude.",https://www.imdb.com/title/tt0185042/?ref_=sr_i_609
610. Romance of the West,1946,58m,Approved,6.1,89,,"When a local Indian tribe is accused of breaking a peace treaty, Indian Agent Eddie Dean gets to the bottom of things.",https://www.imdb.com/title/tt0038892/?ref_=sr_i_610
611. The Plot to Kill Roosevelt,1946,1h 26m,Approved,5.2,53,,A British intelligence officer discovers a plot to assassinate the President of the United States Franklin D. Roosevelt at the Tehran Conference during World War II.,https://www.imdb.com/title/tt0039012/?ref_=sr_i_611
612. La dama de la muerte,1946,1h 20m,,6.1,64,,"A 24-year-old young man who loses all his money at the roulette table and decides to commit suicide, when he is interrupted by a mysterious man who invites him to join a suicide club. There, through the cards, it is drawn who is going to die. The hero engages in the game and is signaled by the cards. He has only seven days to live, in which he tries in vain to file a police report in his eagerness to disengage from the engagement. In his wandering the streets of London, he meets a woman who insists on accompanying him. His interest in living now has a new motivation.",https://www.imdb.com/title/tt0038445/?ref_=sr_i_612
613. Tars and Spars,1946,1h 26m,Approved,6.2,112,,"Howard Young is a coast guardsman who has been on shore duty for three years despite his efforts to be sent into action. His nearest approach to sea duty was on a harbor-moored life raft for 21 days as part of an experiment with a new type of vitamin gum for the government. He meets Christine Bradley, a SPAR, sent to take over his communications job and, by things he leaves unsaid, she thinks his life-raft experience was the result of a ship-wreck at sea.",https://www.imdb.com/title/tt0039010/?ref_=sr_i_613
614. She Wrote the Book,1946,1h 20m,Approved,6.5,99,,"An unassuming professor is talked into journeying to New York on behalf of a colleague who has written a steamy bestseller under a pseudonym. While in the city, she receives a bump on the head and begins to believe that she is the author.",https://www.imdb.com/title/tt0038933/?ref_=sr_i_614
615. Bodas trágicas,1946,1h 17m,,6.2,16,,"Rancher Diego marries young rich Amparo secretly as her father opposes Diego because he is poor. Diego's servant Octavio causes Diego to become jealous because his wife, Laura, is secretly in love with Diego also. A ""Tragic Wedding"" indeed.",https://www.imdb.com/title/tt0038371/?ref_=sr_i_615
616. Trigger Fingers,1946,56m,Approved,6.7,36,,"Blacksmith Pinto Peters (Raymond Hatton) calls on his old friend, Sam ""Hurricane"" Benton (Johnny Mack Brown), to help him clear his son, Jimmy (Riley Hill), of a murder charge. Hot-headed Jimmy, believes that the best way to cure a man of cheating at cards is to shoot him. He didn't shoot him enough, as the gambler only feigns death as part of a plot to gain possession of land owned by Pinto, as they know there is gold on the land buried there by an outlaw gang years ago.",https://www.imdb.com/title/tt0039048/?ref_=sr_i_616
"617. No Leave, No Love",1946,1h 59m,Approved,5.8,198,,The men are coming home from war and Slinky decides his hero buddy Michael should first appear on a radio program. The good-natured and talented sergeant meets radio singer Susan where he finds love in-between songs.,https://www.imdb.com/title/tt0038779/?ref_=sr_i_617
618. Devil Monster,1946,1h,Approved,2.1,320,,"This is an edited version of a ten-year-old film, _Sea Fiend, The (1936)_.",https://www.imdb.com/title/tt0127512/?ref_=sr_i_618
619. Song of Arizona,1946,1h 8m,Approved,5.6,198,,"Gabby's ranch for wayward boys is in financial trouble. One of his boys, Chip is hiding stolen money sent by his father the outlaw leader King Blaine. After Blaine is killed, Chip decides to pay off Gabby's debt with this money, but trouble arises when the remaining gang members arrive looking for the loot.",https://www.imdb.com/title/tt0038968/?ref_=sr_i_619
620. The Walls Came Tumbling Down,1946,1h 22m,Approved,6.6,286,,"Broadway gossip columnist Gilbert Archer investigates his friend's murder, finds clues linking it to a valuable Da Vinci painting, putting himself and Patricia Foster in danger from those after the artwork.",https://www.imdb.com/title/tt0039094/?ref_=sr_i_620
621. The Birth of Mankind,1946,,,7.9,72,,"Bruce Lee plays a runaway in this Cantonese drama who becomes a pickpocket. After causing mischief around town, he gets run over by a truck and dies. This movie also co-stars Bruce Lees father and Little Unicorn, who appears in Fist of Fury and Way of the Dragon with Bruce Lee",https://www.imdb.com/title/tt0283265/?ref_=sr_i_621
622. North of the Border,1946,45m,Approved,6.4,76,,"Rancher ""Utah"" Neyes crosses the border into Canada to meet his partner, only to find that the latter has been murdered by a gang led by ""Nails"" Nelson. ""Utah"", with the aid of RCMP Jack Craig and fur-trapper Ivy Jenkins, manages to clear his own name of suspicion and also break up Nelson's fur-stealing and smuggling racket.",https://www.imdb.com/title/tt0040653/?ref_=sr_i_622
623. The Caravan Trail,1946,53m,Approved,7.7,44,,"Eddie Dean (Eddie Dean) and his friend Ezra (Emmett Lynn), while acting as trail guides for a wagon-train for homesteaders, stop a hold-up attempt by a gang led by Cherokee ('Lash La Rue' (qv.) When the settlers reach their destination, Eddie learns that unscrupulous landgrabbers, led by a saloon-owner and a crooked judge, have killed the sheriff, Eddie's friend, and taken control of all the available land. Eddie is appointed Sheriff and persuades the outlaws, who attempted the holdup, to join him in his fight against the landgrabbers and they will get a pardon from the state governor.",https://www.imdb.com/title/tt0038397/?ref_=sr_i_623
624. Silver Range,1946,53m,Approved,6.4,31,,"Range detectives Johnny Bronton and Tucson Smith are out to trap and bring to justice a band of smugglers who have been bringing silver across the Mexican border illegally. Their task is complicated when the smugglers kidnap Jeanne Willoughby, the daughter of a rancher whose land the smugglers are using for their activities.",https://www.imdb.com/title/tt0038941/?ref_=sr_i_624
625. The El Paso Kid,1946,54m,Approved,7.8,102,,,https://www.imdb.com/title/tt0038507/?ref_=sr_i_625
626. Klockorna i Gamla sta'n,1946,1h 52m,,5.2,124,,"An extremely kind bailiff in Gamla Stan (Old Town) of Stockholm helps out ""clients"" in difficulty by supporting them with money from his own pocket. His neighbor is a jazz musician who plays in the evenings at a restaurant for a living.",https://www.imdb.com/title/tt0038672/?ref_=sr_i_626
627. Outcry,1946,1h 30m,,6.9,81,,"The action takes place in Lombardy after the Italian capitulation in World War II, when the area was under German occupation. The protagonist is a former soldier who returned home, but ultimately decides to join the partisans who fight against the occupiers.",https://www.imdb.com/title/tt0038963/?ref_=sr_i_627
628. Terror Trail,1946,57m,Approved,6.3,67,,"Red Butte saloon owner Duke Catlett (Lane Chandler) is the secret owner of a large sheep flock which he grazes on surrounding cattlelands. A range war looks between the cattlemen, led by Bart Mason (Zon Murray), and the sheepherders. Karen Kemp (Barbara Pepper) and her younger brother Rocky (Elvin Eric Field), a young city tough, enroute from Chicago to buy a half interest in a Catlett enterprise are held up by two of the latter's gunmen and lose $30,000. But the Durango Kid (Charles Starrett) gives chase and retrieves the money. At the relay station, Karen meets the Durango Kid again, and his pal Smiley (Smiley Burnette), but does not recognize the former in his guise of Steve Haverly. Durango learns of cattlemen scattering poisoned wheat, but does not know who the instigators are. Smiley's trading post is wrecked and Karen offers Smiley and his boys (Ozie Waters and His Colorado Rangers)a job playing for a show that night. Catlett catches Karen eavesdropping while he and his men are plotting to steal Steve's cattle herd. Catlett realizes he must change his plans and instead of attacking Steve's herd on the south range, he intends to attack the north range, and has Steve informed of the south range attack.",https://www.imdb.com/title/tt0039891/?ref_=sr_i_628
629. Et spøkelse forelsker seg,1946,1h 44m,,5.9,25,,Energic widow Clementine is worried that her only son Fidias won't reproduce a talented son and sees to her nephew Johnny to inherit. But on the estate dead family members also have a say.,https://www.imdb.com/title/tt0143899/?ref_=sr_i_629
630. Su última aventura,1946,,,7.1,27,,"A playful trickster who's part of a family of criminals wins the lottery but because of his reputation with the law, he's unable to cash in the ticket until he hires a beautiful poor woman under false pretenses.",https://www.imdb.com/title/tt0038993/?ref_=sr_i_630
631. It's Great to Be Young,1946,1h 9m,Approved,5.4,17,,"Ricky Malone, Spud Winters and some other returning G.I.'s are trying to break into show business by the old summer resort resort. Terry, a runaway daughter of a big producer who is trying to stifle her show-biz career, hires on as the (dubbed) singer.",https://www.imdb.com/title/tt0038649/?ref_=sr_i_631
632. Don Simón de Lira,1946,1h 58m,,,,,,https://www.imdb.com/title/tt0243864/?ref_=sr_i_632
633. Ghost of Hidden Valley,1946,56m,Approved,5.9,134,,"Dawson is running rustled cattle across the abandoned Trenton ranch and has given it the reputation of a ghost ranch to keep people away. When Henty Tenton arrives from England to take over the ranch, Dawson tries to get rid of him. But Billy and Fuzzy are on hand to help Henry and it's not long before they have to go into action.",https://www.imdb.com/title/tt0038558/?ref_=sr_i_633
634. The Eternal Husband,1946,1h 30m,,6.5,69,,"An adaptation of Fyodor Dostoyevsky's ""Le Eternel Mari"", a somber story of marital infidelity, revenge and near madness, and starring Raimu in his last film appearance.",https://www.imdb.com/title/tt0122107/?ref_=sr_i_634
635. Milagro de amor,1946,1h 24m,,7.2,9,,The story of the miracle that occurs when a young nun leaves her convent to run off with an adventurer.,https://www.imdb.com/title/tt0175914/?ref_=sr_i_635
636. Cowboy Blues,1946,1h 2m,Approved,7.3,37,,"Believing her father, Dusty Jenkins (Guy Kibbee), to be a rich ranch owner, Susan Nelson (Jeff Donnell)), comes to visit him, accompanied by her wealthy fiancée Jerome Winston (Mark Robertsas Robert Scott) and his snooty society mother, Mrs. Winston (Isabel Randolph) billed as her radio character Mrs. Uppington). Dusty, instead of owning the ranch, is actually just one of the hands. The real owner is absent, so foreman Curt Durant (Ken Curtis) and ""Big Boy"" Stover (Guinn 'Big Boy' Williams)) and the other ranch hands (The Hoosier Hotshots)) engage in a conspiracy to keep Susan and the Winstons from learning the truth.",https://www.imdb.com/title/tt0038428/?ref_=sr_i_636
637. The Descendants of Taro Urashima,1946,1h 23m,,5.8,62,,Repatriated soldier becomes populist politician in the Japanese Happiness Party.,https://www.imdb.com/title/tt0038465/?ref_=sr_i_637
638. Pas si bête,1946,1h 40m,,5.7,61,,"""Not so stupid,"" as the title suggests, is an early comedy vehicle for Bourvil about the class differences between a supposedly dumb peasant and the more educated aristocratic elite.",https://www.imdb.com/title/tt0187388/?ref_=sr_i_638
639. Border Bandits,1946,58m,Approved,6.9,39,,"Shortly after Nogales (Lucio Villegas) tells his granddaughter Celia (Rosa Del Rosario)the someone is trying to steal the family jewels, the old man is murdered by Dutch (Bud Osborne), who came to the hacienda with Spike (John Merton) and Pepper (Tom Quinn), with intentions of robbery. Steve Halliday (Riley Hill), who is in love with Celia, chases the gunmen, but is shot. U.S. Marshals Nevada Jack McKenzie (Johnny Mack Brown) and Sandy Hopkins (Raymond Hatton) find the dead body of Sheriff Wallace, when they keep a meeting with him to discuss the jewel robbery. In the nearby town, Nevada befriends ""Doc' Bowles (Steve Clark (I)') after he has been thrown out of the cantina by a bartender, inaptly named Cupid ('Pat McGee (II)' )qv)). When town banker John Halliday (Frank LaRue), who unknown to his nephew Steve is the brains behind the gang, has Necada thrown in jail on suspicion of the murders, ""Doc"" Bowles helps him escape. After several attempts on the lives of Nevada and Sandy, they finally trap deputy sheriff Spike into jailing Pepper for one of the attempts on their lives. Sandy almost gets the name of the leader from Pepper, but the henchman is shot. When Nogale's servant Jose (Charles Stevens) brings hidden jewels to Halliday for safekeeping, the banker kills him in his office, but Nevada arrives before he can dispose of the body, and clears up the case.",https://www.imdb.com/title/tt0038375/?ref_=sr_i_639
640. Terrors on Horseback,1946,55m,Approved,5.9,48,,"When Fuzzy's niece is killed in a stage holdup, Billy and Fuzzy go after the killers. They catch Tryon only to have him shot before he can talk. When Gordon confesses he is also killed. But Billy has a plan. He announces Gordon is alive and will shortly name the killer.",https://www.imdb.com/title/tt0039018/?ref_=sr_i_640
641. Safar,1946,,,,,,,https://www.imdb.com/title/tt0242836/?ref_=sr_i_641
642. Libat el-Sitt,1946,1h 42m,,7.4,325,,"The film takes place in the city of Cairo during the Second World War, when Hasan Abu-Tabaq (Nagib El-Rihani) meets the girl Libah (Tahiyyah Karyuka). Feelings of love grow between then while Hasan struggles to find work. But things change little by little as a great opportunity looms for Libah to become a movie star.",https://www.imdb.com/title/tt0038689/?ref_=sr_i_642
"643. Professor, My Son",1946,1h 46m,,7.3,166,,"During Fascism and after WWII, a school porter sacrifices himself so his son, who is slightly ashamed of a lowly background, can become a respected professor.The film also takes a few jabs at Italy's rapid governmental reshuffles.",https://www.imdb.com/title/tt0038741/?ref_=sr_i_643
644. Cross My Heart,1946,1h 25m,Approved,6.3,67,,"A compulsive liar admits to a killing she didn't commit so her husband, a lawyer, can clear her and build a reputation for himself.",https://www.imdb.com/title/tt0038438/?ref_=sr_i_644
645. Under Arizona Skies,1946,59m,Approved,7.1,30,,"Dusty Smith arrives and takes a job on a ranch that is losing cattle to rustlers. When the rustlers strike again the cattle cannot be found but Dusty shoots one of the rustlers. Arrested for murder, Dusty is broken out of jail and the real outlaws put in the cell. Dusty then has them released figuring they will lead him to the hideout and the missing cattle.",https://www.imdb.com/title/tt0039063/?ref_=sr_i_645
646. Sherlock Holmes: Prelude to Murder (In Color),1946,,,7.5,26,,"A trio of music boxes contains the hidden secret to riches, and a group of criminals will kill for them. In Vibrant Color.",https://www.imdb.com/title/tt38581609/?ref_=sr_i_646
647. The Dark Horse,1946,59m,Approved,5.3,41,,"George Kelly (Phillip Terry), World-War-Two vet returning home from the war, is persuaded by a local politician, John Rooney (Donald McBride), assuming that Kelly would fall in line with the entrenched establishment. But, Kelly has his own agenda and exposes a crooked political set-up in in the town and is elected on the strength of his honesty.",https://www.imdb.com/title/tt0038454/?ref_=sr_i_647
648. The Return of Rusty,1946,1h 4m,Approved,5.7,39,,"A young Czech orphan, Loddy Bicek, befriended by an American army sergeant, is brought into the United States as a stowaway by the soldier. He is apprehended, but escapes and makes his way to the sergeant's home town. There, he is befriended by young Danny Mitchell and his dog, Rusty, a K-9 veteran of World War II. A third boy reports Loddy to the authorities, and when Loddy tries to run away, he falls into a deep ravine.",https://www.imdb.com/title/tt0299112/?ref_=sr_i_648
649. Jivin' in Be-Bop,1946,59m,Not Rated,7.0,70,,"A musical film in the style of a documentary, featuring 19 musical and dance numbers, by many notable musicians.",https://www.imdb.com/title/tt0038654/?ref_=sr_i_649
650. The Callbird,1946,1h 24m,,5.9,120,,"Marja is a prostitute who has to run away, when her pimp Jussi robs and kills one of her costumers. She finds a hiding place in a mansion on the country side. Marja falls in love with the master of the mansion, but Jussi finds out Marjas whereabouts and comes to meet her.",https://www.imdb.com/title/tt0024121/?ref_=sr_i_650
651. The Great Glinka,1946,1h 40m,,6.5,65,,About the life of the Russian composer Mikhail Glinka.,https://www.imdb.com/title/tt0038566/?ref_=sr_i_651
652. Un giorno nella vita,1946,1h 35m,,7.2,35,,"Some Italian partisans want to take refuge in a convent to escape German raids. The nuns are a little perplexed at first but then agree since one of the men is seriously wounded. When the partisans eventually leave, the Germans take a terrible revenge.",https://www.imdb.com/title/tt0038560/?ref_=sr_i_652
653. Heading West,1946,54m,Approved,6.2,45,,"Dakota Indian Agent Steve Reynolds receives a copy of the Bonanza City Nuggett from Jim Mallory and reads a story blaming the Durango Kid for recent gold mine raids. Steve, also the Durango Kid, and his pal Smiley head for Bonanza City to contact Mallory and Rance Hudson, his partner in the mining machinery business. Mallory sells his interest in the business to Hudson for $50,000 and heads for California. Seeing him off are Hudson's secretary Anne Parker, her father Sam Parker, owner of the Gold Moon Mine and his miners Hank Penny and the Plantation Boys (Harold Hensley, Noel Boggs, Sanford Williams and Fenton Reynolds). Hudson plans to rob the wagon train and blame the Durango Kid, and sends Curlew and his henchmen to do the job. Killing Mallory in the raid, Curlew caches the money rather than taking it to Hudson. Despite that, Hudson learns that Carter plans a gold shipment and orders Curlew to rob the stage. Steve and Smiley hit town and Steves decides that Curlew and his brother Red could bear watching. The Durango Kid breaks up the first robbery attempt, but a second one is successful, although Durango learns from a wounded henchman that the Curlew gang has a hideout in Lost Canyon.",https://www.imdb.com/title/tt0038623/?ref_=sr_i_653
654. The Scarlet Horseman,1946,4h 8m,Approved,5.8,35,,The Comanches are buying up rifles from unscrupulous gun smugglers in preparation for a wholesale uprising against settlers in Texas. Two undercover Texas Rangers discover the plot and set out to stop it.,https://www.imdb.com/title/tt0038909/?ref_=sr_i_654
655. Senza famiglia,1946,1h 22m,,6.0,13,,"Literary adaptation: A boy is given up by his foster parents to a traveling player. When the boy encounters a wealthy household, the medal he is wearing may be a clue to his obscure parentage.",https://www.imdb.com/title/tt0037259/?ref_=sr_i_655
656. Embrujo antillano,1946,,,7.5,9,,"In Cuba, a crooked politician tries to manipulate a decent tobacco business, and force himself upon the daughter of a tobacco grower even though she refuses him.",https://www.imdb.com/title/tt0218957/?ref_=sr_i_656
657. Jericho,1946,2h 19m,Passed,6.8,118,,Jericho is the code name of an operation set up by the British Royal Air Force and the French Resistance to free French hostages held by German soldiers in the jail of Amiens in Northern France.,https://www.imdb.com/title/tt0037830/?ref_=sr_i_657
658. Ding Dong Williams,1946,1h 1m,Approved,5.1,101,,"Ding Dong Williams, a clarinet player who can neither read nor write music, is employed at a motion-picture studio. The studio plans to use him and his six-piece band, but his musical deficiencies are discovered and the plan is scrapped. But the secretary of the head of the music department intercedes on his behalf, and he is given a chance in the film.",https://www.imdb.com/title/tt0038479/?ref_=sr_i_658
"659. 120, rue de la Gare",1946,1h 30m,,5.7,77,,"Everytime you utter these words ""120,Rue De La Gare"" you stand in great danger of being shot down.",https://www.imdb.com/title/tt0192948/?ref_=sr_i_659
660. Moon Over Montana,1946,56m,Approved,6.0,28,,A cattle rancher plans to buy a entire rail line to force his competition out of business.,https://www.imdb.com/title/tt0038749/?ref_=sr_i_660
661. Behram Khan,1946,,,7.1,12,,,https://www.imdb.com/title/tt0230018/?ref_=sr_i_661
662. La hija del payaso,1946,1h 35m,,7.3,12,,,https://www.imdb.com/title/tt0218331/?ref_=sr_i_662
663. Song of the Sierras,1946,58m,Approved,4.3,19,,"Jimmy Wakely wishes to sell to the government a group of wild mustangs which he has captured and trained for rancher Matt Blake. The competition is Flora Carter, the owner of a near-by ranch. The army colonel in charge decides to buy the winning horses of a cross-country race. Flora has her henchmen, led by Sam Phelps resort to foul means in order to try to win the race.",https://www.imdb.com/title/tt0281208/?ref_=sr_i_663
664. El superhombre,1946,57m,,,,,,https://www.imdb.com/title/tt0244239/?ref_=sr_i_664
665. Fool's Gold,1946,1h 3m,Approved,6.1,165,,The son of an Army friend is about the join an outlaw gang. Hoppy prevents this and brings the gang to justice.,https://www.imdb.com/title/tt0038532/?ref_=sr_i_665
666. The Fighting Frontiersman,1946,1h 1m,Approved,6.3,107,,"Prospector Cimarron Dobbs (Emmett Lynn) stumbles on a vast cache of Spanish gold left in Texas by Santa Anna's army, and knows he will be swindled out of his discovery unless he gets help. Saloon hostess Dixie King (Helen Mowery) agrees that he must secure the help of the Durango Kid (Charles Starrett), otherwise known as Steve Reynolds. Dobbs is kidnapped by a gang headed by John Munro (Robert Filmer'), owner of the saloon where Dixie works. She writes Steve, and the Durango Kid and his sidekick Smiley (Smiley Burnette) ride out to help. Meanwhile,henchmen Rankin (George Chesebro) and Slade (Zon Murray) are vainly attempting to learn the location of the treasure from Dobbs. Steve begins to suspect that Munro is involved, and offers a $5,000 reward for information leading to Dobb's whereabouts and announces that the treasure will be divided among the needy ranchers in the area.",https://www.imdb.com/title/tt0038527/?ref_=sr_i_666
667. Un americano in vacanza,1946,1h 50m,Approved,5.7,92,,"Maria (Velentina Cortese) comes to Rome to do what she can to aid the war-stricken people of her village, and meets Dick (Leo Dale), an American soldier in Rome on furlough from the front lines. He is concerned only with winning her companionship, while she tries to keep her mind on the mission that brought her there. They both eventually accomplish their goals, and when he returns to the front, there is a promise that they will be reunited after the war.",https://www.imdb.com/title/tt0038299/?ref_=sr_i_667
668. Dil,1946,,,6.8,56,,The evergreen story of a father's love for his daughter. A great photoplay of a father's love for his daughter which should be seen on the screen for better appreciation.,https://www.imdb.com/title/tt0230140/?ref_=sr_i_668
669. Six Gun Man,1946,59m,Approved,6.0,22,,"Cattle thieves attack every cattle drive that comes near Hagerstown. If they do not sell their cattle for 50 cents on the dollar, they are all stolen. U.S. Marshal Stormy has been sent to end this reign of terror and to find the stolen cattle. He starts with a patrol of cattleman that blast every attempt of the outlaws to steal the herd.",https://www.imdb.com/title/tt0038949/?ref_=sr_i_669
670. Minshu no teki,1946,,,,,,,https://www.imdb.com/title/tt0186364/?ref_=sr_i_670
671. Trail to Mexico,1946,56m,Approved,,,,"Foiled in an attempted holdup of a shipment of gold ore driven by ""Lasses"" White (Lee 'Lasses' White), the Texas Kid (Buster Slaven) forces Jimmy Wakely (Jimmy Wakely) to change shirts and horses. The Kid finds a letter of introduction which will put Jimmy in charge of gold shipments for mine owner Don Roberto Lopez (Julian Rivero). During the robbery of the mining office payroll, the Kid kills a man and drops the letter. Jimmy is arrested but freed when saloon owner Bart Thomas (Terry Frost), thinking he is the Kid, identifies him as Jimmy Jones. Jimmy joins Bart's gang, so he will be in position to learn who the man behind the gang is and stop the robberies. He foils a payroll holdup by Bart and Montana, and later tells Bart that he had to because he was with Chinita Lopez (Dolores Castelli') and her guardian Dolores (Dora Del Rio) when they all saw the robbery. With the help of the Padre (Wheaton Chambers), Jimmy and Lasses also stop the attempted kidnapping of government agent Francisco Valdez (Juan Duval) by henchman Mack (Dee Cooper) and Joe (Billy Dix).",https://www.imdb.com/title/tt0163350/?ref_=sr_i_671
672. Un ladrón de guante blanco,1946,1h 31m,,,,,,https://www.imdb.com/title/tt0037857/?ref_=sr_i_672
673. Roll on Texas Moon,1946,1h 8m,Approved,5.9,220,,Roy Rogers tries to prevent a range war between cattlemen and sheepherders.,https://www.imdb.com/title/tt0038889/?ref_=sr_i_673
674. Le pays sans étoiles,1946,1h 40m,,6.4,81,,"Simon's life is troubled by images of a crime which happened in his family a hundred years ago. While traveling in south France, he finds the landscape familiar. That's when he meets Catherine and falls in love. But her lover comes back and his strong personality attracts her again.",https://www.imdb.com/title/tt0037976/?ref_=sr_i_674
675. Lawless Breed,1946,58m,Approved,6.5,53,,,https://www.imdb.com/title/tt0175840/?ref_=sr_i_675
676. Earl Carroll Sketchbook,1946,1h 30m,Approved,6.6,21,,"Songwriter Tyler Brice makes a handsome living composing jingles for radio commercials, much to the dismay of his loyal secretary, Pamela Thayer, who thinks that Ty is wasting his talent. Ty reminds Pam, who once aspired to a career as a professional singer, that she, too, is caught in the ""jingle jungle,"" which keeps her employed. Ty also tries to stem Pam's jealousy as he pays an increasing amount of attention to Lynn Stafford, an attractive advertising executive who is interested in more than Ty's songs. Pam and Ty's flirtatious, sparring relationship has never blossomed into a full-blown romance, but Pam keeps hoping that someday Ty will stop taking her for granted. Pam's roommate, Sherry Lane, pays little attention to Pam's complaints, as she feels that Ty is not good enough for Pam. Sherry, who is a costume designer for the prestigious Earl Carroll's Sketchbook musical revue on Broadway, also refuses to help when Pam asks her to give Carroll some of Ty's songs. Sherry explains that Carroll is on a South American tour and suggests that Pam try for herself. Pam then goes to the theater, where harried stage manager Rick Castle misunderstands her intentions when she sings one of Ty's songs, and instead of buying the song, offers Pam a job as a featured singer. Sherry quickly accepts the offer for Pam, but before Pam can tell Ty the good news, she is angered when she sees him kissing Lynn. As Pam is leaving Ty's apartment, she is hit by a car, and although she is not seriously hurt, the doctor's warning about potential amnesia gives her an idea. Telling Sherry that she wants to teach Ty a lesson, Pam pretends to have amnesia and tells the worried Ty that she does not know who he is. Castle, who is developing feelings for Pam himself, overhears the two women discussing their scheme but plays along by sending Pam to mind-reader Milo Edwards, who pretends to be a psychiatrist. Time passes as Pam devotes herself to rehearsals, and Ty, who now realizes how much Pam means to him, tries to help her regain her memory. Pam finally succumbs to Ty's romantic attentions, but more complications ensue when one of his songs, pushed by Pam, is incorporated in the ""Vanities"" by Castle, even though Ty has used the melody for a jingle for radio sponsor John Clark. Castle, who believes that Pam wrote the tune, tells Ty about the amnesia ruse and makes him think that Pam did it to escape from him. Disillusioned, Ty breaks with Pam, and on opening night, the heartbroken Pam confesses to Castle that Ty is the real author of the song. Realizing that Pam is still in love with Ty, Castle assures her that all will be well, then hides from Clark's lawyer, John Hawks, who attempts to serve him with a summons to prevent the revue from using Ty's song in the finale. The show starts as planned and is a huge success, and as the finale begins, Sherry brings Ty backstage. Moved by Pam's performance of his song, Ty tears up the legal documents and kisses Pam when she finishes singing.",https://www.imdb.com/title/tt0038504/?ref_=sr_i_676
677. Mar abierto,1946,1h 25m,,6.3,22,,"Through a long flashback, the old Carmiña tells a painter her life in a small Galician village and how a miracle performed by the Virgin Mary saved the life of her beloved Antonio.",https://www.imdb.com/title/tt0038726/?ref_=sr_i_677
678. The Haunted Mine,1946,51m,Approved,5.7,30,,"U.S. Marshals ""Nevada Jack"" McKenzie and ""Sandy"" Hopkins, working undercover, investigate a plot to rob a widow and her daughter of a mine which they know to be filled with gold-laden ore, but the widow believes it has played out. A hermit, hanging around the mine and killing, impartially, anyone who enters the mine, impedes the investigation.",https://www.imdb.com/title/tt0038591/?ref_=sr_i_678
679. Humo en los ojos,1946,1h 17m,,6.2,15,,A cabaret dancer is accused of bringing bad luck to anyone who approaches her,https://www.imdb.com/title/tt0221255/?ref_=sr_i_679
680. Nai Maa,1946,,,7.4,9,,,https://www.imdb.com/title/tt1411903/?ref_=sr_i_680
681. Adiós pampa mía,1946,1h 35m,,7.0,8,,A humble call-boy theater star reaches of the song.,https://www.imdb.com/title/tt0197212/?ref_=sr_i_681
682. I Ring Doorbells,1946,1h 4m,Approved,4.4,22,,,https://www.imdb.com/title/tt0038627/?ref_=sr_i_682
683. Love and Friendship,1946,,,5.3,10,,"A sweet musical about a poet and an independent woman, two friends who really love each other, with a bit of a Cyrano twist when the poet's best friend asks him to court the woman on his behalf. All ends happily though, unlike in most Afghan films.",https://www.imdb.com/title/tt1726186/?ref_=sr_i_683
684. Orasang ginto,1946,,,,,,"Every Tick Of Which Tells A Story - As Old As Creation, As New As Tomorrow.",https://www.imdb.com/title/tt0468354/?ref_=sr_i_684
685. Strangler's Morgue,1946,1h 40m,,4.6,194,,"A young captain, after participating in a duel, becomes the suspect in a series of killings in Epping Forest.",https://www.imdb.com/title/tt0038442/?ref_=sr_i_685
686. Pepita Jiménez,1946,1h 24m,,6.7,58,,"A seminary student falls for his father's fiancee, a beautiful young widow named Pepita Jiménez. Now the cleric has to choose between his love to the woman, loyalty to his father and his religious vocation.",https://www.imdb.com/title/tt0037979/?ref_=sr_i_686
687. Le couple idéal,1946,1h 32m,,5.8,54,,Diavolo is the popular hero of French serials circa 1912. Diana is an actress who falls in love with Diavolo. Diavolo is forced to wear a series of disguises to elude the police so he can attend a Gala for the President.,https://www.imdb.com/title/tt0037619/?ref_=sr_i_687
688. V dalnem plavanii,1946,1h 31m,,6.6,37,,"The Russian sailing corvette Vityaz, on board which a team of experienced sailors goes on a long voyage. Heroes are waiting for all sorts of adventures, dangers and victory over the raging elements in the Pacific Ocean.",https://www.imdb.com/title/tt0306181/?ref_=sr_i_688
689. Girl on the Spot,1946,1h 15m,Approved,5.9,40,,"Eleven Gilbert & Sullivan numbers are melded within the murder-mystery plot of ""Girl on the Spot"", with a result that either G&S and/or the plot are always seemingly on stage-wait or in the wings awaiting a cue. Lois Collier is the girl-on-the-spot of the title because she was on the scene of a murder. The police conclude she didn't do it and they use her to set a trap for the real killer, a G&S addict, by financing a Broadway production starring Collier. The police department evidently found the money for financing a Broadway show under ""Misc.Expenses"" in the city budget.",https://www.imdb.com/title/tt0038073/?ref_=sr_i_689
690. The Road Home,1946,1h 29m,,5.7,37,,The story is set in German occupied Latvia. A Latvian farmer Yanis is arrested by Germans as they suspect him of helping partisans. He makes an escape and joins a Soviet Latvian partisans unit.,https://www.imdb.com/title/tt0039006/?ref_=sr_i_690
691. Les malheurs de Sophie,1946,1h 35m,,4.9,32,,"Sophie de Réan, an unruly mischievous little girl grows up under the thumb of Mademoiselle, her strict governess. Following her mother's death, she is entrusted to Mme de Fleurville, her aunt, who at the same time hires Mademoiselle to further Sophie's education. A few years later, the little girl has blossomed into a lovely young lady. She is now in love with Paul, her cousin, who, unlike her, used to be a model child. Unfortunately Mademoiselle will not hear of a union between them. Instead she wants Sophie to marry Armand, the conceited son of Prefect Hugon. To make matters worse, Paul, the good boy, unexpectedly turns into a revolutionary, who defends the Republic on the barricades against Louis Napoléon's coup. Not being one of the victors, Paul is forced into exile. Will Sophie finally yield and accept the established order or will she react in her usual rebellious way and follow the one she loves ?",https://www.imdb.com/title/tt0202460/?ref_=sr_i_691
692. Aquel viejo molino,1946,1h 30m,,5.0,7,,,https://www.imdb.com/title/tt0038305/?ref_=sr_i_692
693. Ramsa,1946,1h 5m,,,,,,https://www.imdb.com/title/tt0038871/?ref_=sr_i_693
694. Shikari,1946,,,,,,,https://www.imdb.com/title/tt0308883/?ref_=sr_i_694
695. Gallant Bess,1946,1h 40m,Approved,6.6,253,,"Tex, an orphan with dreams of ranching, joins WWII. After facing hardship, he finds renewed purpose through his horse Bess. Her remarkable abilities inspire soldiers in Japan. Based on the life of Gallant Bess.",https://www.imdb.com/title/tt0038547/?ref_=sr_i_695
696. Under Nevada Skies,1946,1h 9m,Approved,6.1,161,,"Villains have stolen a jeweled crest containing a map which shows the location of a uranium deposit. With the help of Gabby and Dale and a posse of Indians, Roy recovers the crest.",https://www.imdb.com/title/tt0039064/?ref_=sr_i_696
697. Slon i veryovochka,1946,46m,,6.3,64,,"From morning to evening, girls from one of the Moscow houses tirelessly jump over jump ropes. And only little Lidochka cannot learn to jump. Once in a dream, a wise elephant gives her advice: to learn how to jump, you must first do a good deed - The girl follows the advice of the elephant and achieves success.",https://www.imdb.com/title/tt0170584/?ref_=sr_i_697
698. Crime of the Century,1946,56m,,6.2,53,,"Ex-convict Hank Rogers is searching for his brother Jim, a newspaperman, and becomes involved with a group of people trying to conceal the death of the president of a large corporation so they can profit financially. With the aid of the dead man's daughter, Audrey Brandon, Hank exposes the crooks.",https://www.imdb.com/title/tt0038431/?ref_=sr_i_698
699. Rustler's Round-Up,1946,57m,Approved,6.2,49,,A cowboy sets out to break up a gang of rustlers.,https://www.imdb.com/title/tt0038895/?ref_=sr_i_699
700. The Lisbon Story,1946,1h 40m,,6.1,44,,A musical cabaret singer meets a British agent and goes with him to Nazi occupied France to save an atomic scientist.,https://www.imdb.com/title/tt0038693/?ref_=sr_i_700
701. Tears and Glory,1946,,,8.1,24,,"Story revolves around Durriyah, a young singer who is in romantic relationship with young man Hamdi. However, there is someone who seeks to separate them in order to win Durriyah's heart, and he is El-Mistekawi. Indeed, he succeeds in keeping Hamdi away from Durriyah, so Durriyah's life is turned upside down.",https://www.imdb.com/title/tt0286804/?ref_=sr_i_701
702. La rose de la mer,1946,1h 25m,,6.6,40,,The captain wants to sink his ship and to receive the insurance premium.,https://www.imdb.com/title/tt0249124/?ref_=sr_i_702
703. Far betaler,1946,1h 22m,,6.9,40,,"The writer and art critic Martin Berg and his endearing wife, Karin, live a happy family life, surrounded by their children and children-in-law. Ever since he got married, Berg has wanted to write a book about the female figures in Boticelli's art, but the practical demands of everyday life have stood in the way. There is a perpetual coming and going of youth in the house. It is the young people who keep him sane, and he is always ready to help young people, but the question is whether Berg does not in some contexts go too far in his help?",https://www.imdb.com/title/tt0038521/?ref_=sr_i_703
704. L'assassin n'est pas coupable,1946,1h 22m,,6.1,32,,"In a film studio, several actors are the victims of attempted murders. Julien Brisseau, a writer, decides to use these facts as the backbone of his new novel. But while he is working on his detective story, young actors are actually killed. Julien thence gets suspected by police inspector Vétillard. To clear his name, Julien undertakes to investigate and find the killer on his own...",https://www.imdb.com/title/tt0149721/?ref_=sr_i_704
705. Hans store aften,1946,1h 29m,,6.6,31,,"Jonas (Sigfred Johansen)is waiting tables in a cafe to make a living - but he is also a very ambitious writer just about to premiere his very first play, a comedy. Tonight, when the play has opened, all his worries and financial troubles will be over, and Jonas will become a safe provider to his dear wife Else (Lis Løwert), he is quite sure. Tonight. However, there's a long way yet to travel for Jonas and Else.",https://www.imdb.com/title/tt0038587/?ref_=sr_i_705
706. Dharti Ke Lal,1950,2h 5m,,6.9,26,,"The story of a family in Bengala, who is forced to abandoned their land and his journey to Calcutá",https://www.imdb.com/title/tt0038475/?ref_=sr_i_706
707. Mantan Runs for Mayor,1946,,,8.2,11,,"After collecting his usual meager paycheck, Mantan, a part time janitor at the local courthouse, commiserates with his ne'er-do-well friend Alex, who is similarly poorly paid. Since Mayor Henry Corbit has been arrested for drunken driving and sentenced by the famous ""poetical"" judge, Alex comes upon the idea of having Mantan run for mayor, with Alex serving as his campaign manager.",https://www.imdb.com/title/tt0135538/?ref_=sr_i_707
708. Dunia,1946,1h 46m,,6.2,18,,Dunia's affair with Mohamed leads to tragic consequences for them and their child.,https://www.imdb.com/title/tt0285527/?ref_=sr_i_708
709. La gondola del diavolo,1946,2h 5m,,5.2,25,,,https://www.imdb.com/title/tt0038570/?ref_=sr_i_709
710. Lágrimas de sangre,1946,,,5.7,9,,,https://www.imdb.com/title/tt0244048/?ref_=sr_i_710
711. Arabian Nights,1946,,,1.7,15,,,https://www.imdb.com/title/tt0233231/?ref_=sr_i_711
712. Schleichendes Gift,1946,1h 5m,,,,,"A feature length documentary, with re-enacted scenes, to educate the Austrian rural population about venereal diseases--following the passage of Soviet troops--and to motivate them to seek medical examination. In between the re-enacted scenes a dermatologist gives a lecture on relevant medical conditions. A sequel, called ""Macht im Dunkel"", was made about tuberculosis in 1947.",https://www.imdb.com/title/tt0220024/?ref_=sr_i_712
713. The Gentleman Misbehaves,1946,1h 14m,Approved,,,,"An actor/producer has an argument with his fiancée, and begins to court another girl whom he thinks is wealthy. She isn't, but she offers him $5,000 to marry her, in name only, as she is in danger of being deported from the United States. He does so. And then he begins to fall in love with her.",https://www.imdb.com/title/tt0038554/?ref_=sr_i_713
714. Flying Prince,1946,,,,,,,https://www.imdb.com/title/tt0384109/?ref_=sr_i_714
715. Au pays des cigales,1946,1h 25m,,,,,,https://www.imdb.com/title/tt0190987/?ref_=sr_i_715
716. Louisa,1946,1h 25m,,6.9,186,,"Young Loviisa and a group of hard-working women run the Niskavuori farm, while the men is busy chasing girls or future brides.",https://www.imdb.com/title/tt0038706/?ref_=sr_i_716
717. Viikon tyttö,1946,1h 28m,,6.0,71,,,https://www.imdb.com/title/tt0039081/?ref_=sr_i_717
718. The Prodigal Woman,1946,1h 35m,,6.4,46,,"Spain, 1850. In the midst of the electoral campaign, three young men use all their strategies to place themselves in Madrid as deputies of the courts. However, in the small town of Abencerraje the most influential person is doña Julia Castro-Alares, a marquise with an adventurous past who now lives ruined because she practices charity with all the people, hence she is known as ""The lavish "". As the influence of this lady is decisive, the boys decide to pay her a visit to ask for help, and immediately between Guillermo and her arises an unexpected passion.",https://www.imdb.com/title/tt0038861/?ref_=sr_i_718
719. Jeg elsker en anden,1946,1h 27m,,7.3,31,,Annelise is a young childminder at a day care center for children. She fights to protect the children against the home's financial problems and her heart against an offensive from the doctor Preben. But the truth - and help - can come from both children and drunk people.,https://www.imdb.com/title/tt0038653/?ref_=sr_i_719
720. Incorrigible,1946,1h 36m,,4.9,88,,"Olga Sundblom, after the divorce, has sole custody of the son Krister, who has trouble controlling himself. He cheats in school, smokes in bed and is generally unbearable. He is sent to Granberga boarding school and soon starts turning everything upside down. He offers the schoolmates alcohol and begins a relationship with a young woman that he treats like a slut. When he gets expelled he escapes to his summerhouse.",https://www.imdb.com/title/tt0038897/?ref_=sr_i_720
721. Burma Victory,1946,1h 1m,,6.9,37,,"Documentary about the Burma Campaign during World War Two, directed by Roy Boulting.",https://www.imdb.com/title/tt0037564/?ref_=sr_i_721
722. Au petit bonheur,1946,1h 45m,,5.8,52,,"After lovers fight, the boy leaves for the Riviera. On her way to rejoin him, the girl meets a distinguished but embittered novelist and decides to spend time comforting him.Which is not going to help when she returns to her boyfriend.",https://www.imdb.com/title/tt0179092/?ref_=sr_i_722
723. Gun Town,1946,55m,Approved,6.1,33,,"Indian Agent Kip Lewis arrives in Gun Town where Buckskin Sawyer is having her payroll shipments robbed by Indians. Kip and his men are ready the next time and learn the robbers are white men dressed as Indians. Kip finds Davy Sawyer's case at the scene and confronts him. When Davy accuses Talbot whom he lent it to, Talbot shoots him. But Davy names Talbot before he dies and Kip goes after him.",https://www.imdb.com/title/tt0038579/?ref_=sr_i_723
724. Le bateau à soupe,1946,1h 45m,,6.5,31,,"Hervé is a tough sea captain in command of the ""Duchesse Anne"", a rum-trading ship. But the sea dog hides a tender heart and he allows Marie-Douce, a poor slum girl who dreams of seeing the wide world,on board. To have her accepted by the crew, he passes her off as his niece. A seasoned master like him, wise enough to ban alcohol use on his ship, should have known better : a beautiful girl on the deck cannot but unleash the savage instincts of all those men without women...",https://www.imdb.com/title/tt0175470/?ref_=sr_i_724
725. Leçon de conduite,1946,1h 22m,,6.1,23,,"Micheline is a pretty girl but rich, spoiled and whimsical as well. Jacques, the brother of her friend Danielle, is so exasperated by her behavior that he decides to give her a chance to learn about good manners. To that effect, he kidnaps her and detains her in a hut on the edge of a wood. He starts ""taming the shrew"" but the situation soon gets out of control when criminals - real ones this time - abduct Micheline in earnest... and for ransom!",https://www.imdb.com/title/tt0170159/?ref_=sr_i_725
726. Strange Conquest,1946,1h 3m,,5.9,20,,"Two doctors try to find the cure for a fatal disease, while battling each other for the affection of a beautiful woman doctor.",https://www.imdb.com/title/tt0038985/?ref_=sr_i_726
727. Slightly Scandalous,1946,1h 6m,Approved,4.6,27,,"Two identical brothers with radically different personalities, with one involved in television. The insurance salesman brother invests money in his brother's show, and in the process of protecting his investment, woos his brother's girl.",https://www.imdb.com/title/tt0038952/?ref_=sr_i_727
728. Personality Kid,1946,1h 2m,Approved,5.2,16,,"At the end of World War II, a U.S. Army soldier, Harry Roberts, returns home with ambitions of becoming a professional photographer. A burro, belonging to his animal-loving kid brother, Davey , smashes all of Harry's photographic equipment, and the angry Harry strikes Davey. Heartbroken, Davey takes his burro and runs away, but is brought back home when a photograph of the burro, which Harry had taken and which two of the younger brothers had secretly entered in a contest, wins first prize.",https://www.imdb.com/title/tt0038834/?ref_=sr_i_728
729. Om kjærligheten synger de,1946,1h 34m,,,,,"We meet some of the poorer inhabitants of Vika in Oslo in the hard 30'ies, and get a glimpse of their lives. the people you are likely to meet when it's dark, the shoelace seller who came on doors and those living their nights in shelters.",https://www.imdb.com/title/tt0038799/?ref_=sr_i_729
730. Aap Ki Sewa Mein,1946,,,,,,,https://www.imdb.com/title/tt0178197/?ref_=sr_i_730
731. Rocambole,1946,1h 9m,,,,,,https://www.imdb.com/title/tt0140516/?ref_=sr_i_731
732. Dalawang daigdig,1946,,,,,,,https://www.imdb.com/title/tt0777824/?ref_=sr_i_732
733. Guadalajara pues,1946,1h 30m,,,,,"A potter wants to marry his two children with the children of his friend, but they fall in love with foreigners.",https://www.imdb.com/title/tt0037754/?ref_=sr_i_733
734. Rio Grande Raiders,1946,56m,Approved,7.1,57,,"Sunset Carson, ace driver for the Harding Stagecoach Line, persuades his boss Frank Harding (Edmund Cobb) to hire his brother Jeff (Bob Steele), recently released from the penitentiary. Sunset isn't aware that Jeff owes his release to Marc Redmond (Tristram Coffin), owner of the rival line, and that Redmond is forcing Jeff to give him advance information when the Harding stages are carrying valuable shipments so that his henchmen can rob the stage and force Harding out of business.",https://www.imdb.com/title/tt0038884/?ref_=sr_i_734
735. Beware,1946,54m,Approved,5.8,101,,"Ware College is a small Black college in Ware, Ohio. Once prominent, it is now low in attendance, low in enrollment and low on money.",https://www.imdb.com/title/tt0038353/?ref_=sr_i_735
736. Galloping Thunder,1946,54m,Approved,6.4,46,,"The cattle herds of some Arizona ranchers are being stampeded and stolen, so the Arizona Stockmen's Syndicate sends ace investigator Steve Reynolds in to find out who is responsible. Steve poses as a vicious gunslinger named Buck McCloud to work his way into the gang, and then becomes the Durango Kid to disrupt the activities he learns about. Jud Temple is the loyal fiancée of town banker Grat Hanlon who turns out to be the brain-trust behind the gang.",https://www.imdb.com/title/tt0038548/?ref_=sr_i_736
737. De glada åren,1946,1h 32m,,5.6,66,,"Hilda Granström runs a ladies' tailoring shop. Her husband Richard is a cellist in the Opera Orchestra. Their three daughters help out in Hilda's shop. Richard's 80-year-old mother, who once was a dancer, also lives with the family.",https://www.imdb.com/title/tt0039359/?ref_=sr_i_737
738. Los nietos de Don Venancio,1946,1h 30m,,6.7,28,,"A puritanical man travels to the capital to visit nightclubs and introduces himself as a bachelor, but to his surprise, he finds himself there with his wife.",https://www.imdb.com/title/tt0219946/?ref_=sr_i_738
739. Throw a Saddle on a Star,1946,1h,Approved,6.2,28,,"Pop Walker foolishly bets his ranch that his son Curt will win the all around championship at the rodeo. When he sees his son has become attracted to Barbara Allen and thinking it will affect his performance, he breaks it up. But then realizing the mistake he made he must get them back together again before the championship event.",https://www.imdb.com/title/tt0039033/?ref_=sr_i_739
740. Mosquita muerta,1946,1h 40m,,6.9,23,,"At a boarding school for young ladies, one of the students resists her uncles' wishes to marry her off because she does not know her future husband. That is why she pretends to be a prude for whom marriage is a dirty word.",https://www.imdb.com/title/tt0178767/?ref_=sr_i_740
741. Talk About a Lady,1946,1h 11m,Approved,5.8,29,,"A country girl, wanting to break into show-business, comes to New York City and, by her actions, manages to restore the optimism of a jaded and disillusioned nightclub owner. Eventually she marries the manager of one of the man's nightclubs.",https://www.imdb.com/title/tt0039008/?ref_=sr_i_741
742. On ne meurt pas comme ça,1946,1h 35m,,7.0,14,,,https://www.imdb.com/title/tt0194212/?ref_=sr_i_742
743. Children on Trial,1946,1h 1m,Approved,6.5,18,,Documentary dealing with the work of Approved Schools for child delinquents.,https://www.imdb.com/title/tt0038412/?ref_=sr_i_743
744. Loco y vagabundo,1946,1h 32m,,6.2,12,,,https://www.imdb.com/title/tt0219135/?ref_=sr_i_744
745. La mantilla de Beatriz,1946,1h 27m,,6.2,9,,In XVII century Portugal two friends change identities so one of them can escape an unwanted marriage to Beatriz.,https://www.imdb.com/title/tt0038725/?ref_=sr_i_745
746. Faut ce qu'il faut,1946,1h 25m,,5.0,11,,A well-meaning godfather has more than one trick up his sleeve.,https://www.imdb.com/title/tt0192015/?ref_=sr_i_746
747. Voglio bene soltanto a te!,1946,1h 17m,,3.4,8,,,https://www.imdb.com/title/tt0039086/?ref_=sr_i_747
748. Ahinsa,1946,,,,,,,https://www.imdb.com/title/tt0381863/?ref_=sr_i_748
749. Devar,1946,,,,,,,https://www.imdb.com/title/tt1045595/?ref_=sr_i_749
750. Awal nazra,1946,,,,,,,https://www.imdb.com/title/tt0297003/?ref_=sr_i_750
751. Dahaya el madania,1946,1h 20m,,,,,,https://www.imdb.com/title/tt0286570/?ref_=sr_i_751
752. Chehra,1946,,,,,,,https://www.imdb.com/title/tt0386372/?ref_=sr_i_752
753. Unutulan Sir: Domaniç Yolcusu,1946,,,,,,Illumination of a murder committed during the War of Independence.,https://www.imdb.com/title/tt0305488/?ref_=sr_i_753
754. Rukmini Swayamvar,1946,,,,,,,https://www.imdb.com/title/tt0249927/?ref_=sr_i_754
755. Solita de Cordoue,1946,,,,,,,https://www.imdb.com/title/tt0196107/?ref_=sr_i_755
756. Swingtime Jamboree,1946,,,,,,,https://www.imdb.com/title/tt6334726/?ref_=sr_i_756
757. Diskret Ophold,1946,1h 35m,,7.3,88,,"In a small Danish village, Marius and Johanne Bastrup supplement their income by running a boarding house for young pregnant girls who want a place for a ""discreet stay"".",https://www.imdb.com/title/tt0038481/?ref_=sr_i_757
758. Harald Handfaste,1946,1h 14m,,4.8,117,,"Harald Handfaste is a 15th century Swedish Robin Hood, who fights against foreign oppression. He becomes the leader of a band of highwaymen and they start dealing with the evil bailiff. However, the bailiff will stop at nothing to catch Handfaste and show the people who is in charge. He even attempts to marry Handfaste's beloved Karin, and when she refuses to subdue, the bailiff decides to execute both her, her father and a monk who has been helping them.",https://www.imdb.com/title/tt0039446/?ref_=sr_i_758
759. Adán y la serpiente,1946,1h 12m,,7.0,37,,"Rumors start circulating about a ghost wandering the halls of a certain resort hotel, wanting to make whoopee with the guests, and the hotel suddenly becomes very popular.",https://www.imdb.com/title/tt0184187/?ref_=sr_i_759
760. El socio,1946,1h 46m,,6.7,40,,"A failed businessman starts lying to people telling them he has a fictitious foreign associate, which turns out to be the key for him to start being successful.",https://www.imdb.com/title/tt0219315/?ref_=sr_i_760
761. Kultainen kynttilänjalka,1946,1h 50m,,5.3,52,,"Two men steal a precious candelabra at a mansion they accidentally burn down. Two years later, one of the thieves is a wealthy property owner. But he is tormented by his memories and debt.",https://www.imdb.com/title/tt0133905/?ref_=sr_i_761
762. Morskoy batalion,1946,1h 31m,,6.4,27,,Soviet sailors boldly defend Leningrad from the German fascists.,https://www.imdb.com/title/tt0179988/?ref_=sr_i_762
763. Il mondo vuole così,1946,1h 23m,,6.3,26,,,https://www.imdb.com/title/tt0038745/?ref_=sr_i_763
764. The Girl in Room 20,1946,1h 3m,,4.8,59,,"A rural girl comes to the big city to pursue a singing career, and is befriended by paternal cab drivers and down-and-out show troupers, and preyed upon by an adulterous pimp.",https://www.imdb.com/title/tt0038561/?ref_=sr_i_764
765. Oktoberroser,1946,1h 13m,,6.6,24,,"A married man, Sigfred Johansen, is tempted by Ingeborg Brams to cheat on his wife, Karin Nellemose. Torn between the two women, he is weighed down by guilty conscience and by letting down his wife and children. He is about to make a final choice.",https://www.imdb.com/title/tt0038797/?ref_=sr_i_765
766. Hazugság nélkül,1946,1h 40m,,6.1,20,,,https://www.imdb.com/title/tt0037768/?ref_=sr_i_766
767. Viaje sin regreso,1946,1h 25m,,7.0,11,,A man kills his ex-girlfriend's husband without being seen and joins her again but remorse makes him confess and together they commit suicide.,https://www.imdb.com/title/tt0184987/?ref_=sr_i_767
768. Prisoners of the Tower,1946,51m,,7.6,11,,A documentary telling of some of the key features of the Tower of London along with the stories of a few of those that spent their final days there.,https://www.imdb.com/title/tt30425742/?ref_=sr_i_768
769. Dosti,1946,,,6.8,15,,,https://www.imdb.com/title/tt0155679/?ref_=sr_i_769
770. Pancho se zení,1946,1h 28m,,5.5,20,,,https://www.imdb.com/title/tt0314483/?ref_=sr_i_770
771. La femme fatale,1946,1h 35m,,6.0,12,,"Fanny Le Doublond has a lover, Jean, and her husband is beginning to have suspicion. To calm him down she makes him believe that Jean dies of love for another woman and wants to commit suicide if his love is not returned. The two accomplices select a young creature named Claire Coussol for the (unwitting role)of the ""beloved"". As for Jean, he plays the suicidal man to perfection. But what the two lovers had not planned at all is that Claire, deeply moved by Jean's ""act of desperation"", starts growing fond of him...",https://www.imdb.com/title/tt0199519/?ref_=sr_i_771
772. Affairs of a Model,1946,1h 22m,,4.0,23,,"Dora moves in with the artist Erik to become his model. Three men from a Masonic Order pretends to be interested in his art, but Dora is their real focus.",https://www.imdb.com/title/tt0038469/?ref_=sr_i_772
773. El emigrado,1946,1h 36m,,5.3,13,,The Basque shipowner Ignacio Ibarrola has two sons: Ignacio and José Mari. Both have very different characters and since childhood there has been a great rivalry between them.,https://www.imdb.com/title/tt0038509/?ref_=sr_i_773
774. La viuda celosa,1946,1h 11m,,5.6,12,,,https://www.imdb.com/title/tt0038227/?ref_=sr_i_774
775. El pasajero diez mil,1946,1h 24m,,6.2,8,,"A travel agency is planning to award its 10,000th passenger a 10,000 pesos cash prize, so a former employee cheats to get the money.",https://www.imdb.com/title/tt0244123/?ref_=sr_i_775
776. Nous ne sommes pas mariés,1946,1h 20m,,5.8,10,,,https://www.imdb.com/title/tt0038785/?ref_=sr_i_776
777. Biraj Bou,1946,,,5.4,9,,,https://www.imdb.com/title/tt0245009/?ref_=sr_i_777
778. Cais do Sodré,1946,1h 16m,,4.7,10,,,https://www.imdb.com/title/tt0038391/?ref_=sr_i_778
779. West of the Alamo,1946,57m,Approved,,,,"Texas Rangers Jimmy Wakely and ""Lasses"" White, traveling incognito, rescue Jane Morgan, garbed in men's clothes, from a gunfight. In town, they are told by banker Clay Bradford that Jane Morgan and her sister Helen have engineered numerous robberies. Jimmy and ""Lasses"" take jobs as entertainers in the saloon owned by the sisters. Later, they foil an attempted stagecoach holdup by Keno Wilson, faro dealer at the saloon. They learn that Keno is trying to help Jane recover money rightfully belonging to her, and that Bradford is really behind the robberies. Then Bradford's henchmen capture Jane and Keno.",https://www.imdb.com/title/tt0039099/?ref_=sr_i_779
780. Så møtes vi i morgen,1946,1h 38m,,,,,"Student Steffen Berg finds it difficult to adapt to society's laws and rules. After interrupting his medical studies, he starts working in a shop in order to support the family. Steffen takes money from the shop's till to help a friend.",https://www.imdb.com/title/tt0217835/?ref_=sr_i_780
781. Dhanwan,1946,,,,,,,https://www.imdb.com/title/tt0373789/?ref_=sr_i_781
782. Ibn al Chark,1946,,,,,,,https://www.imdb.com/title/tt4158720/?ref_=sr_i_782
783. Une femme coupée en morceaux,1946,1h 25m,,,,,,https://www.imdb.com/title/tt0289595/?ref_=sr_i_783
784. Going to Glory... Come to Jesus,1946,1h 30m,Approved,,,,"Outside the church a young woman, Ethel, is chatting with the reverend when her old friend Bessie appears. Bessie is a wild girl, interested in drinking, men and dancing.",https://www.imdb.com/title/tt0038568/?ref_=sr_i_784
785. Tú eres la luz,1946,,,,,,,https://www.imdb.com/title/tt0038200/?ref_=sr_i_785
786. Bailando en las nubes,1946,,,,,,,https://www.imdb.com/title/tt0218829/?ref_=sr_i_786
787. Bhakta Prahlad,1946,,,,,,,https://www.imdb.com/title/tt0213502/?ref_=sr_i_787
788. Rajul el mostakbal,1946,1h 50m,,,,,"Kamel suddenly comes into a vast fortune and transitions to a luxury life. This attracts the attention of a female journalist who sees a story in that; she writes articles dripping with sarcasm, branding him a foolish millionaire",https://www.imdb.com/title/tt0297355/?ref_=sr_i_788
789. Por un amor,1946,1h 24m,,,,,,https://www.imdb.com/title/tt0219976/?ref_=sr_i_789
790. Gunman's Code,1946,55m,Approved,,,,"Wells Fargo agents Jack Douglas (Kirby Grant) and Bosco O'Toole (Fuzzy Knight) are sent after a gang of stage robbers. Danny Burton (Bernard Thomas), brother of Laura Burton (Jane Adams, is implicated before Jack is able to prove that saloon owner Lee Fain (Danny Morton) is the man behind the outlaw gang.",https://www.imdb.com/title/tt0038580/?ref_=sr_i_790
791. Machibôke no onna,1946,1h 29m,,,,,,https://www.imdb.com/title/tt1201639/?ref_=sr_i_791
792. Mensonges,1946,1h 30m,,,,,"Marie Leroux, who is married to Charles, an honest, understanding country doctor, lives an uneventful, rather monotonous life.Her husband is a kind man but he does not give her any thrill or excitement. One day, Marie meets Olivier Dumas-Beaulieu, a handsome industrialist, who is in the process of leaving his fiancée Corinne, despite her being pregnant by him. It is easy for the confirmed womanizer he is, to seduce Marie, who very foolishly thinks she has found true love. Shortly afterward Charles is shot dead by Olivier while the two men were having a quarrel about Marie. The latter, who finds the corpse, believes her husband has committed suicide. Which is not the police's opinion and Marie is arrested and condemned to ten years in prison. Annihilated by such unfair treatment and, worse, by the separation from her beloved eight-year-old daughter, she still manages to survive and to serve her sentence. When she is finally released from prison, she learns from Joseph, Olivier's chauffeur and former accomplice, all the truth about her lover. And not only did he kill Charles but now that Agnès is eighteen, Olivier is intent on luring her into the same trap as she herself had fallen into.",https://www.imdb.com/title/tt0201769/?ref_=sr_i_792
793. Keemat,1946,,,,,,,https://www.imdb.com/title/tt0386572/?ref_=sr_i_793
794. Pengar: En tragikomisk saga,1946,1h 37m,,6.3,219,,"Orvar is a vagabond, walking the country roads and living on sunshine and generosity. One day he decides to find work somewhere to get some money. He becomes a helping hand for seven lumberjack brothers. The big and strong brothers really enjoy themselves, joking with the small and meek Orvar. Orvar does not know that he has inherited a large fortune but the seven brothers do and they begin to treat him with the greatest courtesy. They convince him to write his last will, making them his heirs, and then begin to make plans on how to kill him...",https://www.imdb.com/title/tt0038830/?ref_=sr_i_794
795. A River Performs Magic,1946,1h 36m,,7.0,52,,"Leopold Kohák married a rich widow a long time ago and now he has nothing to do compared to his energetic wife. He's growing old and troubled by the fact that he betrayed his first love Emca and his beloved river Sázava where he spent his childhood and youth. A visit from an old friend Lebeda brings it all back to him. After a nervous breakdown Leopold secretly visits his home instead of going to the spa. As a tramp wandering from place to place he supports himself by casual labor. Mrs Koháková sends someone to look for the missing husband. Living an active life brings the lost spark back into Leopold's life. He shaves, changes his clothes and becomes astonishingly young-looking.",https://www.imdb.com/title/tt0173119/?ref_=sr_i_795
796. 100 dragspel och en flicka,1946,1h 30m,,5.1,77,,"Two inventors, Ville and Rulle have developed a revolutionary new accordion; however, they have competition. Twelve-year-old Pelle Borell gets to show off the instrument in front of the Swedish accordion elite in Stockholm.",https://www.imdb.com/title/tt0038278/?ref_=sr_i_796
797. Tainted,1946,1h 30m,,6.8,52,,Just another idol turned to clay.But let's keep the legend intact.,https://www.imdb.com/title/tt0206396/?ref_=sr_i_797
798. Shama,1946,,,9.0,19,,,https://www.imdb.com/title/tt0362143/?ref_=sr_i_798
799. Brita i grosshandlarhuset,1946,1h 42m,,5.8,60,,"Brita moves from her parents' cabbage patch in the countryside to work in Stockholm as a housemaid for a wealthy family. The big city overwhelms her at first and she falls in love with Greger, the young man of the household. But one day Arvid, an infatuated young man from her home village also comes to Stockholm to express his love for her.",https://www.imdb.com/title/tt0038385/?ref_=sr_i_799
800. Notte di tempesta,1946,1h 14m,,6.2,35,,,https://www.imdb.com/title/tt0038789/?ref_=sr_i_800
801. Billet mrk.,1946,1h 41m,,6.5,35,,"The hard working, well-off business owner Marie Jantzen (Gottschalch) has turned 40 and never found love or even had a vacation for 19 years. A classified ad might change everything.",https://www.imdb.com/title/tt0038357/?ref_=sr_i_801
802. Nuoruus sumussa,1946,1h 53m,,5.0,51,,About three young men trying to find a place in society after the war.,https://www.imdb.com/title/tt0038791/?ref_=sr_i_802
803. Land of Promise,1946,1h 7m,,7.4,22,,"Described as a 'film argument' about homes and houses, this film is in three parts showing houses as they were, houses as they are and houses as they might be.",https://www.imdb.com/title/tt0323014/?ref_=sr_i_803
804. Dwie godziny,1946,1h 10m,,5.8,42,,"In the first days after the war has ended, a small town railway station is the place where those coming back from the horrors of war need to get to grips with the past and think about their future.",https://www.imdb.com/title/tt0050345/?ref_=sr_i_804
805. Menneisyyden varjo,1946,1h 35m,,5.6,42,,,https://www.imdb.com/title/tt0133963/?ref_=sr_i_805
806. Loyal Heart,1946,1h 20m,,5.5,41,,"John Armstrong, an English hill-farmer has a dispute over debts with ""Burton"", a neighbouring farmer. Burton envies Armstrong's sheepdog, Fleet, and requests the dog as settlement of debts. The loyalty of Fleet to his original owner leads to intrigue and subterfuge involving stolen sheep and a cunning canine.",https://www.imdb.com/title/tt0037887/?ref_=sr_i_806
807. Monsieur Grégoire s'évade,1946,1h 40m,,5.4,39,,"Alex Grégoire is a timid insurance company clerk who shares his uneventful life between his wife Angèle, his colleagues and his passion for crosswords. But all of a sudden his existence changes dramatically. First because he wins a crossword competition. Second because a jewel thief, Charles Tuffal, thinks he recognizes in him a former accomplice. From that moment ""uneventful"" is not the best adjective to qualify Alex's life anymore...",https://www.imdb.com/title/tt0161824/?ref_=sr_i_807
808. Son dernier rôle,1946,1h 30m,,6.5,25,,"An actress who has just played the part of an old lady says that she would like to grow old like that character did.Sadly ,she will not get her wish because she is terminally-ill .",https://www.imdb.com/title/tt0203930/?ref_=sr_i_808
809. La vita semplice,1946,,,6.3,22,,,https://www.imdb.com/title/tt0038226/?ref_=sr_i_809
810. El pecado de Julia,1946,1h 30m,,6.7,22,,,https://www.imdb.com/title/tt0200950/?ref_=sr_i_810
811. El gran amor de Bécquer,1946,1h 20m,,7.9,16,,,https://www.imdb.com/title/tt0187086/?ref_=sr_i_811
812. The Effects of the Atomic Bomb on Hiroshima and Nagasaki,1946,2h 40m,,8.5,12,,"Film made by the US military showing the severe injury and mortality caused by the first nuclear weapons used militarily. At the time this film was made, there was no factual material about what the results could be. This film (kept classified for decades, due to the horrific nature of the bombing's aftermath) provided material necessary how to deal with, and - if possible - triage victims.",https://www.imdb.com/title/tt2093254/?ref_=sr_i_812
813. Ungdom i fara,1946,1h 35m,,5.3,30,,"A young man with a messy background stands trial for car theft. He gets away with a suspended sentence. With the help of a social worker, he gets on the right side of life - until a criminal friend shows up.",https://www.imdb.com/title/tt0039939/?ref_=sr_i_813
814. Meet the Navy,1946,1h 19m,Approved,4.9,41,,"During World War II, the Canadian Navy gathered a troupe of diverse performers (dancers, comedians, singers, musicians) from its ranks and sent them off to entertain their shipmates and the revue ultimately played London's Hippodrome. The acceptance of the audience was based more on wartime London's appreciation of the gallantry of Britain's sons and daughters from overseas than it was on the artistic value of the show or the talent of the performers. The film is a mixture of fact and fiction of the adventures of the troupe members, and the ending, only partly filmed in Technicolor, is primarily the revue as seen at the Hippodrome.",https://www.imdb.com/title/tt0177920/?ref_=sr_i_814
815. Lastu malakan,1946,,,6.8,16,,"Lawyer Rauf confesses to Yosriya Hanim The Daughter of Hassan Aub al-Dahab, and he love her and tries to reach her. Rauf is betting with his friend that Rauf is marrying a Yosriya. A quarrel ends that the mistress of the friend shoots Raouf. The son's voice reintroduces his uncle daughter's and nurses him. then he marryies his uncle daughter's because his love to her stronger than his love for Yosriya.",https://www.imdb.com/title/tt0297246/?ref_=sr_i_815
816. Ebberöds bank,1946,1h 31m,,4.5,36,,Tailor Ågren in Ebberöd lives with his dominant wife Karolina and their two children. His everyday life would have been problem free if it weren't for his debts.,https://www.imdb.com/title/tt0039347/?ref_=sr_i_816
817. Misión blanca,1946,1h 28m,,4.1,23,,"Arriving at a Guinean Christian mission, a young priest is told by his elder ones the story of Father Javier, another young missioner who restlessly fought to convert a villain not only for God's sake, but also for sentimental reasons.",https://www.imdb.com/title/tt0038742/?ref_=sr_i_817
818. Aladin,1946,1h 33m,,5.5,14,,A Filipino adaptation of Aladdin and the Magic Lamp.,https://www.imdb.com/title/tt1690100/?ref_=sr_i_818
819. Glaube an mich,1946,1h 20m,,6.4,8,,,https://www.imdb.com/title/tt0039426/?ref_=sr_i_819
820. Children of Destiny,1946,1h 25m,,,,,"The story tells about the bad luck of Mustafa, a farmer who is attacked along his trip to the souk while he was going to sell a cow and a chicken. He swears to give the money from the sale of these animals to the poor if he ever manages to get out of it, but does not keep his promise. The wrath of God will be unleashed upon him.",https://www.imdb.com/title/tt0255053/?ref_=sr_i_820
821. Badnami,1946,,,,,,,https://www.imdb.com/title/tt0384823/?ref_=sr_i_821
822. L'ultimo sogno,1946,1h 30m,,,,,,https://www.imdb.com/title/tt0214232/?ref_=sr_i_822
823. La sombra del pasado,1946,,,,,,,https://www.imdb.com/title/tt0201151/?ref_=sr_i_823
"824. Reykjavík vorra daga, fyrri hluti",1946,1h 50m,,,,,,https://www.imdb.com/title/tt36376054/?ref_=sr_i_824
825. Awdat el qafela,1946,,,,,,"The rich man fears for his daughter after him and chooses a straight husband for her, and the man dies after marrying his daughter from whom he chose for her. But the couple discovers that his whole wealth ended in paying his debts accumulated on him, to start a life of struggle and perseverance that the daughter, who appeared in her life a relative who wanted to marry her in her father's life.",https://www.imdb.com/title/tt0286475/?ref_=sr_i_825
826. Attention,1946,,,,,,,https://www.imdb.com/title/tt0417445/?ref_=sr_i_826
827. Bachchon Ka Khel,1946,,,,,,,https://www.imdb.com/title/tt0139040/?ref_=sr_i_827
828. Christine se marie,1946,1h 28m,,,,,,https://www.imdb.com/title/tt0289119/?ref_=sr_i_828
829. Una sombra en mi destino,1946,,,,,,,https://www.imdb.com/title/tt0220128/?ref_=sr_i_829
830. Los años han pasado,1946,1h 34m,,,,,,https://www.imdb.com/title/tt0219522/?ref_=sr_i_830
831. Baghdad Ka Chor,1946,,,,,,,https://www.imdb.com/title/tt0398730/?ref_=sr_i_831
832. Io t'ho incontrata a Napoli,1946,1h 14m,,,,,An American soldier and a young Italian aspiring actress meet in wartime Naples in 1944 and fall in love.,https://www.imdb.com/title/tt0038645/?ref_=sr_i_832
833. Rasili,1946,,,,,,,https://www.imdb.com/title/tt0426184/?ref_=sr_i_833
834. Dhokebaj,1946,,,,,,,https://www.imdb.com/title/tt7027678/?ref_=sr_i_834
835. Jardim do Pecado,1946,2h,,,,,,https://www.imdb.com/title/tt0327982/?ref_=sr_i_835
836. As Long As I Live,1946,1h 20m,,,,,"Following a trivial road accident, Ariane, an international adventuress, falls in love with Bernard Fleuret, a young artist-painter with diseased lungs. Being pursued by the police, she chooses to hide in the sanatorium where the young man is treated. Ariane proves so smitten by love that she finally changes her ways: she decides to let herself be arrested, sure as she is she will be reunited with her loved one later on.",https://www.imdb.com/title/tt0226510/?ref_=sr_i_836
837. Los maridos engañan de 7 a 9,1946,1h 20m,,,,,,https://www.imdb.com/title/tt0244062/?ref_=sr_i_837
838. Uno tra la folla,1946,1h 15m,,,,,"Average guy Paolo Bianchi picks up a clandestine newspaper in the street: as he lives in northern Italy during the Nazi occupation, he's mistaken for a Communist, searched, and beaten by the police. A friend with influence manages to have him set free, but now Paolo has a positive notoriety among the Partisans. To save him from further trouble, his friend gives him a document that corroborates his strong loyalty to the current regime: the safe passage he thus gets helps, although inadvertently, the partisans in several occasions. Then the Allies come, accuse him of being a collaborator, and arrest him. The friend comes to the rescue.",https://www.imdb.com/title/tt0039068/?ref_=sr_i_838
839. Sob a Luz de Meu Bairro,1946,1h 27m,,,,,,https://www.imdb.com/title/tt0187517/?ref_=sr_i_839
840. Aaravalli Sooravalli,1946,,,,,,,https://www.imdb.com/title/tt26439456/?ref_=sr_i_840
841. El puente del castigo,1946,1h 17m,,,,,,https://www.imdb.com/title/tt0219266/?ref_=sr_i_841
842. Gwalan,1946,,,,,,,https://www.imdb.com/title/tt0251109/?ref_=sr_i_842
"843. Swing, Cowboy, Swing",1946,59m,Approved,,,,"On the way to a performance, Cal Shrum and his musical group, the Rhythm Rangers, are fired at by a masked bandit. Soon after, they encounter Cal's brother Walt and his group, the Colorado Hillbillies. The two brothers decide to team up, but Walt changes his mind when he learns that Cal is heading for Big Bend. Despite Walt's warning that entertainers are being shot in Big Bend, Cal and the Rhythm Rangers resolve to continue to the town. When Frank Lawson, the hotel's owner, refuses to rent them rooms, they proceed to the theater, where manager James Beeton warns them that no one will come to their show because they are worried about the danger. After the sole member of the audience leaves the theater, Cal orders Max ""Alibi"" Terhune, one of the performers, to open the theater doors so that the townspeople can hear them. Shortly afterward, they are shot at by a masked gunman. After learning that the gunman earlier murdered a magician who was performing in town, Cal vows to catch the killer. Using a recording and Elmer, Alibi's dummy, Cal sets a trap for the gunman, who later eludes him during a chase. Alibi discovers that some townspeople believe that Beeton is the killer, because his daughter Mary ran away with Tom, a man in a magic show. He has not been jailed, however, because the sheriff is out of town. After a group of men led by Beeton demand that Cal leave town, he agrees to go at daybreak. In the morning, the Fargo agent offers to let Cal and the Rhythm Rangers stay with him, if they will play a few songs. They then continue their investigation and determine from the bullets that the gunman was using an old Sharp's rifle. Together with Don Weston, Cal follows the gunman's trail. During their investigation, they encounter the sheriff and explain their dilemma. Meanwhile, Mary returns to town, having changed her mind about marrying Tom. As she rides into town alone, the masked man kidnaps her. Cal and Don find her abandoned horse and follow the masked man's tracks to a shack, where Mary has been confined. They free her and, while Cal waits for her kidnapper to return, Don accompanies Mary to town, where she is reunited with her father. When the masked man returns to the shack, Cal struggles with him and discovers that he is Lawson, the only man in town who owns a Sharp's rifle. Lawson reveals that he tried to make the theater fail so that he could buy it cheaply. He kidnapped Mary so that people would continue to believe Beeton was behind the shootings. Now that the mystery is cleared up, the show goes on to great acclaim.",https://www.imdb.com/title/tt0313673/?ref_=sr_i_843
844. Panihari,1946,,,,,,,https://www.imdb.com/title/tt0216065/?ref_=sr_i_844
845. Setu Bandhanam,1946,,,,,,,https://www.imdb.com/title/tt0249150/?ref_=sr_i_845
846. Bindiya,1946,,,,,,,https://www.imdb.com/title/tt0233344/?ref_=sr_i_846
847. Rancho de mis recuerdos,1946,1h 30m,,,,,,https://www.imdb.com/title/tt0219995/?ref_=sr_i_847
848. Aru yo no seppun,1946,1h 13m,,,,,The romantic struggles of three close friends who came back from the war.,https://www.imdb.com/title/tt4295876/?ref_=sr_i_848
849. La gitana y el rey,1946,1h 30m,,,,,,https://www.imdb.com/title/tt0037743/?ref_=sr_i_849
850. Allez Hopp,1946,,,,,,,https://www.imdb.com/title/tt0313194/?ref_=sr_i_850
851. Sol y sombra,1946,1h 20m,,,,,,https://www.imdb.com/title/tt0218613/?ref_=sr_i_851
852. Daasi Ya Maa,1946,,,,,,,https://www.imdb.com/title/tt7917572/?ref_=sr_i_852
853. Where Words Fail,1946,1h 16m,,7.0,55,,The film recounts the life and work of famed concert pianist Dario Garzay.,https://www.imdb.com/title/tt0036770/?ref_=sr_i_853
854. Nezbedný bakalár,1946,1h 36m,,7.0,42,,A bachelor is invited by the local alderman to improve the education in the Czech town of Rakovník.,https://www.imdb.com/title/tt0175955/?ref_=sr_i_854
855. Roaring Rangers,1946,56m,Approved,6.4,47,,"When Sheriff Jeff Connor of Powder River cannot stop the crime wave, his young son, Larry, writes to the Durango Kid for aid. Taggart, the saloon owner, is the secret head of the outlaws, while Connor's brother Bill is in cahoots with him. Steve Randall, the Durango Kid, and his pal, Smiley Butterbean, arrive in time to stop a stagecoach holdup, and Steve is made a deputy sheriff. Taggart has one of his men, Slade, pose as the Durango Kid and while he is speaking to the townspeople, the rest of the outlaw gang pillages the town, and this somewhat damages the Durango Kid in the eyes of Larry and his sister Doris. Steve suggests that Sheriff Connor visit the government about a railroad project, and Taggart instructs Slade and the gang leader to kill Connor on his trip back.",https://www.imdb.com/title/tt0038887/?ref_=sr_i_855
856. Las tres ratas,1946,1h 35m,,7.3,32,,"Three sisters become orphans. The eldest one will undertake the protection of the rest which involves a very hard task . Eventually, she will have to resign to her happiness.",https://www.imdb.com/title/tt0200229/?ref_=sr_i_856
857. Unsubdued Slaves,1946,1h 20m,,5.9,48,,"On the eve of World War II in Athens, a troupe of young actors plans to put on William Shakespeare's, A Midsummer Night's Dream. However, the outbreak of war changes everything.",https://www.imdb.com/title/tt0135751/?ref_=sr_i_857
858. Davit Guramishvili,1946,1h 27m,,7.2,22,,,https://www.imdb.com/title/tt0236138/?ref_=sr_i_858
859. Sérénade aux nuages,1946,1h 43m,,6.9,28,,"Sylvio, a successful singer, has found a way to take a peaceful vacation, safe from his female adulators: to travel incognito. He puts up at an old castle whose landlord, Count Fabrice, a ruined nobleman, seeks a hidden treasure. Posing as the nephew of the castle gardener, Sylvio enjoys happy days and even finds the time to fall in love with Gracieuse, the count's daughter. Unfortunately for him, his impresario ends up locating him...",https://www.imdb.com/title/tt0155235/?ref_=sr_i_859
860. Rosa del Caribe,1946,1h 31m,,5.7,37,,,https://www.imdb.com/title/tt0220737/?ref_=sr_i_860
861. Histoire de chanter,1946,1h 35m,,5.3,36,,"Gino Fabretti is a famous Italian tenor. During a tour in Nice, he begins a relationship with the wife of a renowned doctor.",https://www.imdb.com/title/tt0170001/?ref_=sr_i_861
862. Partenza ore 7,1946,1h 30m,,6.3,23,,"The young Chiaretta has joined, against the will of her family, a theater company in the magazine in the hope of being able to sing on the stage. Her fiancé chases her trying to make her change her mind and bring her home.",https://www.imdb.com/title/tt0037974/?ref_=sr_i_862
863. Krishna Leela,1946,,,7.1,12,,,https://www.imdb.com/title/tt0156715/?ref_=sr_i_863
864. Un beso en la nuca,1946,2h 19m,,6.9,16,,"A young wife discovers her husband's infidelity and fakes an attack of amnesia, unaware of her husband and attributing such warmth to the doctor who attends her.",https://www.imdb.com/title/tt0191823/?ref_=sr_i_864
865. Johansson och Vestman,1946,1h 20m,,5.6,19,,Olga Hallman is waiting outside Långholmens prison. Out comes Adolf Johansson. Released after eight years for manslaughter. Olga takes him to a cafe.,https://www.imdb.com/title/tt0038656/?ref_=sr_i_865
866. Raboliot,1946,1h 43m,,5.8,19,,"Happily married to Sandrine, Pierre Fouques also known as Raboliot is the father of two young children. He would live a steady life hadn't he a passion for poaching, which gets him into a lot of trouble. Because of the nastiness of Bourrel, the gamekeeper, of the jealousy of other poachers, he becomes a hunted man who, in order to defend himself, is driven to commit a crime",https://www.imdb.com/title/tt0196042/?ref_=sr_i_866
867. Gharam el shuyukh,1946,,,6.3,11,,"Mokhtar [Mansi Fahmi] was a learned man and a thinker who did not acknowledge the authority of women. He maintained a barrier in his relations with them, but then a woman named Ahlam conquered his heart and he changed his mind. His friend and student Rauf [Yehia Chahine] also loved Ahlam, who was living with Mokhtar at the time to escape the authority of her criminal father after Mokhtar had taken her in to help her recover from an attempted suicide. Mokhtar offered to marry her to protect her from her father, without knowing Rauf's feelings about her and even though she did not love him. After they had an argument Ahlam ran away with Rauf but then went back to Mokhtar because she felt guilty. She discovered he had gone blind and become more violent and cruel than ever. He threatened to kill himself if she left him. Ahlam shot herself but survived; Mokhtar then sacrificed his love for her so she could marry Rauf.",https://www.imdb.com/title/tt0286651/?ref_=sr_i_867
868. Barbacka,1946,1h 40m,,6.6,10,,"Connie is growing up on an estate and cling especially to Gunnar. When Connie mention that she has met a man, Gunnar gets angry and repels her. Connie decides to retaliate by taking over Gunnar's sister's husband, Boris, who is the owner of the estate.",https://www.imdb.com/title/tt0038328/?ref_=sr_i_868
869. Man from Rainbow Valley,1946,56m,Approved,4.6,21,,"Monte Hale, cowboy creator of the popular comic strip featuring ""Outlaw"", the wild horse,is as fond of the real horse as his thousands of fans are of the comic strip version. When unscrupulous rodeo promoter Colonel Winthrop gets the idea of capturing ""Outlaw"" and making him a show horse, his niece Kay North tricks Monte into believing she is a writer assigned to do an article on the real horse. With her help, Winthrop's henchmen Tracy and Lafe capture the horse, thus leaving unprotected the colt, ""Shadow"", and the herd of mares, against the wild animals who attack them when their protector is missing. Furious at the theft of the horse, Monte goes to the Winthrop Rodeo and, with the help of his kid sister, Ginny and Locoweed, an elderly comic-strip fan, rescues the horse.",https://www.imdb.com/title/tt0038724/?ref_=sr_i_869
870. Étrange destin,1946,1h 50m,,5.6,10,,"Patrica is the wife of Alain de Saulieu, a handsome engineer. She unfortunately loses her husband, who is killed in action during a battle of the First World War. At least, this is only the official truth, for Alain is not dead. Patricia indeed recognizes him one day. But the inverse does not work the other way around: Alain has become amnesiac and he does not remember her. And worst of all, he lives in a conjugal relationship with Germaine, his dedicated nurse, who is now pregnant by him. What has the future in store then for the three (not to say four) of them?",https://www.imdb.com/title/tt0195438/?ref_=sr_i_870
871. Nuestros maridos,1946,,,5.4,8,,,https://www.imdb.com/title/tt0218476/?ref_=sr_i_871
872. Naimisiin päiväksi,1946,1h 20m,,4.3,11,,,https://www.imdb.com/title/tt0121433/?ref_=sr_i_872
873. Le modelle di via Margutta,1946,,,4.7,11,,,https://www.imdb.com/title/tt0037921/?ref_=sr_i_873
874. Prisoners of Honour - We Lived Through Buchenwald,1946,1h 16m,,,,,,https://www.imdb.com/title/tt0256759/?ref_=sr_i_874
875. Air Mail,1946,,,,,,,https://www.imdb.com/title/tt7033852/?ref_=sr_i_875
876. The Lovers,1946,1h 25m,,,,,"After an astrologer has foretold him he will die at an early age if he does not avoid a romantic entanglement, Alessandro Stradella, a well-known composer decides to leave Rome for the North of Italy. He takes advantage of his trip to visit Venice. On his way to the Doge's City, he meets a beautiful, mysterious lady who immediately captivates him. Once in Venice he learns that the young lady's name is Ortensia and that she is the daughter of a powerful man, Alvise Foscarini, in fact Venice's chief inquisitor. Alessandro and Ortensia declare their love to each other and consider marrying, which infuriates Foscarini who does not want a ""dissolute"" artist in his family. Feeling the heat, the couple runs away from Venice. Having taken shelter in Torino, they are traced by the inquisitor, who pretending to feel remorse, has them return to Venice. But while they are on the road, Foscarini's hired assassins murder Alessandro. As for Ortensia she is taken back to her father's home by force.",https://www.imdb.com/title/tt0038297/?ref_=sr_i_876
877. Aai Bahar,1946,,,,,,,https://www.imdb.com/title/tt0405626/?ref_=sr_i_877
878. Guerilyera,1946,,,,,,In the daring role she played in our fight for freedom.,https://www.imdb.com/title/tt0454154/?ref_=sr_i_878
879. Borrasca de celos,1946,1h 15m,,,,,"Dr. Pedro Coello is haunted by jealousy and the friendship between his wife, Teresa, and Felipe, a young man from the village. He leaves for America, his ship sinks, and as a result, he temporarily loses his memory.",https://www.imdb.com/title/tt0038376/?ref_=sr_i_879
880. The Voice of Love,1946,1h 20m,,,,,"Vehicle for baritone Bechi: A singer carries on a telephone romance with a countess, while his butler has similarly been carrying on with her maid. The characters land up exchanging roles.",https://www.imdb.com/title/tt0038002/?ref_=sr_i_880
"881. Sueña, mi amor",1946,1h 10m,,,,,,https://www.imdb.com/title/tt0186588/?ref_=sr_i_881
882. Machi no ninkimono,1946,,,,,,,https://www.imdb.com/title/tt29381153/?ref_=sr_i_882
883. Consultaré a Mister Brown,1946,1h 28m,,,,,,https://www.imdb.com/title/tt0038423/?ref_=sr_i_883
884. Inquietudine,1946,1h 30m,,,,,,https://www.imdb.com/title/tt0038642/?ref_=sr_i_884
885. La culpable,1946,,,,,,,https://www.imdb.com/title/tt0219629/?ref_=sr_i_885
886. Molodost nashey strany,1946,51m,,,,,,https://www.imdb.com/title/tt0171539/?ref_=sr_i_886
887. Jungle Terror,1946,1h 10m,,,,,"Re-edited feature film version of the 1937 serial, Jungle Menace.",https://www.imdb.com/title/tt0371758/?ref_=sr_i_887
888. Phoolwari,1946,,,,,,,https://www.imdb.com/title/tt0141726/?ref_=sr_i_888
889. Haqdar,1946,,,,,,,https://www.imdb.com/title/tt0378019/?ref_=sr_i_889
890. Mesél a film,1946,1h 15m,,,,,,https://www.imdb.com/title/tt32573785/?ref_=sr_i_890
891. Le vie del peccato,1946,1h 30m,,,,,,https://www.imdb.com/title/tt0038220/?ref_=sr_i_891
892. Yasmina,1946,,,,,,,https://www.imdb.com/title/tt0255707/?ref_=sr_i_892
893. Duniya Ek Sarai,1946,,,,,,,https://www.imdb.com/title/tt0139167/?ref_=sr_i_893
894. Hasrat,1946,,,,,,,https://www.imdb.com/title/tt7065016/?ref_=sr_i_894
895. Chamakti Bijli,1946,,,,,,,https://www.imdb.com/title/tt0238892/?ref_=sr_i_895
896. Inspiración,1946,1h 31m,,,,,,https://www.imdb.com/title/tt0316026/?ref_=sr_i_896
897. Master Love,1946,1h 35m,,,,,,https://www.imdb.com/title/tt0191269/?ref_=sr_i_897
898. Hawai Khautala,1946,,,,,,,https://www.imdb.com/title/tt0449974/?ref_=sr_i_898
899. Pratima,1946,,,,,,,https://www.imdb.com/title/tt0374971/?ref_=sr_i_899
900. Lost Happiness,1946,1h 18m,,,,,,https://www.imdb.com/title/tt0038525/?ref_=sr_i_900
901. Parad molodosti,1946,,,,,,,https://www.imdb.com/title/tt0239776/?ref_=sr_i_901
902. L'orecchio,1946,,,,,,,https://www.imdb.com/title/tt0038809/?ref_=sr_i_902
903. Bhedi Khazana,1946,,,,,,,https://www.imdb.com/title/tt0387066/?ref_=sr_i_903
904. Bhedi Dushman,1946,,,,,,,https://www.imdb.com/title/tt7027488/?ref_=sr_i_904
905. Costa Brava,1946,1h 17m,,,,,,https://www.imdb.com/title/tt0038426/?ref_=sr_i_905
906. Chantaje,1946,1h 30m,,,,,,https://www.imdb.com/title/tt0037587/?ref_=sr_i_906
907. Harman Sonu,1946,,,,,,,https://www.imdb.com/title/tt0305628/?ref_=sr_i_907
908. Victory Joe,1946,1h 37m,,,,,"A comedy of errors where two military officers, one an American (Art Cantrell), the other a Filipino (Rogelio de la Rosa) vie for the love of a pretty country girl (Norma Blancaflor). Believing that her boyfriend has been killed in the war, Norma becomes receptive to being courted or wooed by the American, and she becomes the object of gossip. Filipinas who went around with American G.I. soldiers were considered loose or hanggang pier lamang. The film also shows Manila right after the war's end, a large part in ruin.",https://www.imdb.com/title/tt0442549/?ref_=sr_i_908
909. L'adultera,1946,1h 47m,,,,,,https://www.imdb.com/title/tt0038288/?ref_=sr_i_909
910. Dhadkan,1946,,,,,,,https://www.imdb.com/title/tt0379244/?ref_=sr_i_910
911. Love in Syncopation,1946,,,,,,,https://www.imdb.com/title/tt25433792/?ref_=sr_i_911
912. El capitán Pérez,1946,1h 10m,,,,,"To avoid the romantic advances of a mature man with whom her older sister is in love, a young woman invents a boyfriend: Captain Pérez.",https://www.imdb.com/title/tt0181995/?ref_=sr_i_912
913. Awassef,1946,,,,,,,https://www.imdb.com/title/tt0286474/?ref_=sr_i_913
914. Sirr abi,1946,,,,,,,https://www.imdb.com/title/tt0038947/?ref_=sr_i_914
915. Rajputani,1946,,,,,,"Kind sweet girl living with her family and her parents arranged her marriage with a kind and brave man- who fights against injustice and together they fell in love after their marriage- but an evil kingpin causes a threat to his life and she sets on a deadly path of revenge against evil- without knowing the danger, leading to consequences.",https://www.imdb.com/title/tt0141761/?ref_=sr_i_915
916. Circus King,1946,,,,,,,https://www.imdb.com/title/tt0384885/?ref_=sr_i_916
917. Dharti,1946,,,,,,,https://www.imdb.com/title/tt0379251/?ref_=sr_i_917
918. Jinsei tonbo gaeri,1946,,,,,,,https://www.imdb.com/title/tt0396668/?ref_=sr_i_918
919. Ginoong patay gutom,1946,,,,,,,https://www.imdb.com/title/tt0468316/?ref_=sr_i_919
920. Toros Çocugu,1946,,,,,,An engineer who returned to Turkey after his education in Europe and tried to do something useful for his hometown.,https://www.imdb.com/title/tt0307579/?ref_=sr_i_920
921. Kristin kommenderar,1946,1h 36m,,5.7,202,,"Translator Vilhelm and his young wife have a child, as well as a grumpy house maid who doesn't hesitate to give her opinion on how they behave as parents. In secret Kristin arranges a scholarship for Vilhelm so he can go back to his medical studies.",https://www.imdb.com/title/tt0038676/?ref_=sr_i_921
922. Möte i natten,1946,1h 27m,,6.1,118,,A journalist is writing a critical article about the prison service in Sweden. The magazine's editor in chief does not agree with him and removes the article. The journalist then plans to fake a crime to gain knowledge about life in prison.,https://www.imdb.com/title/tt0038770/?ref_=sr_i_922
923. Ahmar shafayef,1946,1h 50m,,7.0,84,,Happy family comes a beautiful girl to work as a maid and then start problems between the spouses .,https://www.imdb.com/title/tt0042186/?ref_=sr_i_923
924. Leila bint el agnia,1946,,,7.4,50,,,https://www.imdb.com/title/tt0297248/?ref_=sr_i_924
925. Both You and I,1946,1h 10m,,6.5,64,,A comedy about two salarymen who routinely degrade themselves for their boss.,https://www.imdb.com/title/tt0038808/?ref_=sr_i_925
926. 'Minä elän',1946,1h 55m,,6.3,61,,"The life story of Aleksis Kivi, author of the first Finnish novel in Finnish language and (posthumously) its most successful writer.",https://www.imdb.com/title/tt0125935/?ref_=sr_i_926
927. Malak al rahma,1946,2h,,6.7,46,,Fouad Bek is a wealthy man who lives with his wife and daughter. Kazem and his mistress are plotting a conspiracy against him to seize Fouad's fortune. They start to get to know the family to tear them apart.,https://www.imdb.com/title/tt0038720/?ref_=sr_i_927
928. Det gælder din frihed,1946,1h 47m,,6.6,39,,"Documentary about World War II seen from the resistance movement. Composed of, among other things, footage from filmmakers who worked closely with the freedom fighters, the film gives a first-hand insight into the dangerous resistance work. And a sharp critique of the Danish government's cooperation policy.",https://www.imdb.com/title/tt0038583/?ref_=sr_i_928
929. Drifting Along,1946,1h,Approved,7.3,22,,A pair of U.S. Marshals come to the aid of a woman who is fighting to keep her ranch from a gang of murderous cattle rustlers who want to get their hands on it.,https://www.imdb.com/title/tt0038496/?ref_=sr_i_929
930. Destins,1946,1h 28m,,5.9,41,,"This is the story of two brothers: the good one, the virtuous gent, an acclaimed singer, and the bad one who leads a wild life.",https://www.imdb.com/title/tt0139152/?ref_=sr_i_930
931. L'ennemi sans visage,1946,1h 45m,,5.1,40,,"A scientist needs a guinea pig to build an ""Adam"" ,an android whose intelligence will surpass the human one .",https://www.imdb.com/title/tt0136798/?ref_=sr_i_931
932. Op med lille Martha,1946,1h 25m,,6.3,27,,An unemployed male musician manages to get a seat in a women's trio by dressing in women's clothes and calling herself Martha.,https://www.imdb.com/title/tt0038805/?ref_=sr_i_932
933. Osvobozhdyonnaya zemlya,1946,1h 23m,,6.2,27,,About village life.,https://www.imdb.com/title/tt0038811/?ref_=sr_i_933
934. The Undercover Woman,1946,56m,Approved,5.9,36,,"A lady investigator from San Francisco, invited with her wisecracking friend to a society event on a Western ranch in the country, gets involved trying to get information on the husband of her hostess. He is having an affair with another woman and eventually someone gets killed, leading to a murder that needs to be solved.",https://www.imdb.com/title/tt0039065/?ref_=sr_i_934
935. Saltstänk och krutgubbar,1946,1h 26m,,4.5,52,,The fisherman Ericsson lives on one of the small islands north of Stockholm with his wife Johanna och her father Isak.,https://www.imdb.com/title/tt0038903/?ref_=sr_i_935
936. Messieurs Ludovic,1946,1h 45m,,5.5,29,,"Three men named Ludovic living in Paris were born on the same day, Ludovic Seguin (an engineer), Ludovic Lechartier (a rich financier) and Ludovic Mareuil (a tough guy on the wrong side of the law). Fresh from her mining village young Anne-Marie, will bring these three men together. First courted by the engineer, she lets herself be seduced by the outlaw who is soon put under arrest for car theft. She then allows her new employer, the financier, to woo her. But Anne-Marie's taste for luxury gradually wanes and when, just released from jail, the gangster meets her in the street, he realizes the young woman has changed. She confesses her true love for the engineer, the least showing off and the most sincere of the three Ludovics. Moved by the young woman's distress, the hood contacts the banker and both decide to join forces to find Ludovic Seguin ...",https://www.imdb.com/title/tt0218436/?ref_=sr_i_936
937. El diablo andaba en los choclos,1946,1h 31m,,7.2,14,,,https://www.imdb.com/title/tt0178375/?ref_=sr_i_937
"938. Ladrão, Precisa-se!...",1946,1h 38m,,6.6,19,,"João Lacerda does not like that his fiancee, Clara, sings in public.",https://www.imdb.com/title/tt0038679/?ref_=sr_i_938
939. Ostrov Bezymyannyy,1946,1h 11m,,5.4,27,,,https://www.imdb.com/title/tt0236558/?ref_=sr_i_939
"940. Albergo Luna, camera 34",1946,1h 25m,,5.3,27,,"A young music teacher, after her house is burned down by a raid, has to go to a refugee camp with her old and sick mother. She is forced to sell everything she owns, while she is looking for a job as a singer. One night, tired and frustrated, she meets a man who invites her out for a drink. She accepts the invitation, stunned by the bunch of banknotes in his wallet. The man takes her to his room at the hotel Luna and seduces her. Before leaving, she robs him of his money and then walks hastily home, but in the meantime her mother has died. She meets a young maestro, who wants her to sing his songs. She seems to begin a happy, though hard, life together with the young maestro who wishes to marry her. The wicked man suddenly reappears and menaces to reveal their old encounter and that she is a thief, but he is later killed. The unfortunate lady is suspected of the crime, but at the end she is cleared of it and she can happily marry her maestro.",https://www.imdb.com/title/tt0038293/?ref_=sr_i_940
941. Maharana Pratap,1946,,,7.8,13,,,https://www.imdb.com/title/tt0213834/?ref_=sr_i_941
942. Sinegoriya,1946,1h 28m,,5.7,25,,,https://www.imdb.com/title/tt0297395/?ref_=sr_i_942
943. När ängarna blommar,1946,1h 17m,,5.5,25,,"The farm workers at Näs Farm, lead by Hellman, go on strike, demanding that their employer recognize their labor union. But he calls on strike-breakers to perform the farm work. Hellman's son Gunnar is a hothead who easily gets in trouble.",https://www.imdb.com/title/tt0038792/?ref_=sr_i_943
944. The Mosquito Story,1946,46m,,7.7,12,,The story of the Mosquito fighter bomber used so successfully by the Allied forces in World War 2 and the De Havilland that made them.,https://www.imdb.com/title/tt1972795/?ref_=sr_i_944
945. Malacarne,1946,1h 45m,,6.9,16,,,https://www.imdb.com/title/tt0038719/?ref_=sr_i_945
946. L'insaisissable Frédéric,1946,1h 40m,,5.7,22,,"The ""elusive Frederic"",an imaginary thief, comes alive .",https://www.imdb.com/title/tt0037818/?ref_=sr_i_946
947. ¡Ya tengo a mi hijo!,1946,1h 45m,,6.5,14,,,https://www.imdb.com/title/tt0244314/?ref_=sr_i_947
948. Macbeth,1946,1h 53m,,6.9,14,,"Macbeth, the Thane of Glamis, receives a prophecy from a trio of witches that one day he will become King of Scotland. Consumed by ambition and spurred to action by his wife, Macbeth murders his king and takes the throne for himself.",https://www.imdb.com/title/tt0038712/?ref_=sr_i_948
949. Lavina,1946,1h 23m,,5.1,20,,,https://www.imdb.com/title/tt0302711/?ref_=sr_i_949
950. Il suffit d'une fois,1946,1h 40m,,5.5,18,,A man is jealous of another man ...who is actually a horse.,https://www.imdb.com/title/tt0170029/?ref_=sr_i_950
951. Un modelo de París,1946,1h 20m,,7.0,9,,A mud-stained straw hat causes a series of confusions involving an unfaithful woman and a man on their wedding day.,https://www.imdb.com/title/tt0180842/?ref_=sr_i_951
952. Kirkastuva sävel,1946,1h 44m,,3.9,50,,Musical about a machine shop worker who attempts a new career as a singer.,https://www.imdb.com/title/tt0133897/?ref_=sr_i_952
953. Rosa de América,1946,1h 45m,,6.6,12,,,https://www.imdb.com/title/tt0038872/?ref_=sr_i_953
954. Papoutsi apo ton topo sou,1946,1h 22m,,5.7,16,,"After the end of WWII, a beautiful woman falls for a British soldier who abandons her when she becomes pregnant. Now, she finds no meaning in life; but, a Greek lad comes to her rescue. Was she meant to find love in her neighbourhood?",https://www.imdb.com/title/tt0136452/?ref_=sr_i_954
955. La sua strada,1946,1h 23m,,6.7,11,,,https://www.imdb.com/title/tt0036396/?ref_=sr_i_955
"956. Canto, ma sottovoce...",1946,1h 25m,,6.0,11,,,https://www.imdb.com/title/tt0037574/?ref_=sr_i_956
957. Aquí está Juan Colorado,1946,1h 25m,,6.5,10,,"In the aftermath of a revolution, military forces face scattered rebel groups while soldiers navigate personal relationships and love interests amid the conflict.",https://www.imdb.com/title/tt0124283/?ref_=sr_i_957
958. Mugguru Maratilu,1946,1h 53m,Not Rated,6.3,10,,,https://www.imdb.com/title/tt0154910/?ref_=sr_i_958
959. Djurgårdskvällar,1946,1h 39m,,4.4,21,,An artist with drinking problems is depressed because his career didn't turn out so good. He puts his faith in his daughter to carry the artistic heritage further.,https://www.imdb.com/title/tt0039326/?ref_=sr_i_959
960. Amor de una vida,1946,1h 38m,,6.2,9,,"After the death of his father, a young military wants to sell his lands and properties, but the beautiful maid convince him to keep it and work the land.",https://www.imdb.com/title/tt0217995/?ref_=sr_i_960
961. No salgas esta noche,1946,,,6.4,9,,"A young man pretends to be sick to win over a beautiful doctor, but her niece falls in love with him.",https://www.imdb.com/title/tt0188950/?ref_=sr_i_961
962. Gringalet,1946,1h 45m,,5.4,13,,"A wealthy man has two sons,one of them is legitimate,the other is not.The first offspring has had a life of luxury and he has become a lazy good for nothing whereas the youthful indiscretion has turned into an artist.He is nicknamed ""Gringalet"" .Now his father wants him to meet his half-brother ,his mother-in-law and the rest of the family. Gringalet will turn this bourgeois family upside down:they become nice,the big brother becoming a perfect businessman who stops scouring nightclubs to spend most of his time with his fiancee Josette.There's the rub,cause Gringalet is also in love with her.",https://www.imdb.com/title/tt0192091/?ref_=sr_i_962
963. Madame et son flirt,1946,1h 44m,,5.1,12,,,https://www.imdb.com/title/tt0199738/?ref_=sr_i_963
964. Ogni giorno è domenica,1946,1h 12m,,5.6,12,,"An Italian soldier is wounded on the Greek front and has a leg amputated, but when he returns home his girlfriend still loves him.",https://www.imdb.com/title/tt0037144/?ref_=sr_i_964
965. Il marito povero,1946,,,5.0,12,,,https://www.imdb.com/title/tt0037900/?ref_=sr_i_965
966. Kétszer kettö,1946,1h 12m,,5.1,12,,,https://www.imdb.com/title/tt0036996/?ref_=sr_i_966
967. Il tiranno di Padova,1946,,,4.0,17,,,https://www.imdb.com/title/tt0039039/?ref_=sr_i_967
968. La maja de los cantares,1946,1h 15m,,4.5,17,,"Benito Perojo directed Imperio Argentina in ""Lo que fue de la Dolores"" and the one that concerns us, both of a folkloric nature. The film is an adaptation of the homonymous novel by Armando Palacio Valdés.",https://www.imdb.com/title/tt0038717/?ref_=sr_i_968
969. Le destin s'amuse,1946,1h 25m,,5.4,8,,,https://www.imdb.com/title/tt0238158/?ref_=sr_i_969
970. Yo fui una usurpadora,1946,1h 10m,,,,,,https://www.imdb.com/title/tt0218734/?ref_=sr_i_970
971. Geboortegrond,1946,1h 4m,,,,,"For most of his life, Jan Vermaas has laboured day and night on the farm of his insensitive, overbearing father. Finally standing up for himself, he moves to the city where his entire world changes.",https://www.imdb.com/title/tt2016904/?ref_=sr_i_971
972. Alaala kita,1946,,,,,,The Sweetest Romance Ever Told. A Song To Linger and a Story To Remember Thru the Years.,https://www.imdb.com/title/tt0777725/?ref_=sr_i_972
973. El castillo de Rochal,1946,1h 31m,,,,,,https://www.imdb.com/title/tt0038400/?ref_=sr_i_973
974. O Cavalo 13,1946,,,,,,"Romantic comedy about the horse races and Maria, who owns a horse which leaves in the 13rd position.",https://www.imdb.com/title/tt0180597/?ref_=sr_i_974
975. Así es Cataluña: La imperial Tarragona (segunda parte),1946,,,,,,,https://www.imdb.com/title/tt0040129/?ref_=sr_i_975
976. A Volta dos Pracinhas,1946,,,,,,,https://www.imdb.com/title/tt0260518/?ref_=sr_i_976
977. Amar es vivir,1946,1h 16m,,,,,,https://www.imdb.com/title/tt0217991/?ref_=sr_i_977
978. Il piccolo ribelle,1946,1h 32m,,,,,,https://www.imdb.com/title/tt0038843/?ref_=sr_i_978
979. Pinkie se Erfenis,1946,1h 21m,,,,,"The childlike Pinkie befriends blind, wheelchair-bound Naomi du Plessis. After receiving an unexpected inheritance that would pay to correct his misshapen leg, Pinkie unhesitatingly has Naomi's needs taken care of.",https://www.imdb.com/title/tt2015464/?ref_=sr_i_979
980. L'atleta di cristallo,1946,,,,,,,https://www.imdb.com/title/tt0038311/?ref_=sr_i_980
981. La mentira de la gloria,1946,1h 20m,,,,,"An amateur singer and his friend try to get a chance in Madrid, meeting only disappointments. He and his boarding house artists friends help a poor girl, who in turn will help them stage a show where they all will have their chance at last.",https://www.imdb.com/title/tt0038737/?ref_=sr_i_981
982. Shalimar,1946,,,,,,,https://www.imdb.com/title/tt0364657/?ref_=sr_i_982
983. Die Wildsboudjie,1946,1h 13m,,,,,"In order to prepare a meal for a visiting parishioner, one farmer shoots another farmer's buck. Hilarity ensues.",https://www.imdb.com/title/tt1450644/?ref_=sr_i_983
984. Awit ni palaris,1946,,,,,,,https://www.imdb.com/title/tt0764690/?ref_=sr_i_984
985. Omitsu no endan,1946,1h 2m,,,,,,https://www.imdb.com/title/tt3610308/?ref_=sr_i_985
986. Sangue a Ca' Foscari,1946,1h 33m,,,,,,https://www.imdb.com/title/tt0038906/?ref_=sr_i_986
987. Fra London til Lofoten,1946,48m,,,,,"The film shows Germany's invasion of Norway April 9th '40 and contains footage of the build-up of the Norwegian army. For the first time, you can see the commando raids against Vågsøy, Måløy and Lofoten with Kompani Linge in full activity.",https://www.imdb.com/title/tt0266552/?ref_=sr_i_987
988. Kahan Gaye,1946,,,,,,,https://www.imdb.com/title/tt12200154/?ref_=sr_i_988
989. Tomadachi Zona,1946,,,,,,,https://www.imdb.com/title/tt6224410/?ref_=sr_i_989
990. G.I. Fever,1946,,,,,,,https://www.imdb.com/title/tt1135027/?ref_=sr_i_990
991. Higan Chihayajô,1946,50m,,,,,,https://www.imdb.com/title/tt1240935/?ref_=sr_i_991
992. Thanasse et Casimir,1946,1h 54m,,,,,"Thanasse, the guard of a small Ardennes station, lives a (rather) peaceful life, with his wife Charlotte (who enjoys pestering him) and his daughter Lisa. Lisa is in love with a young electrician and everything would be fine if Badillon, a very rich but very thick farmer, did not become enamored with the guard's daughter. Flattered by the man's advantageous position, Thanasse takes it into his head to support this union, which leads to tumultuous consequences...",https://www.imdb.com/title/tt0257221/?ref_=sr_i_992
993. La noche y tú,1946,1h 25m,,,,,,https://www.imdb.com/title/tt0244104/?ref_=sr_i_993
994. Far Horizons,1946,1h 6m,,,,,,https://www.imdb.com/title/tt3777558/?ref_=sr_i_994
995. Ella,1946,,,,,,,https://www.imdb.com/title/tt0140017/?ref_=sr_i_995
996. Na izbore,1946,,,,,,,https://www.imdb.com/title/tt0267774/?ref_=sr_i_996
997. Room No. 9,1946,,,,,,,https://www.imdb.com/title/tt7027572/?ref_=sr_i_997
998. Albergue de mujeres,1946,1h 27m,,,,,Different stories that take place in a lodging for women.,https://www.imdb.com/title/tt0191772/?ref_=sr_i_998
999. Ttolttoriui Moheom,1946,,,,,,"One night, Ttol-ttol and Bok-nam, two classmates in elementary school, discover thieves ready to steal rice loads with their truck parked nearby. They hide in the rear side of the truck, and secretly stay in the thieves' cave.",https://www.imdb.com/title/tt23018760/?ref_=sr_i_999
1000. El hombre que se llevaron,1946,1h 16m,,,,,,https://www.imdb.com/title/tt0191184/?ref_=sr_i_1000
