link,title,status,attempt_count,last_error,last_attempted_at,completed_at,scrape_version
https://www.imdb.com/title/tt0066011/?ref_=sr_i_1,1. Love Story,completed,1,,2026-10-01T23:01:18+00:00,2026-10-01T23:01:34+00:00,2
https://www.imdb.com/title/tt0065377/?ref_=sr_i_2,2. Airport,completed,1,,2026-10-01T23:01:18+00:00,2026-10-01T23:01:44+00:00,2
https://www.imdb.com/title/tt0066026/?ref_=sr_i_3,3. M*A*S*H,completed,1,,2026-10-01T23:01:18+00:00,2026-10-01T23:01:52+00:00,2
https://www.imdb.com/title/tt0066206/?ref_=sr_i_4,4. Patton,completed,1,,2026-10-01T23:01:18+00:00,2026-10-01T23:02:01+00:00,2
https://www.imdb.com/title/tt0065421/?ref_=sr_i_5,5. The Aristocats,completed,1,,2026-10-01T23:01:18+00:00,2026-10-01T23:02:11+00:00,2
https://www.imdb.com/title/tt0065988/?ref_=sr_i_6,6. Little Big Man,completed,1,,2026-10-01T23:01:18+00:00,2026-10-01T23:02:19+00:00,2
https://www.imdb.com/title/tt0065916/?ref_=sr_i_7,7. Joe,completed,1,,2026-10-01T23:01:18+00:00,2026-10-01T23:02:27+00:00,2
https://www.imdb.com/title/tt0065462/?ref_=sr_i_8,8. Beneath the Planet of the Apes,completed,1,,2026-10-01T23:01:18+00:00,2026-10-01T23:02:36+00:00,2
https://www.imdb.com/title/tt0066181/?ref_=sr_i_9,9. On a Clear Day You Can See Forever,completed,1,,2026-10-01T23:01:18+00:00,2026-10-01T23:02:45+00:00,2
https://www.imdb.com/title/tt0065775/?ref_=sr_i_10,10. Getting Straight,completed,1,,2026-10-01T23:01:18+00:00,2026-10-01T23:02:54+00:00,2
https://www.imdb.com/title/tt0065938/?ref_=sr_i_11,11. Kelly's Heroes,completed,1,,2026-10-01T23:01:18+00:00,2026-10-01T23:03:03+00:00,2
https://www.imdb.com/title/tt0065134/?ref_=sr_i_12,12. Two Mules for Sister Sara,completed,1,,2026-10-01T23:01:18+00:00,2026-10-01T23:03:12+00:00,2
https://www.imdb.com/title/tt0065531/?ref_=sr_i_13,13. The Red Circle,completed,1,,2026-10-01T23:01:18+00:00,2026-10-01T23:03:20+00:00,2
https://www.imdb.com/title/tt0065571/?ref_=sr_i_14,14. The Conformist,completed,1,,2026-10-01T23:01:18+00:00,2026-10-01T23:03:30+00:00,2
https://www.imdb.com/title/tt0065417/?ref_=sr_i_15,15. Days and Nights in the Forest,completed,1,,2026-10-01T23:01:18+00:00,2026-10-01T23:03:38+00:00,2
https://www.imdb.com/title/tt0066580/?ref_=sr_i_16,16. Woodstock,completed,1,,2026-10-01T23:01:18+00:00,2026-10-01T23:03:47+00:00,2
https://www.imdb.com/title/tt0067866/?ref_=sr_i_17,17. El Topo,completed,1,,2026-10-01T23:01:18+00:00,2026-10-01T23:03:57+00:00,2
https://www.imdb.com/title/tt0064285/?ref_=sr_i_18,18. The Wild Child,completed,1,,2026-10-01T23:01:18+00:00,2026-10-01T23:04:05+00:00,2
https://www.imdb.com/title/tt0067961/?ref_=sr_i_19,19. Wanda,completed,1,,2026-10-01T23:01:18+00:00,2026-10-01T23:04:19+00:00,2
https://www.imdb.com/title/tt0067454/?ref_=sr_i_20,20. Multiple Maniacs,completed,1,,2026-10-01T23:01:18+00:00,2026-10-01T23:04:27+00:00,2
https://www.imdb.com/title/tt0066491/?ref_=sr_i_21,21. Tristana,completed,1,,2026-10-01T23:01:18+00:00,2026-10-01T23:04:35+00:00,2
https://www.imdb.com/title/tt0065391/?ref_=sr_i_22,22. The American Soldier,completed,1,,2026-10-01T23:01:18+00:00,2026-10-01T23:04:43+00:00,2
https://www.imdb.com/title/tt0065808/?ref_=sr_i_23,23. Gods of the Plague,completed,1,,2026-10-01T23:01:18+00:00,2026-10-01T23:04:52+00:00,2
https://www.imdb.com/title/tt0064165/?ref_=sr_i_24,24. The Things of Life,completed,1,,2026-10-01T23:01:18+00:00,2026-10-01T23:05:00+00:00,2
https://www.imdb.com/title/tt0065488/?ref_=sr_i_25,25. The Boys in the Band,completed,1,,2026-10-01T23:01:18+00:00,2026-10-01T23:05:08+00:00,2
https://www.imdb.com/title/tt0065651/?ref_=sr_i_26,26. Bed & Board,completed,1,,2026-10-01T23:01:18+00:00,2026-10-01T23:05:16+00:00,2
https://www.imdb.com/title/tt0066516/?ref_=sr_i_27,27. Valerie and Her Week of Wonders,completed,1,,2026-10-01T23:01:18+00:00,2026-10-01T23:05:25+00:00,2
https://www.imdb.com/title/tt0064177/?ref_=sr_i_28,28. Colossus: The Forbin Project,completed,1,,2026-10-01T23:01:18+00:00,2026-10-01T23:05:34+00:00,2
https://www.imdb.com/title/tt0065724/?ref_=sr_i_29,29. Five Easy Pieces,completed,1,,2026-10-01T23:01:18+00:00,2026-10-01T23:05:46+00:00,2
https://www.imdb.com/title/tt0066473/?ref_=sr_i_30,30. Tora! Tora! Tora!,completed,1,,2026-10-01T23:01:18+00:00,2026-10-01T23:05:54+00:00,2
https://www.imdb.com/title/tt0066549/?ref_=sr_i_31,31. Waterloo,completed,1,,2026-10-01T23:01:18+00:00,2026-10-01T23:06:03+00:00,2
https://www.imdb.com/title/tt0067355/?ref_=sr_i_32,32. They Call Me Trinity,completed,1,,2026-10-01T23:01:18+00:00,2026-10-01T23:06:12+00:00,2
https://www.imdb.com/title/tt0065528/?ref_=sr_i_33,33. Catch-22,completed,1,,2026-10-01T23:01:18+00:00,2026-10-01T23:06:21+00:00,2
https://www.imdb.com/title/tt0065143/?ref_=sr_i_34,34. The Bird with the Crystal Plumage,completed,1,,2026-10-01T23:01:18+00:00,2026-10-01T23:06:31+00:00,2
https://www.imdb.com/title/tt0065073/?ref_=sr_i_35,35. Taste the Blood of Dracula,completed,1,,2026-10-01T23:01:18+00:00,2026-10-01T23:06:40+00:00,2
https://www.imdb.com/title/tt0066319/?ref_=sr_i_36,36. Ryan's Daughter,completed,1,,2026-10-01T23:01:18+00:00,2026-10-01T23:06:48+00:00,2
https://www.imdb.com/title/tt0065466/?ref_=sr_i_37,37. Beyond the Valley of the Dolls,completed,1,,2026-10-01T23:01:18+00:00,2026-10-01T23:06:57+00:00,2
https://www.imdb.com/title/tt0066564/?ref_=sr_i_38,38. Which Way to the Front?,completed,1,,2026-10-01T23:01:18+00:00,2026-10-01T23:07:06+00:00,2
https://www.imdb.com/title/tt0065889/?ref_=sr_i_39,39. Investigation of a Citizen Above Suspicion,completed,1,,2026-10-01T23:01:18+00:00,2026-10-01T23:07:15+00:00,2
https://www.imdb.com/title/tt0066207/?ref_=sr_i_40,40. Donkey Skin,completed,1,,2026-10-01T23:01:18+00:00,2026-10-01T23:07:23+00:00,2
https://www.imdb.com/title/tt0065867/?ref_=sr_i_41,41. Husbands,completed,1,,2026-10-01T23:01:18+00:00,2026-10-01T23:07:32+00:00,2
https://www.imdb.com/title/tt0064494/?ref_=sr_i_42,42. Eugenie,completed,1,,2026-10-01T23:01:18+00:00,2026-10-01T23:07:40+00:00,2
https://www.imdb.com/title/tt0066122/?ref_=sr_i_43,43. Deep End,completed,1,,2026-10-01T23:01:18+00:00,2026-10-01T23:07:48+00:00,2
https://www.imdb.com/title/tt0066518/?ref_=sr_i_44,44. The Vampire Lovers,completed,1,,2026-10-01T23:01:18+00:00,2026-10-01T23:07:57+00:00,2
https://www.imdb.com/title/tt0065780/?ref_=sr_i_45,45. Gimme Shelter,completed,1,,2026-10-01T23:01:18+00:00,2026-10-01T23:08:06+00:00,2
https://www.imdb.com/title/tt0066214/?ref_=sr_i_46,46. Performance,completed,1,,2026-10-01T23:01:18+00:00,2026-10-01T23:08:14+00:00,2
https://www.imdb.com/title/tt0065446/?ref_=sr_i_47,47. The Ballad of Cable Hogue,completed,1,,2026-10-01T23:01:18+00:00,2026-10-01T23:08:23+00:00,2
https://www.imdb.com/title/tt0064839/?ref_=sr_i_48,48. Crime and Punishment,completed,1,,2026-10-01T23:01:18+00:00,2026-10-01T23:08:32+00:00,2
https://www.imdb.com/title/tt0064106/?ref_=sr_i_49,49. The Butcher,completed,1,,2026-10-01T23:01:18+00:00,2026-10-01T23:08:40+00:00,2
https://www.imdb.com/title/tt0065398/?ref_=sr_i_50,50. And Soon the Darkness,completed,1,,2026-10-01T23:01:18+00:00,2026-10-01T23:08:49+00:00,2
https://www.imdb.com/title/tt0065772/?ref_=sr_i_51,51. Claire's Knee,completed,1,,2026-10-01T23:01:18+00:00,2026-10-01T23:08:58+00:00,2
https://www.imdb.com/title/tt0066301/?ref_=sr_i_52,52. Rio Lobo,completed,1,,2026-10-01T23:01:18+00:00,2026-10-01T23:09:05+00:00,2
https://www.imdb.com/title/tt0064437/?ref_=sr_i_53,53. The Honeymoon Killers,completed,1,,2026-10-01T23:01:18+00:00,2026-10-01T23:09:13+00:00,2
https://www.imdb.com/title/tt0066390/?ref_=sr_i_54,54. Soldier Blue,completed,1,,2026-10-01T23:01:18+00:00,2026-10-01T23:09:22+00:00,2
https://www.imdb.com/title/tt0065593/?ref_=sr_i_55,55. Cromwell,completed,1,,2026-10-01T23:01:18+00:00,2026-10-01T23:09:32+00:00,2
https://www.imdb.com/title/tt0066049/?ref_=sr_i_56,56. A Man Called Horse,completed,1,,2026-10-01T23:01:18+00:00,2026-10-01T23:09:41+00:00,2
https://www.imdb.com/title/tt0065836/?ref_=sr_i_57,"57. Hi, Mom!",completed,1,,2026-10-01T23:01:18+00:00,2026-10-01T23:09:49+00:00,2
https://www.imdb.com/title/tt0066495/?ref_=sr_i_58,58. The Twelve Chairs,completed,1,,2026-10-01T23:01:18+00:00,2026-10-01T23:09:57+00:00,2
https://www.imdb.com/title/tt0064546/?ref_=sr_i_59,59. Witchhammer,completed,1,,2026-10-01T23:01:18+00:00,2026-10-01T23:10:06+00:00,2
https://www.imdb.com/title/tt0065481/?ref_=sr_i_60,60. Bloody Mama,completed,1,,2026-10-01T23:01:18+00:00,2026-10-01T23:10:15+00:00,2
https://www.imdb.com/title/tt0066612/?ref_=sr_i_61,61. Compañeros,completed,1,,2026-10-01T23:01:18+00:00,2026-10-01T23:10:23+00:00,2
https://www.imdb.com/title/tt0065547/?ref_=sr_i_62,62. Chisum,completed,1,,2026-10-01T23:01:18+00:00,2026-10-01T23:10:32+00:00,2
https://www.imdb.com/title/tt0066601/?ref_=sr_i_63,63. Zabriskie Point,completed,1,,2026-10-01T23:01:18+00:00,2026-10-01T23:10:40+00:00,2
https://www.imdb.com/title/tt0067713/?ref_=sr_i_64,64. Scars of Dracula,completed,1,,2026-10-01T23:01:18+00:00,2026-10-01T23:10:49+00:00,2
https://www.imdb.com/title/tt0065832/?ref_=sr_i_65,65. Hercules in New York,completed,1,,2026-10-01T23:01:18+00:00,2026-10-01T23:10:57+00:00,2
https://www.imdb.com/title/tt0065848/?ref_=sr_i_66,66. The One Man Band,completed,1,,2026-10-01T23:01:18+00:00,2026-10-01T23:11:06+00:00,2
https://www.imdb.com/title/tt0065542/?ref_=sr_i_67,67. The Cheyenne Social Club,completed,1,,2026-10-01T23:01:18+00:00,2026-10-01T23:11:15+00:00,2
https://www.imdb.com/title/tt0066344/?ref_=sr_i_68,68. Scrooge,completed,1,,2026-10-01T23:01:18+00:00,2026-10-01T23:11:24+00:00,2
https://www.imdb.com/title/tt0066193/?ref_=sr_i_69,69. The Out of Towners,completed,1,,2026-10-01T23:01:18+00:00,2026-10-01T23:11:32+00:00,2
https://www.imdb.com/title/tt0064949/?ref_=sr_i_70,70. Scream and Scream Again,completed,1,,2026-10-01T23:01:18+00:00,2026-10-01T23:11:41+00:00,2
https://www.imdb.com/title/tt0154330/?ref_=sr_i_71,71. Cindy and Donna,completed,1,,2026-10-01T23:01:18+00:00,2026-10-01T23:11:49+00:00,2
https://www.imdb.com/title/tt0065777/?ref_=sr_i_72,72. The Garden of the Finzi-Continis,completed,1,,2026-10-01T23:01:18+00:00,2026-10-01T23:12:00+00:00,2
https://www.imdb.com/title/tt0065656/?ref_=sr_i_73,73. Dorian Gray,completed,1,,2026-10-01T23:01:18+00:00,2026-10-01T23:12:08+00:00,2
https://www.imdb.com/title/tt0065579/?ref_=sr_i_74,74. Cotton Comes to Harlem,completed,1,,2026-10-01T23:01:18+00:00,2026-10-01T23:12:16+00:00,2
https://www.imdb.com/title/tt0065439/?ref_=sr_i_75,75. The Confession,completed,1,,2026-10-01T23:01:18+00:00,2026-10-01T23:12:24+00:00,2
https://www.imdb.com/title/tt0065737/?ref_=sr_i_76,76. Fragment of Fear,completed,1,,2026-10-01T23:01:18+00:00,2026-10-01T23:12:33+00:00,2
https://www.imdb.com/title/tt0065436/?ref_=sr_i_77,77. Even Dwarfs Started Small,completed,1,,2026-10-01T23:01:18+00:00,2026-10-01T23:12:42+00:00,2
https://www.imdb.com/title/tt0066268/?ref_=sr_i_78,78. When Women Had Tails,completed,1,,2026-10-01T23:01:18+00:00,2026-10-01T23:12:51+00:00,2
https://www.imdb.com/title/tt0065994/?ref_=sr_i_79,79. Lokis. Rekopis profesora Wittembacha,completed,1,,2026-10-01T23:01:18+00:00,2026-10-01T23:12:59+00:00,2
https://www.imdb.com/title/tt0062285/?ref_=sr_i_80,"80. Oh, Sun",completed,1,,2026-10-01T23:01:18+00:00,2026-10-01T23:13:08+00:00,2
https://www.imdb.com/title/tt0065491/?ref_=sr_i_81,81. Mark of the Devil,completed,1,,2026-10-01T23:01:18+00:00,2026-10-01T23:13:17+00:00,2
https://www.imdb.com/title/tt0066154/?ref_=sr_i_82,82. No Blade of Grass,completed,1,,2026-10-01T23:01:18+00:00,2026-10-01T23:13:26+00:00,2
https://www.imdb.com/title/tt0065955/?ref_=sr_i_83,83. A Love Story,completed,1,,2026-10-01T23:01:18+00:00,2026-10-01T23:13:36+00:00,2
https://www.imdb.com/title/tt0065597/?ref_=sr_i_84,84. Cry of the Banshee,completed,1,,2026-10-01T23:01:18+00:00,2026-10-01T23:13:44+00:00,2
https://www.imdb.com/title/tt0065782/?ref_=sr_i_85,85. Sunflower,completed,1,,2026-10-01T23:01:18+00:00,2026-10-01T23:13:53+00:00,2
https://www.imdb.com/title/tt0066450/?ref_=sr_i_86,86. They Call Me Mister Tibbs!,completed,1,,2026-10-01T23:01:18+00:00,2026-10-01T23:14:03+00:00,2
https://www.imdb.com/title/tt0065588/?ref_=sr_i_87,87. Cleopatra,completed,1,,2026-10-01T23:01:18+00:00,2026-10-01T23:14:11+00:00,2
https://www.imdb.com/title/tt0066471/?ref_=sr_i_88,88. Too Late the Hero,completed,1,,2026-10-01T23:01:18+00:00,2026-10-01T23:14:20+00:00,2
https://www.imdb.com/title/tt8992564/?ref_=sr_i_89,89. Sex Animal,completed,1,,2026-10-01T23:01:18+00:00,2026-10-01T23:14:28+00:00,2
https://www.imdb.com/title/tt0065486/?ref_=sr_i_90,90. Borsalino,completed,1,,2026-10-01T23:01:18+00:00,2026-10-01T23:14:37+00:00,2
https://www.imdb.com/title/tt0065874/?ref_=sr_i_91,91. I Walk the Line,completed,1,,2026-10-01T23:01:18+00:00,2026-10-01T23:14:45+00:00,2
https://www.imdb.com/title/tt0065553/?ref_=sr_i_92,92. Five Dolls for an August Moon,completed,1,,2026-10-01T23:01:18+00:00,2026-10-01T23:14:54+00:00,2
https://www.imdb.com/title/tt0066090/?ref_=sr_i_93,93. The Molly Maguires,completed,1,,2026-10-01T23:01:18+00:00,2026-10-01T23:15:02+00:00,2
https://www.imdb.com/title/tt0066492/?ref_=sr_i_94,94. Trog,completed,1,,2026-10-01T23:01:18+00:00,2026-10-01T23:15:10+00:00,2
https://www.imdb.com/title/tt0066053/?ref_=sr_i_95,95. The Man Who Haunted Himself,completed,1,,2026-10-01T23:01:18+00:00,2026-10-01T23:15:20+00:00,2
https://www.imdb.com/title/tt0065702/?ref_=sr_i_96,96. Chariots of the Gods,completed,1,,2026-10-01T23:01:18+00:00,2026-10-01T23:15:28+00:00,2
https://www.imdb.com/title/tt0065950/?ref_=sr_i_97,97. The Kremlin Letter,completed,1,,2026-10-01T23:01:18+00:00,2026-10-01T23:15:36+00:00,2
https://www.imdb.com/title/tt0065482/?ref_=sr_i_98,98. The Boatniks,completed,1,,2026-10-01T23:01:18+00:00,2026-10-01T23:15:45+00:00,2
https://www.imdb.com/title/tt0065769/?ref_=sr_i_99,99. The Gendarme Takes Off,completed,1,,2026-10-01T23:01:18+00:00,2026-10-01T23:15:55+00:00,2
https://www.imdb.com/title/tt0064273/?ref_=sr_i_100,100. And God Said to Cain...,completed,1,,2026-10-01T23:01:18+00:00,2026-10-01T23:16:03+00:00,2
https://www.imdb.com/title/tt0067822/?ref_=sr_i_101,101. Tam Lin,completed,1,,2026-10-01T23:01:18+00:00,2026-10-01T23:16:12+00:00,2
https://www.imdb.com/title/tt0066413/?ref_=sr_i_102,102. The Spider's Stratagem,completed,1,,2026-10-01T23:01:18+00:00,2026-10-01T23:16:21+00:00,2
https://www.imdb.com/title/tt0067681/?ref_=sr_i_103,103. The Road to Salina,completed,1,,2026-10-01T23:01:18+00:00,2026-10-01T23:16:30+00:00,2
https://www.imdb.com/title/tt0154685/?ref_=sr_i_104,104. Johny Mera Naam,completed,1,,2026-10-01T23:01:18+00:00,2026-10-01T23:16:39+00:00,2
https://www.imdb.com/title/tt0064902/?ref_=sr_i_105,105. The Blood Rose,completed,1,,2026-10-01T23:01:18+00:00,2026-10-01T23:16:48+00:00,2
https://www.imdb.com/title/tt0065908/?ref_=sr_i_106,106. How I Unleashed World War II,completed,1,,2026-10-01T23:01:18+00:00,2026-10-01T23:16:58+00:00,2
https://www.imdb.com/title/tt0065970/?ref_=sr_i_107,107. The Lawyer,completed,1,,2026-10-01T23:01:18+00:00,2026-10-01T23:17:06+00:00,2
https://www.imdb.com/title/tt0066502/?ref_=sr_i_108,108. The Cop,completed,1,,2026-10-01T23:01:18+00:00,2026-10-01T23:17:15+00:00,2
https://www.imdb.com/title/tt0066559/?ref_=sr_i_109,109. What Do You Say to a Naked Lady?,completed,1,,2026-10-01T23:01:18+00:00,2026-10-01T23:17:23+00:00,2
https://www.imdb.com/title/tt0064806/?ref_=sr_i_110,110. The Phantom Tollbooth,completed,1,,2026-10-01T23:01:18+00:00,2026-10-01T23:17:33+00:00,2
https://www.imdb.com/title/tt0071531/?ref_=sr_i_111,"111. Gabriella, Gabriella",completed,1,,2026-10-01T23:01:18+00:00,2026-10-01T23:17:41+00:00,2
https://www.imdb.com/title/tt0065904/?ref_=sr_i_112,112. The Party at Kitty and Stud's,completed,1,,2026-10-01T23:01:18+00:00,2026-10-01T23:17:49+00:00,2
https://www.imdb.com/title/tt0065669/?ref_=sr_i_113,113. The Dunwich Horror,completed,1,,2026-10-01T23:01:18+00:00,2026-10-01T23:17:57+00:00,2
https://www.imdb.com/title/tt0200936/?ref_=sr_i_114,"114. Your Child, That Unknown Creature",completed,1,,2026-10-01T23:01:18+00:00,2026-10-01T23:18:04+00:00,2
https://www.imdb.com/title/tt0065911/?ref_=sr_i_115,115. Jane Eyre,completed,1,,2026-10-01T23:01:18+00:00,2026-10-01T23:18:13+00:00,2
https://www.imdb.com/title/tt0065168/?ref_=sr_i_116,116. The Nude Vampire,completed,1,,2026-10-01T23:01:18+00:00,2026-10-01T23:18:22+00:00,2
https://www.imdb.com/title/tt0064791/?ref_=sr_i_117,117. Rider on the Rain,completed,1,,2026-10-01T23:01:18+00:00,2026-10-01T23:18:31+00:00,2
https://www.imdb.com/title/tt0065905/?ref_=sr_i_118,118. Scream of the Demon Lover,completed,1,,2026-10-01T23:01:18+00:00,2026-10-01T23:18:38+00:00,2
https://www.imdb.com/title/tt0066341/?ref_=sr_i_119,119. The School Girls,completed,1,,2026-10-01T23:01:18+00:00,2026-10-01T23:18:47+00:00,2
https://www.imdb.com/title/tt0066279/?ref_=sr_i_120,120. The Railway Children,completed,1,,2026-10-01T23:01:18+00:00,2026-10-01T23:18:55+00:00,2
https://www.imdb.com/title/tt0066561/?ref_=sr_i_121,121. When Dinosaurs Ruled the Earth,completed,1,,2026-10-01T23:01:18+00:00,2026-10-01T23:19:04+00:00,2
https://www.imdb.com/title/tt0232114/?ref_=sr_i_122,122. The Most Beautiful Wife,completed,1,,2026-10-01T23:01:18+00:00,2026-10-01T23:19:13+00:00,2
https://www.imdb.com/title/tt0066249/?ref_=sr_i_123,123. The Private Life of Sherlock Holmes,completed,1,,2026-10-01T23:01:18+00:00,2026-10-01T23:19:21+00:00,2
https://www.imdb.com/title/tt0066070/?ref_=sr_i_124,124. My Name Is Joker,completed,1,,2026-10-01T23:01:18+00:00,2026-10-01T23:19:30+00:00,2
https://www.imdb.com/title/tt0065569/?ref_=sr_i_125,125. Count Dracula,completed,1,,2026-10-01T23:01:18+00:00,2026-10-01T23:19:39+00:00,2
https://www.imdb.com/title/tt0066115/?ref_=sr_i_126,126. Myra Breckinridge,completed,1,,2026-10-01T23:01:18+00:00,2026-10-01T23:19:48+00:00,2
https://www.imdb.com/title/tt0066113/?ref_=sr_i_127,"127. My Lover, My Son",completed,1,,2026-10-01T23:01:18+00:00,2026-10-01T23:19:56+00:00,2
https://www.imdb.com/title/tt0066585/?ref_=sr_i_128,128. Wuthering Heights,completed,1,,2026-10-01T23:01:18+00:00,2026-10-01T23:20:06+00:00,2
https://www.imdb.com/title/tt0065856/?ref_=sr_i_129,129. House of Dark Shadows,completed,1,,2026-10-01T23:01:18+00:00,2026-10-01T23:20:15+00:00,2
https://www.imdb.com/title/tt0066064/?ref_=sr_i_130,130. The McKenzie Break,completed,1,,2026-10-01T23:01:18+00:00,2026-10-01T23:20:24+00:00,2
https://www.imdb.com/title/tt0066970/?ref_=sr_i_131,131. Cold Sweat,completed,1,,2026-10-01T23:01:18+00:00,2026-10-01T23:20:32+00:00,2
https://www.imdb.com/title/tt0065555/?ref_=sr_i_132,132. Violent City,completed,1,,2026-10-01T23:01:18+00:00,2026-10-01T23:20:41+00:00,2
https://www.imdb.com/title/tt0066418/?ref_=sr_i_133,133. The Student Nurses,completed,1,,2026-10-01T23:01:18+00:00,2026-10-01T23:20:49+00:00,2
https://www.imdb.com/title/tt0065677/?ref_=sr_i_134,134. The Forbidden Photos of a Lady Above Suspicion,completed,1,,2026-10-01T23:01:18+00:00,2026-10-01T23:20:57+00:00,2
https://www.imdb.com/title/tt0066407/?ref_=sr_i_135,135. Quiet Days in Clichy,completed,1,,2026-10-01T23:01:18+00:00,2026-10-01T23:21:06+00:00,2
https://www.imdb.com/title/tt0065981/?ref_=sr_i_136,136. The Lickerish Quartet,completed,1,,2026-10-01T23:01:18+00:00,2026-10-01T23:21:13+00:00,2
https://www.imdb.com/title/tt0065662/?ref_=sr_i_137,137. The Pizza Triangle,completed,1,,2026-10-01T23:01:18+00:00,2026-10-01T23:21:23+00:00,2
https://www.imdb.com/title/tt0066364/?ref_=sr_i_138,138. Shango,completed,1,,2026-10-01T23:01:18+00:00,2026-10-01T23:21:31+00:00,2
https://www.imdb.com/title/tt0066980/?ref_=sr_i_139,139. Queens of Evil,completed,1,,2026-10-01T23:01:18+00:00,2026-10-01T23:21:39+00:00,2
https://www.imdb.com/title/tt0066093/?ref_=sr_i_140,140. Monte Walsh,completed,1,,2026-10-01T23:01:18+00:00,2026-10-01T23:21:48+00:00,2
https://www.imdb.com/title/tt0062847/?ref_=sr_i_141,"141. Daddy, Darling",completed,1,,2026-10-01T23:01:18+00:00,2026-10-01T23:21:57+00:00,2
https://www.imdb.com/title/tt0066469/?ref_=sr_i_142,142. Toomorrow,completed,1,,2026-10-01T23:01:18+00:00,2026-10-01T23:22:05+00:00,2
https://www.imdb.com/title/tt0065963/?ref_=sr_i_143,143. The Landlord,completed,1,,2026-10-01T23:01:18+00:00,2026-10-01T23:22:14+00:00,2
https://www.imdb.com/title/tt0066448/?ref_=sr_i_144,144. There Was a Crooked Man...,completed,1,,2026-10-01T23:01:18+00:00,2026-10-01T23:22:22+00:00,2
https://www.imdb.com/title/tt0067476/?ref_=sr_i_145,145. The Naked Zoo,completed,1,,2026-10-01T23:01:18+00:00,2026-10-01T23:22:30+00:00,2
https://www.imdb.com/title/tt0065492/?ref_=sr_i_146,146. Brewster McCloud,completed,1,,2026-10-01T23:01:18+00:00,2026-10-01T23:22:39+00:00,2
https://www.imdb.com/title/tt0065851/?ref_=sr_i_147,147. The Horror of Frankenstein,completed,1,,2026-10-01T23:01:18+00:00,2026-10-01T23:22:48+00:00,2
https://www.imdb.com/title/tt0065920/?ref_=sr_i_148,148. The Joys of Jezebel,completed,1,,2026-10-01T23:01:18+00:00,2026-10-01T23:22:56+00:00,2
https://www.imdb.com/title/tt0066563/?ref_=sr_i_149,149. Where's Poppa?,completed,1,,2026-10-01T23:01:18+00:00,2026-10-01T23:23:04+00:00,2
https://www.imdb.com/title/tt0066379/?ref_=sr_i_150,150. Signals: A Space Adventure,completed,1,,2026-10-01T23:01:18+00:00,2026-10-01T23:23:14+00:00,2
https://www.imdb.com/title/tt0066349/?ref_=sr_i_151,151. Tales of the Bizarre,completed,1,,2026-10-01T23:01:18+00:00,2026-10-01T23:23:21+00:00,2
https://www.imdb.com/title/tt0065636/?ref_=sr_i_152,152. Diary of a Mad Housewife,completed,1,,2026-10-01T23:01:18+00:00,2026-10-01T23:23:30+00:00,2
https://www.imdb.com/title/tt0066593/?ref_=sr_i_153,153. You Can't Win 'Em All,completed,1,,2026-10-01T23:01:18+00:00,2026-10-01T23:23:39+00:00,2
https://www.imdb.com/title/tt0064727/?ref_=sr_i_154,154. Night of the Blood Monster,completed,1,,2026-10-01T23:01:18+00:00,2026-10-01T23:23:52+00:00,2
https://www.imdb.com/title/tt0065989/?ref_=sr_i_155,155. Little Fauss and Big Halsy,completed,1,,2026-10-01T23:01:18+00:00,2026-10-01T23:24:00+00:00,2
https://www.imdb.com/title/tt0065374/?ref_=sr_i_156,156. The Adventurers,completed,1,,2026-10-01T23:01:18+00:00,2026-10-01T23:24:10+00:00,2
https://www.imdb.com/title/tt0066550/?ref_=sr_i_157,157. Watermelon Man,completed,1,,2026-10-01T23:01:18+00:00,2026-10-01T23:24:19+00:00,2
https://www.imdb.com/title/tt0065649/?ref_=sr_i_158,158. Dodes'ka-den,completed,1,,2026-10-01T23:01:18+00:00,2026-10-01T23:24:27+00:00,2
https://www.imdb.com/title/tt0065922/?ref_=sr_i_159,159. Julius Caesar,completed,1,,2026-10-01T23:01:18+00:00,2026-10-01T23:24:36+00:00,2
https://www.imdb.com/title/tt0065795/?ref_=sr_i_160,160. The Grasshopper,completed,1,,2026-10-01T23:01:18+00:00,2026-10-01T23:24:44+00:00,2
https://www.imdb.com/title/tt0066402/?ref_=sr_i_161,161. Start the Revolution Without Me,completed,1,,2026-10-01T23:01:18+00:00,2026-10-01T23:24:52+00:00,2
https://www.imdb.com/title/tt0199369/?ref_=sr_i_162,162. The Body,completed,1,,2026-10-01T23:01:18+00:00,2026-10-01T23:25:01+00:00,2
https://www.imdb.com/title/tt0065591/?ref_=sr_i_163,163. Crimes of the Future,completed,1,,2026-10-01T23:01:18+00:00,2026-10-01T23:25:09+00:00,2
https://www.imdb.com/title/tt0066164/?ref_=sr_i_164,164. The Novices,completed,1,,2026-10-01T23:01:18+00:00,2026-10-01T23:25:17+00:00,2
https://www.imdb.com/title/tt0065966/?ref_=sr_i_165,165. The Last Escape,completed,1,,2026-10-01T23:01:18+00:00,2026-10-01T23:25:26+00:00,2
https://www.imdb.com/title/tt0065918/?ref_=sr_i_166,166. Josefine M.,completed,1,,2026-10-01T23:01:18+00:00,2026-10-01T23:25:35+00:00,2
https://www.imdb.com/title/tt0066952/?ref_=sr_i_167,"167. Count Yorga, Vampire",completed,1,,2026-10-01T23:01:18+00:00,2026-10-01T23:25:43+00:00,2
https://www.imdb.com/title/tt0066401/?ref_=sr_i_168,168. Spring and Port Wine,completed,1,,2026-10-01T23:01:18+00:00,2026-10-01T23:25:51+00:00,2
https://www.imdb.com/title/tt0066195/?ref_=sr_i_169,169. The Owl and the Pussycat,completed,1,,2026-10-01T23:01:18+00:00,2026-10-01T23:26:00+00:00,2
https://www.imdb.com/title/tt0066227/?ref_=sr_i_170,170. Pippi in the South Seas,completed,1,,2026-10-01T23:01:18+00:00,2026-10-01T23:26:08+00:00,2
https://www.imdb.com/title/tt0065954/?ref_=sr_i_171,171. The Lustful Vicar,completed,1,,2026-10-01T23:01:18+00:00,2026-10-01T23:26:16+00:00,2
https://www.imdb.com/title/tt0065976/?ref_=sr_i_172,172. Let It Be,completed,1,,2026-10-01T23:01:18+00:00,2026-10-01T23:26:24+00:00,2
https://www.imdb.com/title/tt0065611/?ref_=sr_i_173,173. Darling Lili,completed,1,,2026-10-01T23:01:18+00:00,2026-10-01T23:26:34+00:00,2
https://www.imdb.com/title/tt0067055/?ref_=sr_i_174,174. Equinox,completed,1,,2026-10-01T23:01:18+00:00,2026-10-01T23:26:42+00:00,2
https://www.imdb.com/title/tt0326088/?ref_=sr_i_175,175. Roxanna,completed,1,,2026-10-01T23:01:18+00:00,2026-10-01T23:26:49+00:00,2
https://www.imdb.com/title/tt0066449/?ref_=sr_i_176,176. There's a Girl in My Soup,completed,1,,2026-10-01T23:01:18+00:00,2026-10-01T23:26:58+00:00,2
https://www.imdb.com/title/tt0065480/?ref_=sr_i_177,177. Bloodthirsty Butchers,completed,1,,2026-10-01T23:01:18+00:00,2026-10-01T23:27:08+00:00,2
https://www.imdb.com/title/tt0066016/?ref_=sr_i_178,178. Lovers and Other Strangers,completed,1,,2026-10-01T23:01:18+00:00,2026-10-01T23:27:17+00:00,2
https://www.imdb.com/title/tt0065575/?ref_=sr_i_179,179. The Dirtiest Girl I Ever Met,completed,1,,2026-10-01T23:01:18+00:00,2026-10-01T23:27:25+00:00,2
https://www.imdb.com/title/tt0163314/?ref_=sr_i_180,"180. Don't Cry, Pretty Girls!",completed,1,,2026-10-01T23:01:18+00:00,2026-10-01T23:27:35+00:00,2
https://www.imdb.com/title/tt0064598/?ref_=sr_i_181,181. London Affair,completed,1,,2026-10-01T23:01:18+00:00,2026-10-01T23:27:43+00:00,2
https://www.imdb.com/title/tt0068428/?ref_=sr_i_182,182. The Cross and the Switchblade,completed,1,,2026-10-01T23:01:18+00:00,2026-10-01T23:27:52+00:00,2
https://www.imdb.com/title/tt0066274/?ref_=sr_i_183,"183. Rabbit, Run",completed,1,,2026-10-01T23:01:18+00:00,2026-10-01T23:28:00+00:00,2
https://www.imdb.com/title/tt0065451/?ref_=sr_i_184,184. Barquero,completed,1,,2026-10-01T23:01:18+00:00,2026-10-01T23:28:09+00:00,2
https://www.imdb.com/title/tt0064904/?ref_=sr_i_185,185. Hatchet for the Honeymoon,completed,1,,2026-10-01T23:01:18+00:00,2026-10-01T23:28:18+00:00,2
https://www.imdb.com/title/tt0065525/?ref_=sr_i_186,186. Carry on Up the Jungle,completed,1,,2026-10-01T23:01:18+00:00,2026-10-01T23:28:26+00:00,2
https://www.imdb.com/title/tt0065524/?ref_=sr_i_187,187. Carry on Loving,completed,1,,2026-10-01T23:01:18+00:00,2026-10-01T23:28:35+00:00,2
https://www.imdb.com/title/tt0066001/?ref_=sr_i_188,188. The Looking Glass War,completed,1,,2026-10-01T23:01:18+00:00,2026-10-01T23:28:44+00:00,2
https://www.imdb.com/title/tt0066320/?ref_=sr_i_189,189. Dog Days,completed,1,,2026-10-01T23:01:18+00:00,2026-10-01T23:28:53+00:00,2
https://www.imdb.com/title/tt0067040/?ref_=sr_i_190,190. Eden and After,completed,1,,2026-10-01T23:01:18+00:00,2026-10-01T23:29:02+00:00,2
https://www.imdb.com/title/tt0063751/?ref_=sr_i_191,191. The Howl,completed,1,,2026-10-01T23:01:18+00:00,2026-10-01T23:29:10+00:00,2
https://www.imdb.com/title/tt1553387/?ref_=sr_i_192,192. The Pimp Primer,completed,1,,2026-10-01T23:01:18+00:00,2026-10-01T23:29:18+00:00,2
https://www.imdb.com/title/tt0064462/?ref_=sr_i_193,193. I Start Counting,completed,1,,2026-10-01T23:01:18+00:00,2026-10-01T23:29:28+00:00,2
https://www.imdb.com/title/tt0065979/?ref_=sr_i_194,194. The Liberation of L.B. Jones,completed,1,,2026-10-01T23:01:18+00:00,2026-10-01T23:29:38+00:00,2
https://www.imdb.com/title/tt0065620/?ref_=sr_i_195,195. Deadlock,completed,1,,2026-10-01T23:01:18+00:00,2026-10-01T23:29:46+00:00,2
https://www.imdb.com/title/tt0066260/?ref_=sr_i_196,"196. Pussycat, Pussycat, I Love You",completed,1,,2026-10-01T23:01:18+00:00,2026-10-01T23:29:54+00:00,2
https://www.imdb.com/title/tt0169806/?ref_=sr_i_197,197. Dropout,completed,1,,2026-10-01T23:01:18+00:00,2026-10-01T23:30:02+00:00,2
https://www.imdb.com/title/tt0064704/?ref_=sr_i_198,198. Girly,completed,1,,2026-10-01T23:01:18+00:00,2026-10-01T23:30:11+00:00,2
https://www.imdb.com/title/tt0065872/?ref_=sr_i_199,199. I Never Sang for My Father,completed,1,,2026-10-01T23:01:18+00:00,2026-10-01T23:30:19+00:00,2
https://www.imdb.com/title/tt0065797/?ref_=sr_i_200,200. The Great White Hope,completed,1,,2026-10-01T23:01:18+00:00,2026-10-01T23:30:28+00:00,2
https://www.imdb.com/title/tt0064787/?ref_=sr_i_201,201. A Quiet Place to Kill,completed,1,,2026-10-01T23:01:18+00:00,2026-10-01T23:30:38+00:00,2
https://www.imdb.com/title/tt0066774/?ref_=sr_i_202,202. Ann and Eve,completed,1,,2026-10-01T23:01:18+00:00,2026-10-01T23:30:46+00:00,2
https://www.imdb.com/title/tt0066212/?ref_=sr_i_203,203. Perfect Friday,completed,1,,2026-10-01T23:01:18+00:00,2026-10-01T23:30:56+00:00,2
https://www.imdb.com/title/tt0136166/?ref_=sr_i_204,204. The Naked Wytche,completed,1,,2026-10-01T23:01:18+00:00,2026-10-01T23:31:04+00:00,2
https://www.imdb.com/title/tt0065760/?ref_=sr_i_205,205. Gas! -Or- It Became Necessary to Destroy the World in Order to Save It.,completed,1,,2026-10-01T23:01:18+00:00,2026-10-01T23:31:13+00:00,2
https://www.imdb.com/title/tt0066392/?ref_=sr_i_206,206. Something for Everyone,completed,1,,2026-10-01T23:01:18+00:00,2026-10-01T23:31:22+00:00,2
https://www.imdb.com/title/tt0189634/?ref_=sr_i_207,207. Africa Erotica: A Happening in Africa,completed,1,,2026-10-01T23:01:18+00:00,2026-10-01T23:31:29+00:00,2
https://www.imdb.com/title/tt0066256/?ref_=sr_i_208,208. Pufnstuf,completed,1,,2026-10-01T23:01:18+00:00,2026-10-01T23:31:39+00:00,2
https://www.imdb.com/title/tt0128367/?ref_=sr_i_209,209. Nudity,completed,1,,2026-10-01T23:01:18+00:00,2026-10-01T23:31:47+00:00,2
https://www.imdb.com/title/tt0065511/?ref_=sr_i_210,210. C.C. & Company,completed,1,,2026-10-01T23:01:18+00:00,2026-10-01T23:31:57+00:00,2
https://www.imdb.com/title/tt0064687/?ref_=sr_i_211,211. Assignment Terror,completed,1,,2026-10-01T23:01:18+00:00,2026-10-01T23:32:05+00:00,2
https://www.imdb.com/title/tt0065210/?ref_=sr_i_212,212. Whirlpool,completed,1,,2026-10-01T23:01:18+00:00,2026-10-01T23:32:14+00:00,2
https://www.imdb.com/title/tt0066578/?ref_=sr_i_213,213. The Wizard of Gore,completed,1,,2026-10-01T23:01:18+00:00,2026-10-01T23:32:23+00:00,2
https://www.imdb.com/title/tt0065390/?ref_=sr_i_214,214. The Amazing Transplant,completed,1,,2026-10-01T23:01:18+00:00,2026-10-01T23:32:31+00:00,2
https://www.imdb.com/title/tt0064905/?ref_=sr_i_215,215. Red Sun,completed,1,,2026-10-01T23:01:18+00:00,2026-10-01T23:32:39+00:00,2
https://www.imdb.com/title/tt0066600/?ref_=sr_i_216,216. The Vampire Doll,completed,1,,2026-10-01T23:01:18+00:00,2026-10-01T23:32:47+00:00,2
https://www.imdb.com/title/tt0066540/?ref_=sr_i_217,217. WUSA,completed,1,,2026-10-01T23:01:18+00:00,2026-10-01T23:32:57+00:00,2
https://www.imdb.com/title/tt0066415/?ref_=sr_i_218,218. The Strawberry Statement,completed,1,,2026-10-01T23:01:18+00:00,2026-10-01T23:33:05+00:00,2
https://www.imdb.com/title/tt0066420/?ref_=sr_i_219,219. Sudden Terror,completed,1,,2026-10-01T23:01:18+00:00,2026-10-01T23:33:14+00:00,2
https://www.imdb.com/title/tt0066209/?ref_=sr_i_220,220. The People Next Door,completed,1,,2026-10-01T23:01:18+00:00,2026-10-01T23:33:23+00:00,2
https://www.imdb.com/title/tt0065850/?ref_=sr_i_221,221. Hornets' Nest,completed,1,,2026-10-01T23:01:18+00:00,2026-10-01T23:33:33+00:00,2
https://www.imdb.com/title/tt0066943/?ref_=sr_i_222,222. Connecting Rooms,completed,1,,2026-10-01T23:01:18+00:00,2026-10-01T23:33:41+00:00,2
https://www.imdb.com/title/tt0261592/?ref_=sr_i_223,223. Bulls Market,completed,1,,2026-10-01T23:01:18+00:00,2026-10-01T23:33:49+00:00,2
https://www.imdb.com/title/tt0066130/?ref_=sr_i_224,224. Ned Kelly,completed,1,,2026-10-01T23:01:18+00:00,2026-10-01T23:34:00+00:00,2
https://www.imdb.com/title/tt0154874/?ref_=sr_i_225,225. The Midnight Graduate,completed,1,,2026-10-01T23:01:18+00:00,2026-10-01T23:34:07+00:00,2
https://www.imdb.com/title/tt0065925/?ref_=sr_i_226,"226. Run, Virgin, Run",completed,1,,2026-10-01T23:01:18+00:00,2026-10-01T23:34:15+00:00,2
https://www.imdb.com/title/tt0065478/?ref_=sr_i_227,227. Blood Mania,completed,1,,2026-10-01T23:01:18+00:00,2026-10-01T23:34:23+00:00,2
https://www.imdb.com/title/tt0064004/?ref_=sr_i_228,228. All the Right Noises,completed,1,,2026-10-01T23:01:18+00:00,2026-10-01T23:34:31+00:00,2
https://www.imdb.com/title/tt0066603/?ref_=sr_i_229,229. Zatoichi Meets Yojimbo,completed,1,,2026-10-01T23:01:18+00:00,2026-10-01T23:34:40+00:00,2
https://www.imdb.com/title/tt1530506/?ref_=sr_i_230,230. Thaw the Frigid Bird,completed,1,,2026-10-01T23:01:18+00:00,2026-10-01T23:34:48+00:00,2
https://www.imdb.com/title/tt0065755/?ref_=sr_i_231,231. Gamera vs. Jiger,completed,1,,2026-10-01T23:01:18+00:00,2026-10-01T23:34:56+00:00,2
https://www.imdb.com/title/tt0065570/?ref_=sr_i_232,232. El Condor,completed,1,,2026-10-01T23:01:18+00:00,2026-10-01T23:35:05+00:00,2
https://www.imdb.com/title/tt0066445/?ref_=sr_i_233,"233. Tell Me That You Love Me, Junie Moon",completed,1,,2026-10-01T23:01:18+00:00,2026-10-01T23:35:14+00:00,2
https://www.imdb.com/title/tt0066128/?ref_=sr_i_234,234. Nana,completed,1,,2026-10-01T23:01:18+00:00,2026-10-01T23:35:22+00:00,2
https://www.imdb.com/title/tt0066234/?ref_=sr_i_235,235. Pound,completed,1,,2026-10-01T23:01:18+00:00,2026-10-01T23:35:30+00:00,2
https://www.imdb.com/title/tt0065520/?ref_=sr_i_236,236. Cannon for Cordoba,completed,1,,2026-10-01T23:01:18+00:00,2026-10-01T23:35:39+00:00,2
https://www.imdb.com/title/tt0066384/?ref_=sr_i_237,237. Skullduggery,completed,1,,2026-10-01T23:01:18+00:00,2026-10-01T23:35:49+00:00,2
https://www.imdb.com/title/tt0065641/?ref_=sr_i_238,238. Dionysus in '69,completed,1,,2026-10-01T23:01:18+00:00,2026-10-01T23:35:58+00:00,2
https://www.imdb.com/title/tt0065720/?ref_=sr_i_239,239. Figures in a Landscape,completed,1,,2026-10-01T23:01:18+00:00,2026-10-01T23:36:06+00:00,2
https://www.imdb.com/title/tt0065974/?ref_=sr_i_240,240. Leo the Last,completed,1,,2026-10-01T23:01:18+00:00,2026-10-01T23:36:14+00:00,2
https://www.imdb.com/title/tt0128364/?ref_=sr_i_241,241. This Transient Life,completed,1,,2026-10-01T23:01:18+00:00,2026-10-01T23:36:24+00:00,2
https://www.imdb.com/title/tt0066482/?ref_=sr_i_242,242. Trash,completed,1,,2026-10-01T23:01:18+00:00,2026-10-01T23:36:32+00:00,2
https://www.imdb.com/title/tt0065616/?ref_=sr_i_243,243. A Day at the Beach,completed,1,,2026-10-01T23:01:18+00:00,2026-10-01T23:36:41+00:00,2
https://www.imdb.com/title/tt0065711/?ref_=sr_i_244,244. The Executioner,completed,1,,2026-10-01T23:01:18+00:00,2026-10-01T23:36:49+00:00,2
https://www.imdb.com/title/tt0066050/?ref_=sr_i_245,245. A Man Called Sledge,completed,1,,2026-10-01T23:01:18+00:00,2026-10-01T23:36:57+00:00,2
https://www.imdb.com/title/tt0066318/?ref_=sr_i_246,246. The Breach,completed,1,,2026-10-01T23:01:18+00:00,2026-10-01T23:37:06+00:00,2
https://www.imdb.com/title/tt0281872/?ref_=sr_i_247,247. Futtocks End,completed,1,,2026-10-01T23:01:18+00:00,2026-10-01T23:37:15+00:00,2
https://www.imdb.com/title/tt0065408/?ref_=sr_i_248,248. The Anonymous Venetian,completed,1,,2026-10-01T23:01:18+00:00,2026-10-01T23:37:23+00:00,2
https://www.imdb.com/title/tt0065363/?ref_=sr_i_249,249. The Daughter,completed,1,,2026-10-01T23:01:18+00:00,2026-10-01T23:37:31+00:00,2
https://www.imdb.com/title/tt0065380/?ref_=sr_i_250,250. Alex in Wonderland,completed,1,,2026-10-01T23:01:18+00:00,2026-10-01T23:37:41+00:00,2
https://www.imdb.com/title/tt0154853/?ref_=sr_i_251,251. Matinee Wives,completed,1,,2026-10-01T23:01:18+00:00,2026-10-01T23:37:49+00:00,2
https://www.imdb.com/title/tt1553386/?ref_=sr_i_252,252. Lusty Neighbors,completed,1,,2026-10-01T23:01:18+00:00,2026-10-01T23:37:57+00:00,2
https://www.imdb.com/title/tt0066266/?ref_=sr_i_253,253. Quackser Fortune Has a Cousin in the Bronx,completed,1,,2026-10-01T23:01:18+00:00,2026-10-01T23:38:06+00:00,2
https://www.imdb.com/title/tt0066058/?ref_=sr_i_254,254. Mark of the Witch,completed,1,,2026-10-01T23:01:18+00:00,2026-10-01T23:38:14+00:00,2
https://www.imdb.com/title/tt6286072/?ref_=sr_i_255,255. Adam and Eve,completed,1,,2026-10-01T23:01:18+00:00,2026-10-01T23:38:24+00:00,2
https://www.imdb.com/title/tt0066063/?ref_=sr_i_256,256. Bedroom Mazurka,completed,1,,2026-10-01T23:01:18+00:00,2026-10-01T23:38:32+00:00,2
https://www.imdb.com/title/tt0066745/?ref_=sr_i_257,"257. Adiós, Sabata",completed,1,,2026-10-01T23:01:18+00:00,2026-10-01T23:38:42+00:00,2
https://www.imdb.com/title/tt0067985/?ref_=sr_i_258,258. The Wild Country,completed,1,,2026-10-01T23:01:18+00:00,2026-10-01T23:38:51+00:00,2
https://www.imdb.com/title/tt0065610/?ref_=sr_i_259,259. Darker Than Amber,completed,1,,2026-10-01T23:01:18+00:00,2026-10-01T23:38:59+00:00,2
https://www.imdb.com/title/tt0065632/?ref_=sr_i_260,260. Two Women in Gold,completed,1,,2026-10-01T23:01:18+00:00,2026-10-01T23:39:08+00:00,2
https://www.imdb.com/title/tt0066454/?ref_=sr_i_261,261. Three Sisters,completed,1,,2026-10-01T23:01:18+00:00,2026-10-01T23:39:16+00:00,2
https://www.imdb.com/title/tt0066569/?ref_=sr_i_262,262. The Swappers,completed,1,,2026-10-01T23:01:18+00:00,2026-10-01T23:39:25+00:00,2
https://www.imdb.com/title/tt0066017/?ref_=sr_i_263,263. Loving,completed,1,,2026-10-01T23:01:18+00:00,2026-10-01T23:39:34+00:00,2
https://www.imdb.com/title/tt0065560/?ref_=sr_i_264,264. The Cockeyed Cowboys of Calico County,completed,1,,2026-10-01T23:01:18+00:00,2026-10-01T23:39:43+00:00,2
https://www.imdb.com/title/tt0066098/?ref_=sr_i_265,265. Death Occurred Last Night,completed,1,,2026-10-01T23:01:18+00:00,2026-10-01T23:39:52+00:00,2
https://www.imdb.com/title/tt0065839/?ref_=sr_i_266,266. Hoffman,completed,1,,2026-10-01T23:01:18+00:00,2026-10-01T23:40:00+00:00,2
https://www.imdb.com/title/tt0145132/?ref_=sr_i_267,267. The Notorious Cleopatra,completed,1,,2026-10-01T23:01:18+00:00,2026-10-01T23:40:09+00:00,2
https://www.imdb.com/title/tt0064225/?ref_=sr_i_268,268. Last Known Address,completed,1,,2026-10-01T23:01:18+00:00,2026-10-01T23:40:18+00:00,2
https://www.imdb.com/title/tt0065687/?ref_=sr_i_269,269. Elvis: That's the Way It Is,completed,1,,2026-10-01T23:01:18+00:00,2026-10-01T23:40:26+00:00,2
https://www.imdb.com/title/tt0066984/?ref_=sr_i_270,270. The Devil's Backbone,completed,1,,2026-10-01T23:01:18+00:00,2026-10-01T23:40:36+00:00,2
https://www.imdb.com/title/tt0065642/?ref_=sr_i_271,271. Dirty Dingus Magee,completed,1,,2026-10-01T23:01:18+00:00,2026-10-01T23:40:46+00:00,2
https://www.imdb.com/title/tt0179225/?ref_=sr_i_272,272. I Am a Groupie,completed,1,,2026-10-01T23:01:18+00:00,2026-10-01T23:40:55+00:00,2
https://www.imdb.com/title/tt0065802/?ref_=sr_i_273,273. Guess What We Learned in School Today?,completed,1,,2026-10-01T23:01:18+00:00,2026-10-01T23:41:03+00:00,2
https://www.imdb.com/title/tt0065776/?ref_=sr_i_274,274. Space Amoeba,completed,1,,2026-10-01T23:01:18+00:00,2026-10-01T23:41:11+00:00,2
https://www.imdb.com/title/tt0065876/?ref_=sr_i_275,275. Moonlighting Mistress,completed,1,,2026-10-01T23:01:18+00:00,2026-10-01T23:41:19+00:00,2
https://www.imdb.com/title/tt0066528/?ref_=sr_i_276,276. The Virgin and the Gypsy,completed,1,,2026-10-01T23:01:18+00:00,2026-10-01T23:41:28+00:00,2
https://www.imdb.com/title/tt0066511/?ref_=sr_i_277,277. Many Wars Ago,completed,1,,2026-10-01T23:01:18+00:00,2026-10-01T23:41:36+00:00,2
https://www.imdb.com/title/tt0127939/?ref_=sr_i_278,278. Threesome,completed,1,,2026-10-01T23:01:18+00:00,2026-10-01T23:41:44+00:00,2
https://www.imdb.com/title/tt0128769/?ref_=sr_i_279,279. Tobacco Roody,completed,1,,2026-10-01T23:01:18+00:00,2026-10-01T23:41:51+00:00,2
https://www.imdb.com/title/tt0066185/?ref_=sr_i_280,280. The Only Way,completed,1,,2026-10-01T23:01:18+00:00,2026-10-01T23:42:00+00:00,2
https://www.imdb.com/title/tt0066184/?ref_=sr_i_281,281. The Only Game in Town,completed,1,,2026-10-01T23:01:18+00:00,2026-10-01T23:42:09+00:00,2
https://www.imdb.com/title/tt0065932/?ref_=sr_i_282,282. Blind Woman's Curse,completed,1,,2026-10-01T23:01:18+00:00,2026-10-01T23:42:18+00:00,2
https://www.imdb.com/title/tt0066466/?ref_=sr_i_283,283. The Man Who Left His Will on Film,completed,1,,2026-10-01T23:01:18+00:00,2026-10-01T23:42:27+00:00,2
https://www.imdb.com/title/tt0064188/?ref_=sr_i_284,284. Crescendo,completed,1,,2026-10-01T23:01:18+00:00,2026-10-01T23:42:35+00:00,2
https://www.imdb.com/title/tt0065648/?ref_=sr_i_285,285. Doctor in Trouble,completed,1,,2026-10-01T23:01:18+00:00,2026-10-01T23:42:44+00:00,2
https://www.imdb.com/title/tt0063552/?ref_=sr_i_286,286. Hollywood Horror House,completed,1,,2026-10-01T23:01:18+00:00,2026-10-01T23:42:53+00:00,2
https://www.imdb.com/title/tt0065401/?ref_=sr_i_287,287. Angel Unchained,completed,1,,2026-10-01T23:01:18+00:00,2026-10-01T23:43:03+00:00,2
https://www.imdb.com/title/tt0066494/?ref_=sr_i_288,288. Tropic of Cancer,completed,1,,2026-10-01T23:01:18+00:00,2026-10-01T23:43:11+00:00,2
https://www.imdb.com/title/tt0065360/?ref_=sr_i_289,"289. Tick, Tick, Tick",completed,1,,2026-10-01T23:01:18+00:00,2026-10-01T23:43:19+00:00,2
https://www.imdb.com/title/tt0066893/?ref_=sr_i_290,290. Carnival of Blood,completed,1,,2026-10-01T23:01:18+00:00,2026-10-01T23:43:27+00:00,2
https://www.imdb.com/title/tt4660566/?ref_=sr_i_291,291. Billy Boy,completed,1,,2026-10-01T23:01:18+00:00,2026-10-01T23:43:35+00:00,2
https://www.imdb.com/title/tt0066036/?ref_=sr_i_292,292. The Magic Garden of Stanley Sweetheart,completed,1,,2026-10-01T23:01:18+00:00,2026-10-01T23:43:44+00:00,2
https://www.imdb.com/title/tt0066498/?ref_=sr_i_293,293. The Ear,completed,1,,2026-10-01T23:01:18+00:00,2026-10-01T23:43:52+00:00,2
https://www.imdb.com/title/tt0065470/?ref_=sr_i_294,294. Bigfoot,completed,1,,2026-10-01T23:01:18+00:00,2026-10-01T23:44:01+00:00,2
https://www.imdb.com/title/tt0065820/?ref_=sr_i_295,295. The Hawaiians,completed,1,,2026-10-01T23:01:18+00:00,2026-10-01T23:44:11+00:00,2
https://www.imdb.com/title/tt0066052/?ref_=sr_i_296,296. The Man Who Had Power Over Women,completed,1,,2026-10-01T23:01:18+00:00,2026-10-01T23:44:19+00:00,2
https://www.imdb.com/title/tt0130637/?ref_=sr_i_297,297. Dream No Evil,completed,1,,2026-10-01T23:01:18+00:00,2026-10-01T23:44:28+00:00,2
https://www.imdb.com/title/tt0064574/?ref_=sr_i_298,298. The Last of the Mobile Hot Shots,completed,1,,2026-10-01T23:01:18+00:00,2026-10-01T23:44:36+00:00,2
https://www.imdb.com/title/tt0293475/?ref_=sr_i_299,299. Original Cast Album: Company,completed,1,,2026-10-01T23:01:18+00:00,2026-10-01T23:44:44+00:00,2
https://www.imdb.com/title/tt0065891/?ref_=sr_i_300,300. L'initiation,completed,1,,2026-10-01T23:01:18+00:00,2026-10-01T23:44:53+00:00,2
https://www.imdb.com/title/tt0065596/?ref_=sr_i_301,"301. Cry Blood, Apache",completed,1,,2026-10-01T23:01:18+00:00,2026-10-01T23:45:01+00:00,2
https://www.imdb.com/title/tt0065810/?ref_=sr_i_302,302. Halls of Anger,completed,1,,2026-10-01T23:01:18+00:00,2026-10-01T23:45:10+00:00,2
https://www.imdb.com/title/tt0065709/?ref_=sr_i_303,303. Every Home Should Have One,completed,1,,2026-10-01T23:01:18+00:00,2026-10-01T23:45:18+00:00,2
https://www.imdb.com/title/tt0070684/?ref_=sr_i_304,304. The Heroic Ones,completed,1,,2026-10-01T23:01:18+00:00,2026-10-01T23:45:27+00:00,2
https://www.imdb.com/title/tt0066928/?ref_=sr_i_305,305. The Wind's Fierce,completed,1,,2026-10-01T23:01:18+00:00,2026-10-01T23:45:36+00:00,2
https://www.imdb.com/title/tt0065692/?ref_=sr_i_306,306. End of the Road,completed,1,,2026-10-01T23:01:18+00:00,2026-10-01T23:45:44+00:00,2
https://www.imdb.com/title/tt0210209/?ref_=sr_i_307,307. Ostia,completed,1,,2026-10-01T23:01:18+00:00,2026-10-01T23:45:53+00:00,2
https://www.imdb.com/title/tt0067437/?ref_=sr_i_308,308. The Priest's Wife,completed,1,,2026-10-01T23:01:18+00:00,2026-10-01T23:46:02+00:00,2
https://www.imdb.com/title/tt0066265/?ref_=sr_i_309,309. Pippi on the Run,completed,1,,2026-10-01T23:01:18+00:00,2026-10-01T23:46:11+00:00,2
https://www.imdb.com/title/tt0066002/?ref_=sr_i_310,310. Loot,completed,1,,2026-10-01T23:01:18+00:00,2026-10-01T23:46:20+00:00,2
https://www.imdb.com/title/tt0279687/?ref_=sr_i_311,311. Beyaz Güller,completed,1,,2026-10-01T23:01:18+00:00,2026-10-01T23:46:28+00:00,2
https://www.imdb.com/title/tt0066500/?ref_=sr_i_312,312. Hope,completed,1,,2026-10-01T23:01:18+00:00,2026-10-01T23:46:37+00:00,2
https://www.imdb.com/title/tt0066542/?ref_=sr_i_313,313. A Walk in the Spring Rain,completed,1,,2026-10-01T23:01:18+00:00,2026-10-01T23:46:46+00:00,2
https://www.imdb.com/title/tt0065516/?ref_=sr_i_314,314. Lady Caliph,completed,1,,2026-10-01T23:01:18+00:00,2026-10-01T23:46:54+00:00,2
https://www.imdb.com/title/tt0128308/?ref_=sr_i_315,315. Lilika,completed,1,,2026-10-01T23:01:18+00:00,2026-10-01T23:47:02+00:00,2
https://www.imdb.com/title/tt0067948/?ref_=sr_i_316,316. The Invisible Dead,completed,1,,2026-10-01T23:01:18+00:00,2026-10-01T23:47:10+00:00,2
https://www.imdb.com/title/tt0066485/?ref_=sr_i_317,317. The Traveling Executioner,completed,1,,2026-10-01T23:01:18+00:00,2026-10-01T23:47:18+00:00,2
https://www.imdb.com/title/tt0209994/?ref_=sr_i_318,318. The Deep,completed,1,,2026-10-01T23:01:18+00:00,2026-10-01T23:47:27+00:00,2
https://www.imdb.com/title/tt0066436/?ref_=sr_i_319,319. Take a Girl Like You,completed,1,,2026-10-01T23:01:18+00:00,2026-10-01T23:47:36+00:00,2
https://www.imdb.com/title/tt0066416/?ref_=sr_i_320,320. Street Scenes,completed,1,,2026-10-01T23:01:18+00:00,2026-10-01T23:47:45+00:00,2
https://www.imdb.com/title/tt0064170/?ref_=sr_i_321,321. Her and She and Him,completed,1,,2026-10-01T23:01:18+00:00,2026-10-01T23:47:54+00:00,2
https://www.imdb.com/title/tt0064881/?ref_=sr_i_322,322. The Reckoning,completed,1,,2026-10-01T23:01:18+00:00,2026-10-01T23:48:03+00:00,2
https://www.imdb.com/title/tt2103266/?ref_=sr_i_323,323. Cauliflower Cupids,completed,1,,2026-10-01T23:01:18+00:00,2026-10-01T23:48:12+00:00,2
https://www.imdb.com/title/tt0060462/?ref_=sr_i_324,324. The Girls from Thunder Strip,completed,1,,2026-10-01T23:01:18+00:00,2026-10-01T23:48:20+00:00,2
https://www.imdb.com/title/tt0066523/?ref_=sr_i_325,325. Vertigo for a Killer,completed,1,,2026-10-01T23:01:18+00:00,2026-10-01T23:48:34+00:00,2
https://www.imdb.com/title/tt0066221/?ref_=sr_i_326,326. The Phynx,completed,1,,2026-10-01T23:01:18+00:00,2026-10-01T23:48:42+00:00,2
https://www.imdb.com/title/tt0060477/?ref_=sr_i_327,327. Gregorio and His Angel,completed,1,,2026-10-01T23:01:18+00:00,2026-10-01T23:48:52+00:00,2
https://www.imdb.com/title/tt0064804/?ref_=sr_i_328,328. Le Petit Bougnat,completed,1,,2026-10-01T23:01:18+00:00,2026-10-01T23:49:00+00:00,2
https://www.imdb.com/title/tt0223783/?ref_=sr_i_329,329. Stray Cat Rock: Sex Hunter,completed,1,,2026-10-01T23:01:18+00:00,2026-10-01T23:49:08+00:00,2
https://www.imdb.com/title/tt0065371/?ref_=sr_i_330,330. Adam at Six A.M.,completed,1,,2026-10-01T23:01:18+00:00,2026-10-01T23:49:16+00:00,2
https://www.imdb.com/title/tt0065456/?ref_=sr_i_331,331. Beast of Blood,completed,1,,2026-10-01T23:01:18+00:00,2026-10-01T23:49:24+00:00,2
https://www.imdb.com/title/tt0065834/?ref_=sr_i_332,332. Heroic Purgatory,completed,1,,2026-10-01T23:01:18+00:00,2026-10-01T23:49:31+00:00,2
https://www.imdb.com/title/tt0065483/?ref_=sr_i_333,333. The Body Beneath,completed,1,,2026-10-01T23:01:18+00:00,2026-10-01T23:49:39+00:00,2
https://www.imdb.com/title/tt0123909/?ref_=sr_i_334,334. Incontro d'amore a Bali,completed,1,,2026-10-01T23:01:18+00:00,2026-10-01T23:49:47+00:00,2
https://www.imdb.com/title/tt0065826/?ref_=sr_i_335,335. Hell's Bloody Devils,completed,1,,2026-10-01T23:01:18+00:00,2026-10-01T23:49:57+00:00,2
https://www.imdb.com/title/tt0066285/?ref_=sr_i_336,336. The Ravager,completed,1,,2026-10-01T23:01:18+00:00,2026-10-01T23:50:05+00:00,2
https://www.imdb.com/title/tt0065400/?ref_=sr_i_337,337. The Angel Levine,completed,1,,2026-10-01T23:01:18+00:00,2026-10-01T23:50:15+00:00,2
https://www.imdb.com/title/tt0151035/?ref_=sr_i_338,338. Once Upon a Time There Was a Singing Blackbird,completed,1,,2026-10-01T23:01:18+00:00,2026-10-01T23:50:23+00:00,2
https://www.imdb.com/title/tt0066183/?ref_=sr_i_339,339. One More Time,completed,1,,2026-10-01T23:01:18+00:00,2026-10-01T23:50:32+00:00,2
https://www.imdb.com/title/tt0064038/?ref_=sr_i_340,340. The Land,completed,1,,2026-10-01T23:01:18+00:00,2026-10-01T23:50:42+00:00,2
https://www.imdb.com/title/tt0065441/?ref_=sr_i_341,341. The Baby Maker,completed,1,,2026-10-01T23:01:18+00:00,2026-10-01T23:50:50+00:00,2
https://www.imdb.com/title/tt0065450/?ref_=sr_i_342,342. Vengeance!,completed,1,,2026-10-01T23:01:18+00:00,2026-10-01T23:50:59+00:00,2
https://www.imdb.com/title/tt0065877/?ref_=sr_i_343,343. Higher and Higher,completed,1,,2026-10-01T23:01:18+00:00,2026-10-01T23:51:07+00:00,2
https://www.imdb.com/title/tt0065957/?ref_=sr_i_344,344. The Lady in the Car with Glasses and a Gun,completed,1,,2026-10-01T23:01:18+00:00,2026-10-01T23:51:16+00:00,2
https://www.imdb.com/title/tt0065509/?ref_=sr_i_345,345. Sartana's Here... Trade Your Pistol for a Coffin,completed,1,,2026-10-01T23:01:18+00:00,2026-10-01T23:51:24+00:00,2
https://www.imdb.com/title/tt0065700/?ref_=sr_i_346,346. Entertaining Mr Sloane,completed,1,,2026-10-01T23:01:18+00:00,2026-10-01T23:51:32+00:00,2
https://www.imdb.com/title/tt0066553/?ref_=sr_i_347,347. Weekend with the Babysitter,completed,1,,2026-10-01T23:01:18+00:00,2026-10-01T23:51:40+00:00,2
https://www.imdb.com/title/tt0066237/?ref_=sr_i_348,348. The Adversary,completed,1,,2026-10-01T23:01:18+00:00,2026-10-01T23:51:49+00:00,2
https://www.imdb.com/title/tt0201775/?ref_=sr_i_349,349. Minha Namorada,completed,1,,2026-10-01T23:01:18+00:00,2026-10-01T23:51:57+00:00,2
https://www.imdb.com/title/tt0064781/?ref_=sr_i_350,350. Fruit of Paradise,completed,1,,2026-10-01T23:01:18+00:00,2026-10-01T23:52:06+00:00,2
https://www.imdb.com/title/tt0066358/?ref_=sr_i_351,351. Sex-Power,completed,1,,2026-10-01T23:01:18+00:00,2026-10-01T23:52:15+00:00,2
https://www.imdb.com/title/tt0067530/?ref_=sr_i_352,352. One Day in the Life of Ivan Denisovich,completed,1,,2026-10-01T23:01:18+00:00,2026-10-01T23:52:24+00:00,2
https://www.imdb.com/title/tt0065703/?ref_=sr_i_353,353. First Love,completed,1,,2026-10-01T23:01:18+00:00,2026-10-01T23:52:32+00:00,2
https://www.imdb.com/title/tt0350184/?ref_=sr_i_354,354. Take It Out in Trade,completed,1,,2026-10-01T23:01:18+00:00,2026-10-01T23:52:39+00:00,2
https://www.imdb.com/title/tt0168158/?ref_=sr_i_355,355. Scorpio '70,completed,1,,2026-10-01T23:01:18+00:00,2026-10-01T23:52:47+00:00,2
https://www.imdb.com/title/tt0064510/?ref_=sr_i_356,356. Jenny,completed,1,,2026-10-01T23:01:18+00:00,2026-10-01T23:52:55+00:00,2
https://www.imdb.com/title/tt0065727/?ref_=sr_i_357,357. Flesh Feast,completed,1,,2026-10-01T23:01:18+00:00,2026-10-01T23:53:03+00:00,2
https://www.imdb.com/title/tt0066126/?ref_=sr_i_358,358. The Losers,completed,1,,2026-10-01T23:01:18+00:00,2026-10-01T23:53:11+00:00,2
https://www.imdb.com/title/tt0126307/?ref_=sr_i_359,359. Exit,completed,1,,2026-10-01T23:01:18+00:00,2026-10-01T23:53:19+00:00,2
https://www.imdb.com/title/tt0064553/?ref_=sr_i_360,360. King Lear,completed,1,,2026-10-01T23:01:18+00:00,2026-10-01T23:53:28+00:00,2
https://www.imdb.com/title/tt0066071/?ref_=sr_i_361,361. More About the Language of Love,completed,1,,2026-10-01T23:01:18+00:00,2026-10-01T23:53:37+00:00,2
https://www.imdb.com/title/tt0067609/?ref_=sr_i_362,362. Il prete sposato,completed,1,,2026-10-01T23:01:18+00:00,2026-10-01T23:53:46+00:00,2
https://www.imdb.com/title/tt0064649/?ref_=sr_i_363,363. The McMasters,completed,1,,2026-10-01T23:01:18+00:00,2026-10-01T23:53:54+00:00,2
https://www.imdb.com/title/tt0065693/?ref_=sr_i_364,364. In the Folds of the Flesh,completed,1,,2026-10-01T23:01:18+00:00,2026-10-01T23:54:03+00:00,2
https://www.imdb.com/title/tt0065757/?ref_=sr_i_365,365. The Games,completed,1,,2026-10-01T23:01:18+00:00,2026-10-01T23:54:11+00:00,2
https://www.imdb.com/title/tt0488757/?ref_=sr_i_366,366. Legend of the Witches,completed,1,,2026-10-01T23:01:18+00:00,2026-10-01T23:54:19+00:00,2
https://www.imdb.com/title/tt0066875/?ref_=sr_i_367,367. The Buttercup Chain,completed,1,,2026-10-01T23:01:18+00:00,2026-10-01T23:54:27+00:00,2
https://www.imdb.com/title/tt0066096/?ref_=sr_i_368,368. The Moonshine War,completed,1,,2026-10-01T23:01:18+00:00,2026-10-01T23:54:35+00:00,2
https://www.imdb.com/title/tt0066083/?ref_=sr_i_369,369. How Did a Nice Girl Like You...,completed,1,,2026-10-01T23:01:18+00:00,2026-10-01T23:54:44+00:00,2
https://www.imdb.com/title/tt0211468/?ref_=sr_i_370,370. Kook's Tour,completed,1,,2026-10-01T23:01:18+00:00,2026-10-01T23:54:52+00:00,2
https://www.imdb.com/title/tt0064932/?ref_=sr_i_371,371. Santo and Blue Demon vs. the Monsters,completed,1,,2026-10-01T23:01:18+00:00,2026-10-01T23:55:00+00:00,2
https://www.imdb.com/title/tt0067576/?ref_=sr_i_372,372. The Sidelong Glances of a Pigeon Kicker,completed,1,,2026-10-01T23:01:18+00:00,2026-10-01T23:55:11+00:00,2
https://www.imdb.com/title/tt0067622/?ref_=sr_i_373,373. The Projectionist,completed,1,,2026-10-01T23:01:18+00:00,2026-10-01T23:55:20+00:00,2
https://www.imdb.com/title/tt0065948/?ref_=sr_i_374,374. Landscape After Battle,completed,1,,2026-10-01T23:01:18+00:00,2026-10-01T23:55:29+00:00,2
https://www.imdb.com/title/tt0066099/?ref_=sr_i_375,375. Up Your Teddy Bear,completed,1,,2026-10-01T23:01:18+00:00,2026-10-01T23:55:41+00:00,2
https://www.imdb.com/title/tt0064105/?ref_=sr_i_376,376. The Ancines Woods,completed,1,,2026-10-01T23:01:18+00:00,2026-10-01T23:55:51+00:00,2
https://www.imdb.com/title/tt0070703/?ref_=sr_i_377,377. Sensuous Sorceress,completed,1,,2026-10-01T23:01:18+00:00,2026-10-01T23:56:03+00:00,2
https://www.imdb.com/title/tt0066162/?ref_=sr_i_378,378. Norwood,completed,1,,2026-10-01T23:01:18+00:00,2026-10-01T23:56:13+00:00,2
https://www.imdb.com/title/tt0065378/?ref_=sr_i_379,379. May Morning,completed,1,,2026-10-01T23:01:18+00:00,2026-10-01T23:56:24+00:00,2
https://www.imdb.com/title/tt0137116/?ref_=sr_i_380,380. Female Animal,completed,1,,2026-10-01T23:01:18+00:00,2026-10-01T23:56:33+00:00,2
https://www.imdb.com/title/tt0066296/?ref_=sr_i_381,381. The Revolutionary,completed,1,,2026-10-01T23:01:18+00:00,2026-10-01T23:56:45+00:00,2
https://www.imdb.com/title/tt0065975/?ref_=sr_i_382,382. Churchill's Leopards,completed,1,,2026-10-01T23:01:18+00:00,2026-10-01T23:56:56+00:00,2
https://www.imdb.com/title/tt0066262/?ref_=sr_i_383,383. Puzzle of a Downfall Child,completed,1,,2026-10-01T23:01:18+00:00,2026-10-01T23:57:07+00:00,2
https://www.imdb.com/title/tt0065549/?ref_=sr_i_384,384. The Christine Jorgensen Story,completed,1,,2026-10-01T23:01:18+00:00,2026-10-01T23:57:17+00:00,2
https://www.imdb.com/title/tt0065788/?ref_=sr_i_385,385. Goin' Down the Road,completed,1,,2026-10-01T23:01:18+00:00,2026-10-01T23:57:28+00:00,2
https://www.imdb.com/title/tt0065425/?ref_=sr_i_386,386. Sabata the Killer,completed,1,,2026-10-01T23:01:18+00:00,2026-10-01T23:57:38+00:00,2
https://www.imdb.com/title/tt0066393/?ref_=sr_i_387,387. Song of Norway,completed,1,,2026-10-01T23:01:18+00:00,2026-10-01T23:57:49+00:00,2
https://www.imdb.com/title/tt0065726/?ref_=sr_i_388,388. Flap,completed,1,,2026-10-01T23:01:18+00:00,2026-10-01T23:58:00+00:00,2
https://www.imdb.com/title/tt0195626/?ref_=sr_i_389,389. Dandy,completed,1,,2026-10-01T23:01:18+00:00,2026-10-01T23:58:10+00:00,2
https://www.imdb.com/title/tt0066273/?ref_=sr_i_390,390. R.P.M.,completed,1,,2026-10-01T23:01:18+00:00,2026-10-01T23:58:21+00:00,2
https://www.imdb.com/title/tt0067390/?ref_=sr_i_391,391. Moon,completed,1,,2026-10-01T23:01:18+00:00,2026-10-01T23:58:32+00:00,2
https://www.imdb.com/title/tt0066359/?ref_=sr_i_392,392. Sex Ritual of the Occult,completed,1,,2026-10-01T23:01:18+00:00,2026-10-01T23:58:41+00:00,2
https://www.imdb.com/title/tt0062690/?ref_=sr_i_393,393. The Awakening of the Beast,completed,1,,2026-10-01T23:01:18+00:00,2026-10-01T23:58:57+00:00,2
https://www.imdb.com/title/tt0065515/?ref_=sr_i_394,394. Qui?,completed,1,,2026-10-01T23:01:18+00:00,2026-10-01T23:59:08+00:00,2
https://www.imdb.com/title/tt0065852/?ref_=sr_i_395,395. Horror of the Blood Monsters,completed,1,,2026-10-01T23:01:18+00:00,2026-10-01T23:59:20+00:00,2
https://www.imdb.com/title/tt5300238/?ref_=sr_i_396,396. Osvobozhdenie: Ognennaya duga,completed,1,,2026-10-01T23:01:18+00:00,2026-10-01T23:59:31+00:00,2
https://www.imdb.com/title/tt0066086/?ref_=sr_i_397,397. Miss Nymphet's Zap-In,completed,1,,2026-10-01T23:01:18+00:00,2026-10-01T23:59:42+00:00,2
https://www.imdb.com/title/tt0065479/?ref_=sr_i_398,398. Blood of the Iron Maiden,completed,1,,2026-10-01T23:01:18+00:00,2026-10-01T23:59:52+00:00,2
https://www.imdb.com/title/tt0271023/?ref_=sr_i_399,399. Kab? Kyoon? Aur Kahan?,completed,1,,2026-10-01T23:01:18+00:00,2026-10-02T00:00:04+00:00,2
https://www.imdb.com/title/tt0148266/?ref_=sr_i_400,400. Heer Raanjha,completed,1,,2026-10-01T23:01:18+00:00,2026-10-02T00:00:17+00:00,2
https://www.imdb.com/title/tt0066171/?ref_=sr_i_401,401. O.K.,completed,1,,2026-10-01T23:01:18+00:00,2026-10-02T00:00:28+00:00,2
https://www.imdb.com/title/tt0065686/?ref_=sr_i_402,"402. Elle boit pas, elle fume pas, elle drague pas, mais... elle cause!",completed,1,,2026-10-01T23:01:18+00:00,2026-10-02T00:00:40+00:00,2
https://www.imdb.com/title/tt0186805/?ref_=sr_i_403,403. Agni Pareeksha,completed,1,,2026-10-01T23:01:18+00:00,2026-10-02T00:00:51+00:00,2
https://www.imdb.com/title/tt0063608/?ref_=sr_i_404,404. Sinthia: The Devil's Doll,completed,1,,2026-10-01T23:01:18+00:00,2026-10-02T00:01:03+00:00,2
https://www.imdb.com/title/tt0066080/?ref_=sr_i_405,405. The Mind of Mr. Soames,completed,1,,2026-10-01T23:01:18+00:00,2026-10-02T00:01:14+00:00,2
https://www.imdb.com/title/tt0216687/?ref_=sr_i_406,406. Désirella,completed,1,,2026-10-01T23:01:18+00:00,2026-10-02T00:01:25+00:00,2
https://www.imdb.com/title/tt0066302/?ref_=sr_i_407,407. The Rise and Rise of Michael Rimmer,completed,1,,2026-10-01T23:01:18+00:00,2026-10-02T00:01:37+00:00,2
https://www.imdb.com/title/tt0065452/?ref_=sr_i_408,408. Bartleby,completed,1,,2026-10-01T23:01:18+00:00,2026-10-02T00:01:47+00:00,2
https://www.imdb.com/title/tt0066479/?ref_=sr_i_409,409. Trader Hornee,completed,1,,2026-10-01T23:01:18+00:00,2026-10-02T00:01:59+00:00,2
https://www.imdb.com/title/tt0067932/?ref_=sr_i_410,410. Come Have Coffee with Us,completed,1,,2026-10-01T23:01:18+00:00,2026-10-02T00:02:09+00:00,2
https://www.imdb.com/title/tt0218904/?ref_=sr_i_411,411. The Cousins,completed,1,,2026-10-01T23:01:18+00:00,2026-10-02T00:02:20+00:00,2
https://www.imdb.com/title/tt0064772/?ref_=sr_i_412,412. The Sensual Male,completed,1,,2026-10-01T23:01:18+00:00,2026-10-02T00:02:30+00:00,2
https://www.imdb.com/title/tt0065790/?ref_=sr_i_413,413. Goodbye Gemini,completed,1,,2026-10-01T23:01:18+00:00,2026-10-02T00:02:40+00:00,2
https://www.imdb.com/title/tt0066167/?ref_=sr_i_414,414. Light the Fuse... Sartana Is Coming,completed,1,,2026-10-01T23:01:18+00:00,2026-10-02T00:02:51+00:00,2
https://www.imdb.com/title/tt0204504/?ref_=sr_i_415,415. Stray Cat Rock: Delinquent Girl Boss,completed,1,,2026-10-01T23:01:18+00:00,2026-10-02T00:03:02+00:00,2
https://www.imdb.com/title/tt0066554/?ref_=sr_i_416,416. Die Weibchen,completed,1,,2026-10-01T23:01:18+00:00,2026-10-02T00:03:12+00:00,2
https://www.imdb.com/title/tt0064843/?ref_=sr_i_417,417. Case for a Rookie Hangman,completed,1,,2026-10-01T23:01:18+00:00,2026-10-02T00:03:22+00:00,2
https://www.imdb.com/title/tt0066251/?ref_=sr_i_418,418. Promise at Dawn,completed,1,,2026-10-01T23:01:18+00:00,2026-10-02T00:03:34+00:00,2
https://www.imdb.com/title/tt0070257/?ref_=sr_i_419,419. The Dark Side of Tomorrow,completed,1,,2026-10-01T23:01:18+00:00,2026-10-02T00:03:44+00:00,2
https://www.imdb.com/title/tt0065967/?ref_=sr_i_420,420. The Last Grenade,completed,1,,2026-10-01T23:01:18+00:00,2026-10-02T00:03:55+00:00,2
https://www.imdb.com/title/tt0072884/?ref_=sr_i_421,421. Distracted,completed,1,,2026-10-01T23:01:18+00:00,2026-10-02T00:04:07+00:00,2
https://www.imdb.com/title/tt0065413/?ref_=sr_i_422,422. The Incredible Challenge,completed,1,,2026-10-01T23:01:18+00:00,2026-10-02T00:04:18+00:00,2
https://www.imdb.com/title/tt0066075/?ref_=sr_i_423,423. Metello,completed,1,,2026-10-01T23:01:18+00:00,2026-10-02T00:04:29+00:00,2
https://www.imdb.com/title/tt0226394/?ref_=sr_i_424,424. Rubí,completed,1,,2026-10-01T23:01:18+00:00,2026-10-02T00:04:39+00:00,2
https://www.imdb.com/title/tt0066289/?ref_=sr_i_425,425. The Cruise,completed,1,,2026-10-01T23:01:18+00:00,2026-10-02T00:04:51+00:00,2
https://www.imdb.com/title/tt0067169/?ref_=sr_i_426,"426. Guru, the Mad Monk",completed,1,,2026-10-01T23:01:18+00:00,2026-10-02T00:05:02+00:00,2
https://www.imdb.com/title/tt0068321/?ref_=sr_i_427,427. The Birch Wood,completed,1,,2026-10-01T23:01:18+00:00,2026-10-02T00:05:13+00:00,2
https://www.imdb.com/title/tt0066033/?ref_=sr_i_428,428. Macho Callahan,completed,1,,2026-10-01T23:01:18+00:00,2026-10-02T00:05:25+00:00,2
https://www.imdb.com/title/tt0064779/?ref_=sr_i_429,429. The Bear and the Doll,completed,1,,2026-10-01T23:01:18+00:00,2026-10-02T00:05:36+00:00,2
https://www.imdb.com/title/tt0065626/?ref_=sr_i_430,430. Play It Cool,completed,1,,2026-10-01T23:01:18+00:00,2026-10-02T00:05:46+00:00,2
https://www.imdb.com/title/tt0164982/?ref_=sr_i_431,431. Zatoichi Goes to the Fire Festival,completed,1,,2026-10-01T23:01:18+00:00,2026-10-02T00:05:57+00:00,2
https://www.imdb.com/title/tt0064386/?ref_=sr_i_432,432. The Fifth Day of Peace,completed,1,,2026-10-01T23:01:18+00:00,2026-10-02T00:06:08+00:00,2
https://www.imdb.com/title/tt0066461/?ref_=sr_i_433,433. One Song a Day Takes Mischief Away,completed,1,,2026-10-01T23:01:18+00:00,2026-10-02T00:06:20+00:00,2
https://www.imdb.com/title/tt0066546/?ref_=sr_i_434,434. Why Does Herr R. Run Amok?,completed,1,,2026-10-01T23:01:18+00:00,2026-10-02T00:06:32+00:00,2
https://www.imdb.com/title/tt0065366/?ref_=sr_i_435,"435. Abel, Your Brother",completed,1,,2026-10-01T23:01:18+00:00,2026-10-02T00:06:43+00:00,2
https://www.imdb.com/title/tt0154344/?ref_=sr_i_436,436. Colpo rovente,completed,1,,2026-10-01T23:01:18+00:00,2026-10-02T00:06:55+00:00,2
https://www.imdb.com/title/tt0178184/?ref_=sr_i_437,437. Aan Milo Sajna,completed,1,,2026-10-01T23:01:18+00:00,2026-10-02T00:07:07+00:00,2
https://www.imdb.com/title/tt0066102/?ref_=sr_i_438,438. Move,completed,1,,2026-10-01T23:01:18+00:00,2026-10-02T00:07:19+00:00,2
https://www.imdb.com/title/tt0066241/?ref_=sr_i_439,439. Prem Pujari,completed,1,,2026-10-01T23:01:18+00:00,2026-10-02T00:07:31+00:00,2
https://www.imdb.com/title/tt0065913/?ref_=sr_i_440,440. The Garden of Delights,completed,1,,2026-10-01T23:01:18+00:00,2026-10-02T00:07:43+00:00,2
https://www.imdb.com/title/tt0066422/?ref_=sr_i_441,441. Suppose They Gave a War and Nobody Came,completed,1,,2026-10-01T23:01:18+00:00,2026-10-02T00:07:54+00:00,2
https://www.imdb.com/title/tt0065621/?ref_=sr_i_442,442. The Conjugal Debt,completed,1,,2026-10-01T23:01:18+00:00,2026-10-02T00:08:06+00:00,2
https://www.imdb.com/title/tt0065396/?ref_=sr_i_443,443. Reconstruction,completed,1,,2026-10-01T23:01:18+00:00,2026-10-02T00:08:18+00:00,2
https://www.imdb.com/title/tt0219035/?ref_=sr_i_444,444. Getting Into Heaven,completed,1,,2026-10-01T23:01:18+00:00,2026-10-02T00:08:28+00:00,2
https://www.imdb.com/title/tt0065640/?ref_=sr_i_445,445. Il dio serpente,completed,1,,2026-10-01T23:01:18+00:00,2026-10-02T00:08:39+00:00,2
https://www.imdb.com/title/tt0065841/?ref_=sr_i_446,446. Hollywood Blue,completed,1,,2026-10-01T23:01:18+00:00,2026-10-02T00:08:50+00:00,2
https://www.imdb.com/title/tt0204821/?ref_=sr_i_447,447. Angeli senza paradiso,completed,1,,2026-10-01T23:01:18+00:00,2026-10-02T00:09:00+00:00,2
https://www.imdb.com/title/tt0067252/?ref_=sr_i_448,448. Interview,completed,1,,2026-10-01T23:01:18+00:00,2026-10-02T00:09:12+00:00,2
https://www.imdb.com/title/tt0066426/?ref_=sr_i_449,449. Sweet Trash,completed,1,,2026-10-01T23:01:18+00:00,2026-10-02T00:09:24+00:00,2
https://www.imdb.com/title/tt0066551/?ref_=sr_i_450,450. The Way We Live Now,completed,1,,2026-10-01T23:01:18+00:00,2026-10-02T00:09:35+00:00,2
https://www.imdb.com/title/tt0065671/?ref_=sr_i_451,451. Uncle Vanya,completed,1,,2026-10-01T23:01:18+00:00,2026-10-02T00:09:45+00:00,2
https://www.imdb.com/title/tt0065871/?ref_=sr_i_452,452. I Love My Wife,completed,1,,2026-10-01T23:01:18+00:00,2026-10-02T00:09:57+00:00,2
https://www.imdb.com/title/tt0196873/?ref_=sr_i_453,453. Psychology of the Orgasm,completed,1,,2026-10-01T23:01:18+00:00,2026-10-02T00:10:07+00:00,2
https://www.imdb.com/title/tt0065739/?ref_=sr_i_454,454. Sexy Susan Knows How...,completed,1,,2026-10-01T23:01:18+00:00,2026-10-02T00:10:17+00:00,2
https://www.imdb.com/title/tt0066410/?ref_=sr_i_455,455. Story of a Woman,completed,1,,2026-10-01T23:01:18+00:00,2026-10-02T00:10:29+00:00,2
https://www.imdb.com/title/tt0123391/?ref_=sr_i_456,456. Brigade Miscellaneous Steps In,completed,1,,2026-10-01T23:01:18+00:00,2026-10-02T00:10:39+00:00,2
https://www.imdb.com/title/tt0360632/?ref_=sr_i_457,"457. Shameless School, Tackle Kiss",completed,1,,2026-10-01T23:01:18+00:00,2026-10-02T00:10:49+00:00,2
https://www.imdb.com/title/tt0322880/?ref_=sr_i_458,458. Juan el desalmado,completed,1,,2026-10-01T23:01:18+00:00,2026-10-02T00:11:00+00:00,2
https://www.imdb.com/title/tt0066295/?ref_=sr_i_459,459. Reverend's Colt,completed,1,,2026-10-01T23:01:18+00:00,2026-10-02T00:11:11+00:00,2
https://www.imdb.com/title/tt0168137/?ref_=sr_i_460,460. The Psycho Lover,completed,1,,2026-10-01T23:01:18+00:00,2026-10-02T00:11:22+00:00,2
https://www.imdb.com/title/tt0066276/?ref_=sr_i_461,461. La ragazza di latta,completed,1,,2026-10-01T23:01:18+00:00,2026-10-02T00:11:35+00:00,2
https://www.imdb.com/title/tt0216546/?ref_=sr_i_462,462. Django and Sartana Are Coming... It's the End,completed,1,,2026-10-01T23:01:18+00:00,2026-10-02T00:11:46+00:00,2
https://www.imdb.com/title/tt0189758/?ref_=sr_i_463,463. Monique,completed,1,,2026-10-01T23:01:18+00:00,2026-10-02T00:11:56+00:00,2
https://www.imdb.com/title/tt0199175/?ref_=sr_i_464,464. The Strangler,completed,1,,2026-10-01T23:01:18+00:00,2026-10-02T00:12:07+00:00,2
https://www.imdb.com/title/tt0308184/?ref_=sr_i_465,465. Dougal and the Blue Cat,completed,1,,2026-10-01T23:01:18+00:00,2026-10-02T00:12:18+00:00,2
https://www.imdb.com/title/tt0065581/?ref_=sr_i_466,466. Brotherly Love,completed,1,,2026-10-01T23:01:18+00:00,2026-10-02T00:12:28+00:00,2
https://www.imdb.com/title/tt0137982/?ref_=sr_i_467,467. Nightbirds,completed,1,,2026-10-01T23:01:18+00:00,2026-10-02T00:12:38+00:00,2
https://www.imdb.com/title/tt0258191/?ref_=sr_i_468,468. Song of the Loon,completed,1,,2026-10-01T23:01:18+00:00,2026-10-02T00:12:49+00:00,2
https://www.imdb.com/title/tt0067706/?ref_=sr_i_469,469. Sandra: The Making of a Woman,completed,1,,2026-10-01T23:01:18+00:00,2026-10-02T00:12:59+00:00,2
https://www.imdb.com/title/tt0066543/?ref_=sr_i_470,470. The Walking Stick,completed,1,,2026-10-01T23:01:18+00:00,2026-10-02T00:13:09+00:00,2
https://www.imdb.com/title/tt0065936/?ref_=sr_i_471,471. Kati Patang,completed,1,,2026-10-01T23:01:18+00:00,2026-10-02T00:13:21+00:00,2
https://www.imdb.com/title/tt0065973/?ref_=sr_i_472,472. Summer Love,completed,1,,2026-10-01T23:01:18+00:00,2026-10-02T00:13:32+00:00,2
https://www.imdb.com/title/tt0065550/?ref_=sr_i_473,473. The Unholy Four,completed,1,,2026-10-01T23:01:18+00:00,2026-10-02T00:13:43+00:00,2
https://www.imdb.com/title/tt0065235/?ref_=sr_i_474,"474. I Killed Einstein, Gentlemen",completed,1,,2026-10-01T23:01:18+00:00,2026-10-02T00:13:57+00:00,2
https://www.imdb.com/title/tt0229371/?ref_=sr_i_475,475. An Evening of Edgar Allan Poe,completed,1,,2026-10-01T23:01:18+00:00,2026-10-02T00:14:07+00:00,2
https://www.imdb.com/title/tt0068694/?ref_=sr_i_476,476. The Hero,completed,1,,2026-10-01T23:01:18+00:00,2026-10-02T00:14:18+00:00,2
https://www.imdb.com/title/tt0209899/?ref_=sr_i_477,477. The Affairs of Aphrodite,completed,1,,2026-10-01T23:01:18+00:00,2026-10-02T00:14:29+00:00,2
https://www.imdb.com/title/tt0126545/?ref_=sr_i_478,478. Norma,completed,1,,2026-10-01T23:01:18+00:00,2026-10-02T00:14:42+00:00,2
https://www.imdb.com/title/tt0065688/?ref_=sr_i_479,479. Zapata,completed,1,,2026-10-01T23:01:18+00:00,2026-10-02T00:14:53+00:00,2
https://www.imdb.com/title/tt0065630/?ref_=sr_i_480,480. El tunco Maclovio,completed,1,,2026-10-01T23:01:18+00:00,2026-10-02T00:15:04+00:00,2
https://www.imdb.com/title/tt0189596/?ref_=sr_i_481,481. I Am Curious Tahiti,completed,1,,2026-10-01T23:01:18+00:00,2026-10-02T00:15:15+00:00,2
https://www.imdb.com/title/tt0156641/?ref_=sr_i_482,482. Jeevan Mrityu,completed,1,,2026-10-01T23:01:18+00:00,2026-10-02T00:15:26+00:00,2
https://www.imdb.com/title/tt0211216/?ref_=sr_i_483,483. Barbara,completed,1,,2026-10-01T23:01:18+00:00,2026-10-02T00:15:36+00:00,2
https://www.imdb.com/title/tt0066512/?ref_=sr_i_484,484. Up in the Cellar,completed,1,,2026-10-01T23:01:18+00:00,2026-10-02T00:15:47+00:00,2
https://www.imdb.com/title/tt0065213/?ref_=sr_i_485,485. Wilbur and the Baby Factory,completed,1,,2026-10-01T23:01:18+00:00,2026-10-02T00:15:58+00:00,2
https://www.imdb.com/title/tt0066497/?ref_=sr_i_486,486. Kill the Fatted Calf and Roast It,completed,1,,2026-10-01T23:01:18+00:00,2026-10-02T00:16:08+00:00,2
https://www.imdb.com/title/tt0065080/?ref_=sr_i_487,487. Carbon Copy,completed,1,,2026-10-01T23:01:18+00:00,2026-10-02T00:16:20+00:00,2
https://www.imdb.com/title/tt0065999/?ref_=sr_i_488,488. The Hammer of God,completed,1,,2026-10-01T23:01:18+00:00,2026-10-02T00:16:31+00:00,2
https://www.imdb.com/title/tt0203127/?ref_=sr_i_489,489. The Hot Little Girl,completed,1,,2026-10-01T23:01:18+00:00,2026-10-02T00:16:42+00:00,2
https://www.imdb.com/title/tt0179890/?ref_=sr_i_490,490. Ypolohagos Natassa,completed,1,,2026-10-01T23:01:18+00:00,2026-10-02T00:16:54+00:00,2
https://www.imdb.com/title/tt0066362/?ref_=sr_i_491,491. Sex Jack,completed,1,,2026-10-01T23:01:18+00:00,2026-10-02T00:17:04+00:00,2
https://www.imdb.com/title/tt0150768/?ref_=sr_i_492,492. Gradiva,completed,1,,2026-10-01T23:01:18+00:00,2026-10-02T00:17:14+00:00,2
https://www.imdb.com/title/tt0066333/?ref_=sr_i_493,493. Ballad of Death Valley,completed,1,,2026-10-01T23:01:18+00:00,2026-10-02T00:17:25+00:00,2
https://www.imdb.com/title/tt0177530/?ref_=sr_i_494,494. The Bang Bang Gang,completed,1,,2026-10-01T23:01:18+00:00,2026-10-02T00:17:35+00:00,2
https://www.imdb.com/title/tt0067749/?ref_=sr_i_495,495. Shinbone Alley,completed,1,,2026-10-01T23:01:18+00:00,2026-10-02T00:17:46+00:00,2
https://www.imdb.com/title/tt0065227/?ref_=sr_i_496,496. Sex Freedom in Germany,completed,1,,2026-10-01T23:01:18+00:00,2026-10-02T00:17:56+00:00,2
https://www.imdb.com/title/tt0066286/?ref_=sr_i_497,497. The Rebel Rousers,completed,1,,2026-10-01T23:01:18+00:00,2026-10-02T00:18:08+00:00,2
https://www.imdb.com/title/tt0065192/?ref_=sr_i_498,498. Giuochi particolari,completed,1,,2026-10-01T23:01:18+00:00,2026-10-02T00:18:19+00:00,2
https://www.imdb.com/title/tt0137455/?ref_=sr_i_499,499. Dastak,completed,1,,2026-10-01T23:01:18+00:00,2026-10-02T00:18:31+00:00,2
https://www.imdb.com/title/tt0064625/?ref_=sr_i_500,500. Maidstone,completed,1,,2026-10-01T23:01:18+00:00,2026-10-02T00:18:45+00:00,2
https://www.imdb.com/title/tt0065931/?ref_=sr_i_501,501. Ghost of Kasane Swamp,completed,1,,2026-10-01T23:01:18+00:00,2026-10-02T00:18:56+00:00,2
https://www.imdb.com/title/tt0065568/?ref_=sr_i_502,502. The Weekend Murders,completed,1,,2026-10-01T23:01:18+00:00,2026-10-02T00:19:08+00:00,2
https://www.imdb.com/title/tt0065666/?ref_=sr_i_503,503. Pero the Lump's Gang,completed,1,,2026-10-01T23:01:18+00:00,2026-10-02T00:19:19+00:00,2
https://www.imdb.com/title/tt0216684/?ref_=sr_i_504,504. L'homme de désir,completed,1,,2026-10-01T23:01:18+00:00,2026-10-02T00:19:29+00:00,2
https://www.imdb.com/title/tt0066108/?ref_=sr_i_505,505. Le mur de l'Atlantique,completed,1,,2026-10-01T23:01:18+00:00,2026-10-02T00:19:40+00:00,2
https://www.imdb.com/title/tt0342707/?ref_=sr_i_506,506. The Longest Most Meaningless Movie in the World,completed,1,,2026-10-01T23:01:18+00:00,2026-10-02T00:19:49+00:00,2
https://www.imdb.com/title/tt0192081/?ref_=sr_i_507,"507. The Good, the Bad and the Beautiful",completed,1,,2026-10-01T23:01:18+00:00,2026-10-02T00:19:59+00:00,2
https://www.imdb.com/title/tt0183538/?ref_=sr_i_508,508. Los muchachos de mi barrio,completed,1,,2026-10-01T23:01:18+00:00,2026-10-02T00:20:11+00:00,2
https://www.imdb.com/title/tt0066981/?ref_=sr_i_509,509. The Delta Factor,completed,1,,2026-10-01T23:01:18+00:00,2026-10-02T00:20:22+00:00,2
https://www.imdb.com/title/tt0166580/?ref_=sr_i_510,510. Dr. Fummel und seine Gespielinnen,completed,1,,2026-10-01T23:01:18+00:00,2026-10-02T00:20:32+00:00,2
https://www.imdb.com/title/tt0065838/?ref_=sr_i_511,511. Hoa Binh,completed,1,,2026-10-01T23:01:18+00:00,2026-10-02T00:20:42+00:00,2
https://www.imdb.com/title/tt0123548/?ref_=sr_i_512,512. Booby Trap,completed,1,,2026-10-01T23:01:18+00:00,2026-10-02T00:20:53+00:00,2
https://www.imdb.com/title/tt0065859/?ref_=sr_i_513,513. How Do I Love Thee?,completed,1,,2026-10-01T23:01:18+00:00,2026-10-02T00:21:04+00:00,2
https://www.imdb.com/title/tt0138645/?ref_=sr_i_514,514. Portraits of Women,completed,1,,2026-10-01T23:01:18+00:00,2026-10-02T00:21:14+00:00,2
https://www.imdb.com/title/tt0143621/?ref_=sr_i_515,515. Marsha: The Erotic Housewife,completed,1,,2026-10-01T23:01:18+00:00,2026-10-02T00:21:25+00:00,2
https://www.imdb.com/title/tt0066116/?ref_=sr_i_516,516. The Brutes,completed,1,,2026-10-01T23:01:18+00:00,2026-10-02T00:21:36+00:00,2
https://www.imdb.com/title/tt0139242/?ref_=sr_i_517,517. The Golden Box,completed,1,,2026-10-01T23:01:18+00:00,2026-10-02T00:21:47+00:00,2
https://www.imdb.com/title/tt0066315/?ref_=sr_i_518,518. Roy Colt & Winchester Jack,completed,1,,2026-10-01T23:01:18+00:00,2026-10-02T00:21:58+00:00,2
https://www.imdb.com/title/tt0208438/?ref_=sr_i_519,519. Mrs. Stone's Thing,completed,1,,2026-10-01T23:01:18+00:00,2026-10-02T00:22:08+00:00,2
https://www.imdb.com/title/tt0123882/?ref_=sr_i_520,520. Hej Stine!,completed,1,,2026-10-01T23:01:18+00:00,2026-10-02T00:22:20+00:00,2
https://www.imdb.com/title/tt0066496/?ref_=sr_i_521,521. Fatal Error,completed,1,,2026-10-01T23:01:18+00:00,2026-10-02T00:22:30+00:00,2
https://www.imdb.com/title/tt0064294/?ref_=sr_i_522,522. Horse,completed,1,,2026-10-01T23:01:18+00:00,2026-10-02T00:22:41+00:00,2
https://www.imdb.com/title/tt0064126/?ref_=sr_i_523,523. The Mafia Wants Blood,completed,1,,2026-10-01T23:01:18+00:00,2026-10-02T00:22:52+00:00,2
https://www.imdb.com/title/tt0066034/?ref_=sr_i_524,524. Madron,completed,1,,2026-10-01T23:01:18+00:00,2026-10-02T00:23:03+00:00,2
https://www.imdb.com/title/tt0122371/?ref_=sr_i_525,525. Adelheid,completed,1,,2026-10-01T23:01:18+00:00,2026-10-02T00:23:13+00:00,2
https://www.imdb.com/title/tt0183752/?ref_=sr_i_526,526. Selahattin Eyyubi,completed,1,,2026-10-01T23:01:18+00:00,2026-10-02T00:23:22+00:00,2
https://www.imdb.com/title/tt0148375/?ref_=sr_i_527,527. Khilona,completed,1,,2026-10-01T23:01:18+00:00,2026-10-02T00:23:34+00:00,2
https://www.imdb.com/title/tt0065825/?ref_=sr_i_528,528. Hell Boats,completed,1,,2026-10-01T23:01:18+00:00,2026-10-02T00:23:44+00:00,2
https://www.imdb.com/title/tt0065372/?ref_=sr_i_529,529. Adam's Woman,completed,1,,2026-10-01T23:01:18+00:00,2026-10-02T00:23:54+00:00,2
https://www.imdb.com/title/tt0130039/?ref_=sr_i_530,530. Janie,completed,1,,2026-10-01T23:01:18+00:00,2026-10-02T00:23:47+00:00,2
https://www.imdb.com/title/tt0066605/?ref_=sr_i_531,531. Zig Zag,completed,1,,2026-10-01T23:01:18+00:00,2026-10-02T00:23:37+00:00,2
https://www.imdb.com/title/tt0065489/?ref_=sr_i_532,532. Brancaleone alle Crociate,completed,1,,2026-10-01T23:01:18+00:00,2026-10-02T00:23:25+00:00,2
https://www.imdb.com/title/tt0174244/?ref_=sr_i_533,533. Stop!,completed,1,,2026-10-01T23:01:18+00:00,2026-10-02T00:23:12+00:00,2
https://www.imdb.com/title/tt0167085/?ref_=sr_i_534,534. Corbari,completed,1,,2026-10-01T23:01:18+00:00,2026-10-02T00:23:02+00:00,2
https://www.imdb.com/title/tt0371751/?ref_=sr_i_535,535. Jennifer,completed,1,,2026-10-01T23:01:18+00:00,2026-10-02T00:22:49+00:00,2
https://www.imdb.com/title/tt0065951/?ref_=sr_i_536,536. Strogoff,completed,1,,2026-10-01T23:01:18+00:00,2026-10-02T00:22:40+00:00,2
https://www.imdb.com/title/tt0155525/?ref_=sr_i_537,537. Balladen om mestertyven Ole Høiland,completed,1,,2026-10-01T23:01:18+00:00,2026-10-02T00:22:29+00:00,2
https://www.imdb.com/title/tt0065370/?ref_=sr_i_538,538. Act of the Heart,completed,1,,2026-10-01T23:01:18+00:00,2026-10-02T00:22:18+00:00,2
https://www.imdb.com/title/tt0182937/?ref_=sr_i_539,539. Love-in '72,completed,1,,2026-10-01T23:01:18+00:00,2026-10-02T00:22:06+00:00,2
https://www.imdb.com/title/tt0065499/?ref_=sr_i_540,"540. Have a Good Funeral, My Friend... Sartana Will Pay",completed,1,,2026-10-01T23:01:18+00:00,2026-10-02T00:21:55+00:00,2
https://www.imdb.com/title/tt0066536/?ref_=sr_i_541,541. The Crook,completed,1,,2026-10-01T23:01:18+00:00,2026-10-02T00:21:44+00:00,2
https://www.imdb.com/title/tt0288152/?ref_=sr_i_542,542. Island of Horrors,completed,1,,2026-10-01T23:01:18+00:00,2026-10-02T00:21:33+00:00,2
https://www.imdb.com/title/tt3428270/?ref_=sr_i_543,543. Wendy's Palace,completed,1,,2026-10-01T23:01:18+00:00,2026-10-02T00:21:22+00:00,2
https://www.imdb.com/title/tt0066537/?ref_=sr_i_544,544. Killing the Devil,completed,1,,2026-10-01T23:01:18+00:00,2026-10-02T00:21:12+00:00,2
https://www.imdb.com/title/tt0168669/?ref_=sr_i_545,545. The Divorce,completed,1,,2026-10-01T23:01:18+00:00,2026-10-02T00:21:01+00:00,2
https://www.imdb.com/title/tt0068024/?ref_=sr_i_546,546. Matalo! (Kill Him),completed,1,,2026-10-01T23:01:18+00:00,2026-10-02T00:20:50+00:00,2
https://www.imdb.com/title/tt0258150/?ref_=sr_i_547,547. The Sidewalk Cowboy,completed,1,,2026-10-01T23:01:18+00:00,2026-10-02T00:20:39+00:00,2
https://www.imdb.com/title/tt0066328/?ref_=sr_i_548,548. Santa and the Three Bears,completed,1,,2026-10-01T23:01:18+00:00,2026-10-02T00:20:30+00:00,2
https://www.imdb.com/title/tt0066533/?ref_=sr_i_549,"549. Vnimanie, cherepakha!",completed,1,,2026-10-01T23:01:18+00:00,2026-10-02T00:20:18+00:00,2
https://www.imdb.com/title/tt0066277/?ref_=sr_i_550,550. A Girl Called Jules,completed,1,,2026-10-01T23:01:18+00:00,2026-10-02T00:20:08+00:00,2
https://www.imdb.com/title/tt1512865/?ref_=sr_i_551,551. Trener,completed,1,,2026-10-01T23:01:18+00:00,2026-10-02T00:19:57+00:00,2
https://www.imdb.com/title/tt0065768/?ref_=sr_i_552,552. The Yellow House on Pinnasberg,completed,1,,2026-10-01T23:01:18+00:00,2026-10-02T00:19:46+00:00,2
https://www.imdb.com/title/tt0065484/?ref_=sr_i_553,553. Bombay Talkie,completed,1,,2026-10-01T23:01:18+00:00,2026-10-02T00:19:35+00:00,2
https://www.imdb.com/title/tt0065474/?ref_=sr_i_554,554. Black Angels,completed,1,,2026-10-01T23:01:18+00:00,2026-10-02T00:19:24+00:00,2
https://www.imdb.com/title/tt0063696/?ref_=sr_i_555,555. Tiger by the Tail,completed,1,,2026-10-01T23:01:18+00:00,2026-10-02T00:19:13+00:00,2
https://www.imdb.com/title/tt0309005/?ref_=sr_i_556,556. Tum Haseen Main Jawan,completed,1,,2026-10-01T23:01:18+00:00,2026-10-02T00:19:03+00:00,2
https://www.imdb.com/title/tt0064900/?ref_=sr_i_557,557. Robinson Crusoe,completed,1,,2026-10-01T23:01:18+00:00,2026-10-02T00:18:51+00:00,2
https://www.imdb.com/title/tt0323778/?ref_=sr_i_558,558. La rebelion de las hijas,completed,1,,2026-10-01T23:01:18+00:00,2026-10-02T00:18:41+00:00,2
https://www.imdb.com/title/tt0174224/?ref_=sr_i_559,559. Solo,completed,1,,2026-10-01T23:01:18+00:00,2026-10-02T00:18:31+00:00,2
https://www.imdb.com/title/tt0103998/?ref_=sr_i_560,560. Freelance,completed,1,,2026-10-01T23:01:18+00:00,2026-10-02T00:18:19+00:00,2
https://www.imdb.com/title/tt0243852/?ref_=sr_i_561,561. El despertar del lobo,completed,1,,2026-10-01T23:01:18+00:00,2026-10-02T00:18:08+00:00,2
https://www.imdb.com/title/tt0122329/?ref_=sr_i_562,562. Tropical Ecstasy,completed,1,,2026-10-01T23:01:18+00:00,2026-10-02T00:17:57+00:00,2
https://www.imdb.com/title/tt0223784/?ref_=sr_i_563,563. Stray Cat Rock: Wild Jumbo,completed,1,,2026-10-01T23:01:18+00:00,2026-10-02T00:17:47+00:00,2
https://www.imdb.com/title/tt0066594/?ref_=sr_i_564,564. The Wandering Swordsman,completed,1,,2026-10-01T23:01:18+00:00,2026-10-02T00:17:36+00:00,2
https://www.imdb.com/title/tt0225684/?ref_=sr_i_565,565. Faltas a la moral,completed,1,,2026-10-01T23:01:18+00:00,2026-10-02T00:17:25+00:00,2
https://www.imdb.com/title/tt0065890/?ref_=sr_i_566,566. Inginocchiati straniero... I cadaveri non fanno ombra!,completed,1,,2026-10-01T23:01:18+00:00,2026-10-02T00:17:15+00:00,2
https://www.imdb.com/title/tt0223782/?ref_=sr_i_567,567. Stray Cat Rock: Machine Animal,completed,1,,2026-10-01T23:01:18+00:00,2026-10-02T00:17:04+00:00,2
https://www.imdb.com/title/tt0165387/?ref_=sr_i_568,568. Mekura no Oichi: Inochi moraimasu,completed,1,,2026-10-01T23:01:18+00:00,2026-10-02T00:16:51+00:00,2
https://www.imdb.com/title/tt0260516/?ref_=sr_i_569,569. Cleopatra,completed,1,,2026-10-01T23:01:18+00:00,2026-10-02T00:16:41+00:00,2
https://www.imdb.com/title/tt0064195/?ref_=sr_i_570,570. Girls for Mercenaries,completed,1,,2026-10-01T23:01:18+00:00,2026-10-02T00:16:31+00:00,2
https://www.imdb.com/title/tt0066505/?ref_=sr_i_571,571. Underground,completed,1,,2026-10-01T23:01:18+00:00,2026-10-02T00:16:20+00:00,2
https://www.imdb.com/title/tt0064945/?ref_=sr_i_572,572. Schwarzer Nerz auf zarter Haut,completed,1,,2026-10-01T23:01:18+00:00,2026-10-02T00:16:09+00:00,2
https://www.imdb.com/title/tt0261601/?ref_=sr_i_573,573. Carnal Knowledge,completed,1,,2026-10-01T23:01:18+00:00,2026-10-02T00:16:00+00:00,2
https://www.imdb.com/title/tt0066031/?ref_=sr_i_574,574. Incident at Blood Pass,completed,1,,2026-10-01T23:01:18+00:00,2026-10-02T00:15:50+00:00,2
https://www.imdb.com/title/tt0189937/?ref_=sr_i_575,575. Porno Baby,completed,1,,2026-10-01T23:01:18+00:00,2026-10-02T00:15:39+00:00,2
https://www.imdb.com/title/tt0157373/?ref_=sr_i_576,576. Belle d'amore,completed,1,,2026-10-01T23:01:18+00:00,2026-10-02T00:15:29+00:00,2
https://www.imdb.com/title/tt0065584/?ref_=sr_i_577,577. Safety Catch,completed,1,,2026-10-01T23:01:18+00:00,2026-10-02T00:15:18+00:00,2
https://www.imdb.com/title/tt0180336/?ref_=sr_i_578,578. Why Was I Born a Woman?,completed,1,,2026-10-01T23:01:18+00:00,2026-10-02T00:15:07+00:00,2
https://www.imdb.com/title/tt0442610/?ref_=sr_i_579,579. Pavitra Papi,completed,1,,2026-10-01T23:01:18+00:00,2026-10-02T00:14:57+00:00,2
https://www.imdb.com/title/tt0064261/?ref_=sr_i_580,580. Dreams of Glass,completed,1,,2026-10-01T23:01:18+00:00,2026-10-02T00:14:46+00:00,2
https://www.imdb.com/title/tt0065127/?ref_=sr_i_581,581. Tchaikovsky,completed,1,,2026-10-01T23:01:18+00:00,2026-10-02T00:14:37+00:00,2
https://www.imdb.com/title/tt0263534/?ref_=sr_i_582,582. My Black Eyed,completed,1,,2026-10-01T23:01:18+00:00,2026-10-02T00:14:26+00:00,2
https://www.imdb.com/title/tt0065618/?ref_=sr_i_583,583. Dead of Summer,completed,1,,2026-10-01T23:01:18+00:00,2026-10-02T00:14:15+00:00,2
https://www.imdb.com/title/tt0135911/?ref_=sr_i_584,584. Diamond Stud,completed,1,,2026-10-01T23:01:18+00:00,2026-10-02T00:14:05+00:00,2
https://www.imdb.com/title/tt0066457/?ref_=sr_i_585,585. Le tigri di Mompracem,completed,1,,2026-10-01T23:01:18+00:00,2026-10-02T00:13:55+00:00,2
https://www.imdb.com/title/tt0064607/?ref_=sr_i_586,586. Love Is a Splendid Illusion,completed,1,,2026-10-01T23:01:18+00:00,2026-10-02T00:13:44+00:00,2
https://www.imdb.com/title/tt0148691/?ref_=sr_i_587,587. Sachaa Jhutha,completed,1,,2026-10-01T23:01:18+00:00,2026-10-02T00:13:32+00:00,2
https://www.imdb.com/title/tt0064930/?ref_=sr_i_588,588. Santo contra Blue Demon en la Atlántida,completed,1,,2026-10-01T23:01:18+00:00,2026-10-02T00:13:21+00:00,2
https://www.imdb.com/title/tt0323428/?ref_=sr_i_589,589. La noche violenta,completed,1,,2026-10-01T23:01:18+00:00,2026-10-02T00:13:10+00:00,2
https://www.imdb.com/title/tt0066169/?ref_=sr_i_590,590. O Happy Day,completed,1,,2026-10-01T23:01:18+00:00,2026-10-02T00:13:01+00:00,2
https://www.imdb.com/title/tt0129303/?ref_=sr_i_591,591. Little by Little,completed,1,,2026-10-01T23:01:18+00:00,2026-10-02T00:12:51+00:00,2
https://www.imdb.com/title/tt0066121/?ref_=sr_i_592,592. On the Comet,completed,1,,2026-10-01T23:01:18+00:00,2026-10-02T00:12:41+00:00,2
https://www.imdb.com/title/tt0187687/?ref_=sr_i_593,593. Aladdin & The Magic Lamp,completed,1,,2026-10-01T23:01:18+00:00,2026-10-02T00:12:29+00:00,2
https://www.imdb.com/title/tt0066355/?ref_=sr_i_594,594. La servante,completed,1,,2026-10-01T23:01:18+00:00,2026-10-02T00:12:19+00:00,2
https://www.imdb.com/title/tt0199568/?ref_=sr_i_595,595. Wicked Priest 4: The Killer Priest Comes Back,completed,1,,2026-10-01T23:01:18+00:00,2026-10-02T00:12:09+00:00,2
https://www.imdb.com/title/tt0066009/?ref_=sr_i_596,596. Love Me Like I Do,completed,1,,2026-10-01T23:01:18+00:00,2026-10-02T00:11:59+00:00,2
https://www.imdb.com/title/tt0141734/?ref_=sr_i_597,597. Piège,completed,1,,2026-10-01T23:01:18+00:00,2026-10-02T00:11:48+00:00,2
https://www.imdb.com/title/tt0065573/?ref_=sr_i_598,598. Contestazione generale,completed,1,,2026-10-01T23:01:18+00:00,2026-10-02T00:11:38+00:00,2
https://www.imdb.com/title/tt0134149/?ref_=sr_i_599,599. Thumbelina,completed,1,,2026-10-01T23:01:18+00:00,2026-10-02T00:11:27+00:00,2
https://www.imdb.com/title/tt0157360/?ref_=sr_i_600,600. Basta guardarla,completed,1,,2026-10-01T23:01:18+00:00,2026-10-02T00:11:17+00:00,2
https://www.imdb.com/title/tt0145266/?ref_=sr_i_601,601. Overdose of Degradation,completed,1,,2026-10-01T23:01:18+00:00,2026-10-02T00:11:05+00:00,2
https://www.imdb.com/title/tt0425583/?ref_=sr_i_602,602. Uhaw,completed,1,,2026-10-01T23:01:18+00:00,2026-10-02T00:10:54+00:00,2
https://www.imdb.com/title/tt0321237/?ref_=sr_i_603,603. Angelitos negros,completed,1,,2026-10-01T23:01:18+00:00,2026-10-02T00:10:44+00:00,2
https://www.imdb.com/title/tt0065582/?ref_=sr_i_604,604. Cover Me Babe,completed,1,,2026-10-01T23:01:18+00:00,2026-10-02T00:10:34+00:00,2
https://www.imdb.com/title/tt0323726/?ref_=sr_i_605,605. Prohibido,completed,1,,2026-10-01T23:01:18+00:00,2026-10-02T00:10:22+00:00,2
https://www.imdb.com/title/tt0259944/?ref_=sr_i_606,606. Copacabana Mon Amour,completed,1,,2026-10-01T23:01:18+00:00,2026-10-02T00:10:12+00:00,2
https://www.imdb.com/title/tt0124128/?ref_=sr_i_607,607. Slaves in Cages: 'Slaver i bure',completed,1,,2026-10-01T23:01:18+00:00,2026-10-02T00:09:59+00:00,2
https://www.imdb.com/title/tt0065375/?ref_=sr_i_608,608. The Adventures of Gerard,completed,1,,2026-10-01T23:01:18+00:00,2026-10-02T00:09:49+00:00,2
https://www.imdb.com/title/tt0180587/?ref_=sr_i_609,609. Burdus,completed,1,,2026-10-01T23:01:18+00:00,2026-10-02T00:09:39+00:00,2
https://www.imdb.com/title/tt6078138/?ref_=sr_i_610,"610. Crepa padrone, crepa tranquillo",completed,1,,2026-10-01T23:01:18+00:00,2026-10-02T00:09:27+00:00,2
https://www.imdb.com/title/tt0065422/?ref_=sr_i_611,"611. Arizona Colt, Hired Gun",completed,1,,2026-10-01T23:01:18+00:00,2026-10-02T00:09:15+00:00,2
https://www.imdb.com/title/tt14995948/?ref_=sr_i_612,612. The Innermost Limits of Pure Fun,completed,1,,2026-10-01T23:01:18+00:00,2026-10-02T00:09:02+00:00,2
https://www.imdb.com/title/tt0066383/?ref_=sr_i_613,613. Sin un adiós,completed,1,,2026-10-01T23:01:18+00:00,2026-10-02T00:08:50+00:00,2
https://www.imdb.com/title/tt0065639/?ref_=sr_i_614,614. El dinero tiene miedo,completed,1,,2026-10-01T23:01:18+00:00,2026-10-02T00:08:39+00:00,2
https://www.imdb.com/title/tt0066095/?ref_=sr_i_615,615. Moonfire,completed,1,,2026-10-01T23:01:18+00:00,2026-10-02T00:08:28+00:00,2
https://www.imdb.com/title/tt0263658/?ref_=sr_i_616,616. O lipotaktis,completed,1,,2026-10-01T23:01:18+00:00,2026-10-02T00:08:15+00:00,2
https://www.imdb.com/title/tt0066163/?ref_=sr_i_617,617. Notes Towards an African Orestes,completed,1,,2026-10-01T23:01:18+00:00,2026-10-02T00:08:03+00:00,2
https://www.imdb.com/title/tt2389704/?ref_=sr_i_618,618. Women Hell Song: Shakuhachi Benten,completed,1,,2026-10-01T23:01:18+00:00,2026-10-02T00:07:52+00:00,2
https://www.imdb.com/title/tt0123204/?ref_=sr_i_619,619. Ombre roventi,completed,1,,2026-10-01T23:01:18+00:00,2026-10-02T00:07:42+00:00,2
https://www.imdb.com/title/tt0989831/?ref_=sr_i_620,620. Jibon Theke Neya,completed,1,,2026-10-01T23:01:18+00:00,2026-10-02T00:07:31+00:00,2
https://www.imdb.com/title/tt0066124/?ref_=sr_i_621,621. The Beginning,completed,1,,2026-10-01T23:01:18+00:00,2026-10-02T00:07:19+00:00,2
https://www.imdb.com/title/tt0246286/?ref_=sr_i_622,622. The Train,completed,1,,2026-10-01T23:01:18+00:00,2026-10-02T00:07:07+00:00,2
https://www.imdb.com/title/tt0066145/?ref_=sr_i_623,623. Night of the Witches,completed,1,,2026-10-01T23:01:18+00:00,2026-10-02T00:06:49+00:00,2
https://www.imdb.com/title/tt0065943/?ref_=sr_i_624,624. King of the Grizzlies,completed,1,,2026-10-01T23:01:18+00:00,2026-10-02T00:06:38+00:00,2
https://www.imdb.com/title/tt0161397/?ref_=sr_i_625,625. Un caso di coscienza,completed,1,,2026-10-01T23:01:18+00:00,2026-10-02T00:06:26+00:00,2
https://www.imdb.com/title/tt0148692/?ref_=sr_i_626,626. Safar,completed,1,,2026-10-01T23:01:18+00:00,2026-10-02T00:06:14+00:00,2
https://www.imdb.com/title/tt0072992/?ref_=sr_i_627,627. De 5 i fedtefadet,completed,1,,2026-10-01T23:01:18+00:00,2026-10-02T00:06:02+00:00,2
https://www.imdb.com/title/tt0171228/?ref_=sr_i_628,628. The Dirtiest Game,completed,1,,2026-10-01T23:01:18+00:00,2026-10-02T00:05:51+00:00,2
https://www.imdb.com/title/tt0153784/?ref_=sr_i_629,629. Who Killed Cock Robin?,completed,1,,2026-10-01T23:01:18+00:00,2026-10-02T00:05:41+00:00,2
https://www.imdb.com/title/tt0064140/?ref_=sr_i_630,630. Cateto a babor,completed,1,,2026-10-01T23:01:18+00:00,2026-10-02T00:05:30+00:00,2
https://www.imdb.com/title/tt0153615/?ref_=sr_i_631,631. Those Sweet Creatures,completed,1,,2026-10-01T23:01:18+00:00,2026-10-02T00:05:20+00:00,2
https://www.imdb.com/title/tt0149207/?ref_=sr_i_632,632. Substitution,completed,1,,2026-10-01T23:01:18+00:00,2026-10-02T00:05:09+00:00,2
https://www.imdb.com/title/tt0211690/?ref_=sr_i_633,633. Le tue mani sul mio corpo,completed,1,,2026-10-01T23:01:18+00:00,2026-10-02T00:04:59+00:00,2
https://www.imdb.com/title/tt0065984/?ref_=sr_i_634,634. Die liebestollen Baronessen,completed,1,,2026-10-01T23:01:18+00:00,2026-10-02T00:04:48+00:00,2
https://www.imdb.com/title/tt0064711/?ref_=sr_i_635,635. Männer sind zum Lieben da,completed,1,,2026-10-01T23:01:18+00:00,2026-10-02T00:04:36+00:00,2
https://www.imdb.com/title/tt0065173/?ref_=sr_i_636,636. Wind from the East,completed,1,,2026-10-01T23:01:18+00:00,2026-10-02T00:04:25+00:00,2
https://www.imdb.com/title/tt0064796/?ref_=sr_i_637,637. Children of Mata Hari,completed,1,,2026-10-01T23:01:18+00:00,2026-10-02T00:04:15+00:00,2
https://www.imdb.com/title/tt0252330/?ref_=sr_i_638,638. Le clair de terre,completed,1,,2026-10-01T23:01:18+00:00,2026-10-02T00:04:03+00:00,2
https://www.imdb.com/title/tt0324319/?ref_=sr_i_639,639. Las tres magnificas,completed,1,,2026-10-01T23:01:18+00:00,2026-10-02T00:03:52+00:00,2
https://www.imdb.com/title/tt0188093/?ref_=sr_i_640,640. Necropolis,completed,1,,2026-10-01T23:01:18+00:00,2026-10-02T00:03:42+00:00,2
https://www.imdb.com/title/tt0468830/?ref_=sr_i_641,641. Delicato,completed,1,,2026-10-01T23:01:18+00:00,2026-10-02T00:03:30+00:00,2
https://www.imdb.com/title/tt0218477/?ref_=sr_i_642,642. La nuit bulgare,completed,1,,2026-10-01T23:01:18+00:00,2026-10-02T00:03:20+00:00,2
https://www.imdb.com/title/tt0067912/?ref_=sr_i_643,643. Apocalypse Joe,completed,1,,2026-10-01T23:01:18+00:00,2026-10-02T00:03:08+00:00,2
https://www.imdb.com/title/tt0065503/?ref_=sr_i_644,644. The Scandalous Adventures of Buraikan,completed,1,,2026-10-01T23:01:18+00:00,2026-10-02T00:02:57+00:00,2
https://www.imdb.com/title/tt0216714/?ref_=sr_i_645,645. Dirty Pool,completed,1,,2026-10-01T23:01:18+00:00,2026-10-02T00:02:46+00:00,2
https://www.imdb.com/title/tt0065501/?ref_=sr_i_646,646. A Bullet for Pretty Boy,completed,1,,2026-10-01T23:01:18+00:00,2026-10-02T00:02:36+00:00,2
https://www.imdb.com/title/tt0164750/?ref_=sr_i_647,647. Gangster Cop,completed,1,,2026-10-01T23:01:18+00:00,2026-10-02T00:02:24+00:00,2
https://www.imdb.com/title/tt0260443/?ref_=sr_i_648,648. Tuck Me In,completed,1,,2026-10-01T23:01:18+00:00,2026-10-02T00:02:13+00:00,2
https://www.imdb.com/title/tt0065764/?ref_=sr_i_649,649. Geet,completed,1,,2026-10-01T23:01:18+00:00,2026-10-02T00:02:04+00:00,2
https://www.imdb.com/title/tt0316525/?ref_=sr_i_650,650. Sagina Mahato,completed,1,,2026-10-01T23:01:18+00:00,2026-10-02T00:01:53+00:00,2
https://www.imdb.com/title/tt0190364/?ref_=sr_i_651,651. Dinah East,completed,1,,2026-10-01T23:01:18+00:00,2026-10-02T00:01:43+00:00,2
https://www.imdb.com/title/tt0067097/?ref_=sr_i_652,652. Las figuras de arena,completed,1,,2026-10-01T23:01:18+00:00,2026-10-02T00:01:31+00:00,2
https://www.imdb.com/title/tt0154896/?ref_=sr_i_653,653. Mont-Dragon,completed,1,,2026-10-01T23:01:18+00:00,2026-10-02T00:01:20+00:00,2
https://www.imdb.com/title/tt0135359/?ref_=sr_i_654,654. The Tale of the Dean's Wife,completed,1,,2026-10-01T23:01:18+00:00,2026-10-02T00:01:09+00:00,2
https://www.imdb.com/title/tt0064963/?ref_=sr_i_655,655. The Set,completed,1,,2026-10-01T23:01:18+00:00,2026-10-02T00:00:58+00:00,2
https://www.imdb.com/title/tt0066622/?ref_=sr_i_656,656. Judgement,completed,1,,2026-10-01T23:01:18+00:00,2026-10-02T00:00:47+00:00,2
https://www.imdb.com/title/tt0065758/?ref_=sr_i_657,657. Ganwaar,completed,1,,2026-10-01T23:01:18+00:00,2026-10-02T00:00:33+00:00,2
https://www.imdb.com/title/tt0203605/?ref_=sr_i_658,658. The Shadow Within,completed,1,,2026-10-01T23:01:18+00:00,2026-10-02T00:00:20+00:00,2
https://www.imdb.com/title/tt0065732/?ref_=sr_i_659,659. Maniacs on Wheels,completed,1,,2026-10-01T23:01:18+00:00,2026-10-02T00:00:07+00:00,2
https://www.imdb.com/title/tt0066041/?ref_=sr_i_660,660. The House of the Bories,completed,1,,2026-10-01T23:01:18+00:00,2026-10-01T23:59:55+00:00,2
https://www.imdb.com/title/tt0323921/?ref_=sr_i_661,661. The Battle of Manchuria,completed,1,,2026-10-01T23:01:18+00:00,2026-10-01T23:59:45+00:00,2
https://www.imdb.com/title/tt0268519/?ref_=sr_i_662,662. Pagla Kahin Ka,completed,1,,2026-10-01T23:01:18+00:00,2026-10-01T23:59:35+00:00,2
https://www.imdb.com/title/tt0066760/?ref_=sr_i_663,663. El amor de María Isabel,completed,1,,2026-10-01T23:01:18+00:00,2026-10-01T23:59:24+00:00,2
https://www.imdb.com/title/tt0066385/?ref_=sr_i_664,664. Skulle det dukke opp flere lik er det bare å ringe.....,completed,1,,2026-10-01T23:01:18+00:00,2026-10-01T23:59:13+00:00,2
https://www.imdb.com/title/tt0368139/?ref_=sr_i_665,665. The Phantom Gunslinger,completed,1,,2026-10-01T23:01:18+00:00,2026-10-01T23:59:03+00:00,2
https://www.imdb.com/title/tt0361948/?ref_=sr_i_666,666. Naya Raasta,completed,1,,2026-10-01T23:01:18+00:00,2026-10-01T23:58:54+00:00,2
https://www.imdb.com/title/tt0066188/?ref_=sr_i_667,667. Chapaqua's Gold,completed,1,,2026-10-01T23:01:18+00:00,2026-10-01T23:58:44+00:00,2
https://www.imdb.com/title/tt0067643/?ref_=sr_i_668,668. One Damned Day at Dawn... Django Meets Sartana!,completed,1,,2026-10-01T23:01:18+00:00,2026-10-01T23:58:34+00:00,2
https://www.imdb.com/title/tt0066425/?ref_=sr_i_669,669. Sweet Bird of Aquarius,completed,1,,2026-10-01T23:01:18+00:00,2026-10-01T23:58:23+00:00,2
https://www.imdb.com/title/tt0203595/?ref_=sr_i_670,670. Tatto of the Jack,completed,1,,2026-10-01T23:01:18+00:00,2026-10-01T23:58:13+00:00,2
https://www.imdb.com/title/tt0066429/?ref_=sr_i_671,671. Lovefilm,completed,1,,2026-10-01T23:01:18+00:00,2026-10-01T23:58:02+00:00,2
https://www.imdb.com/title/tt0132376/?ref_=sr_i_672,672. Olsen-banden og Dynamitt-Harry,completed,1,,2026-10-01T23:01:18+00:00,2026-10-01T23:57:52+00:00,2
https://www.imdb.com/title/tt0065646/?ref_=sr_i_673,673. Django Defies Sartana,completed,1,,2026-10-01T23:01:18+00:00,2026-10-01T23:57:41+00:00,2
https://www.imdb.com/title/tt0069167/?ref_=sr_i_674,"674. The Red, White, and Black",completed,1,,2026-10-01T23:01:18+00:00,2026-10-01T23:57:30+00:00,2
https://www.imdb.com/title/tt0065833/?ref_=sr_i_675,675. La hermanita Dinamita,completed,1,,2026-10-01T23:01:18+00:00,2026-10-01T23:57:20+00:00,2
https://www.imdb.com/title/tt0065917/?ref_=sr_i_676,676. Jonathan,completed,1,,2026-10-01T23:01:18+00:00,2026-10-01T23:57:09+00:00,2
https://www.imdb.com/title/tt0318028/?ref_=sr_i_677,"677. Reza, the Motorcyclist",completed,1,,2026-10-01T23:01:18+00:00,2026-10-01T23:56:59+00:00,2
https://www.imdb.com/title/tt0065862/?ref_=sr_i_678,678. Four Moods,completed,1,,2026-10-01T23:01:18+00:00,2026-10-01T23:56:48+00:00,2
https://www.imdb.com/title/tt35380632/?ref_=sr_i_679,679. The Occult - An Echo from Darkness,completed,1,,2026-10-01T23:01:18+00:00,2026-10-01T23:56:36+00:00,2
https://www.imdb.com/title/tt0065012/?ref_=sr_i_680,"680. Some Will, Some Won't",completed,1,,2026-10-01T23:01:18+00:00,2026-10-01T23:56:26+00:00,2
https://www.imdb.com/title/tt0246898/?ref_=sr_i_681,681. Rosas blancas para mi hermana negra,completed,1,,2026-10-01T23:01:18+00:00,2026-10-01T23:56:16+00:00,2
https://www.imdb.com/title/tt0121266/?ref_=sr_i_682,682. Fandango,completed,1,,2026-10-01T23:01:18+00:00,2026-10-01T23:56:05+00:00,2
https://www.imdb.com/title/tt0178218/?ref_=sr_i_683,683. Abhinetri,completed,1,,2026-10-01T23:01:18+00:00,2026-10-01T23:55:54+00:00,2
https://www.imdb.com/title/tt0239668/?ref_=sr_i_684,684. Unquiet Death,completed,1,,2026-10-01T23:01:18+00:00,2026-10-01T23:55:43+00:00,2
https://www.imdb.com/title/tt0066045/?ref_=sr_i_685,685. Il tuo dolce corpo da uccidere,completed,1,,2026-10-01T23:01:18+00:00,2026-10-01T23:55:32+00:00,2
https://www.imdb.com/title/tt0065394/?ref_=sr_i_686,686. Conjugal Love,completed,1,,2026-10-01T23:01:18+00:00,2026-10-01T23:55:23+00:00,2
https://www.imdb.com/title/tt0179147/?ref_=sr_i_687,687. Devil Rider!,completed,1,,2026-10-01T23:01:18+00:00,2026-10-01T23:55:11+00:00,2
https://www.imdb.com/title/tt0250540/?ref_=sr_i_688,688. Lovers by Appointment,completed,1,,2026-10-01T23:01:18+00:00,2026-10-01T23:55:00+00:00,2
https://www.imdb.com/title/tt0159091/?ref_=sr_i_689,689. Fighters from Ave Maria,completed,1,,2026-10-01T23:01:18+00:00,2026-10-01T23:54:52+00:00,2
https://www.imdb.com/title/tt0068201/?ref_=sr_i_690,690. American Wilderness,completed,1,,2026-10-01T23:01:18+00:00,2026-10-01T23:54:41+00:00,2
https://www.imdb.com/title/tt0242632/?ref_=sr_i_691,691. The Love Mates,completed,1,,2026-10-01T23:01:18+00:00,2026-10-01T23:54:31+00:00,2
https://www.imdb.com/title/tt0066222/?ref_=sr_i_692,692. Pieces of Dreams,completed,1,,2026-10-01T23:01:18+00:00,2026-10-01T23:54:21+00:00,2
https://www.imdb.com/title/tt0311933/?ref_=sr_i_693,693. Tres amigos,completed,1,,2026-10-01T23:01:18+00:00,2026-10-01T23:54:11+00:00,2
https://www.imdb.com/title/tt0067655/?ref_=sr_i_694,694. Rdece klasje,completed,1,,2026-10-01T23:01:18+00:00,2026-10-01T23:54:01+00:00,2
https://www.imdb.com/title/tt0180628/?ref_=sr_i_695,695. El cuerpazo del delito,completed,1,,2026-10-01T23:01:18+00:00,2026-10-01T23:53:51+00:00,2
https://www.imdb.com/title/tt0065958/?ref_=sr_i_696,696. Lady of Steel,completed,1,,2026-10-01T23:01:18+00:00,2026-10-01T23:53:41+00:00,2
https://www.imdb.com/title/tt0064933/?ref_=sr_i_697,697. The World of the Dead,completed,1,,2026-10-01T23:01:18+00:00,2026-10-01T23:53:31+00:00,2
https://www.imdb.com/title/tt0354503/?ref_=sr_i_698,698. Dharti,completed,1,,2026-10-01T23:01:18+00:00,2026-10-01T23:53:20+00:00,2
https://www.imdb.com/title/tt0066143/?ref_=sr_i_699,699. Night of the Bloody Transplant,completed,1,,2026-10-01T23:01:18+00:00,2026-10-01T23:53:10+00:00,2
https://www.imdb.com/title/tt0064423/?ref_=sr_i_700,700. Heureux qui comme Ulysse...,completed,1,,2026-10-01T23:01:18+00:00,2026-10-01T23:53:01+00:00,2
https://www.imdb.com/title/tt0415137/?ref_=sr_i_701,701. Maharlika,completed,1,,2026-10-01T23:01:18+00:00,2026-10-01T23:52:51+00:00,2
https://www.imdb.com/title/tt0122731/?ref_=sr_i_702,702. Splendori e miserie di Madame Royale,completed,1,,2026-10-01T23:01:18+00:00,2026-10-01T23:52:41+00:00,2
https://www.imdb.com/title/tt0063137/?ref_=sr_i_703,703. The Invincible Six,completed,1,,2026-10-01T23:01:18+00:00,2026-10-01T23:52:30+00:00,2
https://www.imdb.com/title/tt0235011/?ref_=sr_i_704,704. Walk the Walk,completed,1,,2026-10-01T23:01:18+00:00,2026-10-01T23:52:19+00:00,2
https://www.imdb.com/title/tt0453091/?ref_=sr_i_705,705. The Enchanting Ghost,completed,1,,2026-10-01T23:01:18+00:00,2026-10-01T23:52:09+00:00,2
https://www.imdb.com/title/tt0064031/?ref_=sr_i_706,706. Don Franco e Don Ciccio nell'anno della contestazione,completed,1,,2026-10-01T23:01:18+00:00,2026-10-01T23:51:59+00:00,2
https://www.imdb.com/title/tt0063550/?ref_=sr_i_707,707. Satanis: The Devil's Mass,completed,1,,2026-10-01T23:01:18+00:00,2026-10-01T23:51:48+00:00,2
https://www.imdb.com/title/tt0129134/?ref_=sr_i_708,708. The Hart of London,completed,1,,2026-10-01T23:01:18+00:00,2026-10-01T23:51:39+00:00,2
https://www.imdb.com/title/tt0260354/?ref_=sr_i_709,"709. Sem Essa, Aranha",completed,1,,2026-10-01T23:01:18+00:00,2026-10-01T23:51:30+00:00,2
https://www.imdb.com/title/tt0066081/?ref_=sr_i_710,710. Good-Bye Nana,completed,1,,2026-10-01T23:01:18+00:00,2026-10-01T23:51:21+00:00,2
https://www.imdb.com/title/tt0066056/?ref_=sr_i_711,711. The Man from O.R.G.Y.,completed,1,,2026-10-01T23:01:18+00:00,2026-10-01T23:51:10+00:00,2
https://www.imdb.com/title/tt0246848/?ref_=sr_i_712,712. Pehchan,completed,1,,2026-10-01T23:01:18+00:00,2026-10-01T23:51:00+00:00,2
https://www.imdb.com/title/tt0065577/?ref_=sr_i_713,713. The Couples,completed,1,,2026-10-01T23:01:18+00:00,2026-10-01T23:50:49+00:00,2
https://www.imdb.com/title/tt0144396/?ref_=sr_i_714,714. My Sister's Business,completed,1,,2026-10-01T23:01:18+00:00,2026-10-01T23:50:39+00:00,2
https://www.imdb.com/title/tt0066544/?ref_=sr_i_715,715. Wanted: Perfect Mother,completed,1,,2026-10-01T23:01:18+00:00,2026-10-01T23:50:28+00:00,2
https://www.imdb.com/title/tt0406217/?ref_=sr_i_716,716. Shokkaku,completed,1,,2026-10-01T23:01:18+00:00,2026-10-01T23:50:18+00:00,2
https://www.imdb.com/title/tt0065040/?ref_=sr_i_717,717. Strange Holiday,completed,1,,2026-10-01T23:01:18+00:00,2026-10-01T23:50:08+00:00,2
https://www.imdb.com/title/tt0066465/?ref_=sr_i_718,718. Togetherness,completed,1,,2026-10-01T23:01:18+00:00,2026-10-01T23:49:57+00:00,2
https://www.imdb.com/title/tt0194554/?ref_=sr_i_719,719. A Taste of Cold Steel,completed,1,,2026-10-01T23:01:18+00:00,2026-10-01T23:49:47+00:00,2
https://www.imdb.com/title/tt0204127/?ref_=sr_i_720,"720. Take Care, Red Riding Hood",completed,1,,2026-10-01T23:01:18+00:00,2026-10-01T23:49:37+00:00,2
https://www.imdb.com/title/tt0065740/?ref_=sr_i_721,721. Frau Wirtin treibt es jetzt noch toller,completed,1,,2026-10-01T23:01:18+00:00,2026-10-01T23:49:27+00:00,2
https://www.imdb.com/title/tt0066514/?ref_=sr_i_722,722. Uski Roti,completed,1,,2026-10-01T23:01:18+00:00,2026-10-01T23:49:17+00:00,2
https://www.imdb.com/title/tt0063499/?ref_=sr_i_723,723. Ramparts of Clay,completed,1,,2026-10-01T23:01:18+00:00,2026-10-01T23:49:08+00:00,2
https://www.imdb.com/title/tt0138609/?ref_=sr_i_724,724. Mezzanotte d'amore,completed,1,,2026-10-01T23:01:18+00:00,2026-10-01T23:48:58+00:00,2
https://www.imdb.com/title/tt43398570/?ref_=sr_i_725,725. Modala Rathri,completed,1,,2026-10-01T23:01:18+00:00,2026-10-01T23:48:46+00:00,2
https://www.imdb.com/title/tt0065539/?ref_=sr_i_726,726. Chanoc en las garras de las fieras,completed,1,,2026-10-01T23:01:18+00:00,2026-10-01T23:48:37+00:00,2
https://www.imdb.com/title/tt0195063/?ref_=sr_i_727,727. Meu Pé de Laranja Lima,completed,1,,2026-10-01T23:01:18+00:00,2026-10-01T23:48:27+00:00,2
https://www.imdb.com/title/tt0169756/?ref_=sr_i_728,728. Derby,completed,1,,2026-10-01T23:01:18+00:00,2026-10-01T23:48:16+00:00,2
https://www.imdb.com/title/tt0066288/?ref_=sr_i_729,729. Red the Half Breed,completed,1,,2026-10-01T23:01:18+00:00,2026-10-01T23:48:06+00:00,2
https://www.imdb.com/title/tt0068862/?ref_=sr_i_730,730. Microscopic Liquid Subway to Oblivion,completed,1,,2026-10-01T23:01:18+00:00,2026-10-01T23:47:56+00:00,2
https://www.imdb.com/title/tt0064450/?ref_=sr_i_731,731. How to Succeed with Sex,completed,1,,2026-10-01T23:01:18+00:00,2026-10-01T23:47:48+00:00,2
https://www.imdb.com/title/tt0181275/?ref_=sr_i_732,732. a.k.a. Cassius Clay,completed,1,,2026-10-01T23:01:18+00:00,2026-10-01T23:47:39+00:00,2
https://www.imdb.com/title/tt0066430/?ref_=sr_i_733,733. The Loves of Liszt,completed,1,,2026-10-01T23:01:18+00:00,2026-10-01T23:47:27+00:00,2
https://www.imdb.com/title/tt0067544/?ref_=sr_i_734,734. The Pacifist,completed,1,,2026-10-01T23:01:18+00:00,2026-10-01T23:47:16+00:00,2
https://www.imdb.com/title/tt0064582/?ref_=sr_i_735,735. The Lion Has Seven Heads,completed,1,,2026-10-01T23:01:18+00:00,2026-10-01T23:47:06+00:00,2
https://www.imdb.com/title/tt0254354/?ref_=sr_i_736,736. Ghar Ghar Ki Kahani,completed,1,,2026-10-01T23:01:18+00:00,2026-10-01T23:46:57+00:00,2
https://www.imdb.com/title/tt0065384/?ref_=sr_i_737,737. All the Way Up,completed,1,,2026-10-01T23:01:18+00:00,2026-10-01T23:46:46+00:00,2
https://www.imdb.com/title/tt0066762/?ref_=sr_i_738,738. L'amour humain,completed,1,,2026-10-01T23:01:18+00:00,2026-10-01T23:46:36+00:00,2
https://www.imdb.com/title/tt0124843/?ref_=sr_i_739,739. Præriens skrappe drenge,completed,1,,2026-10-01T23:01:18+00:00,2026-10-01T23:46:27+00:00,2
https://www.imdb.com/title/tt0279060/?ref_=sr_i_740,"740. Hey, Amigo... Rest in Peace!",completed,1,,2026-10-01T23:01:18+00:00,2026-10-01T23:46:17+00:00,2
https://www.imdb.com/title/tt0064078/?ref_=sr_i_741,741. Les libertines,completed,1,,2026-10-01T23:01:18+00:00,2026-10-01T23:46:06+00:00,2
https://www.imdb.com/title/tt0186972/?ref_=sr_i_742,742. Girls for Pleasure,completed,1,,2026-10-01T23:01:18+00:00,2026-10-01T23:45:55+00:00,2
https://www.imdb.com/title/tt0065906/?ref_=sr_i_743,743. Jack Johnson,completed,1,,2026-10-01T23:01:18+00:00,2026-10-01T23:45:43+00:00,2
https://www.imdb.com/title/tt0230498/?ref_=sr_i_744,744. Man Ki Aankhen,completed,1,,2026-10-01T23:01:18+00:00,2026-10-01T23:45:33+00:00,2
https://www.imdb.com/title/tt0066487/?ref_=sr_i_745,745. Triangle,completed,1,,2026-10-01T23:01:18+00:00,2026-10-01T23:45:23+00:00,2
https://www.imdb.com/title/tt0276064/?ref_=sr_i_746,746. Devil Woman,completed,1,,2026-10-01T23:01:18+00:00,2026-10-01T23:45:12+00:00,2
https://www.imdb.com/title/tt0318385/?ref_=sr_i_747,747. Heer Ranjha,completed,1,,2026-10-01T23:01:18+00:00,2026-10-01T23:45:02+00:00,2
https://www.imdb.com/title/tt0065992/?ref_=sr_i_748,748. Sartana Kills Them All,completed,1,,2026-10-01T23:01:18+00:00,2026-10-01T23:44:52+00:00,2
https://www.imdb.com/title/tt0064385/?ref_=sr_i_749,"749. Shine, Shine, My Star",completed,1,,2026-10-01T23:01:18+00:00,2026-10-01T23:44:42+00:00,2
https://www.imdb.com/title/tt0341563/?ref_=sr_i_750,750. Sawan Bhadon,completed,1,,2026-10-01T23:01:18+00:00,2026-10-01T23:44:31+00:00,2
https://www.imdb.com/title/tt0064549/?ref_=sr_i_751,"751. Komm nach Wien, ich zeig dir was!",completed,1,,2026-10-01T23:01:18+00:00,2026-10-01T23:44:21+00:00,2
https://www.imdb.com/title/tt0066586/?ref_=sr_i_752,752. X + YY: Formel des Bösen,completed,1,,2026-10-01T23:01:18+00:00,2026-10-01T23:44:10+00:00,2
https://www.imdb.com/title/tt0241687/?ref_=sr_i_753,753. Loving Memory,completed,1,,2026-10-01T23:01:18+00:00,2026-10-01T23:44:01+00:00,2
https://www.imdb.com/title/tt0066110/?ref_=sr_i_754,"754. Musik, Musik - da wackelt die Penne",completed,1,,2026-10-01T23:01:18+00:00,2026-10-01T23:43:51+00:00,2
https://www.imdb.com/title/tt0069221/?ref_=sr_i_755,755. Santo vs. the Riders of Terror,completed,1,,2026-10-01T23:01:18+00:00,2026-10-01T23:43:41+00:00,2
https://www.imdb.com/title/tt0066243/?ref_=sr_i_756,756. Il presidente del Borgorosso Football Club,completed,1,,2026-10-01T23:01:18+00:00,2026-10-01T23:43:31+00:00,2
https://www.imdb.com/title/tt0230079/?ref_=sr_i_757,757. Chetna,completed,1,,2026-10-01T23:01:18+00:00,2026-10-01T23:43:20+00:00,2
https://www.imdb.com/title/tt0173937/?ref_=sr_i_758,758. Jack and the Beanstalk,completed,1,,2026-10-01T23:01:18+00:00,2026-10-01T23:43:10+00:00,2
https://www.imdb.com/title/tt0147229/?ref_=sr_i_759,"759. Ride Hard, Ride Wild",completed,1,,2026-10-01T23:01:18+00:00,2026-10-01T23:43:00+00:00,2
https://www.imdb.com/title/tt0191625/?ref_=sr_i_760,760. Barbara the Fair with the Silken Hair,completed,1,,2026-10-01T23:01:18+00:00,2026-10-01T23:42:49+00:00,2
https://www.imdb.com/title/tt0311375/?ref_=sr_i_761,761. Los juniors,completed,1,,2026-10-01T23:01:18+00:00,2026-10-01T23:42:37+00:00,2
https://www.imdb.com/title/tt0291478/?ref_=sr_i_762,762. Shinjuku Mad,completed,1,,2026-10-01T23:01:18+00:00,2026-10-01T23:42:22+00:00,2
https://www.imdb.com/title/tt11108022/?ref_=sr_i_763,763. End Zone 2,completed,1,,2026-10-01T23:01:18+00:00,2026-10-01T23:42:12+00:00,2
https://www.imdb.com/title/tt0066236/?ref_=sr_i_764,764. Praise Marx and Pass the Ammunition,completed,1,,2026-10-01T23:01:18+00:00,2026-10-01T23:42:02+00:00,2
https://www.imdb.com/title/tt0180960/?ref_=sr_i_765,765. Last Train to Berlin,completed,1,,2026-10-01T23:01:18+00:00,2026-10-01T23:41:51+00:00,2
https://www.imdb.com/title/tt0200460/?ref_=sr_i_766,766. Aftoi pou milisan me ton thanato,completed,1,,2026-10-01T23:01:18+00:00,2026-10-01T23:41:41+00:00,2
https://www.imdb.com/title/tt0175756/?ref_=sr_i_767,767. Humjoli,completed,1,,2026-10-01T23:01:18+00:00,2026-10-01T23:41:29+00:00,2
https://www.imdb.com/title/tt0065675/?ref_=sr_i_768,768. Et ma soeur ne pense qu'à ça,completed,1,,2026-10-01T23:01:18+00:00,2026-10-01T23:41:18+00:00,2
https://www.imdb.com/title/tt0065365/?ref_=sr_i_769,769. Abarten der körperlichen Liebe,completed,1,,2026-10-01T23:01:18+00:00,2026-10-01T23:41:08+00:00,2
https://www.imdb.com/title/tt0198947/?ref_=sr_i_770,770. When the Bell Tolls,completed,1,,2026-10-01T23:01:18+00:00,2026-10-01T23:40:58+00:00,2
https://www.imdb.com/title/tt0263427/?ref_=sr_i_771,771. Hayatim Sana Feda,completed,1,,2026-10-01T23:01:18+00:00,2026-10-01T23:40:47+00:00,2
https://www.imdb.com/title/tt3026314/?ref_=sr_i_772,772. Chicago Blues,completed,1,,2026-10-01T23:01:18+00:00,2026-10-01T23:40:35+00:00,2
https://www.imdb.com/title/tt0141135/?ref_=sr_i_773,773. Gopi,completed,1,,2026-10-01T23:01:18+00:00,2026-10-01T23:40:24+00:00,2
https://www.imdb.com/title/tt0065467/?ref_=sr_i_774,774. Bhai Bhai,completed,1,,2026-10-01T23:01:18+00:00,2026-10-01T23:40:14+00:00,2
https://www.imdb.com/title/tt0065039/?ref_=sr_i_775,775. Una storia d'amore,completed,1,,2026-10-01T23:01:18+00:00,2026-10-01T23:40:03+00:00,2
https://www.imdb.com/title/tt0062701/?ref_=sr_i_776,776. Balsamus l'uomo di Satana,completed,1,,2026-10-01T23:01:18+00:00,2026-10-01T23:39:54+00:00,2
https://www.imdb.com/title/tt0065828/?ref_=sr_i_777,777. Hello-Goodbye,completed,1,,2026-10-01T23:01:18+00:00,2026-10-01T23:39:43+00:00,2
https://www.imdb.com/title/tt0212004/?ref_=sr_i_778,"778. Brother, Cry for Me",completed,1,,2026-10-01T23:01:18+00:00,2026-10-01T23:39:32+00:00,2
https://www.imdb.com/title/tt0144180/?ref_=sr_i_779,779. Du soleil plein les yeux,completed,1,,2026-10-01T23:01:18+00:00,2026-10-01T23:39:21+00:00,2
https://www.imdb.com/title/tt5300244/?ref_=sr_i_780,780. Osvobozhdenie: Proryv,completed,1,,2026-10-01T23:01:18+00:00,2026-10-01T23:39:10+00:00,2
https://www.imdb.com/title/tt0166614/?ref_=sr_i_781,781. Die fleißigen Bienen vom Fröhlichen Bock,completed,1,,2026-10-01T23:01:18+00:00,2026-10-01T23:38:58+00:00,2
https://www.imdb.com/title/tt0205507/?ref_=sr_i_782,782. Vuelve el ojo de vidrio,completed,1,,2026-10-01T23:01:18+00:00,2026-10-01T23:38:49+00:00,2
https://www.imdb.com/title/tt0065731/?ref_=sr_i_783,783. Fools,completed,1,,2026-10-01T23:01:18+00:00,2026-10-01T23:38:38+00:00,2
https://www.imdb.com/title/tt0066557/?ref_=sr_i_784,784. Wenn du bei mir bist,completed,1,,2026-10-01T23:01:18+00:00,2026-10-01T23:38:28+00:00,2
https://www.imdb.com/title/tt0143164/?ref_=sr_i_785,785. Captain Milkshake,completed,1,,2026-10-01T23:01:18+00:00,2026-10-01T23:38:17+00:00,2
https://www.imdb.com/title/tt0200448/?ref_=sr_i_786,786. O Astrapogiannos,completed,1,,2026-10-01T23:01:18+00:00,2026-10-01T23:38:08+00:00,2
https://www.imdb.com/title/tt0065865/?ref_=sr_i_787,787. Hurra for de blå husarer,completed,1,,2026-10-01T23:01:18+00:00,2026-10-01T23:37:56+00:00,2
https://www.imdb.com/title/tt0131027/?ref_=sr_i_788,788. Squeeze a Flower,completed,1,,2026-10-01T23:01:18+00:00,2026-10-01T23:37:45+00:00,2
https://www.imdb.com/title/tt0251029/?ref_=sr_i_789,789. Como enfriar a mi marido,completed,1,,2026-10-01T23:01:18+00:00,2026-10-01T23:37:34+00:00,2
https://www.imdb.com/title/tt0182278/?ref_=sr_i_790,790. Lettera aperta a un giornale della sera,completed,1,,2026-10-01T23:01:18+00:00,2026-10-01T23:37:24+00:00,2
https://www.imdb.com/title/tt0066197/?ref_=sr_i_791,791. Paddy,completed,1,,2026-10-01T23:01:18+00:00,2026-10-01T23:37:14+00:00,2
https://www.imdb.com/title/tt0067296/?ref_=sr_i_792,792. Where Spring Comes Late,completed,1,,2026-10-01T23:01:18+00:00,2026-10-01T23:37:05+00:00,2
https://www.imdb.com/title/tt0469636/?ref_=sr_i_793,793. Turist Ömer: Yamyamlar Arasinda,completed,1,,2026-10-01T23:01:18+00:00,2026-10-01T23:36:54+00:00,2
https://www.imdb.com/title/tt0202788/?ref_=sr_i_794,"794. America così nuda, così violenta",completed,1,,2026-10-01T23:01:18+00:00,2026-10-01T23:36:44+00:00,2
https://www.imdb.com/title/tt0186477/?ref_=sr_i_795,795. La ragazza del prete,completed,1,,2026-10-01T23:01:18+00:00,2026-10-01T23:36:34+00:00,2
https://www.imdb.com/title/tt0065494/?ref_=sr_i_796,796. See You at Mao,completed,1,,2026-10-01T23:01:18+00:00,2026-10-01T23:36:23+00:00,2
https://www.imdb.com/title/tt0066325/?ref_=sr_i_797,797. San Domingo,completed,1,,2026-10-01T23:01:18+00:00,2026-10-01T23:36:14+00:00,2
https://www.imdb.com/title/tt0351714/?ref_=sr_i_798,798. Sharafat,completed,1,,2026-10-01T23:01:18+00:00,2026-10-01T23:36:04+00:00,2
https://www.imdb.com/title/tt0228749/?ref_=sr_i_799,799. Los problemas de mamá,completed,1,,2026-10-01T23:01:18+00:00,2026-10-01T23:35:54+00:00,2
https://www.imdb.com/title/tt0188242/?ref_=sr_i_800,800. The Invisible Swordsman,completed,1,,2026-10-01T23:01:18+00:00,2026-10-01T23:35:44+00:00,2
https://www.imdb.com/title/tt0277311/?ref_=sr_i_801,801. Sexual Understanding,completed,1,,2026-10-01T23:01:18+00:00,2026-10-01T23:35:33+00:00,2
https://www.imdb.com/title/tt0064341/?ref_=sr_i_802,802. Fortunata y Jacinta,completed,1,,2026-10-01T23:01:18+00:00,2026-10-01T23:35:24+00:00,2
https://www.imdb.com/title/tt0064121/?ref_=sr_i_803,803. Camarades,completed,1,,2026-10-01T23:01:18+00:00,2026-10-01T23:35:13+00:00,2
https://www.imdb.com/title/tt8746974/?ref_=sr_i_804,804. Ajal-e moallagh,completed,1,,2026-10-01T23:01:18+00:00,2026-10-01T23:35:03+00:00,2
https://www.imdb.com/title/tt0491551/?ref_=sr_i_805,805. La grande avventura di Scaramouche,completed,1,,2026-10-01T23:01:18+00:00,2026-10-01T23:34:53+00:00,2
https://www.imdb.com/title/tt0065432/?ref_=sr_i_806,806. El astronauta,completed,1,,2026-10-01T23:01:18+00:00,2026-10-01T23:34:43+00:00,2
https://www.imdb.com/title/tt0065460/?ref_=sr_i_807,807. The Beast,completed,1,,2026-10-01T23:01:18+00:00,2026-10-01T23:34:32+00:00,2
https://www.imdb.com/title/tt0229062/?ref_=sr_i_808,808. Yakuza Masterpiece,completed,1,,2026-10-01T23:01:18+00:00,2026-10-01T23:34:22+00:00,2
https://www.imdb.com/title/tt0065892/?ref_=sr_i_809,809. Hard Women,completed,1,,2026-10-01T23:01:18+00:00,2026-10-01T23:34:13+00:00,2
https://www.imdb.com/title/tt3139136/?ref_=sr_i_810,810. Hazardous Graduation,completed,1,,2026-10-01T23:01:18+00:00,2026-10-01T23:34:03+00:00,2
https://www.imdb.com/title/tt0221285/?ref_=sr_i_811,811. Interplay,completed,1,,2026-10-01T23:01:18+00:00,2026-10-01T23:33:52+00:00,2
https://www.imdb.com/title/tt0294645/?ref_=sr_i_812,812. Une infinie tendresse,completed,1,,2026-10-01T23:01:18+00:00,2026-10-01T23:33:42+00:00,2
https://www.imdb.com/title/tt0143679/?ref_=sr_i_813,813. Mind Blowers,completed,1,,2026-10-01T23:01:18+00:00,2026-10-01T23:33:31+00:00,2
https://www.imdb.com/title/tt0066388/?ref_=sr_i_814,814. Snow Bear,completed,1,,2026-10-01T23:01:18+00:00,2026-10-01T23:33:19+00:00,2
https://www.imdb.com/title/tt0066618/?ref_=sr_i_815,815. Élise ou la vraie vie,completed,1,,2026-10-01T23:01:18+00:00,2026-10-01T23:33:11+00:00,2
https://www.imdb.com/title/tt0280473/?ref_=sr_i_816,816. Bernapas dalam Lumpur,completed,1,,2026-10-01T23:01:18+00:00,2026-10-01T23:33:00+00:00,2
https://www.imdb.com/title/tt0238651/?ref_=sr_i_817,817. Take My Head,completed,1,,2026-10-01T23:01:18+00:00,2026-10-01T23:32:50+00:00,2
https://www.imdb.com/title/tt0066153/?ref_=sr_i_818,818. History of Postwar Japan as Told by a Bar Hostess,completed,1,,2026-10-01T23:01:18+00:00,2026-10-01T23:32:41+00:00,2
https://www.imdb.com/title/tt2084845/?ref_=sr_i_819,819. A Woman in Revolt,completed,1,,2026-10-01T23:01:18+00:00,2026-10-01T23:32:30+00:00,2
https://www.imdb.com/title/tt1043826/?ref_=sr_i_820,820. 1970 Hot Summer Special,completed,1,,2026-10-01T23:01:18+00:00,2026-10-01T23:32:20+00:00,2
https://www.imdb.com/title/tt0065443/?ref_=sr_i_821,821. The Ambitious,completed,1,,2026-10-01T23:01:18+00:00,2026-10-01T23:32:11+00:00,2
https://www.imdb.com/title/tt0257055/?ref_=sr_i_822,822. The Room of Chains,completed,1,,2026-10-01T23:01:18+00:00,2026-10-01T23:32:00+00:00,2
https://www.imdb.com/title/tt0065495/?ref_=sr_i_823,823. Brothers Five,completed,1,,2026-10-01T23:01:18+00:00,2026-10-01T23:31:49+00:00,2
https://www.imdb.com/title/tt0123913/?ref_=sr_i_824,824. Intimità proibita di una giovane sposa,completed,1,,2026-10-01T23:01:18+00:00,2026-10-01T23:31:40+00:00,2
https://www.imdb.com/title/tt0064465/?ref_=sr_i_825,825. Ice,completed,1,,2026-10-01T23:01:18+00:00,2026-10-01T23:31:29+00:00,2
https://www.imdb.com/title/tt0066283/?ref_=sr_i_826,826. The Rangers,completed,1,,2026-10-01T23:01:18+00:00,2026-10-01T23:31:20+00:00,2
https://www.imdb.com/title/tt0181192/?ref_=sr_i_827,827. Alguien nos quiere matar,completed,1,,2026-10-01T23:01:18+00:00,2026-10-01T23:31:09+00:00,2
https://www.imdb.com/title/tt0132935/?ref_=sr_i_828,828. Ecce homo Homolka,completed,1,,2026-10-01T23:01:18+00:00,2026-10-01T23:30:58+00:00,2
https://www.imdb.com/title/tt0182731/?ref_=sr_i_829,829. Arim Balim Petegim,completed,1,,2026-10-01T23:01:18+00:00,2026-10-01T23:30:48+00:00,2
https://www.imdb.com/title/tt0065638/?ref_=sr_i_830,830. Stagecoach of the Condemned,completed,1,,2026-10-01T23:01:18+00:00,2026-10-01T23:30:38+00:00,2
https://www.imdb.com/title/tt0064143/?ref_=sr_i_831,831. Siege of Terror,completed,1,,2026-10-01T23:01:18+00:00,2026-10-01T23:30:27+00:00,2
https://www.imdb.com/title/tt0064432/?ref_=sr_i_832,832. How to Play the Seduction Game,completed,1,,2026-10-01T23:01:18+00:00,2026-10-01T23:30:18+00:00,2
https://www.imdb.com/title/tt0180669/?ref_=sr_i_833,833. Funny Girl,completed,1,,2026-10-01T23:01:18+00:00,2026-10-01T23:30:08+00:00,2
https://www.imdb.com/title/tt0066861/?ref_=sr_i_834,834. The Breaking of Bumbo,completed,1,,2026-10-01T23:01:18+00:00,2026-10-01T23:29:57+00:00,2
https://www.imdb.com/title/tt0065749/?ref_=sr_i_835,835. Slaughter on the Khyber Pass,completed,1,,2026-10-01T23:01:18+00:00,2026-10-01T23:29:47+00:00,2
https://www.imdb.com/title/tt0210491/?ref_=sr_i_836,836. Alyse and Chloe,completed,1,,2026-10-01T23:01:18+00:00,2026-10-01T23:29:37+00:00,2
https://www.imdb.com/title/tt0066035/?ref_=sr_i_837,837. The Falcons,completed,1,,2026-10-01T23:01:18+00:00,2026-10-01T23:29:27+00:00,2
https://www.imdb.com/title/tt0065427/?ref_=sr_i_838,838. The Walking Major,completed,1,,2026-10-01T23:01:18+00:00,2026-10-01T23:29:17+00:00,2
https://www.imdb.com/title/tt0066037/?ref_=sr_i_839,839. Beyond the Line of Duty,completed,1,,2026-10-01T23:01:18+00:00,2026-10-01T23:29:08+00:00,2
https://www.imdb.com/title/tt0203129/?ref_=sr_i_840,840. Shin Kôkôsei blues,completed,1,,2026-10-01T23:01:18+00:00,2026-10-01T23:28:57+00:00,2
https://www.imdb.com/title/tt0314684/?ref_=sr_i_841,841. Vella kalpi,completed,1,,2026-10-01T23:01:18+00:00,2026-10-01T23:28:47+00:00,2
https://www.imdb.com/title/tt0066779/?ref_=sr_i_842,842. The Battle of Crete,completed,1,,2026-10-01T23:01:18+00:00,2026-10-01T23:28:36+00:00,2
https://www.imdb.com/title/tt0184215/?ref_=sr_i_843,843. Anjos e Demônios,completed,1,,2026-10-01T23:01:18+00:00,2026-10-01T23:28:25+00:00,2
https://www.imdb.com/title/tt0294465/?ref_=sr_i_844,844. Combat Killers,completed,1,,2026-10-01T23:01:18+00:00,2026-10-01T23:28:15+00:00,2
https://www.imdb.com/title/tt0066493/?ref_=sr_i_845,845. Trop petit mon ami,completed,1,,2026-10-01T23:01:18+00:00,2026-10-01T23:28:05+00:00,2
https://www.imdb.com/title/tt0121657/?ref_=sr_i_846,846. El profesor patagónico,completed,1,,2026-10-01T23:01:18+00:00,2026-10-01T23:27:54+00:00,2
https://www.imdb.com/title/tt0473114/?ref_=sr_i_847,847. Ah Müjgân Ah,completed,1,,2026-10-01T23:01:18+00:00,2026-10-01T23:27:40+00:00,2
https://www.imdb.com/title/tt0151243/?ref_=sr_i_848,848. Kongi's Harvest,completed,1,,2026-10-01T23:01:18+00:00,2026-10-01T23:27:29+00:00,2
https://www.imdb.com/title/tt0243643/?ref_=sr_i_849,849. La vida de Chucho el Roto,completed,1,,2026-10-01T23:01:18+00:00,2026-10-01T23:27:18+00:00,2
https://www.imdb.com/title/tt0189887/?ref_=sr_i_850,850. O Palácio dos Anjos,completed,1,,2026-10-01T23:01:18+00:00,2026-10-01T23:27:09+00:00,2
https://www.imdb.com/title/tt0065767/?ref_=sr_i_851,851. The Militarists,completed,1,,2026-10-01T23:01:18+00:00,2026-10-01T23:26:59+00:00,2
https://www.imdb.com/title/tt0064964/?ref_=sr_i_852,852. I 7 di Marsa Matruh,completed,1,,2026-10-01T23:01:18+00:00,2026-10-01T23:26:48+00:00,2
https://www.imdb.com/title/tt0212123/?ref_=sr_i_853,853. Dulhan Ek Raat Ki,completed,1,,2026-10-01T23:01:18+00:00,2026-10-01T23:26:36+00:00,2
https://www.imdb.com/title/tt0204759/?ref_=sr_i_854,854. Delinquent Girl Boss: Blossoming Night Dreams,completed,1,,2026-10-01T23:01:18+00:00,2026-10-01T23:26:27+00:00,2
https://www.imdb.com/title/tt0063860/?ref_=sr_i_855,855. The Last Day of the War,completed,1,,2026-10-01T23:01:18+00:00,2026-10-01T23:26:17+00:00,2
https://www.imdb.com/title/tt0284411/?ref_=sr_i_856,856. Puraskar,completed,1,,2026-10-01T23:01:18+00:00,2026-10-01T23:26:06+00:00,2
https://www.imdb.com/title/tt0151718/?ref_=sr_i_857,857. Love Under Age,completed,1,,2026-10-01T23:01:18+00:00,2026-10-01T23:25:56+00:00,2
https://www.imdb.com/title/tt2395399/?ref_=sr_i_858,858. Sauj mana vieta,completed,1,,2026-10-01T23:01:18+00:00,2026-10-01T23:25:45+00:00,2
https://www.imdb.com/title/tt0095436/?ref_=sr_i_859,859. For Love or Murder,completed,1,,2026-10-01T23:01:18+00:00,2026-10-01T23:25:35+00:00,2
https://www.imdb.com/title/tt0192601/?ref_=sr_i_860,860. The Twelve Gold Medallions,completed,1,,2026-10-01T23:01:18+00:00,2026-10-01T23:25:25+00:00,2
https://www.imdb.com/title/tt0064283/?ref_=sr_i_861,861. An Elephant Called Slowly,completed,1,,2026-10-01T23:01:18+00:00,2026-10-01T23:25:15+00:00,2
https://www.imdb.com/title/tt0064774/?ref_=sr_i_862,"862. Eyes Do Not Want to Close at All Times, or, Perhaps One Day Rome Will Allow Herself to Choose in Her Turn",completed,1,,2026-10-01T23:01:18+00:00,2026-10-01T23:25:05+00:00,2
https://www.imdb.com/title/tt0064190/?ref_=sr_i_863,863. Cristo 70,completed,1,,2026-10-01T23:01:18+00:00,2026-10-01T23:24:55+00:00,2
https://www.imdb.com/title/tt0150411/?ref_=sr_i_864,864. Due bianchi nell'Africa nera,completed,1,,2026-10-01T23:01:18+00:00,2026-10-01T23:24:44+00:00,2
https://www.imdb.com/title/tt1045817/?ref_=sr_i_865,865. Blue Velvet,completed,1,,2026-10-01T23:01:18+00:00,2026-10-01T23:24:33+00:00,2
https://www.imdb.com/title/tt0244466/?ref_=sr_i_866,"866. Click, fotógrafo de modelos",completed,1,,2026-10-01T23:01:18+00:00,2026-10-01T23:24:23+00:00,2
https://www.imdb.com/title/tt0066335/?ref_=sr_i_867,867. The Savage Wild,completed,1,,2026-10-01T23:01:18+00:00,2026-10-01T23:24:12+00:00,2
https://www.imdb.com/title/tt0228379/?ref_=sr_i_868,868. Helen Keller and Her Teacher,completed,1,,2026-10-01T23:01:18+00:00,2026-10-01T23:24:03+00:00,2
https://www.imdb.com/title/tt46772262/?ref_=sr_i_869,869. All Things Bright,completed,1,,2026-10-01T23:01:18+00:00,2026-10-01T23:23:54+00:00,2
https://www.imdb.com/title/tt11193012/?ref_=sr_i_870,870. The End of the Track,completed,1,,2026-10-01T23:01:18+00:00,2026-10-01T23:23:45+00:00,2
https://www.imdb.com/title/tt0237518/?ref_=sr_i_871,871. Omorfes meres,completed,1,,2026-10-01T23:01:18+00:00,2026-10-01T23:23:35+00:00,2
https://www.imdb.com/title/tt0065572/?ref_=sr_i_872,872. When Heroes Die,completed,1,,2026-10-01T23:01:18+00:00,2026-10-01T23:23:24+00:00,2
https://www.imdb.com/title/tt0066438/?ref_=sr_i_873,873. Tarzan's Deadly Silence,completed,1,,2026-10-01T23:01:18+00:00,2026-10-01T23:23:14+00:00,2
https://www.imdb.com/title/tt0146398/?ref_=sr_i_874,874. 4 Clowns,completed,1,,2026-10-01T23:01:18+00:00,2026-10-01T23:23:03+00:00,2
https://www.imdb.com/title/tt0075009/?ref_=sr_i_875,875. On est au coton,completed,1,,2026-10-01T23:01:18+00:00,2026-10-01T23:22:53+00:00,2
https://www.imdb.com/title/tt0215988/?ref_=sr_i_876,876. Mere Humsafar,completed,1,,2026-10-01T23:01:18+00:00,2026-10-01T23:22:43+00:00,2
https://www.imdb.com/title/tt0064535/?ref_=sr_i_877,877. Tibetana,completed,1,,2026-10-01T23:01:18+00:00,2026-10-01T23:22:33+00:00,2
https://www.imdb.com/title/tt0269833/?ref_=sr_i_878,878. Schmetterlinge weinen nicht,completed,1,,2026-10-01T23:01:18+00:00,2026-10-01T23:22:22+00:00,2
https://www.imdb.com/title/tt0066584/?ref_=sr_i_879,879. Nu jian kuang dao,completed,1,,2026-10-01T23:01:18+00:00,2026-10-01T23:22:12+00:00,2
https://www.imdb.com/title/tt0270720/?ref_=sr_i_880,880. Vagabundo en la lluvia,completed,1,,2026-10-01T23:01:18+00:00,2026-10-01T23:22:02+00:00,2
https://www.imdb.com/title/tt0065809/?ref_=sr_i_881,"881. Live Today, Die Tomorrow!",completed,1,,2026-10-01T23:01:18+00:00,2026-10-01T23:21:51+00:00,2
https://www.imdb.com/title/tt0066548/?ref_=sr_i_882,882. Was ist denn bloß mit Willi los?,completed,1,,2026-10-01T23:01:18+00:00,2026-10-01T23:21:41+00:00,2
https://www.imdb.com/title/tt0065612/?ref_=sr_i_883,883. Darpan,completed,1,,2026-10-01T23:01:18+00:00,2026-10-01T23:21:31+00:00,2
https://www.imdb.com/title/tt0066879/?ref_=sr_i_884,884. Cain's Cutthroats,completed,1,,2026-10-01T23:01:18+00:00,2026-10-01T23:21:19+00:00,2
https://www.imdb.com/title/tt0064746/?ref_=sr_i_885,885. OSS 117 prend des vacances,completed,1,,2026-10-01T23:01:18+00:00,2026-10-01T23:21:09+00:00,2
https://www.imdb.com/title/tt0066375/?ref_=sr_i_886,886. Brutal Tales of Chivalry 7: Hell Is a Man's Destiny,completed,1,,2026-10-01T23:01:18+00:00,2026-10-01T23:20:59+00:00,2
https://www.imdb.com/title/tt3616910/?ref_=sr_i_887,"887. Scream, Evelyn, Scream!",completed,1,,2026-10-01T23:01:18+00:00,2026-10-01T23:20:49+00:00,2
https://www.imdb.com/title/tt0173701/?ref_=sr_i_888,888. This Crazy World of Ours,completed,1,,2026-10-01T23:01:18+00:00,2026-10-01T23:20:39+00:00,2
https://www.imdb.com/title/tt0198872/?ref_=sr_i_889,889. Naked Ambition,completed,1,,2026-10-01T23:01:18+00:00,2026-10-01T23:20:30+00:00,2
https://www.imdb.com/title/tt0182024/?ref_=sr_i_890,"890. Watch Out, Madame",completed,1,,2026-10-01T23:01:18+00:00,2026-10-01T23:20:21+00:00,2
https://www.imdb.com/title/tt0065631/?ref_=sr_i_891,891. Of Gods and the Undead,completed,1,,2026-10-01T23:01:18+00:00,2026-10-01T23:20:12+00:00,2
https://www.imdb.com/title/tt0066334/?ref_=sr_i_892,892. Satiricosissimo,completed,1,,2026-10-01T23:01:18+00:00,2026-10-01T23:20:01+00:00,2
https://www.imdb.com/title/tt0211666/?ref_=sr_i_893,893. The Iron Buddha,completed,1,,2026-10-01T23:01:18+00:00,2026-10-01T23:19:51+00:00,2
https://www.imdb.com/title/tt0261878/?ref_=sr_i_894,894. One for the Money,completed,1,,2026-10-01T23:01:18+00:00,2026-10-01T23:19:41+00:00,2
https://www.imdb.com/title/tt0293758/?ref_=sr_i_895,895. Ankara Ekspresi,completed,1,,2026-10-01T23:01:18+00:00,2026-10-01T23:19:31+00:00,2
https://www.imdb.com/title/tt0196746/?ref_=sr_i_896,896. Memoirs of a Gigolo,completed,1,,2026-10-01T23:01:18+00:00,2026-10-01T23:19:20+00:00,2
https://www.imdb.com/title/tt0065614/?ref_=sr_i_897,897. That Can't Shake Our Willi!,completed,1,,2026-10-01T23:01:18+00:00,2026-10-01T23:19:09+00:00,2
https://www.imdb.com/title/tt0065050/?ref_=sr_i_898,898. The Super Fight,completed,1,,2026-10-01T23:01:18+00:00,2026-10-01T23:18:58+00:00,2
https://www.imdb.com/title/tt0168822/?ref_=sr_i_899,899. Gitano,completed,1,,2026-10-01T23:01:18+00:00,2026-10-01T23:18:48+00:00,2
https://www.imdb.com/title/tt0194995/?ref_=sr_i_900,900. The Juggler of Notre Dame,completed,1,,2026-10-01T23:01:18+00:00,2026-10-01T23:18:37+00:00,2
https://www.imdb.com/title/tt0198950/?ref_=sr_i_901,901. Quell'amore particolare,completed,1,,2026-10-01T23:01:18+00:00,2026-10-01T23:18:28+00:00,2
https://www.imdb.com/title/tt0065493/?ref_=sr_i_902,902. The Bridge in the Jungle,completed,1,,2026-10-01T23:01:18+00:00,2026-10-01T23:18:18+00:00,2
https://www.imdb.com/title/tt0066290/?ref_=sr_i_903,903. El relicario,completed,1,,2026-10-01T23:01:18+00:00,2026-10-01T23:18:07+00:00,2
https://www.imdb.com/title/tt0232848/?ref_=sr_i_904,904. Madman of Unmarried Square,completed,1,,2026-10-01T23:01:18+00:00,2026-10-01T23:17:57+00:00,2
https://www.imdb.com/title/tt0127760/?ref_=sr_i_905,905. Ride the Tiger,completed,1,,2026-10-01T23:01:18+00:00,2026-10-01T23:17:46+00:00,2
https://www.imdb.com/title/tt0256309/?ref_=sr_i_906,906. Raquel's Motel,completed,1,,2026-10-01T23:01:18+00:00,2026-10-01T23:17:36+00:00,2
https://www.imdb.com/title/tt0254708/?ref_=sr_i_907,907. Pour un sourire,completed,1,,2026-10-01T23:01:18+00:00,2026-10-01T23:17:27+00:00,2
https://www.imdb.com/title/tt0066395/?ref_=sr_i_908,908. A Sword for Brando,completed,1,,2026-10-01T23:01:18+00:00,2026-10-01T23:17:17+00:00,2
https://www.imdb.com/title/tt5376770/?ref_=sr_i_909,909. The Owner of Hell,completed,1,,2026-10-01T23:01:18+00:00,2026-10-01T23:17:06+00:00,2
https://www.imdb.com/title/tt12188060/?ref_=sr_i_910,910. Gay San Francisco,completed,1,,2026-10-01T23:01:18+00:00,2026-10-01T23:16:56+00:00,2
https://www.imdb.com/title/tt0065903/?ref_=sr_i_911,911. Ishq Par Zor Nahin,completed,1,,2026-10-01T23:01:18+00:00,2026-10-01T23:16:48+00:00,2
https://www.imdb.com/title/tt2474088/?ref_=sr_i_912,912. Trapped in the House,completed,1,,2026-10-01T23:01:18+00:00,2026-10-01T23:16:37+00:00,2
https://www.imdb.com/title/tt0123787/?ref_=sr_i_913,913. Danish & Blue,completed,1,,2026-10-01T23:01:18+00:00,2026-10-01T23:16:22+00:00,2
https://www.imdb.com/title/tt0066238/?ref_=sr_i_914,914. Pravda,completed,1,,2026-10-01T23:01:18+00:00,2026-10-01T23:16:13+00:00,2
https://www.imdb.com/title/tt0065527/?ref_=sr_i_915,915. A Pocketful of Chestnuts,completed,1,,2026-10-01T23:01:18+00:00,2026-10-01T23:16:04+00:00,2
https://www.imdb.com/title/tt0179205/?ref_=sr_i_916,916. Groupies,completed,1,,2026-10-01T23:01:18+00:00,2026-10-01T23:15:53+00:00,2
https://www.imdb.com/title/tt0242254/?ref_=sr_i_917,917. La agonía de ser madre,completed,1,,2026-10-01T23:01:18+00:00,2026-10-01T23:15:43+00:00,2
https://www.imdb.com/title/tt0210031/?ref_=sr_i_918,918. Events,completed,1,,2026-10-01T23:01:18+00:00,2026-10-01T23:15:33+00:00,2
https://www.imdb.com/title/tt1893243/?ref_=sr_i_919,919. Yalda Night Story,completed,1,,2026-10-01T23:01:18+00:00,2026-10-01T23:15:22+00:00,2
https://www.imdb.com/title/tt11422360/?ref_=sr_i_920,920. The City of Sin,completed,1,,2026-10-01T23:01:18+00:00,2026-10-01T23:15:12+00:00,2
https://www.imdb.com/title/tt0166149/?ref_=sr_i_921,"921. Con quale amore, con quanto amore",completed,1,,2026-10-01T23:01:18+00:00,2026-10-01T23:15:03+00:00,2
https://www.imdb.com/title/tt0272080/?ref_=sr_i_922,922. Estafa de amor,completed,1,,2026-10-01T23:01:18+00:00,2026-10-01T23:14:52+00:00,2
https://www.imdb.com/title/tt0064411/?ref_=sr_i_923,923. Heintje - Einmal wird die Sonne wieder scheinen,completed,1,,2026-10-01T23:01:18+00:00,2026-10-01T23:14:41+00:00,2
https://www.imdb.com/title/tt0064554/?ref_=sr_i_924,924. Korol-olen,completed,1,,2026-10-01T23:01:18+00:00,2026-10-01T23:14:31+00:00,2
https://www.imdb.com/title/tt0181551/?ref_=sr_i_925,925. As Gatinhas,completed,1,,2026-10-01T23:01:18+00:00,2026-10-01T23:14:21+00:00,2
https://www.imdb.com/title/tt0131149/?ref_=sr_i_926,926. Zorns Lemma,completed,1,,2026-10-01T23:01:18+00:00,2026-10-01T23:14:12+00:00,2
https://www.imdb.com/title/tt0183611/?ref_=sr_i_927,927. Oratotis miden,completed,1,,2026-10-01T23:01:18+00:00,2026-10-01T23:14:02+00:00,2
https://www.imdb.com/title/tt0181949/?ref_=sr_i_928,928. The Hullabaloo Family,completed,1,,2026-10-01T23:01:18+00:00,2026-10-01T23:13:52+00:00,2
https://www.imdb.com/title/tt0065715/?ref_=sr_i_929,929. The Demise of Father Mouret,completed,1,,2026-10-01T23:01:18+00:00,2026-10-01T23:13:43+00:00,2
https://www.imdb.com/title/tt0126033/?ref_=sr_i_930,930. Skal vi leke gjemsel?,completed,1,,2026-10-01T23:01:18+00:00,2026-10-01T23:13:32+00:00,2
https://www.imdb.com/title/tt0065189/?ref_=sr_i_931,931. Von Haut zu Haut,completed,1,,2026-10-01T23:01:18+00:00,2026-10-01T23:13:23+00:00,2
https://www.imdb.com/title/tt0121441/?ref_=sr_i_932,932. Muurahaispolku,completed,1,,2026-10-01T23:01:18+00:00,2026-10-01T23:13:13+00:00,2
https://www.imdb.com/title/tt7709728/?ref_=sr_i_933,933. The Wild Wild Woman,completed,1,,2026-10-01T23:01:18+00:00,2026-10-01T23:13:04+00:00,2
https://www.imdb.com/title/tt0065536/?ref_=sr_i_934,934. The Mushroom,completed,1,,2026-10-01T23:01:18+00:00,2026-10-01T23:12:54+00:00,2
https://www.imdb.com/title/tt0066531/?ref_=sr_i_935,935. ¡Vivan los novios!,completed,1,,2026-10-01T23:01:18+00:00,2026-10-01T23:12:43+00:00,2
https://www.imdb.com/title/tt10438502/?ref_=sr_i_936,936. In Those Days,completed,1,,2026-10-01T23:01:18+00:00,2026-10-01T23:12:33+00:00,2
https://www.imdb.com/title/tt0155680/?ref_=sr_i_937,937. Douglas,completed,1,,2026-10-01T23:01:18+00:00,2026-10-01T23:12:24+00:00,2
https://www.imdb.com/title/tt0155691/?ref_=sr_i_938,938. Ek Nannhi Munni Ladki Thi,completed,1,,2026-10-01T23:01:18+00:00,2026-10-01T23:12:13+00:00,2
https://www.imdb.com/title/tt0065683/?ref_=sr_i_939,939. Edipeon,completed,1,,2026-10-01T23:01:18+00:00,2026-10-01T23:12:03+00:00,2
https://www.imdb.com/title/tt0154169/?ref_=sr_i_940,940. L'asino d'oro: processo per fatti strani contro Lucius Apuleius cittadino romano,completed,1,,2026-10-01T23:01:18+00:00,2026-10-01T23:11:53+00:00,2
https://www.imdb.com/title/tt0066360/?ref_=sr_i_941,941. Sex and the Single Vampire,completed,1,,2026-10-01T23:01:18+00:00,2026-10-01T23:11:43+00:00,2
https://www.imdb.com/title/tt0199693/?ref_=sr_i_942,942. Krima... to boi sou,completed,1,,2026-10-01T23:01:18+00:00,2026-10-01T23:11:33+00:00,2
https://www.imdb.com/title/tt0407876/?ref_=sr_i_943,943. The Red Detachment of Women,completed,1,,2026-10-01T23:01:18+00:00,2026-10-01T23:11:22+00:00,2
https://www.imdb.com/title/tt0317902/?ref_=sr_i_944,944. Mastana,completed,1,,2026-10-01T23:01:18+00:00,2026-10-01T23:11:12+00:00,2
https://www.imdb.com/title/tt0188016/?ref_=sr_i_945,945. Haunted Samurai,completed,1,,2026-10-01T23:01:18+00:00,2026-10-01T23:11:01+00:00,2
https://www.imdb.com/title/tt0064359/?ref_=sr_i_946,946. The Gamblers,completed,1,,2026-10-01T23:01:18+00:00,2026-10-01T23:10:51+00:00,2
https://www.imdb.com/title/tt0065835/?ref_=sr_i_947,947. Die Herren mit der weissen Weste,completed,1,,2026-10-01T23:01:18+00:00,2026-10-01T23:10:42+00:00,2
https://www.imdb.com/title/tt0065607/?ref_=sr_i_948,948. Devilish Honeymoon,completed,1,,2026-10-01T23:01:18+00:00,2026-10-01T23:10:31+00:00,2
https://www.imdb.com/title/tt0232230/?ref_=sr_i_949,949. Operasjon V for vanvidd,completed,1,,2026-10-01T23:01:18+00:00,2026-10-01T23:10:20+00:00,2
https://www.imdb.com/title/tt0196539/?ref_=sr_i_950,950. Esena mono agapo,completed,1,,2026-10-01T23:01:18+00:00,2026-10-01T23:10:10+00:00,2
https://www.imdb.com/title/tt1868027/?ref_=sr_i_951,951. Kama Sutra '71,completed,1,,2026-10-01T23:01:18+00:00,2026-10-01T23:10:00+00:00,2
https://www.imdb.com/title/tt0065561/?ref_=sr_i_952,952. Le coeur fou,completed,1,,2026-10-01T23:01:18+00:00,2026-10-01T23:09:50+00:00,2
https://www.imdb.com/title/tt0260812/?ref_=sr_i_953,953. The Pig,completed,1,,2026-10-01T23:01:18+00:00,2026-10-01T23:09:40+00:00,2
https://www.imdb.com/title/tt0073849/?ref_=sr_i_954,954. Trip Around My Cranium,completed,1,,2026-10-01T23:01:18+00:00,2026-10-01T23:09:30+00:00,2
https://www.imdb.com/title/tt0180328/?ref_=sr_i_955,955. Zarki,completed,1,,2026-10-01T23:01:18+00:00,2026-10-01T23:09:20+00:00,2
https://www.imdb.com/title/tt0155309/?ref_=sr_i_956,956. Umang,completed,1,,2026-10-01T23:01:18+00:00,2026-10-01T23:09:09+00:00,2
https://www.imdb.com/title/tt0132676/?ref_=sr_i_957,957. Akseli and Elina,completed,1,,2026-10-01T23:01:18+00:00,2026-10-01T23:08:59+00:00,2
https://www.imdb.com/title/tt0067163/?ref_=sr_i_958,958. Ein großer graublauer Vogel,completed,1,,2026-10-01T23:01:18+00:00,2026-10-01T23:08:48+00:00,2
https://www.imdb.com/title/tt0059680/?ref_=sr_i_959,959. Satan's Harvest,completed,1,,2026-10-01T23:01:18+00:00,2026-10-01T23:08:38+00:00,2
https://www.imdb.com/title/tt0065411/?ref_=sr_i_960,960. Water Like a Black Buffalo,completed,1,,2026-10-01T23:01:18+00:00,2026-10-01T23:08:28+00:00,2
https://www.imdb.com/title/tt0213613/?ref_=sr_i_961,961. Didn't You Hear?,completed,1,,2026-10-01T23:01:18+00:00,2026-10-01T23:08:18+00:00,2
https://www.imdb.com/title/tt0274934/?ref_=sr_i_962,962. Tarkan: Gümüs Eyer,completed,1,,2026-10-01T23:01:18+00:00,2026-10-01T23:08:05+00:00,2
https://www.imdb.com/title/tt0065785/?ref_=sr_i_963,963. Das Glöcklein unterm Himmelbett,completed,1,,2026-10-01T23:01:18+00:00,2026-10-01T23:07:55+00:00,2
https://www.imdb.com/title/tt0251244/?ref_=sr_i_964,964. The Meatrack,completed,1,,2026-10-01T23:01:18+00:00,2026-10-01T23:07:45+00:00,2
https://www.imdb.com/title/tt0066253/?ref_=sr_i_965,965. Heute,completed,1,,2026-10-01T23:01:18+00:00,2026-10-01T23:07:34+00:00,2
https://www.imdb.com/title/tt0123310/?ref_=sr_i_966,966. Une fille libre,completed,1,,2026-10-01T23:01:18+00:00,2026-10-01T23:07:25+00:00,2
https://www.imdb.com/title/tt0172445/?ref_=sr_i_967,967. Fermate il mondo... voglio scendere!,completed,1,,2026-10-01T23:01:18+00:00,2026-10-01T23:07:15+00:00,2
https://www.imdb.com/title/tt0065458/?ref_=sr_i_968,968. The Amorous Adventures of a Young Postman,completed,1,,2026-10-01T23:01:18+00:00,2026-10-01T23:07:04+00:00,2
https://www.imdb.com/title/tt0251230/?ref_=sr_i_969,969. The Marriage Manual,completed,1,,2026-10-01T23:01:18+00:00,2026-10-01T23:06:54+00:00,2
https://www.imdb.com/title/tt0248178/?ref_=sr_i_970,970. Mattukkara Velan,completed,1,,2026-10-01T23:01:18+00:00,2026-10-01T23:06:45+00:00,2
https://www.imdb.com/title/tt0066316/?ref_=sr_i_971,971. Rubia's Jungle,completed,1,,2026-10-01T23:01:18+00:00,2026-10-01T23:06:35+00:00,2
https://www.imdb.com/title/tt0165201/?ref_=sr_i_972,972. Sanshiro Sugata,completed,1,,2026-10-01T23:01:18+00:00,2026-10-01T23:06:26+00:00,2
https://www.imdb.com/title/tt0065652/?ref_=sr_i_973,973. Don Erre que erre,completed,1,,2026-10-01T23:01:18+00:00,2026-10-01T23:06:17+00:00,2
https://www.imdb.com/title/tt1196121/?ref_=sr_i_974,974. Black Roots,completed,1,,2026-10-01T23:01:18+00:00,2026-10-01T23:06:05+00:00,2
https://www.imdb.com/title/tt0064491/?ref_=sr_i_975,975. Winter in Mallorca,completed,1,,2026-10-01T23:01:18+00:00,2026-10-01T23:05:55+00:00,2
https://www.imdb.com/title/tt0065691/?ref_=sr_i_976,976. Juan y Junior... en un mundo diferente,completed,1,,2026-10-01T23:01:18+00:00,2026-10-01T23:05:45+00:00,2
https://www.imdb.com/title/tt0065551/?ref_=sr_i_977,"977. Ciao, Federico!",completed,1,,2026-10-01T23:01:18+00:00,2026-10-01T23:05:35+00:00,2
https://www.imdb.com/title/tt0065653/?ref_=sr_i_978,978. Don Giovanni,completed,1,,2026-10-01T23:01:18+00:00,2026-10-01T23:05:24+00:00,2
https://www.imdb.com/title/tt0066023/?ref_=sr_i_979,979. Lupo!,completed,1,,2026-10-01T23:01:18+00:00,2026-10-01T23:05:15+00:00,2
https://www.imdb.com/title/tt0123843/?ref_=sr_i_980,980. Paths of War,completed,1,,2026-10-01T23:01:18+00:00,2026-10-01T23:05:05+00:00,2
https://www.imdb.com/title/tt0066230/?ref_=sr_i_981,981. Bullets Over Dallas,completed,1,,2026-10-01T23:01:18+00:00,2026-10-01T23:04:55+00:00,2
https://www.imdb.com/title/tt1500683/?ref_=sr_i_982,982. Affair in the Air,completed,1,,2026-10-01T23:01:18+00:00,2026-10-01T23:04:44+00:00,2
https://www.imdb.com/title/tt0158260/?ref_=sr_i_983,983. Tarzan 303,completed,1,,2026-10-01T23:01:18+00:00,2026-10-01T23:04:34+00:00,2
https://www.imdb.com/title/tt0066324/?ref_=sr_i_984,984. Samskara,completed,1,,2026-10-01T23:01:18+00:00,2026-10-01T23:04:24+00:00,2
https://www.imdb.com/title/tt0216945/?ref_=sr_i_985,985. Nippon no akuryo,completed,1,,2026-10-01T23:01:18+00:00,2026-10-01T23:04:14+00:00,2
https://www.imdb.com/title/tt0073464/?ref_=sr_i_986,986. Noon Sunday,completed,1,,2026-10-01T23:01:18+00:00,2026-10-01T23:04:04+00:00,2
https://www.imdb.com/title/tt0066089/?ref_=sr_i_987,987. La modification,completed,1,,2026-10-01T23:01:18+00:00,2026-10-01T23:03:53+00:00,2
https://www.imdb.com/title/tt0228912/?ref_=sr_i_988,988. Sweet Vengeance,completed,1,,2026-10-01T23:01:18+00:00,2026-10-01T23:03:41+00:00,2
https://www.imdb.com/title/tt0447240/?ref_=sr_i_989,989. Küçük Hanimefendi,completed,1,,2026-10-01T23:01:18+00:00,2026-10-01T23:03:31+00:00,2
https://www.imdb.com/title/tt0180063/?ref_=sr_i_990,990. Prva ljubav,completed,1,,2026-10-01T23:01:18+00:00,2026-10-01T23:03:21+00:00,2
https://www.imdb.com/title/tt0423323/?ref_=sr_i_991,991. Tarzun and the Valley of Lust,completed,1,,2026-10-01T23:01:18+00:00,2026-10-01T23:03:10+00:00,2
https://www.imdb.com/title/tt0066775/?ref_=sr_i_992,992. Anna,completed,1,,2026-10-01T23:01:18+00:00,2026-10-01T23:02:58+00:00,2
https://www.imdb.com/title/tt2379548/?ref_=sr_i_993,993. Dangerous Games,completed,1,,2026-10-01T23:01:18+00:00,2026-10-01T23:02:48+00:00,2
https://www.imdb.com/title/tt0284443/?ref_=sr_i_994,994. Saas Bhi Kabhi Bahu Thi,completed,1,,2026-10-01T23:01:18+00:00,2026-10-01T23:02:39+00:00,2
https://www.imdb.com/title/tt0182881/?ref_=sr_i_995,995. Malkoçoglu Cem Sultan,completed,1,,2026-10-01T23:01:18+00:00,2026-10-01T23:02:28+00:00,2
https://www.imdb.com/title/tt0199793/?ref_=sr_i_996,996. My s Vulkanom,completed,1,,2026-10-01T23:01:18+00:00,2026-10-01T23:02:18+00:00,2
https://www.imdb.com/title/tt0065174/?ref_=sr_i_997,997. Verano 70,completed,1,,2026-10-01T23:01:18+00:00,2026-10-01T23:02:08+00:00,2
https://www.imdb.com/title/tt0314050/?ref_=sr_i_998,998. Fallaste corazón,completed,1,,2026-10-01T23:01:18+00:00,2026-10-01T23:01:57+00:00,2
https://www.imdb.com/title/tt0065376/?ref_=sr_i_999,999. Mr. Gullible,completed,1,,2026-10-01T23:01:18+00:00,2026-10-01T23:01:47+00:00,2
https://www.imdb.com/title/tt0065681/?ref_=sr_i_1000,1000. Black Lemons,completed,1,,2026-10-01T23:01:18+00:00,2026-10-01T23:01:37+00:00,2
