link,title,status,attempt_count,last_error,last_attempted_at,completed_at,scrape_version
https://www.imdb.com/title/tt0019254/?ref_=sr_i_1,1. The Passion of Joan of Arc,completed,5,,2026-09-28 20:24:45+00:00,2026-09-28 20:25:04+00:00,2.0
https://www.imdb.com/title/tt0018773/?ref_=sr_i_2,2. The Circus,completed,5,,2026-09-28 20:24:45+00:00,2026-09-28 20:25:07+00:00,2.0
https://www.imdb.com/title/tt0018742/?ref_=sr_i_3,3. The Cameraman,completed,5,,2026-09-28 20:24:45+00:00,2026-09-28 20:25:11+00:00,2.0
https://www.imdb.com/title/tt0018806/?ref_=sr_i_4,4. The Crowd,completed,5,,2026-09-28 20:24:45+00:00,2026-09-28 20:25:14+00:00,2.0
https://www.imdb.com/title/tt0019130/?ref_=sr_i_5,5. The Man Who Laughs,completed,5,,2026-09-28 20:24:45+00:00,2026-09-28 20:25:17+00:00,2.0
https://www.imdb.com/title/tt0019585/?ref_=sr_i_6,6. The Wind,completed,5,,2026-09-28 20:24:45+00:00,2026-09-28 20:25:20+00:00,2.0
https://www.imdb.com/title/tt0019421/?ref_=sr_i_7,"7. Steamboat Bill, Jr.",completed,5,,2026-09-28 20:24:45+00:00,2026-09-28 20:25:22+00:00,2.0
https://www.imdb.com/title/tt0018217/?ref_=sr_i_8,8. October (Ten Days that Shook the World),completed,6,,2026-09-28 20:24:45+00:00,2026-09-28 20:25:25+00:00,2.0
https://www.imdb.com/title/tt0018770/?ref_=sr_i_9,9. The Fall of the House of Usher,completed,5,,2026-09-28 20:24:45+00:00,2026-09-28 20:25:28+00:00,2.0
https://www.imdb.com/title/tt0019071/?ref_=sr_i_10,10. The Last Command,completed,6,,2026-09-28 20:24:45+00:00,2026-09-28 20:25:32+00:00,2.0
https://www.imdb.com/title/tt0019344/?ref_=sr_i_11,11. Sadie Thompson,completed,6,,2026-09-28 20:24:45+00:00,2026-09-28 20:25:35+00:00,2.0
https://www.imdb.com/title/tt0018876/?ref_=sr_i_12,12. The Farmer's Wife,completed,6,,2026-09-28 20:24:45+00:00,2026-09-28 20:25:38+00:00,2.0
https://www.imdb.com/title/tt0018756/?ref_=sr_i_13,13. Champagne,completed,7,,2026-09-28 20:24:45+00:00,2026-09-28 20:25:42+00:00,2.0
https://www.imdb.com/title/tt0019412/?ref_=sr_i_14,14. Speedy,completed,5,,2026-09-28 20:24:45+00:00,2026-09-28 20:25:50+00:00,2.0
https://www.imdb.com/title/tt0020223/?ref_=sr_i_15,15. Noah's Ark,completed,5,,2026-09-28 20:24:45+00:00,2026-09-28 20:25:53+00:00,2.0
https://www.imdb.com/title/tt0019415/?ref_=sr_i_16,16. Spies,completed,5,,2026-09-28 20:24:45+00:00,2026-09-28 20:25:56+00:00,2.0
https://www.imdb.com/title/tt0018839/?ref_=sr_i_17,17. The Docks of New York,completed,5,,2026-09-28 20:24:45+00:00,2026-09-28 20:26:00+00:00,2.0
https://www.imdb.com/title/tt0165127/?ref_=sr_i_18,18. Burning of the Red Lotus Temple,completed,6,,2026-09-28 20:24:45+00:00,2026-09-28 20:26:08+00:00,2.0
https://www.imdb.com/title/tt0018684/?ref_=sr_i_19,19. Beggars of Life,completed,5,,2026-09-28 20:24:45+00:00,2026-09-28 20:26:18+00:00,2.0
https://www.imdb.com/title/tt0019237/?ref_=sr_i_20,20. Our Dancing Daughters,completed,6,,2026-09-28 20:24:45+00:00,2026-09-28 20:26:22+00:00,2.0
https://www.imdb.com/title/tt0017843/?ref_=sr_i_21,21. Easy Virtue,completed,6,,2026-09-28 20:24:45+00:00,2026-09-28 20:26:26+00:00,2.0
https://www.imdb.com/title/tt0019304/?ref_=sr_i_22,22. The Racket,completed,5,,2026-09-28 20:24:45+00:00,2026-09-28 20:26:30+00:00,2.0
https://www.imdb.com/title/tt0019563/?ref_=sr_i_23,23. West of Zanzibar,completed,6,,2026-09-28 20:24:45+00:00,2026-09-28 20:26:34+00:00,2.0
https://www.imdb.com/title/tt0019257/?ref_=sr_i_24,24. The Patriot,completed,6,,2026-09-28 20:24:45+00:00,2026-09-28 20:26:39+00:00,2.0
https://www.imdb.com/title/tt0019429/?ref_=sr_i_25,25. Street Angel,completed,5,,2026-09-28 20:24:45+00:00,2026-09-28 20:26:42+00:00,2.0
https://www.imdb.com/title/tt0019109/?ref_=sr_i_26,26. Lonesome,completed,6,,2026-09-28 20:24:45+00:00,2026-09-28 20:26:45+00:00,2.0
https://www.imdb.com/title/tt0019591/?ref_=sr_i_27,27. A Woman of Affairs,completed,6,,2026-09-28 20:24:45+00:00,2026-09-28 20:26:48+00:00,2.0
https://www.imdb.com/title/tt0017621/?ref_=sr_i_28,28. A Daughter of Destiny,completed,6,,2026-09-28 20:24:45+00:00,2026-09-28 20:26:51+00:00,2.0
https://www.imdb.com/title/tt0019379/?ref_=sr_i_29,29. Show People,completed,6,,2026-09-28 20:24:45+00:00,2026-09-28 20:27:03+00:00,2.0
https://www.imdb.com/title/tt0019258/?ref_=sr_i_30,30. The Patsy,completed,6,,2026-09-28 20:24:45+00:00,2026-09-28 20:27:08+00:00,2.0
https://www.imdb.com/title/tt0020080/?ref_=sr_i_31,31. The Last Warning,completed,5,,2026-09-28 20:24:45+00:00,2026-09-28 20:27:11+00:00,2.0
https://www.imdb.com/title/tt0019151/?ref_=sr_i_32,32. The Matinee Idol,completed,6,,2026-09-28 20:24:45+00:00,2026-09-28 20:27:14+00:00,2.0
https://www.imdb.com/title/tt0019096/?ref_=sr_i_33,33. Lights of New York,completed,5,,2026-09-28 20:24:45+00:00,2026-09-28 20:27:20+00:00,2.0
https://www.imdb.com/title/tt0018749/?ref_=sr_i_34,34. The Cardboard Lover,completed,6,,2026-09-28 20:24:45+00:00,2026-09-28 20:27:24+00:00,2.0
https://www.imdb.com/title/tt0019935/?ref_=sr_i_35,35. The Godless Girl,completed,6,,2026-09-28 20:24:45+00:00,2026-09-28 20:27:28+00:00,2.0
https://www.imdb.com/title/tt0018909/?ref_=sr_i_36,36. Four Sons,completed,6,,2026-09-28 20:24:45+00:00,2026-09-28 20:27:31+00:00,2.0
https://www.imdb.com/title/tt0019646/?ref_=sr_i_37,37. L'Argent,completed,5,,2026-09-28 20:24:45+00:00,2026-09-28 20:27:34+00:00,2.0
https://www.imdb.com/title/tt0019532/?ref_=sr_i_38,38. The Viking,completed,5,,2026-09-28 20:24:45+00:00,2026-09-28 20:27:37+00:00,2.0
https://www.imdb.com/title/tt0019074/?ref_=sr_i_39,"39. Laugh, Clown, Laugh",completed,6,,2026-09-28 20:24:45+00:00,2026-09-28 20:27:41+00:00,2.0
https://www.imdb.com/title/tt0020018/?ref_=sr_i_40,40. In Old Arizona,completed,6,,2026-09-28 20:24:45+00:00,2026-09-28 20:27:44+00:00,2.0
https://www.imdb.com/title/tt0019558/?ref_=sr_i_41,41. The Wedding March,completed,6,,2026-09-28 21:01:59+00:00,2026-09-28 21:02:08+00:00,2.0
https://www.imdb.com/title/tt0343052/?ref_=sr_i_42,42. Sweeney Todd,completed,7,,2026-09-28 21:01:59+00:00,2026-09-28 21:02:10+00:00,2.0
https://www.imdb.com/title/tt0018935/?ref_=sr_i_43,43. Sex in Chains,completed,6,,2026-09-28 20:24:45+00:00,2026-09-28 20:28:19+00:00,2.0
https://www.imdb.com/title/tt0018907/?ref_=sr_i_44,44. 4 Devils,completed,6,,2026-09-28 20:24:45+00:00,2026-09-28 20:28:24+00:00,2.0
https://www.imdb.com/title/tt0019195/?ref_=sr_i_45,45. The Mysterious Lady,completed,6,,2026-09-28 20:24:45+00:00,2026-09-28 20:28:28+00:00,2.0
https://www.imdb.com/title/tt0018523/?ref_=sr_i_46,46. The Italian Straw Hat,completed,6,,2026-09-28 20:24:45+00:00,2026-09-28 20:28:32+00:00,2.0
https://www.imdb.com/title/tt0018937/?ref_=sr_i_47,47. A Girl in Every Port,completed,6,,2026-09-28 20:24:45+00:00,2026-09-28 20:28:37+00:00,2.0
https://www.imdb.com/title/tt0019401/?ref_=sr_i_48,48. So This Is Love,completed,6,,2026-09-28 20:24:45+00:00,2026-09-28 20:28:40+00:00,2.0
https://www.imdb.com/title/tt0018927/?ref_=sr_i_49,49. The Garden of Eden,completed,6,,2026-09-28 20:24:45+00:00,2026-09-28 20:28:44+00:00,2.0
https://www.imdb.com/title/tt0019824/?ref_=sr_i_50,50. The Divine Lady,completed,5,,2026-09-28 20:24:45+00:00,2026-09-28 20:28:49+00:00,2.0
https://www.imdb.com/title/tt0019286/?ref_=sr_i_51,51. Storm Over Asia,completed,6,,2026-09-28 20:24:45+00:00,2026-09-28 20:28:53+00:00,2.0
https://www.imdb.com/title/tt0019374/?ref_=sr_i_52,52. Shiraz,completed,6,,2026-09-28 20:24:45+00:00,2026-09-28 20:28:56+00:00,2.0
https://www.imdb.com/title/tt0018615/?ref_=sr_i_53,53. The Devious Path,completed,6,,2026-09-28 20:24:45+00:00,2026-09-28 20:29:00+00:00,2.0
https://www.imdb.com/title/tt0019456/?ref_=sr_i_54,54. The Terror,completed,6,,2026-09-28 20:24:45+00:00,2026-09-28 20:29:04+00:00,2.0
https://www.imdb.com/title/tt0019217/?ref_=sr_i_55,55. The Noose,completed,6,,2026-09-28 20:24:45+00:00,2026-09-28 20:29:08+00:00,2.0
https://www.imdb.com/title/tt0018851/?ref_=sr_i_56,56. Dressed to Kill,completed,7,,2026-09-28 20:24:45+00:00,2026-09-28 20:29:12+00:00,2.0
https://www.imdb.com/title/tt0020357/?ref_=sr_i_57,57. Salamander,completed,6,,2026-09-28 20:24:45+00:00,2026-09-28 20:29:17+00:00,2.0
https://www.imdb.com/title/tt0019574/?ref_=sr_i_58,58. White Shadows in the South Seas,completed,5,,2026-09-28 20:24:45+00:00,2026-09-28 20:29:21+00:00,2.0
https://www.imdb.com/title/tt0019186/?ref_=sr_i_59,59. Moulin Rouge,completed,5,,2026-09-28 20:24:45+00:00,2026-09-28 20:29:25+00:00,2.0
https://www.imdb.com/title/tt0019462/?ref_=sr_i_60,60. That Certain Thing,completed,6,,2026-09-28 20:24:45+00:00,2026-09-28 20:29:29+00:00,2.0
https://www.imdb.com/title/tt0019098/?ref_=sr_i_61,61. Lilac Time,completed,6,,2026-09-28 20:24:45+00:00,2026-09-28 20:29:33+00:00,2.0
https://www.imdb.com/title/tt0018972/?ref_=sr_i_62,62. Hangman's House,completed,6,,2026-09-28 20:24:45+00:00,2026-09-28 20:29:36+00:00,2.0
https://www.imdb.com/title/tt0019501/?ref_=sr_i_63,63. Two Lovers,completed,6,,2026-09-28 20:24:45+00:00,2026-09-28 20:29:41+00:00,2.0
https://www.imdb.com/title/tt0018392/?ref_=sr_i_64,64. Shooting Stars,completed,6,,2026-09-28 20:24:45+00:00,2026-09-28 20:29:44+00:00,2.0
https://www.imdb.com/title/tt0018854/?ref_=sr_i_65,65. Drums of Love,completed,6,,2026-09-28 20:24:45+00:00,2026-09-28 20:29:48+00:00,2.0
https://www.imdb.com/title/tt0019242/?ref_=sr_i_66,66. The Pace That Kills,completed,6,,2026-09-28 20:24:45+00:00,2026-09-28 20:29:52+00:00,2.0
https://www.imdb.com/title/tt0019312/?ref_=sr_i_67,67. The Red Dance,completed,6,,2026-09-28 20:24:45+00:00,2026-09-28 20:29:55+00:00,2.0
https://www.imdb.com/title/tt0019489/?ref_=sr_i_68,68. The Trail of '98,completed,7,,2026-09-28 21:01:59+00:00,2026-09-28 21:02:13+00:00,2.0
https://www.imdb.com/title/tt0019035/?ref_=sr_i_69,69. Interference,completed,7,,2026-09-28 21:01:59+00:00,2026-09-28 21:02:16+00:00,2.0
https://www.imdb.com/title/tt0018674/?ref_=sr_i_70,70. The Barker,completed,7,,2026-09-28 21:01:59+00:00,2026-09-28 21:02:18+00:00,2.0
https://www.imdb.com/title/tt0019388/?ref_=sr_i_71,71. The Singing Fool,completed,6,,2026-09-28 20:24:45+00:00,2026-09-28 20:31:06+00:00,2.0
https://www.imdb.com/title/tt0018931/?ref_=sr_i_72,72. Gentlemen Prefer Blondes,completed,6,,2026-09-28 20:24:45+00:00,2026-09-28 20:31:09+00:00,2.0
https://www.imdb.com/title/tt0019451/?ref_=sr_i_73,73. Tempest,completed,6,,2026-09-28 20:24:45+00:00,2026-09-28 20:31:12+00:00,2.0
https://www.imdb.com/title/tt0018678/?ref_=sr_i_74,74. The Battle of the Sexes,completed,6,,2026-09-28 20:24:45+00:00,2026-09-28 20:31:15+00:00,2.0
https://www.imdb.com/title/tt0018726/?ref_=sr_i_75,75. The Bronc Stomper,completed,6,,2026-09-28 20:24:45+00:00,2026-09-28 20:31:18+00:00,2.0
https://www.imdb.com/title/tt0018893/?ref_=sr_i_76,76. The Five O'Clock Girl,completed,6,,2026-09-28 20:24:45+00:00,2026-09-28 20:31:20+00:00,2.0
https://www.imdb.com/title/tt0020370/?ref_=sr_i_77,77. Scarlet Seas,completed,6,,2026-09-28 20:24:45+00:00,2026-09-28 20:31:24+00:00,2.0
https://www.imdb.com/title/tt0019398/?ref_=sr_i_78,78. Skyscraper,completed,6,,2026-09-28 20:24:45+00:00,2026-09-28 20:31:27+00:00,2.0
https://www.imdb.com/title/tt0189843/?ref_=sr_i_79,79. Mein Leben für das Deine,completed,6,,2026-09-28 20:24:45+00:00,2026-09-28 20:31:29+00:00,2.0
https://www.imdb.com/title/tt0019043/?ref_=sr_i_80,80. Crossroads,completed,6,,2026-09-28 20:24:45+00:00,2026-09-28 20:31:32+00:00,2.0
https://www.imdb.com/title/tt0018722/?ref_=sr_i_81,81. Bringing Up Father,completed,6,,2026-09-28 20:24:45+00:00,2026-09-28 20:31:37+00:00,2.0
https://www.imdb.com/title/tt0019538/?ref_=sr_i_82,82. The Vortex,completed,6,,2026-09-28 20:24:45+00:00,2026-09-28 20:31:41+00:00,2.0
https://www.imdb.com/title/tt0019568/?ref_=sr_i_83,83. What a Night!,completed,7,,2026-09-28 21:01:59+00:00,2026-09-28 21:02:20+00:00,2.0
https://www.imdb.com/title/tt8262256/?ref_=sr_i_84,84. Der Ring der Bajadere,completed,7,,2026-09-28 21:01:59+00:00,2026-09-28 21:02:22+00:00,2.0
https://www.imdb.com/title/tt0018638/?ref_=sr_i_85,85. Alias Jimmy Valentine,completed,6,,2026-09-28 20:24:45+00:00,2026-09-28 20:32:18+00:00,2.0
https://www.imdb.com/title/tt0018791/?ref_=sr_i_86,86. The Constant Nymph,completed,6,,2026-09-28 20:24:45+00:00,2026-09-28 20:32:21+00:00,2.0
https://www.imdb.com/title/tt0018633/?ref_=sr_i_87,87. The Air Circus,completed,6,,2026-09-28 20:24:45+00:00,2026-09-28 20:32:24+00:00,2.0
https://www.imdb.com/title/tt0019152/?ref_=sr_i_88,88. The Mating Call,completed,6,,2026-09-28 20:24:45+00:00,2026-09-28 20:32:27+00:00,2.0
https://www.imdb.com/title/tt0196592/?ref_=sr_i_89,89. Gow the Head Hunter,completed,7,,2026-09-28 20:24:45+00:00,2026-09-28 20:32:30+00:00,2.0
https://www.imdb.com/title/tt0019419/?ref_=sr_i_90,90. Stand and Deliver,completed,6,,2026-09-28 20:24:45+00:00,2026-09-28 20:32:33+00:00,2.0
https://www.imdb.com/title/tt0020547/?ref_=sr_i_91,91. Verdun: Looking at History,completed,6,,2026-09-28 20:24:45+00:00,2026-09-28 20:32:36+00:00,2.0
https://www.imdb.com/title/tt0019363/?ref_=sr_i_92,92. The Secret Hour,completed,6,,2026-09-28 20:24:45+00:00,2026-09-28 20:32:39+00:00,2.0
https://www.imdb.com/title/tt0018882/?ref_=sr_i_93,93. Feel My Pulse,completed,6,,2026-09-28 20:24:45+00:00,2026-09-28 20:32:41+00:00,2.0
https://www.imdb.com/title/tt0019611/?ref_=sr_i_94,94. Zvenigora,completed,5,,2026-09-28 20:24:45+00:00,2026-09-28 20:32:44+00:00,2.0
https://www.imdb.com/title/tt0018879/?ref_=sr_i_95,95. Fazil,completed,6,,2026-09-28 20:24:45+00:00,2026-09-28 20:32:47+00:00,2.0
https://www.imdb.com/title/tt0180667/?ref_=sr_i_96,96. Eleven P.M.,completed,6,,2026-09-28 20:24:45+00:00,2026-09-28 20:32:50+00:00,2.0
https://www.imdb.com/title/tt0019434/?ref_=sr_i_97,97. Submarine,completed,6,,2026-09-28 20:24:45+00:00,2026-09-28 20:32:53+00:00,2.0
https://www.imdb.com/title/tt0019325/?ref_=sr_i_98,98. Riley the Cop,completed,7,,2026-09-28 20:24:45+00:00,2026-09-28 20:32:55+00:00,2.0
https://www.imdb.com/title/tt0018647/?ref_=sr_i_99,99. Anybody Here Seen Kelly?,completed,7,,2026-09-28 20:24:45+00:00,2026-09-28 20:32:58+00:00,2.0
https://www.imdb.com/title/tt0018387/?ref_=sr_i_100,100. The Shepherd of the Hills,completed,6,,2026-09-28 20:24:45+00:00,2026-09-28 20:33:03+00:00,2.0
https://www.imdb.com/title/tt0018795/?ref_=sr_i_101,101. The Cossacks,completed,6,,2026-09-28 20:24:45+00:00,2026-09-28 20:33:07+00:00,2.0
https://www.imdb.com/title/tt0019288/?ref_=sr_i_102,102. Power,completed,6,,2026-09-28 20:24:45+00:00,2026-09-28 20:33:10+00:00,2.0
https://www.imdb.com/title/tt0018697/?ref_=sr_i_103,103. The Big City,completed,6,,2026-09-28 20:24:45+00:00,2026-09-28 20:33:14+00:00,2.0
https://www.imdb.com/title/tt0019006/?ref_=sr_i_104,104. Hit of the Show,completed,6,,2026-09-28 20:24:45+00:00,2026-09-28 20:33:17+00:00,2.0
https://www.imdb.com/title/tt0019509/?ref_=sr_i_105,105. Underground,completed,7,,2026-09-28 21:01:59+00:00,2026-09-28 21:02:24+00:00,2.0
https://www.imdb.com/title/tt0019381/?ref_=sr_i_106,106. The Sideshow,completed,7,,2026-09-28 21:01:59+00:00,2026-09-28 21:02:27+00:00,2.0
https://www.imdb.com/title/tt0019159/?ref_=sr_i_107,107. The Michigan Kid,completed,7,,2026-09-28 21:01:59+00:00,2026-09-28 21:02:29+00:00,2.0
https://www.imdb.com/title/tt0019009/?ref_=sr_i_108,108. Hold 'Em Yale,completed,6,,2026-09-28 20:24:45+00:00,2026-09-28 20:34:27+00:00,2.0
https://www.imdb.com/title/tt0019216/?ref_=sr_i_109,109. None But the Brave,completed,6,,2026-09-28 20:24:45+00:00,2026-09-28 20:34:30+00:00,2.0
https://www.imdb.com/title/tt0018841/?ref_=sr_i_110,110. Dom na Trubnoy,completed,6,,2026-09-28 20:24:45+00:00,2026-09-28 20:34:33+00:00,2.0
https://www.imdb.com/title/tt0019480/?ref_=sr_i_111,111. The Sad Sack,completed,7,,2026-09-28 20:24:45+00:00,2026-09-28 20:34:36+00:00,2.0
https://www.imdb.com/title/tt0018613/?ref_=sr_i_112,112. Abie's Irish Rose,completed,6,,2026-09-28 20:24:45+00:00,2026-09-28 20:34:39+00:00,2.0
https://www.imdb.com/title/tt0019211/?ref_=sr_i_113,113. The Night Flyer,completed,6,,2026-09-28 20:24:45+00:00,2026-09-28 20:34:42+00:00,2.0
https://www.imdb.com/title/tt0166822/?ref_=sr_i_114,114. State Street Sadie,completed,6,,2026-09-28 20:24:45+00:00,2026-09-28 20:34:45+00:00,2.0
https://www.imdb.com/title/tt0019080/?ref_=sr_i_115,115. The Legion of the Condemned,completed,6,,2026-09-28 20:24:45+00:00,2026-09-28 20:34:48+00:00,2.0
https://www.imdb.com/title/tt0019358/?ref_=sr_i_116,116. The Scarlet Lady,completed,7,,2026-09-28 21:01:59+00:00,2026-09-28 21:02:31+00:00,2.0
https://www.imdb.com/title/tt0020335/?ref_=sr_i_117,117. The River,completed,6,,2026-09-28 20:24:45+00:00,2026-09-28 20:35:14+00:00,2.0
https://www.imdb.com/title/tt0018896/?ref_=sr_i_118,118. The Fleet's In,completed,6,,2026-09-28 20:24:45+00:00,2026-09-28 20:35:17+00:00,2.0
https://www.imdb.com/title/tt0019264/?ref_=sr_i_119,119. The Perfect Crime,completed,6,,2026-09-28 20:24:45+00:00,2026-09-28 20:35:20+00:00,2.0
https://www.imdb.com/title/tt0018804/?ref_=sr_i_120,120. The Crimson City,completed,6,,2026-09-28 20:24:45+00:00,2026-09-28 20:35:23+00:00,2.0
https://www.imdb.com/title/tt0018622/?ref_=sr_i_121,121. Adoration,completed,6,,2026-09-28 20:24:45+00:00,2026-09-28 20:35:26+00:00,2.0
https://www.imdb.com/title/tt0018990/?ref_=sr_i_122,122. Homecoming,completed,6,,2026-09-28 20:24:45+00:00,2026-09-28 20:35:29+00:00,2.0
https://www.imdb.com/title/tt0019156/?ref_=sr_i_123,123. Melody of Love,completed,6,,2026-09-28 20:24:45+00:00,2026-09-28 20:35:32+00:00,2.0
https://www.imdb.com/title/tt0018905/?ref_=sr_i_124,124. The Foreign Legion,completed,6,,2026-09-28 20:24:45+00:00,2026-09-28 20:35:35+00:00,2.0
https://www.imdb.com/title/tt0019554/?ref_=sr_i_125,125. The Way of the Strong,completed,6,,2026-09-28 20:24:45+00:00,2026-09-28 20:35:39+00:00,2.0
https://www.imdb.com/title/tt0261008/?ref_=sr_i_126,126. The Gadfly,completed,6,,2026-09-28 20:24:45+00:00,2026-09-28 20:35:42+00:00,2.0
https://www.imdb.com/title/tt0018592/?ref_=sr_i_127,127. The Woman from Moscow,completed,6,,2026-09-28 20:24:45+00:00,2026-09-28 20:35:45+00:00,2.0
https://www.imdb.com/title/tt0019150/?ref_=sr_i_128,128. The Masks of the Devil,completed,6,,2026-09-28 20:24:45+00:00,2026-09-28 20:35:48+00:00,2.0
https://www.imdb.com/title/tt0018750/?ref_=sr_i_129,"129. Carry on, Sergeant!",completed,6,,2026-09-28 20:24:45+00:00,2026-09-28 20:35:52+00:00,2.0
https://www.imdb.com/title/tt0018700/?ref_=sr_i_130,130. The Big Noise,completed,6,,2026-09-28 20:24:45+00:00,2026-09-28 20:35:56+00:00,2.0
https://www.imdb.com/title/tt0019103/?ref_=sr_i_131,131. Skirts,completed,6,,2026-09-28 20:24:45+00:00,2026-09-28 20:36:01+00:00,2.0
https://www.imdb.com/title/tt0330487/?ref_=sr_i_132,132. Jesus of Nazareth,completed,6,,2026-09-28 20:24:45+00:00,2026-09-28 20:36:04+00:00,2.0
https://www.imdb.com/title/tt0019492/?ref_=sr_i_133,133. A Trick of Hearts,completed,6,,2026-09-28 20:24:45+00:00,2026-09-28 20:36:07+00:00,2.0
https://www.imdb.com/title/tt0018906/?ref_=sr_i_134,134. Forgotten Faces,completed,6,,2026-09-28 20:24:45+00:00,2026-09-28 20:36:11+00:00,2.0
https://www.imdb.com/title/tt0019073/?ref_=sr_i_135,135. The Latest from Paris,completed,6,,2026-09-28 20:24:45+00:00,2026-09-28 20:36:14+00:00,2.0
https://www.imdb.com/title/tt0019305/?ref_=sr_i_136,136. Ramona,completed,6,,2026-09-28 20:24:45+00:00,2026-09-28 20:36:18+00:00,2.0
https://www.imdb.com/title/tt0021043/?ref_=sr_i_137,137. The Lady of the Lake,completed,6,,2026-09-28 20:24:45+00:00,2026-09-28 20:36:22+00:00,2.0
https://www.imdb.com/title/tt0232776/?ref_=sr_i_138,138. The Last Days of Odysseas Androutsos,completed,7,,2026-09-28 20:24:45+00:00,2026-09-28 20:36:25+00:00,2.0
https://www.imdb.com/title/tt0018979/?ref_=sr_i_139,139. Haunted Island,completed,6,,2026-09-28 20:24:45+00:00,2026-09-28 20:36:30+00:00,2.0
https://www.imdb.com/title/tt0018611/?ref_=sr_i_140,140. 13 Washington Square,completed,7,,2026-09-28 20:24:45+00:00,2026-09-28 20:36:35+00:00,2.0
https://www.imdb.com/title/tt0020368/?ref_=sr_i_141,141. Scandal in Paris,completed,7,,2026-09-28 20:24:45+00:00,2026-09-28 20:36:38+00:00,2.0
https://www.imdb.com/title/tt0019239/?ref_=sr_i_142,142. Outcast,completed,6,,2026-09-28 20:24:45+00:00,2026-09-28 20:36:42+00:00,2.0
https://www.imdb.com/title/tt0019289/?ref_=sr_i_143,143. The Power of Silence,completed,6,,2026-09-28 20:24:45+00:00,2026-09-28 20:36:45+00:00,2.0
https://www.imdb.com/title/tt0019143/?ref_=sr_i_144,144. Mark of the Frog,completed,6,,2026-09-28 20:24:45+00:00,2026-09-28 20:36:49+00:00,2.0
https://www.imdb.com/title/tt0019067/?ref_=sr_i_145,145. A Lady of Chance,completed,6,,2026-09-28 20:24:45+00:00,2026-09-28 20:36:52+00:00,2.0
https://www.imdb.com/title/tt0019543/?ref_=sr_i_146,146. Dreams of Youth,completed,6,,2026-09-28 20:24:45+00:00,2026-09-28 20:36:55+00:00,2.0
https://www.imdb.com/title/tt0019062/?ref_=sr_i_147,147. Ladies of the Mob,completed,6,,2026-09-28 20:24:45+00:00,2026-09-28 20:36:59+00:00,2.0
https://www.imdb.com/title/tt0019497/?ref_=sr_i_148,148. Turn Back the Hours,completed,6,,2026-09-28 20:24:45+00:00,2026-09-28 20:37:01+00:00,2.0
https://www.imdb.com/title/tt0019194/?ref_=sr_i_149,149. The Mysterious Airman,completed,6,,2026-09-28 20:24:45+00:00,2026-09-28 20:37:06+00:00,2.0
https://www.imdb.com/title/tt0018887/?ref_=sr_i_150,150. The Fifty-Fifty Girl,completed,6,,2026-09-28 20:24:45+00:00,2026-09-28 20:37:08+00:00,2.0
https://www.imdb.com/title/tt0018850/?ref_=sr_i_151,151. Dream of Love,completed,7,,2026-09-28 21:01:59+00:00,2026-09-28 21:02:33+00:00,2.0
https://www.imdb.com/title/tt0018187/?ref_=sr_i_152,152. The Mystery of the Eiffel Tower,completed,6,,2026-09-28 20:24:45+00:00,2026-09-28 20:37:28+00:00,2.0
https://www.imdb.com/title/tt0019444/?ref_=sr_i_153,153. Take Me Home,completed,6,,2026-09-28 20:24:45+00:00,2026-09-28 20:37:33+00:00,2.0
https://www.imdb.com/title/tt0019414/?ref_=sr_i_154,154. The Spieler,completed,6,,2026-09-28 20:24:45+00:00,2026-09-28 20:37:37+00:00,2.0
https://www.imdb.com/title/tt0019385/?ref_=sr_i_155,155. Simba: The King of the Beasts,completed,6,,2026-09-28 20:24:45+00:00,2026-09-28 20:37:43+00:00,2.0
https://www.imdb.com/title/tt0282008/?ref_=sr_i_156,156. Moines blancs de Citeaux et de la Trappe au XXe siècle,completed,6,,2026-09-28 20:24:45+00:00,2026-09-28 20:37:48+00:00,2.0
https://www.imdb.com/title/tt0018945/?ref_=sr_i_157,157. Glorious Betsy,completed,6,,2026-09-28 20:24:45+00:00,2026-09-28 20:37:55+00:00,2.0
https://www.imdb.com/title/tt0019013/?ref_=sr_i_158,"158. Home, James",completed,7,,2026-09-28 21:01:59+00:00,2026-09-28 21:02:35+00:00,2.0
https://www.imdb.com/title/tt0018714/?ref_=sr_i_159,159. Physical Beauty,completed,7,,2026-09-28 21:01:59+00:00,2026-09-28 21:02:37+00:00,2.0
https://www.imdb.com/title/tt0023448/?ref_=sr_i_160,160. Secrets of the Orient,completed,7,,2026-09-28 21:01:59+00:00,2026-09-28 21:02:40+00:00,2.0
https://www.imdb.com/title/tt0018656/?ref_=sr_i_161,161. The Art of Love,completed,7,,2026-09-28 21:01:59+00:00,2026-09-28 21:02:42+00:00,2.0
https://www.imdb.com/title/tt0018761/?ref_=sr_i_162,162. The Chaser,completed,6,,2026-09-28 20:24:45+00:00,2026-09-28 20:38:45+00:00,2.0
https://www.imdb.com/title/tt0019391/?ref_=sr_i_163,163. Sins of the Fathers,completed,6,,2026-09-28 20:24:45+00:00,2026-09-28 20:38:53+00:00,2.0
https://www.imdb.com/title/tt0019252/?ref_=sr_i_164,164. Partners in Crime,completed,6,,2026-09-28 20:24:45+00:00,2026-09-28 20:38:59+00:00,2.0
https://www.imdb.com/title/tt0019024/?ref_=sr_i_165,165. Hot News,completed,6,,2026-09-28 20:24:45+00:00,2026-09-28 20:39:02+00:00,2.0
https://www.imdb.com/title/tt0018618/?ref_=sr_i_166,166. Across to Singapore,completed,6,,2026-09-28 20:24:45+00:00,2026-09-28 20:39:05+00:00,2.0
https://www.imdb.com/title/tt0019598/?ref_=sr_i_167,167. Wyoming,completed,6,,2026-09-28 20:24:45+00:00,2026-09-28 20:39:08+00:00,2.0
https://www.imdb.com/title/tt0018976/?ref_=sr_i_168,168. Harold Teen,completed,6,,2026-09-28 20:24:45+00:00,2026-09-28 20:39:11+00:00,2.0
https://www.imdb.com/title/tt0347944/?ref_=sr_i_169,169. Das Schicksal derer von Habsburg - Die Tragödie eines Kaiserreiches,completed,6,,2026-09-28 20:24:45+00:00,2026-09-28 20:39:14+00:00,2.0
https://www.imdb.com/title/tt0019481/?ref_=sr_i_170,170. The Toilers,completed,6,,2026-09-28 20:24:45+00:00,2026-09-28 20:39:17+00:00,2.0
https://www.imdb.com/title/tt12063708/?ref_=sr_i_171,171. Snow White,completed,6,,2026-09-28 20:24:45+00:00,2026-09-28 20:39:19+00:00,2.0
https://www.imdb.com/title/tt0019589/?ref_=sr_i_172,172. The Woman Disputed,completed,6,,2026-09-28 20:24:45+00:00,2026-09-28 20:39:22+00:00,2.0
https://www.imdb.com/title/tt0018800/?ref_=sr_i_173,173. Craig's Wife,completed,6,,2026-09-28 20:24:45+00:00,2026-09-28 20:39:24+00:00,2.0
https://www.imdb.com/title/tt0019221/?ref_=sr_i_174,174. Wife Lost,completed,6,,2026-09-28 20:24:45+00:00,2026-09-28 20:39:27+00:00,2.0
https://www.imdb.com/title/tt0158043/?ref_=sr_i_175,175. The Old Oregon Trail,completed,6,,2026-09-28 20:24:45+00:00,2026-09-28 20:39:29+00:00,2.0
https://www.imdb.com/title/tt0165954/?ref_=sr_i_176,176. South of Panama,completed,6,,2026-09-28 20:24:45+00:00,2026-09-28 20:39:32+00:00,2.0
https://www.imdb.com/title/tt0018859/?ref_=sr_i_177,177. Eagle of the Night,completed,6,,2026-09-28 20:24:45+00:00,2026-09-28 20:39:34+00:00,2.0
https://www.imdb.com/title/tt0268062/?ref_=sr_i_178,178. L'île d'amour,completed,6,,2026-09-28 20:24:45+00:00,2026-09-28 20:39:37+00:00,2.0
https://www.imdb.com/title/tt0018724/?ref_=sr_i_179,179. Broken Barriers,completed,6,,2026-09-28 20:24:45+00:00,2026-09-28 20:39:40+00:00,2.0
https://www.imdb.com/title/tt0019332/?ref_=sr_i_180,180. The Road to Ruin,completed,6,,2026-09-28 20:24:45+00:00,2026-09-28 20:39:42+00:00,2.0
https://www.imdb.com/title/tt0019335/?ref_=sr_i_181,181. Rose-Marie,completed,6,,2026-09-28 20:24:45+00:00,2026-09-28 20:39:51+00:00,2.0
https://www.imdb.com/title/tt0019193/?ref_=sr_i_182,182. My Man,completed,6,,2026-09-28 20:24:45+00:00,2026-09-28 20:39:55+00:00,2.0
https://www.imdb.com/title/tt0019338/?ref_=sr_i_183,183. Runaway Girls,completed,6,,2026-09-28 20:24:45+00:00,2026-09-28 20:39:57+00:00,2.0
https://www.imdb.com/title/tt0019329/?ref_=sr_i_184,184. The River Pirate,completed,6,,2026-09-28 20:24:45+00:00,2026-09-28 20:40:00+00:00,2.0
https://www.imdb.com/title/tt0020341/?ref_=sr_i_185,185. Romance of the Underworld,completed,6,,2026-09-28 20:24:45+00:00,2026-09-28 20:40:02+00:00,2.0
https://www.imdb.com/title/tt0019471/?ref_=sr_i_186,186. Three Week Ends,completed,6,,2026-09-28 20:24:45+00:00,2026-09-28 20:40:05+00:00,2.0
https://www.imdb.com/title/tt0019428/?ref_=sr_i_187,187. Stormy Waters,completed,6,,2026-09-28 20:24:45+00:00,2026-09-28 20:40:09+00:00,2.0
https://www.imdb.com/title/tt0202904/?ref_=sr_i_188,188. His Destiny,completed,6,,2026-09-28 20:24:45+00:00,2026-09-28 20:40:12+00:00,2.0
https://www.imdb.com/title/tt0019545/?ref_=sr_i_189,189. Wallflowers,completed,6,,2026-09-28 20:24:45+00:00,2026-09-28 20:40:15+00:00,2.0
https://www.imdb.com/title/tt0018995/?ref_=sr_i_190,190. Hey Rube!,completed,6,,2026-09-28 20:24:45+00:00,2026-09-28 20:40:17+00:00,2.0
https://www.imdb.com/title/tt0018710/?ref_=sr_i_191,191. A Blonde for a Night,completed,7,,2026-09-28 21:01:59+00:00,2026-09-28 21:02:44+00:00,2.0
https://www.imdb.com/title/tt0020110/?ref_=sr_i_192,192. Lost in the Arctic,completed,7,,2026-09-28 21:01:59+00:00,2026-09-28 21:02:46+00:00,2.0
https://www.imdb.com/title/tt0018802/?ref_=sr_i_193,193. Crashing Through,completed,6,,2026-09-28 20:24:45+00:00,2026-09-28 20:40:52+00:00,2.0
https://www.imdb.com/title/tt0018703/?ref_=sr_i_194,194. The Black Ace,completed,6,,2026-09-28 20:24:45+00:00,2026-09-28 20:40:55+00:00,2.0
https://www.imdb.com/title/tt0018646/?ref_=sr_i_195,195. Annapolis,completed,6,,2026-09-28 20:24:45+00:00,2026-09-28 20:40:59+00:00,2.0
https://www.imdb.com/title/tt0018971/?ref_=sr_i_196,196. Half a Bride,completed,6,,2026-09-28 20:24:45+00:00,2026-09-28 20:41:02+00:00,2.0
https://www.imdb.com/title/tt0019478/?ref_=sr_i_197,197. Tillie's Punctured Romance,completed,6,,2026-09-28 20:24:45+00:00,2026-09-28 20:41:05+00:00,2.0
https://www.imdb.com/title/tt0019565/?ref_=sr_i_198,198. What Money Can Buy,completed,6,,2026-09-28 20:24:45+00:00,2026-09-28 20:41:07+00:00,2.0
https://www.imdb.com/title/tt0018389/?ref_=sr_i_199,199. A Ship Comes In,completed,6,,2026-09-28 20:24:45+00:00,2026-09-28 20:41:10+00:00,2.0
https://www.imdb.com/title/tt0018792/?ref_=sr_i_200,200. The Cop,completed,6,,2026-09-28 20:24:45+00:00,2026-09-28 20:41:12+00:00,2.0
https://www.imdb.com/title/tt0019179/?ref_=sr_i_201,201. Moran of the Marines,completed,6,,2026-09-28 20:24:45+00:00,2026-09-28 20:41:14+00:00,2.0
https://www.imdb.com/title/tt0018901/?ref_=sr_i_202,202. The Flyin' Cowboy,completed,6,,2026-09-28 20:24:45+00:00,2026-09-28 20:41:17+00:00,2.0
https://www.imdb.com/title/tt0018849/?ref_=sr_i_203,203. The Dragnet,completed,6,,2026-09-28 20:24:45+00:00,2026-09-28 20:41:19+00:00,2.0
https://www.imdb.com/title/tt0020209/?ref_=sr_i_204,204. Naughty Baby,completed,6,,2026-09-28 20:24:45+00:00,2026-09-28 20:41:22+00:00,2.0
https://www.imdb.com/title/tt0019453/?ref_=sr_i_205,205. Tenderloin,completed,6,,2026-09-28 20:24:45+00:00,2026-09-28 20:41:24+00:00,2.0
https://www.imdb.com/title/tt0019507/?ref_=sr_i_206,206. Under the Black Eagle,completed,6,,2026-09-28 20:24:45+00:00,2026-09-28 20:41:26+00:00,2.0
https://www.imdb.com/title/tt0260306/?ref_=sr_i_207,207. Kali bazrobidan,completed,6,,2026-09-28 20:24:45+00:00,2026-09-28 20:41:29+00:00,2.0
https://www.imdb.com/title/tt0019084/?ref_=sr_i_208,208. The Leopard Lady,completed,6,,2026-09-28 20:24:45+00:00,2026-09-28 20:41:31+00:00,2.0
https://www.imdb.com/title/tt0019154/?ref_=sr_i_209,"209. Me, Gangster",completed,6,,2026-09-28 20:24:45+00:00,2026-09-28 20:41:34+00:00,2.0
https://www.imdb.com/title/tt0019265/?ref_=sr_i_210,210. A Perfect Gentleman,completed,6,,2026-09-28 20:24:45+00:00,2026-09-28 20:41:36+00:00,2.0
https://www.imdb.com/title/tt0280121/?ref_=sr_i_211,211. Souad al-ghagariyyah,completed,11,,2026-09-28 21:01:59+00:00,2026-09-29T06:44:54+00:00,
https://www.imdb.com/title/tt0122009/?ref_=sr_i_212,212. Sleeping Ember,completed,6,,2026-09-28 20:24:45+00:00,2026-09-28 20:41:43+00:00,2.0
https://www.imdb.com/title/tt0019544/?ref_=sr_i_213,213. Walking Back,completed,6,,2026-09-28 20:24:45+00:00,2026-09-28 20:41:47+00:00,2.0
https://www.imdb.com/title/tt0019469/?ref_=sr_i_214,214. The Three Passions,completed,6,,2026-09-28 20:24:45+00:00,2026-09-28 20:41:49+00:00,2.0
https://www.imdb.com/title/tt0019596/?ref_=sr_i_215,215. Won in the Clouds,completed,6,,2026-09-28 20:24:45+00:00,2026-09-28 20:41:53+00:00,2.0
https://www.imdb.com/title/tt0019308/?ref_=sr_i_216,216. Rasputins Liebesabenteuer,completed,6,,2026-09-28 20:24:45+00:00,2026-09-28 20:41:55+00:00,2.0
https://www.imdb.com/title/tt0019070/?ref_=sr_i_217,217. Land of the Silver Fox,completed,6,,2026-09-28 20:24:45+00:00,2026-09-28 20:41:58+00:00,2.0
https://www.imdb.com/title/tt0191344/?ref_=sr_i_218,218. The Passing of Mr. Quin,completed,6,,2026-09-28 20:24:45+00:00,2026-09-28 20:42:00+00:00,2.0
https://www.imdb.com/title/tt0019549/?ref_=sr_i_219,219. Warming Up,completed,6,,2026-09-28 20:24:45+00:00,2026-09-28 20:42:08+00:00,2.0
https://www.imdb.com/title/tt0019555/?ref_=sr_i_220,220. We Americans,completed,6,,2026-09-28 20:24:45+00:00,2026-09-28 20:42:11+00:00,2.0
https://www.imdb.com/title/tt0019417/?ref_=sr_i_221,221. Sporting Goods,completed,6,,2026-09-28 20:24:45+00:00,2026-09-28 20:42:13+00:00,2.0
https://www.imdb.com/title/tt0019361/?ref_=sr_i_222,222. Wasted Love,completed,6,,2026-09-28 20:24:45+00:00,2026-09-28 20:42:16+00:00,2.0
https://www.imdb.com/title/tt0018816/?ref_=sr_i_223,223. Dawn,completed,6,,2026-09-28 20:24:45+00:00,2026-09-28 20:42:19+00:00,2.0
https://www.imdb.com/title/tt0017844/?ref_=sr_i_224,224. Seeds of Freedom,completed,6,,2026-09-28 20:24:45+00:00,2026-09-28 20:42:21+00:00,2.0
https://www.imdb.com/title/tt0018870/?ref_=sr_i_225,225. Excess Baggage,completed,6,,2026-09-28 20:24:45+00:00,2026-09-28 20:42:24+00:00,2.0
https://www.imdb.com/title/tt1139667/?ref_=sr_i_226,226. Troye,completed,6,,2026-09-28 20:24:45+00:00,2026-09-28 20:42:26+00:00,2.0
https://www.imdb.com/title/tt0262749/?ref_=sr_i_227,227. Scampolo,completed,6,,2026-09-28 20:24:45+00:00,2026-09-28 20:42:29+00:00,2.0
https://www.imdb.com/title/tt0019302/?ref_=sr_i_228,228. A Race for Life,completed,6,,2026-09-28 20:24:45+00:00,2026-09-28 20:42:31+00:00,2.0
https://www.imdb.com/title/tt0019327/?ref_=sr_i_229,229. Rinty of the Desert,completed,6,,2026-09-28 20:24:45+00:00,2026-09-28 20:42:34+00:00,2.0
https://www.imdb.com/title/tt0019212/?ref_=sr_i_230,230. Night Watch,completed,6,,2026-09-28 20:24:45+00:00,2026-09-28 20:42:36+00:00,2.0
https://www.imdb.com/title/tt0419819/?ref_=sr_i_231,231. L'horloge magique ou La petite fille qui voulait être princesse,completed,6,,2026-09-28 20:24:45+00:00,2026-09-28 20:42:39+00:00,2.0
https://www.imdb.com/title/tt0018733/?ref_=sr_i_232,232. Burning Daylight,completed,6,,2026-09-28 20:24:45+00:00,2026-09-28 20:42:42+00:00,2.0
https://www.imdb.com/title/tt0019136/?ref_=sr_i_233,233. Manhattan Cocktail,completed,6,,2026-09-28 20:24:45+00:00,2026-09-28 20:42:44+00:00,2.0
https://www.imdb.com/title/tt0019298/?ref_=sr_i_234,234. Q-Ships,completed,7,,2026-09-28 21:01:59+00:00,2026-09-28 21:02:51+00:00,2.0
https://www.imdb.com/title/tt0019309/?ref_=sr_i_235,235. The Rawhide Kid,completed,7,,2026-09-28 21:01:59+00:00,2026-09-28 21:02:53+00:00,2.0
https://www.imdb.com/title/tt0018829/?ref_=sr_i_236,236. The Devil's Playground,completed,6,,2026-09-28 20:24:45+00:00,2026-09-28 20:43:11+00:00,2.0
https://www.imdb.com/title/tt0019181/?ref_=sr_i_237,237. Mother Knows Best,completed,6,,2026-09-28 20:24:45+00:00,2026-09-28 20:43:23+00:00,2.0
https://www.imdb.com/title/tt0019406/?ref_=sr_i_238,238. Something Always Happens,completed,6,,2026-09-28 20:24:45+00:00,2026-09-28 20:43:25+00:00,2.0
https://www.imdb.com/title/tt0019016/?ref_=sr_i_239,239. Honeymoon,completed,6,,2026-09-28 20:24:45+00:00,2026-09-28 20:43:28+00:00,2.0
https://www.imdb.com/title/tt0018669/?ref_=sr_i_240,240. Bachelor's Paradise,completed,6,,2026-09-28 20:24:45+00:00,2026-09-28 20:43:30+00:00,2.0
https://www.imdb.com/title/tt1159490/?ref_=sr_i_241,241. Chushingura: The Truth,completed,6,,2026-09-28 20:24:45+00:00,2026-09-28 20:43:34+00:00,2.0
https://www.imdb.com/title/tt0019060/?ref_=sr_i_242,242. Kruzheva,completed,6,,2026-09-28 20:24:45+00:00,2026-09-28 20:43:38+00:00,2.0
https://www.imdb.com/title/tt0018666/?ref_=sr_i_243,243. The Awakening,completed,6,,2026-09-28 20:24:45+00:00,2026-09-28 20:43:41+00:00,2.0
https://www.imdb.com/title/tt0018822/?ref_=sr_i_244,244. The Desert Bride,completed,6,,2026-09-28 20:24:45+00:00,2026-09-28 20:43:44+00:00,2.0
https://www.imdb.com/title/tt0018813/?ref_=sr_i_245,245. The Danger Rider,completed,6,,2026-09-28 20:24:45+00:00,2026-09-28 20:43:46+00:00,2.0
https://www.imdb.com/title/tt0018915/?ref_=sr_i_246,246. Freckles,completed,6,,2026-09-28 20:24:45+00:00,2026-09-28 20:43:52+00:00,2.0
https://www.imdb.com/title/tt0019405/?ref_=sr_i_247,247. Someone to Love,completed,6,,2026-09-28 20:24:45+00:00,2026-09-28 20:43:55+00:00,2.0
https://www.imdb.com/title/tt0019320/?ref_=sr_i_248,248. Revenge,completed,6,,2026-09-28 20:24:45+00:00,2026-09-28 20:43:57+00:00,2.0
https://www.imdb.com/title/tt0451718/?ref_=sr_i_249,249. Es zogen drei Burschen,completed,6,,2026-09-28 20:24:45+00:00,2026-09-28 20:44:00+00:00,2.0
https://www.imdb.com/title/tt0018986/?ref_=sr_i_250,250. The Heart of a Follies Girl,completed,6,,2026-09-28 20:24:45+00:00,2026-09-28 20:44:03+00:00,2.0
https://www.imdb.com/title/tt0018777/?ref_=sr_i_251,251. Clearing the Trail,completed,6,,2026-09-28 20:24:45+00:00,2026-09-28 20:44:05+00:00,2.0
https://www.imdb.com/title/tt0019571/?ref_=sr_i_252,252. While the City Sleeps,completed,6,,2026-09-28 20:24:45+00:00,2026-09-28 20:44:08+00:00,2.0
https://www.imdb.com/title/tt0309977/?ref_=sr_i_253,253. Pan Tadeusz,completed,6,,2026-09-28 20:24:45+00:00,2026-09-28 20:44:11+00:00,2.0
https://www.imdb.com/title/tt0018621/?ref_=sr_i_254,254. The Adorable Cheat,completed,7,,2026-09-28 21:01:59+00:00,2026-09-28 21:02:55+00:00,2.0
https://www.imdb.com/title/tt0019053/?ref_=sr_i_255,255. Kif Tebbi,completed,6,,2026-09-28 20:24:45+00:00,2026-09-28 20:44:32+00:00,2.0
https://www.imdb.com/title/tt0019454/?ref_=sr_i_256,256. Tenth Avenue,completed,6,,2026-09-28 20:24:45+00:00,2026-09-28 20:44:37+00:00,2.0
https://www.imdb.com/title/tt0019280/?ref_=sr_i_257,257. The Play Girl,completed,7,,2026-09-28 21:01:59+00:00,2026-09-28 21:02:58+00:00,2.0
https://www.imdb.com/title/tt0018754/?ref_=sr_i_258,258. A Certain Young Man,completed,7,,2026-09-28 21:01:59+00:00,2026-09-29T06:44:54+00:00,2.0
https://www.imdb.com/title/tt0018830/?ref_=sr_i_259,259. The Devil's Skipper,completed,7,,2026-09-28 21:01:59+00:00,2026-09-29T06:44:54+00:00,2.0
https://www.imdb.com/title/tt0264685/?ref_=sr_i_260,260. His Last Bullet,completed,6,,2026-09-28 20:24:45+00:00,2026-09-28 20:45:46+00:00,2.0
https://www.imdb.com/title/tt0019424/?ref_=sr_i_261,261. Stolen Love,completed,6,,2026-09-28 20:24:45+00:00,2026-09-28 20:45:48+00:00,2.0
https://www.imdb.com/title/tt0018135/?ref_=sr_i_262,262. The Man in Hobbles,completed,6,,2026-09-28 20:24:45+00:00,2026-09-28 20:45:51+00:00,2.0
https://www.imdb.com/title/tt0019064/?ref_=sr_i_263,263. Ladies' Night in a Turkish Bath,completed,6,,2026-09-28 20:24:45+00:00,2026-09-28 20:45:53+00:00,2.0
https://www.imdb.com/title/tt0019163/?ref_=sr_i_264,264. Midnight Madness,completed,6,,2026-09-28 20:24:45+00:00,2026-09-28 20:45:56+00:00,2.0
https://www.imdb.com/title/tt0342453/?ref_=sr_i_265,265. Fûun jôshi,completed,6,,2026-09-28 20:24:45+00:00,2026-09-28 20:45:58+00:00,2.0
https://www.imdb.com/title/tt0018903/?ref_=sr_i_266,266. Fools for Luck,completed,6,,2026-09-28 20:24:45+00:00,2026-09-28 20:46:01+00:00,2.0
https://www.imdb.com/title/tt0133237/?ref_=sr_i_267,267. Tragödie im Zirkus Royal,completed,6,,2026-09-28 20:24:45+00:00,2026-09-28 20:46:03+00:00,2.0
https://www.imdb.com/title/tt0018861/?ref_=sr_i_268,"268. Easy Come, Easy Go",completed,6,,2026-09-28 20:24:45+00:00,2026-09-28 20:46:06+00:00,2.0
https://www.imdb.com/title/tt0019122/?ref_=sr_i_269,269. Madame Récamier,completed,6,,2026-09-28 20:24:45+00:00,2026-09-28 20:46:08+00:00,2.0
https://www.imdb.com/title/tt0160696/?ref_=sr_i_270,270. Le prince Jean,completed,6,,2026-09-28 20:24:45+00:00,2026-09-28 20:46:16+00:00,2.0
https://www.imdb.com/title/tt0019112/?ref_=sr_i_271,271. Love Hungry,completed,6,,2026-09-28 20:24:45+00:00,2026-09-28 20:46:18+00:00,2.0
https://www.imdb.com/title/tt0019323/?ref_=sr_i_272,272. The Riding Renegade,completed,6,,2026-09-28 20:24:45+00:00,2026-09-28 20:46:20+00:00,2.0
https://www.imdb.com/title/tt0019534/?ref_=sr_i_273,273. Virgin Lips,completed,6,,2026-09-28 20:24:45+00:00,2026-09-28 20:46:22+00:00,2.0
https://www.imdb.com/title/tt0018805/?ref_=sr_i_274,274. Crooks Can't Win,completed,6,,2026-09-28 20:24:45+00:00,2026-09-28 20:46:24+00:00,2.0
https://www.imdb.com/title/tt0018918/?ref_=sr_i_275,275. Freiwild,completed,7,,2026-09-28 20:24:45+00:00,2026-09-28 20:46:27+00:00,2.0
https://www.imdb.com/title/tt0019167/?ref_=sr_i_276,276. Minuit... place Pigalle,completed,7,,2026-09-28 20:24:45+00:00,2026-09-28 20:46:29+00:00,2.0
https://www.imdb.com/title/tt0019279/?ref_=sr_i_277,277. Plastered in Paris,completed,6,,2026-09-28 20:24:45+00:00,2026-09-28 20:46:31+00:00,2.0
https://www.imdb.com/title/tt0020342/?ref_=sr_i_278,278. Samurai Town Story Part I,completed,6,,2026-09-28 20:24:45+00:00,2026-09-28 20:46:33+00:00,2.0
https://www.imdb.com/title/tt0019026/?ref_=sr_i_279,279. Dom v sugrobakh,completed,6,,2026-09-28 20:24:45+00:00,2026-09-28 20:46:38+00:00,2.0
https://www.imdb.com/title/tt0019178/?ref_=sr_i_280,280. Moral,completed,6,,2026-09-28 20:24:45+00:00,2026-09-28 20:46:40+00:00,2.0
https://www.imdb.com/title/tt0018748/?ref_=sr_i_281,281. Captain Swagger,completed,6,,2026-09-28 20:24:45+00:00,2026-09-28 20:46:42+00:00,2.0
https://www.imdb.com/title/tt0019057/?ref_=sr_i_282,282. A Knight in London,completed,7,,2026-09-28 21:01:59+00:00,2026-09-29T06:44:54+00:00,2.0
https://www.imdb.com/title/tt0019131/?ref_=sr_i_283,283. The Man Without a Face,completed,7,,2026-09-28 21:01:59+00:00,2026-09-28 21:04:04+00:00,2.0
https://www.imdb.com/title/tt0019245/?ref_=sr_i_284,284. Palais de danse,completed,6,,2026-09-28 20:24:45+00:00,2026-09-28 20:47:14+00:00,2.0
https://www.imdb.com/title/tt0019100/?ref_=sr_i_285,285. The Lion and the Mouse,completed,6,,2026-09-28 20:24:45+00:00,2026-09-28 20:47:17+00:00,2.0
https://www.imdb.com/title/tt0130592/?ref_=sr_i_286,286. Die Dame in Schwarz,completed,6,,2026-09-28 20:24:45+00:00,2026-09-28 20:47:20+00:00,2.0
https://www.imdb.com/title/tt0018999/?ref_=sr_i_287,287. His House in Order,completed,6,,2026-09-28 20:24:45+00:00,2026-09-28 20:47:22+00:00,2.0
https://www.imdb.com/title/tt0018921/?ref_=sr_i_288,288. Fátima Milagrosa,completed,6,,2026-09-28 20:24:45+00:00,2026-09-28 20:47:24+00:00,2.0
https://www.imdb.com/title/tt0018790/?ref_=sr_i_289,289. Conquest,completed,6,,2026-09-28 20:24:45+00:00,2026-09-28 20:47:27+00:00,2.0
https://www.imdb.com/title/tt0325411/?ref_=sr_i_290,290. Forbidden Trails,completed,6,,2026-09-28 20:24:45+00:00,2026-09-28 20:47:29+00:00,2.0
https://www.imdb.com/title/tt0018719/?ref_=sr_i_291,291. Breed of the Sunsets,completed,6,,2026-09-28 20:24:45+00:00,2026-09-28 20:47:31+00:00,2.0
https://www.imdb.com/title/tt0019605/?ref_=sr_i_292,292. You Can't Beat the Law,completed,6,,2026-09-28 20:24:45+00:00,2026-09-28 20:47:33+00:00,2.0
https://www.imdb.com/title/tt0156963/?ref_=sr_i_293,293. Riley of the Rainbow Division,completed,6,,2026-09-28 20:24:45+00:00,2026-09-28 20:47:35+00:00,2.0
https://www.imdb.com/title/tt0019416/?ref_=sr_i_294,294. The Sporting Age,completed,6,,2026-09-28 20:24:45+00:00,2026-09-28 20:47:37+00:00,2.0
https://www.imdb.com/title/tt0019127/?ref_=sr_i_295,295. Misdeal,completed,6,,2026-09-28 20:24:45+00:00,2026-09-28 20:47:40+00:00,2.0
https://www.imdb.com/title/tt0018844/?ref_=sr_i_296,296. Don Diego i Pelageya,completed,6,,2026-09-28 20:24:45+00:00,2026-09-28 20:47:42+00:00,2.0
https://www.imdb.com/title/tt0190677/?ref_=sr_i_297,297. The Queen of Death,completed,6,,2026-09-28 20:24:45+00:00,2026-09-28 20:47:45+00:00,2.0
https://www.imdb.com/title/tt0018930/?ref_=sr_i_298,298. Der geheime Kurier,completed,6,,2026-09-28 20:24:45+00:00,2026-09-28 20:47:47+00:00,2.0
https://www.imdb.com/title/tt0129932/?ref_=sr_i_299,299. Cocktails,completed,6,,2026-09-28 20:24:45+00:00,2026-09-28 20:47:49+00:00,2.0
https://www.imdb.com/title/tt0260233/?ref_=sr_i_300,300. Norchi mprinavi,completed,5,,2026-09-28 20:24:45+00:00,2026-09-28 20:47:51+00:00,2.0
https://www.imdb.com/title/tt0018692/?ref_=sr_i_301,301. Beware of Blondes,completed,6,,2026-09-28 20:24:45+00:00,2026-09-28 20:47:54+00:00,2.0
https://www.imdb.com/title/tt0172856/?ref_=sr_i_302,302. Napasta,completed,6,,2026-09-28 20:24:45+00:00,2026-09-28 20:48:05+00:00,2.0
https://www.imdb.com/title/tt0018980/?ref_=sr_i_303,303. The Hawk's Nest,completed,6,,2026-09-28 20:24:45+00:00,2026-09-28 20:48:08+00:00,2.0
https://www.imdb.com/title/tt0018667/?ref_=sr_i_304,304. The Baby Cyclone,completed,6,,2026-09-28 20:24:45+00:00,2026-09-28 20:48:10+00:00,2.0
https://www.imdb.com/title/tt0019450/?ref_=sr_i_305,305. Telling the World,completed,6,,2026-09-28 20:24:45+00:00,2026-09-28 20:48:12+00:00,2.0
https://www.imdb.com/title/tt0019577/?ref_=sr_i_306,306. Why Sailors Go Wrong,completed,6,,2026-09-28 20:24:45+00:00,2026-09-28 20:48:14+00:00,2.0
https://www.imdb.com/title/tt0317149/?ref_=sr_i_307,307. The Betrayal,completed,6,,2026-09-28 20:24:45+00:00,2026-09-28 20:48:16+00:00,2.0
https://www.imdb.com/title/tt0325971/?ref_=sr_i_308,308. The Phantom Pinto,completed,6,,2026-09-28 20:24:45+00:00,2026-09-28 20:48:18+00:00,2.0
https://www.imdb.com/title/tt0018711/?ref_=sr_i_309,309. The Blue Danube,completed,6,,2026-09-28 20:24:45+00:00,2026-09-28 20:48:20+00:00,2.0
https://www.imdb.com/title/tt0019173/?ref_=sr_i_310,310. Modern Mothers,completed,6,,2026-09-28 20:24:45+00:00,2026-09-28 20:48:22+00:00,2.0
https://www.imdb.com/title/tt0019502/?ref_=sr_i_311,311. Dreary House,completed,6,,2026-09-28 20:24:45+00:00,2026-09-28 20:48:25+00:00,2.0
https://www.imdb.com/title/tt0018694/?ref_=sr_i_312,312. Beyond London Lights,completed,6,,2026-09-28 20:24:45+00:00,2026-09-28 20:48:27+00:00,2.0
https://www.imdb.com/title/tt12938478/?ref_=sr_i_313,313. Paris express,completed,6,,2026-09-28 20:24:45+00:00,2026-09-28 20:48:29+00:00,2.0
https://www.imdb.com/title/tt0019324/?ref_=sr_i_314,314. Riding for Fame,completed,6,,2026-09-28 20:24:45+00:00,2026-09-28 20:48:31+00:00,2.0
https://www.imdb.com/title/tt0019592/?ref_=sr_i_315,315. A Woman's Way,completed,6,,2026-09-28 20:24:45+00:00,2026-09-28 20:48:33+00:00,2.0
https://www.imdb.com/title/tt0019174/?ref_=sr_i_316,316. Der moderne Casanova,completed,6,,2026-09-28 20:24:45+00:00,2026-09-28 20:48:36+00:00,2.0
https://www.imdb.com/title/tt0018852/?ref_=sr_i_317,317. Driftin' Sands,completed,6,,2026-09-28 20:24:45+00:00,2026-09-28 20:48:38+00:00,2.0
https://www.imdb.com/title/tt0018785/?ref_=sr_i_318,318. Companionate Marriage,completed,7,,2026-09-28 21:01:59+00:00,2026-09-28 21:04:06+00:00,2.0
https://www.imdb.com/title/tt0019188/?ref_=sr_i_319,319. Mura no hanayome,completed,7,,2026-09-28 21:01:59+00:00,2026-09-28 21:04:08+00:00,2.0
https://www.imdb.com/title/tt0264399/?ref_=sr_i_320,320. Battling Burke,completed,7,,2026-09-28 21:01:59+00:00,2026-09-28 21:04:11+00:00,2.0
https://www.imdb.com/title/tt0019464/?ref_=sr_i_321,321. Their Hour,completed,7,,2026-09-28 21:01:59+00:00,2026-09-28 21:04:13+00:00,2.0
https://www.imdb.com/title/tt0019550/?ref_=sr_i_322,322. The Water Hole,completed,7,,2026-09-28 21:01:59+00:00,2026-09-28 21:04:15+00:00,2.0
https://www.imdb.com/title/tt0019292/?ref_=sr_i_323,323. Prep and Pep,completed,7,,2026-09-28 21:01:59+00:00,2026-09-28 21:04:18+00:00,2.0
https://www.imdb.com/title/tt0486819/?ref_=sr_i_324,324. Das deutsche Lied,completed,6,,2026-09-28 20:24:45+00:00,2026-09-28 20:50:37+00:00,2.0
https://www.imdb.com/title/tt11186228/?ref_=sr_i_325,325. Hiyodori soshi daigohen,completed,6,,2026-09-28 20:24:45+00:00,2026-09-28 20:50:42+00:00,2.0
https://www.imdb.com/title/tt0133801/?ref_=sr_i_326,326. The Girl He Didn't Buy,completed,6,,2026-09-28 20:24:45+00:00,2026-09-28 20:50:44+00:00,2.0
https://www.imdb.com/title/tt0149562/?ref_=sr_i_327,"327. 40,000 Miles with Lindbergh",completed,6,,2026-09-28 20:24:45+00:00,2026-09-28 20:50:46+00:00,2.0
https://www.imdb.com/title/tt2901880/?ref_=sr_i_328,328. Jim Hackett Champion,completed,6,,2026-09-28 20:24:45+00:00,2026-09-28 20:50:49+00:00,2.0
https://www.imdb.com/title/tt0450260/?ref_=sr_i_329,329. Don Juan in der Mädchenschule,completed,6,,2026-09-28 20:24:45+00:00,2026-09-28 20:50:51+00:00,2.0
https://www.imdb.com/title/tt21158046/?ref_=sr_i_330,330. Ghosh Yatra,completed,6,,2026-09-28 20:24:45+00:00,2026-09-28 20:50:53+00:00,2.0
https://www.imdb.com/title/tt0139437/?ref_=sr_i_331,331. Lumisten metsien mies,completed,6,,2026-09-28 20:24:45+00:00,2026-09-28 20:50:56+00:00,2.0
https://www.imdb.com/title/tt0019326/?ref_=sr_i_332,332. The Ringer,completed,6,,2026-09-28 20:24:45+00:00,2026-09-28 20:51:06+00:00,2.0
https://www.imdb.com/title/tt0179518/?ref_=sr_i_333,333. White Flame,completed,6,,2026-09-28 20:24:45+00:00,2026-09-28 20:51:15+00:00,2.0
https://www.imdb.com/title/tt0341335/?ref_=sr_i_334,334. Desert Vultures,completed,6,,2026-09-28 20:24:45+00:00,2026-09-28 20:51:18+00:00,2.0
https://www.imdb.com/title/tt0489723/?ref_=sr_i_335,335. Hello New York!,completed,6,,2026-09-28 20:24:45+00:00,2026-09-28 20:51:21+00:00,2.0
https://www.imdb.com/title/tt21291556/?ref_=sr_i_336,336. Razalati Rajkumari,completed,6,,2026-09-28 20:24:45+00:00,2026-09-28 20:51:24+00:00,2.0
https://www.imdb.com/title/tt0018983/?ref_=sr_i_337,337. Headin' for Danger,completed,6,,2026-09-28 20:24:45+00:00,2026-09-28 20:51:26+00:00,2.0
https://www.imdb.com/title/tt0447315/?ref_=sr_i_338,338. Ein Mädel mit Temperament,completed,7,,2026-09-28 20:24:45+00:00,2026-09-28 20:51:30+00:00,2.0
https://www.imdb.com/title/tt0018607/?ref_=sr_i_339,339. Yellow Pass,completed,6,,2026-09-28 20:24:45+00:00,2026-09-28 20:51:32+00:00,2.0
https://www.imdb.com/title/tt0018688/?ref_=sr_i_340,340. Schneeschuhbanditen,completed,6,,2026-09-28 20:24:45+00:00,2026-09-28 20:51:34+00:00,2.0
https://www.imdb.com/title/tt0019144/?ref_=sr_i_341,341. Marked Money,completed,6,,2026-09-28 20:24:45+00:00,2026-09-28 20:51:37+00:00,2.0
https://www.imdb.com/title/tt0019088/?ref_=sr_i_342,342. Liebe im Kuhstall,completed,6,,2026-09-28 20:24:45+00:00,2026-09-28 20:51:39+00:00,2.0
https://www.imdb.com/title/tt0018701/?ref_=sr_i_343,343. A Bit of Heaven,completed,6,,2026-09-28 20:24:45+00:00,2026-09-28 20:51:41+00:00,2.0
https://www.imdb.com/title/tt0338413/?ref_=sr_i_344,344. Schuldig,completed,6,,2026-09-28 20:24:45+00:00,2026-09-28 20:51:43+00:00,2.0
https://www.imdb.com/title/tt1082828/?ref_=sr_i_345,345. Dva pekelné dny,completed,6,,2026-09-28 20:24:45+00:00,2026-09-28 20:51:46+00:00,2.0
https://www.imdb.com/title/tt0236380/?ref_=sr_i_346,346. Kathil Kathiani,completed,6,,2026-09-28 20:24:45+00:00,2026-09-28 20:51:50+00:00,2.0
https://www.imdb.com/title/tt0324152/?ref_=sr_i_347,347. Talende film,completed,6,,2026-09-28 20:24:45+00:00,2026-09-28 20:51:51+00:00,2.0
https://www.imdb.com/title/tt0018832/?ref_=sr_i_348,348. The Devil's Trademark,completed,6,,2026-09-28 20:24:45+00:00,2026-09-28 20:51:54+00:00,2.0
https://www.imdb.com/title/tt0165540/?ref_=sr_i_349,"349. Vienna, City of My Dreams",completed,6,,2026-09-28 20:24:45+00:00,2026-09-28 20:51:57+00:00,2.0
https://www.imdb.com/title/tt0019301/?ref_=sr_i_350,350. Quick Triggers,completed,6,,2026-09-28 20:24:45+00:00,2026-09-28 20:52:00+00:00,2.0
https://www.imdb.com/title/tt9209620/?ref_=sr_i_351,351. Movie Crazy,completed,6,,2026-09-28 20:24:45+00:00,2026-09-28 20:52:02+00:00,2.0
https://www.imdb.com/title/tt2930080/?ref_=sr_i_352,352. Shirai gonachi,completed,6,,2026-09-28 20:24:45+00:00,2026-09-28 20:52:04+00:00,2.0
https://www.imdb.com/title/tt0129579/?ref_=sr_i_353,353. Wer das Scheiden hat erfunden,completed,6,,2026-09-28 20:24:45+00:00,2026-09-28 20:52:06+00:00,2.0
https://www.imdb.com/title/tt0317141/?ref_=sr_i_354,354. Berlin After Dark,completed,6,,2026-09-28 20:24:45+00:00,2026-09-28 20:52:08+00:00,2.0
https://www.imdb.com/title/tt0258569/?ref_=sr_i_355,355. Femme belge Gabrielle Petit,completed,6,,2026-09-28 20:24:45+00:00,2026-09-28 20:52:10+00:00,2.0
https://www.imdb.com/title/tt0019293/?ref_=sr_i_356,356. The Price of Divorce,completed,6,,2026-09-28 20:24:45+00:00,2026-09-28 20:52:13+00:00,2.0
https://www.imdb.com/title/tt0018838/?ref_=sr_i_357,357. Do Your Duty,completed,6,,2026-09-28 20:24:45+00:00,2026-09-28 20:52:15+00:00,2.0
https://www.imdb.com/title/tt0158739/?ref_=sr_i_358,358. Madhuri,completed,6,,2026-09-28 20:24:45+00:00,2026-09-28 20:52:18+00:00,2.0
https://www.imdb.com/title/tt4053424/?ref_=sr_i_359,359. Als Dreijähriger durch Afrika,completed,6,,2026-09-28 20:24:45+00:00,2026-09-28 20:52:20+00:00,2.0
https://www.imdb.com/title/tt0019490/?ref_=sr_i_360,360. Trail of Courage,completed,6,,2026-09-28 20:24:45+00:00,2026-09-28 20:52:22+00:00,2.0
https://www.imdb.com/title/tt0448584/?ref_=sr_i_361,361. Kaczmarek,completed,6,,2026-09-28 20:24:45+00:00,2026-09-28 20:52:25+00:00,2.0
https://www.imdb.com/title/tt0447430/?ref_=sr_i_362,362. Sensations-Prozess,completed,6,,2026-09-28 20:24:45+00:00,2026-09-28 20:52:28+00:00,2.0
https://www.imdb.com/title/tt0133101/?ref_=sr_i_363,363. Moderne Piraten,completed,6,,2026-09-28 20:24:45+00:00,2026-09-28 20:52:30+00:00,2.0
https://www.imdb.com/title/tt0324151/?ref_=sr_i_364,364. Talende film,completed,6,,2026-09-28 20:24:45+00:00,2026-09-28 20:52:32+00:00,2.0
https://www.imdb.com/title/tt0019133/?ref_=sr_i_365,365. Man in the Rough,completed,6,,2026-09-28 20:24:45+00:00,2026-09-28 20:52:35+00:00,2.0
https://www.imdb.com/title/tt0324986/?ref_=sr_i_366,366. Am Ruedesheimer Schloss steht eine Linde,completed,6,,2026-09-28 20:24:45+00:00,2026-09-28 20:52:37+00:00,2.0
https://www.imdb.com/title/tt0019390/?ref_=sr_i_367,367. Sinners in Love,completed,6,,2026-09-28 20:24:45+00:00,2026-09-28 20:52:39+00:00,2.0
https://www.imdb.com/title/tt3977688/?ref_=sr_i_368,368. Fuwa Kazuemon,completed,6,,2026-09-28 20:24:45+00:00,2026-09-28 20:52:41+00:00,2.0
https://www.imdb.com/title/tt4578180/?ref_=sr_i_369,369. Outlawed,completed,6,,2026-09-28 20:24:45+00:00,2026-09-28 20:52:43+00:00,2.0
https://www.imdb.com/title/tt0020401/?ref_=sr_i_370,370. Should a Girl Marry?,completed,6,,2026-09-28 20:24:45+00:00,2026-09-28 20:52:46+00:00,2.0
https://www.imdb.com/title/tt0325391/?ref_=sr_i_371,371. Flashing Hoofs,completed,6,,2026-09-28 20:24:45+00:00,2026-09-28 20:52:48+00:00,2.0
https://www.imdb.com/title/tt10909102/?ref_=sr_i_372,372. Senketsu no homare,completed,6,,2026-09-28 20:24:45+00:00,2026-09-28 20:52:50+00:00,2.0
https://www.imdb.com/title/tt0133005/?ref_=sr_i_373,373. Herkules Maier,completed,6,,2026-09-28 20:24:45+00:00,2026-09-28 20:52:53+00:00,2.0
https://www.imdb.com/title/tt0195126/?ref_=sr_i_374,374. Pas si bête,completed,6,,2026-09-28 20:24:45+00:00,2026-09-28 20:52:58+00:00,2.0
https://www.imdb.com/title/tt0018941/?ref_=sr_i_375,375. Give and Take,completed,6,,2026-09-28 20:24:45+00:00,2026-09-28 20:53:00+00:00,2.0
https://www.imdb.com/title/tt0234606/?ref_=sr_i_376,376. The Rising Generation,completed,6,,2026-09-28 20:24:45+00:00,2026-09-28 20:53:02+00:00,2.0
https://www.imdb.com/title/tt0018948/?ref_=sr_i_377,377. Golden Shackles,completed,7,,2026-09-28 21:01:59+00:00,2026-09-28 21:04:20+00:00,2.0
https://www.imdb.com/title/tt0019375/?ref_=sr_i_378,378. The Shopworn Angel,completed,7,,2026-09-28 21:01:59+00:00,2026-09-28 21:04:24+00:00,2.0
https://www.imdb.com/title/tt0342154/?ref_=sr_i_379,379. The Bush Cinderella,completed,6,,2026-09-28 20:24:45+00:00,2026-09-28 20:53:31+00:00,2.0
https://www.imdb.com/title/tt0018846/?ref_=sr_i_380,380. Doomsday,completed,6,,2026-09-28 20:24:45+00:00,2026-09-28 20:53:33+00:00,2.0
https://www.imdb.com/title/tt0018891/?ref_=sr_i_381,381. The First Born,completed,6,,2026-09-28 20:24:45+00:00,2026-09-28 20:53:36+00:00,2.0
https://www.imdb.com/title/tt0019313/?ref_=sr_i_382,382. Red Hair,completed,6,,2026-09-28 20:24:45+00:00,2026-09-28 20:53:42+00:00,2.0
https://www.imdb.com/title/tt0019290/?ref_=sr_i_383,383. The Power of the Press,completed,6,,2026-09-28 20:24:45+00:00,2026-09-28 20:53:44+00:00,2.0
https://www.imdb.com/title/tt0018836/?ref_=sr_i_384,384. The Divine Woman,completed,6,,2026-09-28 20:24:45+00:00,2026-09-28 20:53:47+00:00,2.0
https://www.imdb.com/title/tt0019431/?ref_=sr_i_385,385. Street of Sin,completed,6,,2026-09-28 20:24:45+00:00,2026-09-28 20:53:49+00:00,2.0
https://www.imdb.com/title/tt0018855/?ref_=sr_i_386,386. Dry Martini,completed,6,,2026-09-28 20:24:45+00:00,2026-09-28 20:53:51+00:00,2.0
https://www.imdb.com/title/tt0019447/?ref_=sr_i_387,387. Tarzan the Mighty,completed,6,,2026-09-28 20:24:45+00:00,2026-09-28 20:53:56+00:00,2.0
https://www.imdb.com/title/tt0019018/?ref_=sr_i_388,388. Honor Bound,completed,6,,2026-09-28 20:24:45+00:00,2026-09-28 20:53:58+00:00,2.0
https://www.imdb.com/title/tt0019050/?ref_=sr_i_389,389. Fight for the Matterhorn,completed,6,,2026-09-28 20:24:45+00:00,2026-09-28 20:54:01+00:00,2.0
https://www.imdb.com/title/tt0019527/?ref_=sr_i_390,390. La venenosa,completed,6,,2026-09-28 20:24:45+00:00,2026-09-28 20:54:04+00:00,2.0
https://www.imdb.com/title/tt0017826/?ref_=sr_i_391,391. Doña Juana,completed,6,,2026-09-28 20:24:45+00:00,2026-09-28 20:54:14+00:00,2.0
https://www.imdb.com/title/tt0018910/?ref_=sr_i_392,392. Four Walls,completed,6,,2026-09-28 20:24:45+00:00,2026-09-28 20:54:16+00:00,2.0
https://www.imdb.com/title/tt0018892/?ref_=sr_i_393,393. The First Kiss,completed,6,,2026-09-28 20:24:45+00:00,2026-09-28 20:54:18+00:00,2.0
https://www.imdb.com/title/tt0018673/?ref_=sr_i_394,394. Bare Knees,completed,6,,2026-09-28 20:24:45+00:00,2026-09-28 20:54:20+00:00,2.0
https://www.imdb.com/title/tt0019486/?ref_=sr_i_395,395. Le tournoi,completed,6,,2026-09-28 20:24:45+00:00,2026-09-28 20:54:23+00:00,2.0
https://www.imdb.com/title/tt0019354/?ref_=sr_i_396,396. Saxophon-Susi,completed,6,,2026-09-28 20:24:45+00:00,2026-09-28 20:54:26+00:00,2.0
https://www.imdb.com/title/tt0018926/?ref_=sr_i_397,397. Gang War,completed,6,,2026-09-28 20:24:45+00:00,2026-09-28 20:54:28+00:00,2.0
https://www.imdb.com/title/tt0019110/?ref_=sr_i_398,398. Looping the Loop,completed,6,,2026-09-28 20:24:45+00:00,2026-09-28 20:54:30+00:00,2.0
https://www.imdb.com/title/tt0019226/?ref_=sr_i_399,399. Oh Kay!,completed,6,,2026-09-28 20:24:45+00:00,2026-09-28 20:54:32+00:00,2.0
https://www.imdb.com/title/tt0019077/?ref_=sr_i_400,400. The Law of the Range,completed,6,,2026-09-28 20:24:45+00:00,2026-09-28 20:54:34+00:00,2.0
https://www.imdb.com/title/tt0018978/?ref_=sr_i_401,401. The Haunted House,completed,6,,2026-09-28 20:24:45+00:00,2026-09-28 20:54:37+00:00,2.0
https://www.imdb.com/title/tt0019581/?ref_=sr_i_402,402. Wild West Romance,completed,6,,2026-09-28 20:24:45+00:00,2026-09-28 20:54:39+00:00,2.0
https://www.imdb.com/title/tt0019373/?ref_=sr_i_403,403. The Whip,completed,6,,2026-09-28 20:24:45+00:00,2026-09-28 20:54:41+00:00,2.0
https://www.imdb.com/title/tt0018862/?ref_=sr_i_404,404. Eliso,completed,6,,2026-09-28 20:24:45+00:00,2026-09-28 20:54:44+00:00,2.0
https://www.imdb.com/title/tt0133386/?ref_=sr_i_405,405. Aviv B'Eretz Yisrael,completed,6,,2026-09-28 20:24:45+00:00,2026-09-28 20:54:46+00:00,2.0
https://www.imdb.com/title/tt0461839/?ref_=sr_i_406,406. Seine stärkste Waffe,completed,6,,2026-09-28 20:24:45+00:00,2026-09-28 20:54:48+00:00,2.0
https://www.imdb.com/title/tt0019378/?ref_=sr_i_407,407. Show Girl,completed,6,,2026-09-28 20:24:45+00:00,2026-09-28 20:54:50+00:00,2.0
https://www.imdb.com/title/tt0018620/?ref_=sr_i_408,408. Honeymoon Abroad,completed,6,,2026-09-28 20:24:45+00:00,2026-09-28 20:54:53+00:00,2.0
https://www.imdb.com/title/tt0019119/?ref_=sr_i_409,409. Loves of an Actress,completed,6,,2026-09-28 20:24:45+00:00,2026-09-28 20:54:59+00:00,2.0
https://www.imdb.com/title/tt0019196/?ref_=sr_i_410,410. The Mystery Rider,completed,6,,2026-09-28 20:24:45+00:00,2026-09-28 20:55:01+00:00,2.0
https://www.imdb.com/title/tt0447230/?ref_=sr_i_411,411. Kindertragödie,completed,6,,2026-09-28 20:24:45+00:00,2026-09-28 20:55:03+00:00,2.0
https://www.imdb.com/title/tt0019524/?ref_=sr_i_412,412. Varsity,completed,6,,2026-09-28 20:24:45+00:00,2026-09-28 20:55:05+00:00,2.0
https://www.imdb.com/title/tt0019400/?ref_=sr_i_413,413. The Smart Set,completed,6,,2026-09-28 20:24:45+00:00,2026-09-28 20:55:08+00:00,2.0
https://www.imdb.com/title/tt0170647/?ref_=sr_i_414,414. Daredevils,completed,6,,2026-09-28 20:24:45+00:00,2026-09-28 20:55:10+00:00,2.0
https://www.imdb.com/title/tt0018681/?ref_=sr_i_415,415. Beau Sabreur,completed,6,,2026-09-28 20:24:45+00:00,2026-09-28 20:55:12+00:00,2.0
https://www.imdb.com/title/tt0127645/?ref_=sr_i_416,416. The Law's Lash,completed,6,,2026-09-28 20:24:45+00:00,2026-09-28 20:55:14+00:00,2.0
https://www.imdb.com/title/tt0019370/?ref_=sr_i_417,417. Sharp Shooters,completed,6,,2026-09-28 20:24:45+00:00,2026-09-28 20:55:17+00:00,2.0
https://www.imdb.com/title/tt0019051/?ref_=sr_i_418,418. In Old Siberia,completed,6,,2026-09-28 20:24:45+00:00,2026-09-28 20:55:22+00:00,2.0
https://www.imdb.com/title/tt0019572/?ref_=sr_i_419,419. The Whip Woman,completed,6,,2026-09-28 20:24:45+00:00,2026-09-28 20:55:25+00:00,2.0
https://www.imdb.com/title/tt0019165/?ref_=sr_i_420,420. The Midnight Taxi,completed,6,,2026-09-28 20:24:45+00:00,2026-09-28 20:55:27+00:00,2.0
https://www.imdb.com/title/tt12549870/?ref_=sr_i_421,421. Prokazhennaia,completed,6,,2026-09-28 20:24:45+00:00,2026-09-28 20:55:29+00:00,2.0
https://www.imdb.com/title/tt0018718/?ref_=sr_i_422,422. The Branded Sombrero,completed,6,,2026-09-28 20:24:45+00:00,2026-09-28 20:55:31+00:00,2.0
https://www.imdb.com/title/tt0019610/?ref_=sr_i_423,423. Zuflucht,completed,6,,2026-09-28 20:24:45+00:00,2026-09-28 20:55:34+00:00,2.0
https://www.imdb.com/title/tt0019511/?ref_=sr_i_424,424. Ungarische Rhapsodie,completed,6,,2026-09-28 20:24:45+00:00,2026-09-28 20:55:37+00:00,2.0
https://www.imdb.com/title/tt0019125/?ref_=sr_i_425,425. The Magnificent Flirt,completed,6,,2026-09-28 20:24:45+00:00,2026-09-28 20:55:39+00:00,2.0
https://www.imdb.com/title/tt0213451/?ref_=sr_i_426,426. Angst - Die schwache Stunde einer Frau,completed,6,,2026-09-28 20:24:45+00:00,2026-09-28 20:55:42+00:00,2.0
https://www.imdb.com/title/tt0019612/?ref_=sr_i_427,"427. ¡Viva Madrid, que es mi pueblo!",completed,6,,2026-09-28 20:24:45+00:00,2026-09-28 20:55:45+00:00,2.0
https://www.imdb.com/title/tt6024562/?ref_=sr_i_428,428. Gilan qizi,completed,6,,2026-09-28 20:24:45+00:00,2026-09-28 20:55:48+00:00,2.0
https://www.imdb.com/title/tt0019004/?ref_=sr_i_429,429. His Tiger Wife,completed,6,,2026-09-28 20:24:45+00:00,2026-09-28 20:55:51+00:00,2.0
https://www.imdb.com/title/tt0018803/?ref_=sr_i_430,430. The Crimson Canyon,completed,6,,2026-09-28 20:24:45+00:00,2026-09-28 20:55:54+00:00,2.0
https://www.imdb.com/title/tt0019104/?ref_=sr_i_431,431. The Little Shepherd of Kingdom Come,completed,6,,2026-09-28 20:24:45+00:00,2026-09-28 20:55:57+00:00,2.0
https://www.imdb.com/title/tt0359548/?ref_=sr_i_432,432. Khaspush,completed,6,,2026-09-28 20:24:45+00:00,2026-09-28 20:56:00+00:00,2.0
https://www.imdb.com/title/tt0019056/?ref_=sr_i_433,433. Kit Carson,completed,6,,2026-09-28 20:24:45+00:00,2026-09-28 20:56:03+00:00,2.0
https://www.imdb.com/title/tt0018162/?ref_=sr_i_434,434. Miss Helyett,completed,6,,2026-09-28 20:24:45+00:00,2026-09-28 20:56:04+00:00,2.0
https://www.imdb.com/title/tt0019738/?ref_=sr_i_435,435. Burning the Wind,completed,6,,2026-09-28 20:24:45+00:00,2026-09-28 20:56:07+00:00,2.0
https://www.imdb.com/title/tt0331047/?ref_=sr_i_436,436. La valse de l'adieu,completed,6,,2026-09-28 20:24:45+00:00,2026-09-28 20:56:09+00:00,2.0
https://www.imdb.com/title/tt0019368/?ref_=sr_i_437,437. Shadows of the Night,completed,6,,2026-09-28 20:24:45+00:00,2026-09-28 20:56:12+00:00,2.0
https://www.imdb.com/title/tt21419606/?ref_=sr_i_438,438. Chelovek rodilsya,completed,6,,2026-09-28 20:24:45+00:00,2026-09-28 20:56:13+00:00,2.0
https://www.imdb.com/title/tt0020091/?ref_=sr_i_439,439. Red Wine,completed,7,,2026-09-28 20:24:45+00:00,2026-09-28 20:56:16+00:00,2.0
https://www.imdb.com/title/tt0018771/?ref_=sr_i_440,440. The Circus Kid,completed,7,,2026-09-28 20:24:45+00:00,2026-09-28 20:56:18+00:00,2.0
https://www.imdb.com/title/tt0258567/?ref_=sr_i_441,441. The Far Paradise,completed,6,,2026-09-28 20:24:45+00:00,2026-09-28 20:56:20+00:00,2.0
https://www.imdb.com/title/tt0019441/?ref_=sr_i_442,442. Synd,completed,6,,2026-09-28 20:24:45+00:00,2026-09-28 20:56:23+00:00,2.0
https://www.imdb.com/title/tt0019348/?ref_=sr_i_443,443. Sal of Singapore,completed,6,,2026-09-28 20:24:45+00:00,2026-09-28 20:56:26+00:00,2.0
https://www.imdb.com/title/tt0019377/?ref_=sr_i_444,444. Show Folks,completed,6,,2026-09-28 20:24:45+00:00,2026-09-28 20:56:28+00:00,2.0
https://www.imdb.com/title/tt0129210/?ref_=sr_i_445,445. The Look Out Girl,completed,6,,2026-09-28 20:24:45+00:00,2026-09-28 20:56:31+00:00,2.0
https://www.imdb.com/title/tt0018818/?ref_=sr_i_446,446. Dead Man's Curve,completed,6,,2026-09-28 20:24:45+00:00,2026-09-28 20:56:33+00:00,2.0
https://www.imdb.com/title/tt0018987/?ref_=sr_i_447,447. Heart to Heart,completed,6,,2026-09-28 20:24:45+00:00,2026-09-28 20:56:35+00:00,2.0
https://www.imdb.com/title/tt0018662/?ref_=sr_i_448,448. Avalanche,completed,6,,2026-09-28 20:24:45+00:00,2026-09-28 20:56:38+00:00,2.0
https://www.imdb.com/title/tt11886040/?ref_=sr_i_449,449. Martin Vagner,completed,6,,2026-09-28 20:24:45+00:00,2026-09-28 20:56:41+00:00,2.0
https://www.imdb.com/title/tt0260059/?ref_=sr_i_450,450. Grubelta tavshesapari,completed,6,,2026-09-28 20:24:45+00:00,2026-09-28 20:56:44+00:00,2.0
https://www.imdb.com/title/tt0018884/?ref_=sr_i_451,451. Der fesche Husar,completed,6,,2026-09-28 20:24:45+00:00,2026-09-28 20:56:46+00:00,2.0
https://www.imdb.com/title/tt0139736/?ref_=sr_i_452,452. When Men Betray,completed,6,,2026-09-28 20:24:45+00:00,2026-09-28 20:56:49+00:00,2.0
https://www.imdb.com/title/tt10355354/?ref_=sr_i_453,453. Ist Eddy Polo schuldig?,completed,6,,2026-09-28 20:24:45+00:00,2026-09-28 20:56:52+00:00,2.0
https://www.imdb.com/title/tt0019426/?ref_=sr_i_454,454. Stop That Man!,completed,7,,2026-09-28 20:24:45+00:00,2026-09-28 20:56:55+00:00,2.0
https://www.imdb.com/title/tt0019224/?ref_=sr_i_455,455. Object: Alimony,completed,7,,2026-09-28 20:24:45+00:00,2026-09-28 20:56:58+00:00,2.0
https://www.imdb.com/title/tt0020061/?ref_=sr_i_456,456. King of the Rodeo,completed,6,,2026-09-28 20:24:45+00:00,2026-09-28 20:57:01+00:00,2.0
https://www.imdb.com/title/tt0018648/?ref_=sr_i_457,457. The Apache Raider,completed,6,,2026-09-28 20:24:45+00:00,2026-09-28 20:57:04+00:00,2.0
https://www.imdb.com/title/tt0018912/?ref_=sr_i_458,458. The Fourflusher,completed,6,,2026-09-28 20:24:45+00:00,2026-09-28 20:57:07+00:00,2.0
https://www.imdb.com/title/tt0018766/?ref_=sr_i_459,459. Chinatown Charlie,completed,6,,2026-09-28 20:24:45+00:00,2026-09-28 20:57:10+00:00,2.0
https://www.imdb.com/title/tt0336375/?ref_=sr_i_460,460. Entre as Montanhas de Minas,completed,6,,2026-09-28 20:24:45+00:00,2026-09-28 20:57:12+00:00,2.0
https://www.imdb.com/title/tt0435512/?ref_=sr_i_461,461. Villa Falconieri,completed,6,,2026-09-28 20:24:45+00:00,2026-09-28 20:57:14+00:00,2.0
https://www.imdb.com/title/tt0018431/?ref_=sr_i_462,462. A South Sea Bubble,completed,6,,2026-09-28 20:24:45+00:00,2026-09-28 20:57:17+00:00,2.0
https://www.imdb.com/title/tt0019569/?ref_=sr_i_463,463. Wheel of Chance,completed,6,,2026-09-28 20:24:45+00:00,2026-09-28 20:57:20+00:00,2.0
https://www.imdb.com/title/tt0019998/?ref_=sr_i_464,464. Hoofbeats of Vengeance,completed,6,,2026-09-28 20:24:45+00:00,2026-09-28 20:57:25+00:00,2.0
https://www.imdb.com/title/tt0019225/?ref_=sr_i_465,465. The Eleventh Year,completed,6,,2026-09-28 20:24:45+00:00,2026-09-28 20:57:27+00:00,2.0
https://www.imdb.com/title/tt0194523/?ref_=sr_i_466,466. The White Stadium,completed,7,,2026-09-28 21:01:59+00:00,2026-09-28 21:04:29+00:00,2.0
https://www.imdb.com/title/tt0018686/?ref_=sr_i_467,467. The White Eagle,completed,6,,2026-09-28 20:24:45+00:00,2026-09-28 20:57:47+00:00,2.0
https://www.imdb.com/title/tt0018888/?ref_=sr_i_468,468. Filmens helte,completed,6,,2026-09-28 20:24:45+00:00,2026-09-28 20:57:51+00:00,2.0
https://www.imdb.com/title/tt1073534/?ref_=sr_i_469,469. Dekabryukhov i Oktyabryukhov,completed,6,,2026-09-28 20:24:45+00:00,2026-09-28 20:57:54+00:00,2.0
https://www.imdb.com/title/tt0018955/?ref_=sr_i_470,470. La grande passion,completed,6,,2026-09-28 20:24:45+00:00,2026-09-28 20:57:56+00:00,2.0
https://www.imdb.com/title/tt0019380/?ref_=sr_i_471,471. The Showdown,completed,6,,2026-09-28 20:24:45+00:00,2026-09-28 20:58:00+00:00,2.0
https://www.imdb.com/title/tt0019476/?ref_=sr_i_472,472. Thérèse Raquin,completed,6,,2026-09-28 20:24:45+00:00,2026-09-28 20:58:03+00:00,2.0
https://www.imdb.com/title/tt0018974/?ref_=sr_i_473,473. Happiness Ahead,completed,6,,2026-09-28 20:24:45+00:00,2026-09-28 20:58:06+00:00,2.0
https://www.imdb.com/title/tt0019459/?ref_=sr_i_474,474. The Texas Tornado,completed,6,,2026-09-28 20:24:45+00:00,2026-09-28 20:58:09+00:00,2.0
https://www.imdb.com/title/tt0018752/?ref_=sr_i_475,475. The Cavalier,completed,6,,2026-09-28 20:24:45+00:00,2026-09-28 20:58:13+00:00,2.0
https://www.imdb.com/title/tt0018738/?ref_=sr_i_476,476. Cafe X,completed,6,,2026-09-28 20:24:45+00:00,2026-09-28 20:58:15+00:00,2.0
https://www.imdb.com/title/tt0019582/?ref_=sr_i_477,477. The Wild West Show,completed,6,,2026-09-28 20:24:45+00:00,2026-09-28 20:58:18+00:00,2.0
https://www.imdb.com/title/tt0197422/?ref_=sr_i_478,478. L'eau du Nil,completed,6,,2026-09-28 20:24:45+00:00,2026-09-28 20:58:22+00:00,2.0
https://www.imdb.com/title/tt0019472/?ref_=sr_i_479,479. 3-Ring Marriage,completed,6,,2026-09-28 20:24:45+00:00,2026-09-28 20:58:25+00:00,2.0
https://www.imdb.com/title/tt0018709/?ref_=sr_i_480,480. Blockade,completed,6,,2026-09-28 20:24:45+00:00,2026-09-28 20:58:28+00:00,2.0
https://www.imdb.com/title/tt0018874/?ref_=sr_i_481,481. Fangs of the Wild,completed,6,,2026-09-28 20:24:45+00:00,2026-09-28 20:58:31+00:00,2.0
https://www.imdb.com/title/tt0018889/?ref_=sr_i_482,482. Finders Keepers,completed,6,,2026-09-28 20:24:45+00:00,2026-09-28 20:58:34+00:00,2.0
https://www.imdb.com/title/tt0018801/?ref_=sr_i_483,483. The Crash,completed,6,,2026-09-28 20:24:45+00:00,2026-09-28 20:58:36+00:00,2.0
https://www.imdb.com/title/tt0019213/?ref_=sr_i_484,484. A Night of Mystery,completed,6,,2026-09-28 20:24:45+00:00,2026-09-28 20:58:41+00:00,2.0
https://www.imdb.com/title/tt0019470/?ref_=sr_i_485,485. Three Sinners,completed,7,,2026-09-28 21:01:59+00:00,2026-09-28 21:04:31+00:00,2.0
https://www.imdb.com/title/tt0019202/?ref_=sr_i_486,486. Nameless Men,completed,6,,2026-09-28 20:24:45+00:00,2026-09-28 20:58:57+00:00,2.0
https://www.imdb.com/title/tt0317136/?ref_=sr_i_487,487. The Bells of St. Mary's,completed,6,,2026-09-28 20:24:45+00:00,2026-09-28 20:59:02+00:00,2.0
https://www.imdb.com/title/tt0019065/?ref_=sr_i_488,488. Lady Be Good,completed,7,,2026-09-28 21:01:59+00:00,2026-09-29T06:44:54+00:00,2.0
https://www.imdb.com/title/tt0019164/?ref_=sr_i_489,489. Midnight Rose,completed,7,,2026-09-28 21:01:59+00:00,2026-09-29T06:44:54+00:00,2.0
https://www.imdb.com/title/tt1441416/?ref_=sr_i_490,490. Ang lumang simbahan,completed,7,,2026-09-28 21:01:59+00:00,2026-09-29T06:44:54+00:00,2.0
https://www.imdb.com/title/tt0018826/?ref_=sr_i_491,491. Two Timid Souls,completed,6,,2026-09-28 20:24:45+00:00,2026-09-28 21:00:04+00:00,2.0
https://www.imdb.com/title/tt0019061/?ref_=sr_i_492,492. Kukla s millionami,completed,6,,2026-09-28 20:24:45+00:00,2026-09-28 21:00:08+00:00,2.0
https://www.imdb.com/title/tt0277994/?ref_=sr_i_493,493. The Last Night,completed,7,,2026-09-28 21:01:59+00:00,2026-09-28 21:05:37+00:00,2.0
https://www.imdb.com/title/tt0300943/?ref_=sr_i_494,494. Ankara postasi,completed,7,,2026-09-28 21:01:59+00:00,2026-09-28 21:05:37+00:00,2.0
https://www.imdb.com/title/tt0018966/?ref_=sr_i_495,495. Guns of Loos,completed,7,,2026-09-28 21:01:59+00:00,2026-09-28 21:05:34+00:00,2.0
https://www.imdb.com/title/tt0018619/?ref_=sr_i_496,496. The Actress,completed,7,,2026-09-28 21:01:59+00:00,2026-09-28 21:05:32+00:00,2.0
https://www.imdb.com/title/tt0018975/?ref_=sr_i_497,497. Hara-Kiri,completed,6,,2026-09-28 20:24:45+00:00,2026-09-28 21:01:23+00:00,2.0
https://www.imdb.com/title/tt0020400/?ref_=sr_i_498,498. Ships of the Night,completed,6,,2026-09-28 20:24:45+00:00,2026-09-28 21:01:25+00:00,2.0
https://www.imdb.com/title/tt0129789/?ref_=sr_i_499,499. Black Gold,completed,6,,2026-09-28 20:24:45+00:00,2026-09-28 21:01:28+00:00,2.0
https://www.imdb.com/title/tt0019587/?ref_=sr_i_500,500. Volga Volga,completed,6,,2026-09-28 20:24:45+00:00,2026-09-28 21:01:31+00:00,2.0
https://www.imdb.com/title/tt0171839/?ref_=sr_i_501,501. Tracy the Outlaw,completed,6,,2026-09-28 20:24:45+00:00,2026-09-28 21:01:34+00:00,2.0
https://www.imdb.com/title/tt0019233/?ref_=sr_i_502,502. On Trial,completed,6,,2026-09-28 20:24:45+00:00,2026-09-28 21:01:36+00:00,2.0
https://www.imdb.com/title/tt0175498/?ref_=sr_i_503,503. Der Henker,completed,6,,2026-09-28 20:24:45+00:00,2026-09-28 21:01:39+00:00,2.0
https://www.imdb.com/title/tt0018727/?ref_=sr_i_504,504. Brotherly Love,completed,6,,2026-09-28 20:24:45+00:00,2026-09-28 21:01:42+00:00,2.0
https://www.imdb.com/title/tt0018848/?ref_=sr_i_505,505. Dornenweg einer Fürstin,completed,6,,2026-09-28 20:24:45+00:00,2026-09-28 21:01:44+00:00,2.0
https://www.imdb.com/title/tt0019407/?ref_=sr_i_506,506. Son of the Golden West,completed,6,,2026-09-28 20:24:45+00:00,2026-09-28 21:01:52+00:00,2.0
https://www.imdb.com/title/tt0245203/?ref_=sr_i_507,507. Kira Kiralina,completed,6,,2026-09-28 20:24:45+00:00,2026-09-28 21:01:54+00:00,2.0
https://www.imdb.com/title/tt0019594/?ref_=sr_i_508,508. Women They Talk About,completed,6,,2026-09-28 20:24:45+00:00,2026-09-28 21:01:56+00:00,2.0
https://www.imdb.com/title/tt0018902/?ref_=sr_i_509,509. Flying Romeos,completed,6,,2026-09-28 20:24:45+00:00,2026-09-28 21:01:55+00:00,2.0
https://www.imdb.com/title/tt0391050/?ref_=sr_i_510,510. Daughters of Today,completed,6,,2026-09-28 20:24:45+00:00,2026-09-28 21:01:53+00:00,2.0
https://www.imdb.com/title/tt0928022/?ref_=sr_i_511,511. Boccaccesca,completed,6,,2026-09-28 20:24:45+00:00,2026-09-28 21:01:51+00:00,2.0
https://www.imdb.com/title/tt0019139/?ref_=sr_i_512,512. Mann gegen Mann,completed,6,,2026-09-28 20:24:45+00:00,2026-09-28 21:01:45+00:00,2.0
https://www.imdb.com/title/tt0258393/?ref_=sr_i_513,513. Black Cargos of the South Seas,completed,6,,2026-09-28 20:24:45+00:00,2026-09-28 21:01:43+00:00,2.0
https://www.imdb.com/title/tt0020477/?ref_=sr_i_514,514. Taking a Chance,completed,6,,2026-09-28 20:24:45+00:00,2026-09-28 21:01:40+00:00,2.0
https://www.imdb.com/title/tt0439271/?ref_=sr_i_515,515. Panik,completed,6,,2026-09-28 20:24:45+00:00,2026-09-28 21:01:38+00:00,2.0
https://www.imdb.com/title/tt0019523/?ref_=sr_i_516,516. The Vanishing West,completed,6,,2026-09-28 20:24:45+00:00,2026-09-28 21:01:36+00:00,2.0
https://www.imdb.com/title/tt0019352/?ref_=sr_i_517,517. Satan and the Woman,completed,6,,2026-09-28 20:24:45+00:00,2026-09-28 21:01:34+00:00,2.0
https://www.imdb.com/title/tt0018616/?ref_=sr_i_518,518. Across the Atlantic,completed,6,,2026-09-28 20:24:45+00:00,2026-09-28 21:01:32+00:00,2.0
https://www.imdb.com/title/tt0018668/?ref_=sr_i_519,519. Baby Mine,completed,6,,2026-09-28 20:24:45+00:00,2026-09-28 21:01:29+00:00,2.0
https://www.imdb.com/title/tt0450985/?ref_=sr_i_520,520. Ein besserer Herr,completed,6,,2026-09-28 20:24:45+00:00,2026-09-28 21:01:27+00:00,2.0
https://www.imdb.com/title/tt0019425/?ref_=sr_i_521,521. Stool Pigeon,completed,6,,2026-09-28 20:24:45+00:00,2026-09-28 21:01:25+00:00,2.0
https://www.imdb.com/title/tt0018992/?ref_=sr_i_522,522. Hellship Bronson,completed,6,,2026-09-28 20:24:45+00:00,2026-09-28 21:01:23+00:00,2.0
https://www.imdb.com/title/tt0018981/?ref_=sr_i_523,523. The Head Man,completed,6,,2026-09-28 20:24:45+00:00,2026-09-28 21:01:20+00:00,2.0
https://www.imdb.com/title/tt0019519/?ref_=sr_i_524,524. The Valley of Hunted Men,completed,7,,2026-09-28 21:01:59+00:00,2026-09-29T06:44:54+00:00,2.0
https://www.imdb.com/title/tt0019579/?ref_=sr_i_525,525. Wife Savers,completed,7,,2026-09-28 21:01:59+00:00,2026-09-29T06:44:54+00:00,2.0
https://www.imdb.com/title/tt0018798/?ref_=sr_i_526,526. The Cowboy Cavalier,completed,7,,2026-09-28 21:01:59+00:00,2026-09-29T06:44:54+00:00,2.0
https://www.imdb.com/title/tt0018682/?ref_=sr_i_527,527. Beautiful But Dumb,completed,6,,2026-09-28 20:24:45+00:00,2026-09-28 21:00:07+00:00,2.0
https://www.imdb.com/title/tt0018875/?ref_=sr_i_528,528. The Farmer's Daughter,completed,6,,2026-09-28 20:24:45+00:00,2026-09-28 21:00:05+00:00,2.0
https://www.imdb.com/title/tt0019514/?ref_=sr_i_529,529. Unter der Laterne,completed,7,,2026-09-28 21:01:59+00:00,2026-09-28 21:04:31+00:00,2.0
https://www.imdb.com/title/tt0255441/?ref_=sr_i_530,"530. The Olympic Games, Amsterdam 1928",completed,7,,2026-09-28 21:01:59+00:00,2026-09-28 21:04:23+00:00,2.0
https://www.imdb.com/title/tt0018825/?ref_=sr_i_531,531. Detectives,completed,7,,2026-09-28 21:01:59+00:00,2026-09-28 21:04:19+00:00,2.0
https://www.imdb.com/title/tt0019355/?ref_=sr_i_532,532. Say It with Sables,completed,6,,2026-09-28 20:24:45+00:00,2026-09-28 20:59:02+00:00,2.0
https://www.imdb.com/title/tt0018729/?ref_=sr_i_533,533. Buck Privates,completed,6,,2026-09-28 20:24:45+00:00,2026-09-28 20:58:56+00:00,2.0
https://www.imdb.com/title/tt0019396/?ref_=sr_i_534,534. The Sky Rider,completed,6,,2026-09-28 20:24:45+00:00,2026-09-28 20:58:53+00:00,2.0
https://www.imdb.com/title/tt0019307/?ref_=sr_i_535,535. Ransom,completed,6,,2026-09-28 20:24:45+00:00,2026-09-28 20:58:40+00:00,2.0
https://www.imdb.com/title/tt0018715/?ref_=sr_i_536,536. The Border Patrol,completed,6,,2026-09-28 20:24:45+00:00,2026-09-28 20:58:37+00:00,2.0
https://www.imdb.com/title/tt0019296/?ref_=sr_i_537,537. Prowlers of the Sea,completed,6,,2026-09-28 20:24:45+00:00,2026-09-28 20:58:34+00:00,2.0
https://www.imdb.com/title/tt1186016/?ref_=sr_i_538,538. The Bandit Chaser,completed,6,,2026-09-28 20:24:45+00:00,2026-09-28 20:58:31+00:00,2.0
https://www.imdb.com/title/tt0178597/?ref_=sr_i_539,539. The House of Terror,completed,6,,2026-09-28 20:24:45+00:00,2026-09-28 20:58:27+00:00,2.0
https://www.imdb.com/title/tt0018960/?ref_=sr_i_540,540. The Grip of the Yukon,completed,6,,2026-09-28 20:24:45+00:00,2026-09-28 20:58:24+00:00,2.0
https://www.imdb.com/title/tt0019457/?ref_=sr_i_541,541. A Woman in the Night,completed,6,,2026-09-28 20:24:45+00:00,2026-09-28 20:58:21+00:00,2.0
https://www.imdb.com/title/tt11568514/?ref_=sr_i_542,542. From Under the Vaults of the Mosque,completed,6,,2026-09-28 20:24:45+00:00,2026-09-28 20:58:18+00:00,2.0
https://www.imdb.com/title/tt0020615/?ref_=sr_i_543,543. Der Zarewitsch,completed,6,,2026-09-28 20:24:45+00:00,2026-09-28 20:58:14+00:00,2.0
https://www.imdb.com/title/tt0231544/?ref_=sr_i_544,544. Love and Waves,completed,6,,2026-09-28 20:24:45+00:00,2026-09-28 20:58:11+00:00,2.0
https://www.imdb.com/title/tt0019121/?ref_=sr_i_545,545. Mad Hour,completed,6,,2026-09-28 20:24:45+00:00,2026-09-28 20:58:08+00:00,2.0
https://www.imdb.com/title/tt0018287/?ref_=sr_i_546,546. Princesse Masha,completed,6,,2026-09-28 20:24:45+00:00,2026-09-28 20:58:04+00:00,2.0
https://www.imdb.com/title/tt0018815/?ref_=sr_i_547,547. Daredevil's Reward,completed,6,,2026-09-28 20:24:45+00:00,2026-09-28 20:58:00+00:00,2.0
https://www.imdb.com/title/tt0019145/?ref_=sr_i_548,548. Marlie the Killer,completed,6,,2026-09-28 20:24:45+00:00,2026-09-28 20:57:56+00:00,2.0
https://www.imdb.com/title/tt0019389/?ref_=sr_i_549,549. Sinner's Parade,completed,6,,2026-09-28 20:24:45+00:00,2026-09-28 20:57:52+00:00,2.0
https://www.imdb.com/title/tt0019351/?ref_=sr_i_550,550. San Francisco Nights,completed,6,,2026-09-28 20:24:45+00:00,2026-09-28 20:57:48+00:00,2.0
https://www.imdb.com/title/tt0018720/?ref_=sr_i_551,551. The Bride of the Colorado,completed,6,,2026-09-28 20:24:45+00:00,2026-09-28 20:57:45+00:00,2.0
https://www.imdb.com/title/tt0020129/?ref_=sr_i_552,552. Madonna of the Sleeping Cars,completed,6,,2026-09-28 20:24:45+00:00,2026-09-28 20:57:41+00:00,2.0
https://www.imdb.com/title/tt0180310/?ref_=sr_i_553,553. Wizard of the Saddle,completed,6,,2026-09-28 20:24:45+00:00,2026-09-28 20:57:28+00:00,2.0
https://www.imdb.com/title/tt0019207/?ref_=sr_i_554,554. News Parade,completed,7,,2026-09-28 20:24:45+00:00,2026-09-28 20:57:25+00:00,2.0
https://www.imdb.com/title/tt0447457/?ref_=sr_i_555,555. Das Spiel mit der Liebe,completed,6,,2026-09-28 20:24:45+00:00,2026-09-28 20:57:20+00:00,2.0
https://www.imdb.com/title/tt0155551/?ref_=sr_i_556,556. Bicharak,completed,6,,2026-09-28 20:24:45+00:00,2026-09-28 20:57:17+00:00,2.0
https://www.imdb.com/title/tt0019017/?ref_=sr_i_557,557. Honeymoon Flats,completed,6,,2026-09-28 20:24:45+00:00,2026-09-28 20:57:12+00:00,2.0
https://www.imdb.com/title/tt0019343/?ref_=sr_i_558,558. Saddle Mates,completed,6,,2026-09-28 20:24:45+00:00,2026-09-28 20:57:09+00:00,2.0
https://www.imdb.com/title/tt0018904/?ref_=sr_i_559,559. Forbidden Hours,completed,6,,2026-09-28 20:24:45+00:00,2026-09-28 20:57:06+00:00,2.0
https://www.imdb.com/title/tt1844708/?ref_=sr_i_560,560. La grande envolée,completed,6,,2026-09-28 20:24:45+00:00,2026-09-28 20:57:02+00:00,2.0
https://www.imdb.com/title/tt0141951/?ref_=sr_i_561,561. La veine,completed,6,,2026-09-28 20:24:45+00:00,2026-09-28 20:56:53+00:00,2.0
https://www.imdb.com/title/tt0020231/?ref_=sr_i_562,"562. Nuri, der Elefant",completed,6,,2026-09-28 20:24:45+00:00,2026-09-28 20:56:50+00:00,2.0
https://www.imdb.com/title/tt0178961/?ref_=sr_i_563,"563. Valencia, protectora de la infancia",completed,6,,2026-09-28 20:24:45+00:00,2026-09-28 20:56:42+00:00,2.0
https://www.imdb.com/title/tt0164042/?ref_=sr_i_564,564. H.G. Wells Comedies,completed,6,,2026-09-28 20:24:45+00:00,2026-09-28 20:56:39+00:00,2.0
https://www.imdb.com/title/tt0018845/?ref_=sr_i_565,565. Don't Marry,completed,6,,2026-09-28 20:24:45+00:00,2026-09-28 20:56:35+00:00,2.0
https://www.imdb.com/title/tt0019541/?ref_=sr_i_566,566. The Wagon Show,completed,6,,2026-09-28 20:24:45+00:00,2026-09-28 20:56:32+00:00,2.0
https://www.imdb.com/title/tt10890942/?ref_=sr_i_567,567. Sabishiki hitobito,completed,6,,2026-09-28 20:24:45+00:00,2026-09-28 20:56:25+00:00,2.0
https://www.imdb.com/title/tt0019003/?ref_=sr_i_568,568. His Private Life,completed,6,,2026-09-28 20:24:45+00:00,2026-09-28 20:56:21+00:00,2.0
https://www.imdb.com/title/tt0018828/?ref_=sr_i_569,569. The Devil's Cage,completed,6,,2026-09-28 20:24:45+00:00,2026-09-28 20:56:19+00:00,2.0
https://www.imdb.com/title/tt0019512/?ref_=sr_i_570,570. United States Smith,completed,6,,2026-09-28 20:24:45+00:00,2026-09-28 20:56:16+00:00,2.0
https://www.imdb.com/title/tt0189967/?ref_=sr_i_571,571. Ritter der Nacht,completed,6,,2026-09-28 20:24:45+00:00,2026-09-28 20:56:13+00:00,2.0
https://www.imdb.com/title/tt0254771/?ref_=sr_i_572,572. Shri Kanyaka Parmeshwari,completed,6,,2026-09-28 20:24:45+00:00,2026-09-28 20:56:11+00:00,2.0
https://www.imdb.com/title/tt10028498/?ref_=sr_i_573,573. La petite martyre belge,completed,6,,2026-09-28 20:24:45+00:00,2026-09-28 20:56:08+00:00,2.0
https://www.imdb.com/title/tt0140873/?ref_=sr_i_574,574. Caldas da Rainha,completed,6,,2026-09-28 20:24:45+00:00,2026-09-28 20:56:05+00:00,2.0
https://www.imdb.com/title/tt0018776/?ref_=sr_i_575,575. The Clean-Up Man,completed,6,,2026-09-28 20:24:45+00:00,2026-09-28 20:56:03+00:00,2.0
https://www.imdb.com/title/tt0018786/?ref_=sr_i_576,576. Comrades,completed,6,,2026-09-28 20:24:45+00:00,2026-09-28 20:55:59+00:00,2.0
https://www.imdb.com/title/tt0018994/?ref_=sr_i_577,"577. Strauss, the Waltz King",completed,6,,2026-09-28 20:24:45+00:00,2026-09-28 20:55:56+00:00,2.0
https://www.imdb.com/title/tt0017753/?ref_=sr_i_578,578. Chorus Girls,completed,6,,2026-09-28 20:24:45+00:00,2026-09-28 20:55:52+00:00,2.0
https://www.imdb.com/title/tt0019115/?ref_=sr_i_579,579. Love and Learn,completed,6,,2026-09-28 20:24:45+00:00,2026-09-28 20:55:48+00:00,2.0
https://www.imdb.com/title/tt0019315/?ref_=sr_i_580,580. Red Lips,completed,6,,2026-09-28 20:24:45+00:00,2026-09-28 20:55:45+00:00,2.0
https://www.imdb.com/title/tt0019508/?ref_=sr_i_581,581. Under the Tonto Rim,completed,6,,2026-09-28 20:24:45+00:00,2026-09-28 20:55:41+00:00,2.0
https://www.imdb.com/title/tt0200132/?ref_=sr_i_582,582. Shinpan Ôoka seidan: Dai-ippen,completed,6,,2026-09-28 20:24:45+00:00,2026-09-28 20:55:38+00:00,2.0
https://www.imdb.com/title/tt0243685/?ref_=sr_i_583,583. Études sur Paris,completed,6,,2026-09-28 20:24:45+00:00,2026-09-28 20:55:35+00:00,2.0
https://www.imdb.com/title/tt0019485/?ref_=sr_i_584,584. Le tourbillon de Paris,completed,6,,2026-09-28 20:24:45+00:00,2026-09-28 20:55:33+00:00,2.0
https://www.imdb.com/title/tt0019599/?ref_=sr_i_585,585. Die Yacht der sieben Sünden,completed,6,,2026-09-28 20:24:45+00:00,2026-09-28 20:55:30+00:00,2.0
https://www.imdb.com/title/tt0018810/?ref_=sr_i_586,586. The Lady with the Mask,completed,6,,2026-09-28 20:24:45+00:00,2026-09-28 20:55:27+00:00,2.0
https://www.imdb.com/title/tt0019521/?ref_=sr_i_587,587. The Vanishing Pioneer,completed,6,,2026-09-28 20:24:45+00:00,2026-09-28 20:55:24+00:00,2.0
https://www.imdb.com/title/tt0019249/?ref_=sr_i_588,588. The Doctors' Women,completed,6,,2026-09-28 20:24:45+00:00,2026-09-28 20:55:22+00:00,2.0
https://www.imdb.com/title/tt0019608/?ref_=sr_i_589,589. Yvette,completed,6,,2026-09-28 20:24:45+00:00,2026-09-28 20:55:19+00:00,2.0
https://www.imdb.com/title/tt0018740/?ref_=sr_i_590,590. The Call of the Heart,completed,6,,2026-09-28 20:24:45+00:00,2026-09-28 20:55:15+00:00,2.0
https://www.imdb.com/title/tt0019072/?ref_=sr_i_591,591. The Last Moment,completed,6,,2026-09-28 20:24:45+00:00,2026-09-28 20:55:13+00:00,2.0
https://www.imdb.com/title/tt0258588/?ref_=sr_i_592,592. Eine Frau von Format,completed,6,,2026-09-28 20:24:45+00:00,2026-09-28 20:55:10+00:00,2.0
https://www.imdb.com/title/tt0019473/?ref_=sr_i_593,593. Through the Breakers,completed,5,,2026-09-28 20:24:45+00:00,2026-09-28 20:55:08+00:00,2.0
https://www.imdb.com/title/tt0129393/?ref_=sr_i_594,594. Das Spreewaldmädel,completed,6,,2026-09-28 20:24:45+00:00,2026-09-28 20:55:05+00:00,2.0
https://www.imdb.com/title/tt0018725/?ref_=sr_i_595,595. The Broken Mask,completed,6,,2026-09-28 20:24:45+00:00,2026-09-28 20:55:02+00:00,2.0
https://www.imdb.com/title/tt0018651/?ref_=sr_i_596,596. The Ape,completed,6,,2026-09-28 20:24:45+00:00,2026-09-28 20:55:00+00:00,2.0
https://www.imdb.com/title/tt0166147/?ref_=sr_i_597,597. La compagnia dei matti,completed,6,,2026-09-28 20:24:45+00:00,2026-09-28 20:54:54+00:00,2.0
https://www.imdb.com/title/tt0410079/?ref_=sr_i_598,598. Hinge khndzorin,completed,6,,2026-09-28 20:24:45+00:00,2026-09-28 20:54:52+00:00,2.0
https://www.imdb.com/title/tt0019522/?ref_=sr_i_599,599. The Vanishing Rider,completed,6,,2026-09-28 20:24:45+00:00,2026-09-28 20:54:49+00:00,2.0
https://www.imdb.com/title/tt0019316/?ref_=sr_i_600,600. The Red Mark,completed,6,,2026-09-28 20:24:45+00:00,2026-09-28 20:54:46+00:00,2.0
https://www.imdb.com/title/tt0019317/?ref_=sr_i_601,601. Red Riders of Canada,completed,6,,2026-09-28 20:24:45+00:00,2026-09-28 20:54:44+00:00,2.0
https://www.imdb.com/title/tt0018967/?ref_=sr_i_602,602. Gustaf Wasa del I,completed,6,,2026-09-28 20:24:45+00:00,2026-09-28 20:54:41+00:00,2.0
https://www.imdb.com/title/tt0018088/?ref_=sr_i_603,603. Pawns of Passion,completed,6,,2026-09-28 20:24:45+00:00,2026-09-28 20:54:38+00:00,2.0
https://www.imdb.com/title/tt0449264/?ref_=sr_i_604,604. Der Fremdenlegionär,completed,6,,2026-09-28 20:24:45+00:00,2026-09-28 20:54:34+00:00,2.0
https://www.imdb.com/title/tt0258996/?ref_=sr_i_605,605. Suad al ghagharia,completed,6,,2026-09-28 20:24:45+00:00,2026-09-28 20:54:30+00:00,2.0
https://www.imdb.com/title/tt0019346/?ref_=sr_i_606,606. Sailors Don't Care,completed,6,,2026-09-28 20:24:45+00:00,2026-09-28 20:54:27+00:00,2.0
https://www.imdb.com/title/tt0018853/?ref_=sr_i_607,607. Driftwood,completed,6,,2026-09-28 20:24:45+00:00,2026-09-28 20:54:24+00:00,2.0
https://www.imdb.com/title/tt0260075/?ref_=sr_i_608,608. Holtze,completed,7,,2026-09-28 20:24:45+00:00,2026-09-28 20:54:21+00:00,2.0
https://www.imdb.com/title/tt0018772/?ref_=sr_i_609,609. Circus Rookies,completed,7,,2026-09-28 20:24:45+00:00,2026-09-28 20:54:18+00:00,2.0
https://www.imdb.com/title/tt0018746/?ref_=sr_i_610,610. The Canyon of Adventure,completed,7,,2026-09-28 20:24:45+00:00,2026-09-28 20:54:16+00:00,2.0
https://www.imdb.com/title/tt0130061/?ref_=sr_i_611,611. Kongen af Pelikanien,completed,6,,2026-09-28 20:24:45+00:00,2026-09-28 20:54:14+00:00,2.0
https://www.imdb.com/title/tt0018672/?ref_=sr_i_612,612. The Ballyhoo Buster,completed,6,,2026-09-28 20:24:45+00:00,2026-09-28 20:54:05+00:00,2.0
https://www.imdb.com/title/tt0019268/?ref_=sr_i_613,613. The Phantom City,completed,6,,2026-09-28 20:24:45+00:00,2026-09-28 20:54:01+00:00,2.0
https://www.imdb.com/title/tt0019287/?ref_=sr_i_614,614. Powder My Back,completed,6,,2026-09-28 20:24:45+00:00,2026-09-28 20:53:59+00:00,2.0
https://www.imdb.com/title/tt0018631/?ref_=sr_i_615,615. Afterwards,completed,6,,2026-09-28 20:24:45+00:00,2026-09-28 20:53:56+00:00,2.0
https://www.imdb.com/title/tt0019247/?ref_=sr_i_616,616. Paradise,completed,6,,2026-09-28 20:24:45+00:00,2026-09-28 20:53:51+00:00,2.0
https://www.imdb.com/title/tt0019106/?ref_=sr_i_617,617. The Little Wild Girl,completed,6,,2026-09-28 20:24:45+00:00,2026-09-28 20:53:49+00:00,2.0
https://www.imdb.com/title/tt0205799/?ref_=sr_i_618,618. Il carnevale di Venezia,completed,6,,2026-09-28 20:24:45+00:00,2026-09-28 20:53:46+00:00,2.0
https://www.imdb.com/title/tt4949658/?ref_=sr_i_619,619. La menace,completed,6,,2026-09-28 20:24:45+00:00,2026-09-28 20:53:42+00:00,2.0
https://www.imdb.com/title/tt0019275/?ref_=sr_i_620,620. The Pinto Kid,completed,6,,2026-09-28 20:24:45+00:00,2026-09-28 20:53:35+00:00,2.0
https://www.imdb.com/title/tt0018762/?ref_=sr_i_621,621. The Cheer Leader,completed,6,,2026-09-28 20:24:45+00:00,2026-09-28 20:53:32+00:00,2.0
https://www.imdb.com/title/tt0018702/?ref_=sr_i_622,622. Bitter Sweets,completed,7,,2026-09-28 21:01:59+00:00,2026-09-28 21:04:17+00:00,2.0
https://www.imdb.com/title/tt0128935/?ref_=sr_i_623,623. Ariadne in Hoppegarten,completed,6,,2026-09-28 20:24:45+00:00,2026-09-28 20:53:05+00:00,2.0
https://www.imdb.com/title/tt0020588/?ref_=sr_i_624,624. Wild Blood,completed,6,,2026-09-28 20:24:45+00:00,2026-09-28 20:53:01+00:00,2.0
https://www.imdb.com/title/tt4205712/?ref_=sr_i_625,625. No Ordinary Guy,completed,6,,2026-09-28 20:24:45+00:00,2026-09-28 20:52:58+00:00,2.0
https://www.imdb.com/title/tt0019303/?ref_=sr_i_626,626. Racing Through,completed,6,,2026-09-28 20:24:45+00:00,2026-09-28 20:52:53+00:00,2.0
https://www.imdb.com/title/tt0019359/?ref_=sr_i_627,627. Scarlet Youth,completed,6,,2026-09-28 20:24:45+00:00,2026-09-28 20:52:50+00:00,2.0
https://www.imdb.com/title/tt0018765/?ref_=sr_i_628,628. Children of Fate,completed,6,,2026-09-28 20:24:45+00:00,2026-09-28 20:52:47+00:00,2.0
https://www.imdb.com/title/tt0017875/?ref_=sr_i_629,629. The Jolly Peasant,completed,6,,2026-09-28 20:24:45+00:00,2026-09-28 20:52:44+00:00,2.0
https://www.imdb.com/title/tt0019578/?ref_=sr_i_630,630. Wickedness Preferred,completed,6,,2026-09-28 20:24:45+00:00,2026-09-28 20:52:41+00:00,2.0
https://www.imdb.com/title/tt0393758/?ref_=sr_i_631,631. Shiraz-Ud-Dowla,completed,6,,2026-09-28 20:24:45+00:00,2026-09-28 20:52:38+00:00,2.0
https://www.imdb.com/title/tt0019520/?ref_=sr_i_632,632. Vamping Venus,completed,6,,2026-09-28 20:24:45+00:00,2026-09-28 20:52:35+00:00,2.0
https://www.imdb.com/title/tt0447287/?ref_=sr_i_633,633. Mein Freund Harry,completed,6,,2026-09-28 20:24:45+00:00,2026-09-28 20:52:31+00:00,2.0
https://www.imdb.com/title/tt0214755/?ref_=sr_i_634,634. Heer Ranjha,completed,6,,2026-09-28 20:24:45+00:00,2026-09-28 20:52:29+00:00,2.0
https://www.imdb.com/title/tt0019446/?ref_=sr_i_635,635. Der Tanzstudent,completed,6,,2026-09-28 20:24:45+00:00,2026-09-28 20:52:26+00:00,2.0
https://www.imdb.com/title/tt0019460/?ref_=sr_i_636,636. Thanks for the Buggy Ride,completed,6,,2026-09-28 20:24:45+00:00,2026-09-28 20:52:22+00:00,2.0
https://www.imdb.com/title/tt0250375/?ref_=sr_i_637,637. The Famous Warner Bros. Dog Star,completed,6,,2026-09-28 20:24:45+00:00,2026-09-28 20:52:20+00:00,2.0
https://www.imdb.com/title/tt0325291/?ref_=sr_i_638,638. The Love Commandment,completed,6,,2026-09-28 20:24:45+00:00,2026-09-28 20:52:17+00:00,2.0
https://www.imdb.com/title/tt0020102/?ref_=sr_i_639,639. The Little Wildcat,completed,6,,2026-09-28 20:24:45+00:00,2026-09-28 20:52:15+00:00,2.0
https://www.imdb.com/title/tt0018843/?ref_=sr_i_640,640. Domestic Troubles,completed,6,,2026-09-28 20:24:45+00:00,2026-09-28 20:52:12+00:00,2.0
https://www.imdb.com/title/tt0019494/?ref_=sr_i_641,641. Tropic Madness,completed,6,,2026-09-28 20:24:45+00:00,2026-09-28 20:52:09+00:00,2.0
https://www.imdb.com/title/tt0018878/?ref_=sr_i_642,642. Fashion Madness,completed,6,,2026-09-28 20:24:45+00:00,2026-09-28 20:52:07+00:00,2.0
https://www.imdb.com/title/tt0018929/?ref_=sr_i_643,643. The Gateway of the Moon,completed,6,,2026-09-28 20:24:45+00:00,2026-09-28 20:52:04+00:00,2.0
https://www.imdb.com/title/tt0449266/?ref_=sr_i_644,644. Fräulein Chauffeur,completed,6,,2026-09-28 20:24:45+00:00,2026-09-28 20:51:59+00:00,2.0
https://www.imdb.com/title/tt0018782/?ref_=sr_i_645,645. The Cohens and the Kellys in Paris,completed,6,,2026-09-28 20:24:45+00:00,2026-09-28 20:51:55+00:00,2.0
https://www.imdb.com/title/tt0018985/?ref_=sr_i_646,646. The Heart of Broadway,completed,6,,2026-09-28 20:24:45+00:00,2026-09-28 20:51:53+00:00,2.0
https://www.imdb.com/title/tt0131384/?ref_=sr_i_647,647. Fangs of Fate,completed,6,,2026-09-28 20:24:45+00:00,2026-09-28 20:51:50+00:00,2.0
https://www.imdb.com/title/tt21331816/?ref_=sr_i_648,648. Sarovarani Sundary,completed,6,,2026-09-28 20:24:45+00:00,2026-09-28 20:51:47+00:00,2.0
https://www.imdb.com/title/tt0019240/?ref_=sr_i_649,649. Outcast Souls,completed,6,,2026-09-28 20:24:45+00:00,2026-09-28 20:51:44+00:00,2.0
https://www.imdb.com/title/tt0019297/?ref_=sr_i_650,650. Put 'Em Up,completed,6,,2026-09-28 20:24:45+00:00,2026-09-28 20:51:41+00:00,2.0
https://www.imdb.com/title/tt0338292/?ref_=sr_i_651,651. Not Quite a Lady,completed,6,,2026-09-28 20:24:45+00:00,2026-09-28 20:51:38+00:00,2.0
https://www.imdb.com/title/tt0323483/?ref_=sr_i_652,652. Ok-nyeo,completed,6,,2026-09-28 20:24:45+00:00,2026-09-28 20:51:35+00:00,2.0
https://www.imdb.com/title/tt1525853/?ref_=sr_i_653,653. Koi no camp,completed,6,,2026-09-28 20:24:45+00:00,2026-09-28 20:51:33+00:00,2.0
https://www.imdb.com/title/tt1564803/?ref_=sr_i_654,654. I grandi trasvolatori d'Italia,completed,6,,2026-09-28 20:24:45+00:00,2026-09-28 20:51:30+00:00,2.0
https://www.imdb.com/title/tt0019277/?ref_=sr_i_655,655. Pirates of the Pines,completed,6,,2026-09-28 20:24:45+00:00,2026-09-28 20:51:27+00:00,2.0
https://www.imdb.com/title/tt0018655/?ref_=sr_i_656,656. Arizona Speed,completed,6,,2026-09-28 20:24:45+00:00,2026-09-28 20:51:24+00:00,2.0
https://www.imdb.com/title/tt0019499/?ref_=sr_i_657,657. Two-Gun O'Brien,completed,6,,2026-09-28 20:24:45+00:00,2026-09-28 20:51:21+00:00,2.0
https://www.imdb.com/title/tt1087622/?ref_=sr_i_658,658. Nemodlenec,completed,6,,2026-09-28 20:24:45+00:00,2026-09-28 20:51:18+00:00,2.0
https://www.imdb.com/title/tt0164889/?ref_=sr_i_659,659. The Singapore Mutiny,completed,6,,2026-09-28 20:24:45+00:00,2026-09-28 20:51:16+00:00,2.0
https://www.imdb.com/title/tt0131314/?ref_=sr_i_660,660. Andere Frauen,completed,6,,2026-09-28 20:24:45+00:00,2026-09-28 20:51:07+00:00,2.0
https://www.imdb.com/title/tt0450262/?ref_=sr_i_661,661. Ehre deine Mutter,completed,6,,2026-09-28 20:24:45+00:00,2026-09-28 20:50:57+00:00,2.0
https://www.imdb.com/title/tt0019105/?ref_=sr_i_662,662. The Little Snob,completed,6,,2026-09-28 20:24:45+00:00,2026-09-28 20:50:54+00:00,2.0
https://www.imdb.com/title/tt1175231/?ref_=sr_i_663,663. Onna no isshô,completed,6,,2026-09-28 20:24:45+00:00,2026-09-28 20:50:51+00:00,2.0
https://www.imdb.com/title/tt0019244/?ref_=sr_i_664,664. Painted Trail,completed,6,,2026-09-28 20:24:45+00:00,2026-09-28 20:50:49+00:00,2.0
https://www.imdb.com/title/tt0019603/?ref_=sr_i_665,665. Yellow Lily,completed,6,,2026-09-28 20:24:45+00:00,2026-09-28 20:50:46+00:00,2.0
https://www.imdb.com/title/tt0018797/?ref_=sr_i_666,666. Court-Martial,completed,6,,2026-09-28 20:24:45+00:00,2026-09-28 20:50:43+00:00,2.0
https://www.imdb.com/title/tt0019205/?ref_=sr_i_667,667. Ned McCobb's Daughter,completed,7,,2026-09-28 21:01:59+00:00,2026-09-28 21:04:14+00:00,2.0
https://www.imdb.com/title/tt5503064/?ref_=sr_i_668,668. Kapitanskaya dochka,completed,6,,2026-09-28 20:24:45+00:00,2026-09-28 20:50:25+00:00,2.0
https://www.imdb.com/title/tt0439141/?ref_=sr_i_669,669. Docks of Hamburg,completed,6,,2026-09-28 20:24:45+00:00,2026-09-28 20:50:22+00:00,2.0
https://www.imdb.com/title/tt0018698/?ref_=sr_i_670,670. The Big Hop,completed,7,,2026-09-28 21:01:59+00:00,2026-09-28 21:04:12+00:00,2.0
https://www.imdb.com/title/tt0018642/?ref_=sr_i_671,671. Der alte Fritz - 1. Friede,completed,7,,2026-09-28 21:01:59+00:00,2026-09-28 21:04:09+00:00,2.0
https://www.imdb.com/title/tt0171837/?ref_=sr_i_672,672. Tracked,completed,7,,2026-09-28 21:01:59+00:00,2026-09-28 21:04:06+00:00,2.0
https://www.imdb.com/title/tt0017772/?ref_=sr_i_673,673. La condesa María,completed,7,,2026-09-28 21:01:59+00:00,2026-09-28 21:04:04+00:00,2.0
https://www.imdb.com/title/tt0019575/?ref_=sr_i_674,674. King's Mate,completed,7,,2026-09-28 21:01:59+00:00,2026-09-28 21:04:00+00:00,2.0
https://www.imdb.com/title/tt0018796/?ref_=sr_i_675,675. The Count of Ten,completed,7,,2026-09-28 21:01:59+00:00,2026-09-28 21:03:58+00:00,2.0
https://www.imdb.com/title/tt0177773/?ref_=sr_i_676,676. Le film du poilu,completed,6,,2026-09-28 20:24:45+00:00,2026-09-28 20:48:37+00:00,2.0
https://www.imdb.com/title/tt0018617/?ref_=sr_i_677,677. Across the Plains,completed,6,,2026-09-28 20:24:45+00:00,2026-09-28 20:48:34+00:00,2.0
https://www.imdb.com/title/tt0019209/?ref_=sr_i_678,678. The Night Bird,completed,6,,2026-09-28 20:24:45+00:00,2026-09-28 20:48:31+00:00,2.0
https://www.imdb.com/title/tt0342028/?ref_=sr_i_679,679. Ai no machi,completed,6,,2026-09-28 20:24:45+00:00,2026-09-28 20:48:28+00:00,2.0
https://www.imdb.com/title/tt0019474/?ref_=sr_i_680,680. Thunder Riders,completed,6,,2026-09-28 20:24:45+00:00,2026-09-28 20:48:26+00:00,2.0
https://www.imdb.com/title/tt0019146/?ref_=sr_i_681,"681. Marquis d'Eon, der Spion der Pompadour",completed,6,,2026-09-28 20:24:45+00:00,2026-09-28 20:48:24+00:00,2.0
https://www.imdb.com/title/tt0139673/?ref_=sr_i_682,682. Tukkijoella,completed,6,,2026-09-28 20:24:45+00:00,2026-09-28 20:48:21+00:00,2.0
https://www.imdb.com/title/tt0019331/?ref_=sr_i_683,683. Road House,completed,6,,2026-09-28 20:24:45+00:00,2026-09-28 20:48:17+00:00,2.0
https://www.imdb.com/title/tt0018634/?ref_=sr_i_684,684. The Air Mail Pilot,completed,6,,2026-09-28 20:24:45+00:00,2026-09-28 20:48:14+00:00,2.0
https://www.imdb.com/title/tt0017715/?ref_=sr_i_685,685. Bulat-Batyr,completed,6,,2026-09-28 20:24:45+00:00,2026-09-28 20:48:12+00:00,2.0
https://www.imdb.com/title/tt0018707/?ref_=sr_i_686,686. Die blaue Maus,completed,7,,2026-09-28 21:01:59+00:00,2026-09-28 21:03:56+00:00,2.0
https://www.imdb.com/title/tt0019341/?ref_=sr_i_687,687. Whirl of Youth,completed,6,,2026-09-28 20:24:45+00:00,2026-09-28 20:47:52+00:00,2.0
https://www.imdb.com/title/tt0019282/?ref_=sr_i_688,688. Police Reporter,completed,6,,2026-09-28 20:24:45+00:00,2026-09-28 20:47:49+00:00,2.0
https://www.imdb.com/title/tt0018778/?ref_=sr_i_689,689. Clothes Make the Woman,completed,6,,2026-09-28 20:24:45+00:00,2026-09-28 20:47:46+00:00,2.0
https://www.imdb.com/title/tt0018968/?ref_=sr_i_690,690. Gustaf Wasa del II,completed,6,,2026-09-28 20:24:45+00:00,2026-09-28 20:47:44+00:00,2.0
https://www.imdb.com/title/tt0018732/?ref_=sr_i_691,691. Burning Bridges,completed,6,,2026-09-28 20:24:45+00:00,2026-09-28 20:47:40+00:00,2.0
https://www.imdb.com/title/tt0018963/?ref_=sr_i_692,692. Guardians of the Wild,completed,6,,2026-09-28 20:24:45+00:00,2026-09-28 20:47:38+00:00,2.0
https://www.imdb.com/title/tt0129286/?ref_=sr_i_693,693. Pamir,completed,6,,2026-09-28 20:24:45+00:00,2026-09-28 20:47:35+00:00,2.0
https://www.imdb.com/title/tt0256895/?ref_=sr_i_694,694. Rajmahal Ni Ramni,completed,6,,2026-09-28 20:24:45+00:00,2026-09-28 20:47:32+00:00,2.0
https://www.imdb.com/title/tt0019021/?ref_=sr_i_695,695. Horseman of the Plains,completed,6,,2026-09-28 20:24:45+00:00,2026-09-28 20:47:29+00:00,2.0
https://www.imdb.com/title/tt0130941/?ref_=sr_i_696,696. Die Pflicht zu schweigen,completed,6,,2026-09-28 20:24:45+00:00,2026-09-28 20:47:27+00:00,2.0
https://www.imdb.com/title/tt0018704/?ref_=sr_i_697,697. Black Butterflies,completed,6,,2026-09-28 20:24:45+00:00,2026-09-28 20:47:24+00:00,2.0
https://www.imdb.com/title/tt0316505/?ref_=sr_i_698,698. The Romance of Runnibede,completed,6,,2026-09-28 20:24:45+00:00,2026-09-28 20:47:21+00:00,2.0
https://www.imdb.com/title/tt0258508/?ref_=sr_i_699,699. Les croix de l'Yser,completed,6,,2026-09-28 20:24:45+00:00,2026-09-28 20:47:18+00:00,2.0
https://www.imdb.com/title/tt0019566/?ref_=sr_i_700,700. What Next?,completed,6,,2026-09-28 20:24:45+00:00,2026-09-28 20:47:15+00:00,2.0
https://www.imdb.com/title/tt0194205/?ref_=sr_i_701,701. L'occident,completed,7,,2026-09-28 21:01:59+00:00,2026-09-28 21:03:54+00:00,2.0
https://www.imdb.com/title/tt0150997/?ref_=sr_i_702,702. Huragan,completed,7,,2026-09-28 21:01:59+00:00,2026-09-29T06:44:54+00:00,2.0
https://www.imdb.com/title/tt9447904/?ref_=sr_i_703,703. Chûshingura: kôhen,completed,6,,2026-09-28 20:24:45+00:00,2026-09-28 20:46:42+00:00,2.0
https://www.imdb.com/title/tt0133022/?ref_=sr_i_704,704. In Werder blühen die Bäume... - Die Geschichte zweier lustiger Berliner Jungen,completed,6,,2026-09-28 20:24:45+00:00,2026-09-28 20:46:39+00:00,2.0
https://www.imdb.com/title/tt0019027/?ref_=sr_i_705,705. The House of Scandal,completed,6,,2026-09-28 20:24:45+00:00,2026-09-28 20:46:37+00:00,2.0
https://www.imdb.com/title/tt0019597/?ref_=sr_i_706,706. The Wright Idea,completed,6,,2026-09-28 20:24:45+00:00,2026-09-28 20:46:32+00:00,2.0
https://www.imdb.com/title/tt0133252/?ref_=sr_i_707,707. Unmoral,completed,6,,2026-09-28 20:24:45+00:00,2026-09-28 20:46:30+00:00,2.0
https://www.imdb.com/title/tt9491348/?ref_=sr_i_708,708. Ninjutsu hizakurige dainihen,completed,6,,2026-09-28 20:24:45+00:00,2026-09-28 20:46:27+00:00,2.0
https://www.imdb.com/title/tt0953610/?ref_=sr_i_709,709. Takasugi Shinsaku,completed,6,,2026-09-28 20:24:45+00:00,2026-09-28 20:46:25+00:00,2.0
https://www.imdb.com/title/tt0019487/?ref_=sr_i_710,710. The Tragedy of Youth,completed,6,,2026-09-28 20:24:45+00:00,2026-09-28 20:46:21+00:00,2.0
https://www.imdb.com/title/tt0267370/?ref_=sr_i_711,711. Le chauffeur de Mademoiselle,completed,6,,2026-09-28 20:24:45+00:00,2026-09-28 20:46:19+00:00,2.0
https://www.imdb.com/title/tt0256391/?ref_=sr_i_712,712. Siniye vorotnichki,completed,6,,2026-09-28 20:24:45+00:00,2026-09-28 20:46:16+00:00,2.0
https://www.imdb.com/title/tt3983434/?ref_=sr_i_713,713. Semushi to aniki,completed,6,,2026-09-28 20:24:45+00:00,2026-09-28 20:46:10+00:00,2.0
https://www.imdb.com/title/tt0019160/?ref_=sr_i_714,714. The Midnight Ace,completed,6,,2026-09-28 20:24:45+00:00,2026-09-28 20:46:08+00:00,2.0
https://www.imdb.com/title/tt7291150/?ref_=sr_i_715,715. Takayama Hikokurô,completed,6,,2026-09-28 20:24:45+00:00,2026-09-28 20:46:04+00:00,2.0
https://www.imdb.com/title/tt0018833/?ref_=sr_i_716,716. Diamond Handcuffs,completed,6,,2026-09-28 20:24:45+00:00,2026-09-28 20:46:01+00:00,2.0
https://www.imdb.com/title/tt0019038/?ref_=sr_i_717,717. The Warning,completed,6,,2026-09-28 20:24:45+00:00,2026-09-28 20:45:58+00:00,2.0
https://www.imdb.com/title/tt0250802/?ref_=sr_i_718,718. Vasilisina pobeda,completed,6,,2026-09-28 20:24:45+00:00,2026-09-28 20:45:55+00:00,2.0
https://www.imdb.com/title/tt0169307/?ref_=sr_i_719,719. Cheyenne Trails,completed,6,,2026-09-28 20:24:45+00:00,2026-09-28 20:45:53+00:00,2.0
https://www.imdb.com/title/tt0019306/?ref_=sr_i_720,720. Ranger's Oath,completed,6,,2026-09-28 20:24:45+00:00,2026-09-28 20:45:50+00:00,2.0
https://www.imdb.com/title/tt5134700/?ref_=sr_i_721,721. Hirotta hanayome,completed,6,,2026-09-28 20:24:45+00:00,2026-09-28 20:45:48+00:00,2.0
https://www.imdb.com/title/tt0188066/?ref_=sr_i_722,722. Montecarlo,completed,6,,2026-09-28 20:24:45+00:00,2026-09-28 20:45:46+00:00,2.0
https://www.imdb.com/title/tt0019037/?ref_=sr_i_723,723. Into the Night,completed,6,,2026-09-28 20:24:45+00:00,2026-09-28 20:45:42+00:00,2.0
https://www.imdb.com/title/tt12265438/?ref_=sr_i_724,724. Kagayaku showa,completed,7,,2026-09-28 21:01:59+00:00,2026-09-29T06:44:54+00:00,2.0
https://www.imdb.com/title/tt0325412/?ref_=sr_i_725,725. The Forger,completed,7,,2026-09-28 21:01:59+00:00,2026-09-29T06:44:54+00:00,2.0
https://www.imdb.com/title/tt0450558/?ref_=sr_i_726,726. Amor auf Ski,completed,7,,2026-09-28 21:01:59+00:00,2026-09-28 21:02:57+00:00,2.0
https://www.imdb.com/title/tt0019276/?ref_=sr_i_727,727. Pioneer Scout,completed,6,,2026-09-28 20:24:45+00:00,2026-09-28 20:44:40+00:00,2.0
https://www.imdb.com/title/tt0019046/?ref_=sr_i_728,728. Kaikokuki,completed,6,,2026-09-28 20:24:45+00:00,2026-09-28 20:44:36+00:00,2.0
https://www.imdb.com/title/tt0019423/?ref_=sr_i_729,729. Stocks and Blondes,completed,7,,2026-09-28 21:01:59+00:00,2026-09-28 21:02:54+00:00,2.0
https://www.imdb.com/title/tt0258559/?ref_=sr_i_730,730. Fajia'a fok el haram,completed,6,,2026-09-28 20:24:45+00:00,2026-09-28 20:44:11+00:00,2.0
https://www.imdb.com/title/tt0018982/?ref_=sr_i_731,731. The Head of the Family,completed,6,,2026-09-28 20:24:45+00:00,2026-09-28 20:44:00+00:00,2.0
https://www.imdb.com/title/tt0174544/?ref_=sr_i_732,732. El chaval de las flores,completed,6,,2026-09-28 20:24:45+00:00,2026-09-28 20:43:51+00:00,2.0
https://www.imdb.com/title/tt0019455/?ref_=sr_i_733,733. Terror Mountain,completed,6,,2026-09-28 20:24:45+00:00,2026-09-28 20:43:47+00:00,2.0
https://www.imdb.com/title/tt0019271/?ref_=sr_i_734,734. The Phantom of the Turf,completed,6,,2026-09-28 20:24:45+00:00,2026-09-28 20:43:44+00:00,2.0
https://www.imdb.com/title/tt0019402/?ref_=sr_i_735,735. Soft Living,completed,6,,2026-09-28 20:24:45+00:00,2026-09-28 20:43:41+00:00,2.0
https://www.imdb.com/title/tt0018939/?ref_=sr_i_736,736. The Girl-Shy Cowboy,completed,6,,2026-09-28 20:24:45+00:00,2026-09-28 20:43:37+00:00,2.0
https://www.imdb.com/title/tt0019192/?ref_=sr_i_737,737. My Home Town,completed,6,,2026-09-28 20:24:45+00:00,2026-09-28 20:43:33+00:00,2.0
https://www.imdb.com/title/tt3497912/?ref_=sr_i_738,738. Xiao Jianke,completed,6,,2026-09-28 20:24:45+00:00,2026-09-28 20:43:29+00:00,2.0
https://www.imdb.com/title/tt0019384/?ref_=sr_i_739,739. Silent Trail,completed,6,,2026-09-28 20:24:45+00:00,2026-09-28 20:43:27+00:00,2.0
https://www.imdb.com/title/tt0018787/?ref_=sr_i_740,740. Coney Island,completed,6,,2026-09-28 20:24:45+00:00,2026-09-28 20:43:24+00:00,2.0
https://www.imdb.com/title/tt0265388/?ref_=sr_i_741,741. Neelam Manek,completed,6,,2026-09-28 20:24:45+00:00,2026-09-28 20:43:11+00:00,2.0
https://www.imdb.com/title/tt0170673/?ref_=sr_i_742,742. Thirty Years Later,completed,7,,2026-09-28 21:01:59+00:00,2026-09-28 21:02:52+00:00,2.0
https://www.imdb.com/title/tt0019365/?ref_=sr_i_743,743. See You Later,completed,6,,2026-09-28 20:24:45+00:00,2026-09-28 20:42:52+00:00,2.0
https://www.imdb.com/title/tt0263393/?ref_=sr_i_744,744. De goudmijnen van Kilo-Moto,completed,6,,2026-09-28 20:24:45+00:00,2026-09-28 20:42:43+00:00,2.0
https://www.imdb.com/title/tt9311638/?ref_=sr_i_745,745. Dôkumin,completed,6,,2026-09-28 20:24:45+00:00,2026-09-28 20:42:40+00:00,2.0
https://www.imdb.com/title/tt0018774/?ref_=sr_i_746,746. The City of Purple Dreams,completed,6,,2026-09-28 20:24:45+00:00,2026-09-28 20:42:37+00:00,2.0
https://www.imdb.com/title/tt0019108/?ref_=sr_i_747,747. The Lone Patrol,completed,6,,2026-09-28 20:24:45+00:00,2026-09-28 20:42:34+00:00,2.0
https://www.imdb.com/title/tt0018865/?ref_=sr_i_748,748. En la sierra bravía,completed,6,,2026-09-28 20:24:45+00:00,2026-09-28 20:42:31+00:00,2.0
https://www.imdb.com/title/tt33035712/?ref_=sr_i_749,749. With Cobham Around the Africa,completed,6,,2026-09-28 20:24:45+00:00,2026-09-28 20:42:28+00:00,2.0
https://www.imdb.com/title/tt0169910/?ref_=sr_i_750,750. The Flash of the Forest,completed,6,,2026-09-28 20:24:45+00:00,2026-09-28 20:42:24+00:00,2.0
https://www.imdb.com/title/tt0344452/?ref_=sr_i_751,751. The Thoroughbred,completed,6,,2026-09-28 20:24:45+00:00,2026-09-28 20:42:21+00:00,2.0
https://www.imdb.com/title/tt9533082/?ref_=sr_i_752,752. Kokô yarinaoshî,completed,6,,2026-09-28 20:24:45+00:00,2026-09-28 20:42:18+00:00,2.0
https://www.imdb.com/title/tt9472066/?ref_=sr_i_753,753. Ânya no panorama,completed,6,,2026-09-28 20:24:45+00:00,2026-09-28 20:42:15+00:00,2.0
https://www.imdb.com/title/tt7164426/?ref_=sr_i_754,754. Nyohan,completed,6,,2026-09-28 20:24:45+00:00,2026-09-28 20:42:12+00:00,2.0
https://www.imdb.com/title/tt1003578/?ref_=sr_i_755,755. Yotsuya kaidan,completed,6,,2026-09-28 20:24:45+00:00,2026-09-28 20:42:09+00:00,2.0
https://www.imdb.com/title/tt0019082/?ref_=sr_i_756,756. The Lemon,completed,6,,2026-09-28 20:24:45+00:00,2026-09-28 20:42:05+00:00,2.0
https://www.imdb.com/title/tt0019148/?ref_=sr_i_757,757. Marry the Girl,completed,6,,2026-09-28 20:24:45+00:00,2026-09-28 20:42:02+00:00,2.0
https://www.imdb.com/title/tt0252937/?ref_=sr_i_758,758. Bhakta Damaji,completed,6,,2026-09-28 20:24:45+00:00,2026-09-28 20:41:59+00:00,2.0
https://www.imdb.com/title/tt0265648/?ref_=sr_i_759,759. Rip Roaring Logan,completed,6,,2026-09-28 20:24:45+00:00,2026-09-28 20:41:55+00:00,2.0
https://www.imdb.com/title/tt0018705/?ref_=sr_i_760,760. Black Feather,completed,7,,2026-09-28 21:01:59+00:00,2026-09-28 21:02:49+00:00,2.0
https://www.imdb.com/title/tt0019613/?ref_=sr_i_761,761. Ådalens poesi,completed,7,,2026-09-28 21:01:59+00:00,2026-09-28 21:02:47+00:00,2.0
https://www.imdb.com/title/tt0019588/?ref_=sr_i_762,762. A Woman Against the World,completed,6,,2026-09-28 20:24:45+00:00,2026-09-28 20:41:25+00:00,2.0
https://www.imdb.com/title/tt0019223/?ref_=sr_i_763,763. Obey Your Husband,completed,6,,2026-09-28 20:24:45+00:00,2026-09-28 20:41:17+00:00,2.0
https://www.imdb.com/title/tt0019322/?ref_=sr_i_764,764. Riders of the Dark,completed,6,,2026-09-28 20:24:45+00:00,2026-09-28 20:41:13+00:00,2.0
https://www.imdb.com/title/tt0165951/?ref_=sr_i_765,765. Souls Aflame,completed,6,,2026-09-28 20:24:45+00:00,2026-09-28 20:41:10+00:00,2.0
https://www.imdb.com/title/tt21137544/?ref_=sr_i_766,766. Bhakta Kabirdas,completed,6,,2026-09-28 20:24:45+00:00,2026-09-28 20:41:05+00:00,2.0
https://www.imdb.com/title/tt0176273/?ref_=sr_i_767,767. The Upland Rider,completed,6,,2026-09-28 20:24:45+00:00,2026-09-28 20:41:01+00:00,2.0
https://www.imdb.com/title/tt0018635/?ref_=sr_i_768,768. The Air Patrol,completed,6,,2026-09-28 20:24:45+00:00,2026-09-28 20:40:55+00:00,2.0
https://www.imdb.com/title/tt8871654/?ref_=sr_i_769,769. Dokusara,completed,6,,2026-09-28 20:24:45+00:00,2026-09-28 20:40:53+00:00,2.0
https://www.imdb.com/title/tt0448529/?ref_=sr_i_770,770. Hinter Klostermauern,completed,6,,2026-09-28 20:24:45+00:00,2026-09-28 20:40:49+00:00,2.0
https://www.imdb.com/title/tt0018946/?ref_=sr_i_771,771. The Glorious Trail,completed,7,,2026-09-28 21:01:59+00:00,2026-09-28 21:02:44+00:00,2.0
https://www.imdb.com/title/tt0778679/?ref_=sr_i_772,772. Eddy Polo im Wespennest,completed,7,,2026-09-28 21:01:59+00:00,2026-09-28 21:02:41+00:00,2.0
https://www.imdb.com/title/tt0349431/?ref_=sr_i_773,773. Der Faschingsprinz,completed,6,,2026-09-28 20:24:45+00:00,2026-09-28 20:40:20+00:00,2.0
https://www.imdb.com/title/tt0342625/?ref_=sr_i_774,774. Katakiuchi ruten,completed,6,,2026-09-28 20:24:45+00:00,2026-09-28 20:40:17+00:00,2.0
https://www.imdb.com/title/tt0019007/?ref_=sr_i_775,775. Hito no isshô - Jinsei banji kane no maki: Dai ippen,completed,6,,2026-09-28 20:24:45+00:00,2026-09-28 20:40:13+00:00,2.0
https://www.imdb.com/title/tt0018614/?ref_=sr_i_776,776. Absent,completed,6,,2026-09-28 20:24:45+00:00,2026-09-28 20:40:10+00:00,2.0
https://www.imdb.com/title/tt0018871/?ref_=sr_i_777,777. Fabricante de suicidios,completed,6,,2026-09-28 20:24:45+00:00,2026-09-28 20:40:07+00:00,2.0
https://www.imdb.com/title/tt0019232/?ref_=sr_i_778,778. The Olympic Hero,completed,6,,2026-09-28 20:24:45+00:00,2026-09-28 20:39:59+00:00,2.0
https://www.imdb.com/title/tt0337125/?ref_=sr_i_779,779. The Russell Affair,completed,6,,2026-09-28 20:24:45+00:00,2026-09-28 20:39:55+00:00,2.0
https://www.imdb.com/title/tt0130724/?ref_=sr_i_780,780. Prince or Clown,completed,6,,2026-09-28 20:24:45+00:00,2026-09-28 20:39:52+00:00,2.0
https://www.imdb.com/title/tt0018695/?ref_=sr_i_781,781. Beyond the Sierras,completed,6,,2026-09-28 20:24:45+00:00,2026-09-28 20:39:42+00:00,2.0
https://www.imdb.com/title/tt9517456/?ref_=sr_i_782,782. Yajô,completed,6,,2026-09-28 20:24:45+00:00,2026-09-28 20:39:38+00:00,2.0
https://www.imdb.com/title/tt0019353/?ref_=sr_i_783,783. The Sawdust Paradise,completed,6,,2026-09-28 20:24:45+00:00,2026-09-28 20:39:35+00:00,2.0
https://www.imdb.com/title/tt9660676/?ref_=sr_i_784,784. Gokurôsama,completed,6,,2026-09-28 20:24:45+00:00,2026-09-28 20:39:31+00:00,2.0
https://www.imdb.com/title/tt0018957/?ref_=sr_i_785,785. Greased Lightning,completed,6,,2026-09-28 20:24:45+00:00,2026-09-28 20:39:27+00:00,2.0
https://www.imdb.com/title/tt0019028/?ref_=sr_i_786,786. How to Handle Women,completed,6,,2026-09-28 20:24:45+00:00,2026-09-28 20:39:24+00:00,2.0
https://www.imdb.com/title/tt0019433/?ref_=sr_i_787,787. The Stronger Will,completed,6,,2026-09-28 20:24:45+00:00,2026-09-28 20:39:21+00:00,2.0
https://www.imdb.com/title/tt21415818/?ref_=sr_i_788,788. Za stenoj,completed,7,,2026-09-28 20:24:45+00:00,2026-09-28 20:39:18+00:00,2.0
https://www.imdb.com/title/tt1487976/?ref_=sr_i_789,789. Moshimo kanojo ga,completed,6,,2026-09-28 20:24:45+00:00,2026-09-28 20:39:17+00:00,2.0
https://www.imdb.com/title/tt3981786/?ref_=sr_i_790,790. Aa santo,completed,6,,2026-09-28 20:24:45+00:00,2026-09-28 20:39:05+00:00,2.0
https://www.imdb.com/title/tt0018969/?ref_=sr_i_791,791. Gypsy of the North,completed,6,,2026-09-28 20:24:45+00:00,2026-09-28 20:39:02+00:00,2.0
https://www.imdb.com/title/tt0019477/?ref_=sr_i_792,792. The Tiger's Shadow,completed,7,,2026-09-28 20:24:45+00:00,2026-09-28 20:38:59+00:00,2.0
https://www.imdb.com/title/tt0017073/?ref_=sr_i_793,793. La loca de la casa,completed,6,,2026-09-28 20:24:45+00:00,2026-09-28 20:38:54+00:00,2.0
https://www.imdb.com/title/tt0019347/?ref_=sr_i_794,794. Sailors' Wives,completed,7,,2026-09-28 21:01:59+00:00,2026-09-28 21:02:39+00:00,2.0
https://www.imdb.com/title/tt0019008/?ref_=sr_i_795,795. Hito no yo no sugata,completed,7,,2026-09-28 21:01:59+00:00,2026-09-28 21:02:36+00:00,2.0
https://www.imdb.com/title/tt0018745/?ref_=sr_i_796,796. The Candy Kid,completed,7,,2026-09-28 21:01:59+00:00,2026-09-28 21:02:34+00:00,2.0
https://www.imdb.com/title/tt0335298/?ref_=sr_i_797,797. Morfina,completed,6,,2026-09-28 20:24:45+00:00,2026-09-28 20:37:52+00:00,2.0
https://www.imdb.com/title/tt0018747/?ref_=sr_i_798,798. Captain Careless,completed,6,,2026-09-28 20:24:45+00:00,2026-09-28 20:37:48+00:00,2.0
https://www.imdb.com/title/tt0019218/?ref_=sr_i_799,799. Nothing to Wear,completed,6,,2026-09-28 20:24:45+00:00,2026-09-28 20:37:43+00:00,2.0
https://www.imdb.com/title/tt0165852/?ref_=sr_i_800,"800. Königin Luise, 2. Teil",completed,6,,2026-09-28 20:24:45+00:00,2026-09-28 20:37:32+00:00,2.0
https://www.imdb.com/title/tt0019580/?ref_=sr_i_801,801. The Wife's Relations,completed,6,,2026-09-28 20:24:45+00:00,2026-09-28 20:37:28+00:00,2.0
https://www.imdb.com/title/tt0127661/?ref_=sr_i_802,802. The Little Buckaroo,completed,7,,2026-09-28 21:01:59+00:00,2026-09-28 21:02:31+00:00,2.0
https://www.imdb.com/title/tt0447397/?ref_=sr_i_803,803. Robert und Bertram,completed,6,,2026-09-28 20:24:45+00:00,2026-09-28 20:37:10+00:00,2.0
https://www.imdb.com/title/tt0923765/?ref_=sr_i_804,804. Kurama Tengu,completed,6,,2026-09-28 20:24:45+00:00,2026-09-28 20:37:07+00:00,2.0
https://www.imdb.com/title/tt7266936/?ref_=sr_i_805,805. The IX Olympiad in Amsterdam,completed,6,,2026-09-28 20:24:45+00:00,2026-09-28 20:37:04+00:00,2.0
https://www.imdb.com/title/tt0250464/?ref_=sr_i_806,806. Kastus Kalinovskiy,completed,6,,2026-09-28 20:24:45+00:00,2026-09-28 20:37:02+00:00,2.0
https://www.imdb.com/title/tt0259980/?ref_=sr_i_807,807. Djanki Guriashi,completed,6,,2026-09-28 20:24:45+00:00,2026-09-28 20:36:59+00:00,2.0
https://www.imdb.com/title/tt0018869/?ref_=sr_i_808,808. Daughters of Eve,completed,6,,2026-09-28 20:24:45+00:00,2026-09-28 20:36:55+00:00,2.0
https://www.imdb.com/title/tt0256721/?ref_=sr_i_809,809. Devdas,completed,6,,2026-09-28 20:24:45+00:00,2026-09-28 20:36:52+00:00,2.0
https://www.imdb.com/title/tt0896573/?ref_=sr_i_810,810. Tajemnica starego rodu,completed,6,,2026-09-28 20:24:45+00:00,2026-09-28 20:36:49+00:00,2.0
https://www.imdb.com/title/tt0018751/?ref_=sr_i_811,811. Caught in the Fog,completed,6,,2026-09-28 20:24:45+00:00,2026-09-28 20:36:45+00:00,2.0
https://www.imdb.com/title/tt0019318/?ref_=sr_i_812,812. Teenagers' Republic,completed,6,,2026-09-28 20:24:45+00:00,2026-09-28 20:36:42+00:00,2.0
https://www.imdb.com/title/tt0018753/?ref_=sr_i_813,813. Celebrity,completed,6,,2026-09-28 20:24:45+00:00,2026-09-28 20:36:39+00:00,2.0
https://www.imdb.com/title/tt0231587/?ref_=sr_i_814,814. A Final Reckoning,completed,6,,2026-09-28 20:24:45+00:00,2026-09-28 20:36:36+00:00,2.0
https://www.imdb.com/title/tt0019219/?ref_=sr_i_815,815. Number 17,completed,6,,2026-09-28 20:24:45+00:00,2026-09-28 20:36:33+00:00,2.0
https://www.imdb.com/title/tt0190280/?ref_=sr_i_816,816. La borrachera del tango,completed,6,,2026-09-28 20:24:45+00:00,2026-09-28 20:36:28+00:00,2.0
https://www.imdb.com/title/tt0018716/?ref_=sr_i_817,817. The Boss of Rustler's Roost,completed,6,,2026-09-28 20:24:45+00:00,2026-09-28 20:36:25+00:00,2.0
https://www.imdb.com/title/tt1602608/?ref_=sr_i_818,818. The IX Olympiad in Amsterdam,completed,6,,2026-09-28 20:24:45+00:00,2026-09-28 20:36:22+00:00,2.0
https://www.imdb.com/title/tt0019601/?ref_=sr_i_819,819. The Yellow Cameo,completed,6,,2026-09-28 20:24:45+00:00,2026-09-28 20:36:19+00:00,2.0
https://www.imdb.com/title/tt3785450/?ref_=sr_i_820,820. Vanka i 'Mstitel',completed,6,,2026-09-28 20:24:45+00:00,2026-09-28 20:36:16+00:00,2.0
https://www.imdb.com/title/tt2731558/?ref_=sr_i_821,821. Entre los Hielos de las Islas Orcadas,completed,6,,2026-09-28 20:24:45+00:00,2026-09-28 20:36:14+00:00,2.0
https://www.imdb.com/title/tt0019273/?ref_=sr_i_822,822. The Physician,completed,6,,2026-09-28 20:24:45+00:00,2026-09-28 20:36:10+00:00,2.0
https://www.imdb.com/title/tt0438093/?ref_=sr_i_823,823. Hurra! Ich lebe!,completed,6,,2026-09-28 20:24:45+00:00,2026-09-28 20:36:07+00:00,2.0
https://www.imdb.com/title/tt0019132/?ref_=sr_i_824,824. The Man from Headquarters,completed,6,,2026-09-28 20:24:45+00:00,2026-09-28 20:36:04+00:00,2.0
https://www.imdb.com/title/tt0330756/?ref_=sr_i_825,825. Le passager,completed,6,,2026-09-28 20:24:45+00:00,2026-09-28 20:36:01+00:00,2.0
https://www.imdb.com/title/tt0344455/?ref_=sr_i_826,826. Ein Mädel und drei Clowns,completed,6,,2026-09-28 20:24:45+00:00,2026-09-28 20:35:58+00:00,2.0
https://www.imdb.com/title/tt1844020/?ref_=sr_i_827,827. Resia Boroboedoer,completed,7,,2026-09-28 20:24:45+00:00,2026-09-28 20:35:54+00:00,2.0
https://www.imdb.com/title/tt0270294/?ref_=sr_i_828,828. La cousine Bette,completed,7,,2026-09-28 20:24:45+00:00,2026-09-28 20:35:51+00:00,2.0
https://www.imdb.com/title/tt0018671/?ref_=sr_i_829,829. Balaclava,completed,6,,2026-09-28 20:24:45+00:00,2026-09-28 20:35:48+00:00,2.0
https://www.imdb.com/title/tt0019356/?ref_=sr_i_830,830. The Scarlet Daredevil,completed,6,,2026-09-28 20:24:45+00:00,2026-09-28 20:35:45+00:00,2.0
https://www.imdb.com/title/tt0020483/?ref_=sr_i_831,831. The Terrible People,completed,6,,2026-09-28 20:24:45+00:00,2026-09-28 20:35:42+00:00,2.0
https://www.imdb.com/title/tt0019041/?ref_=sr_i_832,832. Jazz Mad,completed,6,,2026-09-28 20:24:45+00:00,2026-09-28 20:35:39+00:00,2.0
https://www.imdb.com/title/tt0019137/?ref_=sr_i_833,833. The Manhattan Cowboy,completed,6,,2026-09-28 20:24:45+00:00,2026-09-28 20:35:36+00:00,2.0
https://www.imdb.com/title/tt0018880/?ref_=sr_i_834,834. The Fearless Rider,completed,6,,2026-09-28 20:24:45+00:00,2026-09-28 20:35:33+00:00,2.0
https://www.imdb.com/title/tt0194154/?ref_=sr_i_835,"835. Milak, der Grönlandjäger",completed,6,,2026-09-28 20:24:45+00:00,2026-09-28 20:35:29+00:00,2.0
https://www.imdb.com/title/tt0018961/?ref_=sr_i_836,836. Die große Abenteuerin,completed,6,,2026-09-28 20:24:45+00:00,2026-09-28 20:35:26+00:00,2.0
https://www.imdb.com/title/tt0018794/?ref_=sr_i_837,837. Corazones sin rumbo,completed,6,,2026-09-28 20:24:45+00:00,2026-09-28 20:35:24+00:00,2.0
https://www.imdb.com/title/tt0021915/?ref_=sr_i_838,838. Glorious Youth,completed,6,,2026-09-28 20:24:45+00:00,2026-09-28 20:35:21+00:00,2.0
https://www.imdb.com/title/tt0019089/?ref_=sr_i_839,839. Liebe und Diebe,completed,6,,2026-09-28 20:24:45+00:00,2026-09-28 20:35:18+00:00,2.0
https://www.imdb.com/title/tt0017773/?ref_=sr_i_840,840. Confetti,completed,7,,2026-09-28 21:01:59+00:00,2026-09-28 21:02:29+00:00,2.0
https://www.imdb.com/title/tt0018989/?ref_=sr_i_841,841. Die Heilige und ihr Narr,completed,6,,2026-09-28 20:24:45+00:00,2026-09-28 20:35:00+00:00,2.0
https://www.imdb.com/title/tt0174280/?ref_=sr_i_842,842. Trial Marriage,completed,6,,2026-09-28 20:24:45+00:00,2026-09-28 20:34:47+00:00,2.0
https://www.imdb.com/title/tt0018171/?ref_=sr_i_843,843. Morgane la sirène,completed,6,,2026-09-28 20:24:45+00:00,2026-09-28 20:34:45+00:00,2.0
https://www.imdb.com/title/tt0019360/?ref_=sr_i_844,844. The Prince of Rogues,completed,6,,2026-09-28 20:24:45+00:00,2026-09-28 20:34:42+00:00,2.0
https://www.imdb.com/title/tt0258544/?ref_=sr_i_845,845. El bahr biyidhak lesh,completed,7,,2026-09-28 20:24:45+00:00,2026-09-28 20:34:39+00:00,2.0
https://www.imdb.com/title/tt1084707/?ref_=sr_i_846,846. Krásná vyzvedacka,completed,7,,2026-09-28 20:24:45+00:00,2026-09-28 20:34:36+00:00,2.0
https://www.imdb.com/title/tt0018956/?ref_=sr_i_847,847. The Soul of France,completed,6,,2026-09-28 20:24:45+00:00,2026-09-28 20:34:33+00:00,2.0
https://www.imdb.com/title/tt0019081/?ref_=sr_i_848,848. Die Leibeigenen,completed,6,,2026-09-28 20:24:45+00:00,2026-09-28 20:34:30+00:00,2.0
https://www.imdb.com/title/tt0226443/?ref_=sr_i_849,849. Shinban Yotsuya kaidan,completed,7,,2026-09-28 20:24:45+00:00,2026-09-28 20:34:26+00:00,2.0
https://www.imdb.com/title/tt0018763/?ref_=sr_i_850,850. Chicago After Midnight,completed,7,,2026-09-28 20:24:45+00:00,2026-09-28 20:34:24+00:00,2.0
https://www.imdb.com/title/tt0019551/?ref_=sr_i_851,851. Waterfront,completed,8,,2026-09-28 21:01:59+00:00,2026-09-28 21:02:26+00:00,2.0
https://www.imdb.com/title/tt0156557/?ref_=sr_i_852,852. Geeta Rahasya,completed,7,,2026-09-28 21:01:59+00:00,2026-09-28 21:02:23+00:00,2.0
https://www.imdb.com/title/tt14411914/?ref_=sr_i_853,853. Three Friends,completed,7,,2026-09-28 21:01:59+00:00,2026-09-28 21:02:21+00:00,2.0
https://www.imdb.com/title/tt0018699/?ref_=sr_i_854,854. The Big Killing,completed,6,,2026-09-28 20:24:45+00:00,2026-09-28 20:33:16+00:00,2.0
https://www.imdb.com/title/tt0018823/?ref_=sr_i_855,855. Desperate Courage,completed,6,,2026-09-28 20:24:45+00:00,2026-09-28 20:33:13+00:00,2.0
https://www.imdb.com/title/tt17716402/?ref_=sr_i_856,856. Dokumenty epokhy,completed,6,,2026-09-28 20:24:45+00:00,2026-09-28 20:33:11+00:00,2.0
https://www.imdb.com/title/tt0018942/?ref_=sr_i_857,857. Motele the Weaver,completed,6,,2026-09-28 20:24:45+00:00,2026-09-28 20:33:09+00:00,2.0
https://www.imdb.com/title/tt9006502/?ref_=sr_i_858,858. 1928 Indianapolis 500,completed,6,,2026-09-28 20:24:45+00:00,2026-09-28 20:33:06+00:00,2.0
https://www.imdb.com/title/tt1013698/?ref_=sr_i_859,859. Sabaku ni hi ga ochite,completed,6,,2026-09-28 20:24:45+00:00,2026-09-28 20:33:03+00:00,2.0
https://www.imdb.com/title/tt6274216/?ref_=sr_i_860,860. Mulan congjun,completed,6,,2026-09-28 20:24:45+00:00,2026-09-28 20:32:59+00:00,2.0
https://www.imdb.com/title/tt0264532/?ref_=sr_i_861,861. Dev Kanya,completed,6,,2026-09-28 20:24:45+00:00,2026-09-28 20:32:56+00:00,2.0
https://www.imdb.com/title/tt8067164/?ref_=sr_i_862,862. Nikai no yuja,completed,6,,2026-09-28 20:24:45+00:00,2026-09-28 20:32:53+00:00,2.0
https://www.imdb.com/title/tt0172624/?ref_=sr_i_863,863. Jandarmii,completed,6,,2026-09-28 20:24:45+00:00,2026-09-28 20:32:51+00:00,2.0
https://www.imdb.com/title/tt11306972/?ref_=sr_i_864,864. Kari no michi,completed,6,,2026-09-28 20:24:45+00:00,2026-09-28 20:32:49+00:00,2.0
https://www.imdb.com/title/tt0018735/?ref_=sr_i_865,865. The Bushranger,completed,6,,2026-09-28 20:24:45+00:00,2026-09-28 20:32:46+00:00,2.0
https://www.imdb.com/title/tt9532748/?ref_=sr_i_866,866. Appare bîdanshî,completed,6,,2026-09-28 20:24:45+00:00,2026-09-28 20:32:43+00:00,2.0
https://www.imdb.com/title/tt7611464/?ref_=sr_i_867,867. Zabraveniqt Sliven,completed,6,,2026-09-28 20:24:45+00:00,2026-09-28 20:32:41+00:00,2.0
https://www.imdb.com/title/tt0390966/?ref_=sr_i_868,868. Chatur Kanya,completed,6,,2026-09-28 20:24:45+00:00,2026-09-28 20:32:38+00:00,2.0
https://www.imdb.com/title/tt11401332/?ref_=sr_i_869,869. Chuko bidân,completed,6,,2026-09-28 20:24:45+00:00,2026-09-28 20:32:36+00:00,2.0
https://www.imdb.com/title/tt0156867/?ref_=sr_i_870,870. Pandav Patrani,completed,6,,2026-09-28 20:24:45+00:00,2026-09-28 20:32:33+00:00,2.0
https://www.imdb.com/title/tt1092402/?ref_=sr_i_871,871. Pohorská vesnice,completed,6,,2026-09-28 20:24:45+00:00,2026-09-28 20:32:30+00:00,2.0
https://www.imdb.com/title/tt11152368/?ref_=sr_i_872,872. Kyoshô,completed,6,,2026-09-28 20:24:45+00:00,2026-09-28 20:32:28+00:00,2.0
https://www.imdb.com/title/tt0018021/?ref_=sr_i_873,873. Die Hölle der Jungfrauen,completed,6,,2026-09-28 20:24:45+00:00,2026-09-28 20:32:25+00:00,2.0
https://www.imdb.com/title/tt0019000/?ref_=sr_i_874,874. His Last Battle,completed,6,,2026-09-28 20:24:45+00:00,2026-09-28 20:32:22+00:00,2.0
https://www.imdb.com/title/tt0355217/?ref_=sr_i_875,875. Arya Mahila,completed,6,,2026-09-28 20:24:45+00:00,2026-09-28 20:32:19+00:00,2.0
https://www.imdb.com/title/tt0134712/?ref_=sr_i_876,876. Hearts of Men,completed,6,,2026-09-28 20:24:45+00:00,2026-09-28 20:32:16+00:00,2.0
https://www.imdb.com/title/tt7164432/?ref_=sr_i_877,877. Kôryu kekkî,completed,6,,2026-09-28 20:24:45+00:00,2026-09-28 20:32:14+00:00,2.0
https://www.imdb.com/title/tt0386014/?ref_=sr_i_878,878. The Secret of Fatouma,completed,6,,2026-09-28 20:24:45+00:00,2026-09-28 20:32:10+00:00,2.0
https://www.imdb.com/title/tt11220466/?ref_=sr_i_879,879. Sakamoto ryuma,completed,7,,2026-09-28 21:01:59+00:00,2026-09-28 21:02:19+00:00,2.0
https://www.imdb.com/title/tt0018840/?ref_=sr_i_880,880. Dog Law,completed,6,,2026-09-28 20:24:45+00:00,2026-09-28 20:31:43+00:00,2.0
https://www.imdb.com/title/tt0332295/?ref_=sr_i_881,881. Operação Cesariana,completed,6,,2026-09-28 20:24:45+00:00,2026-09-28 20:31:39+00:00,2.0
https://www.imdb.com/title/tt0018954/?ref_=sr_i_882,882. O Grande Colégio Almeida Garrett no Bussaco,completed,6,,2026-09-28 20:24:45+00:00,2026-09-28 20:31:36+00:00,2.0
https://www.imdb.com/title/tt1685502/?ref_=sr_i_883,883. Der Schulmeister vom Lichtenthal,completed,6,,2026-09-28 20:24:45+00:00,2026-09-28 20:31:33+00:00,2.0
https://www.imdb.com/title/tt0322920/?ref_=sr_i_884,884. Kangeki jidai,completed,6,,2026-09-28 20:24:45+00:00,2026-09-28 20:31:29+00:00,2.0
https://www.imdb.com/title/tt15881816/?ref_=sr_i_885,885. Sa-nai,completed,6,,2026-09-28 20:24:45+00:00,2026-09-28 20:31:27+00:00,2.0
https://www.imdb.com/title/tt0315812/?ref_=sr_i_886,886. The Battling Bookworm,completed,6,,2026-09-28 20:24:45+00:00,2026-09-28 20:31:25+00:00,2.0
https://www.imdb.com/title/tt3865028/?ref_=sr_i_887,887. Gekiryû zenpen,completed,6,,2026-09-28 20:24:45+00:00,2026-09-28 20:31:22+00:00,2.0
https://www.imdb.com/title/tt4578170/?ref_=sr_i_888,888. Master of the Range,completed,6,,2026-09-28 20:24:45+00:00,2026-09-28 20:31:20+00:00,2.0
https://www.imdb.com/title/tt10672736/?ref_=sr_i_889,889. Bonnô jigoku,completed,6,,2026-09-28 20:24:45+00:00,2026-09-28 20:31:17+00:00,2.0
https://www.imdb.com/title/tt1685579/?ref_=sr_i_890,890. Modellhaus Crevette,completed,6,,2026-09-28 20:24:45+00:00,2026-09-28 20:31:14+00:00,2.0
https://www.imdb.com/title/tt0019430/?ref_=sr_i_891,891. The Street of Illusion,completed,6,,2026-09-28 20:24:45+00:00,2026-09-28 20:31:12+00:00,2.0
https://www.imdb.com/title/tt0258611/?ref_=sr_i_892,892. Das Gesetz der schwarzen Berge,completed,6,,2026-09-28 20:24:45+00:00,2026-09-28 20:31:09+00:00,2.0
https://www.imdb.com/title/tt0450557/?ref_=sr_i_893,893. Almenrausch und Edelweiss,completed,6,,2026-09-28 20:24:45+00:00,2026-09-28 20:31:06+00:00,2.0
https://www.imdb.com/title/tt0377453/?ref_=sr_i_894,894. The Bantam Cowboy,completed,6,,2026-09-28 20:24:45+00:00,2026-09-28 20:31:03+00:00,2.0
https://www.imdb.com/title/tt21421040/?ref_=sr_i_895,895. Varachata Vidhawa,completed,6,,2026-09-28 20:24:45+00:00,2026-09-28 20:30:59+00:00,2.0
https://www.imdb.com/title/tt9350520/?ref_=sr_i_896,896. Shinpan satsumautâ,completed,6,,2026-09-28 20:24:45+00:00,2026-09-28 20:30:57+00:00,2.0
https://www.imdb.com/title/tt0019364/?ref_=sr_i_897,897. Secrets of the Range,completed,6,,2026-09-28 20:24:45+00:00,2026-09-28 20:30:54+00:00,2.0
https://www.imdb.com/title/tt0019295/?ref_=sr_i_898,898. Princess of the Dark,completed,6,,2026-09-28 20:24:45+00:00,2026-09-28 20:30:51+00:00,2.0
https://www.imdb.com/title/tt0020316/?ref_=sr_i_899,899. Red Hot Speed,completed,6,,2026-09-28 20:24:45+00:00,2026-09-28 20:30:45+00:00,2.0
https://www.imdb.com/title/tt0214183/?ref_=sr_i_900,900. Tajayali Taruni,completed,6,,2026-09-28 20:24:45+00:00,2026-09-28 20:30:43+00:00,2.0
https://www.imdb.com/title/tt0253192/?ref_=sr_i_901,901. Kumari Millche Shuddhikaran,completed,7,,2026-09-28 21:01:59+00:00,2026-09-28 21:02:16+00:00,2.0
https://www.imdb.com/title/tt0019255/?ref_=sr_i_902,902. La pata del muñeco,completed,6,,2026-09-28 20:24:45+00:00,2026-09-28 20:30:21+00:00,2.0
https://www.imdb.com/title/tt0173785/?ref_=sr_i_903,903. Dzhoy i Druzhok,completed,6,,2026-09-28 20:24:45+00:00,2026-09-28 20:30:18+00:00,2.0
https://www.imdb.com/title/tt0019204/?ref_=sr_i_904,904. The Naughty Duchess,completed,7,,2026-09-28 20:24:45+00:00,2026-09-28 20:30:10+00:00,2.0
https://www.imdb.com/title/tt3981864/?ref_=sr_i_905,905. Hakuryu odoru daiipen,completed,6,,2026-09-28 20:24:45+00:00,2026-09-28 20:30:07+00:00,2.0
https://www.imdb.com/title/tt0321709/?ref_=sr_i_906,906. The City of Youth,completed,6,,2026-09-28 20:24:45+00:00,2026-09-28 20:29:59+00:00,2.0
https://www.imdb.com/title/tt0269140/?ref_=sr_i_907,907. Ledyanoy dom,completed,6,,2026-09-28 20:24:45+00:00,2026-09-28 20:29:54+00:00,2.0
https://www.imdb.com/title/tt0239445/?ref_=sr_i_908,908. Gul Badan,completed,6,,2026-09-28 20:24:45+00:00,2026-09-28 20:29:51+00:00,2.0
https://www.imdb.com/title/tt0018814/?ref_=sr_i_909,909. Danger Street,completed,6,,2026-09-28 20:24:45+00:00,2026-09-28 20:29:48+00:00,2.0
https://www.imdb.com/title/tt0231685/?ref_=sr_i_910,910. Gulru Zarina,completed,6,,2026-09-28 20:24:45+00:00,2026-09-28 20:29:46+00:00,2.0
https://www.imdb.com/title/tt2530416/?ref_=sr_i_911,911. Fûfu,completed,6,,2026-09-28 20:24:45+00:00,2026-09-28 20:29:43+00:00,2.0
https://www.imdb.com/title/tt0396756/?ref_=sr_i_912,912. Napoli terra d'amore,completed,6,,2026-09-28 20:24:45+00:00,2026-09-28 20:29:40+00:00,2.0
https://www.imdb.com/title/tt0392219/?ref_=sr_i_913,913. Kanak Kanta,completed,6,,2026-09-28 20:24:45+00:00,2026-09-28 20:29:38+00:00,2.0
https://www.imdb.com/title/tt5138854/?ref_=sr_i_914,914. Umi ni sakebu onna,completed,6,,2026-09-28 20:24:45+00:00,2026-09-28 20:29:35+00:00,2.0
https://www.imdb.com/title/tt0449236/?ref_=sr_i_915,915. Der erste Kuß,completed,6,,2026-09-28 20:24:45+00:00,2026-09-28 20:29:33+00:00,2.0
https://www.imdb.com/title/tt9006504/?ref_=sr_i_916,916. 1928 European Grand Prix (1928 Italian Grand Prix),completed,6,,2026-09-28 20:24:45+00:00,2026-09-28 20:29:31+00:00,2.0
https://www.imdb.com/title/tt0018706/?ref_=sr_i_917,917. The Black Pearl,completed,6,,2026-09-28 20:24:45+00:00,2026-09-28 20:29:28+00:00,2.0
https://www.imdb.com/title/tt7644322/?ref_=sr_i_918,918. Joôbachi,completed,6,,2026-09-28 20:24:45+00:00,2026-09-28 20:29:25+00:00,2.0
https://www.imdb.com/title/tt0018629/?ref_=sr_i_919,919. After the Storm,completed,6,,2026-09-28 20:24:45+00:00,2026-09-28 20:29:22+00:00,2.0
https://www.imdb.com/title/tt0239945/?ref_=sr_i_920,920. Saundarya Sura,completed,6,,2026-09-28 20:24:45+00:00,2026-09-28 20:29:19+00:00,2.0
https://www.imdb.com/title/tt11479826/?ref_=sr_i_921,921. Saigo no jiken,completed,6,,2026-09-28 20:24:45+00:00,2026-09-28 20:29:15+00:00,2.0
https://www.imdb.com/title/tt9026652/?ref_=sr_i_922,922. Gaikotsû shosei,completed,6,,2026-09-28 20:24:45+00:00,2026-09-28 20:29:11+00:00,2.0
https://www.imdb.com/title/tt0152094/?ref_=sr_i_923,923. Przedwiosnie,completed,6,,2026-09-28 20:24:45+00:00,2026-09-28 20:29:09+00:00,2.0
https://www.imdb.com/title/tt0019147/?ref_=sr_i_924,924. Marriage by Contract,completed,6,,2026-09-28 20:24:45+00:00,2026-09-28 20:29:06+00:00,2.0
https://www.imdb.com/title/tt9226006/?ref_=sr_i_925,925. Hikkyokusei,completed,6,,2026-09-28 20:24:45+00:00,2026-09-28 20:29:04+00:00,2.0
https://www.imdb.com/title/tt0018636/?ref_=sr_i_926,926. The Albany Night Boat,completed,6,,2026-09-28 20:24:45+00:00,2026-09-28 20:29:02+00:00,2.0
https://www.imdb.com/title/tt3977644/?ref_=sr_i_927,927. Mange jigoko daigohen,completed,6,,2026-09-28 20:24:45+00:00,2026-09-28 20:28:59+00:00,2.0
https://www.imdb.com/title/tt0239021/?ref_=sr_i_928,928. Gul Sanovar,completed,6,,2026-09-28 20:24:45+00:00,2026-09-28 20:28:56+00:00,2.0
https://www.imdb.com/title/tt0165311/?ref_=sr_i_929,"929. Gustav Mond, Du gehst so stille",completed,6,,2026-09-28 20:24:45+00:00,2026-09-28 20:28:54+00:00,2.0
https://www.imdb.com/title/tt0018965/?ref_=sr_i_930,930. The Gun Runner,completed,6,,2026-09-28 20:24:45+00:00,2026-09-28 20:28:51+00:00,2.0
https://www.imdb.com/title/tt11686948/?ref_=sr_i_931,931. Unmei,completed,7,,2026-09-28 20:24:45+00:00,2026-09-28 20:28:49+00:00,2.0
https://www.imdb.com/title/tt0264400/?ref_=sr_i_932,932. Battling Thru,completed,6,,2026-09-28 20:24:45+00:00,2026-09-28 20:28:46+00:00,2.0
https://www.imdb.com/title/tt0215147/?ref_=sr_i_933,933. Sarala,completed,6,,2026-09-28 20:24:45+00:00,2026-09-28 20:28:43+00:00,2.0
https://www.imdb.com/title/tt9364790/?ref_=sr_i_934,934. Adauchi sanbachô,completed,6,,2026-09-28 20:24:45+00:00,2026-09-28 20:28:41+00:00,2.0
https://www.imdb.com/title/tt7166476/?ref_=sr_i_935,935. Taigan jôju,completed,6,,2026-09-28 20:24:45+00:00,2026-09-28 20:28:39+00:00,2.0
https://www.imdb.com/title/tt0392102/?ref_=sr_i_936,936. Heer Sundari,completed,6,,2026-09-28 20:24:45+00:00,2026-09-28 20:28:37+00:00,2.0
https://www.imdb.com/title/tt0406201/?ref_=sr_i_937,937. El secreto de la abuela,completed,6,,2026-09-28 20:24:45+00:00,2026-09-28 20:28:34+00:00,2.0
https://www.imdb.com/title/tt0264471/?ref_=sr_i_938,938. Chandrahasa,completed,6,,2026-09-28 20:24:45+00:00,2026-09-28 20:28:31+00:00,2.0
https://www.imdb.com/title/tt0392480/?ref_=sr_i_939,939. Namak Haram,completed,6,,2026-09-28 20:24:45+00:00,2026-09-28 20:28:29+00:00,2.0
https://www.imdb.com/title/tt10890796/?ref_=sr_i_940,940. Kanojo no chichî,completed,6,,2026-09-28 20:24:45+00:00,2026-09-28 20:28:26+00:00,2.0
https://www.imdb.com/title/tt0011715/?ref_=sr_i_941,941. Sol de gloria,completed,6,,2026-09-28 20:24:45+00:00,2026-09-28 20:28:24+00:00,2.0
https://www.imdb.com/title/tt0019458/?ref_=sr_i_942,942. Texas Tommy,completed,6,,2026-09-28 20:24:45+00:00,2026-09-28 20:28:21+00:00,2.0
https://www.imdb.com/title/tt11220552/?ref_=sr_i_943,943. Sokyô,completed,6,,2026-09-28 20:24:45+00:00,2026-09-28 20:28:18+00:00,2.0
https://www.imdb.com/title/tt3974636/?ref_=sr_i_944,944. Kanja,completed,7,,2026-09-28 21:01:59+00:00,2026-09-28 21:02:14+00:00,2.0
https://www.imdb.com/title/tt0169405/?ref_=sr_i_945,945. Love Led Them Through Life,completed,7,,2026-09-28 21:01:59+00:00,2026-09-28 21:02:11+00:00,2.0
https://www.imdb.com/title/tt9448620/?ref_=sr_i_946,946. Tenpo doroe soshi: zenpen,completed,6,,2026-09-28 20:24:45+00:00,2026-09-28 20:27:50+00:00,2.0
https://www.imdb.com/title/tt1053897/?ref_=sr_i_947,947. Nterra 'e Surriento,completed,6,,2026-09-28 20:24:45+00:00,2026-09-28 20:27:44+00:00,2.0
https://www.imdb.com/title/tt0019560/?ref_=sr_i_948,948. Die weiße Sonate,completed,6,,2026-09-28 20:24:45+00:00,2026-09-28 20:27:42+00:00,2.0
https://www.imdb.com/title/tt7955688/?ref_=sr_i_949,949. Nekketsu no kaijin,completed,6,,2026-09-28 20:24:45+00:00,2026-09-28 20:27:39+00:00,2.0
https://www.imdb.com/title/tt21441600/?ref_=sr_i_950,950. K novym beregam,completed,6,,2026-09-28 20:24:45+00:00,2026-09-28 20:27:36+00:00,2.0
https://www.imdb.com/title/tt0301323/?ref_=sr_i_951,951. Från kyffen till hälsobostäder,completed,6,,2026-09-28 20:24:45+00:00,2026-09-28 20:27:33+00:00,2.0
https://www.imdb.com/title/tt0019590/?ref_=sr_i_952,952. Woman Wise,completed,6,,2026-09-28 20:24:45+00:00,2026-09-28 20:27:30+00:00,2.0
https://www.imdb.com/title/tt0019349/?ref_=sr_i_953,953. Sally of the Scandals,completed,6,,2026-09-28 20:24:45+00:00,2026-09-28 20:27:27+00:00,2.0
https://www.imdb.com/title/tt0256855/?ref_=sr_i_954,954. Kelor Kirti,completed,6,,2026-09-28 20:24:45+00:00,2026-09-28 20:27:25+00:00,2.0
https://www.imdb.com/title/tt0019075/?ref_=sr_i_955,955. The Law and the Man,completed,6,,2026-09-28 20:24:45+00:00,2026-09-28 20:27:22+00:00,2.0
https://www.imdb.com/title/tt0342341/?ref_=sr_i_956,956. L'eruzione dell'Etna,completed,6,,2026-09-28 20:24:45+00:00,2026-09-28 20:27:19+00:00,2.0
https://www.imdb.com/title/tt0019180/?ref_=sr_i_957,957. Mosteiro dos Jerónimos,completed,6,,2026-09-28 20:24:45+00:00,2026-09-28 20:27:14+00:00,2.0
https://www.imdb.com/title/tt1948514/?ref_=sr_i_958,958. An Irish Mother,completed,6,,2026-09-28 20:24:45+00:00,2026-09-28 20:27:11+00:00,2.0
https://www.imdb.com/title/tt0018812/?ref_=sr_i_959,959. Danger Patrol,completed,6,,2026-09-28 20:24:45+00:00,2026-09-28 20:27:08+00:00,2.0
https://www.imdb.com/title/tt37528770/?ref_=sr_i_960,960. Al Maeda Al Khadraa,completed,6,,2026-09-28 20:24:45+00:00,2026-09-28 20:27:05+00:00,2.0
https://www.imdb.com/title/tt0393696/?ref_=sr_i_961,961. Sati Pingala,completed,6,,2026-09-28 20:24:45+00:00,2026-09-28 20:27:03+00:00,2.0
https://www.imdb.com/title/tt0392674/?ref_=sr_i_962,962. Rajkumar,completed,6,,2026-09-28 20:24:45+00:00,2026-09-28 20:26:53+00:00,2.0
https://www.imdb.com/title/tt0263752/?ref_=sr_i_963,963. Missiepost en de botanische tuin van Kisantu,completed,6,,2026-09-28 20:24:45+00:00,2026-09-28 20:26:50+00:00,2.0
https://www.imdb.com/title/tt0322087/?ref_=sr_i_964,964. The Drifting Kid,completed,6,,2026-09-28 20:24:45+00:00,2026-09-28 20:26:47+00:00,2.0
https://www.imdb.com/title/tt12101098/?ref_=sr_i_965,965. Kubikiri doshin,completed,6,,2026-09-28 20:24:45+00:00,2026-09-28 20:26:44+00:00,2.0
https://www.imdb.com/title/tt0019559/?ref_=sr_i_966,966. Weib in Flammen,completed,6,,2026-09-28 20:24:45+00:00,2026-09-28 20:26:42+00:00,2.0
https://www.imdb.com/title/tt21438010/?ref_=sr_i_967,967. Kapriz Ekateriny II,completed,6,,2026-09-28 20:24:45+00:00,2026-09-28 20:26:39+00:00,2.0
https://www.imdb.com/title/tt0332296/?ref_=sr_i_968,968. Operação de Estômago,completed,6,,2026-09-28 20:24:45+00:00,2026-09-28 20:26:34+00:00,2.0
https://www.imdb.com/title/tt0340346/?ref_=sr_i_969,969. Ossi hat die Hosen an,completed,6,,2026-09-28 20:24:45+00:00,2026-09-28 20:26:31+00:00,2.0
https://www.imdb.com/title/tt0241671/?ref_=sr_i_970,970. A Light Woman,completed,6,,2026-09-28 20:24:45+00:00,2026-09-28 20:26:28+00:00,2.0
https://www.imdb.com/title/tt8944038/?ref_=sr_i_971,971. Futari no onna,completed,6,,2026-09-28 20:24:45+00:00,2026-09-28 20:26:25+00:00,2.0
https://www.imdb.com/title/tt0447158/?ref_=sr_i_972,972. Fröhliche Pfalz,completed,6,,2026-09-28 20:24:45+00:00,2026-09-28 20:26:21+00:00,2.0
https://www.imdb.com/title/tt0438569/?ref_=sr_i_973,973. Vom Täter fehlt jede Spur,completed,6,,2026-09-28 20:24:45+00:00,2026-09-28 20:26:18+00:00,2.0
https://www.imdb.com/title/tt11867320/?ref_=sr_i_974,974. Uwaki ryôhô,completed,7,,2026-09-28 21:01:59+00:00,2026-09-28 21:02:09+00:00,2.0
https://www.imdb.com/title/tt0190329/?ref_=sr_i_975,975. O Crime da Mala,completed,6,,2026-09-28 20:24:45+00:00,2026-09-28 20:26:02+00:00,2.0
https://www.imdb.com/title/tt9315382/?ref_=sr_i_976,976. Menyô butaiurâ,completed,7,,2026-09-28 20:24:45+00:00,2026-09-28 20:26:00+00:00,2.0
https://www.imdb.com/title/tt1082839/?ref_=sr_i_977,"977. Hanicko, co s tebou bude?",completed,6,,2026-09-28 20:24:45+00:00,2026-09-28 20:25:56+00:00,2.0
https://www.imdb.com/title/tt0019090/?ref_=sr_i_978,978. Liebensraum,completed,6,,2026-09-28 20:24:45+00:00,2026-09-28 20:25:52+00:00,2.0
https://www.imdb.com/title/tt0019483/?ref_=sr_i_979,979. Tommy Atkins,completed,6,,2026-09-28 20:24:45+00:00,2026-09-28 20:25:49+00:00,2.0
https://www.imdb.com/title/tt26237350/?ref_=sr_i_980,980. Anarkali,completed,6,,2026-09-28 20:24:45+00:00,2026-09-28 20:25:46+00:00,2.0
https://www.imdb.com/title/tt0019350/?ref_=sr_i_981,981. Sally's Shoulders,completed,6,,2026-09-28 20:24:45+00:00,2026-09-28 20:25:44+00:00,2.0
https://www.imdb.com/title/tt0018943/?ref_=sr_i_982,982. Gloria,completed,6,,2026-09-28 20:24:45+00:00,2026-09-28 20:25:42+00:00,2.0
https://www.imdb.com/title/tt0131391/?ref_=sr_i_983,983. The Fightin' Redhead,completed,6,,2026-09-28 20:24:45+00:00,2026-09-28 20:25:38+00:00,2.0
https://www.imdb.com/title/tt0017650/?ref_=sr_i_984,984. Una aventura de cine,completed,6,,2026-09-28 20:24:45+00:00,2026-09-28 20:25:35+00:00,2.0
https://www.imdb.com/title/tt0019201/?ref_=sr_i_985,985. Name the Woman,completed,6,,2026-09-28 20:24:45+00:00,2026-09-28 20:25:32+00:00,2.0
https://www.imdb.com/title/tt10806062/?ref_=sr_i_986,986. Rengoku,completed,6,,2026-09-28 20:24:45+00:00,2026-09-28 20:25:28+00:00,2.0
https://www.imdb.com/title/tt0219017/?ref_=sr_i_987,987. The Gay Musketeer,completed,6,,2026-09-28 20:24:45+00:00,2026-09-28 20:25:26+00:00,2.0
https://www.imdb.com/title/tt21810132/?ref_=sr_i_988,988. Zsuzsánna és a vének,completed,6,,2026-09-28 20:24:45+00:00,2026-09-28 20:25:24+00:00,2.0
https://www.imdb.com/title/tt0332684/?ref_=sr_i_989,989. Lightnin' Shot,completed,6,,2026-09-28 20:24:45+00:00,2026-09-28 20:25:22+00:00,2.0
https://www.imdb.com/title/tt0019039/?ref_=sr_i_990,990. Isle of Lost Men,completed,6,,2026-09-28 20:24:45+00:00,2026-09-28 20:25:20+00:00,2.0
https://www.imdb.com/title/tt11220438/?ref_=sr_i_991,991. Rûikon,completed,6,,2026-09-28 20:24:45+00:00,2026-09-28 20:25:17+00:00,2.0
https://www.imdb.com/title/tt5138816/?ref_=sr_i_992,992. Yamahiko,completed,6,,2026-09-28 20:24:45+00:00,2026-09-28 20:25:16+00:00,2.0
https://www.imdb.com/title/tt11434380/?ref_=sr_i_993,993. Kenkyô jidai,completed,6,,2026-09-28 20:24:45+00:00,2026-09-28 20:25:14+00:00,2.0
https://www.imdb.com/title/tt0018641/?ref_=sr_i_994,994. Almas errantes,completed,6,,2026-09-28 20:24:45+00:00,2026-09-28 20:25:12+00:00,2.0
https://www.imdb.com/title/tt0239599/?ref_=sr_i_995,995. Masked Lover,completed,6,,2026-09-28 20:24:45+00:00,2026-09-28 20:25:10+00:00,2.0
https://www.imdb.com/title/tt0448523/?ref_=sr_i_996,996. Heiratsfieber,completed,6,,2026-09-28 20:24:45+00:00,2026-09-28 20:25:07+00:00,2.0
https://www.imdb.com/title/tt7775354/?ref_=sr_i_997,997. Kopf kalt: Füße warm,completed,6,,2026-09-28 20:24:45+00:00,2026-09-28 20:25:05+00:00,2.0
https://www.imdb.com/title/tt0185602/?ref_=sr_i_998,998. La perricholi,completed,6,,2026-09-28 20:24:45+00:00,2026-09-28 20:25:03+00:00,2.0
https://www.imdb.com/title/tt8765558/?ref_=sr_i_999,999. Kozaru shichinosuke,completed,6,,2026-09-28 20:24:45+00:00,2026-09-28 20:25:01+00:00,2.0
https://www.imdb.com/title/tt9311464/?ref_=sr_i_1000,1000. Kokuhaku rûten,completed,6,,2026-09-28 20:24:45+00:00,2026-09-28 20:24:57+00:00,2.0
