Title,Year,Duration,MPA,Rating,Votes,meta_score,description,Movie Link
1. The Testament of Dr. Mabuse,1933,2h 1m,Not Rated,7.9,15K,,A criminal mastermind uses hypnosis to rule the rackets after death.,https://www.imdb.com/title/tt0023563/?ref_=sr_i_1
2. King Kong,1933,1h 40m,Approved,7.9,96K,92,"A film crew goes to a tropical island for a location shoot, where they capture a colossal ape who takes a shine to their blonde starlet, and bring him back to New York City.",https://www.imdb.com/title/tt0024216/?ref_=sr_i_2
3. The Invisible Man,1933,1h 11m,Approved,7.6,44K,87,"A scientist finds a way of becoming invisible, but in doing so, he becomes murderously insane.",https://www.imdb.com/title/tt0024184/?ref_=sr_i_3
4. Duck Soup,1933,1h 9m,Approved,7.7,64K,93,"Rufus T. Firefly is named the dictator of bankrupt Freedonia and declares war on neighboring Sylvania over the love of his wealthy backer Mrs. Teasdale, contending with two inept spies who can't seem to keep straight which side they're on.",https://www.imdb.com/title/tt0023969/?ref_=sr_i_4
5. Baby Face,1933,1h 11m,Approved,7.5,9.3K,,A young woman who has been abused by men all her life decides to turn the tables and exploit her hapless colleagues at a big-city bank to make a cozy life for herself.,https://www.imdb.com/title/tt0023775/?ref_=sr_i_5
6. Alice in Wonderland,1933,1h 16m,Approved,6.3,3K,54,In Victorian England a bored young girl dreams that she has entered a fantasy world called Wonderland populated by fantastical characters.,https://www.imdb.com/title/tt0023753/?ref_=sr_i_6
7. Penthouse,1933,1h 30m,Approved,6.8,1.5K,,"A lawyer's fiancée leaves him after he defends a racketeer accused of murder, but she needs his help when her new beau is accused of killing an old flame.",https://www.imdb.com/title/tt0024435/?ref_=sr_i_7
8. Sagebrush Trail,1933,54m,Passed,5.4,1.5K,,"A man framed for murder escapes prison and goes west, where he joins a gang with the real killer involved.",https://www.imdb.com/title/tt0024516/?ref_=sr_i_8
9. Little Women,1933,1h 55m,Passed,7.1,8.6K,92,A chronicle of the lives of sisters growing up in 19th-century New England. Four sisters fight to keep their family together and find love while their father is off fighting in the Civil War.,https://www.imdb.com/title/tt0024264/?ref_=sr_i_9
10. Mystery of the Wax Museum,1933,1h 17m,Passed,6.8,7.7K,,The disappearance of people and corpses leads a reporter to a wax museum and a sinister sculptor.,https://www.imdb.com/title/tt0024368/?ref_=sr_i_10
11. Design for Living,1933,1h 31m,Passed,7.4,8.7K,,"A woman cannot decide between two men who love her, and the trio agree to try living together in a platonic friendly relationship.",https://www.imdb.com/title/tt0023940/?ref_=sr_i_11
12. Sons of the Desert,1933,1h 8m,Passed,7.5,10K,,"When Stan and Ollie trick their wives into thinking that they are taking a medicinal cruise while they're actually going to a convention, the wives find out the truth the hard way.",https://www.imdb.com/title/tt0024601/?ref_=sr_i_12
13. Cavalcade,1933,1h 52m,Approved,5.7,6.7K,73,"A portrayal of the triumphs and tragedies of two English families, the upper-crust Marryots and the working-class Bridgeses, from 1899 to 1933.",https://www.imdb.com/title/tt0023876/?ref_=sr_i_13
14. The Ghoul,1933,1h 20m,Approved,5.8,3.8K,,An Egyptologist returns from the dead to take revenge on those who have violated his tomb.,https://www.imdb.com/title/tt0024055/?ref_=sr_i_14
15. Employees' Entrance,1933,1h 15m,Passed,7.2,1.9K,,A working girl is menaced by her tyrannical employer.,https://www.imdb.com/title/tt0023986/?ref_=sr_i_15
16. The Life of Jimmy Dolan,1933,1h 28m,Approved,6.8,809,,"Prizefighter Jimmy Dolan accidentally kills someone, fleeing to a children's health farm. He bonds with the kids and caretakers, confronting his cynicism. Recognized by a detective, Jimmy must choose - escape or face responsibility.",https://www.imdb.com/title/tt0024257/?ref_=sr_i_16
17. Riders of Destiny,1933,53m,Passed,5.4,1.3K,,Loner rider Singin' Sandy Saunders rides into town to discover local ranchers are being victimized by a land-grabbing villain who controls the water supply and wants their land.,https://www.imdb.com/title/tt0024500/?ref_=sr_i_17
18. His Private Secretary,1933,1h,Passed,5.5,842,,"Dick Wallace secretly marries a minister's grand-daughter but his father, who thinks she is a gold digger, is opposed. She takes a job with the company under her maiden name to prove she's okay.",https://www.imdb.com/title/tt0024124/?ref_=sr_i_18
19. College Humor,1933,1h 20m,Passed,5.9,266,,A college professor and the school's star football player are both rivals for the same beautiful coed.,https://www.imdb.com/title/tt0023900/?ref_=sr_i_19
20. Ecstasy,1933,1h 22m,TV-MA,6.6,3.2K,,"Eva has just got married to an older gentleman. She leaves him, and one day, she meets a young man, and they fall in love. Fate brings the husband together with the young lover that has taken Eva from him.",https://www.imdb.com/title/tt0022867/?ref_=sr_i_20
21. Gambling Ship,1933,1h 12m,Passed,5.9,365,,"Tired of the dangerous life as gambling boss, Ace Corbin 'retires' from the racket and travels cross-country by train to begin a new life with a new name. On the train, he meets Eleanor and they fall in love. Eleanor is afraid to tell Ace she's a soiled dove and Ace doesn't tell Eleanor of his shady past. Old enemies won't let Ace begin his new life, and old commitments's won't free Eleanor of her sordid ties. Ace's old life and Eleanor's deception collide with the typical results. But love conquers all!",https://www.imdb.com/title/tt0024048/?ref_=sr_i_21
22. 42nd Street,1933,1h 29m,Approved,7.3,14K,83,"When the leading lady of a Broadway musical breaks her ankle, she is replaced by a young unknown actress, who becomes the star of the show.",https://www.imdb.com/title/tt0024034/?ref_=sr_i_22
23. Deluge,1933,1h 10m,,6.4,909,,"A massive earthquake strikes the United States, which destroys the West Coast and unleashes a massive flood that threatens to destroy the East Coast as well.",https://www.imdb.com/title/tt0023938/?ref_=sr_i_23
24. Dancing Lady,1933,1h 32m,Approved,6.8,2.9K,,An attractive dancer is rescued from jail by a rich man who helps her to have her first big opportunity at a musical play on Broadway.,https://www.imdb.com/title/tt0023926/?ref_=sr_i_24
25. I'm No Angel,1933,1h 27m,Passed,6.9,4.4K,,Circus performer Tira seeks a better life pursuing the company of wealthy New York men with improbable comic complications along the way.,https://www.imdb.com/title/tt0024166/?ref_=sr_i_25
26. Gold Diggers of 1933,1933,1h 37m,Passed,7.7,10K,,"A wealthy composer rescues unemployed Broadway performers with a new play, but insists on remaining anonymous.",https://www.imdb.com/title/tt0024069/?ref_=sr_i_26
27. Dinner at Eight,1933,1h 51m,Approved,7.5,9.8K,,"As an aspiring New York socialite prepares to host a lavish dinner party, her guests find themselves consumed by a tangle of business, romantic, and personal crises.",https://www.imdb.com/title/tt0023948/?ref_=sr_i_27
28. Footlight Parade,1933,1h 44m,G,7.5,6.7K,80,"Chester Kent struggles against time, romance, and a rival's spy to produce spectacular live ""prologues"" for movie houses.",https://www.imdb.com/title/tt0024028/?ref_=sr_i_28
29. Queen Christina,1933,1h 39m,Approved,7.5,9.4K,,"Queen Christina of Sweden is a popular monarch who is loyal to her country. However, when she falls in love with a Spanish envoy, she must choose between the throne and the man she loves.",https://www.imdb.com/title/tt0024481/?ref_=sr_i_29
30. The Private Life of Henry VIII,1933,1h 37m,Approved,7.0,5.5K,,King Henry VIII marries five more times after his divorce from his first wife Catherine of Aragon.,https://www.imdb.com/title/tt0024473/?ref_=sr_i_30
31. Ladies They Talk About,1933,1h 9m,Approved,6.6,2.3K,,"Attractive Nan, member of a bank-robbery gang, goes to prison thanks to evangelist Dave Slade...who loves her.",https://www.imdb.com/title/tt0024238/?ref_=sr_i_31
32. Flying Down to Rio,1933,1h 29m,Passed,6.6,4.4K,72,A bandleader woos a Latin flame who is already engaged to his employer.,https://www.imdb.com/title/tt0024025/?ref_=sr_i_32
33. The Story of Temple Drake,1933,1h 10m,Not Rated,7.1,2.2K,,"A wealthy but neurotic Southern belle finds herself trapped in the hideout of a gang of vicious bootleggers. The gang's leader lusts after her, and is determined not to let anything stand in the way of his having her.",https://www.imdb.com/title/tt0024617/?ref_=sr_i_33
34. Bombshell,1933,1h 36m,Passed,7.1,3.5K,81,"A glamorous film star rebels against the studio, her pushy press agent and a family of hangers-on.",https://www.imdb.com/title/tt0023825/?ref_=sr_i_34
35. She Done Him Wrong,1933,1h 6m,Passed,6.3,7.7K,,"In the Gay Nineties, a seductive nightclub singer contends with several suitors, including a jealous escaped convict and a handsome temperance league member.",https://www.imdb.com/title/tt0024548/?ref_=sr_i_35
36. Lady for a Day,1933,1h 36m,Approved,7.4,5.3K,,"A gangster tries to make Apple Annie, the Times Square apple seller, a lady for a day.",https://www.imdb.com/title/tt0024240/?ref_=sr_i_36
37. The Kennel Murder Case,1933,1h 13m,Approved,6.8,4.7K,,"Philo Vance, accompanied by his prize-losing Scottish terrier, investigates the locked-room murder of a prominent and much-hated collector whose broken Chinese vase provides an important clue.",https://www.imdb.com/title/tt0024210/?ref_=sr_i_37
38. Son of Kong,1933,1h 10m,Passed,5.6,5.8K,50,"The showman who brought Kong to New York returns to Skull Island and finds Kong's son, a spunky 12-footer with a winning personality and his dad's awesome strength.",https://www.imdb.com/title/tt0024593/?ref_=sr_i_38
39. Morning Glory,1933,1h 14m,Passed,6.4,3.6K,,"When a naively innocent, aspiring actress arrives on the Broadway scene, she is taken under the wing of several theater veterans who mentor her to ultimate success.",https://www.imdb.com/title/tt0024353/?ref_=sr_i_39
40. The Vampire Bat,1933,1h 5m,Passed,5.8,3.4K,,"When corpses drained of blood begin to show up in a European village, vampirism is suspected to be responsible.",https://www.imdb.com/title/tt0024727/?ref_=sr_i_40
41. Lady Killer,1933,1h 16m,Passed,7.0,2.3K,,"A former gangster makes it big in Hollywood, but his old life catches up with him.",https://www.imdb.com/title/tt0024239/?ref_=sr_i_41
42. Private Detective 62,1933,1h 6m,Approved,6.7,1.3K,,A down-and-out private eye falls for a woman he has been hired to frame.,https://www.imdb.com/title/tt0024471/?ref_=sr_i_42
43. Zero de Conduite,1933,49m,Not Rated,7.2,10K,,"In a repressive boarding school with rigid rules of behavior, four boys decide to rebel against the direction on a celebration day.",https://www.imdb.com/title/tt0024803/?ref_=sr_i_43
44. The Mayor of Hell,1933,1h 30m,Approved,6.9,2.1K,,A political appointee with a checkered past tries to institute constructive changes as the deputy commissioner at a cruel reform school but gets pushback from a sadistic warden and a suspicious judge who doesn't trust his motives.,https://www.imdb.com/title/tt0024314/?ref_=sr_i_44
45. To the Last Man,1933,1h 14m,Approved,6.3,751,,"In Kentucky just after the Civil War, the Hayden-Colby feud leads to Jed Colby being sent to prison for 15 years for murder. The Haydens head for Nevada and when Colby gets out of prison he heads there also seeking revenge. The head of the Hayden family tries to avoid more killing but the inevitable showdown has to occur, complicated by Lynn Hayden and Ellen Colby's plans to marry.",https://www.imdb.com/title/tt0024674/?ref_=sr_i_45
46. The Working Man,1933,1h 18m,Passed,7.2,1.5K,,"The vacationing head of a successful shoe company is placed as his rival's trustee, unbeknownst to them.",https://www.imdb.com/title/tt0024785/?ref_=sr_i_46
47. Heroes for Sale,1933,1h 16m,Approved,7.3,2.7K,,A veteran fights drug addiction to make his way in the business world.,https://www.imdb.com/title/tt0024115/?ref_=sr_i_47
48. When Ladies Meet,1933,1h 25m,Passed,6.8,1.3K,,"Mary, a writer working on a novel about a love triangle, is attracted to her publisher. Her suitor Jimmy is determined to break them up; he introduces Mary to the publisher's wife without telling Mary who she is.",https://www.imdb.com/title/tt0024763/?ref_=sr_i_48
49. A Shriek in the Night,1933,1h 6m,Unrated,5.3,1.2K,,Pat Morgan and Ted Kord are rival newspaper reporters always trying to outscoop each other. They join together to solve a series of murders being committed in an apartment building.,https://www.imdb.com/title/tt0024554/?ref_=sr_i_49
50. Christopher Strong,1933,1h 18m,Approved,6.3,1.9K,,A famous female flier and a member of Parliament drift into a potentially disastrous affair.,https://www.imdb.com/title/tt0023891/?ref_=sr_i_50
51. Roman Scandals,1933,1h 32m,Approved,6.6,928,,"A kind-hearted young man is thrown out of his corrupt hometown of West Rome, Oklahoma. He falls asleep and dreams that he is back in the days of old Rome, where he gets mixed up with court intrigue and a murder plot against the Emperor.",https://www.imdb.com/title/tt0024507/?ref_=sr_i_51
52. The Keyhole,1933,1h 9m,Passed,6.4,870,,"A woman (Kay Francis) with two husbands (Monroe Owsley, Henry Kolker) tries to divorce one of them by heading down to Havana where things get more complicated.",https://www.imdb.com/title/tt0024211/?ref_=sr_i_52
53. Counsellor at Law,1933,1h 22m,Approved,7.5,1.7K,,A successful attorney has his Jewish heritage and poverty-stricken background brought home to him when he learns that his wife has been unfaithful.,https://www.imdb.com/title/tt0023911/?ref_=sr_i_53
54. Picture Snatcher,1933,1h 17m,Not Rated,7.0,2.1K,,"Danny Kean, a former inmate, pursues photography and romance with Patricia, whose father initially disapproves. A ethical dilemma strains their bond until Kean confronts his criminal past.",https://www.imdb.com/title/tt0024450/?ref_=sr_i_54
55. Dragnet Girl,1933,1h 40m,,6.9,1.3K,78,A gangster tries to find redemption with the inadvertent help of an innocent shop girl and his jealous girlfriend will do anything to keep him.,https://www.imdb.com/title/tt0024120/?ref_=sr_i_55
56. A Study in Scarlet,1933,1h 12m,Passed,5.6,1.4K,,Holmes and Watson investigate a secret society with members who keep dying.,https://www.imdb.com/title/tt0024625/?ref_=sr_i_56
57. Female,1933,1h,Passed,6.7,2.1K,,"Alison Drake, the tough-minded executive of an automobile factory, succeeds in the man's world of business until she meets an independent design engineer.",https://www.imdb.com/title/tt0024008/?ref_=sr_i_57
58. Murders in the Zoo,1933,1h 2m,Approved,6.4,2.1K,,A monomaniacal zoologist is pathologically jealous of his beautiful but unfaithful wife Evelyn and will not stop short of murder to keep her.,https://www.imdb.com/title/tt0024360/?ref_=sr_i_58
59. The Sin of Nora Moran,1933,1h 5m,Passed,6.7,1.1K,,"A young woman with a difficult past is sentenced for a murder she didn't commit, but revealing the truth could hurt people she loves.",https://www.imdb.com/title/tt0024561/?ref_=sr_i_59
"60. Elmer, the Great",1933,1h 12m,Approved,6.0,693,,"Country bumpkin Elmer Kane joins the Chicago Cubs as the greatest hitter in baseball. His skill with a bat takes the team to the World Series, but on the way to the championship he has to deal with gamblers and crooked pitchers.",https://www.imdb.com/title/tt0023982/?ref_=sr_i_60
61. International House,1933,1h 8m,Passed,6.9,1.7K,,Assorted wacky characters converge on a Chinese hotel to bid on a new invention: television.,https://www.imdb.com/title/tt0024183/?ref_=sr_i_61
62. State Fair,1933,1h 39m,Approved,6.6,1.3K,,"An Iowa family finds adventure, love, and heartbreak when they spend a week at the state fair.",https://www.imdb.com/title/tt0024610/?ref_=sr_i_62
63. Only Yesterday,1933,1h 45m,Passed,7.2,494,,"A one-night fling during World War I results in a young girl getting pregnant. Years later, she meets him again. Now a successful businessman, he doesn't even remember her, but tries to seduce her.",https://www.imdb.com/title/tt0024418/?ref_=sr_i_63
64. Meet the Baron,1933,1h 8m,Passed,5.6,353,,"The famous Baron Munchausen dumps two dimwits in the African jungle. A rescue team mistakes one of them for the missing Baron, and returns them to the US, where they're greeted as heroes. While giving a speech at a college, the ""Baron"" falls for a pretty girl, gets tangled up with a trio of nutty janitors and faces being exposed as a phony.",https://www.imdb.com/title/tt0024320/?ref_=sr_i_64
65. Passing Fancy,1933,1h 40m,,7.2,1.6K,,Two Tokyo co-workers come across a destitute young lady in search of a place to live.,https://www.imdb.com/title/tt0023937/?ref_=sr_i_65
66. Man's Castle,1933,1h 18m,Approved,7.1,2.2K,,"Charming vagabond Bill takes young, unemployed Trina into his depression camp cabin. Later, just as he convinces showgirl Fay La Rue to support him, Trina discovers she's pregnant.",https://www.imdb.com/title/tt0024302/?ref_=sr_i_66
67. Der Sieg des Glaubens,1933,1h 1m,,6.2,2K,,"Der Sieg des Glaubens (English: The Victory of Faith, Victory of Faith, or Victory of the Faith) (1933) is the first propaganda film directed by Leni Riefenstahl. Her film recounts the Fifth Party Rally of the Nazi Party, which occurred in Nuremberg from 30 August to 3 September 1933. The film is of great historic interest because it shows Adolf Hitler and Ernst Röhm on close and intimate terms, before Röhm was shot on the orders of Hitler on the Night of the Long Knives in July 1934. All known copies of the film were destroyed on Hitler's orders, and it was considered lost until a copy turned up in the 1990s in the United Kingdom",https://www.imdb.com/title/tt0156078/?ref_=sr_i_67
68. The Eagle and the Hawk,1933,1h 13m,TV-PG,7.0,1.6K,,The pilots of a Royal Air Force squadron in World War I face not only physical but mental dangers in their struggle to survive while fighting the enemy.,https://www.imdb.com/title/tt0023973/?ref_=sr_i_68
69. Topaze,1933,1h 18m,Approved,6.7,1.2K,,"An honest and naive schoolteacher gets a lesson in how the world works outside the classroom, when a rich Baron and his mistress use the teacher's name and outstanding reputation in a crooked business scheme.",https://www.imdb.com/title/tt0024684/?ref_=sr_i_69
70. Berkeley Square,1933,1h 28m,Passed,6.5,1.1K,,"A young American man comes to believe that he can will himself back to London in the time of the American Revolution and meet his ancestors, who lived in the house he has just inherited.",https://www.imdb.com/title/tt0023794/?ref_=sr_i_70
71. Elysia (Valley of the Nude),1933,46m,TV-MA,5.5,229,,A reporter is assigned to write an article on a nudist camp.,https://www.imdb.com/title/tt0162304/?ref_=sr_i_71
72. Night of Terror,1933,1h 5m,Approved,5.5,1K,,"The heirs to a family fortune are required to attend a seance at the spooky old family mansion. However, throughout the night members of the family are being killed off one by one.",https://www.imdb.com/title/tt0024382/?ref_=sr_i_72
73. Night Flight,1933,1h 24m,Passed,6.1,1.1K,,"Polio breaks out in Rio de Janeiro, the serum is in Santiago and there's only one way to get the medicine where it's desperately needed: flown in by daring pilots who risk the treacherous weather and forbidding peaks of the Andes.",https://www.imdb.com/title/tt0024381/?ref_=sr_i_73
74. The Devil's Brother,1933,1h 30m,Passed,7.0,2.2K,,Two wannabe bandits join the service of a dashing nobleman who secretly masquerades as notorious outlaw Fra Diavolo.,https://www.imdb.com/title/tt0023943/?ref_=sr_i_74
75. The Kiss Before the Mirror,1933,1h 9m,Approved,6.5,831,,"When a famous doctor kills his adulterous wife, he is defended by his best friend, an attorney who suspects that his own wife is having an affair.",https://www.imdb.com/title/tt0024222/?ref_=sr_i_75
76. The Three Musketeers,1933,3h 30m,Passed,5.2,541,,"Tom Wayne rescues Clancy, Renard and Schmidt in the Arabian desert and they join him in going after El Shaitan, a bad guy who is never seen as he tries to wipe out the Foreign Legion.",https://www.imdb.com/title/tt0024663/?ref_=sr_i_76
77. The Emperor Jones,1933,1h 12m,Approved,6.4,1.4K,,Adaptation of Eugene O'Neill's play about a fragile Black man who becomes the ruler of a West Indian island.,https://www.imdb.com/title/tt0023985/?ref_=sr_i_77
78. Ex-Lady,1933,1h 7m,Unrated,6.4,1.8K,,"Although free spirit Helen Bauer does not believe in marriage, she consents to marry Don, but his infidelities cause her to also take on a lover.",https://www.imdb.com/title/tt0023993/?ref_=sr_i_78
79. Today We Live,1933,1h 53m,Approved,5.9,1.6K,,"During WWI, two officers, one a pilot and the other in the navy, compete for the same beautiful young woman.",https://www.imdb.com/title/tt0024675/?ref_=sr_i_79
80. Turn Back the Clock,1933,1h 19m,Not Rated,6.7,628,,"Joe and Mary barely get by with their tobacco store. After an old friend returns now married to wealthy Elvina, Joe wishes he married her instead when he had the chance. Will he be happy when his wish comes true?",https://www.imdb.com/title/tt0024704/?ref_=sr_i_80
81. The Bowery,1933,1h 32m,Passed,6.8,713,,"In New York's Bowery during the Gay Nineties, a saloon owner and a rebel share a rivalry.",https://www.imdb.com/title/tt0023838/?ref_=sr_i_81
82. Playing at Love,1933,1h 28m,Not Rated,7.5,1.7K,,"Vienna in the beginning of the twentieth century. Cavalry Lieutenant Fritz Lobheimer is about to end his affair with Baroness Eggerdorff when he meets the young Christine, the daughter of an opera violinist. Baron Eggerdorff however soon hears of his past misfortune...",https://www.imdb.com/title/tt0024252/?ref_=sr_i_82
83. Midnight Mary,1933,1h 14m,Passed,7.0,1.9K,,An abused orphan sinks into a life of crime.,https://www.imdb.com/title/tt0024334/?ref_=sr_i_83
84. The Power and the Glory,1933,1h 16m,Approved,6.6,794,,The tragic life story of a power-hungry industrialist is recounted in the aftermath of his death.,https://www.imdb.com/title/tt0024465/?ref_=sr_i_84
85. Supernatural,1933,1h 5m,Approved,6.2,1.2K,,"A serial black widow murderess returns to life in the body of a young woman to exact revenge on a former lover, a phony spiritualist who betrayed her.",https://www.imdb.com/title/tt0024631/?ref_=sr_i_85
86. Wild Boys of the Road,1933,1h 8m,Approved,7.5,2.7K,,"In the depths of the Depression, two teenage boys strike out on their own in order to help their struggling parents and find life on the road tougher than expected.",https://www.imdb.com/title/tt0024772/?ref_=sr_i_86
87. Perfect Understanding,1933,1h 20m,Not Rated,5.6,809,,A young couple decide to marry under the condition that they agree never to disagree. That agreement is soon put to the test when the husband finds himself attracted to a beautiful young woman.,https://www.imdb.com/title/tt0024436/?ref_=sr_i_87
88. A Man's Head,1933,1h 30m,,7.1,779,,"Willy is broke and his mistress always wants more money. A stranger in a pub agrees to murder his aunt, but everything will not go as planned. Maigret will try to separate fact and fiction.",https://www.imdb.com/title/tt0024710/?ref_=sr_i_88
89. Secret of the Blue Room,1933,1h 6m,Approved,6.4,1.4K,,"Twenty years after 3 murders occur in a castle's ""blue room"", three men who each want to marry a beautiful girl decide to spend a night in the room to prove their bravery to her.",https://www.imdb.com/title/tt0024538/?ref_=sr_i_89
90. Voltaire,1933,1h 12m,Approved,6.4,296,,"Voltaire criticizes King Louis XV's treatment of citizens despite his loyalty. Protected by Madame de Pompadour, he shelters Calas's daughter after her father's unjust execution. Count de Sarnac plots against the outspoken philosopher.",https://www.imdb.com/title/tt0024742/?ref_=sr_i_90
91. Gabriel Over the White House,1933,1h 26m,Passed,6.4,1.6K,,A political hack becomes President during the height of the Depression and undergoes a metamorphosis into an incorruptible statesman after a near-fatal accident.,https://www.imdb.com/title/tt0024044/?ref_=sr_i_91
92. Pilgrimage,1933,1h 36m,Approved,7.2,928,,A possessive mother pushes her son into World War I service rather than see him get married.,https://www.imdb.com/title/tt0024453/?ref_=sr_i_92
93. Tarzan the Fearless,1933,1h 26m,Passed,4.8,909,,"Mary Brooks' father, who has been studying ancient tribes, falls into the hands of the people of Zar, god of the Emerald Fingers. Tarzan helps Mary locate her father, rescues everyone from the High Priest of Zar and takes Mary to his cave.",https://www.imdb.com/title/tt0024645/?ref_=sr_i_93
94. Going Hollywood,1933,1h 18m,Passed,6.1,2K,,A love-struck teacher pursues a radio singer to Hollywood.,https://www.imdb.com/title/tt0024067/?ref_=sr_i_94
95. Torch Singer,1933,1h 11m,Passed,6.7,922,,"When she can't support her illegitimate child, an abandoned young woman puts her up for adoption and pursues a career as a torch singer.",https://www.imdb.com/title/tt0024685/?ref_=sr_i_95
96. I Cover the Waterfront,1933,1h 12m,Approved,6.1,866,,An investigative reporter romances a suspected smuggler's daughter.,https://www.imdb.com/title/tt0024151/?ref_=sr_i_96
97. Bureau of Missing Persons,1933,1h 13m,Passed,6.5,1.5K,,"A sweet blonde goes to the police looking for her missing husband. When it turns out her husband is both a murder victim and a bachelor - and that the blonde is suspect #1, tough cop Butch Saunders comes up with a scheme to crack the case.",https://www.imdb.com/title/tt0023856/?ref_=sr_i_97
98. The Prizefighter and the Lady,1933,1h 42m,Approved,6.3,1.2K,,An ex-sailor turned boxer finds romance and gets a shot at the heavyweight title.,https://www.imdb.com/title/tt0024475/?ref_=sr_i_98
99. Parachute Jumper,1933,1h 12m,Passed,6.4,1.4K,,"To share expenses, unemployed Alabama moves in with also unemployed Bill and Toodles. Bill is hired by a gangster's mistress and ultimately becomes the gangster's bodyguard. Alabama unknowingly applies for a stenographer's job at Mr. Weber's (the gangster's) business. Bill is forced to fly a plane carrying narcotics into the U.S. but fights back.",https://www.imdb.com/title/tt0024426/?ref_=sr_i_99
100. Victor and Victoria,1933,1h 24m,,6.9,662,,"Aspiring singer Susanne takes over for ham actor Viktor at a small cabaret in Berlin where he works a woman impersonator and per chance she's discovered by an agent, who thinks that she really is a man. She becomes famous, but her situation becomes troublesome when she falls in love with Robert.",https://www.imdb.com/title/tt0024736/?ref_=sr_i_100
101. Rafter Romance,1933,1h 13m,Approved,6.7,994,,"A man and a woman share an apartment on a shift basis, never seeing each other; she dislikes him until they actually meet.",https://www.imdb.com/title/tt0024484/?ref_=sr_i_101
102. Spy 77,1933,1h 29m,Approved,5.9,83,,"Against a background of secret service intrigue during the World War, the romance of an Italian woman spy and an Austrian officer rather unfortunately ends in tragedy, as the Austrian officer does his duty for his country.",https://www.imdb.com/title/tt0028299/?ref_=sr_i_102
103. The King's Vacation,1933,1h 1m,Approved,6.9,288,,"A king finds himself with no purpose in his reign, abdicates his throne to return to the wife and child he left many years ago when he was called to duty to be the king of his country.",https://www.imdb.com/title/tt0024221/?ref_=sr_i_103
104. Our Flags Lead Us Forward,1933,1h 27m,,5.5,1.9K,,"In the depths of the Great Depression and in the waning days of the crumbling Weimar Republic, a poor Berlin youth is torn between loyalty to his unemployed Communist father and his ever-growing fascination of the Hitler Youth movement.",https://www.imdb.com/title/tt0024127/?ref_=sr_i_104
105. Infernal Machine,1933,1h 5m,,6.8,19,,"A bomb is hidden on an ocean liner, but nobody on board is aware of its presence.",https://www.imdb.com/title/tt0024180/?ref_=sr_i_105
106. Blondie Johnson,1933,1h 7m,Passed,6.7,933,,The story of a Depression-downtrodden waif who uses her brains instead of her body to rise from tyro con artist to crime boss.,https://www.imdb.com/title/tt0023817/?ref_=sr_i_106
107. Eskimo,1933,1h 57m,Passed,6.9,669,,The happy life of an Eskimo is disastrously changed when he mingles with an unscrupulous white trader.,https://www.imdb.com/title/tt0023990/?ref_=sr_i_107
108. Don Quixote,1933,1h 13m,Not Rated,6.5,430,,"In Spain, in the sixteenth century, an elderly gentleman named Don Quixote has gone mad from reading too many books on chivalry. Proclaiming himself a knight, he sets out with his squire, Sancho Panza, to reform the world and revive the age of chivalry, choosing a slut to be his noble lady Dulcinea. He mistakes inns for castles, a play about chivalry for the real thing, flocks of sheep for armies, convicts for wronged prisoners, and windmills for giants. While he and Sancho are off on their adventures, his niece, her fiancee, and the local priest think up a strategy to get him back home.",https://www.imdb.com/title/tt0023956/?ref_=sr_i_108
109. The Little Giant,1933,1h 16m,Approved,7.0,1.5K,,"When Prohibition ends, a beer baron sees the writing on the wall, quits the rackets, and tries to break into California society.",https://www.imdb.com/title/tt0024262/?ref_=sr_i_109
110. White Woman,1933,1h 8m,Approved,6.1,484,,"Singer Judith marries Prin, owner of a rubber plantation. Arriving at his estate in Malaysia, she finds out that he is cruel, vicious and insanely jealous. It doesn't help that she is courted by David, the plantation's overseer.",https://www.imdb.com/title/tt0024771/?ref_=sr_i_110
111. Woman of Tokyo,1933,47m,,7.0,1.2K,,"Ryoichi and Chikako are brother and sister. They live together. Chikako works during the day in an office and at night she prostitutes herself to fund her brother's studies at the university. Ryoichi doesn't know about his sister's secret life, but he is dating Harue whose brother is a policeman.",https://www.imdb.com/title/tt0024676/?ref_=sr_i_111
112. King of the Wild Horses,1933,1h 2m,Passed,,,,"In an attempt to steal thousands of horses from a Navajo tribe in Arizona, outlaw Clint Bolling pretends to be a government inspector assigned to weed out the tribe's diseased animals. Bolling's forged documents allow him and his gang access to the herd, which is led by the magnificent stallion ""Rex."" While Bolling trains his horse, ""Marquis,"" to lead the horses into a trap, the Indians hold a high council to celebrate the coming of age of Red Wolf. Big Man, Red Wolf's father, was once the most celebrated member of the tribe, and he decides that in order to prove his manhood, his son must capture and tame Rex. Red Wolf trails Rex into the desert and finally captures him in quicksand. Red Wolf becomes obsessed with training the beautiful animal, and even forgets Wanima, the beautiful maiden who loves him. Desperate to get rid of Rex so that Marquis can take control of the herd, Bolling goes to the corral under the pretense of inspecting Rex's health, although he really intends to kill him. Bolling torments the spirited animal until Rex, filled with hatred, escapes in pursuit of Bolling after the impostor is forced to leave the corral. News arrives from Washington that Bolling is a fake, and the tribe also searches for him. As they arrive at his hiding place, Marquis is leading the horses into a trap, but Rex suddenly appears. After a desperate fight with Marquis, Rex kills the other horse and sends his herd to safety. Rex then finds Bolling cowering in a crevice and tramples him with his hooves. Red Wolf proudly ties Rex beside Wanima's hogan, thereby indicating that the couple is engaged, and Wanima's father and Big Man begin bargaining over whether the dowry shall be forty or fifty sheep.",https://www.imdb.com/title/tt0196676/?ref_=sr_i_112
113. The House on 56th Street,1933,1h 8m,Approved,6.5,804,,"Peggy Martin chooses to marry young, wealthy Monty, who she loves. They have a child together and an amazing relationship...until Peggy visits her ailing ex-boyfriend, Fiske, who threatens to commit suicide if she won't take him back.",https://www.imdb.com/title/tt0024144/?ref_=sr_i_113
114. Somewhere in Sonora,1933,59m,Approved,5.4,517,,"John Bishop discovers a plot to rob a silver mine belonging to his girlfriend Mary's father and, to foil the evildoers, he joins them.",https://www.imdb.com/title/tt0024592/?ref_=sr_i_114
115. Lilly Turner,1933,1h 5m,Passed,6.4,633,,"A carnival magician deserts his wife when he finds out she's pregnant. She then marries the carnival's barker, but finds herself attracted to a young engineer.",https://www.imdb.com/title/tt0024258/?ref_=sr_i_115
116. In the Wake of the Bounty,1933,1h 6m,,4.8,398,,A former member of the crew of the HMS Bounty recounts the story of the mutiny aboard ship.,https://www.imdb.com/title/tt0024176/?ref_=sr_i_116
117. This Day and Age,1933,1h 26m,Passed,6.3,274,,High school students band together to dispense vigilante justice against a vicious gangland boss.,https://www.imdb.com/title/tt0024656/?ref_=sr_i_117
118. Captured!,1933,1h 9m,Passed,6.5,510,,"A British prisoner of war becomes imprisoned alongside his best friend from home, unaware that while he was captured, the friend began an affair with his wife.",https://www.imdb.com/title/tt0023872/?ref_=sr_i_118
119. She Had to Say Yes,1933,1h 5m,Unrated,6.0,600,,"In the depth of the Depression, Sol Glass has the idea that the girls in the stenographic department should be used to entertain the clients. It seems that the clients are tiring of the regular hard-and-fast women, and this would be a change that would allow the girls to go out to dinners and see shows. Tom does not want his fiancée Flo, to go out with clients--until he needs her to close a contract with Daniel. After that, she finds that Tom is two-timing her with Birdie, so she goes out again with Daniel. Everything is going well for a time until Daniel needs her to close a contract with Haines.",https://www.imdb.com/title/tt0024549/?ref_=sr_i_119
120. The Crying Woman,1933,1h 13m,,5.6,470,,"In modern Mexico, a malevolent spirit targets a family, linking tragic past events of abandoned, infanticidal mothers to a possessed intruder's attempt to sacrifice their son.",https://www.imdb.com/title/tt0024266/?ref_=sr_i_120
121. The Big Cage,1933,1h 22m,Approved,5.7,76,,A circus on the verge of bankruptcy decides to save itself by staging a animal act with lions and tigers for the first time.,https://www.imdb.com/title/tt0023807/?ref_=sr_i_121
122. One Sunday Afternoon,1933,1h 25m,Passed,6.3,782,,"Middle-aged dentist Biff Grimes reminisces about his unrequited love for beautiful Virginia Brush and her husband Hugo, his ex-friend, who betrayed him.",https://www.imdb.com/title/tt0024414/?ref_=sr_i_122
123. The Silver Cord,1933,1h 14m,Passed,6.9,665,,A domineering matriarch is less than happy when her son brings home his new bride. She immediately sets to work at sabotaging their marriage as well as the engagement of her younger and weaker son.,https://www.imdb.com/title/tt0024560/?ref_=sr_i_123
124. The Crime of the Century,1933,1h 13m,Passed,6.6,274,,"A doctor who is also a ""mentalist"" confesses to a murder. The only problem is that the murder he's confessed to hasn't happened yet--although dead bodies are now starting to turn up all over the place. A reporter sets out to solve the ""mystery"".",https://www.imdb.com/title/tt0023918/?ref_=sr_i_124
125. Hold Your Man,1933,1h 27m,Passed,6.9,2K,,A woman is sent to a reformatory when her con artist lover flees after killing a man during a botched blackmail scheme.,https://www.imdb.com/title/tt0024130/?ref_=sr_i_125
126. Hard to Handle,1933,1h 18m,Approved,6.6,1.1K,,"Small time con artist Lefty Merrill has co-organized a crooked dance marathon and set up his girlfriend to win the prize money. When his partner disappears with money before the contest is over, he's forced to come up with a series of cons to help pay it back.",https://www.imdb.com/title/tt0024090/?ref_=sr_i_126
127. Girl Missing,1933,1h 9m,Approved,6.7,586,,Two sassy gold-diggers stranded in Palm Beach become involved in the case of a fellow chorine who goes missing on her wedding night.,https://www.imdb.com/title/tt0024062/?ref_=sr_i_127
128. Tomorrow at Seven,1933,1h 2m,Passed,5.6,469,,"People in an old, dark mansion are menaced by a maniac called ""The Black Ace.""",https://www.imdb.com/title/tt0024679/?ref_=sr_i_128
129. July 14,1933,1h 26m,,6.9,533,,"Jean is a young cab driver. Anna, a flower-girl neighbour, is in love with him. But he is still thinking to Pola, who just left him. Jean asks her to the bal. Many events (Pola's come back, two villains...) will disturb this arising love.",https://www.imdb.com/title/tt0024480/?ref_=sr_i_129
130. The Song of Songs,1933,1h 30m,Approved,6.8,1.2K,,Lily falls in love with the sculptor who leaves her out of fear of commitment.,https://www.imdb.com/title/tt0024598/?ref_=sr_i_130
131. The Sphinx,1933,1h 4m,Passed,5.6,609,,"A man known to be a mute is suspected of committing a murder, as he was noticed at the scene. However, witnesses saw and heard him talking as he was leaving the scene of the crime. The police must determine if he is the actual killer or if he is being framed.",https://www.imdb.com/title/tt0024605/?ref_=sr_i_131
132. Luxury Liner,1933,1h 10m,,6.5,174,,"Having tracked down his estranged wife, an obsessed husband gets himself appointed as the ship's doctor on a cross-Atlantic luxury liner in order to confront her and the millionaire with whom she has ran away with. The film chronicles this love triangle along with the lives of a group of people travelling down in steerage on their way to New York to make new lives for themselves.",https://www.imdb.com/title/tt0024281/?ref_=sr_i_132
133. The Ghost Camera,1933,1h 6m,,6.2,651,,"Photograph taken at murder scene, camera tossed from castle lands in chemist John Gray's car. After developing film, he becomes amateur sleuth seeking woman in photograph, investigating murder as evidence.",https://www.imdb.com/title/tt0024054/?ref_=sr_i_133
134. Oliver Twist,1933,1h 20m,Passed,5.1,449,,"An orphan boy in 1830s London is abused in a workhouse, then falls into the clutches of a gang of thieves.",https://www.imdb.com/title/tt0024405/?ref_=sr_i_134
135. Goodbye Again,1933,1h 6m,Passed,6.3,740,,Flirtatious mix-ups abound when a celebrated novelist tangles with an old flame and her befuddled husband in Cleveland. Will his savvy secretary save his neck if she is secretly in love with him also?,https://www.imdb.com/title/tt0024075/?ref_=sr_i_135
136. Pick-up,1933,1h 16m,,6.7,266,,"The scheme of a pair of married con artists goes awry when their victim dies, and they are both caught and imprisoned. When she gets out of prison, she tries to put her life back together.",https://www.imdb.com/title/tt0024448/?ref_=sr_i_136
137. Perils of Pauline,1933,3h 51m,Passed,5.8,160,,A famous scientist and his beautiful daughter travel to Indochina to find an ivory disc that has the formula for a deadly gas engraved on it. An evil doctor and his gang are also looking for it.,https://www.imdb.com/title/tt0025644/?ref_=sr_i_137
138. Damaged Lives,1933,1h 10m,Passed,4.8,323,,An extramarital affair leads to a young couple contracting venereal disease.,https://www.imdb.com/title/tt0028755/?ref_=sr_i_138
139. Ever in My Heart,1933,1h 8m,Passed,6.6,964,,World War I brings tribulations to an American woman married to a German.,https://www.imdb.com/title/tt0023992/?ref_=sr_i_139
140. Doctor Bull,1933,1h 17m,Approved,6.4,807,,"Doc Bull, a no-nonsense country doctor who has served his community for decades, fights small-town prejudice and provincialism in several crises.",https://www.imdb.com/title/tt0023955/?ref_=sr_i_140
141. The Telegraph Trail,1933,54m,Passed,5.8,752,,A greedy businessman-turned-renegade foments an Indian uprising against the coming telegraph to perpetuate his economic stranglehold on the territory.,https://www.imdb.com/title/tt0024647/?ref_=sr_i_141
142. The Thundering Herd,1933,1h 2m,Passed,5.6,371,,Both Sprague and Jett and their crews are hunting buffalo. Doan is with Sprague and is looking for the Jett outfit where his girlfriend Milly is being held against her will.,https://www.imdb.com/title/tt0025893/?ref_=sr_i_142
143. The Wandering Jew,1933,1h 25m,,6.4,140,,"Conrad Veidt stars as the Jew who urges Roman authorities to crucify Jesus and release Barabbas. As a punishment, he is condemned by God to wander the Earth for many centuries, enduring innumerable trials and tribulations on several continents.",https://www.imdb.com/title/tt0024750/?ref_=sr_i_143
144. King of the Jungle,1933,1h 13m,Approved,6.3,266,,A white youth who is raised in the jungle by the animals is captured by a safari and brought back to civilization as an attraction in a circus.,https://www.imdb.com/title/tt0024219/?ref_=sr_i_144
145. By Candlelight,1933,1h 10m,Passed,6.7,379,,Beautiful woman mistakes a prince's butler for the prince.,https://www.imdb.com/title/tt0023860/?ref_=sr_i_145
146. Hell Below,1933,1h 41m,Approved,6.6,587,,"In 1918, U.S. Navy Lt. Tommy Knowlton participates in dangerous submarine missions, disobeys orders, gets court-martialed and romances a married woman who happens to be his C.O.'s daughter.",https://www.imdb.com/title/tt0024100/?ref_=sr_i_146
147. Double Harness,1933,1h 9m,Approved,6.8,1.4K,,A woman tricks a playboy into marrying her and then tries to make him legitimately fall in love with her.,https://www.imdb.com/title/tt0023960/?ref_=sr_i_147
148. A Canção de Lisboa,1933,1h 25m,,7.7,1.6K,,"After flunking in medical school, the young and bohemian Vasco need to trick his aunts, the main financers of his studies, preventing them to know that he is not a doctor.",https://www.imdb.com/title/tt0023871/?ref_=sr_i_148
149. The Shadow,1933,1h 3m,,5.6,304,,A group of people in an old dark house are terrorized by a mysterious hooded figure dressed in black who proceeds to kill them off one by one.,https://www.imdb.com/title/tt0028243/?ref_=sr_i_149
150. The Big Chance,1933,1h 2m,Passed,4.9,226,,Gangsters try to get a boxer to throw an important fight.,https://www.imdb.com/title/tt0023808/?ref_=sr_i_150
151. Golden Harvest,1933,1h 12m,,7.0,76,,"Eben Martin spends his lifetime accumulating wheat farms in hopes that his sons Chris and Walt will take over the family business and work the land. Chris is more interested in finance, however, and leaves the farm and his fiance Ellen. He moves to Chicago and uses his cunning and knowledge of wheat to make his fortune at the Board of Trade in the ""wheat pit."" Chris becomes highly influential with the help of wealthy Henry Flint, and courts Henry's society-bored daughter Cynthia. Back at the farm, Ellen and Walt marry, have children and struggle to maintain the farm and pay the family debts. Walt becomes active in unionizing farmers across the nation. Chris visits the farm with Cynthia to attend the wedding of the Martin's beloved hired hands, Loopey Lou and Lydia. Although Chris is embarrassed by his humble family, Cynthia is touched by their genuine warmth and later accepts his marriage proposal. With the arrival of winter, the poverty-stricken farmers suffer greatly, as banks foreclose on properties such as Loopey Lou's. Walt travels to Chicago, just missing Chris's wedding, but the brothers form an agreement to help each other, in which Walt will call the farmers to strike, and Chris will help raise the wheat prices. The strike is somewhat successful and Walt urges the farmers to remain steadfast. The planting season proves too tempting, though, and the farmers break the strike before getting a good price for the wheat. Despite intense pressure and the threat of losing everything, Chris buys up wheat, maintaining his position until he is insolvent. His spirits remain high with the help of his loving wife, whose father makes Chris a partner in his company. In Washington D.C., Walt influences the government to raise farm prices, and the Martin brothers are hailed as national heroes.",https://www.imdb.com/title/tt0024071/?ref_=sr_i_151
152. Secrets,1933,1h 23m,Passed,6.4,823,,A New England society girl braves the West to help her husband build his fortune.,https://www.imdb.com/title/tt0024539/?ref_=sr_i_152
153. It's Great to Be Alive,1933,1h 9m,Passed,5.5,93,,An aviator who crash-landed on an island in the South Pacific returns home to find that he is the last fertile man left on Earth after an epidemic of masculitus.,https://www.imdb.com/title/tt0024189/?ref_=sr_i_153
154. Man of the Forest,1933,1h 2m,Approved,5.5,281,,"Beasley, who is after Gayner's land, plans to kidnap his daughter. But Dale overhears their plan and kidnaps her himself. When Gayner arrives to retrieve his daughter, Beasley kills him and makes the Sheriff arrest Dale for the murder.",https://www.imdb.com/title/tt0024301/?ref_=sr_i_154
155. Lone Cowboy,1933,1h 4m,Passed,5.2,39,,"""Scooter"" O'Neal is a young Chicago boy brought up in the slums by his idolized father, and ""Scooter"" dreams of being a cowboy out in the Wild West, where his father was once a rancher. He is overjoyed when he learns that he is being sent to Nevada to visit his dad's old friend, ""Dobe"" Jones. What he doesn't know is that his out-of-work father is about to be arrested for theft and is sending him away so he won't be there for the upcoming disgrace. ""Scooter"" expects to be greeted by ""Dobe"" and his wife, Eleanor, but is met only by ""Dobe"" and isn't responsive to ""Scooter's"" questions about his missing wife. ""Dobe"" has problems of his own and is about to send Scooter back to Chicago, when he gets a telegram informing him that Bill O'Neal has committed suicide. Knowing that Scooter will be put in an orphanage, he decides to keep the kid with him. After several nights of camping out, ""Scooter"" can't understand why they never reach ""Dobe's"" ranch, until two cowhands tell him that ""Dobe"" is a restless and relentless man always on the search for his wife and the man, Jim Weston, with whom she ran away. ""Dobe"" learns where the pair are hiding but ""Scooter"" gets to town first and warns them. ""Dobe"", robbed of his chance for vengeance, takes it out on ""Scooter"" and blurts out the truth about his father's death. Then, touched by pity and ""Scooter's"" grief, ""Dobe"" decides to enter a rodeo to earn enough money to buy Scooter a silver-mounted saddle. But, in the bull-dogging event, ""Dobe"" spots Eleanor and Jim in the grandstand, and this diverts his attention-to-business-at-hand enough that he ends up getting gored by the steer he was trying to dog. While recovering, he learns the whereabouts of his cheating wife and her new best-friend, but also realizes that the future of ""Scooter"" means more to him than his quest for vengeance. He rides forth to tell them all-is-forgiven but Scooter thinks he has other intentions and follows him. ""Dobe"" confronts Eleanor and Jim but, Jim, fearing it is a ruse, pulls a gun. Shots ring out, ""Dobe"" kills Jim but a stray bullet hits ""Scooter."" Eleanor goes for the Marshal, while ""Dobe"", carrying Scooter, races furiously to the doctor's office.",https://www.imdb.com/title/tt0025416/?ref_=sr_i_155
156. Japanese Girls at the Harbor,1933,1h 12m,,7.0,858,,Two schoolgirl friends drift apart when one of them falls for a handsome boy.,https://www.imdb.com/title/tt0160535/?ref_=sr_i_156
157. Our Betters,1933,1h 23m,Passed,6.1,949,,"An American heiress marries a lord, and shocks London society.",https://www.imdb.com/title/tt0024421/?ref_=sr_i_157
158. Central Airport,1933,1h 12m,Unrated,6.2,553,,"Aviator Jim Blaine and his brother Neil are rivals not only as daredevil flyers, but also for the love of parachutist Jill Collins.",https://www.imdb.com/title/tt0023878/?ref_=sr_i_158
159. Charlie Chan's Greatest Case,1933,1h 10m,,6.6,445,,"When a good-for-nothing man named Dan is stabbed to death and his arm broken, Charlie Chan is on the case. His first clue comes from the victim's sister, who noticed a prowler wearing a glow-in-the-dark wristwatch.",https://www.imdb.com/title/tt0023881/?ref_=sr_i_159
160. Tugboat Annie,1933,1h 26m,Approved,6.8,930,,Annie the tugboat captain tries to help two young lovers come together.,https://www.imdb.com/title/tt0024701/?ref_=sr_i_160
161. Fast Workers,1933,1h 6m,Passed,6.3,880,,"Gunner and Bucker are pals who work as riveters. Whenever Bucker gets the urge to marry, which is often, Gunner will hit on his girl to see if she is true or not. So far, Gunner has not failed. But one night, while Gunner is in jail, Bucker meets Mary, a tough dame with a line. He falls for her, and she falls for his dough. But Mary is already a gal pal of Gunner, and no two know about the third one. The trouble starts when the triangle is revealed too late.",https://www.imdb.com/title/tt0024005/?ref_=sr_i_161
162. Broadway Thru a Keyhole,1933,1h 30m,,6.4,263,,"Racketeer Frank Rocci is smitten with Joan Whelan, a dancer at Texas Guinan's famous Broadway night spot. He uses his influence to help her get a starring role in the show, hoping that it will also get Joan to fall in love with him. After scoring a hit, Joan accepts Frank's marriage proposal, more out of gratitude than love. The situation gets even stickier when she falls for a handsome band leader during a trip to Florida. Can she tell Frank she's in love with someone else?",https://www.imdb.com/title/tt0023847/?ref_=sr_i_162
163. Reunion in Vienna,1933,1h 38m,,5.9,371,,"An archduke who had been banished from Austria returns to Vienna for a reunion of his old fellow aristocrats and meets up with the former love of his life, who is now married to a psychoanalyst.",https://www.imdb.com/title/tt0024496/?ref_=sr_i_163
164. Hot Pepper,1933,1h 16m,Passed,5.8,140,,Comedy about a pair of ex-Marines who team up and get involved in a nightclub. Trouble ensues when they both fall in love with a feisty woman and begin fighting over her.,https://www.imdb.com/title/tt0024141/?ref_=sr_i_164
165. Ace of Aces,1933,1h 16m,Approved,6.3,551,,A sculptor turns flying-corps ace in World War I France to show his fiancee he's not a coward.,https://www.imdb.com/title/tt0023737/?ref_=sr_i_165
166. Peg o' My Heart,1933,1h 27m,Approved,6.5,1.6K,,"A young woman living in an Irish fishing village inherits her late grandfather's estate, but is forced to spend three years in England training to be a proper lady to collect the fortune.",https://www.imdb.com/title/tt0024433/?ref_=sr_i_166
167. Zoo in Budapest,1933,1h 34m,Approved,6.7,545,,An orphan girl escapes her caregivers to be with a young man raised at the zoo whose only previous friends are the animals.,https://www.imdb.com/title/tt0024800/?ref_=sr_i_167
168. Sweepings,1933,1h 20m,Passed,6.5,546,,A man spends his life building a successful business to pass on to his kids who are uninterested.,https://www.imdb.com/title/tt0024633/?ref_=sr_i_168
169. Loyalties,1933,1h 7m,,6.5,122,,"While he's a houseguest at an upper-class gathering, wealthy Jewish man Ferdinand de Levis is robbed of £1,000 with evidence pointing towards the guilt of another guest, Captain Dancy.",https://www.imdb.com/title/tt0024275/?ref_=sr_i_169
170. The Woman Accused,1933,1h 13m,Passed,6.2,361,,"During a three-day pleasure cruise, a murder victim's friend (John Halliday) tries to trick a new bride (Nancy Carroll) into admitting her guilt.",https://www.imdb.com/title/tt0024781/?ref_=sr_i_170
171. Chance at Heaven,1933,1h 11m,Approved,6.0,758,,An ambitious mechanic is tempted to desert his wonderful girlfriend when a silly but rich debutante falls for him.,https://www.imdb.com/title/tt0023880/?ref_=sr_i_171
172. Beauty for Sale,1933,1h 27m,,6.7,551,,A beautiful woman lands a job at an exclusive salon that deals with the wives of wealthy businessmen. Her contact with these men leads to a series of affairs.,https://www.imdb.com/title/tt0023785/?ref_=sr_i_172
173. Broadway to Hollywood,1933,1h 25m,Approved,5.8,381,,"A vaudeville couple quit to raise a son, then come back with their grandson in the act.",https://www.imdb.com/title/tt0023848/?ref_=sr_i_173
174. The Man from Monterey,1933,57m,Passed,5.3,662,,A cavalry officer helps save a family's ranch from land grabbers.,https://www.imdb.com/title/tt0024293/?ref_=sr_i_174
175. The Man from Toronto,1933,1h 17m,,6.3,156,,The rich widow Leila disguises herself as a maid and falls in love with her employer Fergus who is a rich Canadian bachelor. Their wealth depends on each getting married within the next year. Whose fooling who in this comedy love affair?,https://www.imdb.com/title/tt0024298/?ref_=sr_i_175
176. The Stranger's Return,1933,1h 29m,,6.9,541,,"A divorcée leaves New York to visit her grandfather's farm and recover in the Midwest, where she unexpectedly falls in love with a married farmer.",https://www.imdb.com/title/tt0024620/?ref_=sr_i_176
177. Three Cornered Moon,1933,1h 17m,Passed,6.4,517,,"Elizabeth Rimplegar and her eccentric family adjust to newfound financial struggles after losing their fortune in the stock market crash. Amidst the chaos, Elizabeth finds herself navigating romantic interests too.",https://www.imdb.com/title/tt0024664/?ref_=sr_i_177
178. Cradle Song,1933,1h 16m,Passed,6.3,52,,The only filmed English version of Gregorio Martinez Sierra's classic Spanish play.,https://www.imdb.com/title/tt0023913/?ref_=sr_i_178
179. One Man's Journey,1933,1h 12m,Approved,6.7,597,,"Widower Dr. Watt moves to a small town, raising son Jimmy and abandoned Letty. Despite aspirations for research, epidemic, family needs hinder his goals. Years later, he realizes his life wasn't a failure.",https://www.imdb.com/title/tt0024411/?ref_=sr_i_179
180. The Barbarian,1933,1h 23m,Approved,5.8,682,,"An American tourist catches the eye of a disguised Egyptian prince who decides to kidnap her, then try to win her love.",https://www.imdb.com/title/tt0023778/?ref_=sr_i_180
181. Let's Fall in Love,1933,1h 13m,Approved,6.1,146,,"A Hollywood director finds himself in trouble when his last Swedish discovery steps out of the ongoing shooting. He finds the perfect candidate in a fair girl. Only, she is no Swedish; but that can always be arranged.",https://www.imdb.com/title/tt0025381/?ref_=sr_i_181
182. Myrt and Marge,1933,1h 2m,Approved,6.1,135,,"Myrt has a show chock-full of talented performers who deserve to be on Broadway, but can't raise the necessary money. Jackson, a lecherous ""producer"", provides the money in order to get his hands on the show's pretty young star, Marge. Myrt teams up with Marge's boyfriend to try to thwart the randy producer and get the show to Broadway.",https://www.imdb.com/title/tt0025542/?ref_=sr_i_182
183. College Coach,1933,1h 16m,Approved,5.9,567,,"Coach Gore, a ruthless and cynical big-time football coach, neglects his wife in his unrelenting drive to make Calvert College a football power.",https://www.imdb.com/title/tt0023899/?ref_=sr_i_183
184. I Am Suzanne!,1933,1h 38m,Passed,7.1,160,,"Tony Malatini, a puppeteer, at Paris' Theatre des Marionettes notices that his audience consists of only 7 people. He visits his successful competitor on the corner to see why people are drawn to it. After seeing Suzanne, the competitors popular dancer, Tony is mesmerized by her. He goes backstage to see her and asks her if he can make a puppet of her to use in his show. Over-hearing this, the Baron, Suzanne's controlling manager, castigates Suzanne threatening to set her free. Suzanne terrified of being on her own, begs the Baron to marry her and not to leave her. Tony comes during one of Suzanne's performances and begs her not to marry the Baron. Upset, Suzanne falls into the orchestra pit and injures herself to the extent that she won't dance again. Baron leaves Suzanne, but Tony with a doctor's help puts her through a vigorous exercise program. Tony also shows her how to be a puppeteer. Tony confesses to Suzanne that his true friends are his puppets. He picks up the puppet of Suzanne and tells her that he is in love with this puppet. Suzanne not realizing that he means her becomes confused. Together they put on a successful celebrity puppet show. During a celebration party, Tony decides he will propose marriage to her uniquely. He picks up the puppet of her and asks it to marry him. Suzanne becomes jealous and confused...",https://www.imdb.com/title/tt0024150/?ref_=sr_i_184
185. Leise flehen meine Lieder,1933,1h 25m,,7.0,164,,"Franz Schubert works as school teacher, yet his mind and soul are in music. When he is engaged as a pianist for an aristocratic soirée he doesn't suspect how this will change his life forever and even determine his unfinished symphony.",https://www.imdb.com/title/tt0024249/?ref_=sr_i_185
186. I Was a Spy,1933,1h 29m,Approved,6.7,259,,"During World War I, a young nurse in a hospital in German-occupied Belgium is secretly feeding military information to the British. Complicating matters is the guilt she feels when she has to treat the German casualties inflicted as a result of the information she's passed on, and the fact that the local German commandant is falling in love with her.",https://www.imdb.com/title/tt0024161/?ref_=sr_i_186
187. Don Quichotte,1933,1h 13m,,6.7,174,,"The French version of G.W.Pabst's monumental three-language (English, French and German - separate versions each) filming of Cervantes' classic novel. The German version seems to be lost, but it is spoken of in three books, ""The Film Till Now"", and two of Pauline Kael's books of movie criticism.",https://www.imdb.com/title/tt0204285/?ref_=sr_i_187
188. The Past of Mary Holmes,1933,1h 10m,Passed,6.6,30,,An alcoholic former opera singer (Helen MacKellar) resents the promising career of her son (Eric Linden) and his recent engagement to an actress (Jean Arthur).,https://www.imdb.com/title/tt0024431/?ref_=sr_i_188
189. I Loved a Woman,1933,1h 30m,Approved,6.0,493,,"Art student John Hayden interrupts his studies in Greece to head his father's meat packing business on his father's death. He marries social climber Martha who taunts him for his ideals regarding worker happiness and meat purity. He begins supporting the musical career of singer Laura. During the Spanish American war he sells the Army tainted meat. Martha puts detectives on him and Laura. Indicted for fraud, he flees to Greece.",https://www.imdb.com/title/tt0024160/?ref_=sr_i_189
190. The Intruder,1933,1h 6m,Passed,4.6,178,,"A murder is committed aboard a cruise ship just before it sinks in a storm. The survivors, including the killer, land on a mysterious jungle island.",https://www.imdb.com/title/tt0023064/?ref_=sr_i_190
191. Narcotic,1933,57m,Not Rated,3.9,468,,"This exploitation film follows the downward spiral of an idealistic medical student whose fall from grace leads him to opium dens, a carnival freakshow, swanky drug parties, dingy brothels, and finally the barrel of his own revolver.",https://www.imdb.com/title/tt0121587/?ref_=sr_i_191
192. No Other Woman,1933,58m,Passed,5.9,515,,"A steelworker and his aspiring wife make millions when they become partners in a dyeworks. Unfortunately, success does not bring happiness.",https://www.imdb.com/title/tt0024388/?ref_=sr_i_192
193. From Headquarters,1933,1h 4m,TV-G,6.4,500,,"When a Broadway playboy is found dead, it's up to detective Jim Stevens to pick the murderer out of several likely candidates.",https://www.imdb.com/title/tt0024040/?ref_=sr_i_193
194. Samarang,1933,59m,Passed,3.8,17,,"On the beautiful island of Samarang, in the Malay Straits, the natives of a small village depend on the ocean's bounty for their livelihood.",https://www.imdb.com/title/tt0034177/?ref_=sr_i_194
195. The Iron Master,1933,1h 4m,,5.1,32,,"The wealthy owner of an iron foundry dies, and his greedy heirs are outraged when they find out that he left his entire estate not to them but to the foreman of his foundry.",https://www.imdb.com/title/tt0024185/?ref_=sr_i_195
196. Back Page,1933,1h 5m,Passed,6.2,218,,"A female reporter comes up with her first scoop - a suicide. The publisher nixes the story to cover up a scandal. She quits and takes over as editor of a small-town paper, where she proves her chops as a savvy newspaperwoman.",https://www.imdb.com/title/tt0024857/?ref_=sr_i_196
197. Dawn,1933,1h 15m,,6.7,209,,"In 1915, Captain Liers, commander of a submarine is leaving his hometown, where he, his 2nd officer and the radio-operator, who is married there, spend their shore leave. Liers two brothers were already killed in action, so his mother doesn't like the idea of him going back to his sub. Liers thinks his 2nd officer is in love with a local girl, who is really pining for him. On patrol they sink a British armoured cruiser, but while returning to their harbor, they're attacked by a sub trap. They're able to sink it, but the trap has alarmed a destroyer, that sinks their sub. The sub lays on the sea bed at 200 feet, and except for the bridge, it is full of water. 10 members of the crew survived, but there are only 8 rescue devices. Liers gives the order, that the crew shall use them, but they disobey, either all get out or nobody...",https://www.imdb.com/title/tt0024352/?ref_=sr_i_197
198. Blind Adventure,1933,1h 5m,Approved,6.2,291,,An American in London stumbles on a criminal ring.,https://www.imdb.com/title/tt0023816/?ref_=sr_i_198
199. Gesuzza the Garibaldian Wife,1933,1h 15m,,6.5,270,,"The story is the harried attempt of a Sicilian partisan, as part of the risorgimento, to reach Garibaldi's headquarters in Northern Italy, and to petition the revered revolutionary to rescue part of his besieged land. Along the way, the peasant hero encounters many colorful Italians, differing in class and age, and holding political opinions of every type. There is a key train scene, and the film ends on the battlefield, Italian unification a success, despite brutal losses.",https://www.imdb.com/title/tt0023729/?ref_=sr_i_199
200. Deutschland erwacht - Ein Dokument von der Wiedergeburt Deutschlands,1933,54m,,7.7,59,,A recounting of life in Germany up until the Nazi takeover in 1933.,https://www.imdb.com/title/tt0247283/?ref_=sr_i_200
201. Emergency Call,1933,1h 10m,Passed,6.1,212,,"An expose of the racketeering ""accident victims"" who extort millions of dollars annually from American automobile owners, insurance companies and property owners by staging fake accident with paid-witnesses standing by to serve in court trials if needed. After a few examples, this one concentrates on the 'gutter-floppers.""",https://www.imdb.com/title/tt0023984/?ref_=sr_i_201
202. Fighting with Kit Carson,1933,4h 10m,Passed,6.5,85,,"A pack train led by Kit Carson is attacked by Kraft and his Mystery Riders, who want a government shipment of gold carried by the wagons. Matt Fargo manages to hide the gold, but Carson must confront the Mystery Riders time after time in order to prevent them from finding and carrying away the treasure.",https://www.imdb.com/title/tt0024012/?ref_=sr_i_202
203. Thunder Over Mexico,1933,1h 10m,,7.1,169,,"As was common in Diaz's Mexico, a young hacienda worker finds his betrothed imprisoned and his life threatened by his master for confronting a hacienda guest for raping the girl.",https://www.imdb.com/title/tt0024668/?ref_=sr_i_203
204. Bitter Sweet,1933,1h 33m,,6.2,93,,"A young woman falls in love with an orchestra conductor in Vienna, and they marry. Their marriage, however, is threatened by a wealthy man who sets his sights on the wife.",https://www.imdb.com/title/tt0023813/?ref_=sr_i_204
205. Blood Money,1933,1h 5m,Passed,6.7,469,,"Bill Bailey (George Bancroft) is a Los Angeles, California bail bondsman who lives in a world of complete, casual corruption, where all he has to do is pick up the phone to get the charges against a client dismissed. He falls in love with a slumming socialite who bluntly and startlingly declares her sexual preferences with this immortal line: ""If I could find a man who would be my master and give me a good thrashing, I'd follow him around like a dog on a leash.""",https://www.imdb.com/title/tt0023818/?ref_=sr_i_205
206. Dangerously Yours,1933,1h 14m,,8.5,22,,,https://www.imdb.com/title/tt0023928/?ref_=sr_i_206
207. The Water Magician,1933,1h 50m,,7.3,550,,The tragic tale of a woman who despite doing good where she can gets punished by society.,https://www.imdb.com/title/tt0024641/?ref_=sr_i_207
208. Sensation Hunters,1933,1h 13m,,5.8,236,,Dale Jordan is accepted by first-cabin passengers on a south-bound Panama-Pacific liner until they discover she is a cabaret girls led by Trixie Snell en route for the Bull Ring Cabaret in Panama City.,https://www.imdb.com/title/tt0025762/?ref_=sr_i_208
209. S.A.-Mann Brand,1933,1h 34m,,5.5,140,,"Communist Anni secretly loves Nazi Fritz and saves his life when his Storm Troops group is attacked by communists who later persuade Anni to coax Fritz into spying for them. Fritz realizes he walking into a trap, but he is prepared.",https://www.imdb.com/title/tt0224042/?ref_=sr_i_209
210. Hallelujah I'm a Bum,1933,1h 22m,Approved,6.8,932,,A New York tramp (Jolson) falls in love with the mayor's amnesiac girlfriend after rescuing her from a suicide attempt,https://www.imdb.com/title/tt0024083/?ref_=sr_i_210
211. Bed of Roses,1933,1h 7m,Passed,6.4,1.2K,,"Determined to reform upon leaving prison, a former prostitute falls in love with a cotton-barge owner and must choose between him and her banker lover.",https://www.imdb.com/title/tt0023786/?ref_=sr_i_211
212. F. P. 1 Doesn't Answer,1933,1h 14m,Passed,6.1,224,,"An artificial island in the Atlantic functions as an aerodrome. A sabotage attempt is thwarted by a renowned aviator's intervention, securing the island's safety.",https://www.imdb.com/title/tt0023996/?ref_=sr_i_212
213. The Tunnel,1933,1h 12m,,5.6,185,,"An engineer is hired to plan the construction of a undersea tunnel between Europe and the US. However, certain interests don't want to see the tunnel built and use every means at their disposal, including sabotage and murder, to stop its construction.",https://www.imdb.com/title/tt0159057/?ref_=sr_i_213
214. Hans Westmar,1933,1h 35m,,5.8,1.5K,,Student Hans is so appalled by decadent Berlin and the schemes of the Communist Party that he inspires the Nazi cohorts of his fellow storm troopers to actively fight the Communists who in turn conspire to assassinate him.,https://www.imdb.com/title/tt0024087/?ref_=sr_i_214
215. Laughter in Hell,1933,1h 10m,Passed,7.0,76,,"In the late 1800s, a man is sentenced to life at hard labor for killing his wife and her lover.",https://www.imdb.com/title/tt0024247/?ref_=sr_i_215
216. Convention City,1933,1h 9m,Passed,6.8,108,,"At the convention of the Honeywell Rubber Company in Atlantic City, the convention attendees are mainly concerned with drinking and sex.",https://www.imdb.com/title/tt0023906/?ref_=sr_i_216
217. The World Gone Mad,1933,1h 20m,Passed,4.8,652,,A district attorney and a reporter try to find the killer of a D.A. who uncovered a massive stock fraud.,https://www.imdb.com/title/tt0024787/?ref_=sr_i_217
218. Whistling in the Dark,1933,1h 19m,Passed,6.5,362,,"A mystery writer and his sweetheart are held hostage by a fugitive gangster who hopes to get the writer's help in devising the ""perfect crime.""",https://www.imdb.com/title/tt0024769/?ref_=sr_i_218
219. Murder on the Campus,1933,1h 13m,Passed,5.5,344,,"A popular young student finds herself accused of a series of murders that have occurred on the college campus. Her boyfriend, a reporter for the local newspaper, knows she didn't do it, and sets out to prove her innocence and catch the real killer.",https://www.imdb.com/title/tt0025533/?ref_=sr_i_219
220. Diplomaniacs,1933,1h 1m,Passed,6.3,388,,"Barbers Nilly and Glub reluctantly become ambassadors for an Indian nation at a peace conference in Geneva. Facing sabotage from an ammunition executive, they persevere through romantic entanglements and setbacks to represent their people.",https://www.imdb.com/title/tt0023949/?ref_=sr_i_220
221. The California Trail,1933,1h 7m,Passed,6.6,44,,"Santa Fe Stuart, leading a relief train bringing food to the peasants, gets caught up in the Commandante and his brother the Mayor's effort to starve out the peasants. Thrown in jail and about to be hanged, he escapes and joins the peasants in their fight against the brothers and their troops.",https://www.imdb.com/title/tt0023866/?ref_=sr_i_221
222. Ann Carver's Profession,1933,1h 8m,Passed,6.0,248,,"After graduation from Hampden University, Bill ""Lightning"" Graham, a football star, and Ann Carver, who just passed her bar exam, marry. Instead of pursuing a career in law, Ann takes on the role of housewife, while Bill is employed as a draftsman. When Ann is asked to take on a high-profile legal case, she accepts and wins. She becomes an overnight success and a media darling. Meanwhile, Bill's career is stagnant and Ann is supporting him financially, causing the couple to spend less time together. Bill decides to take a job at ""Club Mirador"" to make more money. Carole Rogers, a sexy alcoholic singer at the club is taken by Bill's good-looks, voice and physique. She makes a pass at him when Ann walks into the club leaving Ann with the impression that Bill is cheating on her. After Ann's accusations, Bill moves out. Carole, knowing this, comes to Bill's apartment to seduce him. He rejects her and leaves. Carole becomes drunk and falls over his sofa catching her necklace on it and chokes to death. Bill is accused of murdering Carole and Ann decides to defend him.",https://www.imdb.com/title/tt0023758/?ref_=sr_i_222
223. Notorious But Nice,1933,1h 5m,Passed,6.1,119,,"Jennie Jones, a girl with a mysterious past, is engaged to her employer's son. His father attempts to destroy her life so his son will reject her. When all seems lost, help comes from an unexpected source, but complications ensue.",https://www.imdb.com/title/tt0024394/?ref_=sr_i_223
224. Okraina,1933,1h 38m,,7.1,1.2K,,"Outskirts is an internationally renowned masterpiece of early sound cinema. In a remote Russian village during World War I, colorful and nuanced characters experience divided loyalties: family loyalty vs. personal desire, nationalism vs. transcendent humanism.",https://www.imdb.com/title/tt0024402/?ref_=sr_i_224
225. Corruption,1933,1h 7m,Passed,5.7,228,,A young lawyer is elected mayor of the city and promises to rid it of its famous corruption. The problem is that most of the corruption he's vowed to eliminate is caused by the crooked political machine that helped elect him.,https://www.imdb.com/title/tt0023909/?ref_=sr_i_225
226. Matinee Idol,1933,1h 15m,,5.9,38,,A well-known actor is murdered. Another performer becomes an amateur sleuth so she can prove her sister is innocent of the crime.,https://www.imdb.com/title/tt0024311/?ref_=sr_i_226
227. Ann Vickers,1933,1h 16m,Passed,6.2,699,,A prison reformer and a controversial judge fall in love and have a child out of wedlock.,https://www.imdb.com/title/tt0023759/?ref_=sr_i_227
228. Deadwood Pass,1933,1h 2m,Passed,5.7,86,,"The Hawk has broken out of prison and the Sheriff and Sorrenson have a plan to have Whitlock pose as the Hawk, infiltrate the gang, and recover the stolen bonds. All goes well until The Chief who knows the real Hawk arrives.",https://www.imdb.com/title/tt0023934/?ref_=sr_i_228
229. Looking Forward,1933,1h 22m,Approved,7.0,321,,"In this Depression-era story set in London, a department-store owner (Lewis Stone) faces bankruptcy while his family fritters away money. A long-standing employee (Lionel Barrymore) gets fired but finds new life in a home-based bakery. The owner's wife (Benita Hume) can't face life without money, so she runs off with another man, but the tables turn when a last-minute reprieve saves the store and a new relationship is forged between the men.",https://www.imdb.com/title/tt0024269/?ref_=sr_i_229
230. Day of Reckoning,1933,1h 9m,Passed,6.5,299,,"John and Dorothy are happily married for 4 years when he's suddenly arrested for stealing money, which he did to support his wife's high tastes. George hires a lawyer for John to see that he gets prison time so he can movie in on Dorothy.",https://www.imdb.com/title/tt0023932/?ref_=sr_i_230
231. Broken Dreams,1933,1h 8m,Passed,5.6,128,,Medical intern Robert Morley is distraught after his wife dies in childbirth. He's resentful of his new son and wants nothing to do with him. He leaves the child with his aunt and uncle and heads off to Europe to pursue medicine.,https://www.imdb.com/title/tt0023849/?ref_=sr_i_231
232. Sleeping Car,1933,1h 22m,,6.3,103,,A French sleeping-car attending with an eye for the ladies hooks up with a wealthy widow and they get married. What he doesn't know is that she married him because she wants to stay in France. Complications ensue.,https://www.imdb.com/title/tt0024574/?ref_=sr_i_232
233. What-No Beer?,1933,1h 5m,Passed,5.6,669,,Two men decide to cash in on the end of Prohibition by selling watered down beer.,https://www.imdb.com/title/tt0024762/?ref_=sr_i_233
234. Tonight Is Ours,1933,1h 15m,,6.3,189,,A princess is torn between her royal obligations and her love for a handsome Frenchman.,https://www.imdb.com/title/tt0024680/?ref_=sr_i_234
235. Air Hostess,1933,1h 7m,,5.8,171,,"In World War I, pilot Bob King is shot and killed in France. His friends Ted ""Lucky"" Hunter (James Murray) and Pa Kearns (J.M. Kerrigan) pledge to look after his daughter Kitty (Evalyn Knapp).[Note 3] Years later, after the war, Kearns is now blind and works at an airport as an engine expert and Kitty is a TWA stewardess. Her father's friends still look after her as meddling chaperones. A grandstanding Ted flies over the airport, meeting Kitty who is enamored with him. After a night on the town, he flies her back to the airport, but is met by angry mechanics and pilot Dick Miller (Arthur Pierson), who is in love with Kitty, and ends up in a fight. Ted soon announces his marriage to Kitty and forces her to quit her job, which Dick gets back for her when Ted is unable to make a living. Rich, thrice-divorced Sylvia Carleton (Thelma Todd) offers Ted a chance to build a radical new aircraft that can fly across the Pacific. A tête-à-tête between Ted and Sylvia in Albuquerque turns into a fiasco when Kitty and Dick arrive to find them both drunk. Kitty leaves angrily for home, boarding a train that Ted and Dick learn is headed for a collapsing bridge. Both men try to save Kitty by flying to warn the engineer. Ted crash-lands on the tracks and wrecks his aircraft, but stops the train in time. Dick flies him back to the hospital with Kitty, and the couple reunites.",https://www.imdb.com/title/tt0023749/?ref_=sr_i_235
"236. Knock, ou le triomphe de la médecine",1933,1h 35m,,7.4,83,,,https://www.imdb.com/title/tt0023963/?ref_=sr_i_236
237. The Phantom of the Air,1933,4h,Passed,6.1,97,,"After inventing an anti-gravity device, scientist Thomas Edmonds and his daughter Mary attend the National Air Races in Cleveland, Ohio in search of a pilot to demonstrate the device and Bob Raymond, from the U.S. Border Patrol, is chosen.",https://www.imdb.com/title/tt0024445/?ref_=sr_i_237
238. Sitting Pretty,1933,1h 25m,Passed,6.3,218,,"Chick Parker and Pete Pendleton are songwriters en route from New York to Hollywood to make their fame and fortune, joined by lunch-wagon proprietor Dorothy.",https://www.imdb.com/title/tt0024570/?ref_=sr_i_238
"239. Aggie Appleby, Maker of Men",1933,1h 13m,Passed,6.6,385,,"When Aggie's boyfriend Red is sent to jail, she meets a mild-mannered man and decides to turn him into a real man.",https://www.imdb.com/title/tt0023744/?ref_=sr_i_239
240. The Secret of Madame Blanche,1933,1h 24m,Passed,6.6,377,,"Showgirl Sally meets young playboy Leonard St. John; they fall in love and are secretly married. When Leonard's father discovers this he sets out to break them apart, and following a bitter row, Leonard kills himself, leaving Sally to pick up the pieces of her life.",https://www.imdb.com/title/tt0024537/?ref_=sr_i_240
241. The Last Trail,1933,1h,,5.9,60,,"Gangster Looney McGann, who reads a Wild West magazine as he travels by train to Arizona, is excited to see from his window a man on horseback pursued by a group firing at him. After helping the man scramble onto the train, Looney opens a violin case to reveal grenades, which he and the man, Tom Daley, throw at the pursuers, who soon retreat. Impressed when Tom says he that he is known as ""El Diablo,"" Looney offers to introduce him to his gang, but Tom is not interested. At the border, customs officer Pedro Gonzales learns that Tom, an American, broke up a wedding and stole the bride. He gathers an army of men and boards the train looking for Tom, who hides in the upper berth of a vacant room. Patricia Carter then enters and, after she tells Gonzales that she is alone, begins to remove her clothing until Tom knocks over a bag. When she screams, Tom puts his hand over her mouth and forces her to listen as he explains that the bride was being forced to marry a man she didn't love and that she was ""stolen"" with her own consent. After Gonzales and his men leave the train, Tom jumps off the train and rides into Delhi, Arizona, where he tells his old pal, Newt Olsen, that his uncle, Jerry Malone, sent him a letter urging him to take over his ranch, which is the largest in the state. After Newt's ornery wife Sally, angry that Newt is drunk and with Tom, fires a rifle at them, they ride to the Malone ranch. At the ranch, Malone has died, supposedly by accident, and John Ross, Malone's attorney and the leader of Looney's gang, plans to have Frank Briggs, one of his men, pose as Tom so that they can inherit the ranch and then start a Ranchers' and Cattlemen's Protective Association. Pat, an undercover agent who is traveling with Ross, secretly attempts to transmit this information via a radio in her bedroom. When Ross tries to act romantic, she shies away, but promises to go away with him as soon as their work in setting up the association is over. Tom and Newt ride up and learn from a servant that Malone has died. After Tom saves Looney from an irate bull, whom he tried to rope, Looney introduces Tom and Newt, whom he calls ""Killer Olsen,"" to the gang. Tom says that he wants to muscle in on their scheme. Ross then sends his men to kill them at night, but Tom and Newt capture the men and lock them in an ice-house. The next morning, Ross capitulates and suggests that Tom pose as Tom Daley and that Pat pose as his wife, so that if Tom meets with an ""accident"" or double-crosses them, his ""widow"" will get the ranch. They go to Judge Wilson's home, where the will is to be probated, but the judge is out of town until the morning. Mrs. Wilson, who, it turns out, is Tom's godmother, insists that he and Pat stay the night, to Ross's and Pat's discomfort. Alone together that night, Pat grows fond of Tom and encourages him to pull out of the scheme, while he remarks that she does not belong with the gang. Tom spends the night in the room sleeping on a chair. The next day, as the will is settled, Looney and Newt get drunk and become pals, but Sally shows up, and after she reveals Tom's identity, the gang captures her and Newt. Pat is relieved when she learns the truth about Tom. After Tom is knocked out, Pat tries to call the police on her radio, but Ross catches her and smashes it. He tells his gang to kill the Olsens and Tom. Tom convinces Looney to help ""the killer"" and his wife escape. Newt, however, refuses to leave Tom, who fights the gangsters with Newt's and Looney's help. After Briggs shoots Looney, the police arrive, and Ross is shot trying to escape. Although Looney tells Newt that he is ""hitting the last trail,"" Newt points out that Looney's belt stopped the bullet. Sally calls her husband a brave hero and promises never to scold him again. Tom kisses Pat and reminds her that according to the deed they filed when they pretended to be married, half of the ranch is hers. She replies that she is recording it.",https://www.imdb.com/title/tt0024243/?ref_=sr_i_241
242. Her First Mate,1933,1h 6m,Passed,5.6,97,,A peanut and candy butcher on an Albany night boat dreams of owning his own boat.,https://www.imdb.com/title/tt0024109/?ref_=sr_i_242
243. The Phantom Broadcast,1933,1h 12m,Passed,5.5,187,,"A handsome radio singer has it all--fame, money, adoring fans--but what no one knows is that his accompanist, a hunchbacked piano player, is actually the voice behind the arrogant, abusive ""singer""'s fame.",https://www.imdb.com/title/tt0024443/?ref_=sr_i_243
244. Un soir de réveillon,1933,1h 25m,,5.7,52,,An innocent girl is mistaken for one of the loose women at a Christmas Eve party and is pursued by a young man who doesn't know where she lives.,https://www.imdb.com/title/tt0132521/?ref_=sr_i_244
245. The Fighting Code,1933,1h 5m,Passed,6.7,28,,"Ben Halliday stumbles upon a mysterious range killing and discovers letters in the dead man's pockets that reveal his intention to return to his native town where his sister, Helen James, is making a lone stand to hold her property that is desired by Joshua La Plante and his gunman Joe Krull. Meeting Helen, Ben realizes she has been parted from her brother so long that she would not recognize him, so Ben decides to pose as him. With the help of another new arrival, Barry, and Judge Williams, he uncovers a plot to secure Helen's property and build a dam in the canyon that would deprive the valley of water but would water the desert property owned by La Plante. Krull murders a surveyor and frames Ben who is thrown into jail, where he meets Crosby who furnishes proof of the guilt of La Plante and Krull. Ben breaks jail and he and Barry break into La Plante's office and hide in a wardrobe closet when Krull and La Plante enter. The later pair argue and Krull kills La Plante. Sheriff Olson arrives and Krull also blames Ben for his latest murder.",https://www.imdb.com/title/tt0025110/?ref_=sr_i_245
246. Karim Beni Aldatirsa,1933,,,7.2,17,,Intricate love triangles set in a sea sports facility.,https://www.imdb.com/title/tt0302685/?ref_=sr_i_246
247. The Devil's in Love,1933,1h 10m,Approved,5.9,186,,"Unjustly convicted of murdering the major who transferred him to another outpost, a doctor makes good his escape then sets out to prove his innocence using another identity.",https://www.imdb.com/title/tt0023945/?ref_=sr_i_247
248. Adorable,1933,1h 28m,Approved,5.5,181,,"Janet Gaynor plays a rebellious princess who must try to marry the man she loves, instead of the stuffy old prince her parents want her to marry. But will this ordinary man love her back once he finds out she's a princess?",https://www.imdb.com/title/tt0023740/?ref_=sr_i_248
249. Men Must Fight,1933,1h 12m,Passed,6.1,459,,"WWI nurse Laura falls for pilot Geoffrey, who dies in her hospital. Pregnant, she marries Ed Seward. In 1940, their son Robert meets Peggy. When peace fails with Eurasia, Robert refuses to fight, losing Peggy and dividing his family.",https://www.imdb.com/title/tt0024325/?ref_=sr_i_249
250. Jungle Bride,1933,1h 3m,Passed,5.1,274,,"A young woman believes that an actor committed the murder for which her brother has been imprisoned, and she gets her newspaper-reporter fiancé to accompany her in following the suspected killer aboard a ship headed for South America. While they're at sea, disaster strikes and the ship is sunk. The three of them, plus the actor's friend, are washed up on a deserted island. Complications ensue.",https://www.imdb.com/title/tt0024199/?ref_=sr_i_250
251. Before Morning,1933,56m,Passed,5.1,124,,"A night of love, intrigue, death, and blackmail leaves a stage-star's fate at stake in a conflict with an unscrupulous doctor. A rejected lover dies in an actress' apartment, resulting in blackmail.",https://www.imdb.com/title/tt0023791/?ref_=sr_i_251
252. Brief Moment,1933,1h 9m,Passed,6.3,436,,"A dissolute rich society boy marries a worldly nightclub singer, and she begins to have a wholly unexpected effect on him.",https://www.imdb.com/title/tt0023842/?ref_=sr_i_252
253. Goodbye Beautiful Days,1933,1h 36m,,6.5,21,,"After she has abused the confidence of the young engineer Pierre Lavernay, the beautiful thief Olga, who has fallen in love with him, wants to break with her criminal past. Unfortunately, by the awkwardness of her former accomplices, Olga is extradited to the police and sadly, her young lover and turns back to Paris.",https://www.imdb.com/title/tt0147823/?ref_=sr_i_253
254. Below the Sea,1933,1h 18m,Passed,6.0,357,,"A wealthy woman funds an underwater expedition to explore for marine life, but what she doesn't know is that her ""colleagues"" have other intentions.",https://www.imdb.com/title/tt0023793/?ref_=sr_i_254
255. Anna and Elizabeth,1933,1h 14m,,7.0,138,,"Anna a young girl is thought of having the ability to heal people mysteriously. Elisabeth a middle aged aristocratic woman, is disabled and puts all her hopes in meeting Anna and having her disability heal by her.",https://www.imdb.com/title/tt0023760/?ref_=sr_i_255
256. Trenul fantoma,1933,1h 10m,,6.8,64,,"A group of people find themselves stranded at a deserted train station on a stormy night. According to the stationmaster, it is haunted by a ghost train.",https://www.imdb.com/title/tt0173357/?ref_=sr_i_256
257. Kaiserwalzer,1933,1h 31m,,5.8,11,,"In the days of Austro-Hungarian emperor Franz Josef, an aristocrat and his son both fall for the same woman.",https://www.imdb.com/title/tt0274598/?ref_=sr_i_257
258. The Masquerader,1933,1h 20m,,6.4,254,,"Ronald Colman plays an MP addicted to drugs, and a double recruited to cover for him.",https://www.imdb.com/title/tt0024308/?ref_=sr_i_258
259. Havana Widows,1933,1h 2m,Approved,6.3,622,,Two golddiggers go fishing for millionaires in Havana.,https://www.imdb.com/title/tt0024092/?ref_=sr_i_259
260. The Circus Queen Murder,1933,1h 3m,Passed,6.1,375,,"Suave, lip-reading DA Thatcher Colt plans to get away from the big city for a while. So he and his secretary, Miss Kelly hop on a train for an Upstate NY town called Gilead. They expect a calm oasis, but when a small time circus rolls into town they soon find themselves caught up in a sordid tale of marital infidelity, murder, cruelty to animals, and cannibalism.",https://www.imdb.com/title/tt0023893/?ref_=sr_i_260
261. The Inspector General,1933,1h 11m,Approved,7.0,160,,"Vlasta Burian appears in a town of Czarist Russia impersonating an Inspector General, and he is entertained lavishly by the local political-hacks and peasants seeking his favor for whatever they are advocating or need fixed. Burain is involved in a series of comical situations as he takes everything he can gets his hands on while the peasants, who must plead for the betterment of their conditions, are left on the outside-looking-in. He makes his escape just as the real Inspector General is set to appear, but those-in-need will be no better off when the real McCoy shows up then they were with Burian.",https://www.imdb.com/title/tt0169175/?ref_=sr_i_261
262. Rainbow Over Broadway,1933,1h 12m,Passed,5.3,66,,"Ex-vaudeville performer Trixie makes a come-back, and threatens to thwart the ambitions of her song-writing step-children, Bob and Judy.",https://www.imdb.com/title/tt0024486/?ref_=sr_i_262
263. The Whispering Shadow,1933,3h 45m,Passed,5.3,268,,"A mysterious criminal known as The Whispering Shadow commits crimes by means of a gang he controls by television and radio rays. Jack Norton, whose brother was murdered by The Whispering Shadow, suspects that the eerie Professor Strang - whose ghostly wax museum contains figures far too lifelike - may be involved in the crimes.",https://www.imdb.com/title/tt0024768/?ref_=sr_i_263
264. Out All Night,1933,1h 8m,Passed,6.2,84,,"A ""mama's boy"" falls for a spinster who takes care of children at a department store nursery.",https://www.imdb.com/title/tt0024422/?ref_=sr_i_264
265. The Dancing Girl of Izu,1933,1h 34m,,6.8,141,,"In this adaptation from Kawabata, a young student becomes friends with a brother and sister in a troupe of travelling entertainers, who perform at a geisha house in mining country.",https://www.imdb.com/title/tt0024191/?ref_=sr_i_265
266. High and Low,1933,1h 19m,,6.6,111,,"Before starting her teaching job Marie works as a maid for the Binders. When she is accused of stealing neighbor Charles, a soccer champion who loves her, and deadbeat lawyer Maximilian support her in her plight.",https://www.imdb.com/title/tt0023933/?ref_=sr_i_266
267. The Mind Reader,1933,1h 10m,Approved,6.5,687,,"Con-man Chandler and his partner Frank decide to start a clairvoyant act. Chandler falls for Sylvia, one of their marks, but their relationship is challenged when his deception impacts others' lives and Sylvia urges him to reform.",https://www.imdb.com/title/tt0024339/?ref_=sr_i_267
268. The Narrow Corner,1933,1h 9m,TV-PG,6.3,356,,An Englishman sought for murder escapes to South Seas island.,https://www.imdb.com/title/tt0024373/?ref_=sr_i_268
269. El último varon sobre la Tierra,1933,1h 10m,Passed,5.9,19,,"Playboy Ralph Martin must give up all his girlfriends when he becomes engaged to his beloved, Dolores Winkle. Since he has stayed late at a goodbye dinner given by these other gals, he arrives late and drunk to the Winkle home, where an engagement party was held. The butler escorts him to a bedroom, where it turns out would-be girlfriend Toots is sleeping; she screams and rouses the household. Jumping to the obvious conclusion, Dolores breaks their engagement. Ralph is so unhappy that he decides to make a dangerous flight over the Pacific. Ralph's plane goes down and he loses all contact with the outside world. A plague called masculitis strikes, killing only men. Dr. Prodwell searches for a cure, but to no avail. Then a pilot tells Dr. Prodwell that she has found a man on a Pacific island. The women decide to keep the valuable discovery a secret, but a female gangster finds out about the last man's existence. All the women in the world as soon after Ralph, and Dolores must do her utmost to ensure that she is the one who marries him.",https://www.imdb.com/title/tt0023983/?ref_=sr_i_269
270. Shanghai Madness,1933,1h 8m,,6.8,48,,"In the 1920s Pat Jackson destroys a Chinese post and is discharged from the Navy. Li Po Chang hires him to run a gunboat up the river. He drops Wildeth off at a mission for safety, but when his boat returns the mission is being attacked by communists. If he can drive off the communists he may be restored to the Navy and receive permission to marry Wildeth.",https://www.imdb.com/title/tt0024546/?ref_=sr_i_270
271. The Great Jasper,1933,1h 25m,,6.4,35,,"Early in the century, high-spirited Irishman, Jasper Horn, drives a horse-drawn New York streetcar. But the electric era is beginning, so what's wrong with celebrating by having a drink while he's driving the tram? If it's only beer? Jasper and his wife, the teetotal daughter of a preacher, have a baby boy. His employer's beautiful wife finds herself attracted to the smartly-dressed son of Erin. A decade passes. The boss learns of the paternity of his son and fires Jasper. He leaves his wife and goes to Atlantic City where he finds success as a fez-wearing boardwalk fortune teller, the Great Jasper. Fifteen years pass. One of Jasper's sons has inherited his father's wicked ways...",https://www.imdb.com/title/tt0024079/?ref_=sr_i_271
272. One Year Later,1933,1h 9m,Passed,6.3,119,,"A man is convicted of killing his boss, whom he suspected of having an affair with his wife. On the train taking him to prison for his execution is a reporter who wants to interview the condemned man and the prisoner's wife.",https://www.imdb.com/title/tt0024416/?ref_=sr_i_272
273. L'étoile de Valencia,1933,1h 28m,,6.8,30,,"Because a sailor once told Pedro Savedra his wife Marion cheated on him he left her. Learning later that it was nothing but a practical joke, Pedro decides to find her and to win her back. He finally traces her in Palma de Mallorca, where she has become a cabaret singer. To set her free, he needs money and accepts a job. But Palesco, the nightclub owner, does not agree to let Marion go and will not shy about throwing a wrench in the gears.",https://www.imdb.com/title/tt0170861/?ref_=sr_i_273
274. Playthings of Desire,1933,50m,,4.2,22,,,https://www.imdb.com/title/tt0337029/?ref_=sr_i_274
275. My Woman,1933,1h 16m,Passed,6.3,158,,"Spirited singer and dancer Connie (Helen Twelvetrees) charms a radio station executive, John Bradley (Victor Jory), when he spots her performing in a Panama nightclub. Connie hits it off with John and visits him in New York City. However, what she really wants is a gig for Chick ...",https://www.imdb.com/title/tt0024365/?ref_=sr_i_275
276. The Dude Bandit,1933,1h 2m,Passed,5.3,114,,"After Burton kills Dad Mason and makes it look like a suicide, Ace Cooper arrives to investigate. He poses as a coward during the day but at night he becomes the daring Dude Bandit.",https://www.imdb.com/title/tt0023970/?ref_=sr_i_276
"277. Mary Stevens, M.D.",1933,1h 12m,Passed,6.5,670,,"Two doctors, Mary and Don, set up practices together. Don marries wealthy Lois and faces legal troubles. Mary becomes successful but has an affair with Don. Their unborn child dies at sea. Mary overcomes depression and finds purpose.",https://www.imdb.com/title/tt0024307/?ref_=sr_i_277
278. You Made Me Love You,1933,1h 10m,,6.4,148,,A rich American businessman in London makes believe he's lost all his money so that his daughter will marry a composer.,https://www.imdb.com/title/tt0024794/?ref_=sr_i_278
279. Before Dawn,1933,1h,Approved,6.0,552,,"Sinister forces compete to find the million dollars in gold hidden by recently deceased gangster Joe Valerie in his family's old dark house 15 years earlier,",https://www.imdb.com/title/tt0023790/?ref_=sr_i_279
280. Jimmy and Sally,1933,1h 5m,,5.3,87,,"Happy-go-lucky Jimmy O'Connor, a publicist for the Marlowe Meat Packing Company, continually relies on Sally Johnson, his secretary and sweetheart, to keep him organized and do his work when he neglects it. She has the idea to publicize E. W. Marlowe's products as producing courage and power, and Jimmy relates the idea to Marlowe. Impressed with Jimmy's slogan--""Eat Meat and Rule the World""--Marlowe agrees to let him organize a circus to be broadcast on the radio from the Marlowe department store's window. Despite the objections of Ralph Andrews, a fellow publicist who is in love with Sally, Jimmy hosts the stunt, and it goes awry when an elephant is scared by a mouse and wreaks havoc. Marlowe fires Jimmy the next day, but is forced to rehire him as the publicity agent of his mistress, Pola Wenski, when Jimmy finds out about the illicit relationship. Jimmy escorts Pola home to celebrate and spends the night on her couch after he passes out. Sally is infuriated by what she considers to be yet another example of Jimmy's insensitivity, and the couple squabble when he reappears. He tells her to listen to the radio to hear his latest brainstorm, and when she does, Sally is aghast to learn that Jimmy is publicizing Pola by spreading the story that she is in love with an unnamed notorious gangster whom she has never met. That night, Pola's nightclub is packed with gangsters, all hoping to be the beloved of the pretty singer, and Pola becomes enamored of tough Slug Morgan. Slug's men throw Jimmy and Marlowe out of the club, and Marlowe fires Jimmy once again. The next morning, Jimmy announces to Sally, who was at the club with Ralph during the incident, that he is opening his own agency and therefore needs nothing from Marlowe or her. Sally is then hired by Marlowe to fill Jimmy's old job, and as her success grows, so do Jimmy's unpaid bills. Sally visits Jimmy in his office and, seeing that he is destitute, tries to give him an account, but the headstrong Jimmy refuses to accept. Sally reprimands Jimmy for being selfish and ungrateful, then says she is through with him. Jimmy moves to the West Coast, and, after weeks of looking for work, ends up as a meat packer at a company similar to Marlowe's. The weeks pass as he saves money and is humbled by his experiences. Meanwhile, Sally accepts Ralph's proposal of marriage, even though she admits she still loves Jimmy. One of Jimmy's co-workers tells him it is not too late to win Sally back, and Jimmy returns to the East Coast to start over. He first goes to Marlowe and asks for a job. Jimmy explains to Marlowe that he is not the smart aleck he once was, and Marlowe tells him to report to the head of the publicity department. Jimmy is surprised to find that Sally is the department head, but he assures her that he understands what he lost and that he will work hard to regain it. He is discouraged when he sees her engagement ring, but after Sally tells him not to give up so easily, he asks her to marry him and she accepts. The reunited couple kiss as Ralph walks into the office.",https://www.imdb.com/title/tt0024195/?ref_=sr_i_280
281. Life in the Raw,1933,59m,,5.6,59,,"A girl comes to visit her brother in Arizona, but unbeknownst to her, he's part of a gang. They stage a robbery, and soon a murder of a witness. She and her brother lam out in different directions, but when she is cornered by a posse, she blames the crimes on a friendly cowboy who was helping her on the trail.",https://www.imdb.com/title/tt0024256/?ref_=sr_i_281
282. Apart from You,1933,1h 4m,,7.1,742,,Two Geisha with a connection to a young man deal with life's hardships.,https://www.imdb.com/title/tt0024214/?ref_=sr_i_282
283. Punyal na ginto,1933,,,,,,,https://www.imdb.com/title/tt0764869/?ref_=sr_i_283
284. The Monkey's Paw,1933,58m,Passed,6.6,131,,A mother wishes for the return of her dead son--a wish that is granted by the severed paw of a dead monkey.,https://www.imdb.com/title/tt0023235/?ref_=sr_i_284
285. Galloping Romeo,1933,1h,Passed,6.2,78,,"Money is mysteriously disappearing from a locked trunk atop the stage even though the trunk arrives still locked. When pals Bob Rivers and Grizzly get the job driving the stage, the same thing happens.",https://www.imdb.com/title/tt0024047/?ref_=sr_i_285
286. Breed of the Border,1933,58m,Passed,6.3,56,,"Joe has Cowboy-Race Driver Brent drive him to the border where his men slug Brent, and he shoots Stafford and takes his bonds. Brent's old friend Chuck arrives and the two head out to find the gang and recover the bonds.",https://www.imdb.com/title/tt0023839/?ref_=sr_i_286
287. Neighbors' Wives,1933,1h 1m,,,,,A young woman tries to break up a budding romance between her sweet but naive young sister-in-law and a man she regards as a no-account bum. In the process she accidentally kills the would-be boyfriend. Complications ensue.,https://www.imdb.com/title/tt0155909/?ref_=sr_i_287
288. Mirages de Paris,1933,1h 17m,,6.2,42,,"In this fast-moving fantasy, an unsophisticated student escapes from a boarding school to become, after many trials and tribulations, the ""toast of Paris.""",https://www.imdb.com/title/tt0194158/?ref_=sr_i_288
289. Skyway,1933,1h 10m,Passed,5.4,90,,"A cocky young pilot, at the urging of his girlfriend, takes a nice, ""safe"" job at the bank where her father is president.",https://www.imdb.com/title/tt0024573/?ref_=sr_i_289
290. Sunset Pass,1933,1h 1m,Passed,6.5,49,,"An agent for the Cattlemens Association goes undercover to prison to try to find out who's behind a cattle-rustling gang. When he finds out, he ""escapes"" from prison and gets in touch with the gang's contact man and manages to join the gang, hoping to discover the identity of their leader. Things start getting complicated when he finds himself falling in love with the contact man's sister.",https://www.imdb.com/title/tt0024630/?ref_=sr_i_290
291. Every-Night Dreams,1933,1h 4m,,7.1,729,,A single mother works tirelessly as a Ginza bar hostess to ensure a better life for her young son until--her long-lost husband returns.,https://www.imdb.com/title/tt0024793/?ref_=sr_i_291
292. Gordon of Ghost City,1933,3h 40m,Passed,6.5,77,,"A cowboy is hired to track down a gang of rustlers, but gets involved with a beautiful girl trying to run her grandfather's gold mine and other outlaws who are trying to stop her.",https://www.imdb.com/title/tt0024077/?ref_=sr_i_292
293. The Cheyenne Kid,1933,54m,Approved,5.2,102,,"Chasing a gambler that stole money, Tom Larkin gets his horse shot out from under him. Meeting an outlaw with a horse, after a fight Tom rides away on that horse. Arriving in town he is mistaken for the outlaw and offered a job of killing a man. But the man is the father of the girl that Tom's money was to go to but was stolen by the gambler.",https://www.imdb.com/title/tt0023885/?ref_=sr_i_293
294. Terror Aboard,1933,1h 9m,,6.5,188,,An ocean liner is found at sea with everyone on board dead. An investigation is begun to find out what happened.,https://www.imdb.com/title/tt0024649/?ref_=sr_i_294
295. A Bedtime Story,1933,1h 27m,Passed,6.4,156,,Parisian playboy plays father to an abandoned baby who interferes with his womanizing.,https://www.imdb.com/title/tt0023787/?ref_=sr_i_295
"296. Dance, Girl, Dance",1933,1h 14m,Not Rated,5.7,73,,"Vaudeville couple Joe and Sally split on bad terms. Sally, a beautiful and talented young woman, gets a break as a chorus girl in a musical production, and then hits the big time with a song she wrote.",https://www.imdb.com/title/tt0023925/?ref_=sr_i_296
297. The Blarney Kiss,1933,1h 21m,,,,,,https://www.imdb.com/title/tt0154240/?ref_=sr_i_297
298. The Right to Romance,1933,1h 7m,Approved,6.0,271,,"Respected plastic surgeon Peggy seeks romance at beach resort, reunites with playboy Bobby. They fall in love but face challenges blending different lifestyles.",https://www.imdb.com/title/tt0024501/?ref_=sr_i_298
299. Moonlight and Pretzels,1933,1h 23m,Approved,6.4,145,,A song plugger is stranded in a small town. There he meets a girl who later helps him to put on a show on Broadway.,https://www.imdb.com/title/tt0024348/?ref_=sr_i_299
300. The Mysterious Rider,1933,57m,Approved,5.9,29,,"The ranchers have given money through Benton to the crooked lawyer Harkness to save the titles to their land. When Harkness gets a better offer, he steals Benton's receipt for the money and Benton is jailed. To fight back, Benton escapes jail at night to become the Phantom.",https://www.imdb.com/title/tt0024366/?ref_=sr_i_300
301. Drum Taps,1933,1h 1m,Passed,5.4,88,,"Skinner and his gang are grabbing land from the ranchers. When they go after Kerry's ranch Ken stops them. Skinner frames Ken for rustling but the Sheriff is on Ken's side, and with the help of his brother Earl's Boy Scout troup they go after the gang.",https://www.imdb.com/title/tt0023967/?ref_=sr_i_301
302. Black Beauty,1933,1h 10m,,6.0,20,,"Black Beauty is being trained to run in the steeplechase race, upon which the Cameron family has staked its fortune. However, the horse is injured racing for a doctor when its owner is hurt, and it looks like it won't recover in time to compete in the race.",https://www.imdb.com/title/tt0023815/?ref_=sr_i_302
303. Stage Mother,1933,1h 25m,Approved,6.1,278,,"A vaudeville star has to leave her daughter with her dead husband's stuffy Boston parents while she makes a living. But when the daughter shows some talent, the mother become a stage mother and pushes her daughter into becoming a Broadway star. The mother is a monster with a heart of gold, and after breaking up the daughter's love affair, finally sees the error of her ways.",https://www.imdb.com/title/tt0024609/?ref_=sr_i_303
304. Curtain at Eight,1933,1h 8m,,5.5,245,,An elderly detective sets out to find who murdered a stage actor.,https://www.imdb.com/title/tt0025025/?ref_=sr_i_304
305. Midnight Club,1933,1h 4m,,6.6,135,,"Elegant Colin Grant and his associates are successful jewelry thieves, even unmasked to their victims, their perfect alibis making it impossible for the Comissioner police to arrest them. Things are running smoothly until Nick Mason enters the scene--and flirts with Colin's love interest.",https://www.imdb.com/title/tt0024333/?ref_=sr_i_305
306. Le coucher de la mariée,1933,1h 15m,,,,,"Claude loves Gisèle, Raymonde loves Édouard, but a double misunderstand leads to the marriage of Claude and Raymonde. Obviously, they vow not to consumate the marriage until they divorce, and can marriage their true loves. But than, come the honey-moon night, more extraordinary things happen to them - even love.",https://www.imdb.com/title/tt0191051/?ref_=sr_i_306
307. The Way to Love,1933,1h 20m,,6.7,83,,"The Way to Love is a 1933 American Pre-Code romantic comedy film, starring Maurice Chevalier and Ann Dvorak.",https://www.imdb.com/title/tt0024755/?ref_=sr_i_307
"308. Hello, Sister!",1933,1h 2m,Passed,6.3,273,,"Peggy and her friend Millie are strolling down Broadway while Jimmy and Mac are trolling Broadway, and the four get together. Jimmy and Peggy get together in many romantic ways and Peggy soon finds that her expected baby needs a father. Since Jimmy is the father (to-be) she informs him, but Jimmy thinks she is lying.",https://www.imdb.com/title/tt0024104/?ref_=sr_i_308
309. Take a Chance,1933,1h 22m,Passed,6.2,82,,"From a team 2 girls and 2 not-straight men, a girl leaves to be a star, other stays to keep the boys straight. The star comes back with a producer, who falls in love with the girl who stayed. There are hurdles, the 2 men, and her IOU.",https://www.imdb.com/title/tt0024640/?ref_=sr_i_309
310. Der Tunnel,1933,1h 12m,,5.0,108,,"An engineer is hired to plan and oversee the construction of a undersea tunnel between Europe and the US. However, certain interests don't want to see the tunnel built and use every means at their disposal, including sabotage and murder, to stop its construction.",https://www.imdb.com/title/tt0024703/?ref_=sr_i_310
311. Before Midnight,1933,1h 3m,Passed,6.0,389,,Detective tries to figure out who killed a man who predicted his own death.,https://www.imdb.com/title/tt0024868/?ref_=sr_i_311
312. From Hell to Heaven,1933,1h 7m,Passed,6.1,139,,"The various residents and occupants of a resort hotel await the outcome of a horse race at a nearby track, as it will affect each of their lives in different ways. .",https://www.imdb.com/title/tt0024041/?ref_=sr_i_312
313. Destination Unknown,1933,1h 6m,,6.8,58,,A group of people are stuck on a schooner in the middle of the Pacific with no wind.,https://www.imdb.com/title/tt0023941/?ref_=sr_i_313
314. The Billion Dollar Scandal,1933,1h 21m,,6.8,54,,"""Fingers"" Partos, known by fighters for his great massages, is paroled from prison and returns to straighten out his brother, ""Babe."" Fingers is convinced that Babe should be a classy person and insists that Babe give up women and liquor. Through a car accident with his buddies ""Kid"" McGurn and ""Ratsy"" Harris, Fingers gets a job with billionaire John Dudley Masterson, whose daughter Doris is on an alcoholic binge. After three months, Fingers helps Babe get a job on the stock market through his connections with Masterson. Meanwhile, Masterson brings in other wealthy men to his private gym where he has Fingers act as a trainer. These sessions also serve as a business meeting for the powerful men, and Fingers hears about many stock tips through which he is able to earn more money. Masterson becomes angry when he discovers that Doris, who is no longer drinking, is dating Babe. Fingers is also against the relationship because he believes Doris is a lush. When Doris refuses to dump Babe, Masterson frames him by letting Fingers overhear a false stock tip, which Fingers then relates to Babe. Babe's boss is wiped out by the tip, and Fingers realizes that Masterson is crooked, even though he always revered the upper classes as being the ""best people."" Masterson fires Fingers, who opens a massage parlor with the help of his friends and girl friend Anna. Reporter Albert Griswold informs Fingers that Masterson's business dealings are being investigated and that Fingers is the only person who can reveal the truth. Fingers agrees to help after Griswold convinces him that he will be a hero. Masterson tries to bribe Fingers, but when he refuses to accept, Masterson hires professional killer Carter B. Moore to prevent Fingers from testifying in Washington. Moore sends a thug to Fingers' hotel room to kill him, but the thug is killed and Ratsy and Kid are arrested for the murder. Moore tries to use their arrest as leverage to prevent Fingers from testifying, but Fingers refuses to be intimidated and points out one of Mastersons' cohorts as the murderer, and he immediately commits suicide. Fingers' testimony convicts Masterson's pals, and lack of evidence frees Kid and Ratsy. When all is over, Griswold is unable to help Fingers get back on his feet, informing him that although he was the man of the hour, there is nothing so cold as yesterday's news. After seeing an article on Babe and Doris' marriage, Fingers goes out into the street to join his cold and hungry companions, Kid and Ratsy, and once again start his life over from the bottom.",https://www.imdb.com/title/tt0023811/?ref_=sr_i_314
315. Madame Wants No Children,1933,1h 26m,,6.1,26,,,https://www.imdb.com/title/tt0024287/?ref_=sr_i_315
316. I Lived with You,1933,1h 40m,,6.3,259,,A young London woman meets an impoverished Russian prince. She brings him home to live with her middle-class family. The prince has diamonds from the last czar to sell. The money and his royal fame transform the family's lives.,https://www.imdb.com/title/tt0024157/?ref_=sr_i_316
317. Broadway Bad,1933,1h 1m,Passed,6.0,258,,"Showgirl Joan Blondell, supported by her friend Ginger Rogers, fights for the custody of her son during a divorce hearing.",https://www.imdb.com/title/tt0023846/?ref_=sr_i_317
318. Song of the Streets,1933,1h 21m,Passed,6.5,91,,"A gang of poverty-ridden juvenile delinquents progress from petty theft to hard crime, but a kindly judge manages to set most of them on the right path after they are finally apprehended.",https://www.imdb.com/title/tt0023929/?ref_=sr_i_318
319. Nearly Naked,1933,55m,,5.1,15,,"Based on a sketch that was in the Broadway hit ""Ballyhoo"", Eddie Foy Jr. is forced to join a nudist cult in order to win the girl he loves, Vera Marshe. He, especially when Vera is near, becomes somewhat distracted and being new to nudism has a hard time adapting. He grabs some foliage to conceal his lack of clothing---the only girl around that is wearing anything has on glasses--and his coverage turns out to be poison ivy, but he thinks love is causing his itch. Billy Hughes, of the Smith Brothers team and Ralph Sanford are also involved, as is singer Dorothy Dare.",https://www.imdb.com/title/tt2283128/?ref_=sr_i_319
320. The Eleventh Commandment,1933,1h 8m,,5.8,61,,"A wealthy unmarried woman dies, and since no heirs can be found, her estate will automatically go to her attorney. The attorney's partner, however, would like to get his hands on the old woman's money, so he hatches a scheme with a barmaid and a distant relative of the woman for the barmaid to pose as the dead woman's direct descendant so she'll collect the estate and they can all split the proceeds. However, things don't go exactly as planned.",https://www.imdb.com/title/tt0023980/?ref_=sr_i_320
321. La dame de chez Maxim's,1933,1h 49m,,5.5,23,,"Dr. Lucien Petypon is usually a serious man, but, drawn by his friend Corignon, he once paints the town red at Maxim's. When he wakes up late the next morning, he finds the scantily clad Môme Crevette, a dancer at the famous Paris restaurant, by his side. It is the moment General Petypon du Grêlé, Lucien's rich uncle, chooses to make an unexpected visit. The good doctor has no other choice but to pass Crevette off as his lawful wife.",https://www.imdb.com/title/tt0204239/?ref_=sr_i_321
322. Midshipman Jack,1933,1h 11m,Passed,5.7,62,,"Given a last chance, after failing to graduate with his class at the United States Naval Academy in Annapolis,Maryland because he was reported by a jealous rival for being out after 'Taps,"", Midshipman Jack Austin is warned that one more offense meets dismissal from the Navy, he shoulders the responsibility for a head-on crash between a seaplane and the submarine-chaser under his command during peace-time maneuvers.",https://www.imdb.com/title/tt0024336/?ref_=sr_i_322
323. The Woman I Stole,1933,1h 10m,,6.4,88,,A man (Jack Holt) wins his best friend's wife (Fay Wray) and seems to be plotting to ruin the man's oil business.,https://www.imdb.com/title/tt0024783/?ref_=sr_i_323
324. Over the Waves,1933,1h 30m,,6.5,23,,"Based on the brief life of the Mexican composer of the famous waltz, ""Over the Waves"" (""Sobre las Olas""), Juventino Rosas.",https://www.imdb.com/title/tt0140554/?ref_=sr_i_324
325. The Warrior's Husband,1933,1h 15m,,6.3,82,,"In Pontus, the land of the Amazons, gender roles and natures are completely reversed: men stay at home and take care of the children and women are the strong sex, thanks to the sacred girdle of the Roman goddess Diana. It is in the care of Queen Hippolyta and her sister Antiope, the commander of the female armed forces. Only Sapiens, Queen Hippolyta's new husband, advocates women's rights.",https://www.imdb.com/title/tt0024753/?ref_=sr_i_325
326. El prisionero 13,1933,1h 16m,,7.2,220,,"El Prisionero 13 (Prisoner 13) is part of the trilogy of films made by Fernando Fuentes concerning the Mexican Revolution. The film centers on the drunkard Colonel Carrasco, whose wife Marta leaves him taking his young son. The child, Juan, grows into an admirable and well-mannered young man. Having been promoted to a higher rank of power amidst the Mexican Revolution, the indulgent and corrupt Colonel accepts a bribe to free a revolutionary, Felipe Martinez, from his prison. Martinez has been sentenced to execution at the hands of a firing squad. Carrasco asks to have the revolutionary replaced by absolutely anyone. In a twist of fate, that anyone turns out to be his own long lost son Juan. Upon receiving this news, Marta races to the prison and explains the predicament to Carrasco. He subsequently desperately attempts to prevent the gunning down of his son by his very own government officials.",https://www.imdb.com/title/tt0024470/?ref_=sr_i_326
327. Olsen's Big Moment,1933,1h 10m,,,,,"Gangsters, gold-digging dames, and other assorted characters nettle an overworked custodian in this odd farce.",https://www.imdb.com/title/tt0024406/?ref_=sr_i_327
328. Treason,1933,1h 3m,Passed,6.8,56,,It's just after the Civil War in Kansas and Joan Randall and her troops are continuing the struggle. Jeff Conners is sent to bring her in and when he does she is found guilt and sentenced to hang. Earlier Jeff learned that her assistant Colonel Jedcott is the real culprit and rides to the Governor for a pardon only to be waylaid by Jedcott on the return trip.,https://www.imdb.com/title/tt0024694/?ref_=sr_i_328
329. Shadow of Pancho Villa,1933,1h 26m,,3.8,23,,,https://www.imdb.com/title/tt0023391/?ref_=sr_i_329
330. Charlemagne,1933,1h 32m,,,,,,https://www.imdb.com/title/tt0209962/?ref_=sr_i_330
331. Augustas lilla felsteg,1933,1h 18m,,4.8,120,,"Lisa, a young woman living in the countryside, is going to Stockholm to meet her biological mother, Augusta Magnusson, for the first time since she was an infant. On the train she meets Holger Jönsgård, who has just finished his studies at the agricultural school in Altorp. Holger follows Lisa to her mother's dwelling on the South Side of Stockholm. Augusta is deeply moved when seeing her daughter after all those years. She and her new husband David, together with their neighbors Smulle and Klara Månsson, have prepared a crayfish party in the evening, to which both Lisa and Holger are invited. During the evening Lisa and Holger fall in love. Smulle and Klara have a beautiful daughter, Ingrid, who is courted by two young men. One of them, the wealthy Helge Hagström, lures her away in his car to a hotel outside Stockholm, where he tries to seduce her in her room by night. Ingrid resists, and back home she falls in the arms of her other wooer, the destitute Einar Hallbäck. Helge steals money from his wealthy father, and accuses Einar of the theft, thus hoping to get rid of his rival and win Lisa back.",https://www.imdb.com/title/tt0023771/?ref_=sr_i_331
332. Koliyivshchyna,1933,1h 20m,,5.9,45,,About the struggle of the Ukrainian poor against the Polish gentry and local feudal lords in the XVIII century.,https://www.imdb.com/title/tt0025354/?ref_=sr_i_332
333. On Your Guard,1933,59m,,4.7,58,,"An ex-con makes for a backwoods town intending to rob the bank, and becomes involved in protecting three orphans from land swindlers instead.",https://www.imdb.com/title/tt0187371/?ref_=sr_i_333
334. V poslednjuju noch,1933,,,,,,,https://www.imdb.com/title/tt21339894/?ref_=sr_i_334
335. Marriage on Approval,1933,1h 7m,Passed,,,,"A young man and woman go out partying, have way too much to drink and wake up the next morning to find out that they're married.",https://www.imdb.com/title/tt0129226/?ref_=sr_i_335
336. Professional Sweetheart,1933,1h 13m,Passed,6.0,799,,"A vice-free radio singer wants to experience the dark side of life, so a press agent convinces her sponsor to choose a ""professional sweetheart"" from her fans.",https://www.imdb.com/title/tt0024476/?ref_=sr_i_336
337. Paris Plane,1933,52m,,,,,,https://www.imdb.com/title/tt0126600/?ref_=sr_i_337
338. Fargo Express,1933,1h 1m,Passed,7.1,63,,"When Mort loses his and Ken's money at poker, Goss gets him to rob the stage. He is captured, identified by his palomino horse. Ken tries to clear him by robbing a stage while riding a palomino, but he also gets caught.",https://www.imdb.com/title/tt0022880/?ref_=sr_i_338
339. Channel Crossing,1933,1h 10m,,5.7,86,,"Money isn't everything. Tycoon races against time to cross the English Channel in order to save a business deal, but along the way his whole value system is thrown into turmoil.",https://www.imdb.com/title/tt0022754/?ref_=sr_i_339
340. La poule,1933,1h 9m,,,,,,https://www.imdb.com/title/tt0230648/?ref_=sr_i_340
341. After Tonight,1933,1h 11m,Passed,6.2,437,,"While romancing a beautiful Russian countess, a captain in the Austrian intelligence service is assigned to capture ""K-14"", a clever spy who has so far managed to remain undetected. What the captain doesn't know is that he is actually closer to the spy than he realizes.",https://www.imdb.com/title/tt0023742/?ref_=sr_i_341
342. Ray of Sunshine,1933,1h 27m,,7.3,214,,"Vienna, at the height of the Great Depression. Like so many others, Hans has no work, no money, nowhere to live. Having lost his livelihood as a taxi driver, he decides that the only solution is to kill himself. But just as he is about to drown himself, he sees a young woman dive into the river, obviously with the same intention. Without a thought, Hans pulls the woman out of the water and does his best to comfort her. Her name is Anna and she is only 18, but like Hans she no longer has the strength to go on living.",https://www.imdb.com/title/tt0024600/?ref_=sr_i_342
343. The Shadow Laughs,1933,1h 7m,,4.3,118,,"The police investigate a bank robbery, and when they don't seem to be making much headway, a newspaper reporter decides to investigate it on his own.",https://www.imdb.com/title/tt0024545/?ref_=sr_i_343
344. The Whirlwind,1933,1h 2m,Passed,6.2,39,,"After years of wandering, Tim returns to Sagebrush where he is suspected of murder and the conflict between him and Sheriff Hurley is reignited. After Tim beats Hurley in a wrestling match he goes to the bank to collect. But Hurley and banker Blackton, taking money from the bank, claim Tim robbed the bank.",https://www.imdb.com/title/tt0024767/?ref_=sr_i_344
345. His Double Life,1933,1h 8m,Passed,6.4,441,,"Priam Farrel is a celebrated artist but a social recluse. When his valet dies of a sudden illness, the timid artist inadvertently assumes the identity of his former servant, but finds himself faced with constant dilemmas as a result.",https://www.imdb.com/title/tt0024122/?ref_=sr_i_345
346. Strange People,1933,1h 4m,Passed,5.6,100,,"All 12 jury members who sent an innocent man to the gallows are gathered together for a demonstration of how convictions can be made on circumstantial evidence. During the proceedings, a phony murder is quickly revealed as the real thing.",https://www.imdb.com/title/tt0024619/?ref_=sr_i_346
347. Den ny husassistent,1933,1h 33m,,3.2,11,,"There is great confusion in the director's home. The confusion overwhelms the couple when the young housekeeper turns out to be the director's daughter and the older one her mother. It can only go wrong, and it gives reason to send an excited and upset Olga Svendsen onto the field.",https://www.imdb.com/title/tt0195956/?ref_=sr_i_347
348. A Cuckoo in the Nest,1933,1h 25m,,5.7,154,,A crowded inn means that a man and a woman must share the same room for a night. One problem is that they are both married - to other people. The other problem is that they used to be engaged to each other.,https://www.imdb.com/title/tt0023923/?ref_=sr_i_348
349. Jennie Gerhardt,1933,1h 25m,,6.8,204,,"Jennie Gerhardt is a destitute young woman. While working in a hotel in Columbus, Ohio, Jennie meets George Brander, a United State Senator, who becomes infatuated with her. He helps her family and declares his wish to marry her.",https://www.imdb.com/title/tt0024193/?ref_=sr_i_349
350. The Fugitive,1933,1h,Passed,5.3,35,,"Prison inmate Dutch knows location of stolen $500,000. Agent Joe befriends him in jail, breaks them out. At stash site, money is missing. Dutch's former gang also searches for it unsuccessfully. The hunt for the hidden loot continues.",https://www.imdb.com/title/tt0024042/?ref_=sr_i_350
351. Under the Tonto Rim,1933,1h 3m,Passed,5.5,26,,"""Tonto"" Daily fails as a cowpuncher for Weston, wealthy cattleman, and is demoted to chuck-wagon driver. He falls even lower, in Weston's estimation, when he loses the wagon in a river crossing and imperils the life of Nina, Weston's daughter. Porky and Tex, two worthless cowboys, who aspire to own a pig farm, learn that Daily has inherited a fortune and they beg him to invest in their pig-farm venture. Daily declines. In spite of his bumbling mistakes, Munther, the ranch foreman, and a rustler on the side, keeps Daily around. He assigns him to guard 5,000 longhorn cattle in the Weston stockyards. When he falls asleep, Munther and Joe Gilbert, a suitor for Nina's hand, steal six hundred head of cattle and hide them in a cavern below the Mexico border. Daily flees the situation and invests money in the pig farm, but his heart is still with the cows. Porky and Tex take him to a Mexican border cantina, and they spread the report that their friend is really the notorious outlaw, the Tonto Kid, from ""under the Tonto Rim."" Nina is also at the cantina, accompanied by Gilbert, and she is thrilled to learn that Daily is a bold, bad man. Gilbert exposes Daily for the meek man he really is and has a bouncer throw him into the street. Nina's sudden scorn changes Daily into a roaring, two-fisted he-man, cleans out the saloon, commandeers a couple of horses, takes Nina prisoner and escapes.",https://www.imdb.com/title/tt0024718/?ref_=sr_i_351
352. Face in the Sky,1933,1h 17m,Passed,6.3,112,,"Sign painters Joe and Lucky travel around New England looking for jobs. After Joe uses Madge as a model, she hides in their wagon. The painters are about to be charged with kidnapping until she promises to marry Joe. In New York he attempts to paint a huge sign that has stopped others before him.",https://www.imdb.com/title/tt0023998/?ref_=sr_i_352
353. Bon Voyage,1933,1h 23m,,6.4,8,,This operetta adaptation centers on two men who return to Hamburg from Brazil: one seeks a woman for love whereas the other seeks a woman who claims to be an heiress.,https://www.imdb.com/title/tt0024066/?ref_=sr_i_353
354. A Man of Sentiment,1933,1h 2m,,5.0,57,,"A man and woman fall in love at first sight, but everyone in their universe tries to keep them apart except one old fool with a sentimental heart.",https://www.imdb.com/title/tt0024300/?ref_=sr_i_354
355. Scarlet River,1933,54m,Approved,6.1,227,,"Unable to find open range near Hollywood, western actor Tom Baxter and his troop head to Judy Blake's ranch to shoot their film. Tom soon learns her foreman has been rustling and poisoning her cattle. When Tom threatens to expose him, Judy is kidnapped and the troop told to leave. With an expert makeup man available. Tom poses as one of the outlaws in an attempt to rescue her.",https://www.imdb.com/title/tt0024524/?ref_=sr_i_355
356. Storm at Daybreak,1933,1h 18m,Passed,5.7,320,,"Sarajevo June 28, 1914. Dushan, the Serbian mayor of a Hungarian town, has come to see the parade of Archduke Ferdinand. While there he runs into Geza, an old friend in the Hungarian Army and invites him to come to his house and visit him and his new wife. Tensions between the Serbs and the Hungarians in the Austro-Hungarian Empire reach their boiling point when a Serb assassinates the Archduke and war breaks out. Dushan returns home desperately trying to keep the Serbs in his town loyal to Austro-Hungary while protecting his people from the suspicious Hungarian army. His new wife Irina sides with the Serbs and hides deserters in the barn. Geza arrives to search the premises. Dushan gives his word there are no deserters at his home but afterwards his wife tells him the truth and talks him into using his servant Panto to help the deserters escape while she distracts Geza by flirting with him. Geza sees through her ruse but lets the deserters escape because he is beginning to fall in love with Irina and she with him. After the war, the city falls under Serbian control and Panto becomes the head of the police. He pursues Geza just as Dushan begins to suspect that his wife and Geza are lovers.",https://www.imdb.com/title/tt0024616/?ref_=sr_i_356
357. T'amerò sempre,1933,1h 10m,,7.0,49,,"When young Adriana gives birth to her daughter, she understands that her baby's father won't come back to her; he is, in fact, a playboy, Diego. Years pass by and Adriana is now happy with her new job in a hair salon but, when one day Diego comes in the salon, he sees Adriana and he tries to speak with her but she tries to hide herself. He visits her another night but she refuses him; in the meantime, a colleague of Adriana, the accountant Mario Fabbrini.....",https://www.imdb.com/title/tt0024639/?ref_=sr_i_357
358. Flüchtlinge,1933,1h 27m,,4.7,97,,"Propaganda film detailing the plight of ethnic Germans, known as ""Volga Germans"", in the Soviet province of Manchuria.",https://www.imdb.com/title/tt0024027/?ref_=sr_i_358
359. Dangerous Crossroads,1933,1h 2m,Passed,5.3,21,,"A railroad detective is having a difficult time stopping or even slowing down a gang that is robbing the merchandise carried on the freight trains, with inside information. However, his son and his son's young friends notice something that helps the railway detective get on the right trail.",https://www.imdb.com/title/tt0023927/?ref_=sr_i_359
360. Ship of Wanted Men,1933,1h 3m,Passed,2.6,21,,A gang of escaped convicts hijacks a ship and heads for a remote island. On the way they pick up a young woman who's been shipwrecked.,https://www.imdb.com/title/tt0024551/?ref_=sr_i_360
361. Story of a Sin,1933,,,,,,The teenage girl is first seen confessing and warned about having any impure thoughts or feelings. Her family has boarders and one day a young man moves in and they fall in love.,https://www.imdb.com/title/tt0023972/?ref_=sr_i_361
362. The White Sister,1933,1h 45m,Approved,6.1,514,,"A young woman falls in love with a dashing officer, but becomes a nun when she believes him to be killed in battle.",https://www.imdb.com/title/tt0024770/?ref_=sr_i_362
363. Song of the Eagle,1933,1h 23m,Passed,6.7,35,,"A German American family from 1916 thru 1933. After the losses of the Great War, what will happen to the family patriarch and his lager business under Prohibition?",https://www.imdb.com/title/tt0024599/?ref_=sr_i_363
364. The Man Who Dared,1933,1h 12m,Passed,5.6,51,,"An ""imaginative biography"" of Anton Cermak, mayor of Chicago who was killed in the line of fire during an assassination attempt on President-elect Franklin D. Roosevelt in Miami on February 15, 1933.",https://www.imdb.com/title/tt0024296/?ref_=sr_i_364
365. The Trail Drive,1933,1h,Passed,4.5,34,,Honest John is pulling off a swindle by buying cattle in Texas with worthless scrip and selling them in New Mexico for cash. Ken is leading the cattle drive not knowing that when they cross the state line Honest John's plan will have succeeded.,https://www.imdb.com/title/tt0025904/?ref_=sr_i_365
366. The Devil's Mate,1933,1h 8m,,5.0,19,,"A convicted murderer has been sentenced to death in the electric chair. He decides to spill the name of the man who hired him, but just before he does he's killed by a poison dart. A police detective and a pretty young newspaper reporter team up to find out the identity of the man behind the killings.",https://www.imdb.com/title/tt0023944/?ref_=sr_i_366
367. Sininen varjo,1933,1h 31m,,5.5,15,,Joel Orma is a burglar known for his blue outfit. He breaks into the bedroom of director Tuula's daughter Raila is surprised but escapes. Later they meet in another situation Without Tuula knowing that Joel is the burglar.,https://www.imdb.com/title/tt0024567/?ref_=sr_i_367
368. S.O.S. Iceberg,1933,1h 30m,,6.6,269,,An expedition goes in search of a party lost in the Arctic the year before.,https://www.imdb.com/title/tt0024514/?ref_=sr_i_368
369. Headline Shooter,1933,1h 1m,Approved,6.1,197,,The adventures of a wayward newsreel cameraman.,https://www.imdb.com/title/tt0024097/?ref_=sr_i_369
370. S.O.S. Iceberg,1933,1h 17m,Passed,6.4,175,,An expedition goes in search of a party lost in the Arctic the year before.,https://www.imdb.com/title/tt0446201/?ref_=sr_i_370
371. Too Much Harmony,1933,1h 16m,Approved,6.2,109,,"A singer is involved with two women in his life, one a ""good"" girl and one a ""bad"" one.""",https://www.imdb.com/title/tt0024683/?ref_=sr_i_371
"372. Attendez, chauffeur!",1933,46m,,,,,,https://www.imdb.com/title/tt4760752/?ref_=sr_i_372
373. Her Forgotten Past,1933,1h 5m,Passed,5.7,24,,"Over the objections of her father (Henry B. Wathall) Doris Maynard (Barbara Kent) elopes with family chauffeur Dan Simmons (Eddie Phillips). Simmons pawns her jewels, forges her father's name on a bank note and leaves Doris a note to go home and let her father support her. A year or two later, Doris meets and falls in love with and marries Donald Thorne (Monte Blue), a crusading district attorney. Her father advises her to let the past remain buried and unrevealed. A campaign for re-election is on and Thorne has the machine organization in despair. Denman (Dewey Robinson), the machine head, is desperate and gets hold of Manners (William V. Mong), a former butler in Thorne's home who had been fired by Doris for petty theft. Manners agrees to plant some manufactured evidence in Thorne's home to discredit him. Manners, with Thorne out of town and the servants off, has no problem entering the Thorne residence. Neither does Simmons who breaks in upstairs with intentions of blackmailing Doris about her past. Downstairs, Manners is placing the framed evidence in a secret drawer of the library table when he discovers a gun that Thorne had given Doris for protection. He hears voices upstairs, investigates and overhears Simmons making his blackmail demands of Doris. She gives him her money and jewels and he departs, followed by Manners, who kills Simmons and throws the gun in the bushes. An investigation, spurred by Denman, reveals the murdered man was Mrs. Donald Thorne's unrevealed ex-husband and the murder weapon the gun Thorne had left for Doris' protection. None of this information bodes well for Thorne's re-election campaign.",https://www.imdb.com/title/tt0024110/?ref_=sr_i_373
374. The World Changes,1933,1h 31m,Passed,6.7,554,,"An ambitious farmer becomes a pioneer in the meat-packing business, finding financial success but private disappointment over the course of many decades.",https://www.imdb.com/title/tt0024786/?ref_=sr_i_374
375. Pleasure Cruise,1933,1h 12m,,6.3,168,,"A stay-at-home husband and his businesswoman wife plan separate vacations, but he doesn't go fishing. He masquerades as a barber on her pleasure cruise.",https://www.imdb.com/title/tt0024455/?ref_=sr_i_375
376. The Lure,1933,1h 5m,,,,,,https://www.imdb.com/title/tt0134801/?ref_=sr_i_376
377. Night in the City,1933,1h 5m,,,,,"The story of a poor family living in China's slums. The daughter is forced to work at the docks. When it is learned that the slum's landlord is preparing to demolish the entire tenement, the daughter is forced to give up her body to her landlord's son in exchange for a delay in construction.",https://www.imdb.com/title/tt10265312/?ref_=sr_i_377
378. Twin Husbands,1933,1h 8m,Passed,6.5,154,,John Miljan plays a famous crook who awakens in a posh mansion.,https://www.imdb.com/title/tt0025921/?ref_=sr_i_378
379. Reka,1933,1h 15m,,7.1,79,,"Poetic folk tale, set in the beautiful Czech countryside, of two 14-year-olds who fall in love.",https://www.imdb.com/title/tt0158893/?ref_=sr_i_379
380. Insel der Dämonen,1933,1h,,7.2,24,,"Wajan, the son of Nudonk,a witch, is beset with difficulties. His mother is in ill favor with the Balinese natives who want to get rid of her, and the hand of Sari, a native chieftain's daughter, will not be his until this is accomplished. How he manages to save his mother and also win Sari is unfolded in the film.",https://www.imdb.com/title/tt0295019/?ref_=sr_i_380
381. Hotel Variety,1933,1h 5m,Passed,6.3,21,,"The title refers to a New York City boarding house for vaudeville performers, none of whom have any steady work including a divorced dancer, Hal Skelly, who has custody of his young son, Jackie Jordan. Olive Borden, is a nightclub dancer who witnesses a murder and takes refuge in the boarding house. Skelly and Borden fall in love while the former tries to keep his ex-wife from taking custody of their son, and Borden is hoping the killer doesn't catch up to her.",https://www.imdb.com/title/tt0024142/?ref_=sr_i_381
382. Reform Girl,1933,1h 10m,Passed,5.2,58,,A young girl just out of prison and desperate for money finds herself involved in a plot to smear a politician by pretending to be his long-lost daughter.,https://www.imdb.com/title/tt0024491/?ref_=sr_i_382
383. Hold the Press,1933,1h 5m,Passed,6.3,23,,"When newspaper reporter Tim Collins, of the ""Post"", is slugged while investigating the shooting of a big-time gambler, he sets out to get his man with such determination that he ends up in jail. There, he discovers a ""parole racket"" which involves a crooked politician, and he faces death to get the story for his paper.",https://www.imdb.com/title/tt0024132/?ref_=sr_i_383
384. The Girl in 419,1933,1h 7m,,6.0,119,,"A young woman is found in the street, savagely beaten and near death. As she recovers in hospital, the chief henchman of the gangster responsible is in the hospital with orders to finish the job.",https://www.imdb.com/title/tt0024065/?ref_=sr_i_384
385. ¡Tango!,1933,1h 20m,,6.2,75,,"This is the story of a love triangle between a tango singer, a dishonest man and a poor woman. She runs away with the bad man, knowing that she actually is with the wrong one. Rejected, the tango singer leaves to Paris to perform, hoping that he will find her there.",https://www.imdb.com/title/tt0024642/?ref_=sr_i_385
386. Hoopla,1933,1h 25m,Passed,6.6,356,,A hula dancer at a carnival sets out to seduce the son of the show's manager.,https://www.imdb.com/title/tt0024139/?ref_=sr_i_386
387. Grain,1933,1h 30m,,,,,,https://www.imdb.com/title/tt0129122/?ref_=sr_i_387
388. Police Call,1933,1h 3m,Passed,,,,"A professional fighter decides to quit the sport and go to college, but he finds out that his sister has gotten mixed up with gangsters.",https://www.imdb.com/title/tt0134037/?ref_=sr_i_388
389. If I Were Free,1933,1h 6m,Approved,6.0,355,,"A suicidal World War I veteran and an antique dealer, both already married to others, embark on a love affair.",https://www.imdb.com/title/tt0024170/?ref_=sr_i_389
390. Topaze,1933,1h 43m,,6.9,149,,"A timid and naive schoolteacher who teaches his pupils honesty, is taken advantage of but when a crooked aristocrat involves him in a business scheme, he enjoys the dishonesty for a change.",https://www.imdb.com/title/tt0159039/?ref_=sr_i_390
391. Unknown Valley,1933,1h 9m,,6.7,75,,"Looking for his missing father, Joe Gordon heads into the desert where Elders from a secret village find him unconscious. Attracted to Sheila O'Neill, the two plan an escape from the village where no one is allowed to leave. But then he learns his father is being held prisoner; when he finds him, he is also made a prisoner.",https://www.imdb.com/title/tt0024722/?ref_=sr_i_391
392. The Mystery Squadron,1933,3h 47m,Passed,5.9,86,,"Hank Davis, foreman on a huge dam project, enlists the aid of his two flyer friends when a sinister figure known as The Black Ace leads his Mystery Squadron of masked pilots in an attempt to destroy the dam.",https://www.imdb.com/title/tt0024367/?ref_=sr_i_392
393. Master of Men,1933,1h 5m,Passed,,,,"A steel-mill worker, Buck Garrett (Jack Holt) betters himself and becomes involved in the New York stock market. He marries Kay Walling (Fay Wray), who disapproves his market schemes and gabs about them to the wrong people. The result is the stock market collapses and he goes bankrupt. The couple makes up and go on to live a richer, but poorer life in the county.",https://www.imdb.com/title/tt0024309/?ref_=sr_i_393
394. Tillie and Gus,1933,58m,Approved,6.9,575,,"Tillie and Augustus Winterbottom are thought to be missionaries when they arrive to find Phineas Pratt trying cheat the Sheridans out of her father's inheritance, including a ferry franchise and a boat. The only way to keep the franchise is to win a race against Pratt's boat.",https://www.imdb.com/title/tt0024672/?ref_=sr_i_394
395. The Worst Woman in Paris?,1933,1h 16m,,6.6,61,,"Beautiful Englishwoman Peggy Vane tires of being gossiped about in Paris, where scandalmongers have labeled her ""the worst woman in Paris"" because of her numerous suitors. Her constant companion is the wealthy and jaded Adolphe Ballou, who is known as ""the best-dressed man in Paris."" The two sophisticates grow weary of their daily routine and assume that they are bored with each other. They agree to part company, and after Adolphe promises her that he will always stand by her if she needs him, Peggy goes to America with her maid Jeanine. In Bridgetown, Kansas, the train Peggy and Jeanine are on is involved in a wreck, and inspired by the courage of John Strong as he rescues trapped passengers, Peggy saves a baby and is injured in the process. While Bridgetown citizens are acclaiming her heroism, Peggy convalesces in the home of John and his mother, who are the kind of simple people Peggy once admired but now regards as amusing. As the days pass, Peggy loses her veneer of over-sophistication and grows to respect Mrs. Strong and John, who is the headmaster of a boys school. Although John is blind to it, Peggy notices that his loyal secretary, Mary Dunbar, is in love with him. John is awestruck by Peggy's glamour, however, and his sweet attentions begin to wear down her resistance. She encourages him to accept the job of president of the state university, which he had intended to turn down despite Mary's insistence that he could handle the job. Believing that moving to a bigger city will entice Peggy to stay with him, he accepts the position and dreams of marrying her. Peggy has similar dreams but soon realizes that her reputation will ruin John's career. The night after Peggy makes up her mind to leave, Jeanine shows her a Paris newspaper article about Adolphe, who has lost his fortune and is now a clerk in the company he once owned. When John asks her to marry him, Peggy tells him that she cannot because she must return to the man who gave her everything. John is crushed by Peggy's pretense of coldness and goes to the school, where he tells Mary that he will not be taking the university job. Caring only for John's welfare, Mary begs Peggy to help him, and Peggy, impressed by the depth of Mary's love, goes to see John. She confesses that she loves him and asks him to make their goodbye something wonderful. The next morning, Mrs. Strong tells Mary that she is worried about John, for he did not come home the night before, and about Peggy, who did not return until very late. The mayor arrives to thank Peggy for rescuing the child, after which Peggy bids a bittersweet farewell to Mrs. Strong and Mary and returns to Paris. There she finds Adolphe and gives him her jewels to pay off his debts. Realizing that they belong together, the couple are married and learn to ignore the gossips who insist that Peggy only returned to Adolphe to help him spend his regained fortune.",https://www.imdb.com/title/tt0024789/?ref_=sr_i_395
396. Kära släkten,1933,1h 34m,,5.4,68,,The story about a Stockholm wholesaler and his three daughters.,https://www.imdb.com/title/tt0024233/?ref_=sr_i_396
397. Red Wagon,1933,1h 47m,,6.0,27,,,https://www.imdb.com/title/tt0028164/?ref_=sr_i_397
398. Her Bodyguard,1933,1h 11m,Approved,4.9,56,,"The ""sugar daddy"" of a Broadway star hires a bodyguard to protect her from thieves out to steal the jewels he's given her and also from the attentions of other men, most notably the producer of the show in which she's starring. However, soon the bodyguard and the star begin to become attracted to each other.",https://www.imdb.com/title/tt0024107/?ref_=sr_i_398
399. Deserter,1933,1h 45m,Not Rated,6.7,334,,"A wise and forgiving communist leader decides to send a young worker, Karl Renn, as an international delegate to the Soviet Union after the worker had deserted a picket-line and had expressed doubts about the methods of class struggle in in his own country.",https://www.imdb.com/title/tt0023939/?ref_=sr_i_399
400. Advice to the Forlorn,1933,1h 2m,Approved,6.3,116,,"Los Angeles newspaper reporter Toby Prentiss is continually in trouble with his editor. He is demoted to running the paper's ""Miss Lonelyhearts"" advice column because he missed the scoop on a major earthquake whilst out on the town. Determined to be fired from the column he starts to give crazy advice to the readers, but this only makes him even more popular.",https://www.imdb.com/title/tt0023741/?ref_=sr_i_400
401. Nu comme un ver,1933,1h 44m,,6.8,11,,"A wealthy businessman, Chevalier de la Légion d'Honneur, starts all over again.",https://www.imdb.com/title/tt0161872/?ref_=sr_i_401
402. Alimony Madness,1933,1h 5m,,5.8,69,,A man's wife is put on trial for the murder of his first wife.,https://www.imdb.com/title/tt0023754/?ref_=sr_i_402
403. The Pointing Finger,1933,1h 8m,,4.9,83,,"Deep in debt, the Honorable James Mallory plots to murder his cousin, Lord Rollestone, so he claim the earldom and inheritance.",https://www.imdb.com/title/tt0025658/?ref_=sr_i_403
404. Boliche,1933,,,,,,,https://www.imdb.com/title/tt0023823/?ref_=sr_i_404
405. Gallant Lady,1933,1h 24m,Approved,7.0,195,,Unwed mother gives up baby for adoption and hopes to get it back when the adoptive mother dies.,https://www.imdb.com/title/tt0024046/?ref_=sr_i_405
406. Grand Slam,1933,1h 7m,Passed,5.8,373,,"Because the Stanislavsky method of playing bridge has no rules, it promotes marital harmony for those who stick with it.",https://www.imdb.com/title/tt0024078/?ref_=sr_i_406
407. Should Ladies Behave,1933,1h 27m,Passed,5.9,248,,"An unhappy couple watch as their daughter throws herself at an older man because he is a sophisticated artist. The daughter doesn't know that her aunt is the man's lover. At a weekend retreat, everything comes to a head when the mother plans to run off with the artist while a young man pursues the daughter.",https://www.imdb.com/title/tt0024553/?ref_=sr_i_407
408. A Love Story,1933,1h 22m,,6.7,70,,A young German officer's (Wolfgang Liebeneiner) life is turned upside when he tries to end his affair with a married baroness (Olga Tschechowa) after falling for an innocent young singer (Magda Schneider).,https://www.imdb.com/title/tt0024720/?ref_=sr_i_408
409. The Sweetheart of Sigma Chi,1933,1h 17m,Passed,6.7,63,,"A campus flirt who has been ""pinned"" by most of the boys of Sigma Chi fraternity falls for a no-nonsense athlete who doesn't have time for such diversions as women.",https://www.imdb.com/title/tt0024635/?ref_=sr_i_409
410. The Death Agony of the Eagles,1933,2h 5m,,5.8,34,,"During the Restoration, Napoleon's officers are retired and living on half pay. Useless and idle, they spend their time meeting in hope of his return. When the emperor dies, they plot to offer the throne to his son, L'Aiglon.",https://www.imdb.com/title/tt0149603/?ref_=sr_i_410
411. La mille et deuxième nuit,1933,,,5.9,20,,An Arabian prince falls in with a group of downtrodden rebels and faces the wrath of an unsympathetic sultan whose wife he is also romancing.,https://www.imdb.com/title/tt0161810/?ref_=sr_i_411
412. Sorrell and Son,1933,1h 24m,Approved,4.2,15,,"Stephen Sorrell, a decorated war hero, raises his son Kit alone after Kit's mother deserts husband and child in the boy's infancy. Sorrell loses a promising job offer and is forced to take work as a menial. Both his dignity and his health are damaged as he suffers under the exhausting labor and harsh treatment he receives as a hotel porter. But Sorrell thrives in the knowledge that his son will benefit from his labors. Sorrell has allowed the boy to believe his mother dead, but when the mother shows up, wanting to re-enter the young man's life, Sorrell must make hard decisions.",https://www.imdb.com/title/tt0025814/?ref_=sr_i_412
413. Another Language,1933,1h 17m,Approved,6.4,465,,A new bride learns she and her husband's stuck-up family don't speak the same language.,https://www.imdb.com/title/tt0023761/?ref_=sr_i_413
414. Ich und die Kaiserin,1933,1h 22m,,6.3,131,,When the Marquis de Pontignac falls off his horse; he is seemingly brought back from death by the voice of a mysterious woman. He believes that his savior is the Empress of France when it is truly her hairdresser Juliette.,https://www.imdb.com/title/tt0024169/?ref_=sr_i_414
415. Sucker Money,1933,59m,Passed,4.6,164,,"A phony spiritualist hypnotizes the daughter of a wealthy banker in a scheme to swindle the banker out of his money. A reporter investigating the swami discovers the plot, determines to expose it.",https://www.imdb.com/title/tt0024628/?ref_=sr_i_415
416. Ang aswang,1933,,,6.4,16,,,https://www.imdb.com/title/tt0900900/?ref_=sr_i_416
417. The Nuisance,1933,1h 23m,Passed,6.6,350,,An ambulance-chasing lawyer gets tangled up with a female investigator out to end his shyster ways.,https://www.imdb.com/title/tt0024396/?ref_=sr_i_417
418. Clear All Wires!,1933,1h 18m,Passed,6.0,198,,"Buckley is an unethical reporter who manipulates the news for his own benefit as much as he reports it. When he is in Paris to get a medal for being rescued from his alleged kidnappers, he finds that his boss, Stevens, at the Chicago Globe is going with his old gal Dolly. When Stevens learns that Dolly is staying with Buckley in Moscow, he fires Buckley. To get his job back, Buckley and Lefty stage a great news story about the shooting of the last Romanoff, but the plan backfires and they are now in line to be shot by the Commissar.",https://www.imdb.com/title/tt0023896/?ref_=sr_i_418
419. Cheating Blondes,1933,1h 6m,Passed,5.6,98,,"A reporter sets out to prove that the woman who rejected his marriage proposal is a murderer. Meanwhile, she's hiding in plain sight: posing as her missing twin sister.",https://www.imdb.com/title/tt0023883/?ref_=sr_i_419
420. Toto,1933,1h 20m,,5.7,80,,"Touched by love, will a little crook who steals dogs he brings back for the reward become honest?",https://www.imdb.com/title/tt0024689/?ref_=sr_i_420
421. Inge and the Millions,1933,1h 36m,,6.3,26,,"A secretary working for a greedy, corrupt banker, who plots with his cronies to smuggle funds into Switzerland, decides to turn her boss over to the authorities.",https://www.imdb.com/title/tt0024181/?ref_=sr_i_421
422. Pioneers of Palestine,1933,1h 24m,,2.8,26,,Describe the harsh reality attempts of establishing a Jewish settlement in Israel and the efforts of the Arab to prevent it. The film is considered as the first talking film in Palestine Israel.,https://www.imdb.com/title/tt0130234/?ref_=sr_i_422
423. India Speaks,1933,1h 18m,,,,,"A 1933 Pre-Code adventure film, combining elements of documentaries and travelogue programs, mostly taking place on the Indian sub-continent along with staged bits spliced in to aid story flow. Produced by Walter Futter from a screenplay by Norman Houston, the film was directed, narrated and starring Richard Halliburton. A sequel to the popular film Africa Speaks!",https://www.imdb.com/title/tt0024178/?ref_=sr_i_423
424. Good-bye Love,1933,1h 7m,,5.2,164,,Wealthy Chester is not Phyllis's first husband. And all pay alimony. After the wedding Chester learns that she has had eyes on a British big game hunter who turns out to be a pretender like Phyllis: Actually he is Chester's butler.,https://www.imdb.com/title/tt0025194/?ref_=sr_i_424
425. It's a Boy,1933,1h 20m,Not Rated,6.0,78,,Dudley Leake is about to be married when he's confronted by a blackmailer claiming to be his long-lost illegitimate son. The best man sets out to prove that the allegations are false. Produced by Michael Balcon.,https://www.imdb.com/title/tt0024190/?ref_=sr_i_425
426. Money for Speed,1933,1h 13m,,6.5,44,,,https://www.imdb.com/title/tt0024346/?ref_=sr_i_426
427. Die schönen Tage von Aranjuez,1933,1h 41m,,7.1,28,,"As a gang of classy jewel thieves hop from one European country to another, an engineer rescues a woman from their clutches.",https://www.imdb.com/title/tt0024531/?ref_=sr_i_427
428. Second Hand Wife,1933,1h 10m,Passed,7.3,16,,A daughter and devious ex-wife (Helen Vinson) complicate an executive's (Ralph Bellamy) marriage to his secretary (Sally Eilers).,https://www.imdb.com/title/tt0024535/?ref_=sr_i_428
429. Das verliebte Hotel,1933,1h 26m,,7.7,12,,"Life for Hanna Bollova has never been easy. No matter what she did in life, how hard she worked, there never seemed to be any money. That is, until one day her fortunes changed distant relatives of hers pass away and she inherits a hotel.",https://www.imdb.com/title/tt0241030/?ref_=sr_i_429
430. Cocktail Hour,1933,1h 13m,Passed,6.1,218,,"Cynthia Warren, independently wealthy through her ability as an illustrator and poster artist, rebels against the premise that every woman is destined for matrimony and motherhood, and decides she has as much right as a man to play around sans benefit of marriage. So, leaving behind steady-but-dull Randolph Morgan (who seems to be the primary buyer of her 'art' and income,) she heads for Paris. The New York harbor is barely out of sight before she falls into the arms of a slick from England,William Lawton, who turns out to be something of a rotter who already has a wife, and Cynthia's liberal creed only stretches so far. In Paris, she hooks up with a Prince, who is a prince of a fellow and never strays far from his mother's side, but Lawton shows up again and makes some unwanted advances and the Prince comes to her aid, and Lawton ends up apparently somewhat dead when the Prince tosses him out a window, but Cynthia takes the rap as she feels it wouldn't be nice to separate a boy from his mother. Then, Randolph shows up. And Lawton shows up...again.",https://www.imdb.com/title/tt0023897/?ref_=sr_i_430
431. Made on Broadway,1933,1h 8m,Passed,6.2,208,,"Jeff is the supreme press agent who has his own private club where the rich and powerful meet and drink for free. It is free until they need him and he charges a bundle. Jeff has power, influence and a beautiful ex-wife. Things change when Jeff saves Minnie after she jumps into the river. He gives her the fully beauty treatment and a new name, Mona Martine. He also falls hard for her, but his advances are not returned. But Mona needs Jeff, and all his expertise, when she shoots Ramon in her room.",https://www.imdb.com/title/tt0024288/?ref_=sr_i_431
432. Crime on the Hill,1933,1h 9m,,6.6,110,,Murder runs amok in an English Manor house as the local vicar turns sleuth to solve the mystery.,https://www.imdb.com/title/tt0023919/?ref_=sr_i_432
433. A Certain Mr. Gran,1933,1h 41m,,6.4,63,,"Against a luxurious Venice background, a daredevil German secret service captain pits his wits against an older man,a sinister antiquities dealer who is stealing drawings of weapons.",https://www.imdb.com/title/tt0024053/?ref_=sr_i_433
434. My Weakness,1933,1h 13m,Passed,6.3,44,,"A wealthy young man bets his uncle that he can transform a clumsy cleaning lady into a glamorous fashion plate, then marry her off to his bachelor cousin.",https://www.imdb.com/title/tt0024364/?ref_=sr_i_434
435. Ein Lied für dich,1933,1h 29m,,6.6,23,,"During a concert tour, famous tenor Riccardo Gatti meets Lixie at an Aida rehearsal and takes her for a ballet dancer. She is in fact trying to get a position for her boyfriend, so she accepts Gatti's date for supper. When she runs away he publishes a newspaper ad offering to give a concert anywhere she chooses if she shows up. She chooses a swimming pool hoping to discourage him. But he accepts..",https://www.imdb.com/title/tt0024253/?ref_=sr_i_435
436. No Funny Business,1933,1h 16m,,5.2,30,,A misunderstanding leads two professional co-respondents to think each one is a client seeking a divorce.,https://www.imdb.com/title/tt0024386/?ref_=sr_i_436
437. Crashin' Broadway,1933,59m,Not Rated,4.8,47,,"When Tad Wallace's act flops on Broadway, he joins a troop heading west. In a small town they run into Jeffries who has just burned down the theater. When Jeffries kills Griswold, Tad has a plan to trap him by using the talents",https://www.imdb.com/title/tt0023914/?ref_=sr_i_437
438. The Fighting Cowboy,1933,58m,,4.1,35,,"Bill Carson arrives and tells Cash Horton that his supposedly worthless mine contains valuable tungsten. Duke learns of the mine's value and tries to have them both killed. Failing, he has the Sheriff arrest Bill for murder. Unknown to Bill and the Sheriff, the victim is alive and well.",https://www.imdb.com/title/tt0132157/?ref_=sr_i_438
439. The Merry Monarch,1933,58m,,4.8,28,,"King Pausole has 365 wives, one for each day. When his favorite daughter elopes with a stranded airman, he spends one wife's designated day searching, causing her protest and sparking her plans for permanent power.",https://www.imdb.com/title/tt0272729/?ref_=sr_i_439
440. Mussolini Speaks,1933,1h 14m,Passed,5.6,14,,"During a speech given in Naples to celebrate the tenth anniversary of the Fascists' March on Rome in 1922, Benito Mussolini describes his reign as Italy's dictator.",https://www.imdb.com/title/tt0151676/?ref_=sr_i_440
441. The Star of Valencia,1933,,,,,,"White slave traders kidnap a cabaret singer aboard a ship headed for South America,but they have not counted on her husband aboard a nearby coast guard cutter.",https://www.imdb.com/title/tt0025831/?ref_=sr_i_441
442. Love Is Dangerous,1933,1h 7m,,,,,A wife is caught between her drunken husband and her love-starved daughter.,https://www.imdb.com/title/tt0024272/?ref_=sr_i_442
443. The Silk Express,1933,1h 1m,Approved,6.2,284,,"A trainload of silk puts Neil Hamilton on the fast track to murder in this full-throttle thrill ride costarring Sheila Terry and Guy Kibbee. As the demand for raw silk goes sky high, crooked businessman Wallace Myton (Arthur Hohl) corners the market with plans to drive up the price. Determined to fulfill his contracts, manufacturer Donald Kilgore (Hamilton) imports $3 million worth of silk to Seattle and accompanies it by special train to New York. But when his secretary is found murdered, Kilgore soon discovers Myton has planted three killers on board with orders to stop the express and its passengers dead in their tracks.",https://www.imdb.com/title/tt0024559/?ref_=sr_i_443
444. No Marriage Ties,1933,1h 12m,Passed,6.0,183,,"Alcoholic reporter Bruce Foster is on the road to ruin when he partners with advertising man ""Perk"" Perkins to form a successful advertising agency. Foster makes the business a success, but his personal life suffers.",https://www.imdb.com/title/tt0024387/?ref_=sr_i_444
445. Goldie Gets Along,1933,1h 8m,Approved,4.9,172,,"Goldie is a young girl who was taken in by her aunt after her mother died in Paris , brought to USA and lived until 19 with her aunts family. They don't understand her and call her a hussy and so she won't stay any longer and sets off for her dreams in Hollywood.....",https://www.imdb.com/title/tt0024072/?ref_=sr_i_445
446. Broken Shoes,1933,1h 25m,,6.4,74,,"Three-year Bubby, son of unemployed person, searches on rubbish heaps every junk that can be sold. On these pitiful pence all family forces to live. Every day Bubby goes out ""on work"" in the enormous lacerated shoes of the senior brother-schoolboy.",https://www.imdb.com/title/tt0025738/?ref_=sr_i_446
447. The Private Secretary Gets Married,1933,1h 14m,,6.5,43,,"An unattractive secretary is hired so the men in the office will focus on their work,but comic complications ensue.",https://www.imdb.com/title/tt0250431/?ref_=sr_i_447
448. Konveer smerti,1933,1h 42m,,5.8,45,,"Invented capitalist country. Beginning of 1930th. An economic crisis throws out on the street of three friends - young workwomen. Their dreams collapse about safe life, and each begins the difficult way in its own way.",https://www.imdb.com/title/tt0173964/?ref_=sr_i_448
449. Camicia nera,1933,1h 13m,,4.8,68,,A Fascist propaganda film that details Italy's sacrifices in WWI and Mussolini's 'transformation' of rural Italy.,https://www.imdb.com/title/tt0023870/?ref_=sr_i_449
450. Fog,1933,1h 10m,Passed,5.3,27,,"The murders are committed in swift succession on board a liner crossing the Atlantic in a dense fog, and many of the passengers come under suspicion before the actual killer is bought to justice with the aid of a very substantial ""ghost.""",https://www.imdb.com/title/tt0025128/?ref_=sr_i_450
451. Horse Play,1933,1h 7m,Passed,5.0,15,,"Ranchowner Slim Perkins is in love with his neighbor's niece, Angelica Wayne, but her aunt and uncle throw him off their property because he is a poor bumbler. One day a stranger buys Slim's ranch for one million dollars because the land contains valuable minerals. Slim and his partner, Andy Jones, are overwhelmed by their newfound wealth, but it does not help to soothe Slim's hurt feelings when he finds out that Angelica has gone to England to stay with her other aunt. He decides to bring her his horse, ""Cynthia Ann,"" as a gift, and with Andy and the horse, he sets sail. Once in England, Slim and Andy have difficulty locating Angelica, but the notoriety they gain for bringing their horse into the royal suite at their hotel brings Angelica's aunt, the Duchess of Disborough, to see them. Discovering that they know Angelica, she invites them to a costume ball at her castle. When Andy and Slim arrive, they are outfitted with medieval costumes, and Angelica is thrilled to see them. Slim is disappointed again when he hears that Angelica is engaged to Philip Marley, whom she met on the cruise. Unknown to Angelica, Philip is a jewel thief, and his ""sister"" is actually his wife. During an enactment of the Robin Hood story, in which everyone participates, Slim and Andy meet a detective from Scotland Yard who is looking for a man with a birthmark on one ear lobe. Slim and Andy join in the search, afraid that Angelica may be in danger, but their unending assault on everyone puts them in disgrace, and the duchess asks them to leave. At the same time, they unwittingly disrupt Philip and Angelica's plans to elope, and as Philip is the only man whose ears have not been checked, they try to locate him. Philip is in the midst of robbing the duke, whom he knocks out. Andy and Slim catch Philip, and after they prove his identity, he is arrested. Angelica returns to America with Slim, Andy and ""Cynthia Ann.""",https://www.imdb.com/title/tt0024140/?ref_=sr_i_451
452. Mysterium des Geschlechtes,1933,1h 3m,,,,,"Two medical students learn about ""most interesting questions of sexology"" and fall in love in the process. There are scenes of sex reassignment surgery and transplants of animal testicles and explanations about abortion and contraception.",https://www.imdb.com/title/tt1020977/?ref_=sr_i_452
453. The Wrecker,1933,1h 12m,Passed,,,,"The Wrecker is a flinty-eyed demolition engineer named Regan. While he's off on another assignment, Regan's wife Mary and supposed best friend Cummings engage in some heavy petting.",https://www.imdb.com/title/tt0024790/?ref_=sr_i_453
454. La Maternelle,1933,1h 23m,,7.3,148,,"When her father files bankruptcy and then dies, Rose's fiancé jilts her; she takes a job as a maid in a Montmartre kindergarten with 150 poor children. Rose gives each child loving attention, and soon she's their favorite. An especially needy child is Marie, a prostitute's daughter. Rose and she bond, and Marie is jealous of all attentions paid Rose, especially those of Dr. Libois, the school's physician. When Rose inadvertently guides the children through the educational experiment of a visiting scholar, and then discloses she has a college degree and is working beneath her station, the principal wants to fire her. Is there any way she can stay? And what will happen to Marie?",https://www.imdb.com/title/tt0024310/?ref_=sr_i_454
455. Life Is a Dog,1933,1h 24m,,7.1,98,,"Young music composer Viktor Honzl in vain looks for work. He is prevented from committing suicide by a technician of the gasworks who shortly beforehand has disconnected his gas due to past due bills. In the disguise of an older, serious, musical scholar Viktor obtains work in a music publishing house. So he may court Eva, publisher Durdys's daughter, who he likes quite a bit, he recommends to the owner that he also employ his nephew. Understandably, this is he himself, in his every-day form. For Viktor, however, this becomes an extremely complicated situation as he switches in the place of business from the clothes of the uncle and then back again from the clothes of Viktor the nephew.",https://www.imdb.com/title/tt0166891/?ref_=sr_i_455
456. This Week of Grace,1933,1h 32m,,5.4,73,,"A poor, unemployed woman is made housekeeper at the estate of a wealthy duchess.",https://www.imdb.com/title/tt0024658/?ref_=sr_i_456
457. Matto Grosso,1933,50m,,,,,An expedition heads out for the Mato Grosso jungles in Brazil to find and study the primitive tribesmen who live there.,https://www.imdb.com/title/tt0024312/?ref_=sr_i_457
458. U snedeného krámu,1933,1h 37m,,6.4,45,,An unsentimental and yet touching story of a man whose insincere desire for love leads him to fall prey to the profiteering trappings of his neighbor and her daughter.,https://www.imdb.com/title/tt0169341/?ref_=sr_i_458
459. Jeppe på bjerget,1933,1h 23m,,5.3,55,,The drunk Jeppe has a life changing moment when he thinks he is in heaven when he wakes up in a rich man's bed.,https://www.imdb.com/title/tt0024194/?ref_=sr_i_459
460. Silent Men,1933,58m,Passed,6.1,30,,"In prison for a crime he didn't commit, Tim Richards has escaped and is now a cattle inspector. He is after the Wilder brothers who he thinks are rustling cattle. But when the Sheriff frames Tim for murder, Tim receives unexpected help fron the two brothers and now sets out after the Sheriff and his crooked cohorts.",https://www.imdb.com/title/tt0024558/?ref_=sr_i_460
461. Lord of the Manor,1933,1h 11m,,5.9,39,,Two aristocrats become engaged but fall in love with people from a lower class.,https://www.imdb.com/title/tt0166690/?ref_=sr_i_461
462. Théodore et Cie,1933,,,5.2,33,,"To investigate a would be adultery,Clodomir dresses up as a superintendent,a butler ,a priest ,a fireman ,and even ..a woman .",https://www.imdb.com/title/tt0200206/?ref_=sr_i_462
463. Flower of Hawaii,1933,1h 26m,,5.6,30,,"Suzanne, aspiring artist working in a Parisian night club, is hired by two foreigners to be partnerin for the main singer, on the condition that they must travel to Hawaii. When they arrive, the American governor is aware that the islanders, headed by Prince Lilo Taro, might become rebellious.",https://www.imdb.com/title/tt0219557/?ref_=sr_i_463
464. Na slunecní strane,1933,1h 17m,,5.1,25,,,https://www.imdb.com/title/tt0187331/?ref_=sr_i_464
465. West of Singapore,1933,1h 5m,Passed,5.0,22,,"Tropical ""heat"" drives a man into the arms of a disreputable tramp, making things tough for the woman who really loves him.",https://www.imdb.com/title/tt0024759/?ref_=sr_i_465
466. La guerre des valses,1933,1h 25m,,4.1,23,,"Composer Joseph Lanner is jealous when the first violinist in his orchestra, none other than Johann Strauss, wants to form his own orchestra also in Vienna and write his own compositions.",https://www.imdb.com/title/tt0169978/?ref_=sr_i_466
467. Le père prématuré,1933,1h 15m,,,,,"A man has tried to hide the son born of an indiscretion, from his tyrannical father.But the son, now grown up, tries to find his family.",https://www.imdb.com/title/tt0295544/?ref_=sr_i_467
468. Mädels von heute,1933,,,,,,,https://www.imdb.com/title/tt0024369/?ref_=sr_i_468
469. Su última canción,1933,1h 8m,,,,,"A down on his luck opera singer, prevents the suicide of a young girl and falls in love with her. She inspires him to manage a successful come back but his plans to marry her are abruptly reject it with disastrous consequences.",https://www.imdb.com/title/tt0220784/?ref_=sr_i_469
470. Christopher Bean,1933,1h 15m,,6.6,53,,"When the painter Christopher Bean dies, some unscrupulous art dealers try to get several of his paintings cheaply from a family who have no idea of their value.",https://www.imdb.com/title/tt0023890/?ref_=sr_i_470
471. Son of the Border,1933,55m,Passed,5.2,110,,"Tom Owens, forced to shoot his outlaw friend, wants to make it up to the man's kid brother...but the dead man's girl has other ideas.",https://www.imdb.com/title/tt0024595/?ref_=sr_i_471
472. The Constant Nymph,1933,1h 24m,Approved,6.5,69,,"Sensitive Belgian schoolgirl Tessa (Victoria Hopper) is in love with world-famous composer Lewis Dodd (Brian Aherne), who marries her wealthy cousin Florence (Leonora Corbett).",https://www.imdb.com/title/tt0024998/?ref_=sr_i_472
473. Ein Lied geht um die Welt,1933,1h 36m,,6.4,69,,"A diminutive tenor and his two friends,all penniless, seek work, and possibly also some fame and some romance, in picturesque Venice.",https://www.imdb.com/title/tt0024254/?ref_=sr_i_473
474. Diamond Trail,1933,1h 1m,Passed,5.7,77,,Reporter Speed Morgan helps Flash Barrett escape from the police and this gets him into Flash's gang where he poses as a gangster. Flash and his gang head west guning for Bill Miller who failed to send some diamonds on to Flash. Speed hopes to bring Flash to justice but is in trouble when his true identity is revealed.,https://www.imdb.com/title/tt0022819/?ref_=sr_i_474
475. Madla z cihelny,1933,1h 48m,,6.5,41,,,https://www.imdb.com/title/tt0166258/?ref_=sr_i_475
476. State Trooper,1933,1h 8m,Passed,6.8,28,,"Mike Rolph quits his job, seemingly, as a highway patrolman and takes the position of the Police Chief of W. J. Brady's oil refinery. He is also romantically involved with Brady's daughter, June. It appears that some highly-placed employee has sold out to the opposition refinery people, and much sabotage and havoc is being caused.",https://www.imdb.com/title/tt0024611/?ref_=sr_i_476
477. My Lips Betray,1933,1h 16m,Approved,5.7,29,,"In a make-believe, mittleuropean kingdom, a vivacious but dim country girl sings in a beer garden for her rent money. Meanwhile, the King is facing bankruptcy for his little nation, unless he marries a rich but undesirable Queen of another comic opera principality. Eventually he takes in the struggling young singer, and they fall in love, despite possible ruin.",https://www.imdb.com/title/tt0024363/?ref_=sr_i_477
478. I Sing for You Alone,1933,58m,,7.3,11,,"Shy tenor Marcello is afraid to sing in public. Two of his friends think of having an elegant youth on the stage pretending to sing while Marcello sings behind the curtain. The scam is successful, but after a while Marcello summons the courage to go on stage himself.",https://www.imdb.com/title/tt0023618/?ref_=sr_i_478
479. Il caso Haller,1933,1h 17m,,5.7,18,,Psychological drama based on the popular Jekyll and Hyde theme.,https://www.imdb.com/title/tt0023874/?ref_=sr_i_479
480. The Big Race,1933,1h 8m,,5.7,15,,"Bob Hamilton gets into trouble when crooks cause the defeat of his father's horse in the Derby, and it is reported he is in with the crooks. The old man disowns him and his sweetheart, Patricia , breaks their engagement. So Bob and ""Skipper"", the also-suspected trainer, head for the western tracks, taking with them the horse Hamilton Senior forced them to buy, determined to make good and prove they are on the level.",https://www.imdb.com/title/tt0023810/?ref_=sr_i_480
481. Ramazan,1933,1h 1m,,5.2,10,,,https://www.imdb.com/title/tt21272330/?ref_=sr_i_481
482. The Seventh Power,1933,1h 26m,,4.5,10,,,https://www.imdb.com/title/tt0250719/?ref_=sr_i_482
483. Strike It Rich,1933,1h 12m,,,,,"Meek clerk Eddie Smart (George Gee) has his bumps read and believes he is another Napoleon. He takes over the hair lotion company he works for and corners the nutmeg market. Songs include ""Strike It Rich"" and ""Can't You See What I've Got"".",https://www.imdb.com/title/tt0024624/?ref_=sr_i_483
484. Bagnes d'enfants,1933,1h 9m,,,,,George Lamere causes his loving father much pain. George i therefore sent to a reformatory home. An institution run by a philanthropic magistrate. Consequently this reformatory is nothing more or less than a prison.,https://www.imdb.com/title/tt0295184/?ref_=sr_i_484
485. The Regiment's Daughter,1933,,,,,,"An abandoned baby girl, adopted by a sergeant in the Great War, becomes the mascot of a regiment of Scottish highlanders, who are on a mission to suppress whiskey smugglers.",https://www.imdb.com/title/tt0207794/?ref_=sr_i_485
486. A Door Opens,1933,1h 10m,,,,,"A detective tracks down a mixed group of five thieves who have nabbed 300,000 marks from a bank.",https://www.imdb.com/title/tt0024711/?ref_=sr_i_486
487. When Strangers Marry,1933,1h 5m,,,,,,https://www.imdb.com/title/tt0024764/?ref_=sr_i_487
488. I'm an Explosive,1933,50m,,,,,The son of an inventor accidentally drinks an explosive liquid.,https://www.imdb.com/title/tt0137011/?ref_=sr_i_488
489. Le béguin de la garnison,1933,1h 27m,,,,,,https://www.imdb.com/title/tt0197328/?ref_=sr_i_489
490. Sing Sinner Sing,1933,1h 14m,Passed,5.8,116,,"A singer on a gambling ship is married to a wealthy playboy. When he is found murdered, all evidence points to her as the culprit, and she is put on trial for the crime.",https://www.imdb.com/title/tt0024564/?ref_=sr_i_490
"491. Haji Agha, the Cinema Actor",1933,1h 40m,,7.9,132,,"Haji Agha is a traditional man who holds a hostile view of the motion pictures. Unbeknownst to him, his daughter and his son-in-law, Parviz, both are getting trained for acting. Their director is desperately looking for a subject, and Parviz suggest that they follow Haji Agha and clandestinely shoot him. Director likes the idea. Poori, Haji Agha's servant, who is also a member of the acting school snatches Haji Agha's watch. Haji Agha runs after him and the director shoots the following comic and surreal events of this chase...",https://www.imdb.com/title/tt0175699/?ref_=sr_i_491
492. Turkey Time,1933,1h 13m,,6.5,38,,"Max (Walls) and David (Lynn) are enjoying a Christmas holiday and have a lot of fun, mainly at the expense of the feeble Stoatt (Robertson Hare)",https://www.imdb.com/title/tt0209439/?ref_=sr_i_492
493. Meidän poikamme merellä,1933,1h 49m,,4.4,52,,"A focus on the crew of one of the Finnish U-boats built in the early 1930s at the Crichton-Vulcan shipyards at Turku, Finland.",https://www.imdb.com/title/tt0137945/?ref_=sr_i_493
494. Ciboulette,1933,1h 25m,,5.6,24,,"Duparquet is the controller of Les Halles, and plays matchmaker between the young farm-girl Ciboulette and Antonin, a young spoiled aristocrat.",https://www.imdb.com/title/tt0154329/?ref_=sr_i_494
495. Leave It to Smith,1933,1h 9m,,5.8,21,,"A pair of con men in Monte Carlo attach themselves to a nouveau rich American snob with a weakness for titles, with an eye toward marrying off her daughter. The pair are invited to stay at a posh country country home back in England, their eyes set on a safe full of bonds.",https://www.imdb.com/title/tt0025377/?ref_=sr_i_495
496. Meerabai,1933,2h 11m,,6.0,14,,,https://www.imdb.com/title/tt0156799/?ref_=sr_i_496
497. Frühlingsstimmen,1933,1h 20m,,6.7,11,,,https://www.imdb.com/title/tt0133782/?ref_=sr_i_497
498. The Master Detective,1933,1h 36m,,5.4,14,,"The niece of a prying clerk, who fancies himself a great investigator, plots with her boyfriend to trick the uncle into locating a supposed kidnapped heiress, this premise set against Bavaria locales, with music, dancing, and slapstick.",https://www.imdb.com/title/tt0252701/?ref_=sr_i_498
499. El hombre que se reía del amor,1933,,,6.4,7,,"Juan Herrero, a compulsive Lothario is pursuing women in every European capitals only to fall in his own trap.",https://www.imdb.com/title/tt0023021/?ref_=sr_i_499
500. The Television Follies,1933,45m,,4.3,9,,A family gather around the television to watch and critique a television variety show.,https://www.imdb.com/title/tt0465086/?ref_=sr_i_500
501. Tisíc za jednu noc,1933,1h 6m,,,,,,https://www.imdb.com/title/tt0324266/?ref_=sr_i_501
502. Song of the Lark,1933,1h 20m,,,,,,https://www.imdb.com/title/tt0217803/?ref_=sr_i_502
503. Yiskor,1933,1h 20m,,,,,Yiskor (1924) re-edited with additional sound sequences and narration filmed and recorded in New York City in 1932.,https://www.imdb.com/title/tt0023714/?ref_=sr_i_503
504. Summer Lightning,1933,1h 18m,,,,,,https://www.imdb.com/title/tt0167421/?ref_=sr_i_504
505. Eat 'Em Alive,1933,1h,,,,,,https://www.imdb.com/title/tt1145890/?ref_=sr_i_505
"506. Sag' mir, wer Du bist",1933,,,,,,The star of an operetta is engaged to its elderly director but really loves a dashing young Bavarian she met at a masked ball.,https://www.imdb.com/title/tt0227425/?ref_=sr_i_506
507. Savithri,1933,2h 5m,,,,,"Mahabharata legend in which Princess Savitri marries Satyavan despite a curse that foretells his death within a year. She manages to get Yama (Gaggaiah), the god of death, to restore her husband to life.",https://www.imdb.com/title/tt0255577/?ref_=sr_i_507
508. Glück im Schloß,1933,1h 25m,,,,,,https://www.imdb.com/title/tt0123090/?ref_=sr_i_508
509. Una morena y una rubia,1933,,,,,,,https://www.imdb.com/title/tt0024350/?ref_=sr_i_509
510. Chandal Chaukadi,1933,,,,,,,https://www.imdb.com/title/tt0390960/?ref_=sr_i_510
511. Disgraced,1933,1h 6m,,6.8,113,,"In the course of her work, a model meets her future husband, but her bliss is tainted when she becomes involved in a murder.",https://www.imdb.com/title/tt0023951/?ref_=sr_i_511
512. Tit,1933,,,6.5,38,,,https://www.imdb.com/title/tt0234898/?ref_=sr_i_512
513. 5 raske piger,1933,1h 45m,,5.5,39,,"Although they are orphans, the sisters Annie, Karin, Grace, Irene and Maude are five healthy girls. They face life with courage and music, and only to fulfill their mother's last wish, they contact their unknown landlord uncle. The meeting with him, however, leads them into a new world - full of complications, intrigue and five crushes.",https://www.imdb.com/title/tt0124269/?ref_=sr_i_513
514. Le martyre de l'obèse,1933,1h 27m,,5.7,26,,"A young lady whose husband has been seeing someone else decides to make him jealous by flirting with the unlikely prospect of a fat man.Is it worth that guy's trouble to try to lose some weight, or is he kidding himself?",https://www.imdb.com/title/tt0197669/?ref_=sr_i_514
515. Les bleus du ciel,1933,,,6.3,17,,,https://www.imdb.com/title/tt0154241/?ref_=sr_i_515
516. Mind the Paint,1933,1h 26m,,6.3,13,,"The maid of a doctor, he had some canvases he didn't care for bestowed on him once by an unknown artist, thankfully has saved them as the paintings are now worth some money and others want them.",https://www.imdb.com/title/tt0155048/?ref_=sr_i_516
"517. Mademoiselle Josette, ma femme",1933,1h 24m,,5.6,14,,"Josette needs to marry within a year to get her aunt's money.Her fiance,an Englishman, has gone away .After getting permission from her godfather to do a ""white marriage,"" she realizes that she really loves the godfather instead.",https://www.imdb.com/title/tt0168051/?ref_=sr_i_517
518. Setu Bandhan,1933,,,5.7,10,,The first cinematic portrayal of the Hindu epic Ramayana tale featuring villagers constructing a giant bridge.,https://www.imdb.com/title/tt0253671/?ref_=sr_i_518
519. Oyabun kobun,1933,,,,,,,https://www.imdb.com/title/tt3971954/?ref_=sr_i_519
520. Xiang cao mei ren,1933,1h 33m,,,,,"Due to lean years and the poverty that followed, Farmer Wang moved to Shanghai with his wife, daughter and younger brother. The whole family got a job at a tobacco factory, where they earned mere pennies, which they barely had enough to live on. Since the factory was unable to compete with foreign tobacco companies, the harsh conditions of competition led to a gradual reduction in production. Many of the employees were fired, Wang's wife was among the first, and his younger brother, who quarreled with his boss over his salary, ended up in prison. After the company closed, Wang's daughter started working on the streets to save her family from starvation. When Wang learned the truth, he kicked his wife and daughter out of the house. The police arrested Wang for breaking the glass of a mall that had foreign cigarettes on display. This film, having been significantly cut, was released on the screen in November 1933, but after the first demonstration it was banned altogether.",https://www.imdb.com/title/tt12637168/?ref_=sr_i_520
521. Le bien-aimé Lanouille,1933,,,,,,,https://www.imdb.com/title/tt0175484/?ref_=sr_i_521
522. Hatsukoi no haru,1933,,,,,,,https://www.imdb.com/title/tt0263424/?ref_=sr_i_522
523. Doctor Kuba,1933,,,,,,,https://www.imdb.com/title/tt0791448/?ref_=sr_i_523
524. Zulma en justice,1933,1h,,,,,,https://www.imdb.com/title/tt5205584/?ref_=sr_i_524
525. Ganovenehre: Ein Film aus der Berliner Unterwelt,1933,1h 53m,,,,,,https://www.imdb.com/title/tt0256046/?ref_=sr_i_525
526. Die kleine Schwindlerin,1933,1h 16m,,,,,"One of two women in a gang of four foreign crooks on the Riviera falls for the intended mark, a rich young aristocrat, and tries to foil their plot.",https://www.imdb.com/title/tt0024225/?ref_=sr_i_526
527. Lal-e-Yaman,1933,2h 38m,,,,,"Oriental fantasy derived from classic Parsee theatre. The heir to the Yemeni throne, Prince Parviz, is falsely imprisoned by his stepmother who claims power. Parviz receives a magic dagger from a mystic sufi fakir to liberate himself and his people. The dagger makes him invisible. He kills the Apeman and the genii, rescues the captive Princess Parizad and, finally, overwhelms the soldiers sent to recapture him. The king learns the truth and repents.",https://www.imdb.com/title/tt0262557/?ref_=sr_i_527
528. The Lost Chord,1933,1h 10m,,,,,"A musician falls in love with the daughter of a count, who he had killed in a duel over his wife.",https://www.imdb.com/title/tt0156748/?ref_=sr_i_528
529. Ramayan,1933,,,,,,,https://www.imdb.com/title/tt0363925/?ref_=sr_i_529
530. Daring Daughters,1933,1h 3m,Passed,5.8,95,,"A savvy city girl tries to protect her naive sister, who has just moved from the country, from the temptations--and men--of big-city life.",https://www.imdb.com/title/tt0023930/?ref_=sr_i_530
531. Arizona to Broadway,1933,1h 6m,,5.5,76,,"In the small town of Larrup, Arizona, con artist Smiley is traveling with cohorts Kingfish, Morris, and Ambrose, and he persuades Lynn Martin, a traveling demonstrator of pancake making, to accompany him to a carnival where Kingfish sells a large number of bottles of Bambo, an elixir. When a woman denounces Kingfish as a faker, Smiley, identifying himself as a medical inspector, conducts Kingfish safely through the angry crowd and grabs Lynn's purse on the way out. Later, on a train, Smiley meets Lynn again, and after he returns the purse, she explains that she is traveling to find the trail of three swindlers who talked her brother, a bank officer, into investing $20,000 belonging to an estate he was handling, and then left with the money. Two of the crooks, a couple named Sandburg, are in New Orleans, while the other, Hubert Wayne, is promoting a new show in New York. Smiley offers to help after privately convincing his cohorts that once they ""cheat the cheaters,"" they will keep the money themselves. In a New Orleans hotel, Kingfish, masquerading as a philandering Texas oilman, attracts the interest of the Sandburgs, who plan to trap him in a compromising position and then blackmail him. After a fight, however, Kingfish, Smiley and the others get away with the Sandburgs' half of the swindle, $10,000, and proceed to New York where Lynn, posing as a chorus girl, has provoked Wayne's advances. When she introduces Wayne to Kingfish, who this time masquerades as a British jam manufacturer, Wayne, planning to swindle Kingfish, persuades him to invest $10,000 in the show to match his own $10,000, which gangster Tommy Monk fronts for the swindle. Wayne then plans to appropriate Kingfish's money through a switch of envelopes. Suspecting the ruse, Smiley trains Kingfish to do his own envelope switch. Kingfish's switch works, but after Smiley leaves with the $20,000, Wayne and Tommy discover the trick and capture Lynn and Kingfish, who reveals, to Lynn's dismay, Smiley's plan to keep the money. Tommy takes over the show to make back his money and coerces stage stars Ned Flynn, Jimmy Dante and female impersonator Ray Best to perform. On opening night, Smiley is captured at the theater, but he is able to call Tommy's rival, Rags Rigby. By imitating Tommy's voice, Smiley dares Rigby to come to the show. Rigby and his men respond to the challenge and start a massive fight in the theater. Smiley rescues Lynn and later, on another train, after he learns that Lynn did not trust him, upbraids her and reveals that he sent the money to her brother. The other three cohorts then decide to go straight. After planting her purse in Smiley's pocket, Lynn playfully accuses him of robbing her and they embrace.",https://www.imdb.com/title/tt0023764/?ref_=sr_i_531
532. Buntat na robite,1933,,,7.5,28,,"Bulgaria is under Ottoman domination. Levski, the Bulgarian national hero, arrives in a small town. He gathers the members of the revolutionary committee set up by him but the Turkish authorities get wind of the meeting and the conspirators disperse. A schoolteacher Hristina is in love with Levski. The Turkish spies watch her and the priest Nikola, who sympathizes with the cause. The police arrest them and torture. They torture also Levski's mother - throw her in the well. Changing disguised, Levski closely follows the very posse sent to track him down. After surmounting all sorts of obstacles, he manages to free Hristina. The blinded priest continues to pray for his enslaved brethren. A miracle occurs: church bells start ringing of their own accord. The miracle strengthens the people that liberation is coming soon.",https://www.imdb.com/title/tt0287947/?ref_=sr_i_532
533. Voi meitä! Anoppi tulee.,1933,1h 44m,,4.7,39,,,https://www.imdb.com/title/tt0024740/?ref_=sr_i_533
534. Les vingt-huit jours de Clairette,1933,1h 38m,,4.5,23,,,https://www.imdb.com/title/tt0200259/?ref_=sr_i_534
"535. Manolescu, der Fürst der Diebe",1933,,,,,,,https://www.imdb.com/title/tt0024303/?ref_=sr_i_535
536. Hände aus dem Dunkel,1933,1h 18m,,,,,,https://www.imdb.com/title/tt0130015/?ref_=sr_i_536
537. King of the Ritz,1933,1h 21m,,,,,"A hotel worker who is really an aristocrat falls for a lady customer but instead of getting married, stays on at work and contents himself with the female company he can get from the staff.",https://www.imdb.com/title/tt0024220/?ref_=sr_i_537
538. Mixed Doubles,1933,1h 9m,,,,,,https://www.imdb.com/title/tt0151601/?ref_=sr_i_538
539. Piao ling,1933,,,,,,,https://www.imdb.com/title/tt12567198/?ref_=sr_i_539
540. Ist mein Mann nicht fabelhaft?,1933,1h 18m,,,,,"Trying to impress his wife, a newly-wed office clerk makes up a story about being promoted to manager of a record-company.",https://www.imdb.com/title/tt0027806/?ref_=sr_i_540
541. Falling for You,1933,,,,,,,https://www.imdb.com/title/tt0154470/?ref_=sr_i_541
542. Obey the Law,1933,1h 4m,,,,,A good-hearted Italian immigrant barber takes pity on a soured war veteran.,https://www.imdb.com/title/tt0024398/?ref_=sr_i_542
543. Jugoslovenski potpuri,1933,,,,,,,https://www.imdb.com/title/tt0325664/?ref_=sr_i_543
544. Mercedes,1933,,,,,,,https://www.imdb.com/title/tt0023212/?ref_=sr_i_544
545. Gorod v stepi,1933,,,,,,,https://www.imdb.com/title/tt21626482/?ref_=sr_i_545
546. Bariole,1933,1h 24m,,,,,,https://www.imdb.com/title/tt0194694/?ref_=sr_i_546
547. Zenaku no chimata,1933,,,,,,,https://www.imdb.com/title/tt3877788/?ref_=sr_i_547
548. Hatred,1933,,,,,,,https://www.imdb.com/title/tt0024399/?ref_=sr_i_548
549. Zen'ei sôkô ressha,1933,,,,,,,https://www.imdb.com/title/tt0960889/?ref_=sr_i_549
550. This Is the Life,1933,1h 18m,,,,,"Teashop proprietors inherit fortune, crash society, and thwart Chicago gangsters.",https://www.imdb.com/title/tt0024657/?ref_=sr_i_550
551. Halta Lena och vindögde Per,1933,1h 27m,,,,,"The film centers on Algot Söderholm's two daughters, beautiful Magda and plain, less desirable Lena. Adapted from the 1910 play by Ernst Fastbom.",https://www.imdb.com/title/tt0024084/?ref_=sr_i_551
552. Ça colle,1933,,,,,,One man enlists his friend's help in wallpapering his dining room. The result is not quite what he had in mind.,https://www.imdb.com/title/tt0171963/?ref_=sr_i_552
553. So This Is Africa,1933,1h 1m,Passed,6.4,192,,"Bert Wheeler and Robert Woolsey play a couple of broke, hungry vaudevillians who are holed up in a hotel room with a few (tame) lions. They are hired by a movie producer who wishes to send them and their lions to Africa with a great naturalist to make a jungle picture. An earlier expedition by this same naturalist was a failure because she is afraid of animals. They all head to Africa and the lions are not mentioned again. Once in the jungle they have to fend off the amorous advances of the naturalist, of a vine-swinging native girl, and of a gorilla. They then run into the fearsome Amazon tribe, made up entirely of nubile females. Eventually they disguise themselves as Amazons to avoid being ""loved to death."" But these disguises lead to further difficulties when the all-male tribe of Tarzans show up for their annual mating ritual with the Amazons.",https://www.imdb.com/title/tt0024581/?ref_=sr_i_553
554. Château de rêve,1933,1h 27m,,5.6,70,,"A film actress falls for an extra on her set, he turns out to be a prince.",https://www.imdb.com/title/tt0171181/?ref_=sr_i_554
555. Les Amoureux,1933,1h 46m,,6.2,18,,"The wife of a Hungarian gentleman tires of helping him cheat and becomes the mistress of a diplomat.When she re-encounters her husband he is enfeebled and ill, so she takes pity on him.",https://www.imdb.com/title/tt0146366/?ref_=sr_i_555
556. Secret Sinners,1933,1h 10m,,4.9,35,,"When a wife finds out that her husband has fallen for a chorus girl, she figures that if he can stray so can she, so she starts looking elsewhere.",https://www.imdb.com/title/tt0024536/?ref_=sr_i_556
557. The Women in His Life,1933,1h 15m,Passed,6.3,277,,"A brilliant, successful criminal defense attorney's life is turned upside down when he takes on a case of a murdered woman who turns out to be an old flame who left him 10 years ago.",https://www.imdb.com/title/tt0026006/?ref_=sr_i_557
558. Mama Loves Papa,1933,1h 8m,Passed,4.0,15,,"A woman's ceaseless badgering sends her husband on a drinking bender. Along the way, he makes a new female acquaintance.",https://www.imdb.com/title/tt0024292/?ref_=sr_i_558
559. Child of Manhattan,1933,1h 10m,Passed,6.5,310,,"Paul Vanderkill is extraordinarily wealthy because his grandfather happened to buy farmland in what was to become Midtown Manhattan. The Loveland Dance Hall is one of the tenants of the Vanderkill estates. To reassure his aunt Sophie, Vanderkill visits Loveland to determine whether it is as disreputable as Sophie suspects. There he meets a dime-a-dance girl, Madeleine MacGonagal, who charms him with her quaint proletarian accent. They begin a secret affair, which turns into a secret marriage when pregnancy ensues. When the baby fails to survive, Madeleine decides that since he had married her only for the baby's sake, she should make haste to Mexico to secure a divorce. There she meets Panama Canal Kelly, a former suitor who now owns a silver mine. Her plans for divorce and quick remarriage are complicated when Vanderkill arrives to confront her.",https://www.imdb.com/title/tt0023887/?ref_=sr_i_559
560. The Mad Game,1933,1h 13m,Passed,5.7,96,,"Bootlegger Ed Carson is sent to prison. His old gang turns from liquor (now legal) to kidnapping. When they nab the son and daughter-in-law of the judge who sent Carson to prison, he is paroled to help in the capture.",https://www.imdb.com/title/tt0024286/?ref_=sr_i_560
561. Girl Without a Room,1933,1h 18m,,6.1,105,,"Young Tennessee painter Tom Duncan is thrilled to receive an art scholarship to Paris. When he arrives, he finds himself surrounded by a group of eclectic characters, as well as his beautiful new roommate Kay. Their potential relationship is soon threatened when fellow artists start to advise Tom to drink, and he falls in with a notorious gold-digger.",https://www.imdb.com/title/tt0024063/?ref_=sr_i_561
562. Police Car 17,1933,57m,Passed,5.8,44,,Two police car patrolmen are making their rounds on the beat.,https://www.imdb.com/title/tt0024456/?ref_=sr_i_562
563. Mr. Broadway,1933,1h 3m,,5.8,32,,"Ed Sullivan shows night spots all over New York in this movie, joking and listening to stories the patrons tell.",https://www.imdb.com/title/tt0024356/?ref_=sr_i_563
564. The Three Amateurs,1933,1h 5m,,6.5,115,,"The members of a Buenos Aires family have three hobbies -'berretines' in Buenos Aires slang- that keep them apart of their duties. Because of that, the family business is going down, and the only one who is concerned is the father, who hopes for his fourth son, an architect, to save the situation.",https://www.imdb.com/title/tt0024697/?ref_=sr_i_564
565. Treno popolare,1933,1h 3m,,7.0,247,,A story about the comic adventures of a group of summertime travelers.,https://www.imdb.com/title/tt0024696/?ref_=sr_i_565
566. Laughing Heirs,1933,1h 16m,,6.3,288,,A young salesman may inherit a wine-estate on one condition: he can't drink a drop of alcohol for at least a month.,https://www.imdb.com/title/tt0024236/?ref_=sr_i_566
567. The Good Companions,1933,1h 35m,,6.8,255,,"Musical taken from J. B. Priestley's novel about three musicians joining together to save a failing concert party, the Dinky Doos.",https://www.imdb.com/title/tt0024073/?ref_=sr_i_567
568. Son of a Sailor,1933,1h 13m,Approved,5.8,198,,"A smooth-talking sailor looking for a quick date meets an admiral's granddaughter and finds himself in a house full of top Navy officers, along with a couple of spies interested in plans for a new robot-controlled flight system.",https://www.imdb.com/title/tt0024594/?ref_=sr_i_568
569. Le petit roi,1933,1h 20m,,6.0,82,,"In an imaginary country, Michel VIII is still a child but he is to reign when his time comes. Revolution threatens and the young monarch's entourage lies to him and even tries to get rid of him.",https://www.imdb.com/title/tt0024441/?ref_=sr_i_569
570. By Appointment Only,1933,1h 7m,Passed,5.4,144,,"When a mother dies of heart failure in a doctor's office, the physician--feeling somewhat guilty because he couldn't save her--takes an interest in the woman's young daughter.",https://www.imdb.com/title/tt0023859/?ref_=sr_i_570
"571. Love, Honor and Oh, Baby!",1933,1h 5m,,,,,A lawyer devises a plan to fake a breach of contract suit against a wealthy womanizer.,https://www.imdb.com/title/tt0024273/?ref_=sr_i_571
572. Lucky Devils,1933,1h 10m,Passed,6.3,231,,"They smash through skylights, tumble down staircases, drop from a high rooftop into a waiting convertible - the only fall Skipper Clark and his pals won't take is to fall in love.",https://www.imdb.com/title/tt0024276/?ref_=sr_i_572
573. Sailor's Luck,1933,1h 4m,Passed,5.9,129,,"On shore leave in San Pedro, U.S. sailor Jimmy Harrigan meets and falls for Sally Brent. She promises to wait for him when he ships out to San Francisco, but Jimmy becomes jealous and tells her off when he learns that she has entered a marathon dance contest sponsored by a lecherous snake named Baron Portola. Along with several of his Navy pals, Jimmy goes to the ballroom the night of the dance marathon to try to change Sally's mind and win her back.",https://www.imdb.com/title/tt0024518/?ref_=sr_i_573
574. Kísértetek vonata,1933,1h 7m,,5.9,73,,"Seven people are stranded for a stormy night at a remote, unmanned railroad station past which, every midnight, steams the ""ghost"" of a train which wrecked there 20 years ago.",https://www.imdb.com/title/tt0222125/?ref_=sr_i_574
575. Fury of the Jungle,1933,1h 8m,Passed,6.2,26,,"Joan Leesom is stranded in a remote South American jungle village. She is pursued by the rapacious Taggart Taggart who has actually been involved with beautiful native girl Chita. Chita now feels nothing but hatred for Joan, creating a deadly triangle that leads to an explosive ending.",https://www.imdb.com/title/tt0025155/?ref_=sr_i_575
576. Waltzing Matilda,1933,1h 17m,,6.2,13,,"This is a great comedy of mistaken identity, in an unusual way. The police are after a guy named ""James Brown"", who killed a policeman. It happens that the other night, another ""James Brown"" and his friend Chic (the main characters of this movie) got in a fight with two guys after drinking. They don't quite remember everything that happened - and they think that they must be the ""cop killers"" the police are looking for!

It also happens that the police are looking for a different ""James Brown"" (the main character) to tell him that his uncle overseas died, and left him a large inheritance. As the police chase after him to tell him the good news, before the policeman can tell them the story, James and his friend Chic tie up the policeman, and make their getaway!

They escape to to a sheep station in the outback (named Banjaroo), where they think they can get away and lie low for a while. They get work there. There, James finds romance, Chic finds an old drinking buddy, and the police eventually catch up with them.

This movie is a great comedy, with some pretty funny routines. A lot of the laughs go to the brilliant Pat Hanna, who not only produced and wrote this movie, but also plays James Brown's sidekick, Chic Williams.",https://www.imdb.com/title/tt0024748/?ref_=sr_i_576
577. Ganga Bruta,1933,1h 22m,,6.9,512,,"A man kills his wife on their wedding night, after discovering she had been unfaithful. After being acquitted, he moves to the country, where he falls in love with an innocent girl.",https://www.imdb.com/title/tt0024049/?ref_=sr_i_577
578. The Chief,1933,1h 5m,Approved,4.4,127,,"A timid man (Ed Wynn) is thrust into the spotlight when his father is honored as a hero. He blunders into a series of adventures because of a woman (Dorothy Mackaill) and becomes a hero himself. Although two political parties try to use him for their benefit, he unwittingly foils all their plans. This is based on Wynn's famous radio character, and the film ends with Wynn on his own radio show.",https://www.imdb.com/title/tt0023886/?ref_=sr_i_578
579. Spies at Work,1933,1h 23m,,6.7,19,,"During the Great War, an Austrian officer suspected of being an Italian spy, volunteers for a mission to parachute into Italy, where he falls in love with a real spy.",https://www.imdb.com/title/tt0024606/?ref_=sr_i_579
580. The Thrill Hunter,1933,1h,Passed,6.1,126,,"Cowboy Buck Crosby is a big blowhard and a liar. His supposedly great race car driving and flying feats gets him invited to co-star with Marjorie Lane in a Western. He survives the auto racing scene but is exposed as a hoax when he tries to fly an airplane. Leaving in shame, he gets a chance to redeem himself when outlaws kidnap Marjorie.",https://www.imdb.com/title/tt0024665/?ref_=sr_i_580
581. Get That Venus,1933,1h 5m,,5.1,73,,"Wealthy Georgina Van Aster, whose primary interest in life is horses, decides to sell the celebrated ""Asterville Venus,"" a painting that has attracted people from around the world to the quaint New York town of Asterville. As the painting is the only thing of prominence in Asterville, managing editor Nash of the Asterville Clarion , plans to start a fund to buy it for the town's new library. Mrs. Van Aster, however, refuses to sell the painting to anyone locally because of a dispute with townspeople regarding damage to their property because of her fox hunt. Nash plans with reporter Tim Wilson, whose primary interest is flirting with women, a way to procure the painting. After Dutch cheese manufacturer Hugo Tannenberg, offers Mrs. Van Aster $100,000 for the painting, which he says he may use as a trademark for his cheeses, Tim goes to talk with befuddled art connoisseur Rendleby, a former curator at the Metropolitan Museum who now runs a curio shop in Asterville with his daughter Margaret. When Tim sees Margaret at the window of the shop, he immediately falls in love with her, and after paying an organ grinder to play a waltz, he dances with Margaret into the parlor. Rendleby, who is awed by the painting, readily agrees to intercede with Mrs. Van Aster. That night, a burglar, Joe Smiley, sneaks into the Rendleby shop. After Rendleby tells a police officer, who had been following Smiley, that Smiley is a guest, Smiley, in gratitude, gives Rendleby his address and offers his services anytime Rendleby needs them. Mrs. Van Aster refuses Rendleby's request that she keep the painting and sells it to Tannenberg. Margaret, when she learns this and sees Tim's elation, rebukes him. Rendleby then finds Smiley and arranges to go with him to steal the painting. Smiley, who, when casing the place, fell for the advances of Mrs. Van Aster's chambermaid Belle, cuts the painting out of its frame. As the police search for clues, Tim deduces from his conversation with Belle that Smiley is the culprit and tells the police sergeant, but then finds Rendleby admiring the painting at his shop. When Smiley, with the police in pursuit, comes to the shop, Tim hides the painting, but the police find it. Tim convinces them not to arrest Rendleby until Tannenberg identifies the painting and then instructs Tannenberg to claim that it is a fake. After the police leave, Tim reveals to Margaret that Tannenberg was hired by the newspaper to buy the painting and that Rendleby can now present it to the library. While Tim is on the phone to Nash, Margaret apologizes, and as Nash yells at Tim, he and Margaret embrace.",https://www.imdb.com/title/tt0024052/?ref_=sr_i_581
582. Das Kalte Herz,2016,1h 23m,,6.0,18,,"A poor and lonely coal seller trades his heart to a demon of the forest, hoping to improve his condition. It won't be long before the consequences of his actions catch up to him.",https://www.imdb.com/title/tt4724210/?ref_=sr_i_582
583. Melody Cruise,1933,1h 16m,Passed,6.0,440,,A popular playboy goes on a cruise from New York in winter to California. He brings a friend to keep him from getting too serious with any of the many eligible women on the cruise.,https://www.imdb.com/title/tt0024323/?ref_=sr_i_583
584. The Burning Secret,1933,1h 32m,,6.5,157,,A boy and his mother stay in a hotel near a lake where they meet a fascinating man.,https://www.imdb.com/title/tt0023840/?ref_=sr_i_584
585. Don Quichotte,1933,1h 21m,,5.5,35,,"German language version of Don Quixote by Georg Wilhelm Pabst, shot simultaneusly with the English and French versions and, like those, starring Feodor Chaliapin Sr., but with a different supporting cast.",https://www.imdb.com/title/tt0406716/?ref_=sr_i_585
586. The Girl from Maxim's,1933,1h 19m,Passed,6.0,12,,Circumstances force a doctor to pass a singer off as his wife.,https://www.imdb.com/title/tt0024064/?ref_=sr_i_586
587. The Great Consoler,1933,1h 35m,,6.7,228,,In basis of film are facts from biography of the American writer O. Henry and two his short stories.,https://www.imdb.com/title/tt0024728/?ref_=sr_i_587
588. Mr. Skitch,1933,1h 10m,,6.2,138,,"The Missouri Skitches (Will Rogers, ZaSu Pitts, Rochelle Hudson) drive to California via Yellowstone and the Grand Canyon.",https://www.imdb.com/title/tt0024358/?ref_=sr_i_588
589. Wyrok zycia,1933,1h 10m,,6.0,32,,"The following is the story of the film, summarized chronologically. The film actually begins in the middle of the story, with the murder prosecution and conviction of Jadzia (Andrzejewska). She then tells her appellate attorney Krystyna what happened: Jadzia is a poor, lonely government worker in Warsaw who lives in a rooming house and studies at night with ambitions of becoming a nurse. On what is supposed to be a day trip to the countryside with her office mates, she is seduced and abandoned by a stranger named Janusz (Damiecki) whose face is not shown. Distressed over her being abandoned, Jadzia becomes distracted at work and is fired for making too many mistakes. She cannot hold down a job due to fainting spells which, it turns out, are due to pregnancy. She is evicted from the rooming house and becomes homeless. While weeping with her infant son at the river's side, his basket cradle accidentally drops into the river. Jadzia calls for help, but it is too late, and those who respond to her cries for help accuse her of murder. She is charged with murder under Article 25, Section 1 of Poland's Penal Code. A court-appointed lawyer defends her, but he is not very effective, so she is convicted and sentenced to death. The trial scene opens with the testimony of the one of the women who was nearby when Jadzia's infant son fell into the river. She stands, facing the panel of three judges, and the presiding judge in the middle asks her whether she confirms her previous written statement. The presiding judge wears the distinctive chain and medallion of Poland's coat of arms, which is a White Eagle. The coat of arms is also displayed prominently on wall behind presiding judge. A large crucifix rests on the bench near the presiding judge. The traditional bell for calling the court to order is resting next to the crucifix, but in this film the presiding judge is never shown using it, not even when the panel emerges to pronounce the verdict and sentence. After the witness affirms her written statement, the presiding judge confirms that neither of the other two judges has a question and then dismisses the witness. The testimony is heard by twelve jurors, all male, who sit in a separate jury box to the right hand of the panel of judges. The presiding judge then asks the prosecutor, who sits at the right end of the bench, near the jury box, to give his summation. Before speaking, the prosecutor stands and dons his cap. When he is through speaking, he removes the cap. The defendant sits in a dock to the left, across from the jury. As is customary in civil law countries, defense counsel speaks last. His client Jadzia sits behind him, guarded. There is a crucifix hanging on the wall behind them. During defense counsels plea, the film cuts abruptly to the judges returning to the bench to pronounce the verdict of the jury and to pronounce sentence. The abrupt cut implies that the deliberation was done quickly. All three judges remain standing as the presiding judge pronounces the guilty verdict and the death sentence. Incidentally, a female attorney Krystyna (Eichlerówna) is watching the proceedings from the gallery and believes that Jadzia has been convicted in error, so she volunteers to handle the appeal to the court of second instance. An appeal in civil law courts is essentially a re-trial. However, what is depicted in Life Sentence is more likely a new trial and not an appeal, because a 12-man jury is empaneled, and evidence and argument are once again presented to a three-judge panel. We are shown only the layout of the court and a glimpse of Krystynas impassioned plea to the jury. Cut to Krystynas informing Jadzia that she has been acquitted. Without consulting with her husband Janusz, Krystyna takes Jadzia home to stay indefinitely, providing her with her own room and a bank account. Jadzia and Janusz meet, and Krystyna learns that her husband is the cad who seduced and abandoned Jadzia. Janusz shoots himself in the head and survives, and Krystyna forgives him. We are left to speculate about Jadzia's future.",https://www.imdb.com/title/tt0286318/?ref_=sr_i_589
590. The Big Brain,1933,1h 12m,Passed,5.4,36,,"The story of a ruthless small time crook's rise from lowly barber shop backroom bookie to high stakes international swindler. Max Werner (Stone) goes from the gambling to crooked stocks and bond dealing,getting ever richer. Dodging the law, he flees to England where he follows through with more stock chicanery, setting up phony companies. After a newspaper exposes one of his associates, he double crosses another to take his girlfriend back to America, where a trap awaits him.",https://www.imdb.com/title/tt0023806/?ref_=sr_i_590
591. Early to Bed,1933,1h 23m,,6.8,17,,"A nightclub waiter and a manicurist share the same room, he sleeps there by night and she by day. They meet by chance, not knowing who's who, and fall in love.",https://www.imdb.com/title/tt0023974/?ref_=sr_i_591
592. Yahudi Ki Ladki,1933,2h 17m,,,,,"The familiar story features the rivalry between the Roman priest Brutus and the oppressed Jewish merchant, Prince Ezra. Brutus sentences Ezra's son to death and Ezra in turn kidnaps and raises Brutus' only daughter, Decia. When the daughter, renamed Hannah, grows up, the Roman Prince Marcus falls in love with her. To court her, he disguises his Roman identity. When his religion is discovered, he is ejected from Ezra's house. Marcus then agrees to marry Princess Octavia as arranged, but Hannah denounces him in open court and he is sentenced to death by his own father, the emperor. When Hannah and Ezra respond to Octavia's pleas and retract their accusations, they in turn are sentenced to death by Brutus...",https://www.imdb.com/title/tt0155398/?ref_=sr_i_592
"593. Yes, Madam",1933,46m,,,,,,https://www.imdb.com/title/tt0202696/?ref_=sr_i_593
594. Bondage,1933,1h 7m,,,,,,https://www.imdb.com/title/tt0023826/?ref_=sr_i_594
595. High Gear,1933,1h 7m,Passed,5.2,125,,"When Mark 'High Gear' Sherrod (Murray) looses his nerve, the race car driver takes a job driving a taxi, but when he befriends a cute reporter and the young handicapped son of a deceased driver, he attempts to return to the track.",https://www.imdb.com/title/tt0024119/?ref_=sr_i_595
596. Ein Unsichtbarer geht durch die Stadt,1933,1h 44m,,5.6,103,,"A taxi driver finds an odd contraption on the back seat that renders him invisible, but his friend steals the device to rob a bank.",https://www.imdb.com/title/tt0024724/?ref_=sr_i_596
597. The Wolf Dog,1933,4h,Passed,5.7,80,,"Frank Courtney is the heir to great wealth, but his guardian Norman Bryan secretly plots to do the boy in and steal the inheritance. Only Frank's friend, radio operator Bob Whitlock, and Frank's wolf-dog stand between him and disaster.",https://www.imdb.com/title/tt0024780/?ref_=sr_i_597
598. Strictly Personal,1933,1h 11m,,5.7,76,,,https://www.imdb.com/title/tt0024622/?ref_=sr_i_598
599. Københavnere,1933,1h 43m,,6.4,32,,Erik has just graduated as an engineer and has everything but calculations and exams on his mind: He is in Tivoli with his good friend Gorm to celebrate like true Copenhageners. Erik's snobbish mother is very concerned about his future and has picked out a suitable party for him. But what she doesn't know is that Erik will fall head over heels for the chorus girl Aase that evening.,https://www.imdb.com/title/tt0024235/?ref_=sr_i_599
600. Fräulein Hoffmanns Erzählungen,1933,1h 29m,,7.3,17,,"Miss Anita Liman is the sole owner of a coffee importing company, with offices in Hamburg, Genoa and Santiago. Anita's first competitor Benno Karden would merry her purely for business reasons, but he falls in love with her. Benno has not realized that his lover is a smart competitor. Complications follow.",https://www.imdb.com/title/tt0255179/?ref_=sr_i_600
601. Found Alive,1933,1h 5m,Passed,5.1,24,,"A youngster taken to a jungle by his mother and her butler to avoid losing his custody to the father in a messy divorce, is now a teenager with curiosity about his past, strangers, and native girls...",https://www.imdb.com/title/tt0024035/?ref_=sr_i_601
602. One Precious Year,1933,1h 16m,,6.6,15,,,https://www.imdb.com/title/tt0024412/?ref_=sr_i_602
603. Puran Bhagat,1933,2h 39m,,6.2,15,,"The legend of Prince Puran, born under King Silwan of Sialkot's curse which binds his parents never to set eyes on him until he is 16. Accused of leading a debauched life by an evil general and by the king's second wife, Puran is sentenced to death. Rescued by the mystic Gorakhnath, he becomes an ascetic. When the king is overthrown, Purna rises from his meditations to depose the general who has seized power, before returning to his life of renunciation.",https://www.imdb.com/title/tt0156916/?ref_=sr_i_603
604. Nakinureta haru no onna yo,1933,1h 39m,,6.8,84,,"Kenji and Chuko travel to Hokkaido as migrant workers and enlist as miners under the strict leadership of Guzuyasu. On the boat journey to Hokkaido, Kenji attracts Ohama, who is travelling to Hokkaido to open a bar.",https://www.imdb.com/title/tt1570639/?ref_=sr_i_604
605. Gigolettes of Paris,1933,1h 4m,Passed,5.5,96,,"After Suzanne's wealthy fiance takes back his ring and makes it clear he used her, she's determined to use men in a similar way.",https://www.imdb.com/title/tt0024059/?ref_=sr_i_605
606. The Constant Woman,1933,1h 16m,Passed,5.9,88,,"After the death of his wife, and discovering their son is not really his, Walt turns to alcohol until he finds a new love.",https://www.imdb.com/title/tt0023904/?ref_=sr_i_606
607. I Loved You Wednesday,1933,1h 20m,Passed,5.4,74,,"Vicki Meredith, an American ballet student in Paris, falls in love with Randall Williams, another American studying architecture in Paris, and they set up light housekeeping together until she learns that Randall has forgotten to mention that he has a wife back in the USA. This miffs Vicki to the point that she heads for South America where she meets and falls in love with Philip Fletcher, a construction engineer from America, but he hustles off to build Boulder Dam. They meet again in New York City and discover that their separation has made their love even stronger. Then, Randall and his wife show up and sophistication rears its ugly head. Features a 'Dance of the Maidens' sequence.",https://www.imdb.com/title/tt0024159/?ref_=sr_i_607
608. The Roof,1933,58m,,5.3,74,,Inspector Darrow investigates the death of a wealthy man.,https://www.imdb.com/title/tt0026949/?ref_=sr_i_608
609. Rainbow Ranch,1933,55m,Passed,5.5,54,,An emergency at his aunt's ranch gets Ed Randall leave from the Navy. He returns to find the water cut off and her note due the next day.,https://www.imdb.com/title/tt0132461/?ref_=sr_i_609
610. I Adore You,1933,1h 14m,,6.5,27,,"A film studio is awaiting the arrival of its new owner, and the executives mistake an old actor for him. Complications ensue.",https://www.imdb.com/title/tt0024149/?ref_=sr_i_610
611. What Price Innocence?,1933,1h 4m,Approved,5.0,30,,A young woman has to pay the price for fooling around with men.,https://www.imdb.com/title/tt0024761/?ref_=sr_i_611
612. Walls of Gold,1933,1h 14m,Approved,6.4,19,,"Barnes Ritchie, a businessman for his uncle's steel firm, prides himself on being a sworn bachelor, but in reality desires to marry someone with traditional values. Barnes and Jeanie Satterlee, a sophisticated businesswoman who runs an employment agency, meet in the lobby of a New York office building when Barnes accidentally steps on her lipstick, and they soon begin dating. As Barnes makes plans to attend a New Year's Eve party at his uncle Gordon's house with Jeanie and her younger naive sister Honey, Gordon, a philanderer, warns him about Jeanie, whom he believes to be a manipulative and materialistic girl. During the party, Gordon is attracted to Jeanie. Later, as she waits for Barnes before going to dinner, Gordon shows up in his stead and makes excuses for Barnes's absence. She at first refuses an expensive chinchilla coat that he offers her, but weakens when she tries it on and finally accepts it. When Barnes arrives at his uncle's home that night, he is angered upon learning that Jeanie accepted the coat, as she had earlier refused his attempt to replace her broken lipstick, and he now thinks she has proven his uncle's low opinion of her. Later, Barnes arrives drunk at the Satterlees' home in search of Jeanie and finds Honey, instead. Jeanie, who has decided to return the coat, learns that the two have married, and she begins to date Gordon, but admits that she does not love him. They marry when Gordon convinces her that mutual fondness is the sanest justification for marriage, and that she was made for the kind of luxury that he can offer her. At a Paris racetrack on their honeymoon, Gordon shows himself to be an unfaithful husband by pursuing other women. When they return to New York, Jeanie learns that Honey is pregnant and that Barnes has left Gordon's steel firm for a job in the jungles of South America. Jeanie herself would like to have a child, but Gordon is adamantly opposed to the idea. Jeanie gets a phone call from Honey's doctor and rushes to the hospital where Honey is dying after having given birth to a son. Honey admits to Jeanie that she seduced Barnes when he was looking for sympathy, and Jeanie promises to care for Honey's child. Barnes returns from South America to visit his son Bill, but seeing how attached Jeanie has become to the baby, he lets her keep him. Realizing that Gordon is unfaithful, Jeanie ignores his escapades, but when exotic dancer Carla Monterez, one of his mistresses, insists on performing at a party they give, Jeanie is humiliated. After handling the situation diplomatically, Jeanie asks Gordon for a divorce. Suspecting that she loves Barnes, Gordon vows to ruin him should she insist on the divorce. Gordon's other mistress, Joan Street, the Ritchies' young maid, is also greatly upset by Gordon's affair with Carla, and when he refuses to go away with her, she pulls a gun on him as they argue. Gordon dies from a heart attack before she fires, however, and Jeanie has Barnes sneak Joan out of the house. Sometime later, a reunited Jeanie and Barnes drive with Bill and their new baby.",https://www.imdb.com/title/tt0024745/?ref_=sr_i_612
613. Lightning Range,1933,53m,Passed,4.1,38,,"Hester and Hezekiah plan to get Dorothy Horton's inheritance. But when Black Pete and his men rob the stagecoach, they learn of the scheme and send gang member Jim to replace Hezekiah. The Deputy Marshal breaks this up but Black Pete arrives wearing the Marshal's badge and has the Sheriff take him away while he flees with the inheritance money.",https://www.imdb.com/title/tt0132279/?ref_=sr_i_613
614. Lucky Dog,1933,1h,Passed,5.7,19,,"A rich man, whose only friend is his dog, loses his money and goes to jail, through the dirty work of his enemies. The dog finds refuge with another pup for a while but ends up with out a home of food. Upon getting out of jail, the dog's master spends all his time hunting for his lost dog.",https://www.imdb.com/title/tt0024277/?ref_=sr_i_614
615. Paprika,1933,,,,,,"To win the heart of a rather simple minded youth who doesn't seem to care much for women, a young foreign lady takes a job as the chambermaid to the man's sister in law.",https://www.imdb.com/title/tt0025622/?ref_=sr_i_615
616. Parole Girl,1933,1h 7m,,6.6,393,,A young woman released on parole vows to ruin the life of the man who insisted on sending her to jail.,https://www.imdb.com/title/tt0024429/?ref_=sr_i_616
617. King for a Night,1933,1h 18m,Approved,6.7,111,,A prizefighter is convicted of a murder that was actually committed by his sister.,https://www.imdb.com/title/tt0024217/?ref_=sr_i_617
618. Phantom Thunderbolt,1933,1h 3m,Approved,5.6,143,,A cowboy called The Thunderbolt Kid comes to the aid of a town that is being threatened by outlaws who don't want a railroad to go through the town.,https://www.imdb.com/title/tt0024444/?ref_=sr_i_618
619. A Lady's Profession,1933,1h 8m,Passed,6.5,79,,An English nobleman (Ronald Young) and his sister (Alison Skipworth) run a stateside speakeasy at a riding club.,https://www.imdb.com/title/tt0024241/?ref_=sr_i_619
620. Weaker Sex,1933,1h 35m,,5.7,62,,"Crisscrossed in a sumptuous Parisian palace: the wealthy Leroy-Gomez serves as a matchmaker for her children. All this is orchestrated by Antoine, the butler, lucid and cynical, who serves as confidants to all.",https://www.imdb.com/title/tt0155158/?ref_=sr_i_620
621. Pour être aimé,1933,1h 15m,,5.7,22,,,https://www.imdb.com/title/tt0024464/?ref_=sr_i_621
622. Med fuld musik,1933,1h 40m,,5.0,21,,"The attic of a city house is the home to a colony of artists. Among them is a writer, whose corpus is larger than her output. We also meet a hard-of-hearing poet who can still hear the grass growing. There's a painter, a sculptor and more. All are penniless - hoping that one day they will experience their breakthrough. ""The Seventh Heaven"", as the corridor is called, also houses two prominent residents, Fyrtårnet and Bivognen. They have set up a small diner and engage lively with the artist from the colony.",https://www.imdb.com/title/tt0125395/?ref_=sr_i_622
623. Paprika,1933,1h 17m,,,,,"To win the heart of a rather simple minded young man who doesn't seem to care much for women, a young foreign lady takes a job as the chambermaid to the man's sister in law.",https://www.imdb.com/title/tt0151900/?ref_=sr_i_623
624. The Laughter of Fools,1933,47m,,,,,,https://www.imdb.com/title/tt0137069/?ref_=sr_i_624
625. Friday the Thirteenth,1933,1h 29m,,6.6,439,,"When in a storm a crane collapses and a bus crashes we see flashbacks of the passengers' lives leading up to that accident with two casualties: young and old couples, love, infidelity, business, blackmail and other crooked schemes.",https://www.imdb.com/title/tt0024037/?ref_=sr_i_625
626. Xiao Wanyi,1933,1h 54m,,7.0,248,,"Sister Ye is the master craftswoman in a village of toymakers that is subject to outside attacks. A series of personal tragedies reduces her to a shell of herself, until she breaks and rallies the townsfolk to fight their oppressors.",https://www.imdb.com/title/tt0121890/?ref_=sr_i_626
627. Don't Bet on Love,1933,1h 2m,Approved,5.8,171,,"Bill McCaffery, a plumber, wins big at the racetrack but then his luck runs out and almost ruins his business. Molly Gilbert, his manicurist girlfriend, stands by him and helps him readjust to life as a plumber.",https://www.imdb.com/title/tt0023957/?ref_=sr_i_627
628. For Love or Money,1933,1h 13m,,6.0,110,,"A schemer and his daughter have lived the high life, but they are out of cash. A last-ditch plan to lure investors goes awry when the electric company shows up to turn off the lights. But the new employee brings hope and something more.",https://www.imdb.com/title/tt0023873/?ref_=sr_i_628
629. Waltz War,1933,1h 33m,,6.9,81,,The story about musical rivalry between Joseph Länner and Johan Strauss and their respective waltz orchestras during Quenn Victoria's reign is finally set on a public trial. With pieces by both composers.,https://www.imdb.com/title/tt0024749/?ref_=sr_i_629
630. Der Choral von Leuthen,1933,1h 31m,,5.8,104,,"The story of the rise to power of King Frederick II (aka ""Frederick the Great"") of Prussia of his military campaigns to make Prussia a major power in Europe.",https://www.imdb.com/title/tt0023888/?ref_=sr_i_630
631. Tout pour l'amour,1933,1h 33m,,5.3,71,,A famous tenor manages to charm away a lovely young lady who was just about to be married to the opera director.,https://www.imdb.com/title/tt0158283/?ref_=sr_i_631
632. Jaws of Justice,1933,58m,Passed,4.2,81,,"Seeker Dean has found the gold he has been looking for for 15 years. Heading for the Government office, Boone Jackson kills him. Kickabout finds a cryptogram as to the gold's location and Sergeant Kinkaid solves the puzzle. But Jackson learns of the gold's location and to get it, he sets out to dynamite the dam that would flood the entire communuty.",https://www.imdb.com/title/tt0024192/?ref_=sr_i_632
633. D'amour et d'eau fraîche,1933,1h 24m,,5.8,20,,,https://www.imdb.com/title/tt0182950/?ref_=sr_i_633
634. The Growing Youth,1933,1h 55m,,3.8,41,,"Emotional upheavals transpire when three girls enter a boys' school, to study for an important exam: a teacher and a student both fall in love with one of them.",https://www.imdb.com/title/tt0024493/?ref_=sr_i_634
635. Prince of Arcadia,1933,1h 20m,,,,,"In this specimen of Ruritania, a prince prefers a simple girl to a pretentious princess who has aspirations to become an actress.",https://www.imdb.com/title/tt0024469/?ref_=sr_i_635
636. Forgotten,1933,1h 5m,Passed,6.5,106,,A kindly old man is neglected by his selfish and greedy sons.,https://www.imdb.com/title/tt0024031/?ref_=sr_i_636
637. Strawberry Roan,1933,59m,Passed,6.5,100,,The mares Jim Edwards are losing is being blamed on a wild horse when it is actually his foreman Hawkins. Colonel Bownlee offers his ranch to anyone who can ride this wild palomino. Ken takes up the challenge and also seeks the real thief.,https://www.imdb.com/title/tt0024026/?ref_=sr_i_637
638. Tugboat M 17,1933,1h 18m,,6.9,58,,"Heinrich George plays Henner who lives with his wife and child on a tugboat, going on the river to Berlin. There he meets the attractive Gescha (Betty Amann), and a story of love, betrayal and sadness ensues.",https://www.imdb.com/title/tt0024527/?ref_=sr_i_638
639. Their Night Out,1933,1h 14m,,6.4,33,,"Silly ass Jimmy (Claude Hulbert) gets drunk in a nightclub, and is then confused with the leader of a gang of robbers.",https://www.imdb.com/title/tt0024653/?ref_=sr_i_639
640. Private Jones,1933,1h 10m,,4.9,69,,"After America has joined the World War I, young William Jones tries to avoid military service by telling the draft board that he is the only supporter of his family and is employed by his sister's boss.",https://www.imdb.com/title/tt0024472/?ref_=sr_i_640
641. Pettersson & Bendel,1933,1h 48m,,4.6,46,,"Pettersson, the charmer, and Bendel, the clever one, team up and begin to do small-time semi-legal business.",https://www.imdb.com/title/tt0024442/?ref_=sr_i_641
642. The Cohens and Kellys in Trouble,1933,1h 8m,Approved,4.2,31,,"Kelly's daughter falls for a revenue agent, and his divorced wife is after alimony.",https://www.imdb.com/title/tt0023898/?ref_=sr_i_642
643. The Girl from Georgia,1933,1h 13m,Passed,4.1,26,,"Johnny, the son of a rich man, is an idling, good-for-nothing loafer who leads a wild, hectic life, flunks out of college, and is disinherited and made to leave home by his father, who has given up on him in despair. Johnny opens a gas-station in Arizona, where ""Waffles,"" a girl from Georgia, takes him in hand and employs her own methods of reformation with astonishing and fruitful results. More comedy than drama, if the meller-drammer acting is overlooked. It was released in the UK as ""The Girl From Georgia"" in 1934.",https://www.imdb.com/title/tt0024113/?ref_=sr_i_643
644. Nagana,1933,1h 2m,Passed,4.5,15,,"A doctor searches for the cure for nagana, the sleeping sickness caused by the tsetse fly.",https://www.imdb.com/title/tt0024372/?ref_=sr_i_644
645. The Little Damozel,1933,55m,,,,,"For reasons of his own a sea captain pays one of his sailors to marry a singer, but not long after the marriage the two find they are actually in love.",https://www.imdb.com/title/tt0024260/?ref_=sr_i_645
646. Keisatsukan,1933,2h 1m,,7.2,163,,"Itami, a young policeman, meets his high school friend, Tetsuo, a gangster, at a roadblock. As they rekindled their friendship, a complex relationship is established between them.",https://www.imdb.com/title/tt0322938/?ref_=sr_i_646
647. Jofroi,1933,52m,,7.0,145,,"In a country town of Provence, a landowner threatens to kill himself after the neighbor he has sold a property to wants to chop down the trees.",https://www.imdb.com/title/tt0024196/?ref_=sr_i_647
648. The Lone Avenger,1933,1h 1m,Passed,6.5,81,,A prominent banker commits suicide. His son thinks otherwise and sets out to prove it.,https://www.imdb.com/title/tt0024267/?ref_=sr_i_648
649. Britannia of Billingsgate,1933,1h 20m,,5.7,89,,"The owner of a fish-and-chips shop in the Billingsgate area of London harbors a secret ambition: to become a movie star. It turns out that she has a beautiful singing voice, and when that fact comes to the attention of a movie studio, it begins to turn her and her family's lives upside down.",https://www.imdb.com/title/tt0023845/?ref_=sr_i_649
650. The Charming Deceiver,1933,1h 26m,Passed,6.5,50,,A model inherits a great deal of money and pretends to be a movie star.,https://www.imdb.com/title/tt0023882/?ref_=sr_i_650
651. Caprice de princesse,1933,1h 25m,,5.6,66,,"Princess Isabelle falls in love with André, a literary historian in charge of her family's library, but he is not interested due to her grandiose manner. He seeks a woman from a more simple background. Isabelle then passes herself off.",https://www.imdb.com/title/tt0199400/?ref_=sr_i_651
652. Invisible Opponent,1933,1h 27m,,7.1,32,,On a steamer bound for Europe two competing European investors try to get hold of a contract for exploiting oil wells in Brazil. Several agents cleverly play off one investor against the other to up the ante of a bogus scheme.,https://www.imdb.com/title/tt0024723/?ref_=sr_i_652
653. Gion matsuri,1933,1h 8m,,8.0,18,,,https://www.imdb.com/title/tt0024060/?ref_=sr_i_653
654. The Rebel,1933,1h 17m,,6.8,32,,"Simultaneously released English language version of a German anti-occupation, liberation film in which an Austrian spearheaded an uprising against Napoleon in the Tyrol.",https://www.imdb.com/title/tt0447386/?ref_=sr_i_654
"655. Let Me Explain, Dear",1933,1h 15m,,5.2,44,,"A man tries to fake an accident in order to claim insurance money, but things soon go awry.",https://www.imdb.com/title/tt0023130/?ref_=sr_i_655
656. The Page of the Hotel Dalmasse,1933,1h 23m,,6.6,28,,"A young woman, dressed as a boy to get a hotel job, helps a detective thwart a plot by three American crooks to rip off a German baron staying there.",https://www.imdb.com/title/tt0026841/?ref_=sr_i_656
657. The Tiger of Yautepec,1933,1h 26m,,6.5,25,,"A good man and his son are kidnapped by a bunch of bandits called 'Los Chacales'. Twenty years after, another band of 'banditos' (Los Plateados) terrorizes the region. The leader of 'Los Plateados', El Tigre (Ortiz), is the boy kidnapped 20 years before. El Tigre knows beautiful Dolores (Gallardo) and decides to conquer her... without knowing she's his long-lost sister.",https://www.imdb.com/title/tt0024671/?ref_=sr_i_657
658. The Squatter's Daughter,1933,1h 44m,,5.3,33,,A story of rival sheep stations and of the strong-willed squatter's daughter who wants to unite them.,https://www.imdb.com/title/tt0133214/?ref_=sr_i_658
659. Doss House,1933,53m,,5.2,21,,"An escaped convict is on the loose, and the police are searching all the doss-houses in the hopes of finding him there. A young journalist is sent by his editor to assist in the search with the aim of reporting on any interesting stories he may find among those seeking shelter that night in the local doss-house, and is eager to help with the arrest. Among the characters they encounter are a man who claims to have got away with murder, and an alcoholic former concert pianist.",https://www.imdb.com/title/tt0023959/?ref_=sr_i_659
660. The Fiddlin' Buckaroo,1933,1h 5m,Passed,6.0,12,,"Government man Fiddlin' has joined Wolf's gang and Banty has become his friend. When Fiddlin' objects to Wolf's kidnapping of Ann, he is left in a burning building. Rescued by his horse Tarzan, he convinces Banty to help bring in the gang.",https://www.imdb.com/title/tt0025108/?ref_=sr_i_660
661. Gruß und Kuß - Veronika,1933,,,5.7,16,,"Veronika, employed in a flower shop, has the habit of leaving flowers with a note -""Gruss und Kuss, Veronika (greetings and a kiss, Veronika)"" to a special client she has fancied about. But he has the habit of sending flowers to an array of women. This puts her into action to prevent it, causing misunderstandings that will later have to be solved -somehow.",https://www.imdb.com/title/tt0024081/?ref_=sr_i_661
662. Kurds-Yezidis,1933,52m,,4.9,23,,The film is about the establishment of a kolkhoz (collective farm) in a Kurdish village in Soviet Armenia.,https://www.imdb.com/title/tt0266710/?ref_=sr_i_662
663. Circle Canyon,1933,48m,Passed,3.2,38,,"The simplified plot has two different gangs attempting to wrest control of valuable Oklahoma oil lands from an orphaned girl, who is aided in her fight by her adopted father Chris Morrell.",https://www.imdb.com/title/tt0132039/?ref_=sr_i_663
664. The Only Girl,1933,1h 29m,Approved,4.8,12,,"After a fall from a horse, a wealthy Marquis is believed to be dying. While he lies there, he is comforted by the singing of a beautiful woman. When he unexpectedly recovers he tries to seek out this young woman.",https://www.imdb.com/title/tt0024417/?ref_=sr_i_664
665. Best of Enemies,1933,1h 12m,Approved,,,,"William H. Hartman, an American businessman who has contributed a lot of money to help bring about prohibition, visits the beer garden of his German-American neighbor, Gus Schneider, hoping to buy Schneider's lease. Schneider, who hates Hartman, refuses. Hartman, whose young son Jimmie is a playmate of Schneider's daughter Lena, orders Jimmie not to play with Lena, after which he imbibes from a hidden bottle of whiskey. After prohibition takes effect, Schneider's converted restaurant draws few customers. Hartman now refuses Schneider's offer to sell the lease, and soon Schneider is dispossessed. He moves back to Germany, although he keeps his American citizenship. Meanwhile, Hartman builds a forty-story office building on the spot of Schneider's former beer garden. Twelve years later, Jimmie is devoting more time to music than to his studies. Although Hartman would like his son to become a financier, he agrees to send him to a conservatory in Germany. There he meets Lena, who is also studying music. Their initial attraction is furthered when they have dinner together and realize their identities. Because Schneider hates the name of Hartman, Jimmie suggests that Lena introduce him as ""Jim Harty."" Hartman, after perusing a girly magazine from Europe, decides to take a trip to visit his son. When Jimmie sees that his roommate August, a cellist, cannot afford to eat lunch everyday, he visits Schneider in his hofbrau and convinces Schneider to hire him and his fellow students to play jazz for food and beer. On the night of Lena's music competition, after which Jimmie plans to sail home, Lena tells him in German, which he does not understand, that she would like more than anything for him to stay. When Lena does not win, because a professor whose name is Hartman breaks a tie vote and chooses her competitor, Schneider vows to choke the next Hartman who comes into his life. Jimmie, who has now learned what Lena told him in German, comforts her and, after telling her that he loves her, gets a job in a brewery and moves in with a friend. He writes a tune based on the rhythm he hears at the brewery and on Lena's music, and soon after he performs the song with his band, he has a hit which makes the hofbrau one of the busiest places in town. Hartman, with a blonde date, drinks beer there, not knowing that Schneider is the owner, but when he sees Jimmie, he goes backstage and orders him to give up the band. When Schneider interrupts and learns Jimmie's identity, he fires the band and objects to Jimmie marrying his daughter because, he says, he does not want to be the grandfather of little Hartmans. Jimmie and Lena elope on an ocean liner bound for America, and the two fathers follow. When Jimmie learns that they are on the boat, he delivers messages to both, supposedly from the other, urging a reconciliatory meeting. Hartman and Schneider drink beer together and sing, and decide to open a brewery together, when Jimmie and Lena interrupt them and reveal that they have married. A final argument about which father gave in and wrote the first note is never settled because in the midst of their bickering, the notes are blown overboard.",https://www.imdb.com/title/tt0023796/?ref_=sr_i_665
"666. Wine, Women and Song",1933,1h 10m,,,,,,https://www.imdb.com/title/tt0024776/?ref_=sr_i_666
667. Straightaway,1933,58m,,,,,"Auto race champ Tim Dawson and his brother Billy are fired by boss Turnberg when they won't throw an important race to his son Carl. Pop Reeves, a competitor, finds that Turnberg had bribed his top man, Rogan, to lose, and fires him, and hires the Dawsons. His daughter Ann falls for Tim, yet it's Billy that wants her and proposes to her. She says no and declares herself to Tim. At the next big race, Rogan tries to cause Billy to smash, but he does instead, then accuses Tim of being responsible before dying. A police detective decides that Tim had done it so his brother could win, and leaves him one option, his brother must lose the upcoming Indy 500 or he'll know Tim's guilty.",https://www.imdb.com/title/tt0025837/?ref_=sr_i_667
668. Was Frauen träumen,1933,1h 30m,,6.7,111,,A pretty young singer is addicted to the thrill of stealing until she finds the thrill of love.,https://www.imdb.com/title/tt0024754/?ref_=sr_i_668
669. Laughing at Life,1933,1h 11m,Passed,5.2,126,,"Easter, a soldier of fortune and gunrunner, leaves his family behind escaping from the authorities and an American detective named Mason. His globe-hopping escape leads him finally to South America, where he is hired to organize a band of revolutionaries, unaware that they plan to eliminate him after his job is done. Here, he also encounters his son, on track to waste his own life in pursuits similar to Easter's.",https://www.imdb.com/title/tt0024245/?ref_=sr_i_669
670. Gardez le sourire,1933,1h 25m,,6.5,85,,French language version of the Austrian film Ray of Sunshine (1933). A young woman full of despair comforts a lonely unemployed man who was going to drown himself. Together they find ways to make money and they become a couple.,https://www.imdb.com/title/tt0205960/?ref_=sr_i_670
671. Shot in the Dark,1933,53m,,5.3,119,,"Millionaire murder victim's relatives gather at his home seeking his recorded will. One relative is the murderer, determined to find the record by any means necessary, posing a threat to others present.",https://www.imdb.com/title/tt0143879/?ref_=sr_i_671
672. The Fighting Parson,1933,1h 6m,Passed,6.2,69,,"A cowboy on the run from a posse finds the clothes and ID of a preacher on the trail. He assumes the man's identity, but when he arrives at the nearest town, he rides into the middle of a hanging--and the man who is being hanged knows his real identity",https://www.imdb.com/title/tt0024010/?ref_=sr_i_672
"673. O' Schwarzwald, O' Heimat",1933,1h 26m,,6.1,69,,"After a burn-out Karl spends time in his home region, the Black Forest. His car gets lost and is picked up by penniless magician Amadori who enjoys posing as wealthy entrepreneur Karl while Karl reunites with the love of his youth, Liesl.",https://www.imdb.com/title/tt0024099/?ref_=sr_i_673
674. Spy,1933,1h 17m,,6.5,50,,,https://www.imdb.com/title/tt0024636/?ref_=sr_i_674
675. Carnival Lady,1933,1h 4m,,5.9,70,,"When his bank fails, a young man loses not only all his money but his fiancée, deserts him, too. Depressed, he joins a circus.",https://www.imdb.com/title/tt0154285/?ref_=sr_i_675
676. Ladies Must Love,1933,1h 10m,Passed,6.3,45,,"Four Broadway gold-diggers sign a contract promising to share all their future gains. Troubles begin when one the girls falls in love with a wealthy playboy, getting rid of the contract.",https://www.imdb.com/title/tt0024237/?ref_=sr_i_676
677. Man Hunt,1933,1h 5m,,4.6,92,,A young amateur detective follows clues to a diamond thief.,https://www.imdb.com/title/tt0024294/?ref_=sr_i_677
678. Smoky,1933,1h 9m,,7.1,27,,"The story of bronco buster Clint's undying devotion to his horse. Separated early on from Clint, Smoky is sold to a notions dealer, undergoing the humiliation of hauling a junk wagon until he grows too old for this sort of work.",https://www.imdb.com/title/tt0024577/?ref_=sr_i_678
679. The Rustler's Roundup,1933,56m,,6.2,31,,"Winters is after the Brand ranch, and his man Brett who is foreman there is rustling the Brand stock. But Tom is on to their game and breaks up their attempt to buy the ranch. When they plan to rustle their horses, Tom must not only rescue Danny Brand, who is their prisoner, but stop the rustlers.",https://www.imdb.com/title/tt0024511/?ref_=sr_i_679
680. Three Men in a Boat,1933,54m,,4.8,61,,The comic adventures of three friends and a dog when they take a boating holiday on the River Thames.,https://www.imdb.com/title/tt0024662/?ref_=sr_i_680
681. In the Money,1933,1h 6m,Passed,4.9,59,,"Professor Higgingbottom, an ardent member of the Whales, is offered a chance to invest $5,000 in a gold mine.",https://www.imdb.com/title/tt0025306/?ref_=sr_i_681
682. The Woman Who Dared,1933,1h,,6.0,21,,"A young woman inherits a textile plant, and finds that she's expected to pay protection money to gangsters who have their own men among the plant's employees.",https://www.imdb.com/title/tt0026002/?ref_=sr_i_682
683. Mater dolorosa,1933,,,5.4,22,,"Melodrama in which a man, learning his wife has turned to her brother in law for romantic comfort, withdraws affection from his daughter, suspecting that she is not really his own.",https://www.imdb.com/title/tt0023199/?ref_=sr_i_683
684. Diggers in Blighty,1933,1h 12m,,5.9,17,,"While serving in the Australian Army in France in 1918, soldiers Chic and Joe are given ten days' leave in England. They have trouble with their uncouth manners but eventually help some upper class friends with their romance.",https://www.imdb.com/title/tt0130621/?ref_=sr_i_684
685. Moi et l'impératrice,1933,1h 38m,,5.8,10,,"A garter falls into the hands of a Duke, who falls for an Empress.",https://www.imdb.com/title/tt0145909/?ref_=sr_i_685
686. Dobrý tramp Bernásek,1933,1h 18m,,4.4,15,,,https://www.imdb.com/title/tt0263276/?ref_=sr_i_686
687. Soldiers of the Storm,1933,1h 8m,Passed,2.7,19,,"When a new airport is opened at Bay Beach, a small town close to the Mexican border, U.S. Border Patrol agents decide to send an undercover man to investigate the town's link to a rash of drug and illegal alien smuggling. Daring flyer Brad Allerton is selected to impersonate Bud Langton, a stunt pilot who was to perform at the airport's dedication but is instead being questioned by Eastern police. Brad's performance thrills the crowd, especially Natalie, the daughter of J. T. Adams, who is a prominent local politician.

While Brad and Natalie are falling in love at first sight, John Moran, a casino owner and the head of the smuggling ring, confers with Adams. Although Adams has only a financial interest in the smuggling, he is too deeply involved to protest when Moran orders his henchman George to kill Dodie Harmon, a member of the gang who has unwisely demanded a larger share of the profits. When Natalie and Brad visit Moran's casino soon after the show, Brad is introduced to entertainer Sonia, who was once the girl friend of the real Langton and is now engaged to Dodie. Sonia agrees to keep Brad's identity a secret, although the familiarity they must assume incurs Natalie's jealousy.

As time passes, Brad gains Moran's confidence, while Sonia learns of Dodie's death and suspects her hated employer. Moran hires Brad to work in the smuggling ring and sends him across the border to Chuck Bailey's inn. Having gathered enough evidence to arrest Moran and Adams, Brad flies back to Bay Beach, and is about to apprehend the criminals, when Moran orders him to take Sonia to Bailey to be disposed of. Brad learns that Sonia has been loudly proclaiming her suspicions concerning Dodie's death, and so Moran has gotten her drunk in order to make her more manageable during the flight.

Anxious to find a way to save Sonia, Brad agrees to perform the errand and takes off. During the flight, however, Moran learns that the real Brad is now dead and orders Bailey to kill both Sonia and Brad. Adams overhears the order and protests, and is killed by George. Brad manages to overcome Bailey and his men, thereby saving Sonia, then flies back to round up Moran and George.

The culprits try to flee in Moran's car, but Brad follows and shoots at them with his machine gun. He forces their car off a cliff and both men perish. The rest of the gang is then apprehended, but no word of Adams' involvement ever reaches the press, and the grateful Natalie takes off on a honeymoon flight with Brad.",https://www.imdb.com/title/tt0164901/?ref_=sr_i_687
688. Miss Iza,1933,1h 37m,,,,,,https://www.imdb.com/title/tt0025319/?ref_=sr_i_688
689. Going Straight,1933,48m,,,,,,https://www.imdb.com/title/tt0024068/?ref_=sr_i_689
690. Les requins du pétrole,1933,1h 30m,,,,,,https://www.imdb.com/title/tt0204590/?ref_=sr_i_690
691. Hell and High Water,1933,1h 8m,,,,,The life of an avowed bachelor who tows garbage is changed when he meets a runaway taxi dancer.,https://www.imdb.com/title/tt0024101/?ref_=sr_i_691
692. Humanity,1933,1h 10m,Passed,,,,"A doctor in New York City, who has had to raise his son without a mother since his wife died, struggles and sacrifices to be able to send the boy to a top-ranked, but expensive, medical university in Europe. His dream is that the boy will return to help him provide much needed medical care for the poor of his Lower East Side neighborhood. However, after the boy graduates he comes home and announces that he plans to begin a practice on wealthy Park Avenue to cater to the rich and powerful, in order to make the kind of money that will impress his new upper-class girlfriend.",https://www.imdb.com/title/tt0024146/?ref_=sr_i_692
693. A bor,1933,,,,,,,https://www.imdb.com/title/tt0240384/?ref_=sr_i_693
694. Muß man sich gleich scheiden lassen,1933,1h 19m,,,,,,https://www.imdb.com/title/tt0140400/?ref_=sr_i_694
695. Up for the Derby,1933,1h 10m,,,,,,https://www.imdb.com/title/tt0024725/?ref_=sr_i_695
696. Zivot tece dalje,1933,,,,,,,https://www.imdb.com/title/tt0181909/?ref_=sr_i_696
697. Grandeur and Decadence,1933,1h 30m,,,,,,https://www.imdb.com/title/tt0139229/?ref_=sr_i_697
698. Le mari garçon,1933,,,,,,,https://www.imdb.com/title/tt0183495/?ref_=sr_i_698
699. The Solitaire Man,1933,1h 7m,Passed,6.3,338,,"Oliver Lane is ""The Solitaire Man,"" a renowned jewel thief who is ready to retire and marry Helen, his partner in crime and his one true love. Their plans are shattered when another member of their gang, Bascom, walks in with a stolen necklace. Helen will not marry Oliver until the necklace is returned. Oliver's attempt to return the jewels later place the whole gang under suspicion for the theft and for the murder of a Scotland Yard inspector.",https://www.imdb.com/title/tt0024590/?ref_=sr_i_699
700. Zem spieva,1933,1h 3m,,7.2,82,,"Documentary of a village in the Carpathian mountains of Slovakia, following the work, festivals and religious events through the seasons of one year.",https://www.imdb.com/title/tt0024799/?ref_=sr_i_700
701. Dokhtare Lor ya irane druz va emruz,1933,2h 30m,,6.9,109,,"The movie is about Golnar, a young teahouse girl who was kidnapped as a child and taken to Lorestan with a clan of bandits living among the Lors. The leader of the thieves, Gholi Khan, is beginning to look at her with interest now she is a grown woman. At the teahouse, she meets a young man called Jafar who has been sent to Lorestan by the Iranian government to deal with the problem of banditry in the area. They fall in love, and plan to escape together. Gholi Khan catches on to their plans and beats up Jafar. Jafar rejects Khan's offer to join the bandits, so he is kidnapped and imprisoned. Golnar helps him escape and the couple attempt to flee. Pursued by the bandits, Jafar and Golnar are nearly captured, but Jafar kills several bandits, including Gholi Khan himself. Fearing revenge from the remaining gang, the couple escape to India, living in Bombay to find security from the lawlessness of Iran at the time. They later return to their homeland when they learn that a new government has brought law and order back to the country.",https://www.imdb.com/title/tt0171236/?ref_=sr_i_701
702. Chotard and Company,1933,1h 23m,,5.7,148,,"François Chotard , wholesale grocer, gives his daughter in marriage to Julien Collinet , a situation conducive to quarrels between the son and the father-in-law, until Julien receives the Prix Goncourt, a prestigious literary award.",https://www.imdb.com/title/tt0022762/?ref_=sr_i_702
"703. Hello, Everybody!",1933,1h 9m,,6.3,90,,"Kate and Lily Smith live on a farm with assorted relatives, and everyone at home--and in the whole town--depends on Kate to hold everything together. The power company wants to build a dam which will require flooding many of the farms. Kate is holding out: if Kate sells, everyone else will sell; if Kate refuses, the rest of the town will refuse. Hunt Blake meets Kate's beautiful sister Lily at a dance. Hunt is an agent for the power company. Kate thinks he's just using Lily; Lily believes that he truly likes her. Hunt comes to the farm and appears to woo Kate. Kate remains unconvinced about selling out, but falls for Hunt.",https://www.imdb.com/title/tt0024103/?ref_=sr_i_703
704. Along Came Sally,1933,1h 24m,,5.5,70,,"An ambitious girl who wants to be a cabaret star poses as ""Zaza"", a French chanteuse, to get a job in a prestigious nightclub. Unfortunately, she finds herself in the middle of a dispute between Mike Kelly, the club's Chicago-born owner, and a group of American gangsters bent on taking over the club. To put pressure on Kelly, the gangsters kidnap ""Zaza"".",https://www.imdb.com/title/tt0023772/?ref_=sr_i_704
705. Trouble Busters,1933,55m,Passed,5.4,68,,"Leaving town with the Sheriff after him, Tex joins up with the Trouble Busters Skinny and Windy. In Placerville he runs into trouble with Bill Jarvis leading to a mad rush to file on oil rich land.",https://www.imdb.com/title/tt0023621/?ref_=sr_i_705
706. The Gallant Fool,1933,1h,Passed,6.1,44,,"As part of Rainey's circus, Dad Denton returns to the town where he is supposedly wanted for murder. His old enemy McDonald spots him without his clown makeup and sets his men up to murder him during his high wire act.",https://www.imdb.com/title/tt0024045/?ref_=sr_i_706
707. Man of Action,1933,56m,Passed,6.3,28,,"When the bank is robbed, the Sheriff shoots the robber and recovers the money bag only to find it empty. Ranger Tim Barlow arrives and over objections of the Sheriff decides to stay and find who has the missing money. He has four suspects, the Sheriff, the Banker, the Cashier, and Curt Masters.",https://www.imdb.com/title/tt0024299/?ref_=sr_i_707
708. Above the Clouds,1933,1h 8m,Approved,6.7,26,,"Another story of the newsreel cameramen and the dog-eat-dog competitive world they inhabit. This one features ""Scoop"" Adams (Robert Armstrong), as a hard-drinking cameraman, whose irresponsible actions results in the firing of his young assistant Dick Robinson (Richard Cromwell). But Dick gets a chance to prove himself and does so much to the annoyance of Adams.. Not only does Dick get Adams' job, he also gets the girl Connie (Dorothy Wilson.)",https://www.imdb.com/title/tt0024811/?ref_=sr_i_708
709. The Lake Calls,1933,1h 38m,,6.9,26,,,https://www.imdb.com/title/tt0024318/?ref_=sr_i_709
710. In Old Alsace,1933,1h 20m,,5.7,35,,"The adaptation of a french novel from 1864 describes the idyllic life of a convinced bachelor, Fritz Kobus, in a village in Alsace. With help by the local rabbi, he does get married to young Suzel in the end.",https://www.imdb.com/title/tt0177518/?ref_=sr_i_710
711. Fanny,1933,1h 36m,,6.5,22,,"Italian version of Marcel Pagnol's play, Fanny, in which the pregnant lover of a sailor marries another, older man she doesn't really love, while the father is away.",https://www.imdb.com/title/tt0024002/?ref_=sr_i_711
712. Le maître de forges,1933,1h 38m,,5.6,31,,"A young noblewoman is unhappy about needing to marry the village ironmaster for financial reasons, but later comes to appreciate her husband.",https://www.imdb.com/title/tt0024315/?ref_=sr_i_712
713. He Couldn't Take It,1933,1h 5m,,7.0,15,,"Jimmy Kelly, who can't hold on to a job because of his hot temper, finds his calling as a process server. He serves process on a gangster and exposes a criminal conspiracy while trying to stop his long-suffering girlfriend from taking a vacation with her lecherous boss.",https://www.imdb.com/title/tt0024094/?ref_=sr_i_713
714. Das Lied der Schwarzen Berge,1933,1h 26m,,7.2,14,,"German adventurers discover the cultural and natural riches of Yugoslavia regions, their own carelessness almost pays for their fascination with their lives, but the intellect still wins in mastering nature, which offers the winners resources for a better quality of life. All this is framed by a love story. It is a meeting of two cultures and two views of the world - the Germanic one and the Slavic one.",https://www.imdb.com/title/tt0181535/?ref_=sr_i_714
715. Orders Is Orders,1933,1h 2m,,5.4,27,,"A brash American movie producer arrives at an army base in England wanting to shoot a movie and use the soldiers as extras. The base commander doesn't want any part of it, but the producer and his secretary cook up a scheme to trick the officer into letting him use the base and its men. Their plan succeeds, but things don't turn out quite the way they were expecting.",https://www.imdb.com/title/tt0024419/?ref_=sr_i_715
716. The Avenger,1933,1h 19m,Approved,5.7,27,,A disgraced former District Attorney plots his revenge on the members of a criminal gang who had him framed and sent to prison.,https://www.imdb.com/title/tt0023773/?ref_=sr_i_716
717. Rakoczy-Marsch,1933,1h 41m,,6.7,17,,First lieutenant Tarjan falls in love with Vilma who turns out to be the sister of his comrade Arpad. Arpad tries to separate them because he fears Tarjan is just flirting. And a rich rival also threatens the enamored couple's bliss.,https://www.imdb.com/title/tt0486149/?ref_=sr_i_717
718. Djurgårdsnätter,1933,1h 44m,,4.7,32,,The story revolves around a collective of variety artists. A stolen safety deposit box theft gets all in trouble.,https://www.imdb.com/title/tt0023954/?ref_=sr_i_718
719. Tire au flanc,1933,1h 43m,,5.4,20,,His aunt hopes to make this young aristocrat an honored soldier. But the colonel has it out for him.Will the new recruit be able to adapt to military life?,https://www.imdb.com/title/tt0155273/?ref_=sr_i_719
720. Wedding at Lake Wolfgang,1933,1h 33m,,6.0,12,,An actress from the big city encourages the proprietor of a resort inn in the Austrian Tyrol to try his luck on the stage in Berlin.,https://www.imdb.com/title/tt0025257/?ref_=sr_i_720
721. The Hayseeds,1933,1h 38m,,5.4,14,,Mary Townleigh gets lost while out hiking in the bush and is found by John Manners and the farming family Hayseeds. Mary's Father returns the hospitality and entertains the Hayseeds in Sydney.,https://www.imdb.com/title/tt0024093/?ref_=sr_i_721
722. Savage Gold,1933,1h 7m,,2.1,17,,"Based on a true story, this film tells of an expedition into the Amazon jungle to find an archaeologist who had vanished three years previously. They run into a tribe of warlike headhunters, who are determined to add the expedition members' heads to their collection (in the real story, the archaeologist was found to have been murdered by a tribe of Brazilian headhunters).",https://www.imdb.com/title/tt0195233/?ref_=sr_i_722
723. L'amour guide,1933,,,,,,,https://www.imdb.com/title/tt0193714/?ref_=sr_i_723
724. Acqua cheta,1933,1h 23m,,,,,"Rosa is a woman with a tyrannical attitude. She is worried about her eldest daughter Anita, who is courted by Checco, a carpenter. Rosa is afraid her daughter will end up marrying a drunkard like her husband. He is a stubborn horse cart driver in a city (Florence) where everybody is turning to automobiles. Rosa's concern about Anita prevents her from realizing that her younger daughter, Ida, who is all by herself and resembles the still water of the title of the movie, is about to flee from home with Alfredo, a sort of journalist.",https://www.imdb.com/title/tt0023738/?ref_=sr_i_724
725. C'était un musicien,1933,,,,,,"When he is not conducting his orchestra, a talented young man invents a device to thwart car thieves.Associating himself with a rich Dutch baron, he falls in love with the baron's daughter.",https://www.imdb.com/title/tt0023862/?ref_=sr_i_725
726. Under Secret Orders,1933,1h,,,,,"A young bank employee is sent to South America to bring some valuable bonds to a client there. Unfortunately for him, he tends to drink a bit too much and winds up getting involved with a gang that's planning on stealing the bonds to start a revolution.",https://www.imdb.com/title/tt0024717/?ref_=sr_i_726
727. Kawamukô no seishun,1933,,,,,,,https://www.imdb.com/title/tt0467991/?ref_=sr_i_727
728. I kongens klær,1933,1h 22m,,,,,"A revue about our recruits' lives at the Gardermoen military base, from the moment they are accepted until they return to their homes. You get to experience camp life, barracks life, gymnastics, and weapons exercises.",https://www.imdb.com/title/tt0024164/?ref_=sr_i_728
729. Sreegouranga,1933,,,,,,,https://www.imdb.com/title/tt0345957/?ref_=sr_i_729
730. Melodía de arrabal,1933,1h 34m,Passed,7.1,60,,Roberto Ramirez (Carlos Gardel) is a gambler who meets Alina (Imperio Argentina) and takes the decision to change his life.,https://www.imdb.com/title/tt0023205/?ref_=sr_i_730
731. The Eternal Jew,1933,1h 3m,,5.5,118,,,https://www.imdb.com/title/tt0023991/?ref_=sr_i_731
732. Cette vieille canaille,1933,1h 39m,,5.8,92,,"Vautier, a wealthy surgeon in his fifties, falls in love with Hélène, a young woman from a modest background. He allows her to have a string of short-lived lovers - but when Jean Trapeau, an old boyfriend, resurfaces, things get complicated.",https://www.imdb.com/title/tt0026193/?ref_=sr_i_732
733. Trailing North,1933,1h,Passed,7.5,44,,"As Powers is dying he tells Lee to look for a man with a girl named Mitzi. Heading north by dog sled as Curly the Kid, he finds her and her friend Lucky. But Slash is another friend and Lee is in trouble when his true identity becomes known.",https://www.imdb.com/title/tt0024690/?ref_=sr_i_733
734. March of the Movies,1933,55m,,7.4,41,,"A two-reel short from Alliance (produced in England and not the USA as some sources indicate)covering the history of ""moving pictures"" from 1848 to the (then) present, and even going into detail about how stationary frames of pictures are made to move, and how Sound is put onto the track. Footage from many silent films is used, including Mary Pickford (identified as Gladys Nicholson) in 1910's ""Simple Charity"", and Camille's death scene from ""La Dame aux cemelias"" in which Sarah Bernhardt dies standing on her feet (possibly to ensure the other performers didn't upstage her) and takes her own sweet time doing it. Marlene Dietrich sings ""Falling in Love Again"" from the English version of ""The Blue Angel"", which is good as the German-language title of that song is tough to write on a keyboard that has no accent marks. This short's title was changed to ""March of the Movies"" in the USA, which makes more sense than what most of the US film titles were changed to in England.",https://www.imdb.com/title/tt0253078/?ref_=sr_i_734
735. Happy,1933,1h 20m,,6.4,42,,"British musical-comedy involving a down-on-his-luck musician who invents an anti-theft device for cars, then hits the big time when he sells it to an insurance firm. The good luck continues when he marries the daughter of the insurance company boss.",https://www.imdb.com/title/tt0024088/?ref_=sr_i_735
736. King of the Arena,1933,59m,Passed,6.2,40,,"Mysterious deaths have been occurring in the same towns as Miller's Circus and the Governor has sent Ken Kenton to investigate. Ken joins the show but when he realizes that Bargoff is involved, Bargoff has fled and taken Mary Hiller as a hostage. The trail leads to Baron Petroff who concocted the deadly chemical and Ken quickly finds himself the Baron's prisoner.",https://www.imdb.com/title/tt0024218/?ref_=sr_i_736
737. Cheer Up!,1933,1h 26m,,4.9,76,,"The stuttering Theobald stumbles on some ballet girls in town with a theater on tour, and falls in love with Lill. This leads to an interest in becoming an actor, and a theater boss see him as an unintended comic relief on stage.",https://www.imdb.com/title/tt0025604/?ref_=sr_i_737
738. Maryjka,1933,1h 4m,,7.0,22,,"An example of an original Polish pre-war melodrama set in the Hutsul region. In the 1930s, the eastern regions of the multinational Republic of Poland, and in particular the areas located among the picturesque Eastern Carpathians at that time, became the object of interest not only to ethnographers and tourists, but also to artists. Documentaries were made about this region and books were written. In the end, a melodrama was shot, part of which became the customs of the Hutsul village.",https://www.imdb.com/title/tt0025476/?ref_=sr_i_738
739. My Uncle from America,1933,1h 28m,,5.9,29,,,https://www.imdb.com/title/tt0024345/?ref_=sr_i_739
740. Les aventures du roi Pausole,1933,1h 15m,,5.9,28,,"Good King Pausole selects a wife for every day in the year, but the one played by 'Sidney Fox' protests when he spends her day searching for his favorite daughter who has eloped with a visiting airman stranded in the kingdom.",https://www.imdb.com/title/tt0188432/?ref_=sr_i_740
741. Jsem devce s certem v tele,1933,1h 34m,,5.7,27,,"This Czech sophisticated romantic comedy, filmed by director Anton also in a parallel French version (""Une petite femme dans le train""), casts beautiful Czech star Baarova in the role that Meg Lemonnier played in the Gallic version. Both versions seem to owe something to the sophisticated ""continental"" comedies of Lubitsch and, later, Korda, although Anton was not exactly in their league. It may be coincidence that the original Czech title of this film (""Jsem devce..."") can be translated as ""I'm a Girl with a Devil in the Flesh."" Both Raymond Radiguet's French novel ""Le diable au corps"" and Garbo's famous MGM film, ""Flesh and the Devil"" (based on Radiguet's book), would have been well known in Czechoslovakia as well as France, before ""Jsem devce..."" was filmed. But the Radiguet & Garbo creations were very serious, while the Anton-Lemonnier-Baarova films were light and amusing. Pehaps no connection. (A Czech language web-site today displays a nice poster from the 1933 Czech film: ""http://www.csfd.cz/film.php?186"".) Lida Baarova (who plays the naughty wife in the Czech film) in her later career experienced less amusing and more serious ups and downs, particularly as a consequence of her brief stardom in Nazi Germany in the last half of the 1930s and in Fascist Italy in the early 1940s. After WW2 Baarova was jailed nearly 2 years in her native Czechoslovakia, and may have come close to the death penalty, accused of ""collaborating"" with the Fascist film industries.",https://www.imdb.com/title/tt0148362/?ref_=sr_i_741
742. Její lékar,1933,1h 50m,,6.1,18,,,https://www.imdb.com/title/tt0166229/?ref_=sr_i_742
743. The Pride of the Force,1933,1h 15m,,5.5,24,,"Comedy from 1933 providing an early film role for Leslie Fuller, seeing the popular, rubber faced actor and entertainer once touted as Elstrees own Clark Gable playing identical twins with very different ambitions, one is a policeman who longs to join a circus, the other a farm hand who wants to be a policeman!",https://www.imdb.com/title/tt0167348/?ref_=sr_i_743
744. Sinhagad,1933,2h 14m,,6.8,15,,"The film focuses on the 17th-C. Maratha emperor Shivaji's lieutenant (and folk hero) Tanaji Malusare (Bhosle). Here Kamalkumari, about to commit sati (self-immolation), is captured by Udaybhanu (Pendharkar) and taken to his fort at Kondana.",https://www.imdb.com/title/tt0262769/?ref_=sr_i_744
745. The Bermondsey Kid,1933,1h 15m,,6.7,14,,A news-vendor is forced into fighting a sick friend for the championship.,https://www.imdb.com/title/tt0023795/?ref_=sr_i_745
746. Sailor Be Good,1933,58m,Passed,5.7,19,,A Navy boxer meets a dance-hall hostess who tries to sober him up for his fight.,https://www.imdb.com/title/tt0024517/?ref_=sr_i_746
747. War of the Range,1933,59m,Approved,5.8,19,,"Jim Warren is starting a range war by getting his boss Duke Bradley to fence off part of the range used by other ranchers. This pits father against son when Tom Bradley sides with a newly arrived nester family. Then after stealing Duke Bradley's money, Warren frames Duke's son Tom for the theft.",https://www.imdb.com/title/tt0024752/?ref_=sr_i_747
748. A Voz do Carnaval,1933,,,5.6,13,,The Argentinian comic Pablo Pablitos arrives in Rio de Janeiro and is crowded Rei Momo (King of the Carnival). The film includes comic sketches and musical numbers with some of the most popular Brazilian stars of the early 1930s.,https://www.imdb.com/title/tt0024743/?ref_=sr_i_748
749. Oded Hanoded,1933,1h 10m,,5.3,12,,"Oded Hanoded, the first feature film made in Hebrew.",https://www.imdb.com/title/tt0151797/?ref_=sr_i_749
750. Il était une fois,1933,,,6.4,8,,"A poor, disgraced girl, belonging to a gang of criminals, is morally transformed by a cosmetic operation that makes her beautiful.",https://www.imdb.com/title/tt0198556/?ref_=sr_i_750
751. Diagnosa X,1933,1h 27m,,3.0,10,,,https://www.imdb.com/title/tt0203450/?ref_=sr_i_751
752. Big Executive,1933,1h 10m,Approved,,,,"Victor Conway, a successful young Wall Street executive, persuades feisty old-world businessman Commodore Richardson to sell him his share of a bank, despite the fact that Richardson disapproves of him. After a fight with his wife Sarah, Victor goes on a hunting expedition, and he accidentally shoots Sarah, killing her. Victor is released by the police for lack of motive and returns to work. Helena, Richardson's daughter, invites Victor to her home for a visit, hoping to kindle a romance between them and improve Richardson's and Victor's antagonistic relationship. A detente ensues until Richardson finds out Victor and Helena are engaged and he vows vengeance. After Victor's secretary, Miss Dolly Healy, brings Victor seemingly incriminating evidence concerning the death of his wife, Victor explains his situation to the Richardsons. His honesty is rewarded when Richardson destroys the evidence, but it is clear Victor is no longer a welcome visitor. Richardson then proceeds to destroy completely Victor's business, while also causing a market crash. Victor pays a goodwill visit to Richardson, who tells him that he has terminated his engagement to Helena. Helena regretfully returns Victor's ring, which he sells to a pawn shop for $1,000. Determined to get her man, Helena meets him at the shop and they are reunited.",https://www.imdb.com/title/tt0023809/?ref_=sr_i_752
753. The Lark,1933,1h 37m,,,,,"After her mother's death, young Carmen (aka. La Calandria) goes to live with Dona Pancha. Then she knows Malena, who invites her to a party. At the party, Carmen meets young and rich Alberto who wants an affair with her. Carmen has a boyfriend, Gabriel, who demands an explanation. Carmen the leaves town and discovers she loves Gabriel...",https://www.imdb.com/title/tt0023864/?ref_=sr_i_753
754. Profanación,1933,,,,,,,https://www.imdb.com/title/tt0220711/?ref_=sr_i_754
755. Vi som går kjøkkenveien,1933,1h 37m,,,,,"Well off Helga takers on a bet that she can be a house maid for a year, to get a diamond ring, which leads to a job that implicates quite a lot, and even challenges her father's motorcycle production business.",https://www.imdb.com/title/tt0024729/?ref_=sr_i_755
756. Contraband,1933,1h 4m,Passed,,,,,https://www.imdb.com/title/tt0023905/?ref_=sr_i_756
757. Söz Bir Allah Bir,1933,,,,,,Funny story of two close friends.,https://www.imdb.com/title/tt0179481/?ref_=sr_i_757
758. Bach millionnaire,1933,1h 37m,,,,,,https://www.imdb.com/title/tt0175459/?ref_=sr_i_758
759. Valli Thirumanam,1933,,,,,,,https://www.imdb.com/title/tt6272982/?ref_=sr_i_759
760. Rocambole,1933,,,,,,,https://www.imdb.com/title/tt0193470/?ref_=sr_i_760
761. Lügen haben kurze Beine,1933,50m,,,,,,https://www.imdb.com/title/tt0842749/?ref_=sr_i_761
762. Smithy,1933,53m,,,,,"A staid stockbroker decides to break out of his boring, monotonous life by treating himself to one wild night.",https://www.imdb.com/title/tt0024575/?ref_=sr_i_762
763. Chelsea Life,1933,1h 9m,,,,,A painter becomes involved with a socialite after stealing the work of another artist.,https://www.imdb.com/title/tt0023884/?ref_=sr_i_763
764. Sairandhri,1933,,,,,,,https://www.imdb.com/title/tt0332370/?ref_=sr_i_764
765. Die Strasse frei den braunen Bataillonen,1933,,,,,,,https://www.imdb.com/title/tt0247734/?ref_=sr_i_765
766. Out of the Past,1933,51m,,,,,,https://www.imdb.com/title/tt0024423/?ref_=sr_i_766
767. East of Fifth Avenue,1933,1h 14m,,7.3,83,,Heavyhearted melodrama centering on the tenants of a modest New York City rooming house.,https://www.imdb.com/title/tt0023975/?ref_=sr_i_767
768. Flying Devils,1933,1h 2m,Passed,5.7,157,,"Anny Hardy is a parachute-stunt diver with a flying-circus group of barnstorming pilots which her husband, ""Speed"" Hardy heads. She meets and falls in love with Bud Murray, the younger brother of her husbands partner ""Ace"" Murray, when they are teamed to do a double-parachute jump as a daily stunt. ""Speed"" learns about the romance, and in his half-crazed condition, from a World War I accident, he devises a scheme to get rid of Bub; he suggest to Bud that they pull a sensational stunt, zooming toward each other in their airplanes and then bailing out just before the two planes crash. But agrees but Bud does not known that ""Speed"" has cut the lines on his parachute.",https://www.imdb.com/title/tt0024024/?ref_=sr_i_768
769. The Two Orphans,1933,1h 42m,,6.8,102,,A more small scale version of the story Griffin used for his epic Orphans Of The Storm: a doctor tries to reunite two sisters who have become separated from each other during the whirlwind of the French Revolution.,https://www.imdb.com/title/tt0023942/?ref_=sr_i_769
770. Riot Squad,1933,1h 2m,,5.0,111,,The constant battling over the same woman gets two detectives demoted to what's considered the toughest job in the Police Department--the Riot Squad.,https://www.imdb.com/title/tt0024503/?ref_=sr_i_770
771. The Twelve Chairs,1933,1h 23m,,5.6,109,,"Ferdinand spent most of his as a barber. And he would probably stay like this for the rest of his life. But one day an attorney's clerk knocks on his door and tells him he became universal heir to his aunt, who had recently died in Warsaw.",https://www.imdb.com/title/tt0168720/?ref_=sr_i_771
772. Paddy the Next Best Thing,1933,1h 15m,Approved,6.2,63,,"In Ireland, Major Adair's older daughter Eileen is about to marry Lawrence Blake for his money in order to pay off her father's debts, even though she really loves Jack Breen.",https://www.imdb.com/title/tt0024424/?ref_=sr_i_772
773. Falling for You,1933,1h 28m,,5.6,88,,Two reporters in Switzerland try to outdo each other in the hunt for a missing heiress.,https://www.imdb.com/title/tt0024001/?ref_=sr_i_773
774. L'homme à l'Hispano,1933,1h 25m,,6.3,50,,"The almost financial ruined French gentleman Gaston Dewalter spends several day in Biarritz before going off in the Hispano-Suiza, a luxe car which was a present from his friends. George becomes the lover of Lady Stéphane Oswill pretending he is wealthy. Then Stéphane spends the remaining funds with which the now desperate George hoped to rebuild his fortune in Senegal.",https://www.imdb.com/title/tt0199604/?ref_=sr_i_774
775. De blaa drenge,1933,1h 41m,,6.2,43,,"After having his heart broken as a young man by the town's colonel, the provincial teacher Sylvia's great love is now the theater. Especially the actor Herman Sander. However, there is drama in Sylvia's life as the colonel's spoiled children rummage through the embers of the past - and Herman Sander suddenly makes his entrance into the city.",https://www.imdb.com/title/tt0124297/?ref_=sr_i_775
776. The Orderly,1933,1h 16m,,5.1,53,,"Philippe, the order of an old colonel, surprises the wife of his boss in the arms of a young lieutenant. So that he remains silent, she offers herself to him.",https://www.imdb.com/title/tt0151849/?ref_=sr_i_776
777. The Man Outside,1933,50m,,4.9,77,,A murder at a country house centres around the whereabouts of a horde of stolen diamonds and the unmasking of people who are not as they at first seem.,https://www.imdb.com/title/tt0024295/?ref_=sr_i_777
778. Three Bluejackets and a Blonde,1933,1h 28m,,5.9,48,,"While on land, three sailors get entangled with the same woman - very much aided by her little brother.",https://www.imdb.com/title/tt0023966/?ref_=sr_i_778
779. The Wrong Road,1933,1h 20m,,6.3,33,,"Christina and Chrysoula are two teenage friends in Zakynthos and they are completely different as characters. Christina is ugly but honest, while Chrysoula is beautiful, but scandalizes the neighborhood with her provocative behavior.",https://www.imdb.com/title/tt0263514/?ref_=sr_i_779
780. Okénko,1933,1h 48m,,6.8,33,,"Lecturer Johánek is expecting to inherit from his uncle and is interested in Ruzena, but he gets drunk with his friends and is falsely accused by Ruzena's mother of seducing the young woman because she smells money.",https://www.imdb.com/title/tt0166293/?ref_=sr_i_780
781. Eisenstein in Mexico,1933,50m,,5.9,47,,The story of Russian director Sergei Eisenstein in Mexico trying to film his unfinished Que Viva Mexico (1979).,https://www.imdb.com/title/tt0023979/?ref_=sr_i_781
782. Gun Law,1933,59m,Passed,6.1,30,,"As the Sonora Kid, Blackjack, and Tony Andrews are escaping from the Sheriff, Tony is mortally wounded. Arriving at the Andrews ranch, Tony's blind mother mistakes the Kid for her son. Unable to tell her the truth they stay on. But there is trouble when Nevada Smith and his gang arrive and threaten to expose the hoax unless the Kid lets them rustle the Andrews cattle.",https://www.imdb.com/title/tt0024082/?ref_=sr_i_782
783. L'abbé Constantin,1933,1h 30m,,6.2,27,,"A countess wants to become a chatelaine again. Unfortunately ,her beloved son cannot get the castle which 's sold for a hefty sum to Americans.",https://www.imdb.com/title/tt0142065/?ref_=sr_i_783
784. For Love of You,1933,1h 17m,,6.1,27,,"The second of two ""Jack and Jim"" musicals.",https://www.imdb.com/title/tt0166617/?ref_=sr_i_784
785. Vrazda v Ostrovni ulici,1933,1h 12m,,6.3,25,,,https://www.imdb.com/title/tt1930550/?ref_=sr_i_785
786. Romance in Budapest,1933,1h 23m,,6.2,25,,"Eva goes to Budapest to visit her friend Tini's wedding but as soon as she arrives, the husband-to-be brakes up with Tini. Then Eva decides to take things into her own hand and follows him to the Hotel Atlantik.",https://www.imdb.com/title/tt0024571/?ref_=sr_i_786
787. Le voleur,1933,1h,,6.2,23,,"A woman steals to have enough money to please her husband. Her nephew, madly in love with her, reports this to a detective who catches her red handed.",https://www.imdb.com/title/tt0025951/?ref_=sr_i_787
788. Die blonde Christl,1933,1h 25m,,6.2,20,,"An escapist story, from a popular Heimat writer, about a girl who falls in love with a small town violin maker, to take viewers' minds off the Depression there are Bavarian songs and scenes of skiing and hunting in the Alps.",https://www.imdb.com/title/tt0181982/?ref_=sr_i_788
789. Forgotten Men,1933,1h,Passed,6.9,19,,Several World War I veterans relate their experiences during the war and discuss current (in the middle of the Great Depression) economic conditions.,https://www.imdb.com/title/tt0150614/?ref_=sr_i_789
790. Hälsingar,1933,1h 23m,,4.9,39,,"Jonas goes with a tremendous speed with his horse over a country road in Hälsingland. Because of this speed Birgit Ljusnar, who is along the road picking blueberries, falls. Jonas stops and helps her up. He gives Birgit two Swedish crowns for the pain and the suffering. Furthermore, he promises her a job on the farm.",https://www.imdb.com/title/tt0024148/?ref_=sr_i_790
791. Die Nacht der großen Liebe,1933,1h 28m,Approved,6.4,16,,"The story, set in Constantinople, of a young man who falls in love with a woman much older than he is, and her daughter falls in love with him also. An American critic was vastly impressed by the day-and-night locale shots, and wrote that the film-maker had discarded and soft-pedaled the soft and sentimental in favor of the realistic and logical.",https://www.imdb.com/title/tt0024370/?ref_=sr_i_791
792. Der Läufer von Marathon,1933,1h 38m,,6.7,16,,,https://www.imdb.com/title/tt0024282/?ref_=sr_i_792
793. Little Man What Now,1933,1h 40m,,3.3,48,,"A young couple struggling against poverty must keep their marriage a secret in order for the husband to keep his job, as his boss doesn't like to hire married men.",https://www.imdb.com/title/tt0024226/?ref_=sr_i_793
794. Tango,1933,1h 27m,,5.9,17,,"The ""Tango Bar"" is the fashion of the moment. The city's party-goers have chosen the small, cozy, intimate local venue for the night's wee hours. Gaby Grant is an ideal hostess who knows how to get guests to forget the day's sorrows and troubles - and knows how to get them to pay.",https://www.imdb.com/title/tt0271815/?ref_=sr_i_794
795. Ne 45000,1933,1h 40m,,3.8,37,,"A fictional educational film about the dangers of tuberculosis, with some documentary sequences. The film was made at a time when 45 000 Finns were contracting tuberculosis every year, and the disease was killing many people.",https://www.imdb.com/title/tt0024377/?ref_=sr_i_795
796. Clancy of the Mounted,1933,3h 45m,Passed,3.7,29,,"A Canadian Mountie is assigned to bring in his brother, who was framed for the murder of a gold mine owner.",https://www.imdb.com/title/tt0023894/?ref_=sr_i_796
797. Fridolf i lejonkulan,1933,1h 13m,,3.0,24,,"In a sham ceremony at the city hall, the dimwitted Fridolf is married to Margit. It doesn't take long, however, before he is arrested for bigamy. His first wife left him a few years ago, but Fridolf isn't very bright and he thought that she was dead when she wrote a letter to him saying that. She ran off to join a circus. By a coincidence, the circus is visiting Fridolf's home town and Fridolf goes to the circus with a free ticket. But at the circus all he can do is make a fool of himself.",https://www.imdb.com/title/tt0024038/?ref_=sr_i_797
798. Svítání,1933,1h 14m,,4.6,12,,,https://www.imdb.com/title/tt0365811/?ref_=sr_i_798
799. Two Good Comrades,1933,1h 28m,,4.6,10,,"After the US takes a French village which Germans occupied in late WWI,two German soldiers both in love with the same French girl disguise as Yanks and try to convince the gullible, cowardly new occupiers that Germans are returning .",https://www.imdb.com/title/tt0024802/?ref_=sr_i_799
800. The Crimson Paradise,1933,1h,Passed,2.0,19,,"A privileged youth is rejected by his family when his increasingly reckless behavior shames them. Travelling towards Canada, meeting a disturbed man, a mysterious woman and various natural challenges turn him into a diligent lumberman.",https://www.imdb.com/title/tt0132948/?ref_=sr_i_800
801. Du sollst nicht begehren...,1933,1h 23m,,1.6,26,,,https://www.imdb.com/title/tt0023968/?ref_=sr_i_801
802. Criminel,1933,1h 50m,,,,,,https://www.imdb.com/title/tt0132908/?ref_=sr_i_802
803. My Lucky Star,1933,1h 3m,,,,,A shop-girl posing as a film star loves a porter who is posing as an artist.,https://www.imdb.com/title/tt0249820/?ref_=sr_i_803
804. Der Zarewitsch,1933,1h 27m,,,,,,https://www.imdb.com/title/tt0130376/?ref_=sr_i_804
805. Revenge at Monte Carlo,1933,1h 3m,Approved,,,,An international criminal comes into the possession of incriminating evidence that can implicate some very important people in criminal activity.,https://www.imdb.com/title/tt0024497/?ref_=sr_i_805
806. El rey de los Gitanos,1933,1h 22m,Passed,,,,A princess escapes her stuffy Grand Duke fiance and goes incognito to a carnival where she meets the gypsy king.The Duke punishes him for flirting with her and continues to fight for her affections.,https://www.imdb.com/title/tt0024498/?ref_=sr_i_806
807. Les ailes brisées,1933,1h 14m,,,,,,https://www.imdb.com/title/tt0195514/?ref_=sr_i_807
808. Das Tankmädel,1933,1h 33m,,,,,,https://www.imdb.com/title/tt0253785/?ref_=sr_i_808
809. Fliehende Schatten,1933,,,,,,A record of the aviation exploits of German pilot Ernest Udet over central Africa.,https://www.imdb.com/title/tt1793222/?ref_=sr_i_809
810. L'assommoir,1933,1h 35m,,,,,,https://www.imdb.com/title/tt0201437/?ref_=sr_i_810
811. Les deux 'Monsieur' de Madame,1933,,,,,,,https://www.imdb.com/title/tt0156470/?ref_=sr_i_811
812. Dorangi Duniya,1933,,,,,,,https://www.imdb.com/title/tt0231489/?ref_=sr_i_812
813. The Big Bluff,1933,1h,,,,,"In order to show up a rival, a snobbish woman throws a party and hires an actor to pretend to be from British royalty who is an ""old friend"".",https://www.imdb.com/title/tt0023805/?ref_=sr_i_813
814. Wenn am Sonntagabend die Dorfmusik spielt,1933,1h 27m,,,,,,https://www.imdb.com/title/tt0255694/?ref_=sr_i_814
815. A Trip to the Country,1933,,,,,,A banker goes bankrupt and flees to the countryside where a family of peasants cheers him up.,https://www.imdb.com/title/tt0255157/?ref_=sr_i_815
816. Der Jäger aus Kurpfalz,1933,1h 22m,,,,,,https://www.imdb.com/title/tt0253167/?ref_=sr_i_816
817. High Finance,1933,1h 7m,,,,,,https://www.imdb.com/title/tt0024118/?ref_=sr_i_817
818. Tsujiura uri no shôjo,1933,1h 10m,,,,,,https://www.imdb.com/title/tt5423536/?ref_=sr_i_818
819. Chen xi,1933,,,,,,,https://www.imdb.com/title/tt0193810/?ref_=sr_i_819
820. That's a Good Girl,1933,1h 23m,,,,,,https://www.imdb.com/title/tt0024652/?ref_=sr_i_820
821. Seeta,1933,,,,,,,https://www.imdb.com/title/tt0156057/?ref_=sr_i_821
822. The Thirteenth Candle,1933,1h 8m,,,,,Investigation into the murder of a village squire.,https://www.imdb.com/title/tt0024655/?ref_=sr_i_822
823. La fortuna di zanze,1933,1h 15m,,,,,,https://www.imdb.com/title/tt0024033/?ref_=sr_i_823
824. Makata at Paraluman,1933,,,,,,Makata at Paraluman was one of the first 100 percent talkies in the vernacular.,https://www.imdb.com/title/tt2532196/?ref_=sr_i_824
825. Prodaná nevesta,1933,1h 57m,,,,,,https://www.imdb.com/title/tt2756374/?ref_=sr_i_825
826. Shadows of Sing Sing,1933,1h 3m,Passed,,,,"Muriel Rossi, the sister of a racketeer, Al Rossi, falls in love with Bob Martel, the son of a police detective. Their love affair causes both families problems.",https://www.imdb.com/title/tt0025769/?ref_=sr_i_826
827. Ze sveta lesních samot,1933,1h 10m,,,,,,https://www.imdb.com/title/tt0204753/?ref_=sr_i_827
828. Daku Ki Ladki,1933,,,,,,,https://www.imdb.com/title/tt0214615/?ref_=sr_i_828
829. Schwarzwaldmädel,1933,,,,,,"An elderly choir master loves his young housekeeper, but steps aside so that a student from the young generation can marry her instead.",https://www.imdb.com/title/tt0024530/?ref_=sr_i_829
830. Um ein bisschen Glück,1933,,,,,,,https://www.imdb.com/title/tt0283097/?ref_=sr_i_830
831. Night of the Garter,1933,1h 26m,,,,,,https://www.imdb.com/title/tt0024383/?ref_=sr_i_831
832. Easy Millions,1933,56m,,,,,"A man claims to have inherited a million dollars, and the next thing he knows he finds himself engaged to three different women.",https://www.imdb.com/title/tt0023976/?ref_=sr_i_832
833. Paris-Deauville,1933,1h 11m,,,,,"An aviator lands on the estate of a duchess, who has an attractive daughter.Will he overcome the obstacles that are put in his path?",https://www.imdb.com/title/tt0160636/?ref_=sr_i_833
834. Un certain monsieur Grant,1933,1h 25m,,,,,"Simultaneously filmed French version of Ein Gewisser Herr Gran, in which an enigmatic character deals with stolen documents having to do with aerial defenses.",https://www.imdb.com/title/tt0204707/?ref_=sr_i_834
835. The House of Trent,1933,1h 14m,,,,,,https://www.imdb.com/title/tt0024143/?ref_=sr_i_835
836. L'or des mers,1933,1h 13m,,6.4,115,,"Another fictionalized documentary by Epstein, it tells the story of an old Breton drunk, who discovers and hides a treasure from a washed up shipwreck.",https://www.imdb.com/title/tt0203759/?ref_=sr_i_836
837. Chun can,1933,1h 40m,,6.3,98,,This early classic of Golden Age Shanghai cinema echoes Visconti's classic La Terra Trema in its beautifully rendered story of a humble silk-farming family struggling to be free of debt to exploitative middlemen.,https://www.imdb.com/title/tt0191889/?ref_=sr_i_837
"838. His Excellency, the Shop Assistant",1933,1h 18m,,6.9,87,,,https://www.imdb.com/title/tt0151124/?ref_=sr_i_838
839. When a Man Rides Alone,1933,1h,Passed,5.6,80,,The Llano Kid is robbing stages but only taking money from Montana Slade's Cottonwood Mine. He then gives the money to those cheated by Slade. The Sheriff is after him and eventually obtains a picture and displays wanted posters and is soon after him.,https://www.imdb.com/title/tt0024766/?ref_=sr_i_839
840. Daigaku no wakadanna,1933,1h 27m,,6.5,47,,,https://www.imdb.com/title/tt0160169/?ref_=sr_i_840
841. I Love That Man,1933,1h 14m,,6.1,47,,"A woman falls in love with a con artist despite the fact that he does not want to marry her. They try to start a respectable life in a small town, but his shady past threatens to catch up with them.",https://www.imdb.com/title/tt0024158/?ref_=sr_i_841
842. Big Time or Bust,1933,1h 2m,,5.2,63,,"Two newly married carnival performers head to New York to make it big on Broadway, but after they get there the wife finds that a wealthy playboy has designs on her.",https://www.imdb.com/title/tt0024891/?ref_=sr_i_842
843. The Return of Casey Jones,1933,1h 7m,Passed,5.2,62,,"Jimmy, a young boy, idolizes famed train engineer Casey Jones and is devastated when his hero is killed in a train wreck. The boy grows up to be a railroad engineer, too, but one day the train he is piloting loses its brakes and wrecks. Jimmy tries to fix it but has to jump off at the last minute. Unfortunately, stories begin to circulate that he turned coward and jumped off the train first, letting it be destroyed rather than try to save it. He sets out to clear his name.",https://www.imdb.com/title/tt0025711/?ref_=sr_i_843
844. Hanayome no negoto,1933,57m,,6.0,43,,Only one of the student class graduates and his old gang invade his home to hear his new bride talk in her sleep.,https://www.imdb.com/title/tt0024085/?ref_=sr_i_844
845. Moya rodina,1933,1h 22m,,5.9,59,,"The young Chinese peon Van, staying in an overnight house, becomes the casual victim of a recruiter. He is dressed in a soldier's overcoat and given a new rifle. At the same time, at a Soviet frontier post Red Army soldiers Vaska (Melnikov) and ""Malyutka"" (Nazarenko) are learning Chinese phrases about class unity with the peasants of Manchuria. Next, Quomintang soldiers with White Russian officers seize the Soviet border village. The wounded Red Army man Melnikov falls into their hands, and the young soldier Van, like the others who took part in the raid, witness the cruel interrogation of Vasily by Captain Alyabyev (Zhakov). The Chinese army begins a direct invasion of the USSR with an attack on a border bridge. At the cost of their own lives, several Red Army men hold positions. A massive counterattack by the Soviet troops rejects the enemy. Among many Chinese soldiers, Van is taken captive. After being fed he encounters an officer of his unit, who, demonstrating the most friendly and equal relations, persuades Van to help him escape. But, being free, the officer restores the distance and demands submission. In the course of the escape, Van kills the officer and returns to the location of the Red Army, having seen a fundamentally different, humane attitude towards the captured enemy. During the lightning operation, units of the Soviet troops occupy several border settlements and, after the signing of the Khabarovsk Protocol, victoriously return to their places of permanent deployment. Chinese peasants and farm laborers, among them Van, escort them like brothers.",https://www.imdb.com/title/tt0171545/?ref_=sr_i_845
846. The Woman in Command,1933,1h 20m,,5.3,55,,,https://www.imdb.com/title/tt0024589/?ref_=sr_i_846
847. Trick for Trick,1933,1h 7m,,7.1,26,,"Six months after the body of Evelyn Maxwell, who was the assistant to the magician Azrah, is pulled out of a river, the detective assigned to the case, Jed Dobson, is still searching for clues. When he visits Azrah, whom he knew years before on Coney Island, the magician is conducting a seance for Mr. Russell and his daughter Constance. When Constance's fiance, David Adams, arrives at Azrah's house, Azrah's partner, Albert Young, will not let him in, so David enters through an open window. When he finds Azrah, David says that he suspects him of killing Evelyn and produces an envelope containing canceled checks from Azrah to Evelyn. With the help of his trick electrician, Metzger, Azrah creates an illusion that keeps David from confronting him any further. Young comes in and picks a fight with David, so that he can steal the canceled checks. Jed then enters, but before he can question Azrah, La Tour, whom Evelyn had assisted prior to Azrah, arrives. Jed questions La Tour about Evelyn, but he says he knows nothing. Azrah overhears this and suggests that he conduct a seance that evening to get a confession from Evelyn's spirit. La Tour has his two henchmen, a hunchback and a Chinese man, kidnap Constance so that he can give Young money to sabotage Azrah's seance when the others go to rescue Constance. At the seance, after the guests are forced to relinquish their weapons, Azrah is tied to his chair to ensure that he does not leave when the lights go down. After the lights flash on and off, La Tour is found dead in Azrah's chair with a penknife through his heart. The knife belongs to Evelyn's father, who is disguised as a guest, Professor King. Azrah asks to continue with the seance and, with the help of his assistant Maisie Henry, tricks everyone with an illusion, using sound recordings of a conversation he had with Evelyn before her death. In the recordings, she confides that La Tour, who would not marry her, left her pregnant and penniless, and that she was then unable to return to her family. Evelyn's father, who was trying to kill Azrah because he thought that he was responsible for Evelyn's death, confesses to La Tour's murder, and he is arrested. Azrah goes on to explain that he knew all along that La Tour had killed Evelyn because he had originally sent the canceled checks to La Tour knowing that he would have returned them to Azrah to protect him if he was innocent. Azrah reveals that La Tour, however, sent the checks to David in order to frame Azrah. Azrah then orders David to pay more attention to Constance, and the young couple embrace.",https://www.imdb.com/title/tt0024698/?ref_=sr_i_847
848. Reckless Decision,1933,53m,Passed,4.5,80,,"A mother and father try to find a way to protect their young daughter against the influences of booze, wild parties and (gasp!) dancing during the Jazz Age.",https://www.imdb.com/title/tt0129324/?ref_=sr_i_848
849. Rakoczi March,1933,1h 34m,,6.4,35,,"Young Hussar captain falls in love-at-first-sight with classy young blonde, who turns out to be the sister of his captain.",https://www.imdb.com/title/tt0024513/?ref_=sr_i_849
850. Le gendre de Monsieur Poirier,1933,1h 42m,,5.2,49,,"Period comedy from a play, about a bourgeois who marries off his daughter to an impoverished nobleman in order to win a name for his family.",https://www.imdb.com/title/tt0139236/?ref_=sr_i_850
851. Facing the Music,1933,1h 12m,,6.5,27,,"Jack has decided that Nina is the woman of his life; pursuing her he discovers she's the niece of an operatic singer looking for publicity. She agrees to Jack's idea of a jewel's false robbery during a performance. When the jewels are really stolen Jack must recover them, find the thieves and win Nina's affection all in one night. For Stanley Lupino fans.",https://www.imdb.com/title/tt0023999/?ref_=sr_i_851
852. Nyhavn 17,1933,1h 22m,,5.0,30,,"One morning on the way to the department store, the clerk Primula's bike is hit by Rolf's luxury vehicle. Cupid's arrow hits Primula and Rolf, but the luck is short: For in the car sits Rolf's fiancé, and in the department store an angry director and a dismissal await Primula. But the director is hiding a big secret that could change her life forever.",https://www.imdb.com/title/tt0124813/?ref_=sr_i_852
853. District Attorney,1933,49m,,5.8,28,,"Jan Winkler asks the famous professor Brunicki for a loan of one thousand zlotys. The professor hands him a check, demanding in return he bring the young girls he needs for his scientific research. Winkler becomes the owner of a nightclub and fulfills his promise... He meets a prosecutor, Alicja Horn, and falls in love with her. After some time, however, Winkler begins to become interested in her pupil, Julka. He is arrested on suspicion of murder. However, he does not want to burden the professor and remains silent, so Alicja demands the death penalty for him. From Julka's letter she learns that Winkler has been cheating on her. At the last minute, Brunicki appears in the courtroom and gives testimony, which results in Winkler's acquittal. But Alice's life and feelings are devastated.",https://www.imdb.com/title/tt0025684/?ref_=sr_i_853
854. Terror Trail,1933,58m,,5.4,26,,"A gang of horse thieves are able to operate because the crooked local sheriff is in cahoots with them. When Tom Mix's beloved horse Tony Jr. is stolen, he steps in to break up the gang.",https://www.imdb.com/title/tt0024650/?ref_=sr_i_854
855. The Big Bluff,1933,1h 19m,,6.5,17,,,https://www.imdb.com/title/tt0022963/?ref_=sr_i_855
856. Madame ne veut pas d'enfants,1933,1h 15m,,5.1,22,,,https://www.imdb.com/title/tt0177913/?ref_=sr_i_856
857. And the Puszta Gleams,1933,,,6.3,15,,A country comedy set in Hungary.,https://www.imdb.com/title/tt0024715/?ref_=sr_i_857
858. Rothchild,1933,1h 41m,,5.8,21,,A homeless man named Rothchild is mistaken for a member of the wealthy Rothschild banking family. An unscrupulous banker makes him a bank president as part of a scheme to defraud depositors and investors.,https://www.imdb.com/title/tt0030700/?ref_=sr_i_858
859. Kapal Kundala,1933,,,6.3,14,,,https://www.imdb.com/title/tt0154715/?ref_=sr_i_859
860. Abenteuer am Lido,1933,1h 31m,,5.5,20,,The already successful tenor Mattei is discovered after he already retired into private life.,https://www.imdb.com/title/tt0023734/?ref_=sr_i_860
861. Cici Berber,1933,,,5.4,19,,Journalist Selim disguised as a barber for the Greek girl he fell in love with.,https://www.imdb.com/title/tt0302414/?ref_=sr_i_861
862. S vyloucením verejnosti,1933,1h 33m,,6.5,13,,"Mr. and Mrs. Smíd, parents of the fair-haired Slávinka, are at the peak of their happiness: Slávinka is over her vows and will be marrying her criminal attorney, Anatol Brynda, judge. Anatol may be a beginner and an all-round deer - but what parents wouldn't do for the happiness of an only child. They arranged for the future spouses to have a modern apartment in every way. And the apartment's biggest attraction, of which Papa Smíd is particularly proud, are the modern double beds, one of which, at the flick of a switch, automatically slides out of the bedroom into the study or vice versa. What Papa Smíd doesn't know, however, is that because of this ingenious device, everything turns out completely, completely differently than he imagined.",https://www.imdb.com/title/tt0169200/?ref_=sr_i_862
863. Goha wa Abu Nawas,1933,,,6.9,13,,,https://www.imdb.com/title/tt0262439/?ref_=sr_i_863
864. Salon Dora Green,1933,1h 18m,,6.5,11,,A cabaret dancer loves a German engineer and helps save his vital drawings of ship designs from falling into the hands of foreign plotters.,https://www.imdb.com/title/tt0024520/?ref_=sr_i_864
865. Keine Angst vor Liebe,1933,1h 34m,,4.6,24,,"The unemployed secretary Käte applies a job by mistake in the piano factory of the entrepreneur Helmut Hofert. He does not really have any need for an additional secretary at the moment, but Käte is very attractive.",https://www.imdb.com/title/tt0024207/?ref_=sr_i_865
866. Giftasvuxna döttrar,1933,1h 29m,,4.9,22,,The maidservant Emma has three grown up daughters. All three have concerns about marriage.,https://www.imdb.com/title/tt0024058/?ref_=sr_i_866
867. Song of the Plough,1933,1h 8m,,4.4,21,,,https://www.imdb.com/title/tt0126669/?ref_=sr_i_867
868. Perníková chaloupka,1933,1h 4m,,4.8,21,,,https://www.imdb.com/title/tt0295514/?ref_=sr_i_868
869. The Umbrella,1933,56m,,5.2,12,,Two thieves are released from prison; one of them has an umbrella with jewels hidden in its handle.,https://www.imdb.com/title/tt0024714/?ref_=sr_i_869
870. Großfürstin Alexandra,1933,1h 42m,,6.0,8,,"A Czarist refugee, separated from her husband, gets a job as a nightclub singer in Vienna and has to decide later if she wants to rejoin him.",https://www.imdb.com/title/tt0217526/?ref_=sr_i_870
871. This Is America,1933,1h 10m,,6.2,8,,A compilation of newsreel clips covering historic world events in the U.S. from the end of World War I until 1933.,https://www.imdb.com/title/tt0138872/?ref_=sr_i_871
"872. Child, I'm Happy on Your Coming",1933,1h 19m,,3.8,19,,,https://www.imdb.com/title/tt0024215/?ref_=sr_i_872
873. Kobberbryllup,1933,1h 28m,,4.8,9,,"Three couples get married at the same time. They were friends and lovers from high school, but after the joint wedding they go their separate ways as a couple. However, they decide to meet again to celebrate the copper wedding together, and the starting point is Helsingør. What started out in upbeat, euphoric joy and love has now been not-so-slightly revised. Twelve and a half years have eaten away at the marital veneer that is rust in romance. It is thus a psychological problem film which, in contrast to so many other contemporaneous happiness films, seriously comments on the difficult aspects of marriage. After all, life contains both of them.",https://www.imdb.com/title/tt0123136/?ref_=sr_i_873
874. Unter der schwarzen Sturmfahne,1933,1h 56m,,1.2,22,,"The daily lives of an average, middle-class family living under the German Empire during World War I as they struggle with inevitable and impending poverty.",https://www.imdb.com/title/tt0245532/?ref_=sr_i_874
875. The Butterfly Affair,1933,1h 15m,,,,,The life of Henri Charriere (Papillon),https://www.imdb.com/title/tt0310831/?ref_=sr_i_875
876. Horimono hangan: Momo san kinan no maki,1933,,,,,,,https://www.imdb.com/title/tt3035536/?ref_=sr_i_876
877. Deutschland zwischen gestern und heute,1933,1h 19m,,,,,"A recounting of the social, economic and political conditions in Germany up until the Nazi takeover in 1933.",https://www.imdb.com/title/tt2328553/?ref_=sr_i_877
878. Echigojishi no kyodai,1933,,,,,,,https://www.imdb.com/title/tt8157610/?ref_=sr_i_878
879. Danshichi shigure,1933,1h 17m,,,,,,https://www.imdb.com/title/tt2931926/?ref_=sr_i_879
880. Kala Pahad,1933,,,,,,,https://www.imdb.com/title/tt0375883/?ref_=sr_i_880
881. La ragazza dal livido azzurro,1933,1h 5m,,,,,"In this Italian version of a German musical comedy, a ballet dancer manoeuvres for her pathetic director to be let go, so she can have a better chance at stardom for herself.",https://www.imdb.com/title/tt0200999/?ref_=sr_i_881
882. La voix sans visage,1933,,,,,,"The singer Saltore is accused of the murder of his wife's lover, and is sentenced to ten years' hard labour. His daughter proves his innocence when she discovers the culprit to be his wife, who wanted to end an embarrassing love affair.",https://www.imdb.com/title/tt0210376/?ref_=sr_i_882
883. La signorina dell'autobus,1933,1h 15m,,,,,,https://www.imdb.com/title/tt0024557/?ref_=sr_i_883
884. Char Darvesh,1933,,,,,,,https://www.imdb.com/title/tt0377631/?ref_=sr_i_884
885. Kyoka denenhen,1933,,,,,,,https://www.imdb.com/title/tt1204918/?ref_=sr_i_885
886. Un fil à la patte,1933,1h 30m,,,,,,https://www.imdb.com/title/tt0132158/?ref_=sr_i_886
887. Warera moshî tatakwabâ,1933,,,,,,,https://www.imdb.com/title/tt9141862/?ref_=sr_i_887
888. Artilharia Moderna,1933,,,,,,,https://www.imdb.com/title/tt0130466/?ref_=sr_i_888
889. Ringende Menschen. Die Tragödie einer Familie,1933,,,,,,,https://www.imdb.com/title/tt0139571/?ref_=sr_i_889
890. Es war einmal ein Musikus,1933,1h 25m,,,,,"When he is not conducting his orchestra, a talented young man invents a device to thwart car thieves.Associating himself with a rich Dutch baron, he falls in love with the baron's daughter.",https://www.imdb.com/title/tt0145767/?ref_=sr_i_890
891. No dejes la puerta abierta,1933,1h 16m,Passed,,,,,https://www.imdb.com/title/tt0024385/?ref_=sr_i_891
892. A Thousand for One Night,1933,1h 19m,,,,,A German mother prefers that her daughter marry a nobleman rather than a vulgar jazz musician.,https://www.imdb.com/title/tt0256427/?ref_=sr_i_892
893. Ittoryu sâke kuyô,1933,,,,,,,https://www.imdb.com/title/tt7897762/?ref_=sr_i_893
894. The Constant Wife,1933,,,,,,,https://www.imdb.com/title/tt0023903/?ref_=sr_i_894
895. La cantante dell'opera,1933,,,,,,,https://www.imdb.com/title/tt0022743/?ref_=sr_i_895
896. Jeunes filles en liberté,1933,1h 15m,,,,,,https://www.imdb.com/title/tt0210774/?ref_=sr_i_896
897. Vila de Amarante,1933,,,,,,,https://www.imdb.com/title/tt0131114/?ref_=sr_i_897
898. Le crime du chemin rouge,1933,1h 15m,,,,,,https://www.imdb.com/title/tt0199429/?ref_=sr_i_898
899. Dance Hall Hostess,1933,1h 13m,Passed,,,,"A woman who works in a dance hall attracts the attention of a bored but rich drunk, which causes friction with her boyfriend.",https://www.imdb.com/title/tt0023924/?ref_=sr_i_899
900. Hanayome senshu,1933,,,,,,,https://www.imdb.com/title/tt1237885/?ref_=sr_i_900
901. Inled mig i frestelse,1933,1h 36m,,,,,"Lund is home to Qvillander and Schorn. There is also a gentleman who lives entirely in the world of books, Professor Möbius. The latter is dominated by his aunt, Miss Lundén, who manages the finances of the house.",https://www.imdb.com/title/tt0024182/?ref_=sr_i_901
902. Dügün Gecesi,1933,,,,,,The revenge story of a girl who was raped.,https://www.imdb.com/title/tt0302516/?ref_=sr_i_902
903. Cette nuit-là,1933,1h 20m,,,,,"After a man dies in mysterious circumstances, a woman suspects her own daughter is a murderer.",https://www.imdb.com/title/tt0171167/?ref_=sr_i_903
904. Radha Krishna,1933,,,,,,,https://www.imdb.com/title/tt0215106/?ref_=sr_i_904
905. Uma Feira em S. Pedro de Sintra,1933,,,,,,,https://www.imdb.com/title/tt0131088/?ref_=sr_i_905
906. Hold Me Tight,1933,1h 12m,,,,,"Sweethearts Chuck Evans and Molly Roberts work at Blair's Department Store and plan on marrying when Chuck gets a raise. They dine one evening with Molly's friend and fellow salesgirl, Dottie Wade, and her unemployed husband Billy, of whom Chuck is very critical. After dinner, Molly and Chuck decide to marry immediately, and Chuck dictates that Molly quit her job so that their marriage will be harmonious, as opposed to that of the Wades. The next day, store owner W. O. Blair and Dolan, the crooked store detective, discuss the necessity of staff layoffs. Dolan, who dislikes Chuck and openly exhibits his desire for Molly, suggests that there have been complaints about Chuck and he should therefore be fired. Mary Shane, the women's personnel director and Chuck's friend, defends his integrity, but Dolan nonetheless marks Chuck's name for dismissal when no one is looking. The day after Molly and Chuck get their marriage license, Molly goes to Mary's office to quit her job, but the secretary, Daisy, informs her of Chuck's impending dismissal. Molly returns home, where she tells Dottie the news and admits her fear that Chuck will not want to get married. Chuck arrives with flowers, however, unaware of his dismissal. Despite Dottie's advice to tell Chuck the truth, Molly keeps the news secret, and the couple are married. The next day, Chuck finds the closing notice in his pay envelope. Although he is angry that Molly did not tell him, he is determined to find another job quickly. There are no jobs available, however, and as time passes, Chuck becomes depressed about Molly supporting him. Molly reluctantly accepts a ride home from Dolan one evening, and when they arrive, they find Chuck in the kitchen cooking dinner. Chuck is humiliated that Dolan has seen him as a househusband, and he refuses Dolan's offer to help him find work. The next day, Dottie, who is now pregnant, is fired after a fussy customer complains about her, and she then tries to poison herself. Molly blames Billy, but Chuck, now a comrade in unemployment with his neighbor, defends him and the couple fight. Afraid that their marriage will similarly disintegrate, Chuck leaves after saying that he will return when he has a pay envelope. Later, Dolan puts into action his plan to steal the store's fur coats by hiring his girl friend, Trudie Holmes, and Molly to do a sham inventory one night, and Chuck and Billy to unwittingly drive the contraband away. Dolan arranges with his mugs for Chuck to be the fall guy if anything goes wrong and, as the evening progresses, explains to Molly that Chuck will be blamed for the theft when she becomes suspicious. Chuck also becomes suspicious of the shady characters aiding Dolan, and he rushes to Molly's aid as she struggles to escape from Dolan. Molly activates the alarm while the men fight, and just as Chuck is about to be shot, the police arrive with Blair and Mary, who reveal that they have been watching Dolan since they discovered the trick he pulled to get Chuck fired. Blair appoints Chuck the head of the shipping department, and Chuck hires Billy to fill Dolan's job. Chuck then embraces Molly after telling her that she also has a new job: staying home and taking care of children.",https://www.imdb.com/title/tt0024129/?ref_=sr_i_906
907. Strange Evidence,1933,1h 11m,,,,,,https://www.imdb.com/title/tt0024618/?ref_=sr_i_907
908. A Man with a Married Woman's Hairdo,1933,1h 17m,,,,,,https://www.imdb.com/title/tt0023822/?ref_=sr_i_908
909. The Barber of Seville,1933,52m,,,,,,https://www.imdb.com/title/tt0193748/?ref_=sr_i_909
910. Idylle au Caire,1933,1h 20m,,,,,"Simultaneously filmed French version of the German production Saison in Kairo.A young man and a young woman, whose respective father and mother are both widowed, scheme to get them to marry each other.",https://www.imdb.com/title/tt0295344/?ref_=sr_i_910
911. Ranger's Code,1933,59m,Passed,,,,"When his Ranger father is shot down and seriously wounded by rustlers, young Bob Baxter is given a Ranger's badge and a delivery to town of the rustlers who were captured by the sheriff's posse. Bob boards a stage and meets his boyhood friend, Mary Clayton, who is returning to the ranch owned by her brother, Danny, and herself near Cheeko. Bob fails to notice Nat the Bat, wanted for murder, who slinks back in his seat when he sees Bob's Ranger badge. Arriving in Cheeko, Bob sees that he and the Sheriff will be unable to hold the prisoners against a lynch mob, so he releases them and plans on picking them up again later. One of them is Danny Clayton, who had unwittingly gotten mixed up with Bert, leader of the rustling gang, and had unknowingly been engaged in running off his own cattle in the darkness, thinking they belonged to Bert.(Danny is not the brightest bloom on the sage.) Bob trails the gang to the Clayton ranch and is winged by Bert as he attempts to make a capture. Nat the Bat has joined Danny and Bert and he and Bert persuade Danny to flee with them as Bob is convinced he is also a rustler.(It was mentioned that Danny is a little dim?)Recovered from his wound, thanks to Mary, Bob takes up the trail and gets a tip that the fugitives are in Fall City. Meanwhile, Danny and Nat overhear a conversation among the rest of the gang that they are to be double-crossed, and that the money from Danny's and the other rancher's cattle is in a safe in Fall City. Danny and Nat get to the money first but are captured by Bob as they leave the safe office. They convince Bob of their innocence but he says he still has to take them back to face the rustling charges. But Bert and the rest of the gang are rapidly overtaking them.",https://www.imdb.com/title/tt0024488/?ref_=sr_i_911
912. Shima no musume Katsutarô monogatari,1933,,,,,,,https://www.imdb.com/title/tt0931356/?ref_=sr_i_912
913. Direct au coeur,1933,1h 44m,,,,,"Kid Marc is an upcoming boxer about to become the European Lightweight Champion, only he discovers his surprising victories had been handled by his manager, César Cannebois. This time, he vows to win on his own merits, to show his girlfriend how good he really is - and chiqué is stronger, and he loses in the ring. All glamour gone, everybody abandons him, save for his loyal and loving girlfriend. Régina is going to be his queen.",https://www.imdb.com/title/tt0191089/?ref_=sr_i_913
914. Sagrario,1933,1h 11m,,,,,"Worker Juan Rivero goes to jail, and his wife Elena and daughter Sagrario are helped by Dr. Horacio Rueda, who falls in love with Elena. When Juan is released, the relationship ends, but Sagrario, now a charming young woman, plans to marry Dr. Rueda.",https://www.imdb.com/title/tt0136508/?ref_=sr_i_914
915. Strycek z Ameriky,1933,1h 27m,,,,,,https://www.imdb.com/title/tt0217825/?ref_=sr_i_915
916. Rangila Rajput,1933,,,,,,,https://www.imdb.com/title/tt0156937/?ref_=sr_i_916
917. Jamuna Puliney,1933,,,,,,,https://www.imdb.com/title/tt0214810/?ref_=sr_i_917
918. Si tu vois mon oncle,1933,1h 27m,,,,,,https://www.imdb.com/title/tt0249154/?ref_=sr_i_918
919. Faut réparer Sophie,1933,1h 40m,,,,,,https://www.imdb.com/title/tt0198472/?ref_=sr_i_919
920. Festas da Rainha Santa,1933,,,,,,,https://www.imdb.com/title/tt0130691/?ref_=sr_i_920
921. Kunisada Chuji: Hareru Akagi no maki,1933,,,,,,,https://www.imdb.com/title/tt0426070/?ref_=sr_i_921
922. Miss Helyett,1933,,,,,,,https://www.imdb.com/title/tt0199775/?ref_=sr_i_922
923. Miss 1933,1933,2h 56m,,,,,A classic modernization melodrama exploring the consequences of female autonomy. Kusum (Gohar) rejects her avaricious uncle's decision to marry/sell her to a rich man and is adopted by Seth Kisandas (Adajania). She meets his urbanized son Jayant (E. Bilimoria) and his friends Ramesh (Yakub) and Kishori (Mehtab). The love story of Kusum and Jayant explores the complications ensuing from a woman's freedom to choose. The issue is resolved only after Ramesh molests her. She defends herself and is tried for attempted murder.,https://www.imdb.com/title/tt0262623/?ref_=sr_i_923
924. Follow the Lady,1933,49m,,,,,,https://www.imdb.com/title/tt0136958/?ref_=sr_i_924
925. Leave It to Me,1933,1h 16m,,,,,The owner of a professional help agency poses as a poet at a wealthy patron's ball and prevents a necklace from being stolen by thieves.,https://www.imdb.com/title/tt0024248/?ref_=sr_i_925
926. La maison du mystère,1933,,,,,,,https://www.imdb.com/title/tt0170202/?ref_=sr_i_926
927. Une femme au volant,1933,,,,,,"A young sportsman, heir to a tyre manufacturers wants to end the rivalry between his father's company and their main rival, by marrying the daughter of the rival family.",https://www.imdb.com/title/tt0024719/?ref_=sr_i_927
928. Tiburón,1933,,,,,,,https://www.imdb.com/title/tt0140619/?ref_=sr_i_928
929. Wege zur guten Ehe,1933,1h 21m,,,,,,https://www.imdb.com/title/tt0024758/?ref_=sr_i_929
930. Gionshigure,1933,,,,,,,https://www.imdb.com/title/tt9111932/?ref_=sr_i_930
931. La robe rouge,1933,1h 31m,,,,,A mistake made by a court judge can tear up a family forever.,https://www.imdb.com/title/tt0191404/?ref_=sr_i_931
932. Her Imaginary Lover,1933,1h 6m,,,,,"In order to keep fortune-hunters away from her, a wealthy heiress comes up with an imaginary ""fiance"".",https://www.imdb.com/title/tt0024111/?ref_=sr_i_932
933. Badmash Ka Beta,1933,,,,,,,https://www.imdb.com/title/tt0390871/?ref_=sr_i_933
934. Johannisnacht,1933,1h 18m,,,,,"A great actress leaves behind the triumphs of the stage and the life of the big city, to become the wife of a country writer in the German mountains.",https://www.imdb.com/title/tt0136272/?ref_=sr_i_934
935. Sinfonia de Imagens,1933,,,,,,,https://www.imdb.com/title/tt0131019/?ref_=sr_i_935
936. Sora harete,1933,,,,,,,https://www.imdb.com/title/tt7977836/?ref_=sr_i_936
937. Kenkî sannintabî,1933,,,,,,,https://www.imdb.com/title/tt8166776/?ref_=sr_i_937
938. Tokyo ondo,1933,,,,,,,https://www.imdb.com/title/tt1305767/?ref_=sr_i_938
939. Just My Luck,1933,1h 17m,,,,,,https://www.imdb.com/title/tt0024200/?ref_=sr_i_939
940. Wolves of the Underworld,1933,57m,Approved,,,,"A group of gangsters set out to ""get"" a supposedly respectable doctor. The tables are turned and the doctor kills the gunman, planting his body beside an accidentally handy train wreck. But other gangster witnesses the murder.",https://www.imdb.com/title/tt0027226/?ref_=sr_i_940
941. Honra e ciúmes,1933,,,,,,,https://www.imdb.com/title/tt0122108/?ref_=sr_i_941
942. A Quiet flirt,1933,1h 36m,,,,,"Lillemor v. Kragh is an orphan and has been raised by her aunts Lotten and Amalia. Amalia wants her to study further after graduation while Lotten wants her to get married. Lotten predicts her future and see a dark, older man in the cards.",https://www.imdb.com/title/tt1333660/?ref_=sr_i_942
943. The Flaw,1933,1h 7m,,,,,The supposed victim of a poisoning turns the tables on the man who tried to kill him.,https://www.imdb.com/title/tt0134654/?ref_=sr_i_943
944. Mariage à responsabilité limitée,1933,1h 15m,,,,,,https://www.imdb.com/title/tt0170221/?ref_=sr_i_944
945. Kangeki no jinsei,1933,,,,,,,https://www.imdb.com/title/tt9141334/?ref_=sr_i_945
946. Ukiyoe shînshuzemê,1933,,,,,,,https://www.imdb.com/title/tt11744318/?ref_=sr_i_946
947. The Innocent Country Girl,1933,1h 25m,,,,,A village maiden gets her chance at becoming a big star in the Berlin theater.,https://www.imdb.com/title/tt0256476/?ref_=sr_i_947
948. Hemslavinnor,1933,1h 20m,,,,,The Rosenqvist family needs domestic help.,https://www.imdb.com/title/tt0024106/?ref_=sr_i_948
949. King for a Day,1933,,,,,,,https://www.imdb.com/title/tt0373974/?ref_=sr_i_949
950. Purse Strings,1933,1h 9m,,,,,,https://www.imdb.com/title/tt0155981/?ref_=sr_i_950
951. Life Begins Tomorrow,1933,1h 29m,,7.5,132,,"After serving five years in prison, Robert is released. Since his wife Marie is late to pick him up and misses him they start looking for each other. Robert sees a man drop a note in Marie's letterbox, and in a jealous rage follows him.",https://www.imdb.com/title/tt0024351/?ref_=sr_i_951
952. Acciaio,1933,1h 7m,,6.2,119,,"In the huge steel factories in Terni (Umbria, Italy), two friends (Mario and Pietro) fight for the love of the same girl (Gina). Pietro dies because of a work accident at the factory. The other workers think Mario is responsible for the death of his friend. Mario, who is innocent, is forced to quit, but his love for Gina and his dedication to his job help him out of his crisis.",https://www.imdb.com/title/tt0023736/?ref_=sr_i_952
953. Cross Fire,1933,55m,Approved,5.8,99,,"Tom and five older respected business men run the Sierra mine. When Tom leaves for Europe to fight in WW1, everything is OK. When he returns after the war he finds his former assistant not only in control of the mine but the whole town. His former partners have fled becoming outlaws and are now robbing the mine shipments of money they believe is really theirs.",https://www.imdb.com/title/tt0023921/?ref_=sr_i_953
954. Ítél a Balaton,1933,1h 5m,,6.5,63,,"Romeo and Juliet romance on great Lake Balaton, where rival families each control half the fishing rights.When the girl is suspected of being with the wrong boy, she is set on a boat in a storm to be judged in a trial of survival.",https://www.imdb.com/title/tt1601244/?ref_=sr_i_954
955. Adjutant to His Highness,1933,1h 17m,,6.5,59,,Lieutenant Patera is unhappily involved in a scandalous affair in the highest circles of the Habsburg monarchy and is transferred to a remote garrison in Mnyuk as a punishment.,https://www.imdb.com/title/tt0169131/?ref_=sr_i_955
956. Ukanaskneli djvarosnebi,1933,1h 20m,,6.4,43,,An ethnographic analysis of the small Caucasian Khevurian tribe in Georgia.,https://www.imdb.com/title/tt0262085/?ref_=sr_i_956
957. Smoke Lightning,1933,1h 3m,,6.1,38,,"After Smoke wins the Blake ranch in a poker game, Blake commits suicide and Smoke deeds the ranch to Blake's young daughter. But the Sheriff is after the ranch and has Smoke arrested for the murder of Blake and then brings in an impostor to pose as the girl's relative.",https://www.imdb.com/title/tt0024576/?ref_=sr_i_957
958. Kanske en diktare,1933,1h 18m,,4.5,83,,"Filip works as a coat janitor at a restaurant; he is a dreamer who has failed in life and sees people as the clothes he has in his wardrobe. On one night, three guests enter the restaurant: the extensive Viding with his beautiful wife Jane, and the remorseless manager Kurtz. Viding, who owes Kurtz money, demands Jane be accommodating toward him. Filip watches as she pulls a gun.",https://www.imdb.com/title/tt0024204/?ref_=sr_i_958
959. La bataille,1933,1h 30m,,6.5,33,,"During the Russo-Japanese War, an English officer on the ship of the Japanese falls in love with the wife of the commander.Also made in a British version, Thunder In the East.",https://www.imdb.com/title/tt0145670/?ref_=sr_i_959
960. Pervyy vzvod,1933,1h 23m,,6.0,31,,,https://www.imdb.com/title/tt0024438/?ref_=sr_i_960
961. Ítél a Balaton,1933,58m,,6.7,31,,,https://www.imdb.com/title/tt0023070/?ref_=sr_i_961
962. Dum na predmesti,1933,1h 29m,,6.8,31,,,https://www.imdb.com/title/tt0166587/?ref_=sr_i_962
963. Roman einer Nacht,1933,1h 18m,,7.3,22,,"While in France, the daughter of Copenhagen's police chief meets a fascinating detective who is seeking a criminal professor.",https://www.imdb.com/title/tt0227404/?ref_=sr_i_963
964. Ramûru,1933,1h 33m,,6.7,29,,,https://www.imdb.com/title/tt0023746/?ref_=sr_i_964
965. The Wandering Jew,1933,1h 8m,Passed,6.2,28,,"A German-Jewish artist encounters German anti-semitism when his masterpiece is rejected by the Berlin Academy of Art. Later, the figure in the painting comes to life and tells him the history of the Jews' persecution. This unusual film ends with footage of an anti-Hitler rally at New York City's Madison Square Garden.",https://www.imdb.com/title/tt0024751/?ref_=sr_i_965
966. Es gibt nur eine Liebe,1933,,,6.6,28,,"In this operetta, a singer and a ballet master enjoying a retreat in the Balkans are mistaken for bandits.",https://www.imdb.com/title/tt0023989/?ref_=sr_i_966
967. Karma,1933,1h 8m,,6.3,28,,"The simple plot has the maharani (Devika Rani) fall in love with the neighbouring prince (Rai) despite her father's disapproval. It is presented as an Orientalist fantasy with a, by Indian standards, scandalously prolonged kiss. It was described as 'a sort of American romance done against an Indian background'.",https://www.imdb.com/title/tt0155799/?ref_=sr_i_967
968. Záhada modrého pokoje,1933,1h 10m,,5.6,34,,"Count Hellford tells to his daughter Irena and her friends Tom, Jimmy and Frank the tale of the blue room, in which three people lost their lives through mysterious causes. Tom wants to win Irena's admiration, and he proposes that each of them takes a turn at spending a night in the room. Tom spends the first night in the room. In the morning everyone discovers to their horror that the room's window is open and Tom has disappeared without a trace.",https://www.imdb.com/title/tt0170849/?ref_=sr_i_968
969. Kleines Mädel - großes Glück,1933,1h 16m,,7.4,17,,,https://www.imdb.com/title/tt0254498/?ref_=sr_i_969
970. Gun Justice,1933,1h,Passed,6.2,21,,"Wanting the Lance ranch, Burkett kills Lance and brings in an impostor to pose as the heir, Ken Lance. Ken learns of the plan, captures the impostor, and arrives posing as himself. In an ensuing gunfight a man is killed and Ken is in trouble when not only is he accused of the murder, but the impostor escapes and convinces the Sheriff that he is the real Ken Lance.",https://www.imdb.com/title/tt0025212/?ref_=sr_i_970
971. Hemliga Svensson,1933,1h 40m,,5.6,29,,The little town Västerköping needs a new police man - but the only applicant is the small and tiny Fridolf. He gets the job but has to work with the big and strong police inspector Göransson. The town is visited by a crook who has specialized in stealing from local councils. Can this unusual pair stop him ?,https://www.imdb.com/title/tt0024105/?ref_=sr_i_971
972. Herrat täysihoidossa,1933,1h 6m,,4.2,42,,,https://www.imdb.com/title/tt0024116/?ref_=sr_i_972
973. White Majesty,1933,1h 40m,,7.2,13,,"Jakob, skilled mountain guide, is the only one who dares climbing a mountain at night to dynamite and redirect the snow, thus preventing an avalanche over the new luxurious hotel; yet he must keep it a secret. His strong character and independent ways make him unpopular among his neighbor villagers, except for Monika. Even more when lands and a missing will are at stake. That he gives money to Monika does not help at all. The only way out is to be the first one to climb Monte Verità, as the one who succeeds will win the land.",https://www.imdb.com/title/tt0182529/?ref_=sr_i_973
974. Stolen Wednesday,1933,1h 26m,,5.0,23,,,https://www.imdb.com/title/tt0144891/?ref_=sr_i_974
975. Saa til søs,1933,1h 39m,,4.8,35,,"In the small fishing village Fjordby, in a modest cottage, the three old fishermen Ole, Jens and Peter lives.",https://www.imdb.com/title/tt0124108/?ref_=sr_i_975
976. Radio Parade,1933,1h 10m,,6.9,15,,,https://www.imdb.com/title/tt0152128/?ref_=sr_i_976
977. Zhifen shichang,1933,1h 20m,,5.8,21,,,https://www.imdb.com/title/tt0485444/?ref_=sr_i_977
978. Bomans pojke,1933,1h 30m,,4.1,33,,Gösta is unemployed and joins a gang of smugglers.,https://www.imdb.com/title/tt0023824/?ref_=sr_i_978
979. The Castle in the South,1933,1h 30m,,6.6,14,,"A film actress falls for an extra on her set, he turns out to be a prince.",https://www.imdb.com/title/tt0024528/?ref_=sr_i_979
980. Kiss of Araby,1933,1h 10m,,5.4,19,,"While the commander of the British Army in Arabia, Major J. W. Courtney, is out in the desert chasing marauding tribesmen, his wife carries on an affair with Captain Randall. Courtney returns to the outpost ahead of time and the wife takes refuge in the quarters of Lieutenant W.B. Lawrence. Lawrence, maintaining the silence (and stiff upper lip) that his code of honor dictates is drummed out of the service. He joins the forces of El Rahman and becomes a sheik of the desert. Warfare, instigated by Randall, breaks out between the troops and the tribesmen and ends when the mortally wounded Randall confesses to his dastardly deeds, the least of which included making love to his commander's wife.",https://www.imdb.com/title/tt0024223/?ref_=sr_i_980
981. Pas besoin d'argent,1933,1h 15m,,6.5,13,,,https://www.imdb.com/title/tt0142756/?ref_=sr_i_981
982. Rusty Rides Alone,1933,58m,Passed,6.4,13,,Bart Quillan and his sons are after Martin's ranch. Burke arrives to help Martin but being outnumbered he hopes to get help from Powers. But no one is sure which side Powers and his gang are on.,https://www.imdb.com/title/tt0024512/?ref_=sr_i_982
983. The Town Stands on Its Head,1933,1h 20m,,5.5,14,,"In the style of Gogol's Inspector General: When a traveling salesman arrives in the car of a government official, the powers that be of a small town think he's the auditor and try to throw him off the track about their disorderly finances.",https://www.imdb.com/title/tt0024607/?ref_=sr_i_983
984. L'illustre Maurin,1933,2h 2m,,6.0,9,,,https://www.imdb.com/title/tt0295349/?ref_=sr_i_984
985. Harmony Row,1933,1h 18m,,5.6,13,,"George enlists in the police force and is sent to Harmony Row, a criminal haunt. He makes friends with a pretty street musician Molly and boy soprano Leonard. He is persuaded to fight Slogger Lee in a boxing tournament. Source: Wikipedia.",https://www.imdb.com/title/tt0024091/?ref_=sr_i_985
986. Bhool Bhulaiyan,1933,,,5.3,13,,,https://www.imdb.com/title/tt0213519/?ref_=sr_i_986
987. Abel with the Mouth Organ,1933,1h 38m,,7.4,6,,A group of friends discover the harmony in the open natural spaces of the German lowland as they take place in a balloon adventure.,https://www.imdb.com/title/tt0023733/?ref_=sr_i_987
988. Her Splendid Folly,1933,1h 5m,Passed,4.7,18,,"Solomon Ginsberg, the President, Vice-President and General Manager of International Pictures Corporation Incorporated, hires Joan McAllister, an unemployed stenographer, to double for his star, Laura Girard. While on a location trip, Laura is killed in an automobile accident, and in order to save the money already invested in the film Ginsberg, aided by the film's leading-man, Wallace Morely, with whom Joan is more than a little infatuated, persuades Joan to assume the identity of the dead actress, whose death is being concealed. Since Joan is a dead-ringer for Laura, no one suspects the impersonation. Soon, Joan makes Laura a bigger star than she had ever been while living. This also causes no end of complications, including bigamy.",https://www.imdb.com/title/tt0024114/?ref_=sr_i_988
989. U svatého Antonícka,1933,1h 33m,,5.0,11,,,https://www.imdb.com/title/tt0242977/?ref_=sr_i_989
990. Die Abenteuer des Königs Pausole,1933,1h 20m,,4.5,16,,Good King Pausole selects a wife for every day in the year but one protests when he spends her day searching for his favorite daughter who has eloped with a visiting airman stranded in the kingdom.,https://www.imdb.com/title/tt0023735/?ref_=sr_i_990
991. Die unsichtbare Front,1933,1h 25m,,5.7,10,,During the war young Ellen Lange runs away from her boarding school in Hamburg to her brother Rolf in Kiel. He is not so happy about this because he is due on a secret mission to England.,https://www.imdb.com/title/tt0023643/?ref_=sr_i_991
992. Moral und Liebe,1933,1h 32m,,5.9,10,,"A middle-class, married woman, Mrs. Kessler, whose husband has been suicidal after losing his job, prostitutes herself once to get the family out of financial straits. The husband finds out about it and divorces her. When he threatens to take away her beloved son, she shoots him. He survives but she is prosecuted.",https://www.imdb.com/title/tt0133978/?ref_=sr_i_992
993. Enemies of Progress,1933,1h 15m,,5.7,9,,,https://www.imdb.com/title/tt0129059/?ref_=sr_i_993
994. Die vom Niederrhein,1933,,,5.0,9,,Hans Steinherr will one day inherit the family steel-mill but prefers a living as a musician. He ends his relationship with ingenue peasant's daughter Hanne and ventures into the big city where he meets a famous singer.,https://www.imdb.com/title/tt0228215/?ref_=sr_i_994
995. Ramadasu,1933,,,6.6,6,,,https://www.imdb.com/title/tt0277983/?ref_=sr_i_995
996. En natt på Smygeholm,1933,1h 20m,,3.0,23,,It is rumored that there are ghosts at Smygeholm Castle.,https://www.imdb.com/title/tt0024374/?ref_=sr_i_996
997. Kûrohoshi daiihiwâ,1933,,,,,,,https://www.imdb.com/title/tt7894014/?ref_=sr_i_997
998. Une faible femme,1933,1h 13m,,,,,,https://www.imdb.com/title/tt0159073/?ref_=sr_i_998
999. Sohni Mahiwal,1933,,,,,,,https://www.imdb.com/title/tt0240006/?ref_=sr_i_999
1000. Sulochana,1933,,,,,,,https://www.imdb.com/title/tt0159003/?ref_=sr_i_1000
