Title,Year,Duration,MPA,Rating,Votes,meta_score,description,Movie Link,writers,directors,stars,budget,opening_weekend_Gross,grossWorldWWide,gross_US_Canada,release_date,countries_origin,filming_locations,production_company,awards_content,genres,Languages
1. Zootopia 2,2025,1h 48m,PG,7.3,145K,73.0,"Brave rabbit cop Judy Hopps and her friend, the fox Nick Wilde, team up again to crack a new case, the most perilous and intricate of their careers.",https://www.imdb.com/title/tt26443597/?ref_=sr_i_1,['Jared Bush'],"['Jared Bush', 'Byron Howard']","['Ginnifer Goodwin', 'Jason Bateman', 'Ke Huy Quan', 'Fortune Feimster', 'Andy Samberg', 'David Strathairn', 'Idris Elba', 'Shakira', 'Patrick Warburton', 'Quinta Brunson']","$150,000,000 (estimated)","$100,262,540","$1,866,647,950","$428,130,160","November 26, 2025",['United States'],"['Walt Disney Animation Studios, Vancouver BC (Studio)']","['Walt Disney Pictures', 'Walt Disney Animation Studios']","Nominated for 1 Oscar, 20 wins & 90 nominations total","['Animal Adventure', 'Buddy Comedy', 'Buddy Cop', 'Computer Animation', 'Urban Adventure', 'Whodunnit', 'Adventure', 'Animation', 'Comedy', 'Crime']",['English']
2. A Minecraft Movie,2025,1h 41m,PG,5.6,164K,45.0,Four misfits are suddenly pulled through a mysterious portal into a bizarre cubic wonderland that thrives on imagination. To get back home they'll have to master this world while embarking on a quest with an unexpected expert crafter.,https://www.imdb.com/title/tt3566834/?ref_=sr_i_2,"['Chris Bowman', 'Hubbel Palmer', 'Neil Widener']",['Jared Hess'],"['Jason Momoa', 'Jack Black', 'Sebastian Hansen', 'Emma Myers', 'Danielle Brooks', 'Jennifer Coolidge', 'Rachel House', 'Allan Henry', 'Bram Scott-Breheny', 'Moana Williams']","$150,000,000 (estimated)","$162,753,003","$960,387,780","$424,087,780","April 4, 2025","['United States', 'Sweden', 'New Zealand', 'Canada']","['Auckland, New Zealand (location)']","['Warner Bros.', 'Legendary Pictures', 'Domain Entertainment (II)']","Awards, 3 wins & 15 nominations total","['High-Concept Comedy', 'Quest', 'Slapstick', 'Survival', 'Action', 'Adventure', 'Comedy', 'Family', 'Fantasy']","['English', 'Spanish']"
3. Lilo & Stitch,2025,1h 48m,PG,6.7,97K,53.0,"A lonely Hawaiian girl befriends a runaway alien, helping to mend her fragmented family.",https://www.imdb.com/title/tt11655566/?ref_=sr_i_3,"['Chris Kekaniokalani Bright', 'Mike Van Waes', 'Chris Sanders']",['Dean Fleischer Camp'],"['Maia Kealoha', 'Sydney Agudong', 'Chris Sanders', 'Zach Galifianakis', 'Billy Magnussen', 'Courtney B. Vance', 'Amy Hill', 'Tia Carrere', 'Kaipo Dudoit', 'Hannah Waddingham']","$100,000,000 (estimated)","$146,016,175","$1,038,027,526","$423,778,855","May 23, 2025","['United States', 'Australia', 'Canada']","[""Waikiki, O'ahu, Hawaii, USA (Sourced via witnessing filming from hotel view.)""]","['Walt Disney Pictures', 'Rideback']","Nominated for 1 BAFTA Award, 10 nominations total","['Alien Invasion', 'Animal Adventure', 'Buddy Comedy', 'Space Sci-Fi', 'Action', 'Adventure', 'Comedy', 'Drama', 'Family', 'Fantasy']","['English', 'Hawaiian']"
4. Avatar: Fire and Ash,2025,3h 17m,PG-13,7.2,189K,61.0,"Jake and Neytiri's family grapples with grief, encountering a new, aggressive Na'vi tribe, the Ash People, who are led by the fiery Varang, as the conflict on Pandora escalates and a new moral focus emerges.",https://www.imdb.com/title/tt1757678/?ref_=sr_i_4,"['James Cameron', 'Rick Jaffa', 'Amanda Silver']",['James Cameron'],"['Sam Worthington', 'Zoe Saldaña', 'Sigourney Weaver', 'Stephen Lang', 'Oona Chaplin', 'Kate Winslet', 'Cliff Curtis', 'Joel David Moore', 'CCH Pounder', 'Edie Falco']","$400,000,000 (estimated)","$89,160,860","$1,485,999,890","$404,340,010","December 19, 2025","['United States', 'Canada']",['New Zealand'],"['20th Century Studios', 'Lightstorm Entertainment', 'TSG Entertainment']","Won 1 Oscar, 41 wins & 59 nominations total","['Action Epic', 'Adventure Epic', 'Epic', 'Fantasy Epic', 'Sci-Fi Epic', 'Action', 'Adventure', 'Drama', 'Fantasy', 'Sci-Fi']",['English']
5. Superman,2025,2h 9m,PG-13,7.0,428K,68.0,"Superman must reconcile his alien Kryptonian heritage with his human upbringing as reporter Clark Kent. As the embodiment of truth, justice and the American way he soon finds himself in a world that views these as old-fashioned.",https://www.imdb.com/title/tt5950044/?ref_=sr_i_5,"['James Gunn', 'Jerry Siegel', 'Joe Shuster']",['James Gunn'],"['David Corenswet', 'Rachel Brosnahan', 'Nicholas Hoult', 'Alan Tudyk', 'Grace Chan', 'Bradley Cooper', 'Angela Sarafyan', 'Michael Rooker', 'Pom Klementieff', 'María Gabriela de Faría']","$225,000,000 (estimated)","$125,021,735","$618,723,803","$354,223,803","July 11, 2025",['United States'],"['Cincinnati, Ohio, USA']","['DC Studios', 'Domain Entertainment (II)', 'Troll Court Entertainment']","Awards, 5 wins & 78 nominations total","['DC', 'Superhero', 'Action', 'Adventure', 'Sci-Fi']",['English']
6. Wicked: For Good,2025,2h 17m,PG,6.6,70K,58.0,"Elphaba, the future Wicked Witch of the West and her relationship with Glinda, the Good Witch of the North. The second of a two-part feature film adaptation of the Broadway musical.",https://www.imdb.com/title/tt19847976/?ref_=sr_i_6,"['Winnie Holzman', 'Dana Fox', 'Stephen Schwartz']",['Jon M. Chu'],"['Cynthia Erivo', 'Ariana Grande', 'Jeff Goldblum', 'Michelle Yeoh', 'Jonathan Bailey', 'Ethan Slater', 'Marissa Bode', 'Colman Domingo', 'Bowen Yang', 'Bronwyn James']","$150,000,000 (estimated)","$147,004,640","$540,807,925","$342,915,090","November 21, 2025","['United States', 'Canada', 'Australia', 'Japan']","['Cairo, Egypt']","['Universal Pictures', 'Marc Platt Productions', 'Dentsu']","Nominated for 2 BAFTA Awards, 27 wins & 153 nominations total","['Fairy Tale', 'Pop Musical', 'Drama', 'Family', 'Fantasy', 'Musical', 'Romance']",['English']
7. Jurassic World: Rebirth,2025,2h 13m,PG-13,5.8,201K,50.0,"Five years post-Jurassic World: Dominion (2022), an expedition braves isolated equatorial regions to extract DNA from three massive prehistoric creatures for a groundbreaking medical breakthrough.",https://www.imdb.com/title/tt31036941/?ref_=sr_i_7,"['David Koepp', 'Michael Crichton']",['Gareth Edwards'],"['Scarlett Johansson', 'Mahershala Ali', 'Jonathan Bailey', 'Rupert Friend', 'Manuel Garcia-Rulfo', 'Luna Blaise', 'David Iacono', 'Audrina Miranda', 'Philippine Velge', 'Bechir Sylvain']","$180,000,000 (estimated)","$92,016,065","$869,146,189","$339,640,400","July 2, 2025","['United States', 'United Kingdom', 'Malta', 'India', 'Taiwan', 'Japan']","['Krabi, Thailand']","['Universal Pictures', 'Amblin Entertainment', 'Dentsu']","Nominated for 1 Oscar, 3 wins & 15 nominations total","['Jurassic Park', 'Dinosaur Adventure', 'Jungle Adventure', 'Action', 'Adventure', 'Sci-Fi', 'Thriller']","['English', 'French', 'Spanish']"
8. Sinners,2025,2h 17m,R,7.5,501K,84.0,"Trying to leave their troubled lives behind, twin brothers return to their hometown to start again, only to discover that an even greater evil is waiting to welcome them back.",https://www.imdb.com/title/tt31193180/?ref_=sr_i_8,['Ryan Coogler'],['Ryan Coogler'],"['Michael B. Jordan', ""Jack O'Connell"", 'Hailee Steinfeld', 'Miles Caton', 'Saul Williams', 'Andrene Ward-Hammond', 'Tenaj L. Jackson', 'Dave Maldonado', 'Aadyn Encalarde', 'Helena Hu']","$90,000,000 (estimated)","$48,007,468","$370,333,701","$279,989,632","April 18, 2025","['United States', 'Australia', 'Canada']","['New Orleans, Louisiana, USA']","['Warner Bros.', 'Domain Entertainment (II)', 'Proximity Media']","Won 4 Oscars, 340 wins & 504 nominations total","['Folk Horror', 'Period Drama', 'Supernatural Horror', 'Vampire Horror', 'Horror']","['English', 'Chinese']"
9. The Fantastic Four: First Steps,2025,1h 55m,PG-13,6.8,272K,65.0,"Forced to balance their roles as heroes with the strength of their family bond, the Fantastic Four must defend Earth from a ravenous space god called Galactus and his enigmatic herald, the Silver Surfer.",https://www.imdb.com/title/tt10676052/?ref_=sr_i_9,"['Josh Friedman', 'Eric Pearson', 'Jeff Kaplan']",['Matt Shakman'],"['Pedro Pascal', 'Vanessa Kirby', 'Ebon Moss-Bachrach', 'Joseph Quinn', 'Ralph Ineson', 'Julia Garner', 'Natasha Lyonne', 'Paul Walter Hauser', 'Sarah Niles', 'Mark Gatiss']","$200,000,000 (estimated)","$117,644,828","$521,858,728","$274,286,610","July 25, 2025","['United Kingdom', 'United States', 'Canada', 'New Zealand']","['Palacio de Exposiciones y Congresos Ciudad de Oviedo, Oviedo, Asturias, Spain']","['Marvel Studios', 'Pinewood Studios', 'New Zealand Film Commission']","Awards, 6 wins & 51 nominations total","['Marvel', 'Action Epic', 'Adventure Epic', 'Sci-Fi Epic', 'Space Sci-Fi', 'Superhero', 'Urban Adventure', 'Action', 'Adventure', 'Sci-Fi']",['English']
10. How to Train Your Dragon,2025,2h 5m,PG,7.7,138K,61.0,"As an ancient threat endangers both Vikings and dragons alike on the isle of Berk, the friendship between Hiccup, an inventive Viking, and Toothless, a Night Fury dragon, becomes the key to both species forging a new future together.",https://www.imdb.com/title/tt26743210/?ref_=sr_i_10,"['Dean DeBlois', 'Cressida Cowell', 'William Davies']",['Dean DeBlois'],"['Mason Thames', 'Nico Parker', 'Gerard Butler', 'Nick Frost', 'Gabriel Howell', 'Julian Dennison', 'Bronwyn James', 'Harry Trevaldwyn', 'Murray McArthur', 'Peter Serafinowicz']","$150,000,000 (estimated)","$84,633,315","$636,596,299","$262,958,100","June 13, 2025","['United States', 'United Kingdom', 'Ireland', 'Iceland', 'Canada']",['Iceland (on location)'],"['Universal Pictures', 'DreamWorks Animation', 'Marc Platt Productions']","Nominated for 1 BAFTA Award, 4 wins & 21 nominations total","['Animal Adventure', 'Sword & Sorcery', 'Teen Adventure', 'Teen Comedy', 'Teen Drama', 'Teen Fantasy', 'Action', 'Adventure', 'Comedy', 'Drama']",['English']
11. Obsession,2025,1h 48m,R,8.0,212K,77.0,"After breaking the mysterious ""One Wish Willow"" to win his crush's heart, a hopeless romantic finds himself getting exactly what he asked for but soon discovers that some desires come at a dark, sinister price.",https://www.imdb.com/title/tt37287335/?ref_=sr_i_11,['Curry Barker'],['Curry Barker'],"['Michael Johnston', 'Inde Navarrette', 'Cooper Tomlinson', 'Megan Lawless', 'Andy Richter', 'Haley Fitzgerald', 'Darin Toonder', 'Anthony Pavone', 'Justice', 'Anthony Casabianca']","$750,000 (estimated)","$17,196,855","$426,716,765","$253,371,765","May 15, 2026",['United States'],"['Los Angeles, California, USA']","['Capstone Pictures', 'Blumhouse Productions', 'Tea Shop Productions']","Awards, 7 wins & 11 nominations total","['Dark Romance', 'Psychological Horror', 'Psychological Thriller', 'Supernatural Horror', 'Horror', 'Romance', 'Thriller']",['English']
12. Captain America: Brave New World,2025,1h 58m,PG-13,5.6,185K,42.0,"Sam Wilson, the new Captain America, finds himself in the middle of an international incident and must discover the motive behind a nefarious global plan.",https://www.imdb.com/title/tt14513804/?ref_=sr_i_12,"['Rob Edwards', 'Malcolm Spellman', 'Dalan Musson']",['Julius Onah'],"['Anthony Mackie', 'Harrison Ford', 'Danny Ramirez', 'Shira Haas', 'Carl Lumbly', 'Tim Blake Nelson', 'Giancarlo Esposito', 'Liv Tyler', 'Xosha Roquemore', 'Jóhannes Haukur Jóhannesson']","$180,000,000 (estimated)","$88,842,603","$415,101,577","$200,500,001","February 14, 2025","['United States', 'Canada']","['Oaxaca, Mexico']","['Marvel Studios', 'British Columbia Film Commission']","Awards, 2 wins & 17 nominations total","['Marvel', 'Action Epic', 'Adventure Epic', 'Epic', 'Sci-Fi Epic', 'Superhero', 'Action', 'Adventure', 'Sci-Fi']","['English', 'Spanish', 'Japanese']"
13. Mission: Impossible - The Final Reckoning,2025,2h 49m,PG-13,7.1,235K,67.0,"Hunt and the IMF pursue a dangerous AI called the Entity that's infiltrated global intelligence. With governments and a figure from his past in pursuit, Hunt races to stop it from forever changing the world.",https://www.imdb.com/title/tt9603208/?ref_=sr_i_13,"['Bruce Geller', 'Christopher McQuarrie', 'Erik Jendresen']",['Christopher McQuarrie'],"['Tom Cruise', 'Hayley Atwell', 'Ving Rhames', 'Simon Pegg', 'Esai Morales', 'Pom Klementieff', 'Henry Czerny', 'Holt McCallany', 'Janet McTeer', 'Nick Offerman']","$350,000,000 (estimated)","$64,036,428","$598,767,057","$197,413,515","May 23, 2025","['United States', 'Norway', 'Canada']","['Aurland, Vestland, Norway']","['Paramount Pictures', 'Skydance Media', 'TC Productions']","Awards, 40 wins & 43 nominations total","['Mission: Impossible', 'Action Epic', 'Adventure Epic', 'Spy', 'Action', 'Adventure', 'Thriller']","['English', 'French', 'Russian', 'Inuktitut']"
14. Thunderbolts*,2025,2h 7m,PG-13,7.1,287K,68.0,"After finding themselves ensnared in a death trap, an unconventional team of antiheroes must go on a dangerous mission that will force them to confront the darkest corners of their pasts.",https://www.imdb.com/title/tt20969586/?ref_=sr_i_14,"['Eric Pearson', 'Joanna Calo', 'Kurt Busiek']",['Jake Schreier'],"['Florence Pugh', 'Sebastian Stan', 'Julia Louis-Dreyfus', 'Lewis Pullman', 'David Harbour', 'Wyatt Russell', 'Hannah John-Kamen', 'Olga Kurylenko', 'Geraldine Viswanathan', 'Wendell Pierce']","$180,000,000 (estimated)","$74,300,608","$382,436,917","$190,274,328","May 2, 2025","['United States', 'Australia', 'Canada']","['Merdeka 118, Kuala Lumpur, Malaysia (jumping from the tower scene)']",['Marvel Studios'],"Awards, 4 wins & 30 nominations total","['Marvel', 'Action Epic', 'Adventure Epic', 'Dark Comedy', 'Epic', 'Political Drama', 'Psychological Drama', 'Sci-Fi Epic', 'Superhero', 'Action']","['English', 'Russian', 'Italian']"
15. F1: The Movie,2025,2h 35m,PG-13,7.6,374K,68.0,A Formula One driver comes out of retirement to mentor and team up with a younger driver.,https://www.imdb.com/title/tt16311594/?ref_=sr_i_15,"['Joseph Kosinski', 'Ehren Kruger']",['Joseph Kosinski'],"['Brad Pitt', 'Damson Idris', 'Javier Bardem', 'Kerry Condon', 'Tobias Menzies', 'Kim Bodnia', 'Sarah Niles', 'Will Merrick', 'Joseph Balderrama', 'Abdul Salis']","$200,000,000 (estimated)","$57,001,667","$634,142,436","$189,642,436","June 27, 2025",['United States'],"['Hungaroring, Budapest, Hungary (race track scenes)']","['Apple Original Films', 'Monolith Pictures (III)', 'Jerry Bruckheimer Films']","Won 1 Oscar, 34 wins & 132 nominations total","['Car Action', 'Motorsport', 'Drama', 'Sport']","['English', 'Spanish', 'German', 'Italian']"
16. The Conjuring: Last Rites,2025,2h 15m,R,6.2,105K,54.0,Paranormal investigators Ed and Lorraine Warren take on one last terrifying case involving mysterious entities they must confront.,https://www.imdb.com/title/tt22898462/?ref_=sr_i_16,"['Ian Goldberg', 'Richard Naing', 'David Leslie Johnson-McGoldrick']",['Michael Chaves'],"['Patrick Wilson', 'Vera Farmiga', 'Mia Tomlinson', 'Ben Hardy', 'Steve Coulter', 'Rebecca Calder', 'Elliot Cowan', 'Beau Gadsdon', 'Kíla Lord Cassidy', 'John Brotherton']","$55,000,000 (estimated)","$84,006,121","$499,256,445","$177,756,445","September 5, 2025","['Canada', 'United States']","['Knebworth, Hertfordshire, England, UK (scenes filmed in Knebworth park)']","['New Line Cinema', 'Domain Entertainment (II)', 'The Safran Company']","Awards, 1 nomination total","['The Conjuring Universe', 'Body Horror', 'Folk Horror', 'Monster Horror', 'Psychological Horror', 'Supernatural Horror', 'Horror', 'Mystery', 'Thriller']","['English', 'Latin']"
17. Weapons,2025,2h 8m,R,7.4,378K,81.0,"When all but one child from the same class mysteriously vanish on the same night at exactly the same time, a community is left questioning who or what is behind their disappearance.",https://www.imdb.com/title/tt26581740/?ref_=sr_i_17,['Zach Cregger'],['Zach Cregger'],"['Julia Garner', 'Josh Brolin', 'Alden Ehrenreich', 'Scarlett Sher', 'Cary Christopher', 'Jason Turner', 'Benedict Wong', 'Anny Jules', 'Ali Burch', 'Michael Gene Conti']","$38,000,000 (estimated)","$43,501,217","$270,072,492","$151,572,492","August 8, 2025",['United States'],"['Atlanta, Georgia, USA (location)']","['New Line Cinema', 'Domain Entertainment (II)', 'Subconscious']","Won 1 Oscar, 63 wins & 126 nominations total","['Dark Comedy', 'Folk Horror', 'Psychological Horror', 'Supernatural Horror', 'Witch Horror', 'Horror', 'Mystery']",['English']
18. Final Destination: Bloodlines,2025,1h 50m,R,6.7,167K,73.0,"Plagued by a recurring violent nightmare, a college student returns home to find the one person who can break the cycle and save her family from the horrific fate that inevitably awaits them.",https://www.imdb.com/title/tt9619824/?ref_=sr_i_18,"['Guy Busick', 'Lori Evans Taylor', 'Jon Watts']","['Zach Lipovsky', 'Adam B. Stein']","['Kaitlyn Santa Juana', 'Teo Briones', 'Rya Kihlstedt', 'Richard Harmon', 'Owen Patrick Joyner', 'Anna Lore', 'Alex Zahara', 'April Telek', 'Tinpo Lee', 'Tony Todd']","$50,000,000 (estimated)","$51,600,106","$317,854,739","$138,254,739","May 16, 2025",['United States'],"['Vancouver, British Columbia, Canada']","['New Line Cinema', 'Domain Entertainment (II)', 'Practical Pictures']","Awards, 4 wins & 15 nominations total","['Dark Comedy', 'Splatter Horror', 'Supernatural Horror', 'Teen Horror', 'Horror', 'Thriller']",['English']
19. Demon Slayer: Kimetsu No Yaiba Infinity Castle,2025,2h 35m,R,8.4,75K,67.0,"The Demon Slayer Corps are drawn into the Infinity Castle, where Tanjiro and the Hashira face terrifying Upper Rank demons in a desperate fight as the final battle against Muzan Kibutsuji begins.",https://www.imdb.com/title/tt32820897/?ref_=sr_i_19,"['Koyoharu Gotouge', 'Hikaru Kondô']","['Hikaru Kondô', 'Haruo Sotozaki']","['Zach Aguilar', 'Saeko Akiho', 'Yôhei Azakami', 'Ryan Bartley', 'Johnny Yong Bosch', 'Kira Buckland', 'Griffin Burns', 'Christine Marie Cabanos', 'Nobutoshi Canna', 'Brook Chalmers']","$20,000,000 (estimated)","$70,611,098","$793,593,024","$136,950,340","September 12, 2025","['Japan', 'United States']","['Shinjuku, Tokyo, Japan (Studio)']","['Aniplex', 'Crunchyroll', 'Shueisha']","Awards, 12 wins & 9 nominations total","['Japanese', 'Adult Animation', 'Anime', 'Dark Fantasy', 'Hand-Drawn Animation', 'Shōnen', 'Supernatural Fantasy', 'Sword & Sorcery', 'Action', 'Adventure']",['Japanese']
20. Five Nights at Freddy's 2,2025,1h 44m,PG-13,5.1,43K,26.0,"One year after the supernatural nightmare at Freddy Fazbear's Pizza, Abby runs away to reconnect with her animatronic friends, uncovering dark secrets about the true origins of Freddy's and unleashing a horror hidden for decades.",https://www.imdb.com/title/tt30274401/?ref_=sr_i_20,['Scott Cawthon'],['Emma Tammi'],"['Josh Hutcherson', 'Piper Rubio', 'Elizabeth Lail', 'Matthew Lillard', 'Freddy Carter', 'Wayne Knight', 'Mckenna Grace', 'David Andrew Calvillo', 'Teo Briones', 'Audrey Lynn-Marie']","$51,000,000 (estimated)","$64,007,430","$238,569,800","$127,730,290","December 5, 2025","['United States', 'Canada']","['New Orleans, Louisiana, USA']","['Universal Pictures', 'Blumhouse Productions', 'Scott Cawthon Productions']","Awards, 2 nominations total","['Supernatural Horror', 'Horror', 'Mystery', 'Thriller']",['English']
21. The Housemaid,2025,2h 11m,R,6.7,172K,65.0,"Millie a struggling young woman becomes live in maid for a wealthy couple Nina and Andrew. She enters a mansion of secrets, manipulation, and escalating psychological games that pull her into a dangerous relationship dynamic.",https://www.imdb.com/title/tt27543632/?ref_=sr_i_21,"['Rebecca Sonnenshine', 'Freida McFadden']",['Paul Feig'],"['Sydney Sweeney', 'Amanda Seyfried', 'Brandon Sklenar', 'Peter Colandro', 'Don DiPetta', 'Lamar Baucom-Slaughter', 'Michele Morrone', 'Indiana Elle', 'Sarah Cooper', 'Kathy Costa McKeown']","$35,000,000 (estimated)","$19,010,430","$400,530,884","$126,432,462","December 19, 2025",['United States'],"['Saint Elizabeth University, Morristown, New Jersey, USA']","['Lionsgate', 'Media Capital Technologies', 'Hidden Pictures']","Awards, 1 win & 11 nominations total","['Erotic Thriller', 'Psychological Drama', 'Psychological Thriller', 'Suspense Mystery', 'Drama', 'Mystery', 'Thriller']","['English', 'Italian']"
22. Dog Man,2025,1h 29m,PG,6.3,14K,66.0,"After a policeman and his police dog are fused together to turn into Dog Man, he must stop the villainous Petey the Cat from cloning himself and creating an evil kitten, doubling his evil abilities.",https://www.imdb.com/title/tt10954718/?ref_=sr_i_22,"['Peter Hastings', 'Dav Pilkey']",['Peter Hastings'],"['Pete Davidson', 'Poppy Liu', 'Lil Rel Howery', 'Isla Fisher', 'Billy Boyd', 'Rahnuma Panthaky', 'Maggie Wheeler', 'Peter Hastings', 'Luenell', 'Melissa Villaseñor']","$40,000,000 (estimated)","$36,001,940","$146,076,772","$97,970,355","January 31, 2025",['United States'],,"['DreamWorks Animation', 'Dentsu']","Awards, 1 win & 7 nominations total","['Animal Adventure', 'Computer Animation', 'Quirky Comedy', 'Superhero', 'Action', 'Adventure', 'Animation', 'Comedy', 'Crime', 'Family']",['English']
23. Marty Supreme,2025,2h 29m,R,7.6,198K,89.0,"Marty Mauser, a young man with a dream no one respects, goes to hell and back in pursuit of greatness.",https://www.imdb.com/title/tt32916440/?ref_=sr_i_23,"['Ronald Bronstein', 'Josh Safdie']",['Josh Safdie'],"['Timothée Chalamet', 'Gwyneth Paltrow', ""Odessa A'zion"", ""Larry 'Ratso' Sloman"", 'Mariann Tepedino', 'Ralph Colucci', 'Devorah Shubowitz', 'Tyler the Creator', 'George Gervin', 'Luke Manley']","$65,000,000 (estimated)","$863,097","$191,886,340","$96,040,064","December 25, 2025","['United States', 'Finland']","['Hancock, New York, USA']","['A24', 'Central Group', 'Central Pictures']","Nominated for 9 Oscars, 43 wins & 298 nominations total","['Dark Comedy', 'Epic', 'Period Drama', 'Psychological Drama', 'Comedy', 'Drama', 'Sport']","['English', 'Japanese', 'French', 'Bosnian']"
24. Freakier Friday,2025,1h 50m,PG,6.2,40K,60.0,"22 years after Tess and Anna endured an identity crisis, Anna now has a daughter and a soon-to-be stepdaughter. As they navigate the challenges that come when two families merge, Tess and Anna discover that lightning might strike twice.",https://www.imdb.com/title/tt31956415/?ref_=sr_i_24,"['Jordan Weiss', 'Elyse Hollander', 'Mary Rodgers']",['Nisha Ganatra'],"['Jamie Lee Curtis', 'Lindsay Lohan', 'Julia Butters', 'Sophia Hammons', 'Mark Harmon', 'Manny Jacinto', 'Maitreyi Ramakrishnan', 'Christina Vidal', 'Haley Hudson', 'Chad Michael Murray']","$42,000,000 (estimated)","$28,583,167","$153,176,952","$94,186,236","August 8, 2025",['United States'],"['Los Angeles, California, USA']","['Walt Disney Pictures', 'Gunn Films', 'Burr! Productions']","Awards, 4 nominations total","['Body Swap Comedy', 'Comedy', 'Family', 'Fantasy']",['English']
25. Predator: Badlands,2025,1h 47m,PG-13,7.2,160K,71.0,A young Predator outcast from his clan finds an unlikely ally on his journey in search of the ultimate adversary.,https://www.imdb.com/title/tt31227572/?ref_=sr_i_25,"['Patrick Aison', 'Dan Trachtenberg', 'Jim Thomas']",['Dan Trachtenberg'],"['Elle Fanning', 'Dimitrius Schuster-Koloamatangi', 'Ravi Narayan', 'Chris Terhune', 'Michael Homik', 'Stefan Grube', 'Reuben de Jong', 'Cameron Brown', 'Alison Wright', 'Matt Duffer']","$105,000,000 (estimated)","$40,016,853","$184,561,056","$91,083,631","November 7, 2025","['United States', 'Australia', 'New Zealand', 'Canada', 'Germany']","['Rotorua, New Zealand']","['20th Century Studios', 'Davis Entertainment', 'Toberoff Productions']","Awards, 5 wins & 25 nominations total","['Predator', 'Action Epic', 'Adventure Epic', 'Alien Invasion', 'Sci-Fi Epic', 'Action', 'Adventure', 'Sci-Fi', 'Thriller']",['English']
26. Snow White,2025,1h 49m,PG,2.2,397K,50.0,A princess joins forces with seven dwarfs and a group of rebels to liberate her kingdom from her cruel stepmother the Evil Queen.,https://www.imdb.com/title/tt6208148/?ref_=sr_i_26,"['Erin Cressida Wilson', 'Jacob Grimm', 'Wilhelm Grimm']",['Marc Webb'],"['Rachel Zegler', 'Emilia Faucher', 'Gal Gadot', 'Andrew Burnap', 'Andrew Barth Feldman', 'Tituss Burgess', 'Martin Klebba', 'Jason Kravits', 'George Salazar', 'Jeremy Swift']","$250,000,000 (estimated)","$42,206,415","$205,679,463","$87,203,963","March 21, 2025",['United States'],"['Pinewood Studios, Iver Heath, Buckinghamshire, England, UK']","['Walt Disney Pictures', 'Marc Platt Productions']","Awards, 2 wins & 9 nominations total","['Fairy Tale', 'Feel-Good Romance', 'Adventure', 'Family', 'Fantasy', 'Musical', 'Romance']","['English', 'Italian', 'Turkish']"
27. The Bad Guys 2,2025,1h 44m,PG,7.0,30K,64.0,"The Bad Guys are struggling to find trust and acceptance in their newly minted lives as Good Guys, when they are pulled out of retirement and forced to do ""one last job"" by an all-female squad of criminals.",https://www.imdb.com/title/tt30017619/?ref_=sr_i_27,"['Yoni Brenner', 'Etan Cohen', 'Aaron Blabey']","['Pierre Perifel', 'JP Sans']","['Sam Rockwell', 'Marc Maron', 'Awkwafina', 'Joey Naber', 'Omid Djalili', 'Monia Ayachi', 'Jaylen Moore', 'Craig Robinson', 'Anthony Batarse', 'Anthony Ramos']","$80,000,000 (estimated)","$21,995,715","$239,753,615","$82,593,605","August 1, 2025",['United States'],,"['Universal Pictures', 'DreamWorks Animation', 'Scholastic Entertainment']","Awards, 3 wins & 22 nominations total","['Animal Adventure', 'Car Action', 'Computer Animation', 'Heist', 'Action', 'Adventure', 'Animation', 'Comedy', 'Crime', 'Family']",['English']
28. David,2025,1h 49m,PG,6.8,6.7K,55.0,"From his mother's songs to his clash with Goliath, David's journey from humble shepherd to anointed king tests the limits of faith, courage, and love--culminating in a battle for the soul of a kingdom.",https://www.imdb.com/title/tt15678738/?ref_=sr_i_28,"['Brent Dawes', 'Kyle Portbury', 'Sam Wilson']","['Phil Cunningham', 'Brent Dawes']","['Brandon Engman', 'Brian Stivale', 'Shahar Tavoch', 'Aaron Tavaler', 'Hector', 'Miri Mesika', 'Jack Wagman', 'Jonathan Shaboo', 'Sloan Lucas Muldown', 'Mike Ciporkin']",,"$22,000,555","$88,344,394","$80,382,774","December 19, 2025","['South Africa', 'United States']",,"['2521 Entertainment', 'Angel', 'Slingshot Productions']","Awards, 1 nomination total","['Computer Animation', 'Adventure', 'Animation', 'Drama', 'Family', 'Musical']",['English']
29. Black Phone 2,2025,1h 54m,R,6.0,66K,61.0,"As Finn, now 17, struggles with life after his captivity, his sister begins receiving calls in her dreams from the black phone and seeing disturbing visions of three boys being stalked at a winter camp known as Alpine Lake.",https://www.imdb.com/title/tt29644189/?ref_=sr_i_29,"['Joe Hill', 'Scott Derrickson', 'C. Robert Cargill']",['Scott Derrickson'],"['Ethan Hawke', 'Mason Thames', 'Madeleine McGraw', 'Demián Bichir', 'Miguel Mora', 'Jeremy Davies', 'Arianna Rivas', 'Maev Beaty', 'Graham Abbey', 'James Ransone']","$30,000,000 (estimated)","$27,332,040","$132,248,152","$77,378,880","October 17, 2025","['United States', 'Canada']","['Toronto, Ontario, Canada']","['Blumhouse Productions', 'Crooked Highway', 'Divide/Conquer']","Awards, 8 nominations total","['Psychological Horror', 'Supernatural Horror', 'Horror']","['English', 'Spanish']"
30. Tron: Ares,2025,1h 59m,PG-13,6.1,83K,48.0,"A highly sophisticated program, Ares, is sent from the digital world into the real world on a dangerous mission.",https://www.imdb.com/title/tt6604188/?ref_=sr_i_30,"['Jesse Wigutow', 'David DiGilio', 'Steven Lisberger']",['Joachim Rønning'],"['Jared Leto', 'Greta Lee', 'Jeff Bridges', 'Evan Peters', 'Jodie Turner-Smith', 'Gillian Anderson', 'Hasan Minhaj', 'Arturo Castro', 'Cameron Monaghan', 'Sarah Desjardins']","$220,000,000 (estimated)","$33,241,433","$142,249,983","$73,161,014","October 10, 2025","['United States', 'Canada', 'New Zealand']","['Vancouver, British Columbia, Canada']","['Walt Disney Pictures', 'Canadian Film or Video Production Tax Credit (CPTC)', 'Canadian Film or Video Production Tax Credit (CPTC)']","Awards, 5 wins & 21 nominations total","['Action Epic', 'Adventure Epic', 'Artificial Intelligence', 'Cyberpunk', 'Sci-Fi Epic', 'Action', 'Adventure', 'Sci-Fi']",['English']
31. Elio,2025,1h 38m,PG,6.6,47K,66.0,"Elio, a space fanatic with an active imagination, finds himself on a cosmic misadventure where he must form new bonds with alien lifeforms, navigate a crisis of intergalactic proportions and somehow discover who he is truly meant to be.",https://www.imdb.com/title/tt4900148/?ref_=sr_i_31,"['Julia Cho', 'Mark Hammer', 'Mike Jones']","['Adrian Molina', 'Madeline Sharafian', 'Domee Shi']","['Yonas Kibreab', 'Zoe Saldaña', 'Remy Edgerly', 'Brandon Moon', 'Brad Garrett', 'Jameela Jamil', 'Young Dylan', 'Jake Getman', 'Matthias Schweighöfer', 'Ana de la Reguera']","$150,000,000 (estimated)","$20,840,667","$154,291,182","$72,987,454","June 20, 2025",['United States'],['Italy (location)'],"['Walt Disney Pictures', 'Pixar Animation Studios']","Nominated for 1 Oscar, 1 win & 48 nominations total","['Alien Invasion', 'Computer Animation', 'Space Sci-Fi', 'Adventure', 'Animation', 'Comedy', 'Drama', 'Family', 'Fantasy', 'Sci-Fi']","['English', 'Spanish', 'French', 'Serbian', 'Dutch', 'Hindi', 'Japanese', 'Italian']"
32. One Battle After Another,2025,2h 41m,R,7.6,425K,95.0,"When their enemy resurfaces after 16 years, a group of ex-revolutionaries reunite to rescue the daughter of one of their own.",https://www.imdb.com/title/tt30144839/?ref_=sr_i_32,"['Paul Thomas Anderson', 'Thomas Pynchon']",['Paul Thomas Anderson'],"['Leonardo DiCaprio', 'Sean Penn', 'Benicio Del Toro', 'Teyana Taylor', 'Regina Hall', 'Wood Harris', 'Alana Haim', 'Shayna McHayle', 'Paul Grimstad', 'Dijon']","$130,000,000 (estimated)","$22,000,387","$213,121,406","$72,918,884","September 26, 2025",['United States'],"[""Murphy's Market - 4020 Walnut Drive, Eureka, California, USA""]","['Ghoulardi Film Company', 'Warner Bros.', 'Domain Entertainment (II)']","Won 6 Oscars, 287 wins & 506 nominations total","['Dark Comedy', 'Epic', 'Political Thriller', 'Crime', 'Thriller']","['English', 'Spanish']"
33. The SpongeBob Movie: Search for SquarePants,2025,1h 28m,PG,5.7,9K,65.0,"Desperate to be a big guy, SpongeBob sets out to prove his bravery to Mr. Krabs by following the Flying Dutchman, a mysterious swashbuckling ghost pirate, to the deepest depths of the deep sea.",https://www.imdb.com/title/tt23572848/?ref_=sr_i_33,"['Pam Brady', 'Matt Lieberman', 'Marc Ceccarelli']",['Derek Drymon'],"['Tom Kenny', 'Clancy Brown', 'Rodger Bumpass', 'Bill Fagerbakke', 'Carolyn Lawrence', 'Mr. Lawrence', 'George Lopez', 'Ice Spice', 'Arturo Castro', 'Sherry Cola']","$64,000,000 (estimated)","$15,611,344","$169,269,936","$71,068,170","February 17, 2026",['United States'],,"['Paramount Animation', 'Nickelodeon Movies', 'Domain Entertainment (II)']","Awards, 4 nominations total","['SpongeBob SquarePants', 'Animal Adventure', 'Buddy Comedy', 'Computer Animation', 'Sea Adventure', 'Slapstick', 'Supernatural Fantasy', 'Swashbuckler', 'Adventure', 'Animation']",['English']
34. 28 Years Later,2025,1h 55m,R,6.6,221K,77.0,"A group of survivors of the rage virus live on a small island. When one of the group leaves the island on a mission into the mainland, he discovers secrets, wonders, and horrors that have mutated not only the infected but other survivors.",https://www.imdb.com/title/tt10548174/?ref_=sr_i_34,['Alex Garland'],['Danny Boyle'],"['Jodie Comer', 'Aaron Taylor-Johnson', 'Ralph Fiennes', 'Rocco Haynes', 'Haley Flaherty', 'Harriet Taylor', 'Hannah Allan-Robertson', 'Annabelle Graham', 'Olivia Morley', 'Theadora Rawlings']","$60,000,000 (estimated)","$30,002,966","$151,329,249","$70,446,897","June 20, 2025","['United Kingdom', 'Canada', 'United States']","['Holy Island of Lindisfarne, Berwick-upon-Tweed, Northumberland, England, UK']","['Sony', 'Columbia Pictures', 'Sony']","Nominated for 1 BAFTA Award, 7 wins & 63 nominations total","['Body Horror', 'Monster Horror', 'Survival', 'Zombie Horror', 'Horror', 'Sci-Fi', 'Thriller']","['English', 'Swedish']"
35. The Accountant 2,2025,2h 12m,R,6.6,133K,58.0,Christian Wolff applies his brilliant mind and illegal methods to reconstruct the unsolved puzzle of a Treasury chief's murder.,https://www.imdb.com/title/tt7068946/?ref_=sr_i_35,['Bill Dubuque'],"[""Gavin O'Connor""]","['Ben Affleck', 'Jon Bernthal', 'Cynthia Addai-Robinson', 'J.K. Simmons', 'Allison Robertson', 'Alison Wright', 'Daniella Pineda', 'Robert Morgan', 'Grant Harvey', 'Andrew Howard']","$80,000,000 (estimated)","$24,533,959","$103,323,366","$65,523,366","April 25, 2025",['United States'],"['Cowboy Palace Saloon - 21635 Devonshire St, Chatsworth, Los Angeles, California, USA (Honky Tonk bar scene.)']","['Amazon MGM Studios', 'Artists Equity', '51 Entertainment']","Awards, 1 win & 6 nominations total","['Suspense Mystery', 'Whodunnit', 'Action', 'Crime', 'Drama', 'Mystery', 'Thriller']","['English', 'Spanish', 'Korean', 'German', 'Russian']"
36. Anaconda,2025,1h 39m,PG-13,5.5,68K,43.0,A group of friends are going through a mid-life crisis. They decide to remake a favorite movie from their youth but encounter unexpected events when they enter the jungle.,https://www.imdb.com/title/tt33244668/?ref_=sr_i_36,"['Tom Gormican', 'Kevin Etten', 'Hans Bauer']",['Tom Gormican'],"['Jack Black', 'Paul Rudd', 'Steve Zahn', 'Thandiwe Newton', 'Daniela Melchior', 'Selton Mello', 'Ice Cube', 'Ione Skye', 'Rui Ricardo Diaz', 'John Billingsley']","$45,000,000 (estimated)","$14,502,218","$135,390,406","$65,098,148","December 25, 2025",['United States'],"['Village Roadshow Studios, Oxenford, Queensland, Australia']","['Columbia Pictures', 'Fully Formed Entertainment', 'TSG Entertainment']","Awards, 1 win total","['Jungle Adventure', 'Action', 'Adventure', 'Comedy']","['English', 'Portuguese']"
37. Now You See Me: Now You Don't,2025,1h 53m,PG-13,5.9,73K,50.0,The Four Horsemen reunite and team up with a new generation of young illusionists to expose a diamond heiress's global money laundering scheme for criminals.,https://www.imdb.com/title/tt4712810/?ref_=sr_i_37,"['Michael Lesslie', 'Paul Wernick', 'Rhett Reese']",['Ruben Fleischer'],"['Jesse Eisenberg', 'Woody Harrelson', 'Dave Franco', 'Isla Fisher', 'Andrew Santino', 'Henry Fisher', 'Ben Seidman', 'Ariana Greenblatt', 'Lyssandra Skye Arias', 'Dominic Sessa']","$90,000,000 (estimated)","$21,013,793","$246,602,999","$61,882,396","November 14, 2025","['United States', 'United Arab Emirates', 'Canada', 'Hungary']",['Belgium (Exterior)'],"['Abu Dhabi Film Commission', 'Hungary Film Commision', 'Lionsgate']","Awards, 3 nominations total","['Caper', 'Heist', 'Crime', 'Thriller']","['English', 'French']"
38. The King of Kings,2025,1h 43m,PG,6.8,8.5K,42.0,"Through a father's vivid storytelling, a boy journeys through Jesus' life, from humble beginnings to ultimate sacrifice. Along the way, he discovers the transformative power of faith.",https://www.imdb.com/title/tt7967302/?ref_=sr_i_38,"['Seong-ho Jang', 'Rob Edwards', 'Jamie Thomason']",['Seong-ho Jang'],"['Kenneth Branagh', 'Uma Thurman', 'Mark Hamill', 'Pierce Brosnan', 'Roman Griffin Davis', 'Forest Whitaker', 'Ben Kingsley', 'Oscar Isaac', 'Ava Sanger', 'Frank Todaro']","$20,000,000 (estimated)","$19,371,296","$83,612,781","$60,270,106","April 11, 2025","['United States', 'South Korea']",,['Mofac Studios'],"Awards, 7 wins & 3 nominations total","['Computer Animation', 'Animation', 'Biography', 'Family', 'Fantasy']",['English']
39. Ballerina,2025,2h 4m,R,6.8,158K,59.0,An assassin trained in the traditions of the Ruska Roma organization sets out to seek revenge after her father's death.,https://www.imdb.com/title/tt7181546/?ref_=sr_i_39,"['Shay Hatten', 'Derek Kolstad']",['Len Wiseman'],"['Ana de Armas', 'Keanu Reeves', 'Ian McShane', 'Anjelica Huston', 'Gabriel Byrne', 'Catalina Sandino Moreno', 'Ava Joyce McCarthy', 'Juliet Doherty', 'Norman Reedus', 'Lance Reddick']","$90,000,000 (estimated)","$24,501,663","$140,201,236","$58,051,327","June 6, 2025","['United States', 'Hungary']","['Hallstatt, Austria']","['Lionsgate', 'Thunder Road Pictures', '87Eleven Entertainment']","Awards, 2 wins & 23 nominations total","['John Wick', 'Gun Fu', 'Martial Arts', 'One-Person Army Action', 'Action', 'Adventure', 'Crime', 'Drama', 'Thriller']","['English', 'Russian', 'Spanish', 'German']"
40. The Naked Gun,2025,1h 25m,PG-13,6.3,131K,75.0,"Following in his father's footsteps, a detective works to solve a murder case and save his police department from closure.",https://www.imdb.com/title/tt3402138/?ref_=sr_i_40,"['Dan Gregor', 'Doug Mand', 'Akiva Schaffer']",['Akiva Schaffer'],"['Liam Neeson', 'Pamela Anderson', 'Paul Walter Hauser', 'Danny Huston', 'CCH Pounder', 'Kevin Durand', 'Liza Koshy', 'Eddie Yu', 'Michael Beasley', 'Moses Jones']","$42,000,000 (estimated)","$16,805,560","$102,147,396","$52,647,396","August 1, 2025","['United States', 'Canada']","['Martin Luther King Jr Federal Building, Atlanta, Georgia, USA (As Los Angeles. Police Squad HQ Exteriors.)']","['Paramount Pictures', 'Domain Entertainment (II)', 'Fuzzy Door Productions']","Awards, 5 wins & 17 nominations total","['Bumbling Detective', 'Parody', 'Satire', 'Slapstick', 'Action', 'Comedy', 'Crime']",['English']
41. Karate Kid: Legends,2025,1h 34m,PG-13,6.3,49K,51.0,"After kung fu prodigy Li Fong relocates to New York City, he attracts unwanted attention from a local karate champion and embarks on a journey to enter the ultimate karate competition with the help of Mr. Han and Daniel LaRusso.",https://www.imdb.com/title/tt1674782/?ref_=sr_i_41,"['Rob Lieber', 'Robert Mark Kamen']",['Jonathan Entwistle'],"['Jackie Chan', 'Ben Wang', 'Joshua Jackson', 'Sadie Stanley', 'Ming-Na Wen', 'Wyatt Oleff', 'Aramis Knight', 'Ralph Macchio', 'Olivia Yang Avis', 'Aaron Wang']","$45,000,000 (estimated)","$20,302,016","$117,105,466","$52,547,391","May 30, 2025","['United States', 'Canada']","['Montréal, Québec, Canada']","['Columbia Pictures', 'Sunswept Entertainment', 'Georgia Department of Economic Development']","Awards, 1 win & 1 nomination total","['Coming-of-Age', 'Martial Arts', 'Teen Drama', 'Action', 'Drama', 'Family', 'Sport']","['English', 'Mandarin']"
42. One of Them Days,2025,1h 37m,R,6.5,20K,73.0,"When best friends and roommates Dreux and Alyssa discover Alyssa's boyfriend has blown their rent money, the duo finds themselves going to extremes in a race against the clock to avoid eviction and keep their friendship intact.",https://www.imdb.com/title/tt32221196/?ref_=sr_i_42,['Syreeta Singleton'],['Lawrence Lamont'],"['Keke Palmer', 'SZA', 'Vanessa Bell Calloway', 'Lil Rel Howery', 'Katt Williams', 'Maude Apatow', 'Patrick Cage', 'Gabrielle Dennis', 'Janelle James', 'Amin Joseph']","$14,000,000 (estimated)","$11,807,731","$51,896,264","$50,054,690","January 17, 2025",['United States'],"[""4044 Gelber Place, Los Angeles, California, USA (Dreux and Alyssa's apartment complex)""]","['Big Boss Entertainment', 'Color Creative Television', 'ColorCreative']","Awards, 3 wins & 20 nominations total","['Buddy Comedy', 'Comedy']",['English']
43. Regretting You,2025,1h 56m,PG-13,6.0,23K,33.0,"A mother and daughter must grapple with what's left after a devastating accident reveals a shocking betrayal and forces them to confront family secrets, redefine love, and rediscover themselves.",https://www.imdb.com/title/tt33088452/?ref_=sr_i_43,"['Susan McMartin', 'Colleen Hoover']",['Josh Boone'],"['Allison Williams', 'Mckenna Grace', 'Dave Franco', 'Mason Thames', 'Scott Eastwood', 'Willa Fitzgerald', 'Clancy Brown', 'Sam Morelos', 'Ethan Costanilla', 'Luke Pierre Roness']","$25,000,000 (estimated)","$13,687,530","$90,452,948","$48,852,948","October 24, 2025","['United States', 'Germany']","['Atlanta, Georgia, USA']","['Constantin Film', 'Domain Entertainment (II)', 'north.five.six.']","Awards, 1 nomination total","['Romantic Comedy', 'Drama', 'Romance']","['English', 'French']"
44. Mickey 17,2025,2h 17m,R,6.7,254K,72.0,"During a human expedition to colonize space, Mickey 17, a so-called ""expendable"" employee, is sent to explore an ice planet.",https://www.imdb.com/title/tt12299608/?ref_=sr_i_44,"['Bong Joon Ho', 'Edward Ashton']",['Bong Joon Ho'],"['Robert Pattinson', 'Steven Yeun', 'Michael Monroe', 'Patsy Ferran', 'Cameron Britton', 'Christian Patterson', 'Lloyd Hutchinson', 'Samuel Blenkin', 'Ian Hanmore', 'Sabet Choudhury']","$118,000,000 (estimated)","$19,002,852","$133,542,263","$46,142,263","March 7, 2025","['United States', 'South Korea']","['Warner Bros. Studios Leavesden, Warner Drive, Leavesden, Watford, Hertfordshire, England, UK']","['Warner Bros.', 'Plan B Entertainment', 'Offscreen']","Awards, 3 wins & 20 nominations total","['Alien Invasion', 'Dark Comedy', 'Satire', 'Space Sci-Fi', 'Adventure', 'Comedy', 'Fantasy', 'Sci-Fi']",['English']
45. Downton Abbey: The Grand Finale,2025,2h 3m,PG,7.3,19K,66.0,"When Mary finds herself in a public scandal and the family faces financial trouble, the household grapples with the threat of social disgrace. The Crawleys must embrace change with the next generation leading Downton Abbey into the future.",https://www.imdb.com/title/tt31888477/?ref_=sr_i_45,['Julian Fellowes'],['Simon Curtis'],"['Marilyn Cutts', 'Dominic West', 'Lorna Nickson Brown', 'Daisy May', 'Sophie Colquhoun', 'Hugh Bonneville', 'Elizabeth McGovern', 'Laura Carmichael', 'Harry Hadden-Paton', 'Raquel Cassidy']",,"$18,107,405","$107,929,546","$44,996,590","September 12, 2025","['United Kingdom', 'United States']",,"['Focus Features', 'Carnival Film & Television']","Awards, 1 win & 7 nominations total","['Period Drama', 'Drama']",['English']
46. Chainsaw Man - The Movie: Reze Arc,2025,1h 40m,R,8.3,62K,71.0,"A direct sequel to the first season of the series ""Chainsaw Man"", featuring Denji, a young man who co-exists with a chainsaw demon. Denji encounters a new romantic interest, but will his involvement place them both in danger?",https://www.imdb.com/title/tt30472557/?ref_=sr_i_46,"['Tatsuki Fujimoto', 'Hiroshi Seko']",['Tatsuya Yoshihara'],"['Kikunosuke Toya', 'Shiori Izawa', 'Tomori Kusunoki', 'Shôgo Sakata', 'Natsuki Hanae', 'Maaya Uchida', 'Karin Takahashi', 'Yûya Uchida', 'Ai Fairouz', 'Kenjiro Tsuda']",,"$18,030,883","$162,440,471","$43,438,461","October 24, 2025",['Japan'],,"['Mappa', 'Shueisha']","Awards, 2 wins & 17 nominations total","['Japanese', 'Adult Animation', 'Anime', 'Dark Comedy', 'Dark Fantasy', 'Dark Romance', 'Hand-Drawn Animation', 'Shōnen', 'Supernatural Fantasy', 'Teen Fantasy']",['Japanese']
47. The Amateur,2025,2h 2m,PG-13,6.5,99K,52.0,"When his supervisors at the CIA refuse to take action after his wife is killed in a London terrorist attack, a decoder takes matters into his own hands.",https://www.imdb.com/title/tt0899043/?ref_=sr_i_47,"['Robert Littell', 'Ken Nolan', 'Gary Spinelli']",['James Hawes'],"['Rami Malek', 'Rachel Brosnahan', 'Jon Bernthal', 'Evan Milton', 'Nick Mills', 'Tiffany Gray', 'Adrian Martinez', 'Kate Sumpter', 'David Mills', 'Anita Anand']","$60,000,000 (estimated)","$14,802,849","$96,000,836","$40,759,635","April 11, 2025",['United States'],['Turkey'],"['20th Century Studios', 'Hutch Parker Entertainment', 'Joel B. Michaels Productions']","Awards, 1 win total","['Spy', 'Action', 'Thriller']",['English']
48. The Monkey,2025,1h 38m,R,5.9,95K,62.0,"When twin brothers Bill and Hal find their father's old monkey toy in the attic, a series of gruesome deaths start. The siblings decide to throw the toy away and move on with their lives, growing apart over the years.",https://www.imdb.com/title/tt27714946/?ref_=sr_i_48,"['Osgood Perkins', 'Stephen King']",['Osgood Perkins'],"['Theo James', 'Tatiana Maslany', 'Christian Convery', ""Colin O'Brien"", 'Adam Scott', 'Elijah Wood', 'Rohan Campbell', 'Sarah Levy', 'Osgood Perkins', 'Tess Degenstein']","$10,000,000 (estimated)","$14,014,649","$68,871,071","$39,724,909","February 21, 2025","['United States', 'United Kingdom', 'Canada']","['Vancouver, British Columbia, Canada']","['Neon', 'C2 Motion Picture Group', 'Stars Collective Films Entertainment Group']","Awards, 4 wins & 10 nominations total","['Body Horror', 'Dark Comedy', 'Folk Horror', 'Monster Horror', 'Psychological Horror', 'Splatter Horror', 'Supernatural Horror', 'Horror']",['English']
49. Song Sung Blue,2025,2h 12m,PG-13,7.3,29K,61.0,"Lightning and Thunder, a Milwaukee husband and wife Neil Diamond tribute act, experience soaring success and devastating heartbreak in their musical journey together.",https://www.imdb.com/title/tt30343021/?ref_=sr_i_49,"['Craig Brewer', 'Greg Kohs']",['Craig Brewer'],"['Hugh Jackman', 'Kate Hudson', 'Ella Anderson', 'Hudson Hensley', 'King Princess', 'Michael Imperioli', 'Fisher Stevens', 'Jim Belushi', 'Mustafa Shakir', 'John Beckwith']","$30,000,000 (estimated)","$7,073,630","$58,290,126","$39,185,290","December 25, 2025",['United States'],"['Denville, New Jersey, USA']","['Focus Features', 'Davis Entertainment']","Nominated for 1 Oscar, 5 wins & 14 nominations total","['Docudrama', 'Pop Musical', 'Tragedy', 'Biography', 'Drama', 'History', 'Music', 'Musical', 'Romance']","['English', 'Thai']"
50. The Running Man,2025,2h 13m,R,6.4,115K,56.0,"A man joins a game show in which contestants, allowed to flee anywhere in the world, are pursued by ""hunters"" hired to kill them.",https://www.imdb.com/title/tt14107334/?ref_=sr_i_50,"['Stephen King', 'Michael Bacall', 'Edgar Wright']",['Edgar Wright'],"['Glen Powell', 'Alyssa Benn', 'Sienna Benn', 'David Zayas', 'Greg Townley', 'Karl Glusman', 'Joey Ansah', 'James Frecheville', 'Alex Hoeffler', 'Lee Pace']","$110,000,000 (estimated)","$16,495,564","$69,486,523","$37,815,641","November 14, 2025","['United Kingdom', 'United States']",['Bulgaria'],"['Paramount Pictures', 'Domain Entertainment (II)', 'Genre Films']","Awards, 1 win & 9 nominations total","['Conspiracy Thriller', 'Dark Comedy', 'Dystopian Sci-Fi', 'One-Person Army Action', 'Political Thriller', 'Survival', 'Action', 'Adventure', 'Sci-Fi', 'Thriller']",['English']
51. A Working Man,2025,1h 56m,R,5.7,79K,52.0,"Levon Cade left his profession behind to work construction and be a good dad to his daughter. But when a local girl vanishes, he's asked to return to the skills that made him a mythic figure in the shadowy world of counter-terrorism.",https://www.imdb.com/title/tt9150192/?ref_=sr_i_51,"['Chuck Dixon', 'Sylvester Stallone', 'David Ayer']",['David Ayer'],"['Jason Statham', 'Jason Flemyng', 'Merab Ninidze', 'Maximilian Osinski', 'Cokey Falkow', 'Michael Peña', 'David Harbour', 'Noemi Gonzalez', 'Arianna Rivas', 'Isla Gie']","$40,000,000 (estimated)","$15,510,312","$89,400,711","$37,000,711","March 28, 2025","['United Kingdom', 'United States']","['Chicago, Illinois, USA (Outdoor Scenes)']","['Amazon MGM Studios', 'Black Bear', 'Eastern Film']","Awards, 1 win total","['Conspiracy Thriller', 'One-Person Army Action', 'Action', 'Thriller']","['English', 'Russian', 'Spanish']"
52. Materialists,2025,1h 56m,R,6.2,103K,70.0,An ambitious young New York City matchmaker finds herself torn between the perfect match and her imperfect ex.,https://www.imdb.com/title/tt30253473/?ref_=sr_i_52,['Celine Song'],['Celine Song'],"['Dakota Johnson', 'Chris Evans', 'Pedro Pascal', 'Zoë Winters', 'Marin Ireland', 'Dasha Nekrasova', 'Emmy Wheeler', 'Louisa Jacobson', 'Eddie Cahill', 'Sawyer Spielberg']","$20,000,000 (estimated)","$11,338,642","$107,949,056","$36,521,973","June 13, 2025","['United States', 'Finland', 'United Kingdom']","['Crested Hen Farms - 607 County Route 6, High Falls, New York, USA (The outdoor wedding scene at the barn outside of New York City.)']","['A24', '2AM', 'Killer Films']","Awards, 1 win & 12 nominations total","['Romantic Comedy', 'Comedy', 'Drama', 'Romance']","['English', 'Spanish', 'Russian']"
53. Den of Thieves: Pantera,2025,2h 24m,R,6.3,45K,60.0,"Big Nick is back on the hunt in Europe and closing in on Donnie, who is embroiled in the treacherous world of diamond thieves and the infamous Panther mafia, as they plot a massive heist of the world's largest diamond exchange.",https://www.imdb.com/title/tt8008948/?ref_=sr_i_53,"['Christian Gudegast', 'Paul T. Scheuring']",['Christian Gudegast'],"['Gerard Butler', ""O'Shea Jackson Jr."", 'Evin Ahmad', 'Salvatore Esposito', 'Orli Shuka', 'Stéphane Coulon', 'Cristian Solimeno', 'Nazmiye Oral', 'Mark Grosy', 'Joshua Gabriel Liège']","$40,000,000 (estimated)","$15,022,909","$58,371,508","$36,015,016","January 10, 2025","['United States', 'Canada', 'Spain']","['Tenerife, Canary Islands, Spain']","['Atmosphere Entertainment MM', 'Diamond Film Productions', 'Eone Entertainment']","Awards, 1 nomination total","['Caper', 'Heist', 'Action', 'Crime', 'Drama', 'Thriller']","['English', 'French', 'Serbian', 'Sardinian']"
54. The Long Walk,2025,1h 48m,R,6.7,129K,71.0,"A group of teenage boys compete in an annual contest known as ""The Long Walk,"" in which they must maintain a certain walking speed or get shot.",https://www.imdb.com/title/tt10374610/?ref_=sr_i_54,"['JT Mollner', 'Stephen King']",['Francis Lawrence'],"['Cooper Hoffman', 'David Jonsson', 'Garrett Wareing', 'Tut Nyuot', 'Charlie Plummer', 'Ben Wang', 'Jordan Gonzalez', 'Joshua Odjick', 'Mark Hamill', 'Roman Griffin Davis']","$20,000,000 (estimated)","$11,703,621","$63,249,525","$35,163,573","September 12, 2025","['United States', 'Canada']","['Garson, Manitoba, Canada']","['Lionsgate', 'Media Capital Technologies', 'Vertigo Entertainment']","Awards, 5 wins & 18 nominations total","['Psychological Horror', 'Psychological Thriller', 'Survival', 'Teen Horror', 'Horror', 'Thriller']",['English']
55. Taylor Swift: The Official Release Party of a Showgirl,2025,1h 29m,,6.7,1.3K,47.0,"Taylor Swift gives a look at her creative process during the production of her twelfth album, The Life of a Showgirl, revealing moments in the studio and her artistic vision.",https://www.imdb.com/title/tt38367304/?ref_=sr_i_55,['Taylor Swift'],['Taylor Swift'],"['Taylor Swift', 'Fletcher Alliston', 'Colin Anderson', 'Michelle Andrews', 'Amanda Balen', 'Taylor Banks', 'Sabrina Carpenter', 'Karen Chuang', 'Anthony Domino', 'Audrey Douglass']","$15,000,000 (estimated)","$34,062,774","$50,062,774","$34,062,774","October 3, 2025",['United States'],,['Taylor Swift Productions'],,['Music'],['English']
56. I Know What You Did Last Summer,2025,1h 51m,R,5.1,50K,42.0,A group of friends are terrorised by a mysterious killer who knows about a gruesome incident from their past.,https://www.imdb.com/title/tt4045450/?ref_=sr_i_56,"['Sam Lansky', 'Jennifer Kaytin Robinson', 'Leah McKendrick']",['Jennifer Kaytin Robinson'],"['Madelyn Cline', 'Chase Sui Wonders', 'Jonah Hauer-King', 'Tyriq Withers', 'Sarah Pidgeon', 'Billy Campbell', 'Sarah Michelle Gellar', 'Freddie Prinze Jr.', 'Jennifer Love Hewitt', 'Brandy Norwood']","$18,000,000 (estimated)","$12,755,359","$64,808,120","$32,165,634","July 18, 2025","['United States', 'Canada', 'Australia']","['Australia (Paddington, Sydney, New South Wales, Australia)']","['Columbia Pictures', 'Screen Gems', 'Original Film']","Awards, 2 nominations total","['Psychological Horror', 'Slasher Horror', 'Teen Horror', 'Whodunnit', 'Horror', 'Mystery']",['English']
57. Gabby's Dollhouse: The Movie,2025,1h 38m,G,5.4,2.8K,46.0,Gabby and Grandma Gigi's road trip takes an unexpected turn when Gabby's prized dollhouse ends up with eccentric cat lady Vera. Gabby embarks on a adventure to reunite the Gabby Cats and retrieve her beloved dollhouse before it's too late.,https://www.imdb.com/title/tt32214143/?ref_=sr_i_57,"['Mike Lew', 'Rehana Lew Mirza', 'Adam Wilson']",['Ryan Crego'],"['Laila Lockhart Kraner', 'Kristen Wiig', 'Gloria Estefan', 'Tina Ukwu', 'Juliet Donenfeld', 'Secunda Wood', 'Donovan Patton', 'Eduardo Franco', 'Logan Bailey', 'Maggie Lowe']","$32,000,000 (estimated)","$13,697,595","$80,832,387","$32,011,820","September 26, 2025","['Canada', 'United States']","['Vancouver, British Columbia, Canada']","['Catchlight Studios', 'DreamWorks Animation', 'National Film Development Corporation of India (NFDC)']","Awards, 4 nominations total","['Computer Animation', 'Jukebox Musical', 'Pop Musical', 'Adventure', 'Animation', 'Comedy', 'Family', 'Fantasy', 'Musical']",['English']
58. Smurfs,2025,1h 29m,PG,4.3,7.6K,31.0,"When Papa Smurf is taken by evil wizards Razamel and Gargamel, Smurfette leads the Smurfs on a mission to the real world to save him.",https://www.imdb.com/title/tt18069420/?ref_=sr_i_58,"['Pam Brady', 'Peyo']",['Chris Miller'],"['Rihanna', 'James Corden', 'Nick Offerman', 'JP Karliak', 'Dan Levy', 'Amy Sedaris', 'Natasha Lyonne', 'Sandra Oh', 'Jimmy Kimmel', 'Octavia Spencer']","$58,000,000 (estimated)","$11,075,090","$124,157,356","$31,075,170","July 18, 2025","['United States', 'Italy', 'Belgium']",,"['Paramount Animation', 'Domain Entertainment (II)', 'International Motion Picture Studios (IMPS)']","Awards, 3 nominations total","['Action Epic', 'Adventure Epic', 'Computer Animation', 'Fantasy Epic', 'Globetrotting Adventure', 'High-Concept Comedy', 'Pop Musical', 'Quest', 'Slapstick', 'Adventure']",['English']
59. Heart Eyes,2025,1h 37m,R,6.0,39K,61.0,"When two coworkers have to survive the Heart Eyes Killer on Valentine's Day, the two have to find out who it is.",https://www.imdb.com/title/tt32558992/?ref_=sr_i_59,"['Phillip Murphy', 'Christopher Landon', 'Michael Kennedy']",['Josh Ruben'],"['Mason Gooding', 'Olivia Holt', 'Gigi Zumbado', 'Alex Walker', ""Lauren O'Hara"", 'Latham Gaines', 'Alex McColl', 'Karlton Laing', 'Amy L. Workman', 'Joseph Wycoff']","$18,000,000 (estimated)","$8,305,156","$33,129,099","$30,415,738","February 7, 2025","['New Zealand', 'United States']","['Auckland, New Zealand']","['Screen Gems', 'Divide/Conquer', 'Ground Control']","Awards, 3 nominations total","['Dark Comedy', 'Dark Romance', 'Slasher Horror', 'Splatter Horror', 'Whodunnit', 'Comedy', 'Horror', 'Mystery', 'Romance']",['English']
60. Flight Risk,2025,1h 31m,R,5.2,45K,38.0,"A pilot transports an Air Marshal accompanying a fugitive to trial. As they cross the Alaskan wilderness, tensions soar and trust is tested, as not everyone on board is who they seem.",https://www.imdb.com/title/tt10078772/?ref_=sr_i_60,['Jared Rosenberg'],['Mel Gibson'],"['Michelle Dockery', 'Mark Wahlberg', 'Topher Grace', 'Leah Remini', 'Maaz Ali', 'Paul Ben-Victor', 'Eilise Patton', 'Senor Pablo', 'Savanah Joeckel', 'Mark Schotz']","$25,000,000 (estimated)","$11,583,488","$48,701,987","$29,783,527","January 24, 2025",['United States'],"['Mesquite, Nevada, USA']","['Lionsgate', 'Media Capital Technologies', 'Hammerstone Studios']",,"['Psychological Thriller', 'Action', 'Crime', 'Drama', 'Thriller']",['English']
61. Warfare,2025,1h 35m,R,7.1,114K,78.0,"A platoon of Navy SEALs embark on a dangerous mission in Ramadi, Iraq, with the chaos and brotherhood of war retold through their memories of the event.",https://www.imdb.com/title/tt31434639/?ref_=sr_i_61,"['Ray Mendoza', 'Alex Garland']","['Alex Garland', 'Ray Mendoza']","[""D'Pharaoh Woon-A-Tai"", 'Will Poulter', 'Cosmo Jarvis', 'Joseph Quinn', 'Aaron Mackenzie', 'Alex Brockdorff', 'Finn Bennett', 'Evan Holtzman', 'Michael Gandolfini', 'Joe Macaulay']","$20,000,000 (estimated)","$8,317,989","$34,902,602","$26,000,309","April 11, 2025","['United States', 'United Kingdom']","['London, England, UK']","['A24', 'DNA Films']","Nominated for 1 BAFTA Award, 7 wins & 29 nominations total","['Action Epic', 'Docudrama', 'Epic', 'Period Drama', 'Psychological Drama', 'War Epic', 'Action', 'Drama', 'War']",['English']
62. Primate,2025,1h 32m,R,5.8,32K,58.0,"A group of friends' tropical vacation turns into a terrifying, primal tale of horror and survival.",https://www.imdb.com/title/tt33028778/?ref_=sr_i_62,"['Johannes Roberts', 'Ernest Riera']",['Johannes Roberts'],"['Johnny Sequoyah', 'Jess Alexander', 'Troy Kotsur', 'Victoria Wyant', 'Gia Hunter', 'Benjamin Cheng', 'Charlie Mann', 'Tienne Simon', 'Miguel Torres Umba', 'Amina Abdi']","$21,000,000 (estimated)","$11,155,908","$39,074,453","$25,635,665","January 9, 2026","['United States', 'United Kingdom', 'Canada', 'Australia']","['Madeira Island, Portugal (Exterior)']","['Media Rights Capital (MRC)', 'Paramount Pictures', 'Domain Entertainment (II)']","Awards, 1 win & 1 nomination total","['B-Horror', 'Splatter Horror', 'Teen Horror', 'Horror']","['English', 'American Sign Language']"
63. Him,2025,1h 36m,R,5.0,26K,38.0,A young athlete descends into a world of terror when he's invited to train with a legendary champion whose charisma curdles into something darker.,https://www.imdb.com/title/tt20990442/?ref_=sr_i_63,"['Skip Bronkie', 'Zack Akers', 'Justin Tipping']",['Justin Tipping'],"['Marlon Wayans', 'Tyriq Withers', 'Julia Fox', 'Tim Heidecker', 'Jim Jefferies', 'Maurice Greene', 'Indira G. Wilson', 'Geron McKinley', 'Heather Lynn Harris', 'Don Benjamin']","$27,000,000 (estimated)","$13,251,560","$27,834,512","$25,009,605","September 19, 2025",['United States'],"['Albuquerque, New Mexico, USA']",['Monkeypaw Productions'],"Awards, 7 nominations total","['Body Horror', 'Folk Horror', 'Football', 'Psychological Horror', 'Psychological Thriller', 'Supernatural Horror', 'Horror', 'Sport', 'Thriller']",['English']
64. KPop Demon Hunters,2025,1h 35m,PG,7.4,139K,77.0,A world-renowned K-Pop girl group balance their lives in the spotlight with their secret identities as demon hunters.,https://www.imdb.com/title/tt14205554/?ref_=sr_i_64,"['Danya Jimenez', 'Hannah McMechan', 'Maggie Kang']","['Chris Appelhans', 'Maggie Kang']","['Arden Cho', 'May Hong', 'Ji-young Yoo', 'Ahn Hyo-seop', 'Yunjin Kim', 'Ken Jeong', 'Lee Byung-hun', 'Daniel Dae Kim', 'Rumi Oak', 'Joel Kim Booster']","$100,000,000 (estimated)","$18,000,000","$24,608,337","$24,300,000","June 20, 2025","['United States', 'Canada']","['British Columbia, Canada']","['Canadian Film or Video Production Services Tax Credit (PSTC)', 'Canadian Film or Video Production Tax Credit (CPTC)', 'Creative BC']","Won 2 Oscars, 112 wins & 51 nominations total","['Computer Animation', 'Concert', 'Pop Musical', 'Superhero', 'Supernatural Fantasy', 'Action', 'Adventure', 'Animation', 'Comedy', 'Family']","['English', 'Korean']"
65. Hamnet,2025,2h 5m,PG-13,7.8,124K,84.0,"In late 16th-century England, Agnes, a healer sensitive to the world around her, builds a home with William, a local tutor and aspiring playwright. As their lives fracture, they are tested by distance, silence, and grief.",https://www.imdb.com/title/tt14905854/?ref_=sr_i_65,"['Chloé Zhao', ""Maggie O'Farrell""]",['Chloé Zhao'],"['Jessie Buckley', 'Paul Mescal', 'Zac Wishart', 'James Lintern', 'Joe Alwyn', 'Justine Mitchell', 'Eva Wishart', 'Effie Linnen', 'Emily Watson', 'David Wilmot']","$30,000,000 (estimated)","$932,278","$108,954,968","$24,208,900","December 5, 2025","['United Kingdom', 'United States']","['Weobley, Herefordshire, England, UK (Location)']","['Focus Features', 'Hera Pictures', 'Neal Street Productions']","Won 1 Oscar, 97 wins & 319 nominations total","['Costume Drama', 'Epic', 'Historical Epic', 'Period Drama', 'Psychological Drama', 'Romantic Epic', 'Tragedy', 'Biography', 'Drama', 'History']","['English', 'Latin', 'French', 'Greek, Ancient (to 1453)']"
66. M3GAN 2.0,2025,2h,PG-13,6.0,54K,54.0,"Two years after M3GAN's rampage, her creator, Gemma, resorts to resurrecting her infamous creation in order to take down Amelia, the military-grade weapon who was built by a defense contractor who stole M3GAN's underlying tech.",https://www.imdb.com/title/tt26342662/?ref_=sr_i_66,"['Gerard Johnstone', 'Akela Cooper', 'James Wan']",['Gerard Johnstone'],"['Allison Williams', 'Violet McGraw', 'Amie Donald', 'Jenna Davis', 'Brian Jordan Alvarez', 'Jen Van Epps', 'Ivanna Sakhno', 'Aristotle Athari', 'Jemaine Clement', 'Timm Sharp']","$25,000,000 (estimated)","$10,201,625","$39,083,707","$24,101,280","June 27, 2025","['United States', 'New Zealand', 'Canada']","['Toronto, Ontario, Canada']","['Universal Pictures', 'Blumhouse Productions', 'Atomic Monster']","Awards, 1 win & 1 nomination total","['Artificial Intelligence', 'Cyber Thriller', 'Martial Arts', 'Superhero', 'Action', 'Sci-Fi', 'Thriller']","['English', 'Persian']"
67. Ne Zha 2,2025,2h 24m,PG-13,7.9,25K,68.0,"After a great catastrophe, the souls of Nezha and Aobing are saved, but their bodies face ruin. To give them new life, Taiyi Zhenren turns to the mystical seven-colored lotus in a daring bid to rebuild them and change their fate.",https://www.imdb.com/title/tt34956443/?ref_=sr_i_67,"['Xixing Lu', 'Zhonglin Xu', 'Yu Yang']",['Yu Yang'],"['Yanting Lü', 'Joseph', 'Mo Han', 'Hao Chen', 'Gong Geer', 'Yuze Han', 'Qi Lü', 'Deshun Wang', 'Xinglinr', 'Wei Yang']","$80,000,000 (estimated)","$7,687,776","$2,267,446,370","$23,308,176","January 29, 2025",['China'],,"['Beijing Enlight Media Co.', 'Beijing Enlight Pictures', 'Chengdu Yingduoduo Culture Media']","Awards, 25 wins & 15 nominations total","['Mandarin', 'Action Epic', 'Adult Animation', 'Computer Animation', 'Dark Fantasy', 'Epic', 'Fantasy Epic', 'Kung Fu', 'Martial Arts', 'Supernatural Fantasy']","['Mandarin', 'Chinese', 'English', 'Hindi', 'Spanish']"
68. Roofman,2025,2h 6m,R,6.9,81K,66.0,"A charismatic criminal, while on the run from the police, hides in a hidden space of a toy store. There, he adopts a new identity and becomes involved with an employee, beginning a relationship as unlikely as it is risky.",https://www.imdb.com/title/tt4627382/?ref_=sr_i_68,"['Derek Cianfrance', 'Kirt Gunn']",['Derek Cianfrance'],"['Channing Tatum', 'Kirsten Dunst', 'LaKeith Stanfield', 'Tony Revolori', 'Kirana Kuic', 'Gabriella Cila', 'Alissa Marie Pearson', 'Esme McSherry', 'Melonie Diaz', 'Stella Gunn']","$19,000,000 (estimated)","$8,108,861","$34,852,212","$22,739,882","October 10, 2025",['United States'],"['Gastonia, North Carolina, USA']","['Hunting Lane Films', '51 Entertainment', 'High Frequency Entertainment']","Awards, 1 win & 2 nominations total","['Dark Comedy', 'Dark Romance', 'Period Drama', 'Romantic Comedy', 'Biography', 'Crime', 'Drama', 'History', 'Romance']",['English']
69. Springsteen: Deliver Me from Nowhere,2025,1h 59m,PG-13,6.6,28K,59.0,"Bruce Springsteen's journey crafting his 1982 album Nebraska, which emerged as he recorded Born in the USA with the E Street Band. Based on Warren Zanes' book.",https://www.imdb.com/title/tt31923069/?ref_=sr_i_69,"['Scott Cooper', 'Warren Zanes']",['Scott Cooper'],"['Jeremy Allen White', 'Jeremy Strong', 'Paul Walter Hauser', 'Stephen Graham', 'Odessa Young', 'David Krumholtz', 'Gaby Hoffmann', 'Harrison Sloan Gilbertson', 'Grace Gummer', 'Marc Maron']","$55,000,000 (estimated)","$8,887,255","$45,240,624","$22,638,297","October 24, 2025",['United States'],"['Asbury Park, New Jersey, USA (on location)']","['20th Century Studios', 'Gotham Group', 'Night Exterior']","Awards, 2 wins & 11 nominations total","['Docudrama', 'Period Drama', 'Psychological Drama', 'Showbiz Drama', 'Biography', 'Drama', 'Music']",['English']
70. The Woman in the Yard,2025,1h 28m,PG-13,5.0,22K,51.0,"A mysterious woman repeatedly appears in a family's front yard, often delivering chilling warnings and unsettling messages, leaving them to question her identity, motives and the potential danger she might pose.",https://www.imdb.com/title/tt31314296/?ref_=sr_i_70,['Sam Stefanak'],['Jaume Collet-Serra'],"['Danielle Deadwyler', 'Okwui Okpokwasili', 'Peyton Jackson', 'Estella Kahiha', 'Russell Hornsby', 'Chad Pitter']","$12,000,000 (estimated)","$9,395,255","$23,311,502","$22,405,985","March 28, 2025",['United States'],"['Bostwick, Georgia, USA']","['Blumhouse Productions', 'Homegrown Pictures', 'Ombra Films']","Awards, 1 nomination total","['Psychological Drama', 'Psychological Thriller', 'Drama', 'Horror', 'Thriller']",['English']
71. Nobody 2,2025,1h 29m,R,6.3,99K,59.0,"Former assassin Hutch Mansell takes his family on vacation to a small-town theme park, only to be pulled back into action when he clashes with the town's corrupt officials and a ruthless crime boss.",https://www.imdb.com/title/tt28996126/?ref_=sr_i_71,"['Derek Kolstad', 'Aaron Rabin']",['Timo Tjahjanto'],"['Bob Odenkirk', 'Connie Nielsen', 'Christopher Lloyd', 'John Ortiz', 'RZA', 'Sharon Stone', 'Colin Hanks', 'Gage Munroe', 'Paisley Cadorath', 'Colin Salmon']","$25,000,000 (estimated)","$9,251,190","$43,285,109","$21,604,985","August 15, 2025","['United States', 'Canada']","['Winnipeg, Manitoba, Canada']","['Universal Pictures', '87North', 'Eighty Two Films']","Awards, 3 nominations total","['Dark Comedy', 'One-Person Army Action', 'Action', 'Comedy', 'Crime', 'Thriller']",['English']
72. Black Bag,2025,1h 33m,R,6.7,96K,85.0,"When intelligence agent Kathryn Woodhouse is suspected of betraying the nation, her husband - also a legendary agent - faces the ultimate test of whether to be loyal to his marriage, or his country.",https://www.imdb.com/title/tt30988739/?ref_=sr_i_72,['David Koepp'],['Steven Soderbergh'],"['Michael Fassbender', 'Gustaf Skarsgård', 'Cate Blanchett', 'Tom Burke', 'Marisa Abela', 'Regé-Jean Page', 'Naomie Harris', 'Kae Alexander', 'Martin Bassindale', 'Pierce Brosnan']","$50,000,000 (estimated)","$7,607,250","$43,887,905","$21,474,035","March 14, 2025",['United States'],"['Hotel Storchen, Weinplatz, Zürich, Kanton Zürich, Switzerland (exterior: Kathryn has meeting outside hotel)']","['Focus Features', 'Casey Silver Productions']","Awards, 3 wins & 22 nominations total","['Psychological Thriller', 'Spy', 'Drama', 'Mystery', 'Romance', 'Thriller']","['English', 'Latin', 'French', 'German']"
73. Together,2025,1h 42m,R,6.7,84K,75.0,"Years into their relationship, Tim and Millie find themselves at a crossroads as they move to the country. With tensions already flaring, an encounter with an unnatural force threatens to corrupt their lives, their love and their flesh.",https://www.imdb.com/title/tt31184028/?ref_=sr_i_73,['Michael Shanks'],['Michael Shanks'],"['Dave Franco', 'Alison Brie', 'Damon Herriman', 'Mia Morrissey', 'Karl Richmond', 'Jack Kenny', 'Francesca Waters', 'Aljin Abella', 'Sarah Lang', 'Rob Brown']","$3,500,000 (estimated)","$6,763,357","$34,747,399","$21,273,159","July 30, 2025","['Australia', 'United States']","['Melbourne, Victoria, Australia']","['1.21', '30WEST', 'Picturestart']","Awards, 22 nominations total","['Body Horror', 'Monster Horror', 'Psychological Horror', 'Supernatural Horror', 'Horror', 'Romance']",['English']
74. Last Breath,2025,1h 33m,PG-13,6.6,38K,65.0,A true story that follows seasoned deep-sea divers as they battle the raging elements to rescue their crew mate trapped hundreds of feet below the ocean's surface.,https://www.imdb.com/title/tt14403504/?ref_=sr_i_74,"['Mitchell LaFortune', 'Alex Parkinson', 'David Brooks']",['Alex Parkinson'],"['Woody Harrelson', 'Simu Liu', 'Finn Cole', 'Cliff Curtis', 'Mark Bonnar', 'MyAnna Buring', 'Josef Altin', 'Bobby Rainsbury', 'Connor Reed', 'Nick Biadon']","$24,000,000 (estimated)","$7,851,190","$24,823,454","$21,051,180","February 28, 2025","['United Kingdom', 'United States']","['Scotland, UK (Aberdeen, Scotland, UK)']","['Focus Features', 'Dark Castle Entertainment', 'Longshot Film Studios']","Awards, 2 wins total","['Sea Adventure', 'Drama', 'Thriller']",['English']
75. Companion,2025,1h 37m,R,6.9,182K,70.0,A weekend getaway with friends at a remote cabin turns into chaos after it's revealed that one of the guests is not what they seem.,https://www.imdb.com/title/tt26584495/?ref_=sr_i_75,['Drew Hancock'],['Drew Hancock'],"['Sophie Thatcher', 'Jack Quaid', 'Lukas Gage', 'Megan Suri', 'Harvey Guillén', 'Rupert Friend', 'Jaboukie Young-White', 'Matt McCarthy', 'Marc Menchaca', 'Woody Fu']","$10,000,000 (estimated)","$9,300,113","$36,969,122","$20,869,122","January 31, 2025",['United States'],"['Putnam County, New York, USA']","['New Line Cinema', 'BoulderLight Pictures', 'Vertigo Entertainment']","Awards, 3 wins & 20 nominations total","['Artificial Intelligence', 'Dark Comedy', 'Psychological Thriller', 'Sci-Fi', 'Thriller']","['English', 'German']"
76. Wolf Man,2025,1h 43m,R,5.6,44K,50.0,"A family at a remote farmhouse is attacked by an unseen animal, but as the night stretches on, the father begins to transform into something unrecognizable.",https://www.imdb.com/title/tt4216984/?ref_=sr_i_76,"['Leigh Whannell', 'Corbett Tuck']",['Leigh Whannell'],"['Christopher Abbott', 'Julia Garner', 'Matilda Firth', 'Sam Jaeger', 'Ben Prendergast', 'Zac Chandler', 'Benedict Hardie', 'Milo Cawthorne', 'Leigh Whannell', 'Lucy Bowden']","$25,000,000 (estimated)","$10,897,495","$34,154,366","$20,707,280","January 17, 2025","['Ireland', 'New Zealand', 'United States']","['Wellington, New Zealand']","['Universal Pictures', 'Blumhouse Productions', 'Cloak & Co.']","Awards, 1 win total","['Body Horror', 'Werewolf Horror', 'Horror', 'Sci-Fi']",['English']
77. Until Dawn,2025,1h 43m,R,5.7,69K,47.0,"A group of friends trapped in a time loop, where mysterious foes chase and kill them in gruesome ways, must survive until dawn to escape it.",https://www.imdb.com/title/tt30955489/?ref_=sr_i_77,"['Gary Dauberman', 'Blair Butler']",['David F. Sandberg'],"['Ella Rubin', 'Michael Cimino', ""Odessa A'zion"", 'Ji-young Yoo', 'Belmont Cameli', 'Maia Mitchell', 'Peter Stormare', 'Tibor Szauervein', 'Lotta Losten', 'Mariann Hermányi']","$15,000,000 (estimated)","$8,003,402","$54,105,064","$20,172,192","April 25, 2025","['United States', 'Hungary']","['Budapest, Hungary']","['Screen Gems', 'PlayStation Productions', 'Mångata Production']","Awards, 1 nomination total","['Body Horror', 'Folk Horror', 'Monster Horror', 'Psychological Horror', 'Slasher Horror', 'Splatter Horror', 'Supernatural Horror', 'Whodunnit', 'Zombie Horror', 'Drama']",['English']
78. Undertone,2025,1h 34m,R,5.9,25K,64.0,"Evy Babic, a skeptical paranormal pod-caster caring for her comatose mother, receives disturbing recordings tied to a folkloric threat, and every new file pulls her closer to fears she can no longer explain away.",https://www.imdb.com/title/tt35892608/?ref_=sr_i_78,['Ian Tuason'],['Ian Tuason'],"['Nina Kiri', 'Adam DiMarco', 'Michèle Duquet', 'Keana Lyn Bastidas', 'Jeff Yung', 'Ryan Turner', 'Ari Millen', ""Marisol D'Andrea"", 'Austin Tuason', 'Seled Calderon']",,"$9,069,849","$21,585,980","$20,001,151","March 13, 2026",['Canada'],"['Toronto, Ontario, Canada (location)']","['Black Fawn Films', 'Slaterverse Pictures']",,"['Folk Horror', 'Monster Horror', 'Psychological Horror', 'Supernatural Horror', 'Horror', 'Sci-Fi', 'Thriller']",['English']
79. Novocaine,2025,1h 50m,R,6.5,91K,58.0,"When the girl of his dreams is kidnapped, a man incapable of feeling physical pain turns his rare condition into an unexpected advantage in the fight to rescue her.",https://www.imdb.com/title/tt29603959/?ref_=sr_i_79,['Lars Jacobson'],"['Dan Berk', 'Robert Olsen']","['Jack Quaid', 'Amber Midthunder', 'Ray Nicholson', 'Jacob Batalon', 'Betty Gabriel', 'Matt Walsh', 'Conrad Kemp', 'Evan Hengst', 'Craig Jackson', 'Lou Beatty Jr.']","$18,000,000 (estimated)","$8,809,436","$34,536,061","$19,861,854","March 14, 2025","['Canada', 'South Africa', 'United States']","['Cape Town, South Africa']","['Paramount Pictures', 'Infrared', 'Domain Entertainment (II)']","Awards, 3 nominations total","['Dark Comedy', 'Heist', 'One-Person Army Action', 'Superhero', 'Action', 'Comedy', 'Crime', 'Thriller']",['English']
80. Dhurandhar,2025,3h 34m,R,8.3,147K,,"A mysterious traveler slips into the heart of Karachi's underbelly and rises through its ranks with lethal precision, only to tear the notorious ISI-Underworld nexus apart from within.",https://www.imdb.com/title/tt33014583/?ref_=sr_i_80,"['Aditya Dhar', 'Ojas Gautam', 'Shivkumar V. Panicker']",['Aditya Dhar'],"['Ranveer Singh', 'Akshaye Khanna', 'Sanjay Dutt', 'Arjun Rampal', 'Madhavan', 'Sara Arjun', 'Rakesh Bedi', 'Danish Pandor', 'Saumya Tandon', 'Gaurav Gera']",,"$1,980,000","$137,246,897","$19,702,994","December 5, 2025",['India'],"['Bangkok, Thailand']","['B62 Studios', 'Benetone Films', 'Jio Studios']","Awards, 46 wins & 37 nominations total","['Hindi', 'Action Epic', 'Gangster', 'Political Thriller', 'Spy', 'Action', 'Crime', 'Thriller']",['Hindi']
81. The Phoenician Scheme,2025,1h 41m,PG-13,6.6,71K,70.0,"Wealthy businessman Zsa-zsa Korda appoints his only daughter, a nun, as sole heir to his estate. As Korda embarks on a new enterprise, they soon become the target of scheming tycoons, foreign terrorists and determined assassins.",https://www.imdb.com/title/tt30840798/?ref_=sr_i_81,"['Wes Anderson', 'Roman Coppola']",['Wes Anderson'],"['Benicio Del Toro', 'Mia Threapleton', 'Michael Cera', 'Truman Hanks', 'Steve Park', 'Scott Shepherd', 'Willem Dafoe', 'F. Murray Abraham', 'Carmen-Maja Antoni', 'Mattia Moreno Leonidas']","$30,000,000 (estimated)","$560,499","$40,566,381","$19,555,015","June 6, 2025","['Germany', 'United States']","['Babelsberg Studios, Potsdam, Germany']","['Focus Features', 'Indian Paintbrush', 'American Empirical Pictures']","Awards, 1 win & 26 nominations total","['Dark Comedy', 'Period Drama', 'Quirky Comedy', 'Spy', 'Action', 'Comedy', 'Crime', 'Drama', 'Thriller']","['English', 'French']"
82. Bring Her Back,2025,1h 44m,R,7.1,134K,75.0,A brother and sister uncover a terrifying ritual at the secluded home of their new foster mother.,https://www.imdb.com/title/tt32246771/?ref_=sr_i_82,"['Danny Philippou', 'Bill Hinzman']","['Danny Philippou', 'Michael Philippou']","['Billy Barratt', 'Sally Hawkins', 'Mischa Heywood', 'Jonah Wren Phillips', 'Stephen Phillips', 'Sally-Anne Upton', 'Sora Wong', 'Kathryn Adams', 'Brian Godfrey', 'Brendan Bacon']","$15,000,000 (estimated)","$7,194,666","$39,410,222","$19,333,305","May 30, 2025",['Australia'],"['Lightsview, South Australia, Australia']","['Causeway Films', 'Salmira Productions', 'The South Australian Film Corporation']","Awards, 18 wins & 37 nominations total","['Body Horror', 'Psychological Horror', 'Supernatural Horror', 'Horror', 'Mystery']","['English', 'Russian']"
83. Caught Stealing,2025,1h 47m,R,6.8,87K,65.0,"When his neighbor asks him to take care of his cat, a former baseball prodigy now working as a bartender finds himself in the middle of gangsters without knowing why. He must use all his cunning to survive and understand what is happening.",https://www.imdb.com/title/tt1493274/?ref_=sr_i_83,['Charlie Huston'],['Darren Aronofsky'],"['Austin Butler', 'Regina King', 'Zoë Kravitz', 'Griffin Dunne', 'Dominique Silver', ""Shaun O'Hagan"", 'Action Bronson', 'Jake Bentley Young', 'Kitty Lawrence', 'Matt Smith']",,"$7,803,925","$33,251,665","$19,005,242","August 29, 2025",['United States'],"['Tulum, Mexico']","['Columbia Pictures', 'Eagle Pictures', 'Protozoa Pictures']","Awards, 5 nominations total","['Dark Comedy', 'Gangster', 'Psychological Drama', 'Psychological Thriller', 'Comedy', 'Crime', 'Thriller']","['English', 'Spanish', 'Yiddish']"
84. Bugonia,2025,1h 58m,R,7.4,208K,72.0,"Two conspiracy-obsessed young men kidnap the high-powered CEO of a major company, convinced that she is an alien intent on destroying planet Earth.",https://www.imdb.com/title/tt12300742/?ref_=sr_i_84,"['Will Tracy', 'Jang Joon-hwan']",['Yorgos Lanthimos'],"['Emma Stone', 'Jesse Plemons', 'Aidan Delbis', 'J. Carmen Galindez Barrera', 'Marc T. Lewis', 'Vanessa Eng', 'Cedric Dumornay', 'Alicia Silverstone', 'Stavros Halkias', 'Momma Cherri']",,"$709,848","$43,523,384","$17,692,390","October 31, 2025","['Ireland', 'United Kingdom', 'Canada', 'South Korea', 'United States']","['Sarakiniko Beach, Milos Island, Greece (beach in the end)']","['Focus Features', 'Fremantle', 'Element Pictures']","Nominated for 4 Oscars, 12 wins & 144 nominations total","['Alien Invasion', 'Conspiracy Thriller', 'Dark Comedy', 'Psychological Thriller', 'Satire', 'Comedy', 'Crime', 'Sci-Fi', 'Thriller']",['English']
85. Drop,2025,1h 35m,PG-13,6.1,58K,65.0,"A widowed mother's first date in years takes a terrifying turn when she's bombarded with anonymous threatening messages on her phone during their upscale dinner, leaving her questioning if her charming date is behind the harassment.",https://www.imdb.com/title/tt32149847/?ref_=sr_i_85,"['Jillian Jacobs', 'Chris Roach']",['Christopher Landon'],"['Meghann Fahy', 'Brandon Sklenar', 'Violett Beane', 'Jacob Robinson', 'Reed Diamond', 'Gabrielle Ryan', 'Sarah McCormack', 'Jeffery Self', 'Ed Weeks', 'Ben Pelletier']","$11,000,000 (estimated)","$7,397,015","$28,744,167","$16,600,805","April 11, 2025","['United States', 'Ireland']","['Ardmore Studios, Bray, County Wicklow, Ireland (Interiors)']","['Universal Pictures', 'Blumhouse Productions', 'Platinum Dunes']","Awards, 1 win & 1 nomination total","['Psychological Thriller', 'Whodunnit', 'Drama', 'Mystery', 'Thriller']",['English']
86. Good Fortune,2025,1h 37m,R,6.5,49K,61.0,A well-meaning but rather inept angel named Gabriel meddles in the lives of a struggling gig worker and a wealthy venture capitalist.,https://www.imdb.com/title/tt27543578/?ref_=sr_i_86,['Aziz Ansari'],['Aziz Ansari'],"['Seth Rogen', 'Aziz Ansari', 'Keke Palmer', 'Keanu Reeves', 'Blanca Araceli', 'Joe Mande', 'Aditya Geddada', 'Alexander Jo', 'Kristen Henley', 'Shoukath Ansari']","$30,000,000 (estimated)","$6,163,433","$26,381,670","$16,585,758","October 17, 2025",['United States'],"['Los Angeles, California, USA (Location)']","['Lionsgate', 'Media Capital Technologies', 'Oh Brudder Productions']","Awards, 5 nominations total","['Buddy Comedy', 'Dark Comedy', 'High-Concept Comedy', 'Satire', 'Comedy', 'Fantasy', 'Romance']",['English']
87. Jujutsu Kaisen: Execution,2025,1h 27m,R,6.6,5.3K,,"A veil abruptly descends over the busy Shibuya area amid the bustling Halloween crowds, trapping countless civilians inside. In the aftermath, ten colonies across Japan are transformed into dens of curses.",https://www.imdb.com/title/tt38121182/?ref_=sr_i_87,"['Gege Akutami', 'Hiroshi Seko']","['Shouta Goshozono', 'Yôsuke Takada']","[""Jun'ya Enoki"", 'Yuma Uchida', 'Shigeru Chiba', 'Wataru Hatano', 'Subaru Kimura', 'Mikako Komatsu', 'Takehito Koyasu', 'Alan Lee', 'Adam McArthur', 'Kotono Mitsuishi']",,"$10,084,023","$44,457,030","$16,583,133","December 5, 2025",['Japan'],,"['Mainichi Broadcasting System (MBS)', 'Mappa', 'Shueisha']",,"['Japanese', 'Adult Animation', 'Anime', 'Hand-Drawn Animation', 'Shōnen', 'Action', 'Animation', 'Fantasy']",['Japanese']
88. Eternity,2025,1h 54m,PG-13,6.9,63K,58.0,"In an afterlife where souls have one week to decide where to spend eternity, Joan is faced with the impossible choice between the man she spent her life with and her first love, who died young and has waited decades for her to arrive.",https://www.imdb.com/title/tt24950660/?ref_=sr_i_88,"['Patrick Cunnane', 'David Freyne']",['David Freyne'],"['Miles Teller', 'Elizabeth Olsen', 'Callum Turner', 'Barry Primus', 'Betty Buckley', 'Darryl Scheelar', 'Danny Mac', 'Damon Johnson', 'Lucy Turnbull', 'Christie Burke']","$12,000,000 (estimated)","$3,175,809","$35,858,277","$16,210,244","November 26, 2025","['United States', 'Canada']","['Vancouver, British Columbia, Canada']","['A24', 'Apple Original Films', 'Canadian Film or Video Production Tax Credit (CPTC)']","Awards, 2 wins & 9 nominations total","['Feel-Good Romance', 'Romantic Comedy', 'Supernatural Fantasy', 'Comedy', 'Drama', 'Fantasy', 'Romance']",['English']
89. Love Hurts,2025,1h 23m,R,5.3,19K,34.0,"A realtor is pulled back into the life he left behind after his former partner-in-crime resurfaces with an ominous message. With his crime-lord brother also on his trail, he must confront his past and the history he never fully buried.",https://www.imdb.com/title/tt30788842/?ref_=sr_i_89,"['Matthew Murray', 'Josh Stoddard', 'Luke Passmore']",['Jonathan Eusebio'],"['Ke Huy Quan', 'Ariana DeBose', 'Mustafa Shakir', 'Lio Tipton', 'Daniel Wu', 'Cam Gigandet', 'Marshawn Lynch', 'André Eriksen', 'Rhys Darby', 'Sean Astin']","$18,000,000 (estimated)","$5,800,440","$17,529,487","$15,683,090","February 7, 2025","['United States', 'Japan']","['Winnipeg, Manitoba, Canada (location)']","['Universal Pictures', '87North', 'Dentsu']","Awards, 1 nomination total","['Martial Arts', 'Romantic Comedy', 'Action', 'Comedy', 'Romance']","['English', 'Russian']"
90. The Roses,2025,1h 45m,R,6.6,59K,58.0,A tinderbox of competition and resentments underneath the façade of a picture-perfect couple is ignited when the husband's professional dreams come crashing down.,https://www.imdb.com/title/tt31973693/?ref_=sr_i_90,"['Warren Adler', 'Tony McNamara']",['Jay Roach'],"['Olivia Colman', 'Benedict Cumberbatch', 'Kate McKinnon', 'Andy Samberg', 'Ncuti Gatwa', 'Sunita Mani', 'Zoë Chao', 'Jamie Demetriou', 'Delaney Quinn', 'Hala Finley']","$35,000,000 (estimated)","$6,265,264","$51,989,385","$15,298,844","August 29, 2025","['United Kingdom', 'Australia', 'United States']","['Salcombe, Devon, England, UK (https://www.countryfile.com/tv/where-was-the-roses-filmed)']","['Searchlight Pictures', 'TSG Entertainment', 'South of the River Pictures']","Awards, 1 nomination total","['Dark Comedy', 'Satire', 'Screwball Comedy', 'Tragedy', 'Comedy']",['English']
91. The Last Rodeo,2025,1h 56m,PG,6.3,3.8K,61.0,"To save his grandson, a retired rodeo star enters a high-stakes bull-riding competition. Along the way, he confronts his past, discovers faith, and proves that true courage lies in family.",https://www.imdb.com/title/tt30908405/?ref_=sr_i_91,"['Jon Avnet', 'Neal McDonough', 'Derek Presley']",['Jon Avnet'],"['Neal McDonough', 'Mykelti Williamson', 'Sarah Jones', 'Graham Harvey', 'Christopher McDonald', 'Daylon Swearingen', 'Irene Bedard', 'Matt West', 'Clint Adkins', 'Gabriel Sousa']","$8,500,000 (estimated)","$5,426,885","$15,202,565","$15,201,659","May 23, 2025",['United States'],,"['Angel', 'Brooklyn Films', 'The McDonough Company']","Awards, 1 win & 3 nominations total","['Contemporary Western', 'Drama']",['English']
92. The Strangers: Chapter 2,2025,1h 38m,R,4.7,14K,28.0,"Left stranded in a small town with no way out, Maya must once again face a night of terror courtesy of three deadly killers whose rampage she must put to an end.",https://www.imdb.com/title/tt28671344/?ref_=sr_i_92,"['Alan R. Cohen', 'Alan Freedland', 'Bryan Bertino']",['Renny Harlin'],"['Madelaine Petsch', 'Gabriel Basso', 'Ema Horvath', 'Olivia Kreutzova', 'Matus Lajcak', 'Brooke Lena Johnson', 'JR Esposito', 'Richard Brake', 'Pedro Leandro', 'Janis Ahern']","$8,500,000 (estimated)","$5,806,192","$21,921,749","$15,153,346","September 26, 2025","['Spain', 'United States', 'Slovakia', 'Canada', 'United Kingdom']","[""Elephant DINER - Púchovská 12, 831 06 Raca, Bratislava, Slovakia (Carol's Diner)""]","['Fifth Element Productions', 'Canada Audio Visual Tax Credit', 'Elipsis Capital']","Awards, 2 nominations total","['Slasher Horror', 'Whodunnit', 'Horror', 'Mystery']",['English']
93. Nuremberg,2025,2h 28m,PG-13,7.3,106K,61.0,"A WWII psychiatrist evaluates Nazi leaders before the Nuremberg trials, growing increasingly obsessed with understanding evil as he forms a disturbing bond with Hermann Göring.",https://www.imdb.com/title/tt29567915/?ref_=sr_i_93,"['James Vanderbilt', 'Jack El-Hai']",['James Vanderbilt'],"['Rami Malek', 'Russell Crowe', 'Michael Shannon', 'Leo Woodall', 'John Slattery', 'Richard E. Grant', ""Mark O'Brien"", 'Colin Hanks', 'Wrenn Schmidt', 'Andreas Pietschmann']",,"$3,883,295","$70,531,391","$14,524,693","November 7, 2025","['Hungary', 'United States']","['Duna Palota, Budapest, Hungary (Bar)']","['Walden Media', 'Filmsquad', 'Mythology Entertainment']","Awards, 4 wins & 20 nominations total","['Docudrama', 'Epic', 'Historical Epic', 'Legal Drama', 'Legal Thriller', 'Period Drama', 'Psychological Drama', 'Psychological Thriller', 'Tragedy', 'Biography']","['English', 'German']"
94. Epic: Elvis Presley in Concert,2025,1h 36m,PG-13,8.1,6K,86.0,"Follows Elvis Presley, featuring never-before-seen footage and recordings.",https://www.imdb.com/title/tt35003538/?ref_=sr_i_94,"['Elvis Presley', 'James Burton', 'Glen D. Hardin']",['Baz Luhrmann'],"['Elvis Presley', 'James Burton', 'Glen D. Hardin', 'Charlie Hodge', 'Jerry Scheff', 'Ronnie Tutt', 'John Wilkinson', 'Bono', 'Sammy Davis Jr.', 'Joe Guercio']",,"$3,215,438","$23,463,883","$13,571,883","February 27, 2026","['Australia', 'United States']",,"['Authentic Studios', 'Bazmark Films']","Awards, 2 nominations total","['Concert', 'Music Documentary', 'Biography', 'Documentary', 'Music']",['English']
95. Dracula,2025,2h 9m,R,6.2,41K,44.0,"When a 15th-century prince denounces God after the loss of his wife he inherits an eternal curse: he becomes Dracula. Condemned to wander the centuries, he defies fate and death, guided by a single hope - to be reunited with his lost love.",https://www.imdb.com/title/tt31434030/?ref_=sr_i_95,"['Luc Besson', 'Bram Stoker']",['Luc Besson'],"['Caleb Landry Jones', 'Christoph Waltz', 'Zoë Bleu', 'Guillaume de Tonquédec', 'Matilda De Angelis', 'Ewens Abid', 'Bertrand-Xavier Corbi', 'Raphael Luce', 'David Shields', 'Liviu Bora']",,"$4,400,264","$42,415,061","$13,053,400","February 6, 2026",['France'],"['Kuhmo, Finland (location)']","['Luc Besson Production', 'EuropaCorp', 'TF1 Films Production']","Awards, 4 nominations total","['Dark Romance', 'Supernatural Fantasy', 'Supernatural Horror', 'Vampire Horror', 'Fantasy', 'Horror', 'Romance']",['English']
96. Death of a Unicorn,2025,1h 47m,R,5.8,55K,51.0,"A father and daughter accidentally hit and kill a unicorn while en route to a weekend retreat, where his billionaire boss seeks to exploit the creature's miraculous curative properties.",https://www.imdb.com/title/tt28443655/?ref_=sr_i_96,['Alex Scharfman'],['Alex Scharfman'],"['Paul Rudd', 'Jenna Ortega', 'Will Poulter', 'David Pasquesi', 'Anthony Carrigan', 'Richard E. Grant', 'Téa Leoni', 'Jessica Hynes', 'Denise Delgado', 'Kathryn Erbe']","$15,000,000 (estimated)","$5,787,425","$16,423,464","$12,899,252","March 28, 2025","['United States', 'Hungary']",['Hungary'],"['A24', 'Ley Line Entertainment', 'Square Peg']","Awards, 1 win & 4 nominations total","['Dark Comedy', 'Dark Fantasy', 'Folk Horror', 'Monster Horror', 'Comedy', 'Fantasy', 'Horror', 'Thriller']",['English']
97. Sarah's Oil,2025,1h 43m,PG,6.9,3.2K,,"The remarkable true story of eleven year old Sarah Rector, an African American girl born in Oklahoma Indian Territory in the early 1900s, who believes there is oil beneath the barren land she's allotted and whose faith is proven right.",https://www.imdb.com/title/tt31727267/?ref_=sr_i_97,"['Tonya Bolden', 'Betsy Giffen Nowrasteh', 'Cyrus Nowrasteh']",['Cyrus Nowrasteh'],"['Zachary Levi', 'Naya Desir-Johnson', 'Sonequa Martin-Green', 'Garret Dillahunt', 'Mel Rodriguez', 'Kenric Green', 'Bridget Regan', 'Adyan Copes', 'Stelio Savante', 'Selase Botchway']",,"$4,261,446","$11,675,627","$11,675,627","November 7, 2025",['United States'],"['Oklahoma, USA']","['Amazon MGM Studios', 'Kingdom Story Company', 'Why Not You Productions']","Awards, 6 wins & 4 nominations total","['Biography', 'Drama', 'History']",['English']
98. The Smashing Machine,2025,2h 3m,R,6.3,75K,65.0,"The story of mixed-martial arts and UFC champion, Mark Kerr.",https://www.imdb.com/title/tt11214558/?ref_=sr_i_98,['Benny Safdie'],['Benny Safdie'],"['Dwayne Johnson', 'Emily Blunt', 'Ryan Bader', 'Kenny Rice', 'Jerin Valel', 'Andre Tricoteux', 'James McSweeney', 'Jonathan Corbblah', 'Ilan Rosenberg', 'Nick Toren']","$40,000,000 (estimated)","$5,841,662","$21,131,147","$11,411,388","October 3, 2025","['United States', 'Japan', 'Canada']","['Albuquerque, New Mexico, USA']","['A24', 'Magnetic Fields Entertainment', 'Out for the Count']","Nominated for 1 Oscar, 3 wins & 27 nominations total","['Boxing', 'Docudrama', 'Period Drama', 'Psychological Drama', 'Action', 'Biography', 'Drama', 'History', 'Sport']","['English', 'Japanese']"
99. Becoming Led Zeppelin,2025,2h 2m,PG-13,7.5,9.2K,64.0,"The film traces the journeys of the four members of the Stairway To Heaven rockers through the music scene of the 1960s and their meeting in the summer of 1968, culminating in 1970.",https://www.imdb.com/title/tt10365912/?ref_=sr_i_99,"['Bernard MacMahon', 'Allison McGourty']",['Bernard MacMahon'],"['Led Zeppelin', 'Jimmy Page', 'John Paul Jones', 'Robert Plant', 'John Bonham', 'James Page', 'Patricia Page', 'Joe Baldwin', 'Margie Castle', 'Maureen Jones']",,"$2,578,510","$14,673,369","$10,403,353","February 14, 2025","['United Kingdom', 'United States']",,"['Paradise Pictures', 'Big Beach']","Awards, 4 wins & 6 nominations total","['Concert', 'Music Documentary', 'Biography', 'Documentary', 'History', 'Music']",['English']
100. Eddington,2025,2h 28m,R,6.6,62K,65.0,"In May of 2020, a standoff between a small-town sheriff and mayor sparks a powder keg as neighbor is pitted against neighbor in Eddington, New Mexico.",https://www.imdb.com/title/tt31176520/?ref_=sr_i_100,['Ari Aster'],['Ari Aster'],"['Joaquin Phoenix', ""Deirdre O'Connell"", 'Emma Stone', 'Micheal Ward', 'Pedro Pascal', 'Cameron Mann', 'Matt Gomez Hidaka', 'Luke Grimes', 'Amélie Hoeferle', 'Clifton Collins Jr.']","$25,000,000 (estimated)","$4,404,742","$13,741,720","$10,223,277","July 18, 2025","['United States', 'United Kingdom', 'Finland']","['Truth or Consequences, New Mexico, USA (as Eddington)']","['A24', 'Square Peg', '828 Productions']","Awards, 1 win & 18 nominations total","['Contemporary Western', 'Dark Comedy', 'Satire', 'Comedy', 'Drama', 'Western']",['English']
101. Rental Family,2025,1h 49m,PG-13,7.6,61K,64.0,"An American actor in Tokyo struggling to find purpose lands an unusual gig: working for a Japanese ""rental family"" agency, playing stand-in roles for strangers. He rediscovers purpose, belonging, and the beauty of human connection.",https://www.imdb.com/title/tt14142060/?ref_=sr_i_101,"['Hikari', 'Stephen Blahut']",['Hikari'],"['Brendan Fraser', 'Takehiro Hira', 'Mari Yamamoto', 'Paolo Andrea Di Pietro', 'Shinji Ozeki', 'Takao Kin', 'Risa Kameda', 'Yuma Sonan', 'Kana Kitty', 'Gan Furukawa']",,"$3,336,147","$26,758,365","$10,047,429","November 21, 2025","['Japan', 'United States']","['teamLab Borderless, Azabudai Hills Garden Plaza B B1, 5 Chome-9 Toranomon, Minato City, Tokyo 105-0001, Japan (location)']","['Knockonwood', 'Domo Arigato Productions', 'Searchlight Pictures']","Awards, 11 wins & 22 nominations total","['Coming-of-Age', 'Psychological Drama', 'Tragedy', 'Comedy', 'Drama']","['English', 'Japanese']"
102. No Other Choice,2025,2h 19m,R,7.5,69K,86.0,"After being fired, a man devises a unique plan to secure a new job: eliminate his competition.",https://www.imdb.com/title/tt1527793/?ref_=sr_i_102,"['Donald E. Westlake', 'Park Chan-wook', 'Lee Kyoung-mi']",['Park Chan-wook'],"['Lee Byung-hun', 'Son Ye-jin', 'Woo Seung Kim', 'So Yul Choi', 'Park Hee-soon', 'Lee Sung-min', 'Yeom Hye-ran', 'Cha Seung-won', 'Im Tae-poong', 'Kim Hyung-mook']",,"$332,653","$40,215,145","$10,011,860","January 16, 2026","['South Korea', 'France']","['Ulsan, South Korea']","['CJ ENM Co.', 'CJ Entertainment', 'KG Productions']","Awards, 23 wins & 108 nominations total","['Korean', 'Caper', 'Dark Comedy', 'Psychological Thriller', 'Satire', 'Comedy', 'Crime', 'Drama', 'Thriller']","['Korean', 'English']"
"103. Good Luck, Have Fun, Don't Die",2025,2h 14m,R,7.0,62K,66.0,"A ""Man From the Future"" arrives at a diner in Los Angeles where he must recruit the precise combination of disgruntled patrons to join him on a one-night quest to save the world from the terminal threat of a rogue artificial intelligence.",https://www.imdb.com/title/tt1341338/?ref_=sr_i_103,['Matthew Robinson'],['Gore Verbinski'],"['Sam Rockwell', 'Juno Temple', 'Haley Lu Richardson', 'Michael Peña', 'Zazie Beetz', 'Asim Chaudhry', 'Tom Taylor', 'Georgia Goodman', 'Daniel Barnett', 'Artie Wilkinson-Hunt']","$20,000,000 (estimated)","$3,644,275","$9,791,436","$8,431,443","February 13, 2026","['Germany', 'United States']","['Cape Town, South Africa']","['3 Arts Entertainment', 'Blind Wink Productions', 'Constantin Film']","Awards, 2 wins & 1 nomination total","['Artificial Intelligence', 'Dystopian Sci-Fi', 'Quirky Comedy', 'Time Travel', 'Action', 'Adventure', 'Comedy', 'Sci-Fi']",['English']
104. Soul on Fire,2025,1h 52m,PG,6.6,1.7K,,"In 1987, nine-year-old John O'Leary survives a terrible accident and grows into a man who shows what it means to truly live.",https://www.imdb.com/title/tt28078628/?ref_=sr_i_104,['Gregory Poirier'],['Sean McNamara'],"['Joel Courtney', 'William H. Macy', 'DeVon Franklin', 'John Corbett', 'James McCracken', 'Stephanie Szostak', 'Masey McLain', 'Stella Bratcher', 'Lucy Panozzo', 'Mikey Cestone']","$3,000,000 (estimated)","$2,826,192","$7,448,606","$7,448,606","October 10, 2025",['United States'],"['St. Louis, Missouri, USA']","['Branded Pictures Entertainment', 'Brookwell-McNamara Entertainment', 'Virtuality Media']",,"['Biography', 'Drama']",['English']
105. Clown in a Cornfield,2025,1h 36m,R,5.6,27K,55.0,"A fading midwestern town in which Frendo the clown, a symbol of bygone success, reemerges as a terrifying scourge.",https://www.imdb.com/title/tt23060698/?ref_=sr_i_105,"['Carter Blanchard', 'Eli Craig', 'Adam Cesare']",['Eli Craig'],"['Katie Douglas', 'Aaron Abrams', 'Carson MacCormac', 'Vincent Muller', 'Kevin Durand', 'Will Sasso', 'Cassandra Potenza', 'Verity Marks', 'Ayo Solanke', 'Alexandre Martin Deakin']","$1,000,000 (estimated)","$3,648,991","$13,850,731","$7,251,799","May 9, 2025","['United States', 'Luxembourg', 'United Kingdom', 'Canada']","['Stonewall, Manitoba, Canada (Farm)']","['RLJE Films', 'Shudder', 'Hercules Film Fund']","Awards, 1 win & 4 nominations total","['Dark Comedy', 'Slasher Horror', 'Teen Horror', 'Whodunnit', 'Horror', 'Mystery', 'Thriller']",['English']
106. A Big Bold Beautiful Journey,2025,1h 49m,R,6.0,23K,43.0,"Two strangers who meet at a mutual friend's wedding have the chance to relive important moments from their pasts, illuminating the path that led them to the present and gaining the opportunity to change their futures.",https://www.imdb.com/title/tt13650700/?ref_=sr_i_106,['Seth Reiss'],['Kogonada'],"['Colin Farrell', 'Margot Robbie', 'Jennifer Grant', 'Hamish Linklater', 'Phoebe Waller-Bridge', 'Kevin Kline', 'Jodie Turner-Smith', 'Lucy Thomas', 'Mike Meldman', 'Brandon Perea']","$45,000,000 (estimated)","$3,252,578","$22,393,413","$6,671,082","September 19, 2025","['United States', 'Ireland']","['Los Angeles, California, USA']","['Columbia Pictures', '30WEST', 'Imperative Entertainment']","Awards, 3 nominations total","['Drama', 'Fantasy', 'Romance']",['English']
107. Good Boy,2025,1h 12m,PG-13,6.1,35K,73.0,"A loyal dog moves to a rural family home with his owner, only to discover supernatural forces lurking in the shadows. As dark entities threaten his human companion, the brave pup must fight to protect the one he loves most.",https://www.imdb.com/title/tt35521922/?ref_=sr_i_107,"['Alex Cannon', 'Ben Leonberg']",['Ben Leonberg'],"['Indy', 'Shane Jensen', 'Arielle Friedman', 'Larry Fessenden', 'Stuart Rudin', 'Hunter Goetz', 'Anya Krawcheck', 'Max', 'Kari Fischer', 'Ben Leonberg']","$70,000 (estimated)","$2,343,694","$8,804,423","$6,624,062","October 3, 2025",['United States'],"['Harding Township, New Jersey, USA (location)']","[""What's Wrong With Your Dog?""]","Awards, 14 wins & 11 nominations total","['B-Horror', 'Body Horror', 'Folk Horror', 'Monster Horror', 'Psychological Horror', 'Psychological Thriller', 'Supernatural Horror', 'Horror', 'Thriller']",['English']
108. The Last Supper,2025,1h 54m,PG-13,5.1,1.3K,,"In the days leading up to his death, Jesus gathers his disciples for the Last Supper. Amidst words of love and farewell, while faith is strengthened, the shadow of betrayal hangs over, but not even pain can erase the promise of redemption.",https://www.imdb.com/title/tt32461003/?ref_=sr_i_108,"['Mauro Borrelli', 'John Collins']",['Mauro Borrelli'],"['James Oliver Wheatley', 'Jamie Ward', 'James Faulkner', 'Robert Knepper', 'Charlie MacGechan', 'Nathalie Rapti Gomez', 'Billy Rayner', 'Ben Dilloway', 'Daniel Fathers', 'Fredrik Wagner']",,"$2,777,234","$6,693,472","$6,564,857","March 14, 2025",['United States'],['Morocco (Studio)'],"['Canyon Productions', 'Grand Canyon University', 'Pinnacle Peak Pictures']",,"['Period Drama', 'Drama', 'History']",['English']
109. The Furious,2025,1h 53m,R,7.5,14K,85.0,A father fights fiercely against ruthless kidnappers to save his abducted daughter.,https://www.imdb.com/title/tt33311069/?ref_=sr_i_109,"['Tin Shu Mak', 'Zhilong Lei', 'Kwan-Sin Shum']",['Kenji Tanigaki'],"['Miao Xie', 'Joe Taslim', 'Enyou Yang', 'Brian Le', 'Yayan Ruhian', 'JeeJa Yanin', 'Joey Iwanaga', 'Sahajak Boonthanakit', 'Manatsanun Phanlerdwongsakul', 'Guo Junqing']","$20,000,000 (estimated)","$2,805,717","$36,956,521","$6,479,585","June 12, 2026","['Hong Kong', 'China']","['Bangkok, Thailand']","['Edko Films', 'XYZ Films', 'Zhejiang Hengdian Film Production']","Awards, 2 wins & 2 nominations total","['Mandarin', 'Kung Fu', 'Martial Arts', 'One-Person Army Action', 'Psychological Thriller', 'Action', 'Crime', 'Thriller']","['Mandarin', 'English', 'Thai', 'Tagalog']"
110. The Unbreakable Boy,2025,1h 49m,PG,6.2,2.9K,35.0,"A young boy with both a rare brittle-bone disease and autism transforms everyone around him with his joyous, funny, and life-affirming world view.",https://www.imdb.com/title/tt5181260/?ref_=sr_i_110,"['Jon Gunn', 'Scott LeRette', 'Susy Flory']",['Jon Gunn'],"['Zachary Levi', 'Meghann Fahy', 'Jacob Laval', 'Drew Powell', 'Gavin Warren', 'Patricia Heaton', 'Todd Terry', 'Liza Marie Gonzalez', 'Arianne Martin', 'Kurt Yue']",,"$2,386,041","$7,529,033","$6,443,813","February 21, 2025",['United States'],"['Oklahoma, USA']","['Lionsgate', 'Kingdom Story Company', 'Wonder Project']","Awards, 2 wins total","['Teen Drama', 'Drama', 'Family']",['English']
111. Is This Thing On?,2025,2h 1m,R,6.7,18K,72.0,"As their marriage unravels, Alex faces middle age and divorce, seeking new purpose in the New York comedy scene. Meanwhile, his wife Tess confronts sacrifices made for their family, forcing them to navigate co-parenting and identities.",https://www.imdb.com/title/tt28083456/?ref_=sr_i_111,"['Bradley Cooper', 'Will Arnett', 'Mark Chappell']",['Bradley Cooper'],"['Will Arnett', 'Laura Dern', 'Andra Day', 'Bradley Cooper', 'Blake Kane', 'Calvin Knegten', 'Scott Icenogle', 'Sean Hayes', 'Ciarán Hinds', 'Christine Ebersole']",,"$135,833","$10,134,166","$6,185,385","December 19, 2025",['United States'],"['New York City, New York, USA']","['Searchlight Pictures', 'TSG Entertainment', 'Lea Pictures']","Awards, 1 win & 3 nominations total","['Comedy', 'Drama']",['English']
112. The Alto Knights,2025,2h 3m,R,5.9,22K,47.0,"Two of New York City's most notorious crime bosses vie for control of the city's streets. Once best friends, petty jealousies and a series of betrayals set them on a deadly collision course.",https://www.imdb.com/title/tt21815562/?ref_=sr_i_112,['Nicholas Pileggi'],['Barry Levinson'],"['Robert De Niro', 'Debra Messing', 'Kathrine Narducci', 'Cosmo Jarvis', 'Michael Rispoli', 'Robert Uricola', 'Frank Piccirillo', 'Matt Servitto', 'Louis Mustillo', 'Anthony J. Gallo']","$45,000,000 (estimated)","$3,165,349","$10,225,566","$6,125,566","March 21, 2025",['United States'],"['Cincinnati, Ohio, USA (film sceens downtown)']","['Warner Bros.', 'Domain Entertainment (II)', 'Winkler Films']","Awards, 1 win & 2 nominations total","['Docudrama', 'Gangster', 'Period Drama', 'True Crime', 'Biography', 'Crime', 'Drama', 'History']",['English']
113. Truth & Treason,2025,2h 1m,PG-13,7.1,3.6K,,"When loyalty to country becomes loyalty to a lie, one teen risks everything to expose the truth. With the Gestapo closing in, he must decide what it really means to be a good German.",https://www.imdb.com/title/tt21825416/?ref_=sr_i_113,"['Matt Whitaker', 'Ethan Vincent']",['Matt Whitaker'],"['Ewan Horrocks', 'Rupert Evans', 'Ferdinand McKay', 'Daf Thomas', 'Nye Occomore', 'Joanna Christie', 'Sean Mahon', 'Sylvie Varcoe', 'Ben Dilloway', 'Daniel Betts']",,"$2,627,740","$6,149,422","$6,044,364","October 17, 2025","['Lithuania', 'United States']",,"['Kaleidoscope Pictures', 'Baltic Film Services']","Awards, 2 nominations total","['Drama', 'History', 'Thriller']",['English']
114. Honey Don't!,2025,1h 29m,R,5.3,28K,46.0,A small-town private investigator delves into a series of strange deaths tied to a mysterious church.,https://www.imdb.com/title/tt30645201/?ref_=sr_i_114,"['Ethan Coen', 'Tricia Cooke']",['Ethan Coen'],"['Margaret Qualley', 'Aubrey Plaza', 'Chris Evans', 'Lera Abova', 'Jacnier', 'Gabby Beans', 'Talia Ryder', 'Charlie Day', 'Kristen Connolly', 'Josh Pafchek']","$20,000,000 (estimated)","$3,025,525","$7,469,564","$5,810,510","August 22, 2025","['United Kingdom', 'United States']","['Belen, New Mexico, USA']","['Focus Features', 'Working Title Films']",,"['Dark Comedy', 'Whodunnit', 'Comedy', 'Crime', 'Mystery', 'Thriller']",['English']
115. Dan Da Dan: Evil Eye,2025,1h 33m,R,7.8,2.3K,,"Momo and Okarun set out on their latest adventure, traveling to a hot springs town home rented by Jiji, Momo's childhood friend and former crush, with the goal to solve the mystery surrounding his family.",https://www.imdb.com/title/tt36440312/?ref_=sr_i_115,"['Yukinobu Tatsu', 'Hiroshi Seko']","['Abel Gongora', 'Fûga Yamashiro']","['Shion Wakayama', 'Natsuki Hanae', 'Mayumi Tanaka', 'Nana Mizuki', 'Kaito Ishikawa', 'Kazuya Nakai', 'Ayane Sakura', 'Masako Isobe', 'Shirô Saitô', ""Shun'ichi Maki""]",,"$3,198,481","$6,902,843","$5,637,078","June 6, 2025",['Japan'],,['Science SARU'],,"['Japanese', 'Adult Animation', 'Anime', 'Hand-Drawn Animation', 'Action', 'Animation', 'Sci-Fi']",['Japanese']
116. Animal Farm,2025,1h 35m,PG,2.9,3.8K,29.0,A satirical fable following an animal revolution as pigs seize power and the farm descends into a ruthless dictatorship-fulfilling Orwell's warning about the dangers of communism.,https://www.imdb.com/title/tt2467700/?ref_=sr_i_116,"['Nicholas Stoller', 'George Orwell']",['Andy Serkis'],"['Seth Rogen', 'Gaten Matarazzo', 'Steve Buscemi', 'Glenn Close', 'Laverne Cox', 'Kieran Culkin', 'Woody Harrelson', 'Jim Parsons', 'Andy Serkis', 'Kathleen Turner']",,"$3,301,363","$6,259,778","$5,588,982","May 1, 2026","['United Kingdom', 'Canada', 'United States']","['Montréal, Québec, Canada (Cinesite Montreal)']","['Aniventure', 'Cinesite', 'Imaginarium Productions']",,"['Animal Adventure', 'Computer Animation', 'Dark Comedy', 'High-Concept Comedy', 'Satire', 'Adventure', 'Animation', 'Comedy', 'Drama', 'Family']",['English']
117. Die My Love,2025,1h 58m,R,6.0,47K,72.0,"A writer and young mother is suffering post-partum depression and slowly spiralling into madness. Moving into an old house with her husband, she grows more and more agitated and erratic as her mind begins to unravel.",https://www.imdb.com/title/tt9362736/?ref_=sr_i_117,"['Enda Walsh', 'Lynne Ramsay', 'Alice Birch']",['Lynne Ramsay'],"['Jennifer Lawrence', 'Robert Pattinson', 'Sissy Spacek', 'Nick Nolte', 'LaKeith Stanfield', 'Kennedy Calderwood', 'Gabrielle Rose', 'Clare Coulter', 'Saylor McPherson', 'Kasmere Trice Stanfield']",,"$2,614,660","$12,216,636","$5,515,263","November 7, 2025",['United States'],"['Calgary, Alberta, Canada']","['Excellent Cadaver', 'Black Label Media', 'Sikelia Productions']","Nominated for 1 BAFTA Award, 7 wins & 49 nominations total","['Dark Comedy', 'Psychological Drama', 'Psychological Thriller', 'Drama', 'Thriller']",['English']
118. Sentimental Value,2025,2h 15m,R,7.7,84K,86.0,"An intimate exploration of family, memories, and the reconciliatory power of art.",https://www.imdb.com/title/tt27714581/?ref_=sr_i_118,"['Eskil Vogt', 'Joachim Trier']",['Joachim Trier'],"['Renate Reinsve', 'Stellan Skarsgård', 'Inga Ibsdotter Lilleaas', 'Elle Fanning', 'Anders Danielsen Lie', 'Jesper Christensen', 'Lena Endre', 'Cory Michael Smith', 'Catherine Cohen', 'Andreas Stoltenberg Granerud']","$7,800,000 (estimated)","$200,031","$23,883,986","$5,338,580","August 20, 2025","['Norway', 'Germany', 'Denmark', 'France', 'Sweden', 'United Kingdom', 'Turkey']","['Thomas Heftyes gate 25, Oslo, Norway (family house)']","['Mer Film', 'Eye Eye Pictures', 'MK2 Productions']","Won 1 Oscar, 75 wins & 317 nominations total","['Norwegian', 'Psychological Drama', 'Showbiz Drama', 'Drama', 'Family']","['Norwegian', 'English', 'French', 'Danish']"
119. Hurry Up Tomorrow,2025,1h 45m,R,4.2,13K,29.0,"An insomniac musician encounters a mysterious stranger, leading to a journey that challenges everything he knows about himself.",https://www.imdb.com/title/tt26927452/?ref_=sr_i_119,"['Trey Edward Shults', 'The Weeknd', 'Reza Fahim']",['Trey Edward Shults'],"['The Weeknd', 'Jenna Ortega', 'Barry Keoghan', 'Riley Keough', 'Ash T', 'Paul L. Davis', 'Sebastian Villalobos', 'Roman Mitichyan', 'Ibrahim Ivan Troy Simonin', 'Kiara Liz']","$15,000,000 (estimated)","$3,312,692","$7,763,862","$5,215,357","May 16, 2025",['United States'],,"['Lionsgate', 'Manic Phase', 'Live Nation Productions']","Awards, 1 win & 9 nominations total","['Psychological Thriller', 'Thriller']",['English']
120. Light of the World,2025,1h 31m,PG,6.4,911,,"Follows Jesus' life from ministry beginnings through crucifixion, resurrection, as seen through Apostle John's eyes.",https://www.imdb.com/title/tt33235979/?ref_=sr_i_120,"['David M. Armstrong', 'Drew Barton Armstrong', 'Jason Heaton']","['Tom Bancroft', 'John J. Schafer']","['Ian Hanlin', 'Benjamin Jacobson', 'Michael Benyaer', 'Sam Darkoh', 'Jesse Inocalla', 'David Kaye', 'Adam Kozlick', 'Dylan Leonard', 'Erin Mathews', 'Ceara Morgana']","$20,000,000 (estimated)","$2,401,374","$5,641,356","$5,213,377","September 5, 2025",['United States'],,['The Salvation Poem Project'],,"['Hand-Drawn Animation', 'Animation', 'Drama', 'Family']",['English']
121. Normal,2025,1h 31m,R,6.3,18K,63.0,Centers on a temporary small-town sheriff who uncovers dark mysteries after a local bank robbery.,https://www.imdb.com/title/tt31195136/?ref_=sr_i_121,"['Derek Kolstad', 'Bob Odenkirk']",['Ben Wheatley'],"['Bob Odenkirk', 'Ryan Allen', 'Billy MacLellan', 'Lena Headey', 'Henry Winkler', 'Reena Jolly', 'Brendan Fletcher', 'Peter Shinkoda', 'Jess McLeod', 'Alex MacMillan']","$17,000,000 (estimated)","$2,550,311","$6,068,324","$5,071,290","April 17, 2026","['United States', 'Canada']","['Winnipeg, Manitoba, Canada']","['OPE Partners', 'Amazon Prime Video', 'Apple TV+']","Awards, 1 nomination total","['Dark Comedy', 'Heist', 'Action', 'Crime', 'Thriller']","['English', 'Japanese']"
122. Chhaava,2025,2h 41m,TV-MA,7.3,45K,,"After the death of his father, warrior-king Sambhaji Maharaj battles Mughal forces led by Aurangzeb to keep the Maratha Empire alive.",https://www.imdb.com/title/tt27922706/?ref_=sr_i_122,"['Laxman Utekar', 'Rishi Virmani', 'Kaustubh Savarkar']",['Laxman Utekar'],"['Vicky Kaushal', 'Akshaye Khanna', 'Rashmika Mandanna', 'Ashutosh Rana', 'Divya Dutta', 'Vineet Kumar Singh', 'Neil Bhoopalam', 'Diana Penty', 'Pradeep Singh Rawat', 'Santosh Juvekar']",,"$1,790,000","$8,219,603","$4,800,000","February 14, 2025",['India'],,['Maddock Films'],"Awards, 11 wins & 33 nominations total","['Hindi', 'Action Epic', 'Costume Drama', 'Epic', 'Historical Epic', 'One-Person Army Action', 'Period Drama', 'Tragedy', 'Action', 'Drama']",['Hindi']
123. Stitch Head,2025,1h 32m,PG,5.8,1.1K,60.0,"A mad scientist ignores each of his creations when he shifts his attention to the next monster. His first creation, Stitch Head, searching for purpose, takes it upon himself to look after all the other monsters.",https://www.imdb.com/title/tt26720001/?ref_=sr_i_123,"['Guy Bass', 'Steve Hudson']",['Steve Hudson'],"['Asa Butterfield', 'Joel Fry', 'Tia Bannon', 'Alison Steadman', 'Rob Brydon', 'Seth Usdenov', 'Fern Brady', 'Jamali Maddix', 'Ryan Sampson', 'Rasmus Hardiker']",,"$2,017,601","$8,089,715","$4,562,943","October 29, 2025","['United Kingdom', 'France', 'Germany', 'Luxembourg']",,"['Gringo Films', 'Aniventure', ""Fabrique d'Images""]","Awards, 1 win & 5 nominations total","['Computer Animation', 'Animation', 'Comedy', 'Family', 'Fantasy', 'Horror']",['English']
124. Sisu: Road to Revenge,2025,1h 29m,R,6.8,37K,76.0,"A man returns to dismantle his family's house, where they were murdered in war, to rebuild it elsewhere. When the killer, a Red Army commander, tracks him down, a brutal cross-country pursuit begins.",https://www.imdb.com/title/tt31844586/?ref_=sr_i_124,['Jalmari Helander'],['Jalmari Helander'],"['Jorma Tommila', 'Stephen Lang', 'Richard Brake', 'Tommi Korpela', 'Kaspar Velberg', 'Pääru Oja', 'Erki Laur', 'Maksim Demidov', 'Mart Nurk', 'Riho Rosberg']","€11,000,000 (estimated)","$2,408,490","$9,811,703","$4,544,481","November 21, 2025","['Finland', 'United Kingdom', 'United States']",['Estonia'],"['Subzero Film Entertainment', 'Good Chaos', 'Cosmic Snowball']","Awards, 3 wins & 1 nomination total","['One-Person Army Action', 'Action', 'Thriller', 'War']","['English', 'Finnish']"
125. Tuner,2025,1h 47m,R,7.2,15K,75.0,"A talented piano tuner who suffers from hyperacusis discovers an unexpected aptitude for cracking safes, turning his life upside down.",https://www.imdb.com/title/tt33296751/?ref_=sr_i_125,"['Daniel Roher', 'Robert Ramsey']",['Daniel Roher'],"['Leo Woodall', 'Dustin Hoffman', 'Alisen Richmond-Peck', 'Ellyn Jameson', 'Tim Blair', 'Tovah Feldshuh', 'Jean Yoon', 'Havana Rose Liu', 'Nicola Correia-Damude', 'Lior Raz']",,"$104,420","$11,997,731","$4,488,714","May 29, 2026","['Canada', 'United States']","['Toronto, Ontario, Canada']","['Black Bear', 'Elevation Pictures', 'English Breakfast Productions']","Awards, 5 nominations total","['Heist', 'Crime', 'Drama', 'Music', 'Romance', 'Thriller']",['English']
126. The Secret Agent,2025,2h 41m,R,7.2,59K,91.0,"Amid the political turmoil of 1977 Brazil, a technology expert is forced into hiding and seeks help from the underground resistance as he tries to flee the country with his young son.",https://www.imdb.com/title/tt27847051/?ref_=sr_i_126,['Kleber Mendonça Filho'],['Kleber Mendonça Filho'],"['Robson Andrade', 'Wagner Moura', 'Rubens Santos', 'Licínio Januário', 'Joálisson Cunha', 'Marcelo Valle', 'Fabiana Pirro', 'Hermila Guedes', 'Márcio De Paula', 'Gregorio Graziosi']","R$27,000,000 (estimated)","$47,968","$19,291,654","$4,282,051","November 6, 2025","['Brazil', 'France', 'Mexico', 'Germany', 'Netherlands']","['Recife, Pernambuco, Brazil']","['CinemaScópio Produções', 'MK Productions', 'ONE TWO Films']","Nominated for 4 Oscars, 104 wins & 177 nominations total","['Portuguese', 'Epic', 'Period Drama', 'Political Thriller', 'Suspense Mystery', 'Crime', 'Drama', 'Mystery', 'Thriller']","['Portuguese', 'German', 'English']"
127. Keeper,2025,1h 39m,R,5.5,21K,54.0,"A romantic anniversary trip to a secluded cabin turns sinister when a dark presence reveals itself, forcing a couple to confront the property's haunting past.",https://www.imdb.com/title/tt32332404/?ref_=sr_i_127,['Nick Lepard'],['Osgood Perkins'],"['Tatiana Maslany', 'Rossif Sutherland', 'Birkett Turton', 'Eden Weiss', 'Cassandra Ebner', 'Tess Degenstein', 'Erin Boyes', 'Gina Vultaggio', 'Claire Friesen', 'Christin Park']","$6,000,000 (estimated)","$2,527,627","$6,250,312","$4,200,165","November 14, 2025","['Canada', 'United States']","['Vancouver, British Columbia, Canada']","['Oddfellows Pictures', 'Range Media Partners', 'Wayward Entertainment']","Awards, 1 win & 4 nominations total","['Body Horror', 'Folk Horror', 'Monster Horror', 'Psychological Horror', 'Supernatural Horror', 'Suspense Mystery', 'Tragedy', 'Horror', 'Mystery']",['English']
128. Nirvanna the Band the Show the Movie,2025,1h 40m,R,7.8,9.1K,79.0,"When their plan to book a show at the Rivoli goes horribly wrong, Matt and Jay accidentally travel back to the year 2008.",https://www.imdb.com/title/tt35522483/?ref_=sr_i_128,"['Matt Johnson', 'Jay McCarrol', 'Jared Raab']",['Matt Johnson'],"['Matt Johnson', 'Jay McCarrol', 'Ben Petrie', 'Ethan Eng', 'Michael Scott', 'Reid Janisse', 'Steve Hamelin', 'Luke Lalonde', 'Maddy Wilde', 'Mitch Derosier']","$2,000,000 (estimated)","$1,255,889","$5,191,174","$4,044,418","November 17, 2025",['Canada'],"['Toronto, Ontario, Canada']","['Zapruder Films', 'Crave', 'Ontario Creates']","Awards, 8 wins & 6 nominations total","['Buddy Comedy', 'Mockumentary', 'Time Travel', 'Adventure', 'Comedy', 'Sci-Fi']",['English']
129. Ella McCay,2025,1h 55m,PG-13,5.2,6.7K,39.0,An idealistic young woman juggles her family and work life in a comedy about the people you love and how to survive them.,https://www.imdb.com/title/tt30096221/?ref_=sr_i_129,['James L. Brooks'],['James L. Brooks'],"['Emma Mackey', 'Jamie Lee Curtis', 'Albert Brooks', 'Spike Fearn', 'Woody Harrelson', 'Rebecca Hall', 'Ayo Edebiri', 'Kumail Nanjiani', 'Jack Lowden', 'Julie Kavner']","$35,000,000 (estimated)","$2,020,541","$4,568,645","$4,033,242","December 12, 2025",['United States'],"['Providence, Rhode Island, USA']","['20th Century Studios', 'Gracie Films', 'TSG Entertainment']","Awards, 1 nomination total","['Comedy', 'Drama']",['English']
130. Shadow Force,2025,1h 44m,R,4.7,5.8K,27.0,"An estranged couple with a bounty on their heads must go on the run with their son to avoid their former employer, a unit of shadow ops that has been sent to kill them.",https://www.imdb.com/title/tt11092020/?ref_=sr_i_130,"['Leon Chills', 'Joe Carnahan']",['Joe Carnahan'],"['Kerry Washington', 'Omar Sy', 'Jahleel Kamara', 'Mark Strong', ""Da'Vine Joy Randolph"", 'Method Man', 'Marshall Cook', 'Ed Quinn', 'Marvin Jones III', 'Jénel Stevens']","$40,000,000 (estimated)","$2,151,852","$5,416,976","$3,933,483","May 9, 2025",['United States'],,"['Lionsgate', 'Media Capital Technologies', 'Made With Love Media']","Awards, 2 nominations total","['Conspiracy Thriller', 'Globetrotting Adventure', 'Action', 'Drama', 'Thriller']","['English', 'French', 'Spanish', 'German']"
131. Pillion,2025,1h 46m,Unrated,6.9,21K,85.0,"A directionless man is swept off his feet when an enigmatic, impossibly handsome biker takes him on as his submissive.",https://www.imdb.com/title/tt32321317/?ref_=sr_i_131,"['Harry Lighton', 'Adam Mars-Jones']",['Harry Lighton'],"['Harry Melling', 'Alexander Skarsgård', 'Douglas Hodge', 'Lesley Sharp', 'Jake Shears', 'Mat Hill', 'Nick Figgis', 'Zoe Engerer', 'Jake Sharp', 'Jacob Carter']",,"$241,769","$6,669,795","$3,852,823","February 27, 2026","['Ireland', 'United Kingdom']","['The Chequers Pub, Cray Road, Crockenhill, Swanley, Kent, England, UK']","['BBC Film', 'British Film Institute (BFI)', 'Fremantle Picturehouse Entertainment']","Nominated for 3 BAFTA Awards, 17 wins & 35 nominations total","['Dark Comedy', 'Psychological Drama', 'Raunchy Comedy', 'Steamy Romance', 'Comedy', 'Drama', 'Romance']",['English']
132. Exit 8,2025,1h 35m,PG-13,6.5,27K,71.0,"A man becomes increasingly desperate when he realizes he is trapped in a subway station, needing to complete a mission to get out.",https://www.imdb.com/title/tt35222590/?ref_=sr_i_132,"['Kotake Create', 'Kentaro Hirase', 'Genki Kawamura']",['Genki Kawamura'],"['Kazunari Ninomiya', 'Yamato Kochi', 'Naru Asanuma', 'Kotone Hanase', 'Hirota Ôtsuka', 'Tara Nakashima', 'Reo Soda', 'Mikio Ueda', 'Hikaru Kaihotsu', 'Nana Komatsu']",,"$1,435,789","$43,892,680","$3,735,090","August 29, 2025",['Japan'],"['Tokyo, Japan']","['AOI Promotion', 'Story', 'Toho']","Awards, 2 wins & 5 nominations total","['Japanese', 'Body Horror', 'Folk Horror', 'Monster Horror', 'Psychological Horror', 'Psychological Thriller', 'Supernatural Horror', 'Action', 'Adventure', 'Horror']",['Japanese']
133. Colorful Stage! The Movie: A Miku Who Can't Sing,2025,1h 50m,PG,6.4,1.5K,,Shibuya teen musician Ichika meets Hatsune Miku after hearing her song in a store. The pair work together to help Miku forge emotional connections through music.,https://www.imdb.com/title/tt33050528/?ref_=sr_i_133,['Yoko Yonaiyama'],['Hiroyuki Hata'],"['Masaki Aizawa', 'Akina', 'Yurina Amami', 'Yu Asakawa', 'Ryosuke Asano', 'Kou Bonkobara', 'Deco 27', 'Maya Enoyoshi', 'Naoto Fuga', 'Sho Fujisawa']",,"$2,826,012","$14,721,666","$3,661,284","April 11, 2025",['Japan'],,"['Colorful Palette', 'Crypton Future Media', 'CyberAgent']",,"['Japanese', 'Anime', 'Epic', 'Hand-Drawn Animation', 'Pop Musical', 'Teen Drama', 'Animation', 'Drama', 'Fantasy', 'Music']",['Japanese']
134. Saiyaara,2025,2h 30m,TV-14,6.3,60K,,"Heartbroken after being ditched at the altar, Vaani meets angry, struggling musician Krish. Her poetry ignites his songs and their passionate love. But as fame rises, her fading memories threaten to erase everything.",https://www.imdb.com/title/tt28037987/?ref_=sr_i_134,"['Sankalp Sadanah', 'Rohan Shankar']",['Mohit Suri'],"['Ahaan Panday', 'Aneet Padda', 'Rajesh Kumar', 'Geeta Agrawal Sharma', 'Anngad Raaj', 'Varun Badola', 'Shaad Randhawa', 'Sid Makkar', 'Shaan R Grover', 'Alam Khan']",,"$159,024","$12,903,760","$3,359,480","July 18, 2025",['India'],,['Yash Raj Films'],"Awards, 39 wins & 24 nominations total","['Hindi', 'Pop Musical', 'Drama', 'Musical', 'Romance']",['Hindi']
135. 2025 Oscar Nominated Short Films: Live Action,2025,1h 44m,,7.7,66,,ShortTV's annual compilation film showcasing the five 2025 Oscar-nominated contending for short films in Best Live-Action Short Film category.,https://www.imdb.com/title/tt35115983/?ref_=sr_i_135,[],[],,,"$852,364","$3,275,477","$3,275,477","February 14, 2025",,,,,[],[]
136. After the Hunt,2025,2h 18m,R,5.7,24K,52.0,A college professor finds herself at a personal and professional crossroads when a star pupil levels an accusation against one of her colleagues and a dark secret from her own past threatens to come to light.,https://www.imdb.com/title/tt32159989/?ref_=sr_i_136,['Nora Garrett'],['Luca Guadagnino'],"['Julia Roberts', 'Ayo Edebiri', 'Andrew Garfield', 'Michael Stuhlbarg', 'Chloë Sevigny', 'Lío Mehiel', 'David Leiber', 'Thaddea Graham', 'Will Price', 'Christine Dye']",,"$158,679","$9,438,040","$3,258,830","October 17, 2025","['United States', 'Italy']","['Cambridge, Cambridgeshire, England, UK']","['Amazon MGM Studios', 'Imagine Entertainment', 'Frenesy Film Company']","Awards, 2 wins & 9 nominations total","['Psychological Drama', 'Psychological Thriller', 'Crime', 'Drama', 'Thriller']","['English', 'German', 'Italian', 'French']"
137. Jujutsu Kaisen: Hidden Inventory / Premature Death - The Movie,2025,1h 50m,,7.9,2.6K,,"Once-friends Gojo and Geto must protect Riko Amanai, marked as the Star Plasma Vessel sacrifice. Hunted by cultists and curse users, these powerful sorcerers face a mission that will test their limits and shape their futures.",https://www.imdb.com/title/tt36956670/?ref_=sr_i_137,"['Gege Akutami', 'Hiroshi Seko', 'Jeff Nimoy']","['Shouta Goshozono', 'Yôsuke Takada']","['Ryan Bartley', 'Reba Buhr', 'Amber Lee Connors', 'Robbie Daymond', 'Aya Endô', 'Takehito Koyasu', 'Anjali Kunapaneni', 'Lex Lang', 'Mick Lauer', 'Ryan Colt Levy']",,"$442,799","$9,368,088","$3,257,365","July 16, 2025",['Japan'],,"['Mappa', 'Toho Animation']",,"['Japanese', 'Adult Animation', 'Anime', 'Hand-Drawn Animation', 'Shōnen', 'Action', 'Animation', 'Fantasy']",['Japanese']
138. War 2,2025,2h 50m,TV-MA,5.1,34K,,"Working as a mercenary, Kabir accepts a high-risk mission for a criminal network. But soon, his task pits him against his unflinching former ally.",https://www.imdb.com/title/tt27425164/?ref_=sr_i_138,"['Aditya Chopra', 'Shridhar Raghavan', 'Abbas Tyrewala']",['Ayan Mukerji'],"['Hrithik Roshan', 'N.T. Rama Rao Jr.', 'Kiara Advani', 'Ashutosh Rana', 'Anil Kapoor', 'Varun Badola', 'Arista Mehta', 'Vijay Vikram Singh', 'K.C. Shankar', 'Reshma Bombaywala']","₹3,000,000,000 (estimated)","$1,677,835","$6,207,333","$3,087,065","August 14, 2025",['India'],"['Salamanca, Castilla y León, Spain (Plaza de Anaya)']",['Yash Raj Films'],"Awards, 3 nominations total","['Hindi', 'Spy Universe Yash Raj Films', 'Action Epic', 'Globetrotting Adventure', 'Spy', 'Action', 'Adventure', 'Thriller']","['Hindi', 'Telugu', 'Tamil']"
139. Rule Breakers,2025,2h,PG,6.6,1.2K,55.0,"In a nation where educating girls is rebellion, a visionary woman sparks hope and opposition. Their courage ignites a movement that could transform their nation forever.",https://www.imdb.com/title/tt23398348/?ref_=sr_i_139,"['Jason Brown', 'Bill Guttentag', 'Elaha Mahboob']",['Bill Guttentag'],"['Nikohl Boosheri', 'Ali Fazal', 'Phoebe Waller-Bridge', 'Mustapha Adidou', 'Amber Afzali', 'Waj Ali', 'Gracie Anderson', 'Attila Árpa', 'Mansour Badri', 'Tarik Belmekki']","$8,000,000 (estimated)","$1,503,826","$2,997,909","$2,969,825","March 7, 2025",['United States'],"['Marrakech, Morocco (Herat, Afghanistan)']",['Parallax Productions'],"Awards, 3 wins & 1 nomination total","['Coming-of-Age', 'Drama']",['English']
140. Dangerous Animals,2025,1h 38m,R,6.4,37K,65.0,"When Zephyr, a savvy and free-spirited surfer, is abducted by a shark-obsessed serial killer and held captive on his boat, she must figure out how to escape before he carries out a ritualistic feeding to the sharks below.",https://www.imdb.com/title/tt32299316/?ref_=sr_i_140,['Nick Lepard'],['Sean Byrne'],"['Hassie Harrison', 'Jai Courtney', 'Josh Heuston', 'Ella Newton', 'Liam Greinke', 'Rob Carlton', 'Ali Basoka', 'Michael Goldman', 'Carla Haynes', 'Dylan Eastland']","$4,000,000 (estimated)","$1,563,961","$9,307,295","$2,738,137","June 6, 2025","['Australia', 'United States', 'Canada']","['Gold Coast, Queensland, Australia (Beach)']","['LD Entertainment', 'Brouhaha Entertainment', 'Range Media Partners']","Awards, 9 nominations total","['Psychological Horror', 'Psychological Thriller', 'Horror', 'Thriller']","['English', 'Dutch']"
141. Eleanor the Great,2025,1h 38m,PG-13,6.7,7.4K,52.0,"After a devastating loss, witty and proudly troublesome Eleanor Morgenstein, 94, tells a tale that takes on its own dangerous life.",https://www.imdb.com/title/tt30268321/?ref_=sr_i_141,['Tory Kamen'],['Scarlett Johansson'],"['June Squibb', 'Erin Kellyman', 'Chiwetel Ejiofor', 'Jessica Hecht', 'Rita Zohar', 'Will Price', 'Lauren Klein', 'Stephen Singer', 'Beth Goodrich', 'Elaine Bromka']",,"$894,686","$4,817,489","$2,607,002","September 26, 2025",['United States'],,"['Pinky Promise', 'Maven Pictures', 'These Pictures']","Awards, 2 wins & 14 nominations total",['Drama'],"['English', 'Yiddish']"
142. The Testament of Ann Lee,2025,2h 16m,R,6.5,9.7K,80.0,"Ann Lee, the founding leader of the Shaker Movement, is proclaimed as the female Christ by her followers. This film depicts her establishment of a utopian society and the Shakers' worship through song and dance, based on real events.",https://www.imdb.com/title/tt34819091/?ref_=sr_i_142,"['Brady Corbet', 'Mona Fastvold']",['Mona Fastvold'],"['Amanda Seyfried', 'Lewis Pullman', 'Thomasin McKenzie', 'Matthew Beard', 'Christopher Abbott', 'Viola Prettejohn', 'David Cale', 'Stacy Martin', 'Scott Handy', 'Jeremy Wheeler']",,"$74,796","$4,197,171","$2,515,020","January 23, 2026","['United States', 'United Kingdom']","['Budapest, Hungary (outdoor and indoor sets)']","['Annapurna Pictures', 'Kaplan Morrison', 'Intake Films']","Awards, 8 wins & 58 nominations total","['Period Drama', 'Biography', 'Drama', 'History', 'Musical']",['English']
143. Spinal Tap II: The End Continues,2025,1h 23m,R,6.4,9.6K,57.0,The band reunite after a 15-year break for one final concert.,https://www.imdb.com/title/tt20222166/?ref_=sr_i_143,"['Christopher Guest', 'Michael McKean', 'Rob Reiner']",['Rob Reiner'],"['Christopher Guest', 'Michael McKean', 'Harry Shearer', 'Rob Reiner', 'Valerie Franco', 'CJ Vanston', 'Jean Cromie', 'Kerry Godliman', 'Garth Brooks', 'Trisha Yearwood']",,"$1,612,395","$3,344,424","$2,508,554","September 12, 2025",['United States'],"['New Orleans, Louisiana, USA']",['Castle Rock Entertainment'],"Awards, 1 win total","['Mockumentary', 'Parody', 'Satire', 'Comedy', 'Music']",['English']
144. Merrily We Roll Along,2025,2h 25m,PG-13,7.2,1.8K,78.0,"Spanning three decades, the turbulent relationship between a composer and his two lifelong friends, a writer and a lyricist and playwright.",https://www.imdb.com/title/tt32641442/?ref_=sr_i_144,"['George Furth', 'George S. Kaufman', 'Moss Hart']",['Maria Friedman'],"['Daniel Radcliffe', 'Jonathan Groff', 'Lindsay Mendez', 'Krystal Joy Brown', 'Katie Rose Clarke', 'Reg Rogers', 'Max Rackenberg', 'Sherz Aletaha', 'Brianna Stoute', 'Leana Rae Concepcion']",,"$1,308,947","$2,669,435","$2,508,329","December 5, 2025",['United States'],,"['Radical Media', 'RadicalMedia']","Awards, 2 nominations total",['Musical'],['English']
145. The Legend of Ochi,2025,1h 35m,PG,5.8,10K,67.0,"In a remote village on the island of Carpathia, a shy girl is raised to fear an elusive animal species known as ochi. But when she discovers a wounded baby ochi has been left behind, she escapes on a quest to bring him home.",https://www.imdb.com/title/tt8866456/?ref_=sr_i_145,['Isaiah Saxon'],['Isaiah Saxon'],"['Helena Zengel', 'Willem Dafoe', 'Emily Watson', 'Finn Wolfhard', 'Razvan Stoica', 'Carol Bors', 'Andrei Antoniu Anghel', 'David Andrei Baltatu', 'Eduard Mihail Oancea', 'Tomas Otto Ghela']","$10,000,000 (estimated)","$52,514","$4,872,389","$2,475,373","April 25, 2025","['United States', 'Finland', 'United Kingdom']",['Romania'],"['A24', 'Access Entertainment', 'IPR.VC']","Awards, 4 nominations total","['Quest', 'Teen Adventure', 'Teen Fantasy', 'Adventure', 'Family', 'Fantasy']",['English']
146. Coolie,2025,2h 48m,Not Rated,6.0,24K,,A mysterious man takes a stand against a corrupt syndicate exploiting and abusing the workers of a port town.,https://www.imdb.com/title/tt27441481/?ref_=sr_i_146,"['Chandhru Anbazhagan', 'Lokesh Kanagaraj']",['Lokesh Kanagaraj'],"['Rajinikanth', 'Nagarjuna Akkineni', 'Soubin Shahir', 'Upendra', 'Aamir Khan', 'Shruti Haasan', 'Sathyaraj', 'Pooja Hegde', 'Rachita Ram', 'Kanna Ravi']",,"$2,450,000","$7,501,962","$2,450,000","August 14, 2025",['India'],"['Vishakhapatnam, Andhra Pradesh, India']",['Sun Pictures'],,"['Tamil', 'One-Person Army Action', 'Action', 'Crime', 'Thriller']",['Tamil']
"147. Sorry, Baby",2025,1h 43m,R,7.1,25K,90.0,"After a tragic event, a woman finds herself alone while everyone else continues with their lives as if nothing had happened.",https://www.imdb.com/title/tt32843349/?ref_=sr_i_147,['Eva Victor'],['Eva Victor'],"['Eva Victor', 'Naomi Ackie', 'Louis Cancelmi', 'Kelly McCormack', 'Lucas Hedges', 'John Carroll Lynch', 'Hettienne Park', 'E.R. Fightmaster', 'Cody Reiss', 'Jordan Mendoza']","$1,500,000 (estimated)","$86,492","$3,446,512","$2,418,280","July 25, 2025","['United States', 'Spain', 'France']","[""Ipswich, Massachusetts, USA (College, and Decker's house at 27 County Street)""]","['Tango Entertainment (III)', 'High Frequency Entertainment', 'Big Beach']","Awards, 36 wins & 114 nominations total","['Dark Comedy', 'Psychological Drama', 'Comedy', 'Drama']",['English']
148. Dead Man's Wire,2025,1h 44m,R,6.4,12K,67.0,"On February 8, 1977, Tony Kiritsis entered the office of Richard Hall, president of the Meridian Mortgage Company, and took him hostage with a sawed-off shotgun wired with a ""dead man's wire"" from the trigger to Tony's own neck.",https://www.imdb.com/title/tt15181326/?ref_=sr_i_148,['Austin Kolodney'],['Gus Van Sant'],"['Bill Skarsgård', 'Dacre Montgomery', 'Al Pacino', 'Colman Domingo', ""Myha'la"", 'Cary Elwes', 'Kelly Lynch', 'John Robinson', 'Todd Gable', 'Mark Helms']","$13,000,000 (estimated)","$150,659","$3,734,402","$2,236,813","January 16, 2026",['United States'],"['Louisville, Kentucky, USA']","['Elevated Films (II)', 'Pressman Film', 'Pinstripes']","Awards, 2 wins & 3 nominations total","['Dark Comedy', 'Docudrama', 'Period Drama', 'True Crime', 'Biography', 'Crime', 'Drama', 'History', 'Thriller']",['English']
149. Detective Chinatown 1900,2025,2h 16m,,6.0,1.9K,,"In 1900, a white woman was murdered in Chinatown in San Francisco, and the suspect was a Chinese man. The murder caused social shock, and people demanded the closure of Chinatown.",https://www.imdb.com/title/tt34463310/?ref_=sr_i_149,['Sicheng Chen'],"['Sicheng Chen', 'Mo Dai']","['Baoqiang Wang', 'Haoran Liu', 'Chow Yun-Fat', 'White-K', 'Steven Zhang', 'Yunpeng Yue', 'John Cusack', 'Anastasiya Shestakova', 'Tai-Bo', 'Yutian Wang']",,"$749,920","$500,282,092","$2,229,946","January 29, 2025",['China'],,"['As One Productions', 'Beijing Happy Film Industry', 'Beijing Yitong Chuanqi Film Culture']","Awards, 18 wins & 18 nominations total","['Mandarin', 'Period Drama', 'Whodunnit', 'Comedy', 'Drama', 'Mystery']","['Mandarin', 'English', 'Navajo']"
150. Blue Moon,2025,1h 40m,R,6.8,25K,78.0,"Tells the story of Lorenz Hart's struggles with alcoholism and mental health as he tries to save face during the opening of ""Oklahoma!"".",https://www.imdb.com/title/tt32536315/?ref_=sr_i_150,"['Robert Kaplow', 'Lorenz Hart', 'Elizabeth Weiland']",['Richard Linklater'],"['Ethan Hawke', 'Bobby Cannavale', 'Andrew Scott', 'Margaret Qualley', 'Patrick Kennedy', 'Jonah Lees', 'Simon Delaney', 'Giles Surridge', 'Cillian Sullivan', 'Michael James Ford']",,"$65,593","$3,569,263","$2,170,688","October 24, 2025","['Ireland', 'United States']",,"['Sony Pictures Classics', 'Renovo Media Group', 'Detour Pictures']","Nominated for 2 Oscars, 17 wins & 74 nominations total","['Psychological Drama', 'Biography', 'Comedy', 'Drama', 'History', 'Music', 'Romance']","['English', 'Hebrew']"
151. Game Changer,2025,2h 45m,,5.0,29K,,An honest IAS officer's fight against a corrupt political system through fair and transparent elections.,https://www.imdb.com/title/tt14209618/?ref_=sr_i_151,"['Ranjeet Bahadur', 'Sai Madhav Burra', 'Rajendra Sapre']",['Shankar Shanmugham'],"['Ram Charan', 'Kiara Advani', 'Sankalpa Banerjee', 'Anjali', 'S.J. Suryah', 'Meka Srikanth', 'Sunil', 'Jayaram', 'Samuthirakani', 'Brahmanandam']",,"$2,100,000","$2,849,061","$2,100,000","January 10, 2025",['India'],,"[""Benay's Bird & Animal Source"", 'Sri Venkateswara Creations', 'Zee Studios']",,"['Telugu', 'One-Person Army Action', 'Political Drama', 'Political Thriller', 'Action', 'Drama', 'Thriller']",['Telugu']
152. The Wedding Banquet,2025,1h 43m,R,6.3,4.5K,68.0,"A gay man makes a deal with his lesbian friend: a green-card marriage for him, in exchange for in vitro fertilization treatments for her. Plans evolve as Min's grandmother surprises them with a Korean wedding banquet.",https://www.imdb.com/title/tt32214413/?ref_=sr_i_152,"['Andrew Ahn', 'James Schamus', 'Ang Lee']",['Andrew Ahn'],"['Bowen Yang', 'Lily Gladstone', 'Kelly Marie Tran', 'Han Gi-Chan', 'Joan Chen', 'Youn Yuh-jung', 'Bobo Le', 'Camille Atebe', 'Jeffrey Liang', 'Emma Yi']",,"$918,598","$2,450,072","$2,090,228","April 18, 2025",['United States'],"['Vancouver, British Columbia, Canada']","['Scythia Films', 'Bleecker Street Media', 'Kindred Spirit']","Awards, 3 wins & 11 nominations total","['Feel-Good Romance', 'Romantic Comedy', 'Comedy', 'Drama', 'Romance']","['English', 'Korean']"
"153. Oh, Hi!",2025,1h 35m,R,6.1,10K,62.0,Iris and Isaac's first romantic weekend getaway goes awry in a most unexpected way.,https://www.imdb.com/title/tt33292655/?ref_=sr_i_153,"['Sophie Brooks', 'Molly Gordon']",['Sophie Brooks'],"['Molly Gordon', 'Logan Lerman', 'Geraldine Viswanathan', 'John Reynolds', 'David Cross', 'Polly Draper', 'Desmin Borges', 'Jimmy Gary Jr.', 'Ruben Ortiz', 'Tabitha Lawing']",,"$1,151,572","$2,087,693","$2,082,113","July 25, 2025",['United States'],"['Hudson Valley, New York, USA']","['Cliffbrook Films', 'Watermark Media', 'QWGmire']","Awards, 2 nominations total","['Dark Comedy', 'Comedy']",['English']
154. Sight & Sound Presents: NOAH Live,2025,2h 45m,,6.1,29,,"As a massive storm approaches, Noah must build a boat to save his family and two of each animal from a worldwide flood, while keeping faith in God's promises despite the chaos around him.",https://www.imdb.com/title/tt37896717/?ref_=sr_i_154,[],"['Joe Dignoti', 'Tom Sharpes']","['Joe Dignoti', 'Tom Sharpes']",,"$1,337,568","$2,059,719","$2,059,719","September 18, 2025",['United States'],,['Sight & Sound Theatres'],,['Musical'],['English']
155. Charlie the Wonderdog,2025,1h 35m,PG,5.2,803,,"A dog gains superpowers after he is abducted by aliens. Together, they battle an evil cat threatening humanity while the dog becomes a famous superhero.",https://www.imdb.com/title/tt29612071/?ref_=sr_i_155,"['Steve Ball', 'Raul Inglis', 'Shea Wageman']",['Shea Wageman'],"['Owen Wilson', 'Vincent Tong', 'Tabitha St. Germain', 'Rhona Rees', 'Shawn Youngchief', 'Anthony Bolognese', 'Sebastian Billingsley-Rodriguez', 'Lindsay Gibson', 'Mela Pietropaolo', 'Emily Delahunty']",,"$781,550","$7,838,740","$2,003,436","January 16, 2026",['Canada'],,"['ICON Creative Studio', 'Centurion Pictures']",,"['Animal Adventure', 'Animation', 'Comedy', 'Family']",['English']
156. Opus,2025,1h 44m,R,5.7,14K,42.0,"A writer travels to the compound of a pop icon who disappeared years ago. Surrounded by his cult of sycophants, as well as a group of fellow journalists, she soon discovers his twisted plans for the gathering.",https://www.imdb.com/title/tt29929565/?ref_=sr_i_156,['Mark Anthony Green'],['Mark Anthony Green'],"['Ayo Edebiri', 'John Malkovich', 'Juliette Lewis', 'Murray Bartlett', 'Melissa Chambers', 'Tony Hale', 'Stephanie Suganami', 'Mark Sivertsen', 'Amber Midthunder', 'Tatanka Means']","$10,000,000 (estimated)","$1,033,117","$2,196,593","$1,993,397","March 14, 2025",['United States'],"['New Mexico, USA (Cult Compound)']","['A24', 'Macro', 'Makeready']","Awards, 2 nominations total","['Psychological Drama', 'Psychological Thriller', 'Drama', 'Music', 'Thriller']",['English']
157. Christy,2025,2h 15m,R,6.6,18K,58.0,"The life and the incredible career of Christy Martin, the most successful female boxer of the 1990s.",https://www.imdb.com/title/tt32323252/?ref_=sr_i_157,"['Mirrah Foulkes', 'David Michôd', 'Katherine Fugate']",['David Michôd'],"['Sydney Sweeney', 'Coleman Pedigo', 'Merritt Wever', 'Ethan Embry', 'Jess Gabor', 'Mamie Garard', 'James Self', 'Bill Kelly', 'Miles Mussenden', ""Walter 'Buddy' Carter""]","$15,000,000 (estimated)","$1,310,888","$2,343,418","$1,952,677","November 7, 2025",['United States'],"['Charlotte, North Carolina, USA']","['Black Bear', 'Anonymous Content', 'Votiv Films']","Awards, 2 wins & 6 nominations total","['Boxing', 'Docudrama', 'Epic', 'Period Drama', 'Biography', 'Drama', 'History', 'Sport']",['English']
158. Back to the Past,2025,1h 47m,,6.0,1.2K,,"After losing everything for a crime he didn't commit, Ken vows to travel back to the Qin Dynasty and reclaim everything he lost by usurping the throne.",https://www.imdb.com/title/tt33348127/?ref_=sr_i_158,"['Xin He', 'June Zhong']","['Jack Lai', 'Yuen Fai Ng']","['Louis Koo', 'Raymond Lam', 'Jessica Hester Hsuan', 'Sonija Kwok', 'Joyce Tang Lai-Ming', 'Jimmy Au', 'Baihe Bai', 'Andrew Tsun-Ting Chan', 'Kwok-Pong Chan', 'Louis Cheung']","HK$350,000,000 (estimated)","$695,019","$15,041,950","$1,949,379","January 30, 2026",['Hong Kong'],,"['China Star Movie', 'Huace Pictures', 'One Cool Film Production']","Awards, 11 nominations total","['Cantonese', 'Time Travel', 'Action', 'Adventure', 'Comedy', 'Sci-Fi']",['Cantonese']
159. Pets on a Train,2025,1h 27m,PG,6.0,1.4K,,"When a crew of animal bandits embark on a routine swindle, they find themselves caught up in a train heist. It's up to Falcon, a petty thief raccoon, and Rex, a righteous police-dog, to save the animals on this high-speed runaway train.",https://www.imdb.com/title/tt36424914/?ref_=sr_i_159,"['Eric Tosti', 'David Alaux', 'Jean-François Tosti']","['Benoît Daffis', 'Jean-Christian Tassy']","['Damien Ferrette', 'Hervé Jolly', 'Kaycie Chase', 'Frantz Confiac', 'Emmanuel Garijo', 'Nicolas Marié', 'Stéphane Ronchewski', 'Sébastien Desjours', 'Ciara Hicks', 'Patrick Abellard']",,"$821,777","$13,876,324","$1,902,241","July 18, 2025",['France'],,"['TAT Productions', 'Apollo Films', 'France 3 Cinéma']",,"['French', 'Animal Adventure', 'Computer Animation', 'Road Trip', 'Action', 'Animation', 'Comedy', 'Family', 'Thriller']",['French']
160. Splitsville,2025,1h 44m,R,6.4,17K,73.0,"When Ashley asks for a divorce, the good-natured Carey runs to his friends, Julie and Paul, for support. Their secret to happiness is an open marriage; that is, until Carey crosses the line and throws all of their relationships into chaos.",https://www.imdb.com/title/tt33247023/?ref_=sr_i_160,"['Michael Angelo Covino', 'Kyle Marvin']",['Michael Angelo Covino'],"['Dakota Johnson', 'Adria Arjona', 'Kyle Marvin', 'Michael Angelo Covino', 'Simon Webster', 'Charlie Gillespie', 'David Castañeda', 'O-T Fagbenle', 'Nahéma Ricci', 'Tyrone Benskin']",,"$108,315","$3,487,610","$1,900,750","September 5, 2025",['United States'],"['Montréal, Québec, Canada']","['Watch This Ready', 'Neon', 'TeaTime Pictures']","Awards, 1 win & 11 nominations total","['Dark Comedy', 'Comedy']",['English']
161. In the Lost Lands,2025,1h 41m,R,4.7,18K,41.0,"A queen sends the powerful and feared sorceress Gray Alys to the ghostly wilderness of the Lost Lands in search of a magical power, where the sorceress and her guide, the drifter Boyce, must outwit and outfight man and demon.",https://www.imdb.com/title/tt4419684/?ref_=sr_i_161,"['Constantin Werner', 'Paul W.S. Anderson', 'George R.R. Martin']",['Paul W.S. Anderson'],"['Milla Jovovich', 'Dave Bautista', 'Arly Jover', 'Amara Okereke', 'Fraser James', 'Simon Lööf', 'Deirdre Mullins', 'Sebastian Stankiewicz', 'Tue Lunding', 'Jacek Dzisiewicz']","$55,000,000 (estimated)","$1,072,019","$6,531,841","$1,870,305","March 7, 2025","['Germany', 'United States', 'Switzerland', 'Poland', 'Canada']","['Kraków, Malopolskie, Poland (Alvernia Studios)']","['Constantin Film', 'Dream Bros. Entertainment', 'Rusalka Film']","Awards, 3 nominations total","['Dark Fantasy', 'Supernatural Fantasy', 'Survival', 'Werewolf Horror', 'Witch Horror', 'Action', 'Adventure', 'Fantasy', 'Horror']",['English']
162. Creation of the Gods II: Demon Force,2025,2h 25m,,6.2,1.9K,,"Taishi Wen Zhong led the army of Shang Dynasty including Deng Chanyu and four generals of the Mo Family to Xiqi. With the help of Kunlun immortals such as Jiang Ziya, Ji Fa led the army and civilians of Xiqi to defend their homeland.",https://www.imdb.com/title/tt32843325/?ref_=sr_i_162,"['Ping Ran', 'Jianan Ran', 'Cao Sheng']",['Wuershan'],"['Huang Bo', 'Yosh Yu', 'Nashi', 'Chen Muchi', 'Xuejian Li', 'Kris Phillips', 'Naran', 'Hsing-Kuo Wu', 'Swanson Han', 'Yafan Wu']",,"$1,268,131","$3,793,795","$1,853,487","January 29, 2025",['China'],,"['Alibaba Pictures Group', 'Beijing Culture', 'Highlights Entertainment']","Awards, 4 wins & 7 nominations total","['Mandarin', 'Costume Drama', 'Fantasy Epic', 'Action', 'Drama', 'Fantasy', 'War']","['Mandarin', 'Chinese']"
163. The Christophers,2025,1h 40m,R,6.8,4.3K,79.0,"The children of a once famous artist hire a forger to complete some unfinished, long ago abandoned canvases so they'll have an inheritance when he dies.",https://www.imdb.com/title/tt34966562/?ref_=sr_i_163,['Ed Solomon'],['Steven Soderbergh'],"['Michaela Coel', 'Ian McKellen', 'Jessica Gunning', 'Dmitri Prokopiev', 'James Corden', 'Tilly Botsford', 'Daniel Fearn', 'Lucy McCormick', 'Le Fil', 'Dallas Campbell']",,"$80,672","$4,911,933","$1,807,376","May 15, 2026","['United Kingdom', 'United States']","['Fitzrovia, London, England, UK']",['Department M'],"Awards, 1 win & 1 nomination total","['Dark Comedy', 'Comedy', 'Drama']",['English']
164. It Was Just an Accident,2025,1h 43m,PG-13,7.4,37K,91.0,"An unassuming mechanic is reminded of his time in an Iranian prison when he encounters a man he suspects to be his sadistic jailhouse captor. Panicked, he rounds up a few of his fellow ex-prisoners to confirm the man's identity.",https://www.imdb.com/title/tt36491653/?ref_=sr_i_164,"['Jafar Panahi', 'Nader Saeivar', 'Shadmehr Rastin']",['Jafar Panahi'],"['Vahid Mobasseri', 'Mariam Afshari', 'Ebrahim Azizi', 'Hadis Pakbaten', 'Majid Panahi', 'Mohamad Ali Elyasmehr', 'Delmaz Najafi', 'Afssaneh Najmabadi', 'George Hashemzadeh', 'Omid Reza']",,"$68,294","$10,486,534","$1,773,664","October 15, 2025","['Iran', 'France', 'Luxembourg']",,"['Jafar Panahi Film Productions', 'Les Films Pelléas', 'Bidibul Productions']","Nominated for 2 Oscars, 41 wins & 134 nominations total","['Persian', 'Dark Comedy', 'Political Drama', 'Prison Drama', 'Psychological Drama', 'Tragedy', 'Crime', 'Drama', 'Mystery', 'Thriller']","['Persian', 'Azerbaijani']"
165. Kuberaa,2025,3h 1m,,6.4,9.5K,,"A beggar undergoes a dramatic transformation, exploring themes of greed, ambition, and moral dilemmas faced by the characters leading to a quest for redemption.",https://www.imdb.com/title/tt23846482/?ref_=sr_i_165,"['Divya Prakash Dubey', 'Krishnakant Jonnalgadda', 'Sekhar Kammula']",['Sekhar Kammula'],"['Dhanush', 'Nagarjuna Akkineni', 'Rashmika Mandanna', 'Jim Sarbh', 'Bhagyaraj', 'Dalip Tahil', 'Sayaji Shinde', 'Hareesh Peradi', 'Sunaina Yella', 'Saurav Khurana']",,"$1,750,000","$2,250,518","$1,750,000","June 20, 2025",['India'],,"['Amigos Creations', 'Mugafi', 'Sree Venkateswara Cinemas']",,"['Telugu', 'Political Thriller', 'Action', 'Crime', 'Drama', 'Thriller']","['Telugu', 'Tamil', 'Hindi', 'Malayalam', 'Kannada']"
166. Sirat,2025,1h 54m,R,7.0,35K,84.0,"A father, accompanied by his son, goes looking for his missing daughter in North Africa.",https://www.imdb.com/title/tt32298285/?ref_=sr_i_166,"['Santiago Fillol', 'Oliver Laxe']",['Oliver Laxe'],"['Sergi López', 'Bruno Núñez Arjona', 'Stefania Gadda', 'Joshua Liam Herderson', ""Richard 'Bigui' Bellamy"", 'Tonin Janvier', 'Jade Oukid', 'Ahmed Abbou', 'Abdellilah Madrari', 'Mohamed Madrari']",,"$34,057","$13,062,797","$1,745,755",January 2026,"['Spain', 'France']","['Villarquemado, Teruel, Aragón, Spain (vehicle stalled on mountain road, filmed in a quarry, about: 40°30\'21""N, 1°13\'46""W)']","['Filmes da Ermida', 'El Deseo', 'Uri Films']","Nominated for 2 Oscars, 47 wins & 106 nominations total","['Spanish', 'Psychological Drama', 'Psychological Thriller', 'Road Trip', 'Action', 'Adventure', 'Drama', 'Music', 'Mystery', 'Thriller']","['Spanish', 'French', 'English', 'Arabic', 'Catalan']"
167. Green and Gold,2025,1h 45m,,6.7,1.2K,59.0,"A struggling family farmer wagers everything on a high-stakes Championship bet, while his granddaughter's musical ambitions could be their ticket to a new beginning.",https://www.imdb.com/title/tt15143042/?ref_=sr_i_167,"['Missy Mareau Garcia', 'Michael Graf', 'Anders Lindwall']",['Anders Lindwall'],"['Brandon Sklenar', 'Craig T. Nelson', 'M. Emmet Walsh', 'Madison Lawlor', 'Charlie Berens', 'Annabel Armour', 'Ashton Moio', 'Vincent Teninty', 'Tim Frank', 'Bill Kalinak']",,"$705,989","$1,719,105","$1,719,105","January 3, 2025",['United States'],"['Grasse Acres 12120 Timberline Rd, Ellison Bay, WI 54210, USA (Farm scene)']","['Childe', 'Reserve Entertainment']","Awards, 2 wins total",['Drama'],['English']
168. Dead of Winter,2025,1h 38m,R,6.1,22K,69.0,"A woman, travelling alone through snowbound northern Minnesota, interrupts the kidnapping of a teenage girl. Hours from the nearest town and with no phone service, she realizes that she is the young girl's only hope.",https://www.imdb.com/title/tt7574556/?ref_=sr_i_168,"['Nicholas Jacobson-Larson', 'Dalton Leeb']",['Brian Kirk'],"['Emma Thompson', 'Judy Greer', 'Marc Menchaca', 'Laurel Marsden', 'Gaia Wise', 'Cúán Hosty-Blaney', 'Dalton Leeb', 'Paul Hamilton', 'Lloyd Hutchinson', ""Brían F. O'Byrne""]",,"$1,030,111","$2,503,684","$1,674,777","October 21, 2025","['Canada', 'Germany', 'United States']","['Koli, Lieksa, Finland']","['Stampede Studios', 'Augenschein Filmproduktion', 'Leonine Studios']","Awards, 3 nominations total","['Psychological Thriller', 'Action', 'Thriller']",['English']
169. Locked,2025,1h 35m,R,5.7,26K,45.0,A thief breaking into a luxury SUV realizes that he has slipped into a sophisticated game of psychological horror.,https://www.imdb.com/title/tt26671996/?ref_=sr_i_169,"['Michael Arlen Ross', 'Mariano Cohn', 'Gastón Duprat']",['David Yarovesky'],"['Bill Skarsgård', 'Anthony Hopkins', 'Ashley Cartwright', 'Michael Eklund', 'Navid Charkhi', 'Ricardo Pequenino', 'Gaston Morrison', 'Reese Alexander', 'Emma Kombe', 'Jodi Pongratz']",,"$924,054","$4,647,059","$1,632,758","March 21, 2025","['United States', 'Canada']","['Vancouver, British Columbia, Canada']","['north.five.six.', 'The Avenue Entertainment', 'ZQ Entertainment']",,"['Psychological Thriller', 'Thriller']",['English']
170. Kiss of the Spider Woman,2025,2h 9m,R,5.7,4.3K,63.0,"Valentín, a political prisoner, shares a cell with Molina, convicted for public indecency. An unlikely bond forms as Molina recounts a Hollywood musical plot starring Ingrid Luna.",https://www.imdb.com/title/tt30400277/?ref_=sr_i_170,"['Bill Condon', 'Terrence McNally', 'Manuel Puig']",['Bill Condon'],"['Diego Luna', 'Tonatiuh', 'Jennifer Lopez', 'Bruno Bichir', 'Josefina Scaglione', 'Aline Mayagoitia', ""Driton 'Tony' Dovolani"", 'Lucila Gandolfo', 'Federico Repetto', 'Lucas Barreiro']",,"$891,046","$1,767,915","$1,628,029","October 10, 2025","['United States', 'Mexico']","['Kearny, New Jersey, USA (10 Basin Studios)']","['Artists Equity', 'Mohari Media', 'Josephson Entertainment']","Awards, 8 wins & 15 nominations total","['Political Drama', 'Prison Drama', 'Drama', 'Musical']","['English', 'Spanish']"
171. The Ballad of Wallis Island,2025,1h 39m,PG-13,7.4,25K,78.0,An eccentric lottery winner who lives alone on a remote island tries to make his fantasies come true by getting his favorite musicians to perform at his home.,https://www.imdb.com/title/tt27674982/?ref_=sr_i_171,"['Tom Basden', 'Tim Key']",['James Griffiths'],"['Tom Basden', 'Tim Key', 'Sian Clifford', 'Steve Marsh', 'Akemnji Ndifornyen', 'Carey Mulligan', 'Luka Downie', 'Kerrie Thomason', 'Arron Long']",,"$94,233","$6,273,802","$1,607,835","April 18, 2025",['United Kingdom'],,"['Focus Features', 'Baby Cow Productions', 'Moxie Pictures']","Nominated for 3 BAFTA Awards, 3 wins & 26 nominations total","['Quirky Comedy', 'Comedy', 'Drama', 'Music', 'Romance']",['English']
172. Wake Up Dead Man,2025,2h 24m,PG-13,7.3,250K,80.0,Detective Benoit Blanc teams up with an earnest young priest to investigate a perfectly impossible crime at a small-town church with a dark history.,https://www.imdb.com/title/tt14364480/?ref_=sr_i_172,['Rian Johnson'],['Rian Johnson'],"['Daniel Craig', ""Josh O'Connor"", 'Glenn Close', 'Josh Brolin', 'Mila Kunis', 'Jeremy Renner', 'Kerry Washington', 'Andrew Scott', 'Cailee Spaeny', 'Daryl McCormack']","$40,000,000 (estimated)","$600,000","$1,600,000","$1,600,000","December 12, 2025",['United States'],"['Holy innocents Church, High Beach, Epping Forest, Essex, England, UK (Spelling of placename)']","['Netflix', 'Ram Bergman Productions', 'T-Street']","Awards, 8 wins & 57 nominations total","['Dark Comedy', 'Whodunnit', 'Comedy', 'Crime', 'Drama', 'Mystery', 'Thriller']",['English']
173. The Home,2025,1h 35m,R,5.5,10K,39.0,Max realizes that the residents and caretakers in the retirement home he started working at hide sinister secrets.,https://www.imdb.com/title/tt17023012/?ref_=sr_i_173,"['James DeMonaco', 'Adam Cantor']",['James DeMonaco'],"['Pete Davidson', 'John Glover', 'Mugga', 'Adam Cantor', 'Bruce Altman', 'Denise Burse', 'Stuart Rudin', 'Ethan Phillips', 'Nathalie Schmidt', 'Mary Beth Peil']",,"$1,037,791","$1,946,613","$1,576,983","July 25, 2025",['United States'],"['New Jersey, USA']","['BlockFilm', 'Man in A Tree', 'Miramax']",,"['Psychological Thriller', 'Splatter Horror', 'Horror', 'Mystery', 'Thriller']",['English']
174. Highest 2 Lowest,2025,2h 13m,R,5.5,35K,74.0,"When a titan music mogul is targeted with a ransom plot, he is jammed up in a life-or-death moral dilemma.",https://www.imdb.com/title/tt31194612/?ref_=sr_i_174,"['Evan Hunter', 'Akira Kurosawa', 'Hideo Oguni']",['Spike Lee'],"['Denzel Washington', 'Jeffrey Wright', 'Ilfenesh Hadera', 'Aubrey Joseph', 'Elijah Wright', 'Rick Fox', 'Rod Strickland', 'Nuri Hazzard', 'Jensen McRae', 'Jade Cayne']",,,"$1,500,000","$1,500,000","September 5, 2025","['United States', 'Japan']","['Brooklyn, New York City, New York, USA']","['40 Acres & A Mule Filmworks', 'A/Vantage Pictures', 'A24']","Awards, 1 win & 30 nominations total","['Police Procedural', 'Crime', 'Drama', 'Mystery', 'Thriller']",['English']
"175. Silent Night, Deadly Night",2025,1h 36m,R,6.1,7.2K,53.0,"After seeing his parents killed by someone dressed as Santa, a grown man later wears a Santa suit himself and seeks violent revenge.",https://www.imdb.com/title/tt34508974/?ref_=sr_i_175,"['Mike P. Nelson', 'Michael Hickey', 'Paul Caimi']",['Mike P. Nelson'],"['Rohan Campbell', 'Ruby Modine', 'Mark Acheson', 'David Lawrence Brown', 'David Tomlinson', 'Logan Sawyer', 'Erik Athavale', 'Rick Skene', 'James Durham', 'Sharon Bajer']","$4,000,000 (estimated)","$1,023,784","$5,586,884","$1,495,324","December 12, 2025","['France', 'Canada', 'United States']","['Winnipeg, Manitoba, Canada (Location)']","['Wonderwheel Entertainment II', 'New Dimension Pictures', 'Rebel 6 Films']",,"['Slasher Horror', 'Holiday', 'Horror']",['English']
176. Fuze,2025,1h 38m,R,6.2,11K,60.0,An unexploded WWII bomb is discovered on a busy construction site in the centre of London. Chaos ensues as the military and police begin a mass evacuation against a ticking clock.,https://www.imdb.com/title/tt31189814/?ref_=sr_i_176,['Ben Hopkins'],['David Mackenzie'],"['Aaron Taylor-Johnson', 'Theo James', 'Sam Worthington', 'Syiah George', 'Matthew Earley', 'Gugu Mbatha-Raw', 'Honor Swinton Byrne', 'Saffron Hocking', 'Laurie Duncan', 'Earl Asembi']",,"$1,004,330","$5,070,273","$1,486,030","April 24, 2026",['United Kingdom'],"['Edgware Road, London, England, UK']","['Anton', 'Sigma Films', 'Sky Original Films']",,"['Caper', 'Heist', 'Action', 'Crime', 'Thriller', 'War']",['English']
"177. It's Never Over, Jeff Buckley",2025,1h 46m,Not Rated,7.6,3K,72.0,"Never-before-seen footage, exclusive voice messages, and accounts from Jeff Buckley's inner circle paint a captivating portrait of the gifted musician who died tragically in 1997, having only released one album.",https://www.imdb.com/title/tt34966650/?ref_=sr_i_177,"['Jeff Buckley', 'Mary Guibert', 'Ben Harper']",['Amy Berg'],"['Jeff Buckley', 'Mary Guibert', 'Ben Harper', 'Rebecca Moore', 'Michael Tighe', 'Parker Kindred', 'Kate Hyman', 'Andy Wallace', 'Michele Anthony', 'Karl Berger']",,"$421,164","$3,171,831","$1,448,031","January 8, 2026",['United States'],,"['Disarming Films', 'Fremantle', 'Plan B Entertainment']","Awards, 1 win & 8 nominations total","['Music Documentary', 'Biography', 'Documentary', 'Music']",['English']
178. A Private Life,2025,1h 47m,R,5.9,5.8K,67.0,"The renowned psychiatrist Lilian Steiner mounts a private investigation into the death of one of her patients, whom she is convinced has been murdered.",https://www.imdb.com/title/tt33852162/?ref_=sr_i_178,"['Anne Berest', 'Rebecca Zlotowski', 'Gaëlle Macé']",['Rebecca Zlotowski'],"['Jodie Foster', 'Daniel Auteuil', 'Virginie Efira', 'Mathieu Amalric', 'Vincent Lacoste', 'Luàna Bajrami', 'Noam Morgensztern', 'Sophie Guillemin', 'Frederick Wiseman', 'Aurore Clément']",,"$66,912","$10,271,157","$1,421,315","January 16, 2026",['France'],"['Bec-de-Mortagne, Seine-Maritime, France (country house)']","['Les Films Velvet', 'Buenos Hair', 'France 3 Cinéma']","Awards, 6 nominations total","['French', 'Psychological Thriller', 'Whodunnit', 'Crime', 'Drama', 'Mystery', 'Thriller']","['French', 'English', 'German', 'Yiddish']"
179. October 8,2025,1h 40m,,4.4,18K,,"The emergence of anti-Semitism on college campuses, in social media and on the streets since October 7, 2023, when Hamas attacked Israel.",https://www.imdb.com/title/tt31190632/?ref_=sr_i_179,"['Nimrod Erez', 'Inbal B. Lessner', 'Wendy Sachs']",['Wendy Sachs'],"['Irit Lahav', 'Shai Davidai', 'Noa Tishby', 'Tessa Veksler', 'Mandana Dayani', 'Tal-Or Cohen Montemayor', 'Daniel Senor', 'Lorenzo Vidino', 'Debra Messing', 'Shabbos Kestenbaum']",,"$234,481","$1,399,115","$1,368,458","April 11, 2025",['United States'],,,"Awards, 2 nominations total",['Documentary'],['English']
180. Protector,2025,1h 31m,R,5.2,3.3K,41.0,"Former war hero Nikki's peaceful life is shattered when her daughter is kidnapped. Thrust into the criminal underworld while hunted by cops and military, she must fight to rescue her child.",https://www.imdb.com/title/tt34471850/?ref_=sr_i_180,['Bong-Seob Mun'],['Adrian Grunberg'],"['Milla Jovovich', 'Isabel Myers', 'Shane Williams', 'D.B. Sweeney', 'Matthew Modine', 'Michael Stahl-David', 'Lydia Hull', 'Chase E. Kim', 'Don Harvey', 'Texas Battle']","$400,000 (estimated)","$723,940","$1,993,982","$1,290,170","March 6, 2026",['United States'],"['Las Cruces, New Mexico, USA']","['828 Productions', 'Aanaxion Studio', 'American Picture House']",,"['Action', 'Crime', 'Drama', 'Fantasy', 'Horror', 'Mystery', 'Thriller']",[]
181. Twinless,2025,1h 40m,R,7.3,15K,79.0,"A young man grieving the loss of his twin brother joins a support group for ""twinless twins.""",https://www.imdb.com/title/tt31322753/?ref_=sr_i_181,['James Sweeney'],['James Sweeney'],"[""Dylan O'Brien"", 'Lauren Graham', 'Arkira Chantaratananond', 'Kody Harvard', 'James Sweeney', 'Tasha Smith', 'Cree', 'Crystal Anne Muñoz', 'Katie Findlay', 'Susan Park']",,"$506,753","$1,400,477","$1,261,731","September 5, 2025",['United States'],"['Portland, Oregon, USA']","['Permut Presentations', 'Backyard Plane Productions', 'Three Point Capital (TPC)']","Awards, 13 wins & 25 nominations total","['Dark Comedy', 'Psychological Drama', 'Comedy', 'Drama']","['English', 'Japanese']"
182. Whistle,2025,1h 40m,R,5.2,16K,55.0,"A misfit group of unwitting high school students stumble upon a cursed object, an ancient Aztec Death Whistle. They discover that blowing the whistle and the terrifying sound it emits will summon their future deaths to hunt them down.",https://www.imdb.com/title/tt29550683/?ref_=sr_i_182,['Owen Egerton'],['Corin Hardy'],"['Dafne Keen', 'Sophie Nélisse', 'Sky Yang', 'Jhaleil Swaby', 'Ali Skovbye', 'Percy Hynes White', 'Mika Amonsen', 'Michelle Fairley', 'Stephen Kalyn', 'Nick Frost']",,"$705,080","$4,987,632","$1,250,972","February 6, 2026","['Canada', 'Ireland']","['Hamilton, Ontario, Canada']","['No Trace Camping', 'Wild Atlantic Pictures']","Awards, 4 nominations total","['B-Horror', 'Body Horror', 'Folk Horror', 'Slasher Horror', 'Splatter Horror', 'Supernatural Horror', 'Teen Horror', 'Horror']",['English']
183. Valiant One,2025,1h 26m,R,4.9,1.8K,,"With tensions between North and South Korea, a US helicopter crashes on the North Korean side. Now the survivors must work together to protect a civilian tech specialist and find their way out without the help of US military support.",https://www.imdb.com/title/tt21442114/?ref_=sr_i_183,"['Eric Tipton', 'Steve Barnett', 'Daniel Myrick']",['Steve Barnett'],"['Chase Stokes', 'Lana Condor', 'Desmin Borges', 'Callan Mulvey', 'Jonathan Whitesell', 'Jun Che', 'Ronald Patrick Thompson', 'Stephen Adekolu', 'Diana Tsoy', 'Michael Cha']",,"$735,099","$1,254,945","$1,236,630","January 31, 2025",['United States'],"['Vancouver, British Columbia, Canada']","['Briarcliff Entertainment', 'Monarch Media', 'Goldmann Pictures']",,"['Political Thriller', 'Thriller']","['English', 'Korean']"
184. The Christmas Ring,2025,1h 43m,,5.9,359,,A military widow falls in love while searching for her lost family heirloom.,https://www.imdb.com/title/tt37282369/?ref_=sr_i_184,"['Karen Kingsbury', 'Tyler Russell']",['Tyler Russell'],"['Kelsey Grammer', 'Jana Kramer', 'Benjamin Hollingsworth', 'Megan Ashley Brown', 'Daniel Considine', 'Jessie James Decker', 'Reegus Flenory', 'Kyle Kupecky', 'Brian Michael Jones', 'Heather Holland']",,"$676,073","$1,229,930","$1,229,930","November 6, 2025",['United States'],,['Karen Kingsbury Productions'],,['Romance'],[]
185. Mobile Suit Gundam GQuuuuuuX: Beginning,2025,1h 21m,,6.9,642,,"In a war between Zeon and Earth Federation, a stolen prototype Gundam vanishes. Years later, a girl with mysterious abilities finds herself piloting a new Gundam in underground mech battles while searching for answers about her powers.",https://www.imdb.com/title/tt34881132/?ref_=sr_i_185,"['Yoshiyuki Tomino', 'Yôji Enokido', 'Hideaki Anno']",['Kazuya Tsurumaki'],"['Tomoyo Kurosawa', 'Yui Ishikawa', 'Shimba Tsuchiya', 'Shoya Chiba', 'Kosuke Echigoya', 'Akane Fujita', 'Kôsuke Gotô', 'Saya Hirose', 'Takuya Inagaki', 'Mariya Ise']",,"$882,471","$26,032,533","$1,223,881","February 28, 2025",['Japan'],,"['Sunrise', 'Studio Khara', 'Bandai Namco Entertainment']",,"['Japanese', 'Adult Animation', 'Anime', 'Hand-Drawn Animation', 'Mecha', 'Psychological Drama', 'Space Sci-Fi', 'Action', 'Adventure', 'Animation']",['Japanese']
186. The Last Class,2025,1h 11m,,7.8,184,,"Reich teaches his final ""Wealth and Poverty"" class to 1,000 students at UC Berkeley, ending a 40-year career that reached 40,000 students.",https://www.imdb.com/title/tt36592971/?ref_=sr_i_186,['Robert Reich'],['Elliot Kirschner'],['Robert Reich'],,"$10,650","$1,175,000","$1,175,000","June 27, 2025",['United States'],,"['CoffeeKlatch Productions', 'Inequality Media Civic Action']",,"['Biography', 'Documentary']",['English']
187. Anemone,2025,2h 5m,R,5.6,7.9K,53.0,"In Northern England, a man heads out on a journey into the woods to reconnect with the estranged hermit brother with whom he shared a complicated past that was altered by life-changing events decades ago.",https://www.imdb.com/title/tt33549447/?ref_=sr_i_187,"['Daniel Day-Lewis', 'Ronan Day-Lewis']",['Ronan Day-Lewis'],"['Sean Bean', 'Samuel Bottomley', 'Lewis Ian Bray', 'Paul Butterworth', 'Karl Cam', 'JP Conway', 'Angus Cooper', 'Daniel Day-Lewis', 'Adam Fogerty', 'Richard Graham']",,"$681,655","$1,635,685","$1,161,830","October 3, 2025","['United Kingdom', 'United States']","['Chester, Cheshire, England, UK (location)']","['Absinthe Film Entertainment', 'Focus Features', 'Granada Film Productions']","Awards, 1 win & 8 nominations total","['Psychological Drama', 'Drama']",['English']
188. Housefull 5,2025,2h 43m,,3.3,19K,,"In this murder mystery comedy, several imposters claiming to be the son of a recently deceased billionaire compete for his fortune aboard a luxury cruise ship.",https://www.imdb.com/title/tt9104736/?ref_=sr_i_188,"['Tasha Bhambra', 'Sparsh Khetarpal', 'Tarun Mansukhani']",['Tarun Mansukhani'],"['Akshay Kumar', 'Abhishek Bachchan', 'Riteish Deshmukh', 'Arpan Das', 'Jacqueline Fernandez', 'Sonam Bajwa', 'Nargis Fkhri', 'Sanjay Dutt', 'Jackie Shroff', 'Nana Patekar']",,"$1,152,549","$3,640,511","$1,152,549","June 6, 2025",['India'],,['Nadiadwala Grandson Entertainment'],"Awards, 3 wins & 12 nominations total","['Hindi', 'Housefull', 'Bumbling Detective', 'Cozy Mystery', 'Raunchy Comedy', 'Satire', 'Whodunnit', 'Comedy', 'Mystery', 'Thriller']",['Hindi']
189. Kokuho,2025,2h 55m,Not Rated,7.5,5.7K,80.0,"In post-war Japan's economic boom, gangster family-born Kikuo Tachibana finds himself adopted by a kabuki actor. Despite life's challenges, he develops into a gifted performer.",https://www.imdb.com/title/tt35231039/?ref_=sr_i_189,"['Satoko Okudera', 'Shûichi Yoshida']",['Sang-il Lee'],"['Ryô Yoshizawa', 'Ryûsei Yokohama', 'Mitsuki Takahata', 'Shinobu Terajima', 'Nana Mori', 'Takahiro Miura', 'Ai Mikami', 'Soya Kurokawa', 'Keitatsu Koshiyama', 'Masatoshi Nagase']",,"$38,797","$134,555,814","$1,119,136","November 21, 2025",['Japan'],"['Kyoto, Japan']","['Amuse', 'Aniplex', 'Asahi Shimbun Publications']","Nominated for 1 Oscar, 18 wins & 19 nominations total","['Japanese', 'Drama']",['Japanese']
190. Time Hoppers: The Silk Road,2025,1h 20m,,6.8,224,,Time Hoppers follows four gifted children from The Aqli Academy who stumble upon time travel and are thrust into an adventure along the Silk Road to save great scientists from the evil alchemist Fasid. Will the Time Hoppers prevail?,https://www.imdb.com/title/tt38635633/?ref_=sr_i_190,"['Flordeliza Dayrit', 'Sakina Fakhri']",['Flordeliza Dayrit'],"['Emily Gin', 'Angel Haven Rey', 'Jayce McKenzie', 'Tareek Talati', 'Aliyah Harris', 'Omar Regan', 'Morris Seng', 'Eve Aboualy', 'Jenna Abu Tineh', 'Anwar Arafat']","$3,000,000 (estimated)","$1,049,349","$1,480,324","$1,114,850","February 7, 2026",['Canada'],,"['Milo Productions', 'Plot Point 1']",,"['Adventure', 'Animation', 'Family', 'Sci-Fi']","['English', 'Arabic', 'Turkish']"
191. The Mastermind,2025,1h 50m,R,6.2,14K,80.0,"In 1970, failed architect James Blaine Mooney and cohorts wander into a museum in broad daylight and steal four paintings. When holding onto the art proves more difficult than stealing them, Mooney is relegated to a life on the run.",https://www.imdb.com/title/tt33455099/?ref_=sr_i_191,['Kelly Reichardt'],['Kelly Reichardt'],"[""Josh O'Connor"", 'Sterling Thompson', 'Alana Haim', 'Jasper Thompson', 'Bill Camp', 'Hope Davis', 'Eli Gelb', 'Cole Doman', 'Carrie Lazar', 'Javion Allen']",,"$104,101","$2,143,645","$1,104,490","October 17, 2025","['United States', 'United Kingdom']","['Cincinnati, Ohio, USA']","['Film Science', 'MUBI']","Awards, 7 wins & 27 nominations total","['Heist', 'Crime']","['English', 'French']"
192. If I Had Legs I'd Kick You,2025,1h 53m,R,6.6,39K,78.0,"While trying to manage her own life and career, a woman on the verge of a breakdown must cope with her daughter's illness, an absent husband, a missing person, and an unusual relationship with her therapist.",https://www.imdb.com/title/tt18382850/?ref_=sr_i_192,['Mary Bronstein'],['Mary Bronstein'],"['Rose Byrne', ""Conan O'Brien"", 'Danielle Macdonald', 'Delaney Quinn', 'Mary Bronstein', 'A$AP Rocky', 'Ivy Wolk', 'Christian Slater', 'Mark Stolzenberg', 'Manu Narayan']",,"$90,267","$1,709,642","$1,091,404","October 10, 2025",['United States'],"['Montauk, New York, USA']","['A24', 'Bronxburgh', 'Central Pictures']","Nominated for 1 Oscar, 39 wins & 77 nominations total","['Dark Comedy', 'Psychological Drama', 'Psychological Thriller', 'Drama', 'Thriller']",['English']
193. Ash,2025,1h 35m,R,4.6,17K,63.0,A woman wakes up on a distant planet and finds the crew of her space station viciously killed. Her investigation into what happened sets in motion a terrifying chain of events.,https://www.imdb.com/title/tt17489650/?ref_=sr_i_193,['Jonni Remmler'],['Flying Lotus'],"['Eiza González', 'Aaron Paul', 'Iko Uwais', 'Kate Elliott', 'Beulah Koale', 'Flying Lotus', 'Andrew B. Miller']",,"$689,144","$1,083,743","$1,083,743","March 21, 2025",['United States'],"['Auckland, New Zealand (Studio location)']","['XYZ Films', 'Brainfeeder Films', 'GFC Films']","Awards, 1 win & 2 nominations total","['Alien Invasion', 'Body Horror', 'Folk Horror', 'Monster Horror', 'Psychological Horror', 'Psychological Thriller', 'Space Sci-Fi', 'Supernatural Horror', 'Survival', 'Whodunnit']",['English']
194. CatVideoFest 2025,2025,1h 13m,,6.6,41,,A triumph. A spectacle. A fuzzy wuzzy cuddle puddle. CatVideoFest is all that and more. Our favorite family-friendly cat-themed film event is back this August for a limited time from Oscilloscope Laboratories. Benefits local cats in need.,https://www.imdb.com/title/tt37432781/?ref_=sr_i_194,['Will Braden'],['Will Braden'],,,"$452,686","$1,256,044","$1,066,592","August 1, 2025",['United States'],,,,['Comedy'],['English']
195. I Swear,2025,2h,R,8.4,53K,70.0,"John Davidson: diagnosed with Tourette's syndrome at a young age which alienated him from his peers, he struggled with a condition few people had witnessed.",https://www.imdb.com/title/tt31514146/?ref_=sr_i_195,['Kirk Jones'],['Kirk Jones'],"['Robert Aramayo', 'Maxine Peake', 'Somerled Campbell', 'Michael Dylan', 'David Carlyle', 'Christina Ashford', 'Scott Ellis Watson', 'Sanjeev Kohli', 'Steven Cree', 'Ethan Stewart']",,"$666,402","$16,044,465","$1,057,988","April 24, 2026",['United Kingdom'],"['Milngavie, East Dunbartonshire, Scotland, UK (Pedestrianised area where John is confronted by police looking for drug dealers.)']","['One Story High', 'Tempo Productions', 'StudioCanal Films']","Won 2 BAFTA Awards, 6 wins & 26 nominations total","['Dark Comedy', 'Docudrama', 'Biography', 'Drama']",['English']
196. Arco,2025,1h 28m,PG,7.3,8.1K,72.0,"In 2075, a girl witnesses a mysterious boy in a rainbow suit fall from the sky. He comes from an idyllic far future where time travel is possible. She shelters him and will do whatever it takes to help him return to his time.",https://www.imdb.com/title/tt14883538/?ref_=sr_i_196,"['Ugo Bienvenu', 'Félix de Givry']",['Ugo Bienvenu'],"['Margot Ringard Oldra', 'Oscar Tresanini', 'Nathanaël Perrot', 'Alma Jodorowsky', 'Swann Arlaud', 'Vincent Macaigne', 'Louis Garrel', 'William Lebghil', 'Sophie Mas', 'Frédérique Cantrel']",,"$37,638","$5,215,900","$1,046,181","November 14, 2025","['France', 'United States', 'United Kingdom']",,"['Remembers', 'MountainA', 'France 3 Cinéma']","Nominated for 1 Oscar, 12 wins & 51 nominations total","['French', 'Adventure Epic', 'Fantasy Epic', 'Hand-Drawn Animation', 'Sci-Fi Epic', 'Superhero', 'Time Travel', 'Adventure', 'Animation', 'Fantasy']",['French']
197. Baahubali: The Epic,2025,3h 45m,,8.2,2.3K,79.0,"A legendary warrior emerges from humble beginnings to challenge powerful forces threatening his homeland, as ancient prophecies and family bonds shape his journey.",https://www.imdb.com/title/tt37893389/?ref_=sr_i_197,"['Vijayendra Prasad', 'S.S. Rajamouli']",['S.S. Rajamouli'],"['Prabhas', 'Rana Daggubati', 'Anushka Shetty', 'Ramya Krishnan', 'Sathyaraj', 'Tamannaah Bhatia', 'Nassar', 'Subbaraju', 'Meka Rama Krishna']",,"$825,040","$1,287,642","$1,039,440","October 31, 2025",['India'],,['Arka Media Works'],,"['Telugu', 'Action Epic', 'Epic', 'One-Person Army Action', 'Period Drama', 'Action', 'Drama']",['Telugu']
198. Fackham Hall,2025,1h 37m,R,6.4,14K,54.0,"A new porter forms an odd bond with the youngest daughter of a well-known UK family. As the Davenport family, headed by Lord and Lady Davenport, deals with the epic disaster of the wedding of their eldest daughter to her caddish cousin.",https://www.imdb.com/title/tt29008225/?ref_=sr_i_198,"['Steve Dawson', 'Andrew Dawson', 'Tim Inman']","[""Jim O'Hanlon""]","['Thomasin McKenzie', 'Ben Radcliffe', 'Damian Lewis', 'Hayley Mills', 'Katherine Waterston', 'Tom Felton', 'Emma Laird', 'Adam Woodward', 'Lily Knight', 'Erin Austen']",,"$625,311","$4,855,591","$1,035,184","December 5, 2025","['United Kingdom', 'United States']","['Knowsley Hall, Merseyside, Prescot, England, UK']","['Elysian Film Group', 'Mews Films', 'Two & Two Pictures']",,"['Parody', 'Satire', 'Slapstick', 'Comedy']",['English']
199. In Whose Name?,2025,1h 44m,R,6.4,1.1K,,"Immersed in Kanye West's (Ye's) world of extremes for 6 years, Nico Ballesteros documented over 3,000 hours, bearing witness to brilliance, breakdowns, triumphs, turmoil, paranoia, and intensity that increasingly shaped Ye's world.",https://www.imdb.com/title/tt34385058/?ref_=sr_i_199,"['Nico Ballesteros', 'Shy Ranje']",['Nico Ballesteros'],"['Ye', 'Beyoncé', 'Playboi Carti', 'Michael Che', ""Sean 'Diddy' Combs"", 'Consequence', 'DMX', 'Drake', 'Lady Gaga', 'LeBron James']",,"$729,470","$1,022,559","$1,022,559","September 19, 2025",['United States'],,"['AMSI Entertainment', 'Foundation Media Partners', 'NB Studios']","Awards, 1 nomination total","['Music Documentary', 'Documentary']",['English']
200. The Choral,2025,1h 53m,R,6.4,4.2K,60.0,"A choral society's male members enlist in World War I, leaving the demanding Dr. Guthrie to recruit teenagers. Together, they experience the joy of singing while the young boys grapple with their impending conscription into the army.",https://www.imdb.com/title/tt31851518/?ref_=sr_i_200,"['Alan Bennett', 'Stephen Beresford']",['Nicholas Hytner'],"['Taylor Uttley', 'Oliver Briscombe', 'Amara Okereke', 'Blake Bentham', 'Liz Simmons', 'Fiona Organ', 'Alun Armstrong', 'Mark Addy', 'Roger Allam', 'Roxanne Morgan']",,"$18,023","$9,426,007","$1,020,176","November 7, 2025","['United Kingdom', 'United States']","['Saltaire, Shipley, Bradford, West Yorkshire, England, UK (on location)']","['Sony Pictures Classics', 'BBC Film', 'Screen Yorkshire']","Awards, 1 win total","['Period Drama', 'Drama', 'History', 'Music', 'Romance', 'War']",['English']
201. Primitive War,2025,2h 13m,,5.3,10K,,Vietnam. 1968. A recon unit known as Vulture Squad is sent to an isolated jungle valley to uncover the fate of a missing Green Beret platoon. They soon discover they are not alone.,https://www.imdb.com/title/tt18312380/?ref_=sr_i_201,"['Ethan Pettus', 'Luke Sparke']",['Luke Sparke'],"['Ryan Kwanten', 'Tricia Helfer', 'Nick Wechsler', 'Jeremy Piven', 'Anthony Ingruber', 'Aaron Glenane', 'Carlos Sanson Jr.', 'Albert Mwangi', 'Adolphus Waylee', 'M.J. Kokolis']",,"$551,915","$1,261,992","$1,005,222","October 3, 2025",['Australia'],"['Gold Coast, Queensland, Australia']",['Sparke Films'],"Awards, 3 wins total","['Dinosaur Adventure', 'Jungle Adventure', 'Monster Horror', 'Action', 'Adventure', 'Horror', 'Sci-Fi', 'Thriller', 'War']","['English', 'Vietnamese']"
202. Father Mother Sister Brother,2025,1h 50m,R,6.5,14K,76.0,"Estranged siblings reunite after years apart, forced to confront unresolved tensions and reevaluate their strained relationships with their emotionally distant parents",https://www.imdb.com/title/tt31189315/?ref_=sr_i_202,['Jim Jarmusch'],['Jim Jarmusch'],"['Tom Waits', 'Adam Driver', 'Mayim Bialik', 'Charlotte Rampling', 'Cate Blanchett', 'Vicky Krieps', 'Sarah Greene', 'Indya Moore', 'Philippe Azoury', 'Luka Sabbat']",,"$44,251","$8,314,647","$964,544","December 24, 2025","['United States', 'United Kingdom', 'Italy', 'France', 'Ireland', 'Germany']","['Dublin, Ireland (city where the mother and her daughters live)']","['Animal Kingdom', 'CG Cinéma', 'Cinema Inutile']","Awards, 2 wins & 3 nominations total","['Comedy', 'Drama']","['English', 'French', 'Italian']"
203. The Voice of Hind Rajab,2025,1h 29m,Not Rated,8.2,20K,81.0,"Red Crescent volunteers receive an emergency call. A 6-year old girl is trapped in a car under IDF fire in Gaza, pleading for rescue. While trying to keep her on the line, they do everything they can to get an ambulance to her.",https://www.imdb.com/title/tt36943034/?ref_=sr_i_203,['Kaouther Ben Hania'],['Kaouther Ben Hania'],"['Saja Kilani', 'Motaz Malhees', 'Amer Hlehel', 'Clara Khoury', 'Nesbat Serhan', 'Ramy Brahem', 'Firas Khoury', 'Ali Talel Yacoub', 'Heba Bader', 'Oday Ayoyda']",,"$35,351","$5,781,257","$955,679","December 4, 2025","['Tunisia', 'France', 'Occupied Palestinian Territory', 'United Kingdom', 'Saudi Arabia', 'United States', 'Italy', 'Cyprus']",['Tunisia'],"['Mime Films', 'Tanit Films', 'Palestine Red Crescent Society']","Nominated for 1 Oscar, 18 wins & 22 nominations total","['Arabic', 'Docudrama', 'Psychological Drama', 'Tragedy', 'Biography', 'Drama', 'War']","['Arabic', 'English']"
204. HIT: The 3rd Case,2025,2h 34m,TV-MA,6.9,14K,,The Homicide Intervention Team (HIT) sends ruthless police officer Arjun Sarkaar to find a group of killers and stop their grisly murder spree.,https://www.imdb.com/title/tt23804696/?ref_=sr_i_204,"['Karthikeya Karedla', 'Sailesh Kolanu', 'Prabhala Tilak']",['Sailesh Kolanu'],"['Nani', 'Karthi', 'Adivi Sesh', 'Srinidhi Shetty', 'Rao Ramesh', 'Samuthirakani', 'Tisca Chopra', 'Prateik Patil Babbar', 'Maganti Srinath', 'Komalee Prasad']","₹600,000,000 (estimated)","$955,000","$1,420,344","$955,000","May 1, 2025",['India'],,"['Unanimous Productions', 'Wall Poster Cinema']",,"['Cop Drama', 'One-Person Army Action', 'Serial Killer', 'Action', 'Crime', 'Thriller']",[]
205. Sneaks,2025,1h 33m,PG,3.9,812,42.0,"When a designer sneaker unwittingly finds himself lost in New York City, he must dig deep into his sole in order to rescue his sister and return to his rightful owner.",https://www.imdb.com/title/tt9254940/?ref_=sr_i_205,"['Rob Edwards', 'Erica Harrell', 'Dylan Hartman']","['Rob Edwards', 'Christopher Jenkins']","['Chloe Bailey', 'Keith David', 'Laurence Fishburne', 'Anthony Mackie', 'Martin Lawrence', 'Rico Rodriguez', 'Jonathan Kite', 'Amari McCoy', 'Macy Gray', 'Quavo']",,"$530,786","$1,530,207","$916,022","May 6, 2025","['United States', 'India', 'United Kingdom']",,"['Ashland Hill Media Finance', 'Assemblage Entertainment', 'Cinema Gypsy Productions']","Awards, 2 nominations total","['Computer Animation', 'Adventure', 'Animation', 'Comedy', 'Family']",['English']
206. Slanted,2025,1h 44m,R,5.7,3.5K,55.0,"An insecure Chinese-American teenager undergoes experimental surgery to appear white, hoping to secure the prom queen title and peer acceptance.",https://www.imdb.com/title/tt32490110/?ref_=sr_i_206,['Amy Wang'],['Amy Wang'],"['Shirley Chen', 'Mckenna Grace', 'Amelie Zilber', 'Vivian Wu', 'Maitreyi Ramakrishnan', 'Fang Du', 'Nicholas Myers', 'R. Keith Harris', 'Kristen Cui', 'Sarah Kopkin']",,"$625,667","$906,216","$906,216","March 13, 2026",['United States'],,"['Mountain Top Pictures', 'Tideline Entertainment']","Awards, 2 wins & 3 nominations total","['Body Horror', 'Dark Comedy', 'Comedy', 'Drama', 'Horror', 'Sci-Fi']","['English', 'Mandarin']"
207. Thamma,2025,2h 30m,,5.8,49K,,"Two destined lovers battle supernatural forces, family ties, and nature itself to defend their forbidden romance in a mystical world where ancient powers and prophecies threaten to keep them apart.",https://www.imdb.com/title/tt28102562/?ref_=sr_i_207,"['Niren Bhatt', 'Arun Fulara', 'Suresh Mathew']",['Aditya Sarpotdar'],"['Ayushmann Khurrana', 'Rashmika Mandanna', 'Nawazuddin Siddiqui', 'Paresh Rawal', 'Geeta Agrawal Sharma', 'Faisal Malik', ""Alexx O'Nell"", 'Rachit Singh', 'Ankit Mohan', 'Vinod Suryavanshi']",,"$548,062","$2,034,359","$885,111","October 21, 2025",['India'],,"['Maddock Films', 'ReDefine']","Awards, 1 win & 17 nominations total","['Hindi', 'Maddock Horror Comedy Universe', 'Supernatural Horror', 'Comedy', 'Horror', 'Thriller']",['Hindi']
208. Rosario,2025,1h 28m,R,4.4,2.5K,50.0,"Rosario spends the night with her grandmother's body while she waits for the ambulance to arrive, during a severe snowfall, Rosario is attacked by otherworldly entities that have taken control of her grandmother's body.",https://www.imdb.com/title/tt27674700/?ref_=sr_i_208,['Alan Trezza'],['Felipe Vargas'],"['Emeraude Toubia', 'José Zúñiga', 'David Dastmalchian', 'Paul Ben-Victor', 'Diana Lein', 'Emilia Faucher', 'Nick Ballard', 'Indhira Serrano', 'Luna Baxter', 'Guillermo García Alvarado']",,"$513,232","$1,459,284","$866,466","May 2, 2025","['Colombia', 'United States']","['Bogotá, Colombia (Studio)']","['Mucho Mas Media', 'Jaguar Bite', 'Rosario the Movie']",,"['Body Horror', 'Folk Horror', 'Supernatural Horror', 'Horror']","['English', 'Spanish']"
209. The History of Sound,2025,2h 8m,R,6.9,8.3K,64.0,"Two young men during World War I set out to record the lives, voices and music of their American countrymen.",https://www.imdb.com/title/tt15799524/?ref_=sr_i_209,['Ben Shattuck'],['Oliver Hermanus'],"['Paul Mescal', ""Josh O'Connor"", 'Chris Cooper', 'Leo Cocovinis', 'Raphael Sbarge', 'Molly Price', 'Samuel Levine', 'Tom Nelis', 'Cate Finck', 'Colin Keane']",,"$83,345","$3,222,540","$841,366","September 12, 2025","['United States', 'United Kingdom', 'Sweden', 'Italy']","['Saint Elizabeth University, Morristown, New Jersey, USA']","['Film4', 'End Cue', 'Fat City']","Awards, 3 wins & 10 nominations total","['Period Drama', 'Romantic Epic', 'Tragic Romance', 'Drama', 'History', 'Music', 'Romance']","['English', 'Italian', 'Latin']"
210. The Baltimorons,2025,1h 41m,R,6.9,4.3K,75.0,A newly sober man's Christmas Eve dental emergency leads to an unexpected romance with his older dentist as they explore Baltimore together.,https://www.imdb.com/title/tt35520290/?ref_=sr_i_210,"['Jay Duplass', 'Michael Strassner']",['Jay Duplass'],"['Michael Strassner', 'Liz Larsen', 'Olivia Luccardi', 'Chris Strassner', 'Lewis Peterson', 'Rob Phoenix', 'Jessie Cohen', 'Michael Chandler', 'Zoe Strassner', 'Brian Mendes']",,"$36,001","$833,587","$833,587","September 5, 2025",['United States'],"['Baltimore, Maryland, USA (location)']",['Duplass Brothers Productions'],"Awards, 4 wins & 6 nominations total","['Holiday Romance', 'Comedy', 'Drama', 'Holiday', 'Romance']",['English']
211. Maddie's Secret,2025,1h 40m,,7.0,402,74.0,"A food influencer secretly struggles with bulimia as she navigates online fame, close friendships, and a painful past.",https://www.imdb.com/title/tt37675037/?ref_=sr_i_211,['John Early'],['John Early'],"['John Early', 'Kip Reynolds', 'Neil Wachs', 'Harris Mayersohn', 'Kate Berlant', ""Claudia O'Doherty"", 'Gordon Landenberger', ""Conner O'Malley"", 'Eric Rahill', 'Synmia Rosine']",,"$58,206","$817,875","$817,875","March 22, 2026",['United States'],,"['Dogma 3000', 'Dweck Productions', 'Radish Films']","Awards, 1 win & 1 nomination total","['Comedy', 'Drama']",['English']
212. Cleaner,2025,1h 37m,R,5.2,17K,51.0,"Criminal activists hijack a gala, taking 300 hostages. One extremist plans mass murder as a message to the world. An Ex-soldier turned window cleaner now works to rescue the hostages.",https://www.imdb.com/title/tt27812086/?ref_=sr_i_212,"['Simon Uttley', 'Paul Andrew Williams', 'Matthew Orton']",['Martin Campbell'],"['Poppy Townsend White', 'Dudley Watts', 'Calvin Warrington-Heasman', 'Andreea Diac', 'Daisy Ridley', 'Matthew Tuck', 'Kate Nichols', 'Russell De Rozario', 'Lee Boardman', 'Stella Stocker']","£25,000,000 (estimated)","$403,560","$1,426,334","$794,091","June 13, 2025",['United Kingdom'],"['Winnersh Film Studios, UK (1020 Eskdale Road Wokingham RG41 5TS)']","['Anton', 'Qwerty Films']","Awards, 2 nominations total","['One-Person Army Action', 'Action', 'Drama', 'Thriller']","['English', 'Spanish']"
213. Guru Nanak Jahaz,2025,2h 20m,,8.3,4.6K,,"In 1914, Mewa Singh and Gurdit Singh challenge Canadian racism. With 375 passengers, the Komagatamaru voyage confronts discriminatory direct passage laws and immigrant struggles.",https://www.imdb.com/title/tt36722524/?ref_=sr_i_213,"['Sharan Art', 'Harnav Bir Singh']",['Sharan Art'],"['Tarsem Jassar', 'Gurpreet Ghuggi', 'Harsharan Singh', 'Edward Sonnenblick', 'Mark Bennington', 'Satinder Kassoana', 'Samreet Bajwa', 'Bharat Bharial', 'Balwinder Bullet', 'Jimmy James Burke']","₹180,000,000 (estimated)","$685,000","$1,377,467","$793,000","May 1, 2025",['India'],"['Punjab, India']","['True Roots Productions', 'Vehli Janta Films']",,"['Punjabi', 'History']",['Punjabi']
214. j-hope Tour: Hope on the Stage in Japan - Live Viewing,2025,3h,,8.8,85,,"J-hope's debut world tour ""HOPE ON THE STAGE"" concludes with a live cinema broadcast. Watch him perform hits from his solo albums and new releases across a spectacular 31-show run through Asia and North America.",https://www.imdb.com/title/tt36750027/?ref_=sr_i_214,[],[],,,"$939,173","$3,955,139","$789,173","May 31, 2025",['South Korea'],,,"Awards, 1 nomination total","['Korean', 'Documentary', 'Music']",['Korean']
215. One Spoon of Chocolate,2025,1h 54m,R,5.3,1.1K,38.0,"An ex-military convict seeks a fresh start in a small town, but his past catches up as he finds love amid danger and chaos.",https://www.imdb.com/title/tt32192973/?ref_=sr_i_215,['RZA'],['RZA'],"['Shameik Moore', 'RJ Cyler', 'Paris Jackson', 'Rockmond Dunbar', 'Emyri Crutchfield', 'Johnell Young', 'Harry Goodwins', 'Michael Harney', 'Blair Underwood', 'James Lee Thomas']",,"$558,440","$743,092","$743,092","May 1, 2026",['United States'],"['Atlanta, Georgia, USA']",['Xen Diagram Media'],,"['Action', 'Drama', 'Thriller']",['English']
216. Grand Prix of Europe,2025,1h 38m,PG,5.8,1.1K,,"Edda, a young mouse with big dreams, seizes her chance to race in the Grand Prix disguised as her hero, Ed. She rises to the challenge of outwitting her rival's sabotage and proving that even the smallest racer can make the biggest impact.",https://www.imdb.com/title/tt32897929/?ref_=sr_i_216,"['Mike de Seve', 'Kirstie Falkous', 'David Ginnuttis']",['Waldemar Fast'],"['Gemma Arterton', 'Thomas Brodie-Sangster', 'Hayley Atwell', 'Lenny Henry', 'Rob Beckett', 'Colin McFarlane', 'David Menkin', 'Ayesha Antoine', 'Guillaume Laroche', 'Joseph Balderrama']",,"$370,490","$15,860,521","$733,419","November 7, 2025",['Germany'],,['MACK Magic'],,"['Animal Adventure', 'Car Action', 'Computer Animation', 'Motorsport', 'Animation', 'Comedy', 'Family', 'Sport']","['English', 'German']"
217. Dolly,2025,1h 23m,R,5.0,4.1K,46.0,"A couple's hiking trip turns fatal when they stumble onto the sacred ground of Dolly, a masked, deranged figure who captures the girlfriend and forces her to live as her baby.",https://www.imdb.com/title/tt32639175/?ref_=sr_i_217,"['Rod Blackhurst', 'Brandon Weavil']",['Rod Blackhurst'],"['Fabianne Therese', 'Russ Tiller', 'Michalina Scorzelli', 'Kate Cobb', 'Ethan Suplee', 'Seann William Scott', 'Max the Impaler', 'Eve Blackhurst']","$600,000 (estimated)","$473,909","$1,062,322","$725,979","March 6, 2026",['United States'],"['Chattanooga, Tennessee, USA']","['Gentile Entertainment Group', 'Mama Bear Productions', 'Mama Bear Studios']","Awards, 1 win & 1 nomination total","['B-Horror', 'Body Horror', 'Monster Horror', 'Horror']",['English']
218. The American Miracle,2025,2h 14m,,7.4,113,,"""The American Miracle"" is a journey through some of the most significant events in America's rise to power, reliving the improbabilities that demonstrate what the Founders always believed: that events unfolded according to a master plan.",https://www.imdb.com/title/tt31022420/?ref_=sr_i_218,"['James Gallagher', 'John Grooters', 'Michael Medved']",['Timothy P. Mahoney'],"['Michael Medved', 'Eddie Alford', 'Randy Almon', 'Akil Ammar', 'Cameron Arnett', 'Jeb Aufiero', 'Brett Bacon', 'Carl Bieber', 'Pat Boone', 'Diego Bora']","$3,000,000 (estimated)",,"$725,556","$725,556","June 9, 2025",['United States'],"['Faneuil Hall Boston, MA 02109, USA (Faneuil Hall Boston)']","['Heroic Pictures', 'Thinking Man Films']","Awards, 1 nomination total",['History'],['English']
219. Desert Warrior,2025,2h 7m,R,4.3,12K,41.0,"An honorable and mysterious rogue, known as Hanzala, makes himself an enemy of the Emperor Kisra after he helps a fugitive king and princess in the desert.",https://www.imdb.com/title/tt13570066/?ref_=sr_i_219,"['Erica Beeney', 'Gary Ross', 'David Self']",['Rupert Wyatt'],"['Anthony Mackie', 'Aiysha Hart', 'Sami Bouajila', 'Sharlto Copley', 'Ben Kingsley', 'Ghassan Massoud', 'Lamis Ammar', 'Ramsey Faragallah', 'Younes Bouab', 'Saïd Boumazoughe']","$150,000,000 (estimated)","$487,848","$742,066","$704,280","April 24, 2026","['Saudi Arabia', 'United States']","['Neom, Saudi Arabia']","['MBC Studios', 'AGC Studios', 'JB Pictures']",,"['Action Epic', 'Adventure Epic', 'Epic', 'Historical Epic', 'War Epic', 'Action', 'Adventure', 'Drama', 'History', 'War']",['English']
220. The Threesome,2025,1h 52m,R,6.2,6.1K,70.0,"When a young man's crush leads him into an unexpected threesome, he thinks it's his ultimate fantasy come true. But when the fantasy ends, all three are left with sobering consequences, forcing them to be responsible for their actions.",https://www.imdb.com/title/tt21187592/?ref_=sr_i_220,['Ethan Ogilby'],['Chad Hartigan'],"['Zoey Deutch', 'Jonah Hauer-King', 'Ruby Cruz', 'Jeremy Turner', 'Tommy Do', 'Jaboukie Young-White', 'Josh Segarra', 'Kristin Slaysman', 'Allan McLeod', 'Casper Hartigan']",,"$590,632","$1,114,287","$703,913","September 5, 2025",['United States'],"['Little Rock, Arkansas, USA']","['Filmopoly', 'Jupiter Peak Productions', 'Star Thrower Entertainment']","Awards, 1 win total","['Romantic Comedy', 'Comedy', 'Drama', 'Romance']",['English']
221. All You Need Is Kill,2025,1h 26m,R,6.5,1.3K,64.0,"In a time loop during an alien invasion, a resourceful but isolated young woman must navigate the repetition of death until she crosses paths with a shy young man trapped in the same cycle. Together, they fight to break free from the loop.",https://www.imdb.com/title/tt36148135/?ref_=sr_i_221,"['Yûichirô Kido', 'Hiroshi Sakurazaka']","[""Ken'ichirô Akimoto"", 'Yukinori Nakamura']","['Ai Mikami', 'Natsuki Hanae', 'Hiccorohee', 'Kana Hanazawa', 'Mô Chûgakusei']",,"$420,242","$741,618","$695,290","January 16, 2026",['Japan'],,['Studio 4°C'],,"['Japanese', 'Adult Animation', 'Alien Invasion', 'Anime', 'Computer Animation', 'Josei', 'Time Travel', 'Action', 'Animation', 'Sci-Fi']",['Japanese']
222. Palestine 36,2025,1h 59m,,7.5,7.4K,67.0,"In 1936, as Palestinian villages revolt against British colonial rule, Yusuf navigates between Jerusalem and his rural home, amidst escalating unrest and a pivotal moment for the British Empire.",https://www.imdb.com/title/tt29271622/?ref_=sr_i_222,"['Selma Dabbagh', 'Annemarie Jacir']",['Annemarie Jacir'],"['Jeremy Irons', 'Liam Cunningham', 'Robert Aramayo', 'Billy Howle', 'Hiam Abbass', 'Christopher Villiers', 'Sam Hoare', 'Yasmine Al Massri', ""Dhafer L'Abidine"", 'Saleh Bakri']",,"$30,736","$1,763,551","$688,768","April 3, 2026","['Occupied Palestinian Territory', 'United Kingdom', 'Qatar', 'France', 'United States', 'Denmark', 'Jordan', 'United Arab Emirates', 'Saudi Arabia', 'Italy', 'Turkey', 'Sweden', 'Australia', 'Norway']","['Salt, Jordan (location)']","['Philistine Films', 'BBC Film', 'Doha Film Institute']","Awards, 9 wins & 11 nominations total","['Arabic', 'Drama', 'History', 'War']","['Arabic', 'English']"
"223. Steal This Story, Please!",2025,1h 38m,,8.4,202,71.0,"Amy Goodman has reported some of the most consequential stories of our time. Steal This Story, Please. is a gripping portrait of a journalist whose unwavering commitment to truth-telling spans three decades of turbulent history.",https://www.imdb.com/title/tt36748956/?ref_=sr_i_223,"['Amy Goodman', 'Mumia Abu-Jamal', 'Moreese Bickham']","['Carl Deal', 'Tia Lessin']","['Amy Goodman', 'Mumia Abu-Jamal', 'Moreese Bickham', 'Sonia Bock', 'George H.W. Bush', 'George W. Bush', 'Tucker Carlson', 'Bill Clinton', 'Katie Couric', 'Bob Dole']",,"$31,485","$687,255","$687,255","August 31, 2025","['United States', 'Nigeria']",,"['Doc Society', 'Elsewhere Films', 'Xceptional Communications']","Awards, 9 wins total","['Political Documentary', 'Biography', 'Documentary', 'History']",['English']
224. The Plague,2025,1h 38m,R,6.4,6.9K,79.0,"A socially awkward tween endures the ruthless hierarchy at a water polo camp, his anxiety spiraling into psychological turmoil over the summer.",https://www.imdb.com/title/tt32792934/?ref_=sr_i_224,['Charlie Polinger'],['Charlie Polinger'],"['Joel Edgerton', 'Everett Blunck', 'Kayo Martin', 'Lucas Adler', 'Caden Burris', 'Elliott Heffernan', 'Kenny Rasmussen', 'Lennox Espy', 'Kolton Lee', 'Nicolas Rașovan']",,"$22,881","$695,334","$685,153","January 2, 2026","['United States', 'Romania', 'Australia', 'United Arab Emirates']","['Bucharest, Romania']","['Spooky Pictures', 'Doublethink', 'Five Henrys']","Awards, 11 wins & 35 nominations total","['Psychological Drama', 'Psychological Thriller', 'Drama', 'Thriller']",['English']
225. Mile End Kicks,2025,1h 51m,R,6.2,1.4K,77.0,A 24-year-old music critic gets romantically involved with members of an indie band she decides to publicize.,https://www.imdb.com/title/tt33301434/?ref_=sr_i_225,['Chandler Levack'],['Chandler Levack'],"['Barbie Ferreira', 'Pat Kiely', 'Emma Cheuk', 'Brent Skagford', 'Nicolas Wright', 'Jay Baruchel', 'Aurora Browne', 'Alain Goulem', 'Martin Besnard Jean', 'Robert Naylor']",,"$263,772","$679,591","$679,591","April 17, 2026",['Canada'],"['Montréal, Québec, Canada']","['Banner House Productions', 'CBC Films', 'Crave Films']","Awards, 4 wins & 10 nominations total","['Romantic Comedy', 'Comedy', 'Drama', 'Music', 'Romance']",['English']
226. Legends of the Condor Heroes: The Gallants,2025,2h 26m,R,6.3,7.3K,,"The Mongols, led by Genghis Khan, went west to destroy the Jin Dynasty, wanted to go south to destroy the Song Dynasty. Martial Arts Masters from several Schools in the Central Plains of China fought gathering strength to defend Xiangyang.",https://www.imdb.com/title/tt28131433/?ref_=sr_i_226,"['Louis Cha', 'Hark Tsui', 'Xuan Song']",['Hark Tsui'],"['Zhan Xiao', 'Dafei Zhuang', 'Tony Ka Fai Leung', 'Wenxin Zhang', 'Bayaertu', 'Alan Aruna', 'Naranbaatar Mandakh', 'Yitegele', 'Haitao Li', 'Tumenbayaer']",CN¥200 (estimated),"$344,430","$4,133,881","$671,343","January 29, 2025","['China', 'Hong Kong']","['Beijing, China (border of the Southern Song)']","['China Film Co., Ltd.', 'Film Workshop', 'HG Entertainment']","Awards, 2 wins & 3 nominations total","['Mandarin', 'Martial Arts', 'Period Drama', 'Action', 'Adventure', 'Drama', 'History', 'Romance', 'War']","['Mandarin', 'Mongolian']"
227. The Wizard of the Kremlin,2025,2h 17m,R,6.0,5.2K,56.0,"A young Russian filmmaker becomes an unlikely advisor to Vladimir Putin as he rises to power in post-Soviet Russia, navigating the new era's complexities and chaos.",https://www.imdb.com/title/tt32386654/?ref_=sr_i_227,"['Giuliano Da Empoli', 'Olivier Assayas', 'Emmanuel Carrère']",['Olivier Assayas'],"['Paul Dano', 'Alicia Vikander', 'Tom Sturridge', 'Will Keen', 'Jeffrey Wright', 'Jude Law', 'Andrei Zayats', 'Kaspars Kambala', 'Andris Keiss', 'George Sogis']",,"$485,979","$8,441,099","$652,300","January 21, 2026","['France', 'United States', 'United Kingdom']","['Riga, Latvia (location)']","['Curiosa Films', 'Gaumont', 'France 2 Cinéma']","Awards, 2 nominations total","['Political Drama', 'Biography', 'Crime', 'Drama', 'History']",['English']
228. Standout: The Ben Kjar Story,2025,1h 39m,PG,8.6,181,,"With no chance at an ordinary life, he lived an extraordinary one.",https://www.imdb.com/title/tt31157145/?ref_=sr_i_228,['Tanner Christensen'],['Tanner Christensen'],"['Ben Kjar', 'Scott Kjar', 'Stana Kjar', 'Louis Morales Jr.', 'Logan Essig', 'Shauna Essig', 'Nate Clark', 'Greg Kjar', 'Bart Thompson', 'Shandell Smoot']",,"$150,975","$649,140","$649,140","April 3, 2026",['United States'],"['Layton, Utah, USA']","['Remember Films', 'The Visual Transit Authority']","Awards, 8 wins & 2 nominations total","['Biography', 'Documentary', 'Drama', 'Sport']",['English']
229. East of Wall,2025,1h 37m,R,6.1,1.2K,74.0,"After the death of her husband, Tabatha- a young, tattooed, rebellious horse trainer- wrestles with financial insecurity and unresolved grief while providing refuge for a group of wayward teenagers on her broken-down ranch in the Badlands.",https://www.imdb.com/title/tt21349688/?ref_=sr_i_229,['Kate Beecroft'],['Kate Beecroft'],"['Porshia Zimiga', 'Tabatha Zimiga', 'Scoot McNairy', 'Jennifer Ehle', 'Jesse Thorson', 'Chancey Ryder Witt', 'Clay Pateneaude', 'Leanna Shumpert', 'Brynn Darling', 'Wyatt Mansfield']",,"$374,596","$720,612","$644,583","November 10, 2025",['United States'],,"['Station Road', ""Stetson's Kingdom"", 'Tanbark Pictures']","Awards, 3 wins & 18 nominations total",['Drama'],['English']
230. Lurker,2025,1h 40m,R,6.8,6.6K,78.0,"A retail employee infiltrates the inner circle of an artist on the verge of stardom. As he gets closer to the budding music star, access and proximity become a matter of life and death.",https://www.imdb.com/title/tt13651462/?ref_=sr_i_230,['Alex Russell'],['Alex Russell'],"['Théodore Pellerin', 'Archie Madekwe', 'Sunny Suljic', 'Cam Hicks', 'Chaize Macklin', 'Zack Fox', 'Olawale Onayemi', 'Daniel Zolghadri', 'Brian Niles', 'Havana Rose Liu']",,"$56,985","$688,144","$633,965","August 22, 2025","['United States', 'Italy']",,"['High Frequency Entertainment', 'MeMo Films', 'Twin Productions']","Awards, 2 wins & 11 nominations total","['Crime', 'Drama', 'Music', 'Thriller']",['English']
231. Scarlet,2025,1h 51m,PG-13,6.3,2.4K,56.0,"A medieval princess on a quest to avenge her father's death awakens in a realm between life and death, where she encounters an idealistic young man from the present day who shows her the possibility of a future free of bitterness and rage.",https://www.imdb.com/title/tt35114460/?ref_=sr_i_231,"['Mamoru Hosoda', 'William Shakespeare']",['Mamoru Hosoda'],"['Mana Ashida', 'Masaki Okada', 'Masachika Ichimura', 'Kōji Yakusho', 'Yuki Saitô', 'Yutaka Matsushige', 'Kôtarô Yoshida', 'Munetaka Aoki', 'Kazuhiro Yamaji', 'Shôta Sometani']",,,"$2,264,126","$629,038","February 6, 2026",['Japan'],,"['Columbia Pictures', 'Hakuhodo', 'Kadokawa']","Awards, 1 win & 7 nominations total","['Japanese', 'Adult Animation', 'Anime', 'Computer Animation', 'Isekai', 'Quest', 'Sword & Sandal', 'Action', 'Adventure', 'Animation']","['Japanese', 'English']"
232. Resurrection,2025,2h 40m,,7.3,4.8K,87.0,"In a society where people stop dreaming to extend their lifespan, some dangerous individuals still dream, warping the fabric of time. We experience five dreams, for each of the senses, each chronologically representing a period of cinema.",https://www.imdb.com/title/tt29002950/?ref_=sr_i_232,"['Bi Gan', 'Zhai Xiaohui']",['Bi Gan'],"['Jackson Yee', 'Shu Qi', 'Mark Chao', 'Gengxi Li', 'Jue Huang', 'Yongzhong Chen', 'Zhijian Zhang', 'Chloe Maayan', 'Nan Yan', 'Mucheng Guo']",,"$62,220","$1,212,355","$627,175","November 22, 2025","['China', 'France', 'United States']",,"['Huace Pictures', 'Dangmai Films (Shanghai)', 'CG Cinéma']","Awards, 16 wins & 44 nominations total","['Psychological Drama', 'Drama', 'Sci-Fi']","['Chinese', 'Mandarin']"
233. Fantasy Life,2025,1h 31m,R,6.0,770,72.0,"An actress (Amanda Peet) falls for the anxious law school dropout (Matthew Shear) babysitting her kids in this smart, New York-set romantic comedy.",https://www.imdb.com/title/tt35519497/?ref_=sr_i_233,['Matthew Shear'],['Matthew Shear'],"['Amanda Peet', 'Matthew Shear', 'Alessandro Nivola', 'Andrea Martin', 'Zosia Mamet', 'Holland Taylor', 'Jessica Harper', 'Romy Fay', 'Callie Santoro', 'Riley Vinson']",,"$34,616","$619,760","$619,760","April 3, 2026",['United States'],"['New York City, New York, USA']","['Prospect', 'Made By Limbo', ""Charlie's Production Company""]","Awards, 3 wins & 3 nominations total","['Comedy', 'Drama', 'Romance']",['English']
234. Sacred Heart: His Reign Has No End,2025,1h 35m,,5.6,170,,"A look at the Catholic Sacred Heart tradition's enduring influence through history and modern stories, showing its role in spiritual transformation and its message of divine love.",https://www.imdb.com/title/tt38551604/?ref_=sr_i_234,"['Sabrina Gunnell', 'Steven Gunnell']","['Sabrina Gunnell', 'Steven Gunnell']","['Maximilien Ambroselli', 'Olivier Barnay', 'Clémentine Beauvais', 'Alicia Beauvisage', 'Louis Bouffard', 'Arnaud Bouthéon', 'Joël Guibert', 'Mère Marie-Jean', 'Etienne Kern', 'Sylvie Laniesse']",,,"$1,384,696","$596,751","June 9, 2026",['France'],,"['Krea Film-Makers', 'Canal+', 'Ciné+OCS']",,"['French', 'Documentary', 'Drama']",['French']
235. Blue Heron,2025,1h 31m,,7.1,1.9K,92.0,"A family of six moves into a new home on Vancouver Island, but the eldest son's disruptive behavior gradually throws their lives off balance.",https://www.imdb.com/title/tt32252801/?ref_=sr_i_235,['Sophy Romvari'],['Sophy Romvari'],"['Eylul Guven', 'Edik Beddoes', 'Iringó Réti', 'Ádám Tompa', 'Liam Serg', 'Preston Drabble', 'Amy Zimmer', 'Lucy Turnbull', 'Jecca Beauchamp', 'Georgia Blake']",,"$17,703","$642,243","$594,593","June 11, 2026","['Canada', 'Hungary']",,"['Boddah', 'Memory', 'Nine Behind Productions']","Awards, 11 wins & 25 nominations total",['Drama'],"['English', 'Hungarian']"
236. Dust Bunny,2025,1h 46m,R,6.5,19K,73.0,"After losing her foster parents to a bedroom-dwelling beast, young Aurora hires her reclusive neighbor, a professional assassin, to hunt it, unknowingly thrusting him into a war against both human killers and supernatural terrors.",https://www.imdb.com/title/tt23172090/?ref_=sr_i_236,['Bryan Fuller'],['Bryan Fuller'],"['Mads Mikkelsen', 'Sophie Sloan', 'Sheila Atim', 'David Dastmalchian', 'Rebecca Henderson', 'Sigourney Weaver', 'Line Kruse', 'Caspar Phillipson', 'Armond Willis', 'Rea Milla']",,,"$1,376,711","$584,724","December 12, 2025",['United States'],"['Budapest, Hungary (location)']","['Dust Bunny Productions', 'Entertainment One', 'Hero Squared']","Awards, 3 wins & 14 nominations total","['Monster Horror', 'Action', 'Drama', 'Horror', 'Thriller']",['English']
237. Anniversary,2025,1h 51m,R,6.7,14K,57.0,"A provocative thriller about a very close-knit family that is torn apart as a new movement, ""The Change,"" envelops the country.",https://www.imdb.com/title/tt12583926/?ref_=sr_i_237,"['Lori Rosene-Gambino', 'Jan Komasa']",['Jan Komasa'],"['Diane Lane', 'Kyle Chandler', 'Madeline Brewer', 'Zoey Deutch', 'Phoebe Dynevor', ""Dylan O'Brien"", 'Mckenna Grace', 'Daryl McCormack', 'Selda Kaya', 'Sky Yang']",,"$260,691","$672,711","$551,286","October 29, 2025",['United States'],"['Dublin, Ireland (Town)']","['Lionsgate', 'Fifth Season', 'Nick Wechsler Productions']","Awards, 3 nominations total","['Dark Comedy', 'Political Thriller', 'Psychological Thriller', 'Thriller']","['English', 'German']"
238. Kantara: A Legend - Chapter 1,2025,2h 45m,Not Rated,8.1,58K,,"While exploring Kantara's mystical forest, Bangra's King Vijayendra dies during the Kadamba reign. Rajashekara seals their realm. Prince Kulashekara massacres to reopen it. Berme, seeking wealth, crosses the divide.",https://www.imdb.com/title/tt26439764/?ref_=sr_i_238,"['Rishab Shetty', 'Anirudh Mahesh', 'Shanil Guru']",['Rishab Shetty'],"['Rishab Shetty', 'Rukmini Vasanth', 'Jayaram', 'Gulshan Devaiah', 'Pramod Shetty', 'Hariprashanth', 'Sriram Reddy Polasane', 'Mangala N.', 'Bala Rajwadi', 'Achyuth Kumar']",,"$540,000","$5,781,691","$540,000","October 3, 2025",['India'],,['Hombale Films'],"Awards, 1 win & 1 nomination total","['Kannada', 'Action Epic', 'Epic', 'Fantasy Epic', 'Jungle Adventure', 'Period Drama', 'Supernatural Fantasy', 'Action', 'Adventure', 'Drama']","['Kannada', 'Hindi', 'English', 'Telugu', 'Tamil', 'Malayalam', 'Bengali']"
239. The Encampments,2025,1h 21m,,6.6,1.7K,72.0,Students flooded Columbia University's lawn to create the Gaza Solidarity Encampment in order to pressure their university to divest from the US and Israeli weapons companies.,https://www.imdb.com/title/tt35423402/?ref_=sr_i_239,"['Sueda Polat', 'Mahmoud Khalil', 'Grant Miner']","['Kei Pritsker', 'Michael T Workman']","['Sueda Polat', 'Mahmoud Khalil', 'Grant Miner', 'Naye Idriss', 'Bisan Owda', 'Ali Abunimah', 'Maya Abdallah', 'Layan Fuleihan', 'Emi', 'Abby Stein']",,"$77,091","$555,860","$533,364","May 30, 2025",['United States'],,['Breakthrough Media'],"Awards, 1 win & 4 nominations total",['Documentary'],['English']
240. The Ritual,2025,1h 38m,Not Rated,4.5,7.5K,33.0,"Two priests, one in crisis with his faith and the other confronting a turbulent past, must overcome their differences to perform a risky exorcism.",https://www.imdb.com/title/tt32194932/?ref_=sr_i_240,"['David Midell', 'Enrico Natale']",['David Midell'],"['Al Pacino', 'Dan Stevens', 'Ashley Greene', 'Abigail Cowen', 'Patrick Fabian', 'Patricia Heaton', 'Maria Camila Giraldo', 'Meadow Williams', 'Courtney Rae Allen', 'Enrico Natale']",,"$329,198","$5,680,487","$527,118","June 6, 2025","['United States', 'India']","['Natchez, Mississippi, USA']","['Cinemachine Shop', 'Andrew Stevens Entertainment', 'Baweja Studios']",,"['Supernatural Horror', 'Drama', 'Horror', 'Thriller']","['English', 'Latin', 'German', 'Spanish', 'Polish']"
241. All That's Left of You,2025,2h 26m,Not Rated,7.9,2.8K,78.0,"After a Palestinian teen gets swept up into a West Bank protest, his mother recounts the family story of hope, courage and relentless struggle that led to this fateful moment.",https://www.imdb.com/title/tt29344894/?ref_=sr_i_241,['Cherien Dabis'],['Cherien Dabis'],"['Saleh Bakri', 'Cherien Dabis', 'Adam Bakri', 'Mohammad Bakri', 'Muhammad Abed Elrahman', 'Sanad Alkabareti', 'Salah Aldeen Mai', 'Maria Zreik', 'Rida Suleiman', 'Yousef Zaalok']",,"$51,847","$979,406","$514,374","November 20, 2025","['Germany', 'Cyprus', 'Occupied Palestinian Territory', 'Jordan', 'Greece', 'Qatar', 'Saudi Arabia', 'United States', 'Egypt']",['Jordan'],"['Pallas Film (II)', 'Displaced Pictures', 'Nooraluna Productions']","Awards, 6 wins & 5 nominations total","['Arabic', 'Drama', 'Romance']","['Arabic', 'English', 'Hebrew']"
242. Youngblood,2025,1h 44m,PG-13,3.8,549,,"Detroit hockey prodigy Dean Youngblood joins the Hamilton Mustangs, where his pride and prowess are tested.",https://www.imdb.com/title/tt22005882/?ref_=sr_i_242,"['Josh Epstein', 'Kyle Rideout', 'Seneca Aaron']",['Hubert Davis'],"['Wagner Shell III', 'Blair Underwood', 'Quintin Glasgow', 'Evan Kearns', 'Gord Rand', 'Olunike Adeliyi', 'Monika Meier', 'Ashton James', 'Aidan Shaw', 'Emidio Lopes']",,"$271,005","$511,351","$511,351","March 6, 2026",['Canada'],,"['Aircraft Pictures', 'Dolphin Entertainment']","Awards, 2 nominations total","['Drama', 'Romance', 'Sport']",['English']
243. Kaiju No. 8: Mission Recon,2025,1h 37m,,6.8,842,,A group of Defense Force volunteers come together to try to defeat an army of ruthless Kaiju.,https://www.imdb.com/title/tt35636950/?ref_=sr_i_243,"['Yûto Tsukuda', 'Naoya Matsumoto', 'Jarrod Greene']","['Tomomi Kamiya', 'Shigeyuki Miya']","['Masaya Fukunishi', 'Asami Seto', 'Wataru Kato', 'Ai Fairouz', 'Kengo Kawanishi', 'Yuuki Shin', 'Keisuke Kômoto', 'Shunsuke Takeuchi', 'Sayaka Senbongi', 'Nene Hieda']",,"$195,864","$1,400,838","$503,786","March 28, 2025",['Japan'],,['Production I.G.'],,"['Japanese', 'Anime', 'Hand-Drawn Animation', 'Kaiju', 'Action', 'Animation', 'Sci-Fi']",['Japanese']
244. My Love Will Make You Disappear,2025,1h 44m,Not Rated,5.9,762,,"A woman who believes she's cursed meets a troubled landlord while fighting community displacement. As they grow closer, her fear that all her lovers disappear threatens their connection.",https://www.imdb.com/title/tt33092501/?ref_=sr_i_244,"['Patrick Valencia', 'Isabella Policarpio', 'Prime Cruz']",['Chad Vidanes'],"['Kim Chiu', 'Paulo Avelino', 'Melai Cantiveros', 'Wilma Doesnt', 'Lovely Abella', 'Benj Manalo', 'Nico Antonio', 'Migs Almendras', 'Martin Escudero', 'Karina Bautista']",,"$500,000","$1,455,067","$500,000","March 28, 2025",['Philippines'],"['Antipolo, Rizal, Philippines']","['ABS-CBN Studios', 'ABS-CBN Film Productions', 'NICKL Entertainment']","Awards, 1 win total","['Filipino', 'Feel-Good Romance', 'Romantic Comedy', 'Comedy', 'Romance']",['Filipino']
245. Raising the Bar: The Alma Richards Story,2025,1h 43m,PG,7.1,616,,"In 1908, Alma Richards, an eighth-grader, quits school to work as a ranch hand. A chance meeting with a professor motivates him to resume his education, leading him to compete in high jump at the Stockholm Olympics and win a gold medal.",https://www.imdb.com/title/tt34957792/?ref_=sr_i_245,['T.C. Christensen'],['T.C. Christensen'],"['Paul Wuthrich', 'Kenyon Stinger', 'Ali Durham', 'Nick Mathews', 'Claire Merrill', 'Skyler M. Day', 'Ryley Hemingway', 'Kimball Stinger', 'Paul Cartwright', 'Larry Bagby']",,"$57,231","$481,617","$481,617","April 25, 2025",['United States'],"['Utah, USA (Various Locations)']",['Remember Films'],,"['Docudrama', 'Period Drama', 'Biography', 'History', 'Sport']",['English']
246. UFC 319: du Plessis vs. Chimaev in COSM Shared Reality,2025,3h,,8.0,26,,Take UFC 319 to a new level as Dricus Du Plessis and Khamzat Chimaev go head-to-head for the middleweight championship in Shared Reality at Cosm.,https://www.imdb.com/title/tt37536282/?ref_=sr_i_246,[],[],,,"$478,675","$478,675","$478,675","August 16, 2025",['United States'],,['COSM Studios'],,['Sport'],['English']
247. Juliet & Romeo,2025,2h 2m,PG-13,3.8,668,31.0,"The greatest love story of all time, set as an original pop musical. Based on the real story that inspired William Shakespeare's ""Romeo and Juliet"".",https://www.imdb.com/title/tt26597666/?ref_=sr_i_247,"['Timothy Scott Bogart', 'William Shakespeare']",['Timothy Scott Bogart'],"['Clara Rugaard', 'Jamie Ward', 'Jason Isaacs', 'Ferdia Walsh-Peelo', 'Nicholas Podany', 'Martina Ortiz Luis', 'Rupert Graves', 'Alex Lorenzin', 'Rebel Wilson', 'Rupert Everett']",,"$289,489","$548,029","$456,623","May 9, 2025","['United States', 'Italy']","[""Castell'Arquato, Piacenza, Emilia-Romagna, Italy""]","['Briarcliff Entertainment', 'Hero Partners', 'Rainmaker Films']",,"['Drama', 'Musical', 'Romance']",['English']
248. House on Eden,2025,1h 18m,R,3.8,2.1K,,"Setting out to film their next paranormal investigation, Kris, Celina and Jay encounter a malevolent, ancient spirit that resides in an abandoned house deep in the woods.",https://www.imdb.com/title/tt33425631/?ref_=sr_i_248,['Kris Collins'],['Kris Collins'],"['Kris Collins', 'Celina Myers', 'Jason-Christopher Mayer', 'Carrie Kidd', 'Barb Thomas']",,"$313,495","$455,830","$455,830","July 25, 2025",['United States'],,['A Spooky AF Production'],,"['Found Footage Horror', 'Horror']",['English']
249. Peppa Meets the Baby Cinema Experience,2025,1h 5m,Not Rated,5.5,206,,There's a new addition to the Pig family as Mummy Pig and family welcome a new piglet. How will Peppa and George react to a new sibling?,https://www.imdb.com/title/tt36414406/?ref_=sr_i_249,"['Neville Astley', 'Mark Baker', 'Sarah Hooper']",['Gretchen Mallorie'],"['Morwenna Banks', 'Harriette Cox', 'Richard Ridings', 'Maanuv Thiara']",,"$689,817","$6,362,277","$419,817","May 30, 2025",,,['Hasbro'],,['Animation'],[]
250. 731,2025,2h 5m,,3.3,1.7K,,"Set against the backdrop of the bacterial experiments conducted by the Japanese Imperial Army's Unit 731 in Northeast China, and reveals the crimes of Unit 731 through the turbulent fate of an ordinary individual.",https://www.imdb.com/title/tt33028976/?ref_=sr_i_250,['Linshan Zhao'],['Linshan Zhao'],"['Wu Jiang', 'Zhiwen Wang', 'Naiwen Li', 'Qian Sun', 'Wenjuan Feng', 'Ziye Lin', 'Irene Wan', 'Qi Zhang', 'Zun Wang', 'Yasuyuki Hirata']",,"$235,032","$274,090,081","$410,904","September 18, 2025",['China'],['China'],"['Changchun Film Studio', 'Poly Film Investment', 'Beijing HY Media']",,"['Drama', 'History', 'Horror', 'Thriller', 'War']","['Chinese', 'Mandarin', 'Japanese']"
251. Silent Friend,2025,2h 27m,,7.3,2.9K,90.0,"In Germany, a majestic ginkgo tree bears witness to three generations of people as they explore the hidden secrets of botanical life, and are quietly transformed by the mysterious power of nature.",https://www.imdb.com/title/tt27811632/?ref_=sr_i_251,"['Ildikó Enyedi', 'Tina Kaiser', 'Corinne Le Hong']",['Ildikó Enyedi'],"['Tony Leung Chiu-wai', 'Luna Wedler', 'Enzo Brumm', 'Léa Seydoux', 'Sylvester Groth', 'Yun Huang', 'Luca Valentini', 'Felix Burose', 'Rainer Bock', 'Marlene Burow']",,"$71,703","$1,212,131","$375,385",2026,"['Germany', 'Hungary', 'France', 'China']","['Marburg, Hesse, Germany (botanic garden)']","['Pandora Filmproduktion', 'Inforg-M&M Film Kft.', 'Galatée Films']","Awards, 13 wins & 7 nominations total","['Biography', 'Drama', 'History']","['English', 'German', 'Cantonese']"
252. Night Patrol,2025,1h 43m,R,4.4,2.7K,53.0,An L.A. cop discovers a local task force is hiding a secret that puts the residents of his childhood neighborhood in danger.,https://www.imdb.com/title/tt8637438/?ref_=sr_i_252,"['Shaye Ogbonna', 'Ryan Prows', 'Tim Cairo']",['Ryan Prows'],"['Jermaine Fowler', 'Justin Long', 'Freddie Gibbs', 'RJ Cyler', 'YG', 'Nicki Micheaux', 'Flying Lotus', 'CM Punk', 'Dermot Mulroney', 'Jon Oswald']",,"$249,634","$372,115","$372,115","January 16, 2026","['United States', 'United Kingdom']",,"['BondIt Media Capital', 'BondIt Media Capital', 'Phantom Four Films']",,"['B-Horror', 'Vampire Horror', 'Horror', 'Mystery', 'Thriller']",['English']
253. Trust,2025,1h 30m,R,3.9,3K,,"A Hollywood actress hides in a remote cabin after a scandal, only to find herself betrayed and fighting for survival against someone she once trusted.",https://www.imdb.com/title/tt31314745/?ref_=sr_i_253,['Gigi Levangie'],['Carlson Young'],"['Sophie Turner', 'Rhys Coiro', 'Billy Campbell', 'Peter Mensah', 'Forrest Goodluck', 'Gianni Paolo', 'Renata Vaca', 'Katey Sagal', 'Milton Darnell Smith', 'Victor Oliveira']",,"$240,635","$368,313","$368,186","September 4, 2025",['United States'],"['Mexico City, Mexico']","['Dahlstar', 'Koulest Productions', 'Twisted Pictures']",,['Thriller'],['English']
254. The Legend of Hei 2,2025,2h,,8.0,1.8K,,"The film tells the story of a ""new mission"" from the Monster Hall. Faced with a series of mysteries, Xiaohei and his senior sister Luye embark on a new adventure to find the truth.",https://www.imdb.com/title/tt37284198/?ref_=sr_i_254,"['Fengxishenlei', 'Jie Gu', 'Mtjj']","['Jie Gu', 'Mtjj']","['Xin Shan', 'Brian Doe Chua', 'Chenyang Fu', 'Seth Fuentes', 'Zhenji Huang', 'Jesse Inocalla', 'Zhu Jing', 'Jay Lai', 'Joey Lem', 'Lu Li']",,"$229,205","$3,687,980","$365,480","September 5, 2025",['China'],,"['HMCH', 'Tianjin Maoyan Weying Media']","Awards, 3 wins & 9 nominations total","['Mandarin', 'Hand-Drawn Animation', 'Action', 'Adventure', 'Animation', 'Fantasy']","['Mandarin', 'Chinese', 'Japanese']"
255. Orwell: 2+2=5,2025,1h 59m,R,6.8,1.9K,69.0,"An investigation into the life, work, and enduring influence of the writer George Orwell, connecting his ideas to the contemporary world.",https://www.imdb.com/title/tt27052428/?ref_=sr_i_255,['Raoul Peck'],['Raoul Peck'],"['Damian Lewis', 'George Orwell', 'U Win Khine', 'Eric Ruf', 'Min Aung Hlaing', 'Augusto Pinochet', 'Ferdinand Marcos', 'Yoweri Museveni', 'Vladimir Putin', 'Viktor Orbán']",,"$25,887","$1,567,964","$355,288","October 10, 2025","['United States', 'France']","['Jura, Inner Hebrides, Scotland, UK (many locations)']","['Jigsaw Productions', 'Velvet Film', 'Universal Pictures Content Group']","Awards, 10 wins & 35 nominations total","['Biography', 'Documentary', 'History']","['English', 'Burmese', 'Russian', 'French', 'Spanish', 'Mandarin']"
256. The Librarians,2025,1h 32m,,7.7,740,83.0,"Librarians unite to combat book banning, defending intellectual freedom on democracy's frontlines amid unprecedented censorship in Texas, Florida, and beyond.",https://www.imdb.com/title/tt34966678/?ref_=sr_i_256,"['Leo Munoz', 'X Gonzalez', 'Jack Youngelson']",['Kim A. Snyder'],"['Suzette Baker', 'Weston Brown', 'Becky Calzada', 'Bette Davis', 'Jeffrey Dove', 'Carolyn Foote', 'Courtney Gore', 'Laney Hawes', 'Martha Hickson', 'Amanda Jones']",,"$13,726","$349,063","$343,884","September 26, 2025",['United States'],,"['Doc Society', 'Artemis Rising Productions', 'Cuomo Cole Productions']","Nominated for 1 Primetime Emmy, 8 wins & 20 nominations total","['Crime', 'Documentary', 'Drama', 'History']",['English']
257. H Is for Hawk,2025,1h 59m,PG-13,6.5,1.9K,63.0,"After losing her beloved father, Helen finds herself saved by an unlikely friendship with a stubborn hawk named Mabel.",https://www.imdb.com/title/tt10329560/?ref_=sr_i_257,"['Emma Donoghue', 'Philippa Lowthorpe', 'Helen MacDonald']",['Philippa Lowthorpe'],"['Claire Foy', 'Brendan Gleeson', 'Denise Gough', 'Lindsay Duncan', 'Imogen Dufty', 'Ameer Davies-Rana', 'Josh Dylan', 'Carys Eleri', 'Eden Hamilton', 'James Parsons']",,"$147,473","$2,910,829","$342,239","January 23, 2026","['United Kingdom', 'Singapore', 'United States']","['Cardiff, UK (Location)']","['Calculus Media', 'City Hill Arts', 'DESMAR']","Nominated for 1 BAFTA Award, 1 win & 2 nominations total","['Docudrama', 'Tragedy', 'Drama']",['English']
258. Nothing But a Winner,2025,1h 55m,,8.9,69,,"Alabama football's dynasty, built by coaches Bryant and Saban, goes beyond SEC dominance and national titles to reveal how their program's culture transforms players into men through fierce competition.",https://www.imdb.com/title/tt17497356/?ref_=sr_i_258,"['Jimmy Jenkins', 'Isaiah Smallman', 'Eric Wiener']",['Jimmy Jenkins'],"['Jonathan Allen', 'Greg Byrne', 'Jeremiah Castille', 'Ha Ha Clinton-Dix', 'Kevin Croom', 'Sylvester Croom', 'Ricky Davis', 'John England Jr.', 'Bobby Humphrey', 'Jalen Hurts']",,"$59,176","$336,366","$336,366","July 31, 2025",['United States'],,"['Source Media', 'Adelaide Pictures', 'BarFaye Productions']",,['Documentary'],['English']
259. 100 Nights of Hero,2025,1h 31m,PG-13,5.9,1.7K,64.0,"When a charming house guest arrives at a remote castle, the delicate dynamic between a neglectful husband, his innocent bride Cherry, and their devoted maid Hero, is thrown into chaos.",https://www.imdb.com/title/tt33350512/?ref_=sr_i_259,"['Isabel Greenberg', 'Julia Jackman']",['Julia Jackman'],"['Emma Corrin', 'Nicholas Galitzine', 'Safia Oakley-Green', 'Richard E. Grant', 'Josh Cowdery', 'Markella Kavenagh', 'Cory Peterson', 'Clare Perkins', 'Maika Monroe', 'Amir El-Masry']",,"$250,701","$484,561","$324,768","December 5, 2025",['United Kingdom'],"['Knebworth House, Knebworth, Hertfordshire, England, UK']","['Project Infinity', 'Erebus Pictures', 'Piecrust Pictures']","Awards, 7 nominations total","['Period Drama', 'Drama', 'Fantasy', 'Romance']",['English']
260. The Stranger,2025,2h 2m,Unrated,7.1,6K,82.0,"In 1930s Algeria, the daily life of an indifferent Frenchman is shaken by the death of his mother and a fateful encounter on a beach.",https://www.imdb.com/title/tt36243564/?ref_=sr_i_260,"['Albert Camus', 'François Ozon', 'Philippe Piazzo']",['François Ozon'],"['Benjamin Voisin', 'Rebecca Marder', 'Pierre Lottin', 'Denis Lavant', 'Swann Arlaud', 'Christophe Malavoy', 'Nicolas Vaude', 'Jean-Charles Clichet', 'Mireille Perrier', 'Hajar Bouzaouit']",,"$21,033","$8,680,440","$316,424","October 29, 2025",['France'],"['Tangier, Morocco (as Algiers)']","['FOZ', 'Gaumont', 'France 2 Cinéma']","Awards, 4 wins & 11 nominations total","['French', 'Crime', 'Drama']","['French', 'Arabic', 'Latin']"
261. Hell House LLC: Lineage,2025,1h 48m,,4.1,2.7K,,"After a near-death experience, Vanessa Shepherd faces nightmares in Abaddon. As mysterious deaths occur around her, she discovers her connection to the Abaddon Hotel, Carmichael Manor, and decades of unexplained murders.",https://www.imdb.com/title/tt32916228/?ref_=sr_i_261,['Stephen Cognetti'],['Stephen Cognetti'],"['Elizabeth Vermilyea', 'Searra Sawka', 'Mike Sutton', 'Joe Bandelli', 'Cayla Berejikian', 'Victoria Andrunik', 'Gideon Berger', 'Bridget Rose Perrotta', 'Destiny Leilani Brown', 'Nicholas Stoesser']","$7,000,000 (estimated)","$152,884","$747,187","$310,031","September 18, 2025",['United States'],"['Lehighton, Pennsylvania, USA (location)']","['Cognetti Films', ""Marylous' Boys""]",,"['B-Horror', 'Supernatural Horror', 'Horror']",['English']
262. The Ugly Stepsister,2025,1h 49m,Not Rated,7.0,47K,70.0,"Elvira battles against her gorgeous stepsister in a realm where beauty reigns supreme. She resorts to extreme measures to captivate the prince, amid a ruthless competition for physical perfection.",https://www.imdb.com/title/tt29344903/?ref_=sr_i_262,['Emilie Blichfeldt'],['Emilie Blichfeldt'],"['Lea Myren', 'Ane Dahl Torp', 'Thea Sofie Loch Næss', 'Flo Fagerli', 'Isac Calmroth', 'Malte Gårdinger', 'Ralph Carlsson', 'Isac Aspberg', 'Albin Weidenbladh', 'Oksana Czerkasyna']",,"$174,930","$5,640,009","$308,555","March 7, 2025","['Norway', 'Poland', 'Denmark', 'Romania', 'Sweden']","['Palac Karola Poznanskiego, Lódz, Lódzkie, Poland (palace)']","['Mer Film', 'Lava Films', 'Zentropa International Sweden']","Nominated for 1 Oscar, 6 wins & 24 nominations total","['Norwegian', 'Body Horror', 'Dark Comedy', 'Satire', 'Comedy', 'Drama', 'Horror']","['Norwegian', 'Polish', 'Swedish']"
263. The Chronology of Water,2025,2h 8m,,6.4,3.8K,78.0,"A woman, after an abusive childhood, escapes into competitive swimming, sexual experimentation, toxic relationships, and addiction before finding her voice through writing.",https://www.imdb.com/title/tt8667404/?ref_=sr_i_263,"['Kristen Stewart', 'Lidia Yuknavitch']",['Kristen Stewart'],"['Imogen Poots', 'Thora Birch', 'Jim Belushi', 'Charlie Carrick', 'Tom Sturridge', 'Susannah Flood', 'Esmé Creed-Miles', 'Kim Gordon', 'Michael Epp', 'Eleanor Hahn']",,"$18,594","$480,561","$302,825","January 9, 2026","['United States', 'France', 'Latvia']",['Latvia'],"['Scott Free Productions', 'CG Cinéma', 'Forma Pro Films']","Awards, 7 wins & 20 nominations total","['Epic', 'Psychological Drama', 'Biography', 'Drama', 'Romance']",['English']
264. Hamlet,2025,1h 53m,R,6.0,839,61.0,"Hamlet comes home for his father's funeral and finds his uncle Claudius marrying his widowed mother Gertrude. His father's ghost reveals Claudius murdered him, leading Hamlet toward revenge and introspection.",https://www.imdb.com/title/tt7798632/?ref_=sr_i_264,"['Michael Lesslie', 'William Shakespeare']",['Aneil Karia'],"['Riz Ahmed', 'Morfydd Clark', 'Avijit Dutt', 'Art Malik', 'Krish Misra', 'Rajiv Sharma', 'Timothy Spall', 'Joe Alwyn', 'Sheeba Chaddha', 'Kash Ahmad']",,"$185,306","$78,751,812","$300,088","April 10, 2026","['United Kingdom', 'United States']",,"['Confluential Films', 'Storyteller Productions', 'JW Films']","Awards, 1 win & 5 nominations total","['Tragedy', 'Drama']","['English', 'Hindi']"
265. The Blind: A Special Tribute to Phil Robertson,2025,2h,,,,,,https://www.imdb.com/title/tt37801474/?ref_=sr_i_265,"['Aaron Dalla Villa', 'Amelia Eve', 'Brielle Robillard']",['Andrew Hyatt'],"['Aaron Dalla Villa', 'Amelia Eve', 'Brielle Robillard', 'Connor Tillman', 'Aron von Andrian', 'Matthew Erick White']",,"$151,088","$297,165","$297,165",,,,,,['Drama'],[]
266. Tow,2025,1h 45m,R,6.2,1.3K,64.0,"The story of Amanda Ogle, a homeless Seattle woman, who fought her way out of tow-company hell to reclaim her life and car after receiving a tow bill for $21,634.",https://www.imdb.com/title/tt21045208/?ref_=sr_i_266,"['Jonathan Keasey', 'Brant Boivin', 'Brant Noivin']",['Stephanie Laing'],"['Rose Byrne', 'Jason Cottle', 'Elsie Fisher', 'Fredi Bernstein', 'Sung Yoon', 'Owen Campbell', 'Joseph Lyle Taylor', 'Dierdre Friel', 'Simon Rex', 'Sair Kaufman']",,"$127,561","$291,795","$291,795","June 1, 2026",['United States'],"['Bayonne, New Jersey, USA']","['Astro Lion Pictures', 'Cake or Death Pictures', 'Gramercy Park Media']","Awards, 1 nomination total","['Dark Comedy', 'Drama']",['English']
267. Rosemead,2025,1h 37m,R,6.5,1.1K,72.0,An ailing woman takes drastic measures to protect her troubled teenage son.,https://www.imdb.com/title/tt13109732/?ref_=sr_i_267,"['Marilyn Fu', 'Eric Lin', 'Frank Shyong']",['Eric Lin'],"['Lucy Liu', 'Lawrence Shou', 'Orion Lee', 'Jennifer Lim', 'Madison Hu', 'James Chen', 'Eleven Lee', 'Anzi DeBenedetto', 'Susan Pourfar', 'Jason Tottenham']",,"$50,243","$287,988","$287,988","April 22, 2026",['United States'],"['Los Angeles, California, USA']","['The Population', 'Untapped', 'Taiwan Mobile myVideo']","Awards, 8 wins & 10 nominations total","['Psychological Drama', 'Crime', 'Drama', 'Thriller']","['English', 'Mandarin']"
268. Marc by Sofia,2025,1h 27m,PG-13,6.2,203,59.0,"An intimate, unconventional portrait of Marc Jacobs, crafted by Sofia Coppola to capture the genius and singular universe of the iconic American designer.",https://www.imdb.com/title/tt37660536/?ref_=sr_i_268,"['Grace Coddington', 'Sofia Coppola', 'Kim Gordon']",['Sofia Coppola'],"['Grace Coddington', 'Sofia Coppola', 'Kim Gordon', 'Marc Jacobs', 'Spike Jonze', 'Chloë Sevigny']",,"$47,661","$329,410","$283,345","March 27, 2026",['United States'],,"['A24', 'Important Flowers', 'This Machine']",,['Documentary'],['English']
269. A Poet,2025,2h 3m,Unrated,7.9,4.9K,85.0,"An aging poet finds purpose mentoring Yurlady, a talented teen, though exposing her to the poetry scene might be unwise. His own poetic pursuits led nowhere, leaving him a stereotypical obscure writer.",https://www.imdb.com/title/tt36544524/?ref_=sr_i_269,['Simón Mesa Soto'],['Simón Mesa Soto'],"['Ubeimar Rios', 'Rebeca Andrade', 'Guillermo Cardona', 'Margarita Soto', 'Hugo Valencia', 'Humberto Restrepo', 'Viviana Alvarez Losada', 'Ana Maria Araque Restrepo', 'Gabriel Buitrago', 'Nelson Camayo']",,"$27,754","$1,783,355","$276,832","August 28, 2025","['Colombia', 'Germany', 'Sweden']","['Medellín, Colombia (on location)']","['Das kleine Fernsehspiel (ZDF)', 'Film i Väst', 'Ma.ja.de. Fiction']","Awards, 13 wins & 18 nominations total","['Spanish', 'Comedy', 'Drama']",['Spanish']
270. Mr. Nobody Against Putin,2025,1h 30m,,7.4,12K,80.0,"A Russian teacher secretly documents his small town school's transformation into a war recruitment center during the Ukraine invasion, revealing the ethical dilemmas educators face amid propaganda and militarization.",https://www.imdb.com/title/tt34965515/?ref_=sr_i_270,"['David Borenstein', 'Christian Einshøj']","['David Borenstein', 'Pavel Talankin']","['Pavel Talankin', 'Vladimir Putin', 'Galina Aleksandrovna', 'Pavel Abdulmanov', 'Nebraska', 'Yevgenia Vladimirovna', 'Marina Ovsyannikova', 'Ivan', 'Masha', 'Nikita']",,"$4,464","$599,899","$270,123","March 22, 2025","['Denmark', 'United Kingdom', 'Germany', 'Czech Republic', 'United States']","['Karabash, Chelyabinskaya oblast, Russia']","['BBC Storyville', 'Made in Copenhagen', 'Pink Productions']","Won 1 Oscar, 14 wins & 15 nominations total","['Russian', 'Military Documentary', 'Documentary']",['Russian']
271. Carolina Caroline,2025,1h 47m,,6.6,3.9K,75.0,"A young woman joins a charming con man on the run, leaving a trail of crime and passion as they hustle through the Southeast in search of her estranged mother.",https://www.imdb.com/title/tt33365126/?ref_=sr_i_271,['Tom Dean'],['Adam Rehmeier'],"['Samara Weaving', 'Kyle Gallner', 'Kyra Sedgwick', 'Jon Gries', 'Robert Stevens Wayne', 'Alfred Lamar', 'Tommy G. Kendrick', 'Bryan McClure', 'Chad Crenshaw', 'Glenna Grant']",,"$110,110","$382,631","$269,183","June 18, 2026",['United States'],"['Louisville, Kentucky, USA']","['Bee-Hive Productions', 'Create & Complete Entertainment', 'FilmNation Entertainment']","Awards, 1 nomination total","['Crime', 'Drama', 'Romance', 'Thriller']",['English']
272. UFC 316: Dvalishvili vs. O'Malley 2 in COSM Shared Reality,2025,,,5.4,15,,Take UFC 316 to a new level as Merab Dvalishvili and Juliana Peña defend their titles in a championship doubleheader in Shared Reality at Cosm.,https://www.imdb.com/title/tt37070993/?ref_=sr_i_272,[],[],,,"$265,986","$265,986","$265,986","June 7, 2025",['United States'],,['COSM Studios'],,['Sport'],['English']
"273. Our Hero, Balthazar",2025,1h 36m,R,7.2,431,71.0,"Follows a wealthy New York City teenager who, eager to impress his activist crush, follows an online connection to Texas where he believes he can stop an act of extreme violence.",https://www.imdb.com/title/tt36589928/?ref_=sr_i_273,"['Ricky Camilleri', 'Oscar Boyson']",['Oscar Boyson'],"['Jaeden Martell', 'Asa Butterfield', 'Chris Bauer', 'Pippa Knowles', 'Danny McCarthy', 'Jennifer Ehle', 'Avan Jogia', 'Bobby Potts', 'Becky Ann Baker', 'Anna Baryshnikov']",,"$33,138","$263,917","$263,917","June 1, 2026",['United States'],,"['Spacemaker Productions', 'Curious Gremlin', 'Roosevelt Film Lab']","Awards, 2 nominations total","['Comedy', 'Drama', 'Thriller']",['English']
274. Peter Hujar's Day,2025,1h 16m,Unrated,6.2,1.7K,82.0,Conversation between photographer Peter Hujar and Linda Rosenkrantz from 1974 sheds light on New York's vibrant downtown art world and the introspective journey of an artist's life.,https://www.imdb.com/title/tt34250044/?ref_=sr_i_274,"['Ira Sachs', 'Linda Rosenkranz']",['Ira Sachs'],"['Rebecca Hall', 'Ben Whishaw']",,"$47,651","$336,988","$256,928","November 6, 2025","['United States', 'Germany', 'United Kingdom', 'Spain']","['New York City, New York, USA']","['Lake Forest Films (II)', 'ONE TWO Films', 'Complementary Colors']","Awards, 1 win & 13 nominations total","['Docudrama', 'Period Drama', 'Biography', 'Drama', 'History']",['English']
275. The President's Cake,2025,1h 45m,PG-13,7.6,3.9K,84.0,"In 1990s Iraq, 9-year-old Lamia must bake the President's birthday cake. She scrambles to find ingredients for this compulsory task while facing potential punishment if she fails.",https://www.imdb.com/title/tt36580119/?ref_=sr_i_275,['Hasan Hadi'],['Hasan Hadi'],"['Baneen Ahmad Nayyef', 'Waheed Thabet Khreibat', 'Sajad Mohamad Qasem', 'Muthanna Malaghi', 'Ahmad Qasem Saywan', 'Maytham Mreidi', 'Rahim AlHaj', 'Thaer Salem', 'Ali Khalaf', 'Fatima Abouharoon']",,"$6,734","$2,844,137","$256,542","February 27, 2026","['Iraq', 'Qatar', 'United States']","['Ziggurat of Ur, Tell el-Muqayyar, Dhi Qar, Iraq (views of the ancient structure in the background)']","['Doha Film Institute', 'Maiden Voyage Pictures', 'Missing Piece Films']","Awards, 11 wins & 12 nominations total","['Arabic', 'Drama']",['Arabic']
"276. Love, Brooklyn",2025,1h 37m,,6.2,461,62.0,"Three longtime Brooklynites navigate careers, love, loss, and friendship against the rapidly changing landscape of their beloved city.",https://www.imdb.com/title/tt34880924/?ref_=sr_i_276,['Paul Zimmerman'],['Rachael Holder'],"['André Holland', 'Nicole Beharie', 'Roy Wood Jr.', 'DeWanda Wise', 'Cadence Reese', 'Jack Haven', 'Joshua Boone', 'Shivani Shah', 'Saycon Sengbloh', 'Cassandra Freeman']",,"$49,243","$254,844","$254,844","September 5, 2025",['United States'],"['Brooklyn, New York City, New York, USA']","['Daughter Films', 'Fireheart Entertainment', 'Harper Road Films']","Awards, 1 win & 9 nominations total","['Comedy', 'Drama', 'Romance']",['English']
277. Erupcja,2025,1h 11m,,6.1,771,72.0,The combustible chemistry between a Polish florist and a British tourist in this charming postcard of sapphic synchronicity.,https://www.imdb.com/title/tt33712666/?ref_=sr_i_277,"['Pete Ohs', 'Charli XCX', 'Lena Góra']",['Pete Ohs'],"['Charli XCX', 'Lena Góra', 'Will Madden', 'Jeremy O. Harris', 'Agata Trzebuchowska', 'Maja Michnacka', 'Jan Lubaczewski', 'Jacek Zubiel', 'Marcin Malisz', 'Anton Kolbasko']",,"$25,650","$336,866","$234,009","April 17, 2026","['United States', 'Poland']","['Warsaw, Mazowieckie, Poland']","['Forever Holiday', 'Spartan Media Acquisitions', 'BB2']","Awards, 5 nominations total","['Comedy', 'Drama', 'Romance']","['English', 'Polish']"
278. Magellan,2025,2h 40m,Not Rated,6.3,1.8K,89.0,"Portuguese navigator Ferdinand Magellan leads a Spanish expedition to the Spice Islands in 1519. He quells mutinies, attempts to subjugate indigenous people and ultimately faces death in the Philippines.",https://www.imdb.com/title/tt36456563/?ref_=sr_i_278,['Lav Diaz'],['Lav Diaz'],"['Gael García Bernal', 'Ângela Azevedo Ramos', 'Amado Arjay Babon', 'Dario Yazbek Bernal', 'Hazel Orencio', 'Ronnie Lazaro', 'Tomás Alves', 'Bong Cabrera', 'Max Grosse Majench', 'Roger Alan Koza']",,"$30,002","$538,429","$231,318","March 17, 2026","['Philippines', 'Spain', 'Portugal', 'France', 'Taiwan']","['Cádiz, Andalucía, Spain (filming aboard the Victoria ship replica)']","['AKP21', 'Andergraun Films', 'Black Cap Pictures']","Awards, 2 wins & 9 nominations total","['Portuguese', 'Adventure Epic', 'Costume Drama', 'Historical Epic', 'Sea Adventure', 'Adventure', 'Biography', 'Drama', 'History']","['Portuguese', 'English', 'Spanish', 'Visayan', 'French', 'Latin']"
279. Peter Pan's Neverland Nightmare,2025,1h 29m,Not Rated,4.8,5K,50.0,"Wendy Darling strikes out in an attempt to rescue her brother Michael from 'the clutches of the evil Peter Pan.' Along the way she meets Tinkerbell, who will be seen taking heroin, believing that it's pixie dust.",https://www.imdb.com/title/tt21955520/?ref_=sr_i_279,"['J.M. Barrie', 'Scott Chambers']",['Scott Chambers'],"['Megan Placito', 'Martin Portlock', 'Kit Green', 'Peter DeSouza-Feighoney', 'Teresa Banham', 'Olumide Olorunfemi', 'Campbell Wallace', 'Nicholas Woodeson', 'Hardy Yusuf', 'Harry Whitfield']","£315,000 (estimated)","$8,418","$1,561,361","$230,515","January 13, 2025",['United Kingdom'],,"['ITN Studios', 'Iconic Events Releasing', 'Jagged Edge Productions']","Awards, 10 wins & 5 nominations total","['B-Horror', 'Slasher Horror', 'Suspense Mystery', 'Horror', 'Mystery', 'Thriller']",['English']
280. Couture,2025,1h 43m,R,5.7,1.7K,53.0,An American filmmaker faces challenges and self-discovery as she arrives in Paris for Fashion Week on a life-and-death journey.,https://www.imdb.com/title/tt34688195/?ref_=sr_i_280,['Alice Winocour'],['Alice Winocour'],"['Angelina Jolie', 'Anyier Anei', 'Louis Garrel', 'Ella Rumpf', 'Vincent Lindon', 'Garance Marillier', 'Grégoire Colin', 'Aurore Clément', 'Julia Ratner', 'Mona Tougaard']",,"$135,807","$1,916,812","$225,521","June 26, 2026","['France', 'United States']",,"['CG Cinéma', 'Closer Media', 'France 3 Cinéma']","Awards, 2 nominations total","['French', 'Drama']","['French', 'English', 'Ukrainian', 'Dinka', 'Italian']"
281. Miroirs No. 3,2025,1h 26m,,6.6,2.5K,78.0,"After a car crash kills her boyfriend, piano student Laura is taken in by Betty, who witnessed the accident. Living with Betty's family brings comfort, but Laura starts questioning their intentions as time passes.",https://www.imdb.com/title/tt32247943/?ref_=sr_i_281,['Christian Petzold'],['Christian Petzold'],"['Paula Beer', 'Barbara Auer', 'Matthias Brandt', 'Enno Trebs', 'Philip Froissant', 'Victoire Laly', 'Marcel Heuperman', 'Hendrik Heutmann', 'Christoph Glaubecker', 'Christian Koerner']",,"$35,866","$851,728","$220,631","March 27, 2026",['Germany'],"['Uckermark, Brandenburg, Germany']","['Schramm Film Koerner & Weber', 'Zweites Deutsches Fernsehen (ZDF)', 'ARTE']","Awards, 1 win & 12 nominations total","['German', 'Whodunnit', 'Drama', 'Music', 'Mystery', 'Thriller']","['German', 'French']"
282. Turnstile: Never Enough,2025,1h,,8.1,129,,"Dreams in motion. Follow Baltimore hardcore rock band, Turnstile, as they search for meaning in the vastness between tranquility and chaos. TURNSTILE: NEVER ENOUGH is a 14-song visual album, and a journey into the heart of their sound.",https://www.imdb.com/title/tt37023472/?ref_=sr_i_282,"['Daniel Fang', 'Franz Lyons', 'Pat McCrory']","['Pat McCrory', 'Brendan Yates']","['Daniel Fang', 'Franz Lyons', 'Pat McCrory', 'Meg Mills', 'Brendan Yates']",,,"$222,850","$220,315","June 14, 2025",['United States'],,['Vizionary'],,['Music'],['English']
283. Sardaar Ji 3,2025,2h 35m,,5.2,8.8K,,"Ghost hunter Jaggi and spirit friend Pinky investigate a haunted castle in the UK. As they confront a defiant ghost and uncover a dark secret, Jaggi races against time to solve his most difficult case.",https://www.imdb.com/title/tt33022037/?ref_=sr_i_283,"['Rakesh Dhawan', 'Jatinder-Lall', 'Dheeraj Rattan']",['Amar Hundal'],"['Diljit Dosanjh', 'Neeru Bajwa', 'Hania Aamir', 'Manav Vij', 'Gulshan Grover', 'Sapna Pabbi', 'Advin', 'Saleem Albela', 'Jasmin Bajwa', 'Baljit Singh Balli']",,,"$2,613,007","$220,000","June 27, 2025",['India'],,"['Story Time Productions', 'White Hill Studios']",,"['Punjabi', 'Musical']",['Punjabi']
284. Last Days,2025,2h,PG-13,5.0,494,43.0,"A 26-year-old missionary journeys to the remote North Sentinel Island, determined to convert an isolated tribe, while authorities attempt to intervene before potential harm occurs.",https://www.imdb.com/title/tt27977862/?ref_=sr_i_284,['Ben Ripley'],['Justin Lin'],"['Sky Yang', 'Radhika Apte', 'Ken Leung', 'Naveen Andrews', 'Claire Price', 'Donné Ngabo', 'Toby Wallace', 'Ciara Bravo', 'Marny Kennedy', 'Asher Yasbincek']",,"$163,032","$219,915","$219,915","October 24, 2025",['United States'],['Thailand'],"['Brillstein Entertainment Partners', 'Gotham Group', 'Hungry Bull Productions']",,"['Docudrama', 'Adventure', 'Biography', 'Drama']",['English']
285. This Is Not a Test,2025,1h 43m,R,4.7,2.8K,36.0,Follows Sloane and four other students who take shelter in their high school during a zombie outbreak.,https://www.imdb.com/title/tt35669125/?ref_=sr_i_285,"['Courtney Summers', 'Adam MacDonald']",['Adam MacDonald'],"['Olivia Holt', 'Jeff Roop', 'Froy Gutierrez', 'Luke Macfarlane', 'Corteon Moore', 'Carson MacCormac', 'Chloe Avakian', 'Joelle Farrow', 'Krista Bridges', 'Missy Peregrym']","$3,000,000 (estimated)","$143,067","$219,662","$213,951","March 11, 2026",['Canada'],"['Toronto, Ontario, Canada']","['Anova Pictures', 'Anova Pictures', 'Blue Fox Entertainment']",,"['Zombie Horror', 'Horror', 'Thriller']",['English']
286. Tornado,2025,1h 30m,R,5.5,4.8K,57.0,"A Japanese puppeteer's daughter gets caught up with criminals when their show crosses paths with a crime gang, led by Sugarman and his son Little Sugar.",https://www.imdb.com/title/tt27721490/?ref_=sr_i_286,"['John Maclean', 'Kate Leys']",['John Maclean'],"['Kôki', 'Nathan Malone', 'Tim Roth', 'Rory McCann', 'Dennis Okwera', 'Jamie Michie', 'Douglas Russell', 'Ian Hanmore', 'Sammy Hayman', 'Jack Morris']",,"$138,279","$449,965","$213,795","June 13, 2025",['United Kingdom'],"['Carlops, Penicuik, Scottish Borders, Scotland, UK (on location)']","['Independent Film Company', 'HanWay Films', 'Ashland Hill Media Finance']","Awards, 1 win & 5 nominations total","['Period Drama', 'Samurai', 'Action', 'Drama', 'Thriller']","['English', 'Japanese']"
287. Abraham's Boys,2025,1h 29m,R,4.3,1.7K,39.0,Abraham van Helsing moves his two sons to the United States in an attempt to escape their past.,https://www.imdb.com/title/tt14808764/?ref_=sr_i_287,"['Natasha Kermani', 'Joe Hill']",['Natasha Kermani'],"['Titus Welliver', 'Brady Hepner', 'Judah Mackey', 'Jocelin Donahue', 'Aurora Perrineau', 'Jonathan Howard', 'Fayna Sanchez', 'Paul Wong', 'Corteon Moore', 'Nick Epper']",,"$131,042","$231,968","$212,706","July 11, 2025","['United States', 'United Kingdom']","['Big Sky Ranch - 4927 Bennett Road, Simi Valley, California, USA']","['Illium Pictures', 'Tea Shop Productions']",,"['Psychological Horror', 'Horror']",['English']
288. Rose of Nevada,2025,1h 54m,,6.9,1.2K,84.0,"Mysterious boat returns to a village 30 years after vanishing. Two men join its crew hoping for better fortune. After one voyage, they find themselves transported back in time, mistaken for the original crew.",https://www.imdb.com/title/tt35674521/?ref_=sr_i_288,['Mark Jenkin'],['Mark Jenkin'],"['George MacKay', 'Callum Turner', 'Emily Daglish-Laine', 'Rosalind Eleazar', 'Francis Magee', 'Yana Penrose', 'Edward Rowe', 'Mary Woodvine']",,"$22,726","$1,124,549","$208,501","June 19, 2026",['United Kingdom'],"['Cornwall, England, UK']","['BFI Films', 'Bosena', 'Film4 Productions']","Awards, 1 win & 4 nominations total","['Time Travel', 'Drama', 'Fantasy', 'Horror', 'Mystery', 'Sci-Fi']",['English']
289. Alpha,2025,2h 8m,R,5.8,4.3K,56.0,"Alpha, a troubled 13-year-old, lives with her single mom. Their world collapses the day Alpha returns from school with a tattoo on her arm.",https://www.imdb.com/title/tt32275943/?ref_=sr_i_289,['Julia Ducournau'],['Julia Ducournau'],"['Tahar Rahim', 'Golshifteh Farahani', 'Mélissa Boros', 'Emma Mackey', 'Finnegan Oldfield', 'Louai El Amrousy', 'Ambrine Trigo Ouaked', 'Zohra Benbetka', 'Fadila Belkebla', 'Sofia Naït']",,"$121,466","$1,084,759","$205,482","March 27, 2026","['France', 'Belgium']","['Le Havre, Seine-Maritime, France']","['Mandarin & Compagnie', 'Kallouche Cinéma', 'Frakas Productions']","Awards, 2 wins & 9 nominations total","['French', 'Body Horror', 'Medical Drama', 'Psychological Drama', 'Psychological Horror', 'Drama', 'Horror']","['French', 'English', 'Berber languages']"
290. Natchez,2025,1h 26m,,7.6,323,80.0,"A sharp look at the American South's unreconciled history through Natchez, a Mississippi town that mixes antebellum tourism with a community deeply divided over its past.",https://www.imdb.com/title/tt36589943/?ref_=sr_i_290,"['Suzannah Herbert', 'Pablo Proenza']",['Suzannah Herbert'],"['Kathleen Bond', 'Ser Clifford Boxley', 'Tracy Collins', 'Deborah Cosey', 'Dan Gibson', 'Tracy McCartney', 'Barney Schoby']",,"$9,026","$204,945","$204,945","March 8, 2026",['United States'],,"['Cedar Creek Productions', 'Common Pictures', 'Ford Foundation - Just Films']","Awards, 9 wins & 3 nominations total","['Documentary', 'History']",['English']
291. Urchin,2025,1h 40m,Not Rated,6.8,4.7K,77.0,"A young addict living on the streets of London is given a shot at redemption, but his road to recovery soon curdles into a strange odyssey from which he may never escape.",https://www.imdb.com/title/tt35715953/?ref_=sr_i_291,['Harris Dickinson'],['Harris Dickinson'],"['Frank Dillane', 'Megan Northam', 'Harris Dickinson', 'Shahzad Ali', 'Diane Axford', 'Joseph Ayre', 'Angela Bain', 'Lacey Bond', 'Michael Colgan', 'Holly De Jong']",,"$43,425","$1,124,108","$204,534","October 17, 2025","['United Kingdom', 'United States']",,"['BBC Film', 'British Film Institute (BFI)', 'Tricky Knot']","Awards, 5 wins & 27 nominations total","['Psychological Drama', 'Drama']",['English']
292. Inheritance,2025,1h 41m,R,5.7,3.6K,55.0,"When a young woman learns her father was once a spy, she suddenly finds herself at the center of an international conspiracy.",https://www.imdb.com/title/tt31050620/?ref_=sr_i_292,"['Neil Burger', 'Olen Steinhauer']",['Neil Burger'],"['Phoebe Dynevor', 'Rhys Ifans', 'José Alvarez', 'John Garet Stoker', 'Kersti Bryan', 'Byron Clohessy', 'Majd Eid', 'Necar Zadegan', 'Adham El Nahass', 'Ihab Ebrahim']",,"$124,817","$425,035","$192,223","January 24, 2025",['United States'],"['New Delhi, India (location)']","['IFC Films', 'Miramax', 'Nota Bene Productions']",,"['Conspiracy Thriller', 'Thriller']",['English']
293. #Single,2025,2h 9m,,6.2,3.2K,,"A charming bachelor who, despite being adored by two women, is resolute in his decision to remain single.",https://www.imdb.com/title/tt35694565/?ref_=sr_i_293,"['Bhanu Bhogavarapu', 'Caarthick Raju', 'Nandu Savirigana']","['Ramanaresh Nunna', 'Caarthick Raju']","['Sree Vishnu', 'Ketika Sharma', 'Ivana', 'Vennela Kishore', 'Rajendra Prasad', 'VTV Ganesh', 'Anuraga', 'Manasa Chowdary', 'Harika', 'Reba Monica John']",,"$188,000","$235,507","$188,000","May 9, 2025",['India'],,"['Geetha Arts', 'Kalya Films']",,"['Telugu', 'Romance']",['Telugu']
294. Little Amélie or the Character of Rain,2025,1h 17m,PG,7.6,5.7K,82.0,"Amélie, a Belgian child in Japan, explores life with her companion Nishio-san. Her third birthday becomes a turning point, marking the beginning of life-altering events that shape her understanding of the world.",https://www.imdb.com/title/tt29313285/?ref_=sr_i_294,"['Liane-Cho Han Jin Kuang', 'Aude Py', 'Maïlys Vallade']","['Liane-Cho Han Jin Kuang', 'Maïlys Vallade']","['Loïse Charpentier', 'Victoria Grosbois', 'Yumi Fujimori', 'Cathy Cerdà', 'Marc Arnaud', 'Laetitia Coryn', 'Haylee Issembourg', 'Isaac Schoumsky', 'François Raison', 'Emmylou Homs']","€9,500,000 (estimated)","$3,794","$2,374,467","$187,561","November 7, 2025","['France', 'Belgium']","['Paris, France (2 Minutes Studio)']","['Maybe Movies', 'Ikki Films', '2 Minutes']","Nominated for 1 Oscar, 12 wins & 47 nominations total","['French', 'Hand-Drawn Animation', 'Animation', 'Drama', 'Family', 'Fantasy']","['French', 'Japanese']"
295. Violent Ends,2025,1h 52m,R,5.9,1.7K,53.0,"A southern revenge thriller of star-crossed lovers set against the backdrop of the Ozark Mountains, Violent Ends chronicles the life of Lucas Frost, an honest man brought up in a crime family whose only legacy is violence.",https://www.imdb.com/title/tt6902560/?ref_=sr_i_295,['John-Michael Powell'],['John-Michael Powell'],"['Billy Magnussen', 'James Badge Dale', 'Kate Burton', 'Sean Harrison Jones', 'Matt Riedy', 'Alexandra Shipp', 'Nick Stahl', 'Vassiliki Ellwood Yiagazis', 'Damon McKinnis', 'Jared Bankens']",,"$117,813","$185,131","$185,131","December 29, 2025",['United States'],,"['Midnight Road Entertainment', 'HappyBad Bungalow']",,"['Psychological Thriller', 'Thriller']",['English']
296. Utshob,2025,1h 53m,,8.4,3.4K,,"Jahangir, a local businessman, guided by spiritual revelations, learns the essence of generosity and community, transforming from a self-centered miser to a compassionate man.",https://www.imdb.com/title/tt37034643/?ref_=sr_i_296,"['Samiul Bhuiyan', 'Charles Dickens', 'Tanim Noor']",['Tanim Noor'],"['Zahid Hasan', 'Chanchal Chowdhury', 'Jaya Ahsan', 'Shoumya Joyti', 'Sadia Ayman', 'Afsana Mimi', 'Naresh Bhuiyan', 'Intekhab Dinar', 'Azad Abul Kalam', 'Sunerah Binte Kamal']",,"$53,000","$179,605","$176,912","June 7, 2025",['Bangladesh'],,"['Chorki', 'Dope Productions']",,"['Bengali', 'Comedy', 'Drama', 'Family']",['Bengali']
297. Bambi: The Reckoning,2025,1h 20m,Not Rated,4.9,6.3K,,"A car wreck strands a mother and son in the deep woods where a mutated, vengeful deer stalks them. As local hunters and an obsessive grandmother converge, the forest becomes a bloody arena for a grieving creature's primal rage.",https://www.imdb.com/title/tt23621682/?ref_=sr_i_297,"['Felix Salten', 'Rhys Warrington']",['Dan Allen'],"['Roxanne McKee', 'Russell Geoffrey Banks', 'Samira Mighty', 'Nicola Wright', 'Alex Cooke', 'Tom Mulheron', 'Catherine Adams', 'Joseph Greenwood', 'Big Tobz', 'David Ambler']",,"$105,642","$408,758","$172,187","August 27, 2025","['United Kingdom', 'United States']","['Wilding Wood, Lewes, England, UK']","['ITN Studios', 'Jagged Edge Productions', 'Premiere Entertainment Group']","Awards, 1 win total","['B-Horror', 'Monster Horror', 'Horror', 'Thriller']",['English']
298. The Thing with Feathers,2025,1h 38m,R,5.7,2.9K,48.0,"After a tragic loss, a grieving father tries to raise his young sons whilst dealing with an unlikely, unpredictable and uninvited houseguest.",https://www.imdb.com/title/tt27773954/?ref_=sr_i_298,"['Dylan Southern', 'Max Porter']",['Dylan Southern'],"['Benedict Cumberbatch', 'Sam Spruell', 'David Thewlis', 'Henry Boxall', 'Richard Boxall', 'Nandi Bhebhe', 'Jessie Cave', 'Annie Hall Southern', 'Lou Hall Southern', 'Eric Lampaert']",,"$110,204","$790,278","$171,832","November 21, 2025",['United Kingdom'],"['Bristol, England, UK (location)']","['Lobo Films', 'LB Entertainment', 'Align']","Awards, 1 win & 3 nominations total","['Psychological Drama', 'Tragedy', 'Drama']",['English']
299. Peter Asher: Everywhere Man,2025,1h 57m,,8.5,65,,"The extraordinary life of Peter Asher—pop star, producer, manager, and confidant to legends such as Paul McCartney, James Taylor, and Linda Ronstadt.",https://www.imdb.com/title/tt38066059/?ref_=sr_i_299,"['Peter Asher', 'Steve Martin', 'Eric Idle']","['Daniel Geller', 'Dayna Goldfine']","['Peter Asher', 'Steve Martin', 'Eric Idle', 'Jane Asher', 'Clare Gillies', 'Gordon Waller', 'Gordon Waller', 'Lyle Lovett', 'Paul McCartney', 'Victoria Asher']",,"$8,369","$169,773","$169,773","June 26, 2025","['United States', 'United Kingdom']",,"['Geller/Goldfine Productions', 'Wwol']",,"['Biography', 'Documentary', 'Music']",['English']
300. Everyone Is Lying to You for Money,2025,1h 30m,,8.3,169,72.0,"Ben McKenzie explores cryptocurrency in his directorial debut, moving from curiosity to exposing harsh truths. His documentary both educates and entertains while delivering a powerful critique of the crypto world.",https://www.imdb.com/title/tt36733913/?ref_=sr_i_300,['Ben McKenzie'],['Ben McKenzie'],"['Ben McKenzie', 'Morena Baccarin', 'Sam Bankman-Fried', 'Mika Brzezinski', 'Nayib Bukele', 'Gerard Butler', 'Corbin', 'Dawoud Hamdan', 'Melissa Lee', 'Alex Mashinsky']",,"$20,389","$153,433","$153,433","November 16, 2025",['United States'],,,,['Documentary'],"['English', 'Spanish']"
301. Rebuilding,2025,1h 36m,PG,6.8,2.4K,75.0,"After wildfires take his ranch, a cowboy named Dusty winds up in a FEMA camp. He finds community with others who lost homes, while reconnecting with his daughter and ex-wife.",https://www.imdb.com/title/tt29361963/?ref_=sr_i_301,['Max Walker-Silverman'],['Max Walker-Silverman'],"[""Josh O'Connor"", 'Lily LaTorre', 'Meghann Fahy', 'Eli Malouff', 'Amy Madigan', 'Kali Reis', 'Zeilyanna Martinez', 'Taresa Ott Beiriger', 'Dwight Mondragon', 'David Bright']",,"$27,292","$517,543","$153,326","December 17, 2025",['United States'],"['8037 CO-15, Capulin, Colorado, USA (Library)']","['Present Company', 'Cow Hip Films', 'Dead End Pictures (II)']","Awards, 4 wins & 10 nominations total","['Psychological Drama', 'Drama']",['English']
302. Dongji Rescue,2025,2h 13m,Not Rated,6.3,1.4K,,"In 1942, Japanese ship Lisbon Maru with British POWs was torpedoed. Dongji fishermen saved 300+ British soldiers and protected 3 during Japanese searches.",https://www.imdb.com/title/tt32634271/?ref_=sr_i_302,"['Shu Chen', 'Runnian Dong', 'Ji Zhang']","['Zhenxiang Fei', 'Guan Hu']","['Yilong Zhu', 'Lei Wu', 'Ni Ni', 'Haoyu Yang', 'Minghao Chen', 'William Franklyn-Miller', 'Dahong Ni', 'Kevin Ridger', 'Jiuxiao Li', 'Yiquan Wang']","$80,000,000 (estimated)","$70,151","$476,409","$151,957","August 22, 2025",['China'],,['The Seventh Art Pictures'],"Awards, 9 wins & 9 nominations total","['Action', 'Drama', 'Thriller', 'War']","['Chinese', 'Mandarin', 'English', 'Japanese']"
303. Sharing Aloha,2025,1h 35m,G,8.0,56,,"A backstage exploration of what it means for young Islanders to preserve and pass on the culture of their ancestors, diving behind the scenes for a rare look into one of Hawaii's most popular (and least understood) tourist stops.",https://www.imdb.com/title/tt37740379/?ref_=sr_i_303,['Blair Treu'],['Blair Treu'],"['Malcolm Timoteo', 'Leilani Tameifuna', 'Mele Toli', 'Jimmy Kean', 'Atea Chip Lee Sao', ""Jeri Galea'i""]",,"$55,908","$151,214","$151,214",2025,['United States'],,"['Susan Tuckett Media', 'Treu Entertainment']","Awards, 1 nomination total",['Documentary'],['English']
304. July 7: Who Killed the President of Haiti?,2025,1h 53m,R,7.4,101,,"College student Shedeline investigates Haiti's President Moïse for a memoir, but becomes entangled in events surrounding his assassination, witnessing firsthand the political chaos while uncovering the truth behind his murder.",https://www.imdb.com/title/tt20425332/?ref_=sr_i_304,"['Paul Henry Athis', 'Gary Victor']",['Robenson Lauvince'],"['Anthony Alvarez', 'Tico Armand', 'Paul Henry Athis', 'Evens Jn Baptiste', 'Jacques Bourjolly Jr.', 'Anderson Brutus', 'Tony Delerme', 'Chermithe Geffrard Duverger', 'Eddy Francois', 'Caëlle Jean-Baptiste Edmond']","$5,000,000 (estimated)","$81,621","$147,734","$147,734","May 16, 2025",['Haiti'],"['Trou du Nord, Nord, Haiti']",['Clearshot Entertainment'],,"['Action', 'Drama', 'History']","['English', 'Haitian', 'French']"
305. The Love That Remains,2025,1h 49m,,6.8,2K,76.0,"Captures a year in the life of a family as the parents navigate their separation. Through intimate vignettes and strange occurrences, the film explores the complexities of family, love, and the impact of shared memories.",https://www.imdb.com/title/tt33381401/?ref_=sr_i_305,['Hlynur Pálmason'],['Hlynur Pálmason'],"['Panda', 'Saga Garðarsdóttir', 'Ída Mekkín Hlynsdóttir', 'Sverrir Gudnason', 'Kristinn Guðmundsson', 'Halldór Laxness Halldórsson', 'Grímur Hlynsson', 'Þorgils Hlynsson', 'Anders Mossling', 'Ingvar Sigurdsson']",,"$23,248","$433,549","$146,508","January 30, 2026","['Iceland', 'Denmark', 'Sweden', 'France']",,"['Still Vivid', 'Snowglobe Films', 'Hobab']","Awards, 13 wins & 13 nominations total","['Comedy', 'Drama', 'Family']","['Icelandic', 'English', 'French']"
306. Plainclothes,2025,1h 35m,Not Rated,7.0,5.2K,65.0,A promising undercover agent assigned to lure and arrest gay men defies professional orders when he falls in love with a target.,https://www.imdb.com/title/tt27550504/?ref_=sr_i_306,['Carmen Emmi'],['Carmen Emmi'],"['Tom Blyth', 'Russell Tovey', 'Maria Dizzia', 'Christian Cooke', 'Darius Fraser', 'Gabe Fazio', 'Jason Ngo', 'Marlene Mancini', 'Luke Burke', 'Joseph Emmi Sr.']",,"$17,628","$304,734","$142,747","November 4, 2025","['United States', 'United Kingdom']","['Syracuse, New York, USA']","['Lorton Entertainment', 'Mini Productions', 'Page 1 Entertainment']","Awards, 10 wins & 9 nominations total","['Steamy Romance', 'Tragic Romance', 'Drama', 'Romance', 'Thriller']",['English']
307. My Father's Shadow,2025,1h 34m,,7.3,2.2K,85.0,"Two young brothers explore Lagos with their estranged father during the 1993 Nigerian election crisis, witnessing both the city's magnitude and their father's daily struggles as political unrest threatens their journey home.",https://www.imdb.com/title/tt35695538/?ref_=sr_i_307,"['Wale Davies', 'Akinola Davies']",['Akinola Davies'],"['Sope Dirisu', 'Chibuike Marvellous Egbo', 'Godwin Egbo', 'Akerele David', 'Owa Orire Jeremiah', 'Efòn Wini', 'Olarotimi Fakunle', 'Tosin Adeyemi', 'Martha Ehinome', 'Ayo Lijadu']",,"$29,953","$1,096,494","$142,625","April 10, 2026","['United Kingdom', 'Nigeria', 'Ireland']","['Tarkwa Bay, Lagos, Nigeria (beach scene close to the shipwreck: 6.3945°N, 3.3895°E)']","['BBC Film', 'British Film Institute (BFI)', 'Crybaby Films']","Won 1 BAFTA Award, 12 wins & 37 nominations total",['Drama'],"['English', 'Yoruba']"
308. Sink Your Teeth: A Tokyo Ghoul Celebration,2025,2h 26m,,6.6,16,,A bookish loner's life changes when a deadly date leads to surgery that turns him into half-ghoul - a flesh-eating creature in a world where ghouls and humans are enemies.,https://www.imdb.com/title/tt37605225/?ref_=sr_i_308,"['Brina Palencia', 'Austin Tindle']","['Yoshiaki Kyougoku', 'Makoto Matsuoka', 'Shūhei Morita']","['Brina Palencia', 'Austin Tindle']",,,"$142,378","$142,378","July 21, 2025",,,"['Marvelous', 'Pierrot', 'TC Entertainment']",,[],[]
309. The Carpenter's Son,2025,1h 34m,R,4.5,6.9K,40.0,"Family hiding in Roman Egypt. Son known as 'the Boy' doubts guardian 'the Carpenter', rebelling with mysterious powers. As he uses abilities, they face natural and divine horrors.",https://www.imdb.com/title/tt32304349/?ref_=sr_i_309,['Lotfy Nathan'],['Lotfy Nathan'],"['Nicolas Cage', 'Noah Jupe', 'FKA twigs', 'Isla Johnston', 'Souheila Yacoub', 'Penelope Markopoulou', 'Orestis Paliadelis', 'Elena Topalidou', 'Manolis Mavromatakis', 'Thekla Gaiti']",,"$96,081","$151,070","$141,193","November 14, 2025","['United Kingdom', 'France', 'United States']",['Greece'],"['Anonymous Content', 'BlueLight', 'Cinenovo']","Awards, 1 nomination total","['Folk Horror', 'Horror']",['English']
310. 100 Meters,2025,1h 46m,TV-PG,7.6,8K,72.0,"Gifted runner Togashi dominates 100m races until transfer student Komiya arrives, motivating him to train harder. Years later, they compete as rivals on the racetrack.",https://www.imdb.com/title/tt32600395/?ref_=sr_i_310,"['Uoto', 'Yasuyuki Muto']",['Kenji Iwaisawa'],"['Tôri Matsuzaka', 'Shôta Sometani', 'Jun Kasama', 'Kôki Uchiyama', 'Kenjiro Tsuda', 'Yuma Uchida', 'Rie Takahashi', 'Haruki Ishiya', 'Yuki Tanaka', 'Hiiro Ishibashi']",,"$62,131","$3,611,916","$140,991","October 12, 2025",['Japan'],,"[""Rock'n Roll Mountain"", 'Pony Canyon', 'Tokyo Broadcasting System (TBS)']","Awards, 5 nominations total","['Japanese', 'Anime', 'Hand-Drawn Animation', 'Animation', 'Drama', 'Sport']",['Japanese']
311. Dreams,2025,1h 38m,Not Rated,5.6,3.5K,61.0,"A powerful American socialite (Jessica Chastain) and an undocumented Mexican ballet dancer begin a dangerous affair in this tense, erotic drama.",https://www.imdb.com/title/tt31710990/?ref_=sr_i_311,['Michel Franco'],['Michel Franco'],"['Jessica Chastain', 'Isaac Hernández', 'Rupert Friend', 'Eduardo Gonzalez', 'Hugo Costa Ramos', 'Julio Bernal', 'René Martínez', 'Nadia Chiney', 'Marshall Bell', 'Nadia Flamenco']",,"$73,448","$444,416","$133,797","February 27, 2026","['United States', 'Mexico']","['San Francisco, California, USA']","['Teorema', 'Freckle Films', 'AR Content']","Awards, 5 nominations total","['Psychological Thriller', 'Drama', 'Romance', 'Thriller']","['English', 'Spanish']"
312. La Grazia,2025,2h 12m,R,7.4,10K,69.0,A widowed Italian president faces moral crises over euthanasia legislation and pardoning killers while grappling with his late wife's infidelity during his final months in office.,https://www.imdb.com/title/tt34886821/?ref_=sr_i_312,['Paolo Sorrentino'],['Paolo Sorrentino'],"['Toni Servillo', 'Anna Ferzetti', 'Orlando Cinque', 'Massimo Venturiello', 'Milvia Marigliano', 'Giuseppe Gaiani', 'Giovanna Guida', 'Alessia Giuliani', 'Roberto Zibetti', 'Vasco Mirandola']","€20,839,029 (estimated)","$12,820","$11,904,406","$132,311","December 25, 2025",['Italy'],"['Turin, Piemonte, Italy']","['The Apartment', 'Numero 10', 'PiperFilm']","Awards, 16 wins & 20 nominations total","['Italian', 'Drama']",['Italian']
313. Folktales,2025,1h 45m,,7.2,514,73.0,"Teenagers attend a folk high school in Arctic Norway, relying on themselves, peers, and sled dogs as they navigate the path to adulthood and uncharted personal growth.",https://www.imdb.com/title/tt34966025/?ref_=sr_i_313,[],"['Heidi Ewing', 'Rachel Grady']",,,"$6,702","$130,841","$129,358","July 25, 2025","['United States', 'Norway']","['Finnmark, Norway']","['Artemis Rising Foundation', 'Fifth Season', 'Fuglene AS']","Awards, 7 nominations total",['Documentary'],"['English', 'Norwegian']"
314. The American Southwest,2025,1h 47m,G,8.1,85,,"Narrated by Quannah Chasinghorse, an adventurous journey down the Colorado River that explores the region's extraordinary wildlife, cultural history, and uncertain future.",https://www.imdb.com/title/tt36733529/?ref_=sr_i_314,['Ben Masters'],['Ben Masters'],['Quannah Chasinghorse'],,"$73,145","$128,762","$128,762","September 5, 2025",['United States'],,['Fin & Fur Films'],"Awards, 1 nomination total","['Nature Documentary', 'Documentary']",['English']
315. A Magnificent Life,2025,1h 30m,PG-13,6.6,841,60.0,"It follows the life of Pagnol, a playwright, novelist, and filmmaker who grew up in a middle-class household in Marseille and became one of the world's most inventive and prolific artists from the 1930's to the 1950's.",https://www.imdb.com/title/tt13968662/?ref_=sr_i_315,"['Sylvain Chomet', 'Marcel Pagnol', 'Nicolas Pagnol']",['Sylvain Chomet'],"['Laurent Lafitte', 'Géraldine Pailhas', 'Thierry Garcia', 'Anaïs Petit', 'Vincent Fernandel', 'Véronique Philipponnat', 'Elsa Pérusin', 'Martin Meersman', 'Philippe Beyls', 'Ryan Ellsworth']",,"$76,267","$1,363,792","$128,268","October 15, 2025","['France', 'Belgium', 'Luxembourg']",,"['What The Prod', 'Picture Box', 'Bidibul Productions']","Awards, 5 nominations total","['Adult Animation', 'Hand-Drawn Animation', 'Period Drama', 'Animation', 'Biography']","['English', 'French', 'German', 'Italian']"
316. Strange Journey: The Story of Rocky Horror,2025,1h 29m,,7.6,492,68.0,"A London theater play evolves into a groundbreaking cult phenomenon, featuring iconic songs and performances that celebrate individuality. The legacy lives on through midnight screenings and a devoted following that spans generations.",https://www.imdb.com/title/tt35521365/?ref_=sr_i_316,['Avner Shiloah'],"[""Linus O'Brien""]","['Tim Curry', 'Susan Sarandon', ""Richard O'Brien"", 'Jack Black', 'Trixie Mattel', 'Barry Bostwick', 'Lou Adler', 'Patricia Quinn', 'Nell Campbell', 'Jim Sharman']",,"$40,850","$140,000","$125,122","September 26, 2025",['United States'],,"['Margot Station', 'Velodrome', 'World of Wonder Productions']","Awards, 3 nominations total",['Documentary'],['English']
317. Dream Eater,2025,1h 30m,TV-MA,4.8,1.6K,,"A filmmaker documents her boyfriend's violent parasomnia during their holiday at a remote cabin in the woods, and as his sleepwalking gets worse, she believes the cause might be something far more sinister.",https://www.imdb.com/title/tt27861297/?ref_=sr_i_317,"['Jay Drakulic', 'Mallory Drumm', 'Alex Lee Williams']","['Jay Drakulic', 'Mallory Drumm', 'Alex Lee Williams']","['Robin Akimbo', 'Jay Drakulic', 'Brittany Drumm', 'Mallory Drumm', 'Sade Green', 'David Richard', 'Dainty Smith', 'Alex Lee Williams', 'Kelly Williams']","$100,000 (estimated)","$80,397","$123,758","$123,758","November 18, 2025",['Canada'],"['Laurentian Mountains, Montréal, Québec, Canada (location)']","['Blind Luck Pictures', 'Vortex Media']","Awards, 1 nomination total","['Found Footage Horror', 'Horror']",['English']
318. Lupin the IIIrd: The Movie - The Immortal Bloodline,2025,1h 33m,,6.2,317,,"Lupin and his gang locate a deserted island for treasure, but get into a battle for survival with the island's mysterious residents.",https://www.imdb.com/title/tt34812090/?ref_=sr_i_318,"['Monkey Punch', 'Yûya Takahashi']",['Takeshi Koike'],"[""Kan'ichi Kurita"", 'Takaya Hashi', 'Akio Hirose', 'Mizukawa Katamari', 'Ainosuke Kataoka', 'Miyuki Kobori', 'Aoi Morikawa', 'Daisuke Namikawa', 'Kanji Obana', 'Sayaka Osawa']",,"$46,163","$1,182,565","$121,507","June 27, 2025",['Japan'],,"['Chûôkôron Shinsha', 'Futabasha', 'TMS Entertainment']",,"['Japanese', 'Anime', 'Hand-Drawn Animation', 'Action', 'Adventure', 'Animation', 'Crime']",['Japanese']
319. Yadang: The Snitch,2025,2h 2m,Not Rated,6.5,1.3K,,"In drug crime circles, 'Ya-Dang' informants sell criminals' info. Criminals use this to reduce sentences, while law enforcement uses it for arrests. Ya-Dang, police and prosecutors form a key triangle.",https://www.imdb.com/title/tt35851026/?ref_=sr_i_319,['Kim Hyo-seok'],['Hwang Byeng-Gug'],"['Kang Ha-neul', 'Yoo Hai Jin', 'Park Hae-joon', 'Ryu Kyung-soo', 'Chae Won-Bin', 'Kang Ji-Woon', 'Yoo Seong-ju', 'Im Sung-kyun', 'Kim Geum-soon', 'Jo Wan Ki']",,"$53,108","$24,508,523","$120,382","April 16, 2025",['South Korea'],,"['Hive Media', 'Plus M Entertainment']","Awards, 2 nominations total","['Korean', 'Action', 'Comedy', 'Crime', 'Drama', 'Thriller']",['Korean']
320. Muzzle: City of Wolves,2025,1h 33m,R,4.6,1.7K,,"Haunted ex-K-9 officer Jake's peaceful life is shattered when a gang brutally attacks his family. With new K-9 partner Argos, he uncovers a drug ring, confronts corrupt officials, and fights inner demons while pursuing the criminals.",https://www.imdb.com/title/tt32395062/?ref_=sr_i_320,"['Carlyle Eubank', 'Jacob Michael King', 'John Stalberg Jr.']",['John Stalberg Jr.'],"['Aaron Eckhart', 'Tanya van Graan', 'Karl Thaning', 'Scott George', 'Edgardo Vara', 'Dylan Williams', 'Ignacio Alcala Jr.', 'Uzo', 'Malawi', 'Axle']",,"$88,584","$137,764","$118,977","November 14, 2025",['United States'],,"['Slow Burn', 'Vacancy Films', 'Bonfire Legend']",,"['B-Action', 'B-Horror', 'One-Person Army Action', 'Action', 'Drama', 'Horror', 'Mystery', 'Thriller']","['English', 'Spanish']"
321. Two Prosecutors,2025,1h 58m,,7.1,2.6K,85.0,"In the USSR in 1937, a newly appointed prosecutor discovers an undestroyed letter from a prisoner that reveals corruption in the secret police, the NKVD. His search for the truth becomes dangerous.",https://www.imdb.com/title/tt35521200/?ref_=sr_i_321,"['Georgy Demidov', 'Sergey Loznitsa']",['Sergey Loznitsa'],"['Alexander Kuznetsov', 'Ivgeny Terletsky', 'Timur Ibragimov', 'Gatis Rubins', 'Uldis Valteris', 'Andris Keiss', 'Vytautas Kaniusonis', 'Vygandas Vadeiša', 'Ihor Cherniak', 'Orest Pasko']",,"$11,668","$1,070,611","$115,168","June 23, 2026","['France', 'Germany', 'Netherlands', 'Latvia', 'Romania', 'Lithuania', 'Ukraine']",['Latvia'],"['SBS Productions', 'LOOKSfilm', 'Atoms & Void']","Awards, 1 win & 9 nominations total","['Russian', 'Legal Drama', 'Legal Thriller', 'Biography', 'Crime', 'Drama', 'History', 'Mystery', 'Thriller']","['Russian', 'Ukrainian', 'English']"
322. Hypnosismic -Division Rap Battle- Interactive Movie,2025,1h 40m,,7.8,24,,"The winner of a rap battle contest is decided by audience voting via smartphones, changing the story outcome with each screening.",https://www.imdb.com/title/tt34571222/?ref_=sr_i_322,['Yûichirô Momose'],['Takanori Tsujimoto'],"['Kôhei Amasaki', 'Shintarô Asanuma', 'Shôta Hayama', 'Show Hayami', 'Haruki Ishiya', 'Kent Itou', 'Ryota Iwasaki', 'Shinichiro Kamio', 'Kengo Kawanishi', 'Ryûichi Kijima']",,"$71,756","$17,814,569","$114,569","February 21, 2025",['Japan'],,['Polygon Pictures'],,"['Japanese', 'Animation', 'Drama', 'Music']",['Japanese']
323. Queens of the Dead,2025,1h 41m,TV-MA,5.3,1.9K,68.0,"Drag queens and club kids battle zombies craving brains during a zombie outbreak at their drag show in Brooklyn, putting personal conflicts aside to utilize their distinct abilities against the undead threat.",https://www.imdb.com/title/tt32986431/?ref_=sr_i_323,"['Erin Judge', 'Tina Romero']",['Tina Romero'],"['Jaquel Spivey', ""Katy O'Brian"", 'Quincy Dunn-Baker', 'Tomas Matos', 'Nina West', 'Jack Haven', 'Dominique Jackson', 'Margaret Cho', 'Riki Lindhome', 'Eve Lindley']",,"$69,877","$113,123","$113,123","October 24, 2025",['United States'],"['New Jersey, USA']","['Creativity Capital', 'Flexibon Films', 'IFC Films']","Awards, 5 wins & 5 nominations total","['Zombie Horror', 'Comedy', 'Horror']",['English']
324. ChaO,2025,1h 30m,,6.9,354,67.0,"In a world where humans and merpeople exist, Princess Chao gets engaged to human engineer Stephen. What will become of their romance?",https://www.imdb.com/title/tt36592916/?ref_=sr_i_324,['Hanasaki Kino'],['Yasuhiro Aoki'],"['Hiromi Kawakami', 'Kenta Miyake', 'Taro Nikuguso', 'Yu Okano', 'Shunsei Ôta', 'Kavka Shishido', 'Oji Suzuka', 'Anna Tsuchiya', 'Yûichirô Umehara', 'Anna Yamada']",,"$70,254","$136,151","$112,217","August 15, 2025",['Japan'],,['Studio 4°C'],"Awards, 1 win & 3 nominations total","['Japanese', 'Anime', 'Hand-Drawn Animation', 'Animation', 'Comedy', 'Fantasy', 'Romance']",['Japanese']
325. Hi-Five,2025,1h 59m,,6.5,1.8K,,"The five ordinary people, who developed their superpowers after receiving organ transplants from a previously superpowered being, fighting against another psychic, who also gained the power through transplant and covets their powers.",https://www.imdb.com/title/tt14044924/?ref_=sr_i_325,['Kang Hyoung-chul'],['Kang Hyoung-chul'],"['Lee Jae-in', 'Yoo Ah-in', 'Ahn Jae-hong', 'Ra Mi-ran', 'Kim Hee-won', 'Park Jin-young', 'Oh Jung-se', 'Shin Goo', 'Jin Hee-kyung', 'Yoo Seung-mok']",,"$44,388","$14,125,640","$111,394","May 30, 2025",['South Korea'],"['Songdo, Incheon, South Korea']","['Annapurna Films', 'Next Entertainment World (NEW)']","Awards, 4 wins & 5 nominations total","['Korean', 'Action', 'Adventure', 'Comedy', 'Fantasy']",['Korean']
326. The Death of Snow White,2025,1h 50m,R,4.2,1.6K,,"Pursued by her stepmother for eternal beauty, Snow White flees into a terrifying forest and aligns with seven bloodthirsty dwarves - cold-blooded assassins with a knack for brutal killings. Her spirit is tested in this grim fairy tale.",https://www.imdb.com/title/tt31022851/?ref_=sr_i_326,"['Jason Brooks', 'Naomi Mechem-Miller']",['Jason Brooks'],"['Sanae Loutsis', 'Chelsea Edmundson', 'Tristan Nokes', 'Meredith Binder', 'Risa Mei', 'Ali Chapman', 'Jeremy Hallam', 'Dillon Moore', 'Michael De Santo II', 'Colin Miller']","$1,200,000 (estimated)","$4,907","$108,752","$108,752","July 1, 2025",['United States'],,"['STL Productions', 'Real Fiction Studios', 'Newton to Newton Productions']","Awards, 1 win total","['B-Horror', 'Dark Fantasy', 'Fairy Tale', 'Folk Horror', 'Action', 'Fantasy', 'Horror']",['English']
327. Xeno,2025,1h 43m,PG-13,5.1,2K,,"A young girl and a terrifying alien form a powerful bond after a chance encounter in the desert, sending them on an adventure that questions the nature of good and evil.",https://www.imdb.com/title/tt27629220/?ref_=sr_i_327,['Matthew Loren Oates'],['Matthew Loren Oates'],"['Lulu Wilson', 'Omari Hardwick', 'Trae Romano', 'Josh Cooke', 'Jeff Gonzalez', 'Zacciah Hanson', 'Anthony Hord', 'Cassandra Killian', 'Joseph Ortega', ""Ron Rogge'""]",,"$71,901","$107,522","$107,522","September 19, 2025",['United States'],"['Albuquerque, New Mexico, USA']","['Hartbeat Productions', 'Tabooma', 'The Henson Company']",,"['Alien Invasion', 'Adventure', 'Drama', 'Mystery', 'Sci-Fi', 'Thriller']",['English']
328. Marlee Matlin: Not Alone Anymore,2025,1h 36m,,7.6,358,79.0,Explores Marlee Matlin's life as a groundbreaking deaf performer.,https://www.imdb.com/title/tt33322301/?ref_=sr_i_328,"['Marlee Matlin', 'Shoshannah Stern', 'Randa Haines']",['Shoshannah Stern'],"['Marlee Matlin', 'Shoshannah Stern', 'Randa Haines', 'Lauren Ridloff', 'Jack Jason', 'Troy Kotsur', 'John Maucere', 'Liz Tannebaum', 'Eric Matlin', 'Gloria Matlin']",,"$5,826","$109,284","$106,109","October 14, 2025",['United States'],,"['Actual Films', 'American Masters Pictures', 'Impact Partners']","Awards, 2 wins & 6 nominations total","['Biography', 'Documentary']","['American Sign Language', 'English']"
329. Dark Nuns,2025,1h 54m,,5.2,2.4K,,"A young boy Hee-Joon is possessed by an evil spirit. Nun Yunia tries to save him, assisted by Nun Mikaela. Priest Paul attempts medical treatment, while Priest Andrew performs an exorcism to rid Hee-Joon of the spirit.",https://www.imdb.com/title/tt32491690/?ref_=sr_i_329,"['Hyo-jin Oh', 'Su-min Park', 'Kim Woo-Jin']",['Kwon Hyeok-jae'],"['Song Hye-kyo', 'Jeon Yeo-been', 'Lee Jin-wook', 'Moon Woo-jin', 'Kim Guk-Hee', 'Shin Jae-hwi', 'Park Jeong-hak', 'Oh Man-seok', 'Yun Jin Seong', 'Jeon Su-ji']",,"$54,923","$12,140,335","$103,433","January 24, 2025",['South Korea'],,['Zip Cinema'],"Awards, 2 nominations total","['Korean', 'Supernatural Horror', 'Horror', 'Mystery', 'Thriller']",['Korean']
330. Omaha,2025,1h 23m,PG-13,7.0,1.4K,74.0,A father conceals the truth about his family's seemingly spontaneous cross-country road trip. A Sundance premiere starring John Magaro (Past Lives).,https://www.imdb.com/title/tt29253299/?ref_=sr_i_330,['Robert Machoian'],['Cole Webley'],"['John Magaro', 'Molly Belle Wright', 'Wyatt Solis', 'Talia Balsam', 'Rachel Alig', 'Max Carpenter', 'Lisa Carswell', 'Janelle Fore', 'Ally Wright', ""Ketrick 'Jazz' Copeland""]",,"$13,590","$102,909","$102,909","April 24, 2026",['United States'],"['Utah, USA']","['Sanctuary Content', 'Kaleidoscope Pictures', 'Monarch Content']","Awards, 6 wins & 11 nominations total",['Drama'],['English']
331. Marama,2025,1h 29m,,5.9,1.2K,79.0,"A Maori Gothic Revenge Horror set in Victorian England, 1859.",https://www.imdb.com/title/tt15284556/?ref_=sr_i_331,['Taratoa Stappard'],['Taratoa Stappard'],"['Ariana Osborne', 'Toby Stephens', 'Umi Myers', 'Erroll Shand', 'Evelyn Towersey', 'Jordan Mooney', 'Mihi Te Rauhi Daniels', 'Turia Schmidt-Peke', 'Elliot Blakely', 'Jonno Roberts']",,"$7,594","$224,328","$102,397","February 12, 2026","['New Zealand', 'United Kingdom']",,"['Hinterland Creative', 'MPI Media Group', 'New Zealand Film Commission']","Awards, 3 wins & 5 nominations total","['Period Drama', 'Drama', 'Horror', 'Mystery', 'Thriller']","['English', 'Maori', 'French']"
332. Dead Lover,2025,1h 35m,,5.8,458,77.0,"A lonely gravedigger who stinks of corpses finally meets her dream man, but their whirlwind affair is cut short when he tragically drowns at sea. Grief-stricken, she goes to morbid lengths to resurrect him through madcap experiments.",https://www.imdb.com/title/tt27378311/?ref_=sr_i_332,"['Grace Glowicki', 'Ben Petrie']",['Grace Glowicki'],"['Leah Doz', 'Grace Glowicki', 'Lowen Morrow', 'Ben Petrie']",,"$13,512","$108,513","$102,194","March 20, 2026","['Canada', 'United States']","['AstroLabs Studios, Toronto, Ontario, Canada (studio: all of the sets were two black box stages that were redecorated for each scene)']",['Featured Creatures'],"Awards, 2 wins & 1 nomination total","['B-Horror', 'Body Horror', 'Dark Romance', 'Comedy', 'Horror', 'Romance', 'Sci-Fi', 'Thriller']",['English']
333. Pompei: Below the Clouds,2025,1h 55m,,6.9,655,87.0,"Naples faces dual volcanic threats from Vesuvius and Campi Flegrei. Amid increasing tremors, archaeologists work as residents live anxiously, haunted by Pompeii's fate while emergency services strain.",https://www.imdb.com/title/tt36874833/?ref_=sr_i_333,"['Gianfranco Rosi', 'Carmelo Marabello', 'Marie-Pierre Muller']",['Gianfranco Rosi'],,,"$20,329","$231,338","$99,662","March 6, 2026",['Italy'],,"['21 Unofilm', 'Stemal Entertainment', 'Rai Cinema']","Awards, 3 wins & 6 nominations total","['Italian', 'Documentary']","['Italian', 'Arabic', 'Japanese', 'Neapolitan', 'English']"
334. The Last Whale Singer,2025,1h 31m,PG,5.9,269,,"When a monstrous creature escapes from a melting iceberg, a self-doubting teenage humpback whale must face his fears and dive into the darkest depths with his friends, to discover a mystical song that can save the oceans from destruction.",https://www.imdb.com/title/tt13518550/?ref_=sr_i_334,"['Reza Memari', 'Greg Nix']","['Pavel Hrubos', 'Steven Majaury', 'Reza Memari']","['Vincent Tong', 'Lisa Ortiz', 'Bruce Dinsmore', 'Priyanka', 'Chimwemwe Miller', 'Jessica Kardos', 'Elizabeth Neale', 'Jenna Wheeler-Hughes', 'Jen Viens', 'Matthew Kabwe']",,,"$898,215","$93,163","February 12, 2026","['Germany', 'Czech Republic', 'Canada']",,"['Telescope Animation', 'PFX', 'La Boîte à Fanny']","Awards, 2 wins & 2 nominations total","['Animation', 'Family']",['English']
335. The Python Hunt,2025,1h 31m,,7.6,119,63.0,"Every year the Florida government invites the public to compete in an invasive python removal contest in the Everglades. For 10 nights, an eclectic group of hunters confront the dangerous terrain, nocturnal creatures and their own desires.",https://www.imdb.com/title/tt35514288/?ref_=sr_i_335,"['Toby Benoit', 'Jimbo McCartney', 'Shannon McCartney']",['Xander Robin'],"['Toby Benoit', 'Jimbo McCartney', 'Shannon McCartney', 'Madison Oliveira', 'Richard Pereny', 'Anne Stratton', 'Joe Wasilewski']",,"$13,827","$89,868","$89,868","March 8, 2025",['United States'],"['Florida, USA (Everglades)']","['Artists Equity', 'To Be Formed']","Awards, 4 wins & 3 nominations total",['Documentary'],['English']
336. Sound of Falling,2025,2h 35m,Not Rated,7.0,6K,90.0,"A remote German farm harbors generations of secrets. Four women, separated by decades but united by trauma, uncover the truth behind its weathered walls.",https://www.imdb.com/title/tt28690468/?ref_=sr_i_336,"['Louise Peter', 'Mascha Schilinski']",['Mascha Schilinski'],"['Hanna Heckt', 'Lena Urzendowsky', 'Susanne Wuest', 'Luise Heyer', 'Laeni Geiseler', 'Lea Drinda', 'Florian Geißelmann', 'Gode Benedix', 'Bärbel Schwarz', 'Lucas Prisor']",,"$11,910","$5,094,080","$88,547","January 16, 2026",['Germany'],,"['Studio Zentral', 'Das kleine Fernsehspiel (ZDF)']","Awards, 23 wins & 43 nominations total","['German', 'Psychological Drama', 'Drama', 'War']",['German']
337. Miss Kobayashi's Dragon Maid: A Lonely Dragon Wants to Be Loved,2025,1h 45m,,7.7,478,,"Kanna's father returns to drag her back to the Dragon World as war brews between Chaos and Harmony. Torn between duty and friends, Kanna must decide her path-while a hidden force threatens to consume both worlds.",https://www.imdb.com/title/tt36592985/?ref_=sr_i_337,"['Coolkyoushinja', 'Yuka Yamada', 'Madeleine Morris']","['Tatsuya Ishihara', 'Jad Saxton', 'Yasuhiro Takemoto']","['Kaori Ishihara', 'Emiri Kato', 'Sachiko Kobayashi', 'Yûki Kuwahara', 'Maria Naganawa', 'Yûichi Nakamura', 'Daisuke Ono', 'Nobunaga Shimazaki', 'Shiori Sugiura', 'Fumihiko Tachiki']",,,"$1,332,039","$87,563","June 27, 2025",['Japan'],,['Kyoto Animation'],,"['Japanese', 'Adult Animation', 'Anime', 'Hand-Drawn Animation', 'Adventure', 'Animation', 'Fantasy']",['Japanese']
338. Zombie Land Saga: Yumeginga Paradise,2025,2h,,7.7,174,,"At the end of the second season, in Saga City, which is about to be held at the Saga EXPO, aliens invaded the earth. In Saga, the survival of the world depends on the protagonists.",https://www.imdb.com/title/tt35658228/?ref_=sr_i_338,['Clint Bickham'],['Megan Shipman'],"['Kaede Hondo', 'Asami Tano', 'Risa Taneda', 'Maki Kawase', 'Rika Kinugawa', 'Minami Tanaka', 'Kotono Mitsuishi', 'Mamoru Miyano', 'Yôsuke Akimoto', 'Yutaka Aoyama']",,"$87,333","$196,279","$87,333","October 24, 2025",['Japan'],,"['Avex Pictures', 'Cygames', 'Mappa']",,"['Japanese', 'Anime', 'Hand-Drawn Animation', 'Action', 'Animation', 'Comedy', 'Fantasy', 'Horror', 'Music', 'Sci-Fi']",['Japanese']
339. The Man Who Saves the World?,2025,1h 27m,,7.7,22,78.0,"An eccentric American peace activist pursues his belief that he's destined to unite South American tribes and save the Amazon, taking drastic steps to fulfill what he sees as an ancient prophecy.",https://www.imdb.com/title/tt37677322/?ref_=sr_i_339,['Gabe Polsky'],['Gabe Polsky'],"['Jane Goodall', 'Patrick McCollum', 'Gabe Polsky']",,"$16,175","$87,330","$87,330","October 17, 2025",,,"['Gabriel Polsky Productions', 'Rough House Pictures']",,['Documentary'],[]
340. Magic Farm,2025,1h 33m,,6.0,1.6K,60.0,"A media crew mistakenly ends up in the wrong country while trying to profile a musician. As they collaborate with locals to create a viral trend, relationships form amid an unfolding health crisis.",https://www.imdb.com/title/tt34966919/?ref_=sr_i_340,['Amalia Ulman'],['Amalia Ulman'],"['Chloë Sevigny', 'Joe Apollonio', 'Simon Rex', 'Alex Wolff', 'Amalia Ulman', 'Abuela Marita', 'Guillermo Jacubowicz', 'Margarita Yolanda Cariaco', 'Laureana Insua Ochoa', 'Valeria Lois']",,"$18,314","$93,629","$84,752","May 16, 2025","['United States', 'Argentina', 'United Kingdom']",['Argentina'],"['Spacemaker Productions', ""Holga's Meow"", 'Icki Eneo Arlo']","Awards, 1 win & 3 nominations total","['Comedy', 'Drama']","['English', 'Spanish', 'French']"
341. Romería,2025,1h 54m,,6.8,3.1K,76.0,"With her mother's diary in hand, Marina's search for official documents for university leads her to her biological family on the Atlantic coast. What starts as an administrative quest reveals long-buried family secrets.",https://www.imdb.com/title/tt32538648/?ref_=sr_i_341,"['Carla Simón', 'Neus Pipó Simón']",['Carla Simón'],"['Llúcia Garcia', 'Mitch Martín', 'Tristán Ulloa', 'Celine Tyll', 'León Romagosa', 'Hans Romagosa', 'Marina Troncoso', 'José Ángel Egido', 'Miryam Gallego', 'Sara Casasnovas']","€3,200,000 (estimated)","$15,193","$3,218,305","$81,923","September 5, 2025","['Spain', 'Germany']","['Vigo, Pontevedra, Galicia, Spain (main setting)']","['3Cat', 'Ad Vitam', 'Comunidad de Madrid']","Awards, 2 wins & 36 nominations total","['Spanish', 'Biography', 'Drama', 'Romance']","['Spanish', 'Catalan', 'French', 'Galician']"
342. Jongli,2025,2h 32m,,6.9,4.3K,,"A troubled university student, haunted by family trauma and heartbreak, descends into isolation--until an unexpected bond with a little girl forces him to confront his pain and choose between redemption or remaining lost.",https://www.imdb.com/title/tt31951179/?ref_=sr_i_342,"['Azad Khan', 'Mehedi Hasan Moon', 'Sukriti Saha']",['M Raahim'],"['Siam Ahmed', 'Noireeta Hasin Roudromoyee', 'Shabnam Bubly', 'Prarthona Fardin Dighi', 'Gulshan Ara Ahmed', 'Lichan Ahamed', 'Rashed Mamun Apu', 'Subrata Barua', 'Shahzada Somrat Chowdhury', 'Sohel Khan']",,"$35,000","$85,769","$80,577","March 31, 2025",['Bangladesh'],,"['Abhi Kothachitro', 'MIB Studios']",,"['Bengali', 'Action', 'Drama']",['Bengali']
343. Another World,2025,1h 50m,,7.2,579,74.0,"A spirit guide in the afterlife realm helps souls reach reincarnation. When he meets a young girl whose anger threatens to turn her into a monster, he must save her while learning about human emotions.",https://www.imdb.com/title/tt36639436/?ref_=sr_i_343,"['Saijo Naka', 'Polly Yeung']",['Tommy Kai Chung Ng'],"['Suet-Ying Chung', 'Hiu-Tung Choi', 'Louis Cheung', 'Kay Tse', 'Will Or', 'Thaimay', 'On-Ying Chan', 'Hon-Man Ko', 'Yiu-Tong Lee', 'Tin-Yan Yuen']",,"$27,254","$2,026,171","$78,907","June 5, 2026",['Hong Kong'],,"['Point Five Creations', 'Silver Media Group']","Awards, 1 win & 19 nominations total","['Cantonese', 'Hand-Drawn Animation', 'Action', 'Animation', 'Drama', 'Fantasy']",['Cantonese']
344. Holding Liat,2025,1h 37m,,6.8,252,78.0,"After Liat Beinin Atzili is kidnapped on October 7th, her Israeli-American family faces their own conflicting perspectives to fight for her release and the future of the places they call home.",https://www.imdb.com/title/tt35439895/?ref_=sr_i_344,"['Aviv Atzili', 'Aya Atzili', 'Liat Beinin Atzili']",['Brandon Kramer'],"['Aviv Atzili', 'Aya Atzili', 'Liat Beinin Atzili', 'Netta Atzili', 'Ofri Atzili', 'Chaya Beinin', 'Joel Beinin', 'Tal Beinin', 'Yehuda Beinin']",,"$8,162","$81,589","$78,535","September 11, 2025",['United States'],"['Eilat, Israel']","['Meridian Hill Pictures', 'Common Pictures', 'Kartemquin Films']","Awards, 4 wins & 1 nomination total","['Documentary', 'Drama']","['English', 'Hebrew']"
345. Amrum,2025,1h 33m,,7.2,4.1K,76.0,"In 1945 Amrum Island, 12-year-old Nanning hunts seals, fishes at night, and farms to help feed his family. Life feels idyllic on this windswept isle until peace reveals an unexpected danger closer to home.",https://www.imdb.com/title/tt22507216/?ref_=sr_i_345,"['Fatih Akin', 'Hark Bohm']",['Fatih Akin'],"['Jasper Billerbeck', 'Laura Tonke', 'Lisa Hagmeister', 'Kian Köppke', 'Lars Jessen', 'Detlev Buck', 'Matthias Schweighöfer', 'Diane Kruger', 'Dirk Böhling', 'Hark Bohm']",,"$4,247","$9,306,181","$75,390","April 24, 2026",['Germany'],"['Amrum, Schleswig-Holstein, Germany']","['Bombero International', 'Rialto Film', 'Creative Europe Media']","Awards, 3 wins & 7 nominations total","['German', 'Coming-of-Age', 'Drama', 'History', 'War']",['German']
346. Hot Milk,2025,1h 32m,R,5.6,3.9K,55.0,"With a strange illness, a mother and her daughter embark on a journey to the Spanish coast to find a cure, and along the way the daughter discovers another reality far from her controlling mother.",https://www.imdb.com/title/tt17538632/?ref_=sr_i_346,"['Rebecca Lenkiewicz', 'Deborah Levy']",['Rebecca Lenkiewicz'],"['Emma Mackey', 'Fiona Shaw', 'Patsy Ferran', 'Electra Sarri', 'Yorgos Tsiantoulas', 'Vincent Perez', 'Elena Casablanca', 'Nikos Kardonis', 'Vasilis Tsigristaris', 'Vicky Krieps']",,"$42,185","$522,892","$71,629","May 28, 2025","['United Kingdom', 'Australia']",['Greece (Filmed in Greece to represent Almeria in Spain)'],"['Film4', 'HanWay Films', 'Head Gear Films']","Awards, 3 nominations total","['Coming-of-Age', 'Psychological Drama', 'Drama']",['English']
347. Sod and Stubble,2025,1h 42m,,5.2,180,,The adventures and adversities of a family pioneering on the plains of Kansas.,https://www.imdb.com/title/tt22465610/?ref_=sr_i_347,['Ken Spurgeon'],['Ken Spurgeon'],"['Barry Corbin', 'Buck Taylor', 'Bailey Chase', 'Mary Beth McDonough', 'Rudy Ramos', 'Darby Hinton', 'Delno Ebie', 'Marty Benoit', 'Dodie Brown', 'Wyatt McCrea']",,"$35,334","$68,677","$68,677","March 11, 2026",['United States'],,"['New Albany Films', 'Sod and Stubble Films']",,"['Drama', 'Western']",['English']
348. Tall Tales,2025,1h 4m,,6.5,62,,A fairy tale for the modern world exploring the consequences of human progress.,https://www.imdb.com/title/tt36352504/?ref_=sr_i_348,"['Mark Pritchard', 'Thom Yorke']",['Jonathan Zawada'],"['Mark Pritchard', 'Thom Yorke']",,"$66,350","$127,066","$68,398","May 8, 2025",['United Kingdom'],,['Warp Records'],,['Animation'],['English']
"349. Mad Bills to Pay: (or Destiny, dile que no soy malo)",2025,1h 41m,,6.8,269,80.0,"Summer in The Bronx. He sells ""nutcracker"" cocktails, gets high, stays moving. Then she moves in. Two kids in a cramped apartment, playing house until the city reminds them how fast the streets make you grow up.",https://www.imdb.com/title/tt33562917/?ref_=sr_i_349,['Joel Alfonso Vargas'],['Joel Alfonso Vargas'],"['Juan Collado', 'Destiny Checo', 'Yohanna Florentino', 'Nathaly Navarro', 'Gregory Requena']",,"$23,055","$67,909","$67,909","January 26, 2025","['United States', 'United Kingdom']",,"['Killer Films', 'Perpetuum Films', 'Spark Features']","Awards, 9 wins & 14 nominations total","['Comedy', 'Drama']","['English', 'Spanish']"
350. You Got Gold: A Celebration of John Prine,2025,1h 30m,,8.9,45,,"70+ artists joined family and fans at Nashville's Ryman Auditorium in Oct 2022 for two nights, celebrating John Prine's life and music.",https://www.imdb.com/title/tt37155251/?ref_=sr_i_350,"['Kenneth Blevins', 'Max Brown', 'Tré Burt']",['Michael John Warren'],"['Kenneth Blevins', 'Max Brown', 'Tré Burt', 'Shawn Camp', 'Brandi Carlile', 'Mary Chapin Carpenter', 'Tyler Childers', 'Swamp Dogg', 'Steve Earle', ""Ramblin' Jack Elliott""]",,"$10,320","$66,697","$66,697","October 10, 2025",['United States'],,['RadicalMedia'],,"['Music Documentary', 'Documentary', 'Music']",[]
351. Atropia,2025,1h 43m,R,5.6,1.3K,53.0,Follows an aspiring actress working on a U.S. military base that simulates an Iraqi war zone.,https://www.imdb.com/title/tt31122579/?ref_=sr_i_351,['Hailey Gates'],['Hailey Gates'],"['Alia Shawkat', 'Zahra Alzubaidi', 'Callum Turner', 'Cristian Valle', 'Toby Nichols', 'Gil Perez-Abraham', 'June Carryl', 'Shaholly Ayers', 'Tim Blake Nelson', 'Allius Barnes']",,"$9,052","$64,144","$64,144","February 27, 2026","['United States', 'France', 'Italy']","['Peppermill, 2985 S Las Vegas Blvd., Las Vegas, Nevada, USA (Las Vegas Lounge)']","['Ways & Means', 'Paradise City', 'Big Creek Projects']","Awards, 1 win & 4 nominations total","['Docudrama', 'Comedy', 'Drama', 'War']",['English']
352. Ask E. Jean,2025,1h 31m,,7.3,59,75.0,"E. Jean Carroll won two lawsuits against Donald Trump for defamation and battery. Beyond that, she built a career as a successful magazine writer and authored one of America's longest-running advice columns.",https://www.imdb.com/title/tt38037335/?ref_=sr_i_352,"['Leah Goudsmit', 'Ivy Meeropol', 'Ferne Pearlstein']",['Ivy Meeropol'],"['Lisa Birnbach', 'E. Jean Carroll', 'Roberta Kaplan']",,,"$63,410","$63,410","August 30, 2025",['United States'],,"['Concordia Studio', 'Flora Films', 'Impact Partners']","Awards, 1 win total",['Documentary'],['English']
353. Predators,2025,1h 36m,TV-MA,6.5,3K,83.0,"Exploring the controversial NBC series that caught potential child predators in sting operations, leading to arrests, and its eventual cancellation.",https://www.imdb.com/title/tt34963732/?ref_=sr_i_353,"['Mark de Rond', 'Dani Jayden', 'Casey Mauro']",['David Osit'],"['Mark de Rond', 'Dani Jayden', 'Casey Mauro', 'Dan Schrack', 'Greg Stumbo', 'Byron Harris', 'John Roach', 'Walt Weiss', 'Skeeter Jean', 'T Coy']",,,"$67,397","$60,970","December 8, 2025",['United States'],,"['MTV Documentary Films', 'Sweet Relief Productions', 'Rosewater Pictures']","Awards, 4 wins & 19 nominations total","['Crime', 'Documentary', 'Thriller']",['English']
354. Put Your Soul on Your Hand and Walk,2025,1h 53m,,7.5,1.1K,83.0,"A filmmaker connects with a Palestinian woman in Gaza who documents life under bombardment. Their 200+ days of digital exchanges, the meaning shifts after Fatem's death in an Israeli attack on 16/ April 2025.",https://www.imdb.com/title/tt36598711/?ref_=sr_i_354,['Sepideh Farsi'],['Sepideh Farsi'],"['Sepideh Farsi', 'Fatima Hassouna']",,"$1,994","$112,815","$60,080","September 24, 2025","['France', 'Occupied Palestinian Territory']",,"[""Rêves d'Eau Productions"", '24 Images', 'Région des Pays-de-la-Loire']","Awards, 9 wins & 12 nominations total","['Documentary', 'Drama', 'War']","['English', 'Arabic', 'Persian']"
355. The Ugly,2025,1h 42m,,6.6,1.2K,50.0,"Im Dong-hwan discovers his missing mother's remains after forty years. Determined to find the truth of her disappearance, he embarks on a harrowing journey to uncover his family's dark secrets.",https://www.imdb.com/title/tt33514451/?ref_=sr_i_355,['Yeon Sang-ho'],['Yeon Sang-ho'],"['Park Jeong-min', 'Kwon Hae-hyo', 'Shin Hyeon-bin', 'Han Ji-hyeon', 'Han Ji-Hyun', 'Im Sung-jae', 'Kim Hwan-young', 'Cha Mi-kyung', 'Han Sang-cheol', 'Ko Seo-hie']","$160,000 (estimated)","$26,797","$7,771,907","$58,395","September 11, 2025",['South Korea'],,['Wow Point'],"Awards, 1 win & 10 nominations total","['Korean', 'Psychological Drama', 'Drama', 'Mystery', 'Thriller']",['Korean']
356. Fuck My Son!,2025,1h 34m,,5.3,220,,"A mother's manic quest pulls an unwitting bystander into a twisted, obscene ordeal that spirals into lunacy and terror.",https://www.imdb.com/title/tt32205896/?ref_=sr_i_356,"['Todd Rohal', 'Johnny Ryan']",['Todd Rohal'],"['Tipper Newton', 'Steve Little', 'Robert Longstreet', 'Kynzie Colmery', 'George Sample III', 'Bryan Connolly', 'John Gholson', 'Vincent James Prendergast', 'Lori Z. Cordova', 'Macon Blair']",,"$9,123","$58,207","$58,207","September 26, 2025",['United States'],"['Austin, Texas, USA']","['Professional Motion Picture', 'Little Titan', 'TUbb']","Awards, 2 nominations total","['Comedy', 'Horror']",['English']
357. Forge,2025,1h 54m,R,6.8,73,,"Siblings Raymond and Coco Zhang run a forgery ring. Coerced by a disgraced millionaire, they create counterfeit masterpieces for his family's collection. FBI agent Emily Lee investigates a new string of art forgeries.",https://www.imdb.com/title/tt32332334/?ref_=sr_i_357,['Jing Ai Ng'],['Jing Ai Ng'],"['Kelly Marie Tran', 'Andie Ju', 'Brandon Soo Hoo', 'Sonya Walger', 'Eva De Dominici', 'Edmund Donovan', 'Elaine Thong', 'Phillip Andre Botello', 'Elisa Lau', 'Matthew Andrew Leung']",,"$24,530","$56,963","$56,963","March 9, 2025",['United States'],,"['Florida Man Films', 'Qilinverse']",,"['Cantonese', 'Comedy', 'Crime', 'Drama']","['Cantonese', 'English']"
358. The Blue Trail,2025,1h 25m,,7.0,4.1K,78.0,"To maximize economic productivity, the Brazilian government orders elderly people to move to remote housing colonies. A 77-year-old woman refuses and embarks on a journey through the Amazon that will change her destiny forever.",https://www.imdb.com/title/tt35340614/?ref_=sr_i_358,"['Gabriel Mascaro', 'Tibério Azul', 'Murilo Hauser']",['Gabriel Mascaro'],"['Denise Weinberg', 'Rodrigo Santoro', 'Miriam Socarras', 'Adanilo', 'Rosa Malagueta', 'Clarissa Pinheiro', 'Dimas Mendonça', 'Daniel Ferrat', 'Heitor Lóris', 'Rafael César']",,"$6,607","$345,081","$56,080","August 28, 2025","['Brazil', 'Mexico', 'Netherlands', 'Chile']","['Amazon, Brazil (location)']","['Desvia Filmes', 'Cinevinay', 'Viking Film']","Awards, 10 wins & 40 nominations total","['Portuguese', 'Dystopian Sci-Fi', 'Drama', 'Sci-Fi']",['Portuguese']
359. Jinsei,2025,1h 33m,,6.5,147,73.0,"Our hero becomes a J-pop idol, an outcast, and an oracle in this 100-year chronicle of an extraordinary life, spanning the past, present, and future.",https://www.imdb.com/title/tt36639420/?ref_=sr_i_359,['Ryuya Suzuki'],['Ryuya Suzuki'],"['Ace Cool', 'Remi Chon', 'Eri Kamataki', 'Katsuya Magma', 'Ayumu Nakajima', 'Tsubaki Nekoze', 'Ryotaro Nishino', 'Miho Ohashi', 'Taketo Tanaka', 'Kanji Tsuda']",,"$8,274","$55,127","$55,127","June 12, 2026",['Japan'],,"[""Rock'n Roll Mountain""]","Awards, 1 nomination total","['Japanese', 'Adult Animation', 'Anime', 'Hand-Drawn Animation', 'Psychological Drama', 'Animation', 'Drama', 'Sci-Fi']",['Japanese']
360. The Last One for the Road,2025,1h 40m,,7.1,3K,68.0,"Two blustery 50-somethings have an obsession: going for their last drink. One night, they run into Giulio, a shy architecture student, whose way of seeing the world and love will be transformed as the trio wander from bar to bar of Veneto.",https://www.imdb.com/title/tt36491632/?ref_=sr_i_360,"['Adriano Candiago', 'Francesco Sossai']",['Francesco Sossai'],"['Filippo Scotti', 'Sergio Romano', 'Pierpaolo Capovilla', 'Roberto Citran', 'Andrea Pennacchi', 'Simone Bergamasco', 'Giulia Bertasi', 'Eva Bortoluzzi', 'Francesco Busolin', 'Mauro Candeago']",,"$8,663","$3,009,688","$54,207","October 2, 2025","['Italy', 'Germany']","['Memoriale Brion, Altivole, Treviso, Veneto, Italy (location)']","['Vivo Film', 'Rai Cinema', 'Maze Pictures']","Awards, 10 wins & 17 nominations total","['Italian', 'Road Trip', 'Comedy', 'Crime', 'Drama']","['Italian', 'English', 'Spanish', 'Japanese']"
361. Pools,2025,1h 39m,,5.7,976,,"In the midst of her whole life falling apart, Kennedy attempts to somehow reconnect with her dead father, searching for permission to live her own life within a wild pool-hopping escape through the elaborate estates of her college town.",https://www.imdb.com/title/tt10343438/?ref_=sr_i_361,['Sam Hayes'],['Sam Hayes'],"[""Odessa A'zion"", 'Mason Gooding', 'Michael Vlamis', 'Tyler Alvarez', 'Francesca Noel', 'Ariel Winter', 'Suzanne Cryer', 'Raymond Fox', 'Lucinda Johnston', 'Joe Angelo Menconi']",,"$10,534","$61,205","$53,478","September 5, 2025",['United States'],"['Lake Forest, Illinois, USA (Chicagoland)']","['Paesanos Pictures', 'Chicago Media Angels']","Awards, 1 nomination total","['Comedy', 'Drama']",['English']
362. Islands,2025,2h 1m,Not Rated,6.4,3K,76.0,"Tom, a tennis pro washed up on a holiday island. Now he's the coach at a hotel resort, hitting countless balls over the net to tourists. When he crosses paths with a particular tourist family, it seems he's found an escape of his own.",https://www.imdb.com/title/tt27796126/?ref_=sr_i_362,"['Jan-Ole Gerster', 'Blaz Kutin', 'Lawrie Doran']",['Jan-Ole Gerster'],"['Sam Riley', 'Stacy Martin', 'Jack Farthing', 'Dylan Torrell', 'Pep Ambròs', 'Bruna Cusí', 'Ramiro Blas', 'Ahmed Boulane', 'Fatima Adoum', 'Maya Unger']",,"$26,717","$344,036","$53,192","January 30, 2026",['Germany'],"['Hotel Riu Palace Tres Islas, Corralejo, Fuerteventura, Canary Islands, Spain (location)']","['Augenschein Filmproduktion', 'Deutscher Filmförderfonds (DFFF)', 'Film- und Medienstiftung NRW']","Awards, 2 wins & 3 nominations total","['Psychological Drama', 'Psychological Thriller', 'Crime', 'Drama', 'Mystery', 'Thriller']","['English', 'Spanish', 'German']"
363. Jimpa,2025,1h 53m,Unrated,5.7,949,47.0,"Hannah and her non-binary teenager Frances visit her gay grandfather Jimpa in Amsterdam. Frances expresses a desire to stay with their grandfather for a year, challenging Hannah's parenting beliefs and forcing her to confront past issues.",https://www.imdb.com/title/tt23745668/?ref_=sr_i_363,"['Matthew Cormack', 'Sophie Hyde']",['Sophie Hyde'],"['Aud Mason-Hyde', 'Olivia Colman', 'John Lithgow', 'Cody Fern', 'Maya Jean Carey', 'Bryn Chapman Parish', 'Satu Halonen', 'Kate Box', 'Eamon Farren', 'Daniel Henshall']",,"$6,395","$331,687","$49,781","February 13, 2026","['Australia', 'Netherlands', 'Finland']","['Adelaide, South Australia, Australia']","['Closer Productions', 'Mad Ones Films', 'Viking Film']",,['Drama'],['English']
364. Mumu,2025,1h 51m,,7.3,529,,"A deaf father raises his hearing daughter, who becomes his link to the outside world; as she grows older and social pressures intervene, their close bond is tested by forces beyond their control.",https://www.imdb.com/title/tt35635579/?ref_=sr_i_364,['Dandi Fu'],['Sha Mo'],"['Yixing Zhang', 'Luoan Li', 'Yao Huang', 'Vivienne Tien', 'Ruonan Zhang', 'Wenkang Yuan', 'Liya Ai', 'Joriel Wang']",,"$25,373","$57,240","$49,449","April 3, 2025",['China'],,"['CKF Pictures', 'Shanghai Tao Piao Piao Movie & TV Culture', 'iQIYI Pictures']","Awards, 6 wins & 6 nominations total","['Mandarin', 'Crime', 'Drama']",['Mandarin']
365. Sovereign,2025,1h 40m,R,6.5,8.6K,67.0,"A father and son who identify as Sovereign Citizens, a group of anti-government extremists, find themselves in a standoff with a chief of police that sets off a manhunt.",https://www.imdb.com/title/tt26843513/?ref_=sr_i_365,['Christian Swegal'],['Christian Swegal'],"['Nick Offerman', 'Jacob Tremblay', 'Dennis Quaid', 'Terry J. Nelson', 'Bobby Gilchrist', 'Kezia DaCosta', 'Megan Mullally', 'Ruby Wolf', 'Buddy Campbell', 'Tommy Kramer']",,"$24,652","$77,468","$48,899","July 11, 2025",['United States'],"['Lincoln, Arkansas, USA']","['All Night Diner', 'Concourse Media', 'Valecroft']","Awards, 1 win & 3 nominations total","['Psychological Drama', 'Psychological Thriller', 'Crime', 'Drama', 'Thriller']",['English']
366. Kontinental '25,2025,1h 49m,,6.7,2.4K,78.0,"In the capital of Transylvania, Cluj-Napoca, Orsolya serves as a bailiff. She has to evict a homeless guy from a cellar one day, which has disastrous results and sets off a moral problem that Orsolya must try to resolve.",https://www.imdb.com/title/tt35492581/?ref_=sr_i_366,['Radu Jude'],['Radu Jude'],"['Eszter Tompa', 'Gabriel Spahiu', 'Adonis Tanta', 'Oana Mardare', 'Serban Pavlu', 'Annamária Biluska', 'Adrian Sitaru', 'Marius Damian', 'Vlad Semenescu', 'Marius Panduru']",,"$5,441","$147,307","$48,647","April 3, 2026","['Romania', 'Switzerland', 'Luxembourg', 'Brazil', 'United Kingdom']","['Cluj-Napoca, Romania']","['RT Features', 'Bord Cadre Films', 'Sovereign Films (II)']","Awards, 6 wins & 5 nominations total","['Comedy', 'Drama']","['Romanian', 'Hungarian', 'German', 'Latin', 'English']"
367. Obex,2025,1h 30m,,5.6,890,75.0,"Conor Marsh's secluded life is disrupted when he plays the OBEX game. His dog Sandy disappears, blurring reality and game. Conor enters the OBEX world to rescue Sandy, navigating its strange realms.",https://www.imdb.com/title/tt29544916/?ref_=sr_i_367,"['Albert Birney', 'Pete Ohs']",['Albert Birney'],"['Albert Birney', 'Callie Hernandez', 'Frank Mosley', 'Dorothy']",,"$9,839","$49,861","$48,174","March 9, 2026",['United States'],,"['Cartuna', 'Ley Line Entertainment', 'Salem Street Entertainment']","Awards, 1 win & 5 nominations total","['Fantasy', 'Horror', 'Sci-Fi']",['English']
368. Crunchyroll Anime Nights SNEAK PEEK,2025,2h 11m,,,,,,https://www.imdb.com/title/tt39166386/?ref_=sr_i_368,[],[],,,,"$48,126","$48,126","December 15, 2025",,,,,[],[]
369. 31 Candles,2025,1h 30m,,6.4,103,,"Leo Kadner, a 30-year-old New Yorker, has a Bar Mitzvah after reconnecting with his childhood crush Eva Shapiro. To complete his Mitzvah project, Leo must deal with situationships, exes, and family while on a deadline.",https://www.imdb.com/title/tt30290460/?ref_=sr_i_369,['Jonah Feingold'],['Jonah Feingold'],"['Jonah Feingold', 'Sarah Coffey', 'Caroline Aaron', 'Djouliet Amara', 'Seth Barrish', 'Megan Bitchell', 'Lori Tan Chinn', 'Catherine Cohen', 'Joey Dardano', 'Derrick Delgado']",,,"$46,244","$46,244","January 11, 2025",['United States'],,"['Good Trouble Films', 'Romantical', 'York Ave Department of Motion Pictures']",,"['Comedy', 'Romance']",['English']
370. Two Pianos,2025,1h 55m,,5.6,410,68.0,"Mathias, a virtuoso pianist, lives an impossible love story.",https://www.imdb.com/title/tt33518607/?ref_=sr_i_370,"['Arnaud Desplechin', 'Kamen Velkovsky', 'Ondine Lauriot dit Prévost']",['Arnaud Desplechin'],"['François Civil', 'Nadia Tereszkiewicz', 'Charlotte Rampling', 'Hippolyte Girardot', 'Alba Gaïa Bellugi', 'Anne Kessler', 'Jeremy Lewin', 'Marianne Pommier', 'Valentin Picard', 'Laura Caselli']",,"$5,904","$1,616,460","$45,940","May 8, 2026",['France'],"['Piscine Antoine-Charial, Lyon, France (swimming pool lesson of boy)']","['Why Not Productions', 'Arte France Cinéma', 'Auvergne Rhône-Alpes Cinéma']","Awards, 1 win & 2 nominations total","['French', 'Drama', 'Music', 'Romance']","['French', 'English']"
371. The Napa Boys,2025,1h 32m,Not Rated,5.3,338,59.0,"A mysterious individual known as ""The Sommelier"" leads a group of friends on a strange trip through wine country.",https://www.imdb.com/title/tt37532179/?ref_=sr_i_371,"['Nick Corirossi', 'Armen Weitzman']",['Nick Corirossi'],"['Armen Weitzman', 'Nick Corirossi', 'Sarah Ramos', 'Mike Mitchell', 'Jamar Malachi Neighbors', 'Chloe Cherry', 'Vanessa Chester', 'Nelson Franklin', 'Paul Rust', 'David Wain']",,"$5,752","$45,690","$45,690","April 20, 2026",['United States'],"['Los Angeles, California, USA']",['Sunset Rose Pictures'],,"['Adventure', 'Comedy']",['English']
372. Cologne 75,2025,1h 52m,,7.1,2.1K,61.0,"Vera Brandes, who, in 1975 and at the age of 18, staged the famous Köln Concert by jazz musician Keith Jarrett.",https://www.imdb.com/title/tt20414360/?ref_=sr_i_372,['Ido Fluk'],['Ido Fluk'],"['Mala Emde', 'John Magaro', 'Michael Chernus', 'Shirin Lilly Eissa', 'Enno Trebs', 'Leo Meier', 'Leon Blohm', 'Ulrich Tukur', 'Jördis Triebel', 'Susanne Wolff']",,"$7,818","$326,704","$45,370","March 13, 2025","['Germany', 'Poland', 'Belgium']","['Feierabendhaus Hürth, North Rhine-Westphalia, Germany']","['ONE TWO Films', 'Mizzel Media', 'Extreme Emotions']","Awards, 4 wins & 5 nominations total","['German', 'Coming-of-Age', 'Biography', 'Drama', 'Music']","['German', 'English']"
373. For Worse,2025,1h 30m,,5.4,195,,A newly divorced sober mom goes to a wedding with a much younger date and behaves like a drunk 25 year old bridesmaid to try and keep up.,https://www.imdb.com/title/tt31590095/?ref_=sr_i_373,['Amy Landecker'],['Amy Landecker'],"['Amy Landecker', 'Bradley Whitford', 'Nico Hiraga', 'Missi Pyle', 'Gaby Hoffmann', 'Ken Marino', 'Simon Helberg', 'Paul Adelstein', 'Claudia Sulewski', 'Lilli Kay']",,"$10,925","$44,341","$44,341","April 3, 2026",['United States'],,"['Big Swing Productions', '285 Pictures', 'For Better Productions']","Awards, 3 wins & 1 nomination total","['Comedy', 'Romance']",['English']
374. By Design,2025,1h 32m,,4.9,455,63.0,A twist on the body swap genre.,https://www.imdb.com/title/tt33365660/?ref_=sr_i_374,['Amanda Kramer'],['Amanda Kramer'],"['Juliette Lewis', 'Mamoudou Athie', 'Samantha Mathis', 'Robin Tunney', 'Alisa Torres', 'Clifton Collins Jr.', 'Keir Gilchrist', 'Madison McKinley', 'Miranda Bailey', 'Cristo Montt']",,"$16,804","$44,307","$44,307","January 23, 2025",['United States'],,"['Cold Iron Pictures', 'Smudge Films']","Awards, 5 nominations total","['Psychological Drama', 'Comedy', 'Drama', 'Sci-Fi']",['English']
375. Granite Rapids Moon,2025,1h 33m,,8.9,72,,A dad suddenly departs for the Grand Canyon after reading his daughter's birthday card. His week-long solo hike stirs memories of a previous canyon journey with another woman.,https://www.imdb.com/title/tt4123860/?ref_=sr_i_375,['Kenneth Cran'],['Kenneth Cran'],"['Brit Morgan', 'John Charles Meyer', 'Susan Papa', 'Etienne Eckert', 'Micah Cohen', 'KylieRae Condon', 'Missi Pyle', 'Kevin Thomas', 'Israel Wright', 'Katie Rose Welp']",,,"$43,558","$43,558","April 23, 2025",['United States'],"['Los Angeles, California, USA']",,,['Drama'],['English']
376. Preparation for the Next Life,2025,1h 55m,R,5.9,1.3K,80.0,"A Uyghur woman, trained by her military father, migrates to NYC where she finds herself laboring in Chinatown's underground kitchens. She fatefully encounters a young American soldier who just returned from three tours in the Middle East.",https://www.imdb.com/title/tt31727191/?ref_=sr_i_376,"['Martyna Majok', 'Atticus Lish']",['Bing Liu'],"['Sebiye Behtiyar', 'Fred Hechinger', 'Alicher Adill', 'Dralla Aierken', 'Erden Uyghur', 'Esther Chen', 'Celine Cheung', 'Jessica Ma', 'Whitney Chi', 'Winnie Guo']",,"$31,848","$45,001","$43,421","December 12, 2025",['United States'],,"['Amazon MGM Studios', 'Finding Leo Productions', 'Orion Pictures']","Awards, 2 nominations total",['Drama'],['English']
377. The Currents,2025,1h 44m,,6.3,177,79.0,"During a business trip to Geneva, Lina's impulsive decision leads to perilous consequences. Back in Buenos Aires, she tries to bury her secret, but the dark past she left behind resurfaces to threaten her current life.",https://www.imdb.com/title/tt35746682/?ref_=sr_i_377,['Milagros Mumenthaler'],['Milagros Mumenthaler'],"['Isabel Aimé González-Sola', 'Mauricio Bertorello', 'Sara Bessio', 'Esteban Bigliardi', 'Jazmín Carballo', 'Emma Fayo Duarte', 'Ernestina Gatti', 'Patricia Mouzo', 'Claudia Sánchez', 'Susana Saulquin']",,"$8,020","$46,369","$42,885","November 13, 2025","['Argentina', 'Switzerland']",,"['Alina Film', 'Ruda Cine']","Awards, 1 win & 15 nominations total","['Spanish', 'Drama']",['Spanish']
378. Yes,2025,2h 31m,Unrated,6.3,835,85.0,"A jazz musician and his dancer wife Jasmine offer their artistic talents to help their nation after the October 7 attacks, with the musician tasked with composing a new national anthem.",https://www.imdb.com/title/tt36667493/?ref_=sr_i_378,['Nadav Lapid'],['Nadav Lapid'],"['Ariel Bronz', 'Efrat Dor', 'Naama Preis', 'Aleksey Serebryakov', 'Sharon Alexander', 'Pablo Pillaud-Vivien', 'Idit Teperson', 'Meir Fenigstein', 'Amit Narovliansky', 'Ellie Ohana']",,"$7,830","$448,598","$42,771","April 3, 2026","['France', 'Israel', 'Cyprus', 'Germany']",,"['Les Films du Bal', 'Chi-Fou-Mi Productions', 'Bustan Films']","Awards, 1 win & 13 nominations total","['Dark Comedy', 'Comedy', 'Drama']","['Hebrew', 'English', 'Russian']"
379. The Actor,2025,1h 38m,R,5.4,1.1K,62.0,"When New York actor Paul Cole is beaten and left for dead in 1950s Ohio, he loses his memory and finds himself stranded in a mysterious small town where he struggles to get back home and reclaim what he's lost.",https://www.imdb.com/title/tt14127944/?ref_=sr_i_379,"['Stephen Cooney', 'Duke Johnson', 'Donald E. Westlake']",['Duke Johnson'],"['André Holland', 'Gemma Chan', 'May Calamawy', 'Asim Chaudhry', 'Joe Cole', 'Fabien Frankel', 'Olwen Fouéré', 'Edward Hogg', 'Toby Jones', 'Youssef Kerkour']",,"$20,941","$42,753","$42,753","June 30, 2025","['United States', 'Hungary']","['Budapest, Hungary']","['Esme Grace Media/COIL', 'Innerlight Films', 'The Launch Company']","Awards, 1 nomination total","['Psychological Drama', 'Suspense Mystery', 'Crime', 'Drama', 'Mystery', 'Thriller']",['English']
380. Late Shift,2025,1h 32m,,7.7,11K,69.0,"Floria, a dedicated nurse, tirelessly serves in an understaffed hospital ward. However, today her shift becomes a tense and urgent race against the clock.",https://www.imdb.com/title/tt32204858/?ref_=sr_i_380,['Petra Biondina Volpe'],['Petra Biondina Volpe'],"['Leonie Benesch', 'Sonja Riesen', 'Alireza Bayram', 'Selma Jamal Aldin', 'Margherita Schoch', 'Urs Bihler', 'Albana Agaj', 'Ridvan Murati', 'Urbain Guiguemde', 'Elisabeth Roll']","CHF3,700,000 (estimated)","$14,196","$4,040,132","$42,638","February 27, 2025","['Switzerland', 'Germany']","['Zürich, Switzerland']","['Zodiac Pictures', 'MMC Zodiac', 'Schweizer Radio und Fernsehen (SRF)']","Awards, 9 wins & 8 nominations total","['German', 'Medical Drama', 'Psychological Drama', 'Drama', 'Thriller']","['German', 'Turkish', 'French', 'Albanian']"
381. Dragon Heart: Adventures Beyond This World,2025,1h 59m,PG-13,5.0,41,,"Two teens drown in a river, get rescued by a dragon, and learn they're dead. An old man offers to revive them if they explore the spirit world to find their purpose, leading them through hellish realms.",https://www.imdb.com/title/tt36551651/?ref_=sr_i_381,['Ryuho Okawa'],['Isamu Imakake'],"['Masumi Asano', 'Shigeru Chiba', 'Rica Fukami', 'Chinatsu Hirose', 'Yûsuke Kobayashi', 'Tetsuo Komura', ""Shin'ichirô Miki"", 'Paul K. Richards', 'Shunsuke Takeuchi']",,"$13,625","$1,736,441","$41,818","March 3, 2026",['Japan'],,"['HS Pictures Studio', 'IRH Press Co.']","Awards, 1 win total","['Japanese', 'Anime', 'Hand-Drawn Animation', 'Adventure', 'Animation', 'Fantasy']",['Japanese']
382. Ricky,2025,1h 49m,,6.6,157,79.0,"Newly released after being locked up in his teens, 30-year-old Ricky navigates the challenging realities of life post-incarceration, and the complexity of gaining independence for the first time as an adult.",https://www.imdb.com/title/tt27827635/?ref_=sr_i_382,"['Lin Que Ayoung', 'Rashad Frett']",['Rashad Frett'],"['Titus Welliver', 'Sheryl Lee Ralph', 'Stephan James', 'Andrene Ward-Hammond', 'Sean Nelson', 'Anthony Hoang', 'Simbi Kali', 'Imani Lewis', 'Katie Lee Hill', 'Donna Glaesener']",,"$30,531","$41,513","$41,513","April 24, 2026",['United States'],"['Connecticut, USA (on location)']","['Bay Mills Studios', 'Good Gravy Films', 'Ossetra Films']","Awards, 3 wins & 3 nominations total",['Drama'],['English']
383. Unholy Song,2025,1h 35m,,4.9,107,,"After releasing an evil witch from its cursed tape, a landlord and his two new renters must confront their fears and skepticism to defeat this entity.",https://www.imdb.com/title/tt28022241/?ref_=sr_i_383,['Arthur G. Night'],['Arthur G. Night'],"['Jessica K. Chaves', 'Christopher Orozco', 'Sean Gestl', 'Eric Parkinson', 'Quint Gabriel', 'Kelley Lord', 'Alan Nova', 'Mark Overby', 'Mikaela Seamans', 'Jessenia Stidger']",,"$20,345","$40,724","$40,724","February 28, 2025",['United States'],"['Lodi, California, USA (Filming City)']","['Trupeak Entertainment', 'Midnight Kastle Productions']","Awards, 1 win total",['Horror'],['English']
384. Labyrinth,2025,1h 55m,,6.0,112,,High schooler Shiori's dream of online stardom turns into a mission to save the world from brainrot after an embarrassing video of her goes viral and she's trapped in her smartphone by a nefarious alter ego.,https://www.imdb.com/title/tt38507195/?ref_=sr_i_384,['Taichi Hashimoto'],['Shôji Kawamori'],"['Suzuka', 'Taizô Harada', 'Show Hayami', 'Aoi Itô', 'Jun Saito', 'Maaya Sakamoto', 'Tomokazu Sugita', 'Takuto Teranishi']",,"$20,626","$51,509","$39,935","May 10, 2026",['Japan'],,['Slow Curve Co.'],,"['Japanese', 'Anime', 'Computer Animation', 'Psychological Drama', 'Showbiz Drama', 'Adventure', 'Animation', 'Fantasy', 'Sci-Fi']","['Japanese', 'English']"
385. Monk in Pieces,2025,1h 34m,,7.4,103,,"The boundary-breaking composer and performer Meredith Monk overcame a hostile critical establishment to become one of the great innovators of her generation. Now, Monk faces mortality: can such singular work be performed without her?",https://www.imdb.com/title/tt34542628/?ref_=sr_i_385,"['Billy Shebar', 'David C. Roberts', 'Trish Dalton']","['David C. Roberts', 'Billy Shebar']","['Björk', 'David Byrne', 'Ping Chong', 'Merce Cunningham', 'Philip Glass', 'Lanny Harrison', 'Joanna Lynn-Jacobs', 'Meredith Monk', 'John Schaefer', 'Julia Wolfe']",,"$10,775","$39,108","$39,108","August 21, 2025",['United States'],"[""New York City, New York, USA (Meredith Monk's loft)""]",['110th Street Films'],"Awards, 1 win & 7 nominations total","['Music Documentary', 'Documentary', 'Music']",['English']
386. Women in Christ,2025,1h 40m,,7.9,21,,"More than a documentary-Women in Christ is a call to every woman who's ever wondered if her story matters. It does. Because when we see these women, we see the Savior.",https://www.imdb.com/title/tt37498018/?ref_=sr_i_386,['Daylen Pollard'],['Daylen Pollard'],"['Fernanda Bohme', 'Debra Bonner', 'Kimberly Dowdell', 'Esther Jackson-Stowell', 'Kerry Owen']",,"$15,308","$38,392","$38,392","September 12, 2025",['United States'],"['Utah, USA']",['Pollard Pictures'],,['Documentary'],['English']
"387. Coexistence, My Ass!",2025,1h 35m,,7.5,336,75.0,"Comedian Noam Shuster Eliassi's one-woman show tackles the Israeli-Palestinian conflict and the struggle for equality, challenging audiences with uncomfortable truths when her pursuit of coexistence starts sounding absurd.",https://www.imdb.com/title/tt34964219/?ref_=sr_i_387,"['Rachel Leah Jones', 'Rabab Haj Yahya']",['Amber Fares'],['Noam Shuster-Eliassi'],,"$14,050","$37,729","$37,729","February 5, 2026","['United States', 'France']",,"['My Teez Production', 'Home Made Docs', 'Intuitive Pictures']","Awards, 5 wins & 5 nominations total",['Documentary'],"['English', 'Hebrew', 'Arabic']"
388. Unidentified,2025,1h 39m,PG-13,5.9,144,55.0,"A grieving mother, fueled by her passion for true crime, seeks answers when a teenage girl is found dead in the desert and the police investigation stalls.",https://www.imdb.com/title/tt32298366/?ref_=sr_i_388,"['Haifaa Al-Mansour', 'Brad Niemann']",['Haifaa Al-Mansour'],"['Abdullah Al-Qahtani', 'Mila Al Zahrani', 'Aziz Gharbawi', 'Shafi Al Harthi', 'Adwa Alasiri', 'Othoub Sharar']",,"$16,960","$45,301","$37,198","June 26, 2026",['Saudi Arabia'],"['Riyadh, Saudi Arabia']","['Al Mansour Establishment', 'Rotana Studios']",,"['Arabic', 'Crime', 'Mystery', 'Thriller']",['Arabic']
389. Rabbit Trap,2025,1h 28m,,4.8,2.5K,57.0,Married couple Daphne and Darcy Davenport are two musicians who moved from London to a cottage in Wales to complete their new album. By accident they record a mystical sound never heard before and gradually disconnect from reality.,https://www.imdb.com/title/tt29567402/?ref_=sr_i_389,['Bryn Chainey'],['Bryn Chainey'],"['Dev Patel', 'Rosy McEwen', 'Jade Croot', 'Nicholas Sampson']",,"$18,481","$107,771","$32,817","September 12, 2025","['United Kingdom', 'United States']",,"['SpectreVision', 'Align', 'Bankside Films']","Awards, 1 win & 3 nominations total","['Folk Horror', 'Suspense Mystery', 'Horror', 'Mystery', 'Thriller']",['English']
390. A Cool Fish 2,2025,2h 2m,,5.0,118,,"The ""scumbag"" Chen Sanjin and the ""ruthless woman"" Xue Fangmei, who broke up on the streets of Bangkok, unexpectedly became involved in a kidnapping activity by a criminal group.",https://www.imdb.com/title/tt37309515/?ref_=sr_i_390,"['Xiaozhi Rao', 'Lili Wang', 'Quan Zhou']",['Xiaozhi Rao'],"['Yu Zhang', 'Suxi Ren', 'Binlong Pan', 'Marisa Anita', 'Yiqian Guo', 'Yinyin Ma', 'Pawarith Monkolpisit', 'Jane Nathamon Ngamkanok', 'Areeya Pholphuttrakul', 'Yanxiao Xie']",,"$32,669","$46,348","$32,669","July 5, 2025",['China'],,"['China Film Co., Ltd.', 'Emperor Motion Pictures', 'Lian Ray Pictures']","Awards, 2 wins & 2 nominations total","['Mandarin', 'Comedy', 'Crime']","['Mandarin', 'English', 'Thai']"
391. Blue Film,2025,1h 22m,,7.0,612,86.0,"Fetish camboy Aaron Eagle agrees to spend the night with an anonymous client, only to discover a disturbing tie to his past.",https://www.imdb.com/title/tt34915693/?ref_=sr_i_391,['Elliot Tuttle'],['Elliot Tuttle'],"['Reed Birney', 'Kieron Moore', 'Turner Beckett']",,"$31,000","$31,000","$31,000","October 11, 2025",['United States'],,['Fusion Entertainment'],"Awards, 1 nomination total","['Drama', 'Thriller']",['English']
392. Starman,2025,1h 25m,,7.1,114,,"Legendary NASA robotics engineer and best-selling science fiction author, Gentry Lee, has spent a lifetime seeking an answer to the ultimate cosmic question: Are we alone in the universe? At age 82 he has come to a revelatory conclusion.",https://www.imdb.com/title/tt21220632/?ref_=sr_i_392,['Robert Stone'],['Robert Stone'],"['Gentry Lee', 'Carl Sagan', 'Ray Bradbury', 'Robert A. Heinlein', 'Arthur C. Clarke', 'Frank Drake', 'Enrico Fermi', 'Gil Levin', 'Tobias Owen', 'Linda Morabito']",,"$5,355","$30,834","$30,834","March 8, 2025",['United States'],,['Robert Stone Productions'],,['Documentary'],['English']
393. Pitfall,2025,1h 48m,,4.5,784,,"After a young man gets separated from his friends while in the woods, he falls into a 10-foot deep pit of spikes, impaling him through the leg, and leaving him trapped. He quickly learns that his fall was not an accident.",https://www.imdb.com/title/tt32338122/?ref_=sr_i_393,"['James Kondelik', 'Victor Rose']",['James Kondelik'],"['Marshall Williams', 'Alexandra Essoe', 'Richard Harmon', 'Randy Couture', 'Jordan Claire Robbins', 'Matt Hamilton', 'Teresa Laverty', 'Grant Vlahovic', 'Shanelle Connell', 'Brenna Llewellyn']","$200,000 (estimated)","$19,629","$41,302","$28,495","June 11, 2026","['Canada', 'United States']","['Maple Ridge, British Columbia, Canada (Filming City)']","['Dragon Bear Pictures', 'Pandapix Pictures']","Awards, 1 nomination total","['Psychological Thriller', 'Slasher Horror', 'Survival', 'Horror', 'Thriller']",[]
394. Decorado,2025,1h 35m,,6.8,442,70.0,"Arnold, a mouse in midlife crisis, sees his world as artificial theater set. As personal troubles mount, his suspicion of living in a fake reality leads him to search for what's authentic.",https://www.imdb.com/title/tt26923383/?ref_=sr_i_394,"['Francesc Xavier Manuel Ruiz', 'Alberto Vázquez']",['Alberto Vázquez'],"['Asier Hormaza', 'Aintzane Gamiz', 'Kandido Uranga', 'Mikel Garmendia', 'Joxe Felipe Auzmendi', 'Ander Vildósola', 'Nagore Irizar', 'Arkaitz Gartziandia', 'Marga Altolaguirre', 'Iñaki Beraetxe']","€3,700,000 (estimated)","$16,882","$39,977","$26,725","October 24, 2025","['Portugal', 'Spain']",,"['Abano Producions', 'ESCine Español', 'Glow']","Awards, 5 wins & 5 nominations total","['Spanish', 'Adult Animation', 'Hand-Drawn Animation', 'Animation', 'Comedy', 'Fantasy', 'Horror']",['Spanish']
395. Living the Land,2025,2h 12m,,7.0,320,75.0,"In 1991 rural China, as villagers migrate to cities for better opportunities, 10-year-old Chuang remains in his hometown. The third child of his family navigates life during a time of sweeping national changes.",https://www.imdb.com/title/tt31079597/?ref_=sr_i_395,['Meng Huo'],['Meng Huo'],"['Shang Wang', 'Zhang Yanrong', 'Chuwen Zhang', 'Caixia Zhang', 'Kaidong Yang', 'Zhong Wan', 'Liu Hongai', 'Cao Lingzhi', 'Haotian Zhou', 'Jiang Yien']",,"$3,282","$516,749","$26,599","December 24, 2025",['China'],,"['Floating Light (Foshan) Film and Culture', 'Phoenix Legend Films', 'Bad Rabbit Pictures']","Awards, 4 wins & 4 nominations total","['Drama', 'History']","['Chinese', 'Mandarin']"
396. Renoir,2025,2h,,6.5,841,72.0,"In 1987 Tokyo, a quirky and sensitive 11-year-old girl copes with a terminally ill father and stressed-out working mother while encountering various adults dealing with their own struggles.",https://www.imdb.com/title/tt30220107/?ref_=sr_i_396,['Chie Hayakawa'],['Chie Hayakawa'],"['Yui Suzuki', 'Hikari Ishida', 'Lily Franky', 'Ayumu Nakajima', 'Yumi Kawai', 'Ryôta Bandô', 'Gilles de Jesus', 'Hana Hope', 'Keiko Morikawa', 'Jeffrey Rowe']",,"$6,252","$248,559","$26,551","June 20, 2025","['Japan', 'France', 'Singapore', 'Philippines', 'Indonesia', 'Qatar', 'United States']","['Tokyo, Japan']","['Akanga Film Asia', 'Arte France Cinéma', 'Creative Europe']","Awards, 4 wins & 8 nominations total","['Japanese', 'Coming-of-Age', 'Teen Drama', 'Drama']","['Japanese', 'English']"
397. Dracula,2025,2h 50m,,5.7,891,60.0,"In modern-day Transylvania, vampire hunts and labor strikes collide with sci-fi twists, romance, and AI-crafted tales, as multiple storylines blend folklore, classic horror, and contemporary elements into a fresh take on Dracula's legend.",https://www.imdb.com/title/tt32448239/?ref_=sr_i_397,"['Radu Jude', 'Oana Maria Zaharia']",['Radu Jude'],"['Adonis Tanta', 'Oana Maria Zaharia', 'Gabriel Spahiu', 'Alexandra Harapu', 'Ana Dumitrascu', 'Alexandru Dabija', 'Claudiu Dumitru', 'Serban Pavlu', 'Andrada Balea', 'Ilinca Manolache']",,"$6,751","$26,498","$26,498","October 31, 2025","['Romania', 'Brazil', 'Austria', 'Luxembourg', 'Switzerland', 'United Kingdom']",,"['Saga Film', 'RT Features', 'microFILM']","Awards, 1 win & 3 nominations total","['Comedy', 'Horror', 'Musical']","['Romanian', 'English', 'German', 'Spanish', 'French', 'Hungarian', 'Latin']"
398. Brothers on Three,2025,1h 42m,,9.4,21,,"As the West Point Rugby Team fights to defend its national championship, its players must also prepare to become Army officers under the relentless demands of cadet life.",https://www.imdb.com/title/tt38159476/?ref_=sr_i_398,"['Brian Anthony', 'Sean Mullin']",['Sean Mullin'],"['Michael Amberg', 'Andrew Bardak', 'Adam Bazan', 'Matt Blind', 'Billy Boldt', 'C. Charles Pappas']",,"$18,100","$25,643","$25,643","November 7, 2025",['United States'],,"['Five By Eight Productions', 'Center Mass', 'Rowdy House']",,['Documentary'],['English']
399. Little Trouble Girls,2025,1h 29m,,6.5,1.2K,81.0,"16-year-old Lucia joins Catholic school choir, befriends senior Ana-Maria. During choir retreat at convent, Lucia's attraction to a restoration worker creates tension with Ana-Maria and challenges her faith.",https://www.imdb.com/title/tt28834646/?ref_=sr_i_399,"['Urska Djukic', 'Maria Bohr', 'Jérémie Dubois']",['Urska Djukic'],"['Jara Sofija Ostan', 'Mina Svajger', 'Sasa Tabakovic', 'Natasa Burger', 'Popovic Stasa', 'Strle Mateja', 'Sasa Pavcek', 'Mattia Cason', 'Damjan Trbovc', 'Lotos Sparovec']",,"$2,826","$66,414","$25,486","December 12, 2025","['Slovenia', 'Italy', 'Croatia', 'Serbia']","['Cividale del Friuli, Italy']","['SPOK Films', 'Staragara I.T.', 'Izazov365']","Awards, 12 wins & 8 nominations total","['Coming-of-Age', 'Teen Drama', 'Drama', 'Romance']",['Slovenian']
400. Magic Hour,2025,1h 34m,,4.6,118,59.0,Erin and Charlie escape to the desert to navigate an unexpected and challenging new phase of their relationship.,https://www.imdb.com/title/tt32134256/?ref_=sr_i_400,"['Katie Aselton', 'Mark Duplass']",['Katie Aselton'],"['Katie Aselton', 'Daveed Diggs', 'Brad Garrett', 'Susan Sullivan', ""D.J. 'Shangela' Pierce"", 'Leonora Pitts', 'Sabryna Williams', 'Jo Lopez', 'Martin DeLuna', 'Nate Miles']",,"$9,186","$24,255","$24,255","May 22, 2026",['United States'],,['Duplass Brothers Productions'],,"['Drama', 'Romance']",['English']
401. Roads of Fire,2025,1h 59m,,9.2,17,,"The lives of a human smuggler transporting refugees to the Darién Gap, an asylum seeker in New York City, and frontline humanitarian volunteers interweave in a harrowing examination of the global migration crisis.",https://www.imdb.com/title/tt33818053/?ref_=sr_i_401,[],['Nathaniel Lezra'],,"$250,000 (estimated)","$8,460","$23,627","$23,627","February 11, 2025",['United States'],,['Lezra Films'],"Awards, 2 wins total",['Documentary'],"['English', 'Spanish']"
402. Promised Sky,2025,1h 32m,,6.3,180,,"Marie, Naney, and Jolie live together in Tunis, sheltering Kenza, a shipwreck survivor. As this unorthodox family forms, crises make each woman reconsider her place.",https://www.imdb.com/title/tt33311007/?ref_=sr_i_402,"['Anna Ciennik', 'Malika Cécile Louati', 'Erige Sehiri']",['Erige Sehiri'],"['Aïssa Maïga', 'Laetitia Ky', 'Debora Lobe Naney', 'Mohamed Grayaâ', 'Foued Zaazaa', 'Estelle Kenza Dpgbo', 'Touré Blamassi', 'Roxanne Takouri', 'Marie-Noël Ngwe', 'Elisabeth Kongolo Badibanga']",,"$2,848","$160,501","$22,985","January 28, 2026","['Tunisia', 'France', 'Qatar']",,"['Maneki Films', 'Henia Production', 'Canal+']","Awards, 2 wins & 2 nominations total","['Arabic', 'Drama']","['Arabic', 'French']"
403. Putin,2025,1h 49m,R,3.1,2.1K,,"A portrait of a formidable political figure, unraveling the contrasting facets of an iron-fisted tyrant and a man haunted by fear.",https://www.imdb.com/title/tt20414834/?ref_=sr_i_403,['Patryk Vega'],['Patryk Vega'],"['Tomasz Dedek', 'Natalia Jedrus', 'Justyna Karlowska', 'Marek Kasprzyk', 'Zbigniew Kozlowski', 'Thomas Kretschmann', 'Natalia Lange', 'Jan Monczka', 'Slawomir Sobala', 'Kalina Wysocka']","$15,000,000 (estimated)",,"$428,925","$21,624","January 10, 2025","['Poland', 'Malta', 'Russia', 'Syria', 'United States', 'Ukraine', 'Israel', 'Jordan']",['Poland'],['Vega Investments'],,"['Political Thriller', 'Biography', 'Crime', 'Drama', 'Thriller', 'War']",['English']
404. John Lilly and the Earth Coincidence Control Office,2025,1h 29m,,7.0,63,,"A visionary neuroscientist explores the limits of consciousness through isolation tanks, communication with dolphins, and psychedelic experiments, transforming himself from researcher to mystical explorer.",https://www.imdb.com/title/tt35532467/?ref_=sr_i_404,"['Michael Almereyda', 'Courtney Stephens']","['Michael Almereyda', 'Courtney Stephens']","['Alejandro Jodorowsky', 'Chloë Sevigny']",,"$3,720","$21,437","$21,437","February 25, 2025",['United States'],,['Couple 3 Films'],,"['Biography', 'Documentary']",['English']
405. The Tale of Silyan,2025,1h 20m,PG,7.4,957,84.0,A farmer's bond with a white stork intertwines with North Macedonian folklore.,https://www.imdb.com/title/tt37660542/?ref_=sr_i_405,"['Tamara Kotevska', 'Suz Curtis']",['Tamara Kotevska'],"['Nikola Conev', 'Jana Coneva', 'Aleksandra Coneva', 'Aleksandar Conev', 'Ilina Coneva', 'Ile Stojkovski', 'Stojco Filipov']",,"$6,255","$30,296","$21,146","December 12, 2025","['North Macedonia', 'United States']",,"['The Corner Shop', 'Concordia Studio', 'Ciconia Film']","Nominated for 2 Primetime Emmys, 9 wins & 18 nominations total",['Documentary'],"['Macedonian', 'English']"
406. Zodiac Killer Project,2025,1h 31m,,6.1,517,72.0,"Against the backdrop of deserted spaces, a filmmaker explores his abandoned Zodiac Killer documentary, delving into the true crime genre's inner workings at a saturation point.",https://www.imdb.com/title/tt34965959/?ref_=sr_i_406,"['Charlie Shackleton', 'Guy Robbins', 'Lee Nicholas Harris']",['Charlie Shackleton'],"['Charlie Shackleton', 'Guy Robbins', 'Lee Nicholas Harris']",,"$3,228","$22,775","$19,957","November 28, 2025","['United States', 'United Kingdom']",,"['Field of Vision (II)', 'Loop']","Awards, 1 win & 8 nominations total","['True Crime', 'Crime', 'Documentary', 'Mystery']",['English']
407. Wasteman,2025,1h 30m,,7.2,6.3K,76.0,"Follows parolee Taylor whose fresh start hopes are jeopardized by cellmate Dee's arrival. As Dee takes Taylor under his wing, a vicious attack tests their bond, forcing Taylor to choose between protecting Dee and his own parole chances.",https://www.imdb.com/title/tt29028515/?ref_=sr_i_407,"['Hunter Andrews', 'Eoin Doran']",['Cal McMau'],"['David Jonsson', 'Tom Blyth', 'Alex Hassell', 'Corin Silva', 'Paul Hilton', 'Cole Martin', 'Ray BLK', 'Neil Linpow', 'Cyrus Desir', 'Layton Blake']",,"$9,884","$1,200,343","$19,322","May 19, 2026",['United Kingdom'],"['HM Prison Shepton Mallet, Shepton Mallet, Somerset, England, UK']","['Agile Films', 'Bankside Films', 'Hoopsa Films']","Nominated for 1 BAFTA Award, 1 win & 8 nominations total","['Prison Drama', 'Crime', 'Drama', 'Thriller']",['English']
408. Re-Election,2025,1h 29m,PG-13,4.9,139,,"Desperate to re-discover the mojo he lost as a teenager, a disappointed middle-aged man re-enrolls in high school in order to run for class president again.",https://www.imdb.com/title/tt27391045/?ref_=sr_i_408,['Adam Saunders'],['Adam Saunders'],"['Tony Danza', 'Nathalie Kelley', 'Bex Taylor-Klaus', 'Kym Whitley', 'Patty Guggenheim', 'William Ragsdale', 'Rizwan Manji', 'Lane Factor', 'Hayley Keown', 'Paola Andino']",,"$6,682","$19,189","$19,189","December 15, 2025",['United States'],,['Footprint Features'],,['Comedy'],['English']
409. For the Love of a Woman,2025,1h 57m,,7.5,37,,"Esther, an American woman, sets out on a journey to Israel in the late 1970s in search of her family's origins and, piece by piece, reconstructs an extraordinary story.",https://www.imdb.com/title/tt27238826/?ref_=sr_i_409,"['Guido Chiesa', 'Nicoletta Micheli', 'Meir Shalev']",['Guido Chiesa'],"['Mili Avital', 'Ana Ularu', 'Ori Pfeffer', 'Alban Ukaj', 'Marc Rissmann', ""Serhiy Kysil'"", 'Anastasia Doaga', 'Sira Topic', 'Limor Goldstein', 'Vincenzo Nemolato']",,"$4,294","$35,643","$17,683","June 25, 2026",['Italy'],,['Vivo Film'],,['Drama'],['English']
410. A Savage Art: The Life & Cartoons of Pat Oliphant,2025,1h 28m,,7.3,52,,"A Savage Art is a timely documentary on renowned political cartoonist Patrick Oliphant, whose career spanned five decades and ten U.S. Presidents.",https://www.imdb.com/title/tt36889623/?ref_=sr_i_410,"['Dean Alioto', 'Bill Banowsky', ""Paul O'Bryan""]",['Bill Banowsky'],"['Terry Allen', 'Everett Byram', 'Susan Conway', 'Maureen Dowd', 'Eric Gibson', 'Tom Gibson', 'MD Josiah Child', 'Grant Oliphant', 'Pat Oliphant', 'Susanne Oliphant']",,"$3,066","$16,545","$16,545","September 5, 2025",['United States'],,['Railyard Films'],,"['Biography', 'Documentary']",['English']
411. O Horizon,2025,1h 47m,PG-13,6.9,88,,"Abby, a brilliant young neuroscientist, encounters a new technology that reconnects her with her recently deceased father.",https://www.imdb.com/title/tt25971256/?ref_=sr_i_411,['Madeleine Rotzler'],['Madeleine Rotzler'],"['Maria Bakalova', 'David Strathairn', 'Adam Pally', 'Maggie Grace', 'Avi Nash', 'Paulina Porizkova', 'Alysia Reiner', 'Nicholas Podany', 'Lio Tipton', 'Kate Bolduan']",,"$2,258","$16,395","$16,395","June 19, 2026",['United States'],,['Great Curve Films'],"Awards, 1 win total","['Comedy', 'Drama', 'Romance', 'Sci-Fi']",['English']
412. Don't Answer,2025,1h 15m,,3.4,154,,"Ejected by an overcrowded asylum and reassigned under a right-to-work policy, a childhood predator is delivered to a new town-where his only plan is to make the population zero.",https://www.imdb.com/title/tt29060297/?ref_=sr_i_412,"['Mark S. Allen', 'Howard Burd']",['Mark S. Allen'],"['Annabel Storm', 'Jack Amsler', 'Adrienne Bankert', 'Katie Klein', 'Joan Robbins', 'Johnny Barragan', 'Kellee Benedict', 'Brooks Berry', 'Jason Bortz', 'Shenelle Caddogan']",,"$5,965","$15,675","$15,675","October 21, 2025",['United States'],"['San Francisco, California, USA']",['Make The Movie'],,[],['English']
413. Take Time to Dance,2025,1h 35m,,6.1,34,,"A female attorney at a family law firm, who is also a ballroom dancer, tries to solve a mysterious case where a happily married Christian couple is all of a sudden getting a divorce.",https://www.imdb.com/title/tt30057701/?ref_=sr_i_413,['Dave Christiano'],['Dave Christiano'],"['Jamie Hughes', 'Drew Ferguson', 'Chris Bound', 'Bourke Floyd', 'Troy Rudeseal', 'Brian Lemmons', 'Aviva Sevilla', 'Vanesa Tamayo', 'Kailyn Corriher', 'Jessica Ambuehl']",,,"$15,361","$15,361","June 21, 2025",['United States'],,['Dave Christiano Films'],,['Drama'],['English']
414. The Clouds,2025,1h 41m,,5.4,37,,Time is running short for criminal mastermind Pablo Prieto and his gang as a tenacious judge closes in. His fate hangs in the balance between escape and facing justice for his crimes.,https://www.imdb.com/title/tt20563892/?ref_=sr_i_414,"['Gabriel Macias', 'Diego Ramos Otero', 'Eduardo Pinto']",['Eduardo Pinto'],"['Alberto Ajaka', 'Luciano Cáceres', 'Patricio Contreras', 'Diego Cremonesi', 'Matías Desiderio', 'Daniel Fanego', 'Darío Levy', 'Leonor Manso', 'Fernando Perez', 'Pablo Pinto']","$300,000 (estimated)","$8,450","$15,175","$15,175","April 30, 2025",['Argentina'],,"['LouLou Productions', 'Corralon Films']","Awards, 2 wins total","['Spanish', 'Thriller']",['Spanish']
415. Borderline,2025,1h 34m,R,5.5,10K,58.0,A bodyguard protects a pop superstar and her athlete boyfriend from a determined stalker in 1990s Los Angeles.,https://www.imdb.com/title/tt13650814/?ref_=sr_i_415,['Jimmy Warden'],['Jimmy Warden'],"['Samara Weaving', 'Ray Nicholson', 'Eric Dane', 'Jimmie Fails', 'Alba Baptista', 'Patrick Cox', 'Yasmeen Kelders', 'Catherine Lough Haggquist', 'Terence Kelly', 'April Cameron']","$5,000,000 (estimated)","$8,254","$284,704","$13,847","March 14, 2025",['United States'],"['Vancouver, British Columbia, Canada']","['LuckyChap', 'Red A Entertainment', 'Productivity Media']","Awards, 1 nomination total","['Dark Comedy', 'Psychological Horror', 'Psychological Thriller', 'Comedy', 'Horror', 'Thriller']",['English']
416. Barrio Triste,2025,1h 24m,,5.6,167,74.0,"In an impoverished neighborhood of 1980s Medellín, a group of disaffected teens steals a TV reporter's camera to document their lives.",https://www.imdb.com/title/tt37660515/?ref_=sr_i_416,['Stillz'],['Stillz'],"['Brahian Acevedo', 'Juan Pablo Baena', 'Jorge Cano', 'Joan Casas', 'Samuel Andrés Celis', 'David Gañan', 'Bryan Erlin Garcia', 'Jose Arley Marin Gonzalez', 'Luz Amparo González', 'Javier Hardoy']",,"$13,177","$13,177","$13,177","September 25, 2025","['Colombia', 'United States']",,"['EDGLRD', 'Weownthecity']","Awards, 3 wins & 4 nominations total","['Spanish', 'Crime', 'Drama', 'Fantasy', 'Sci-Fi']",['Spanish']
417. Young Mothers,2025,1h 45m,Not Rated,7.0,2K,80.0,Five young mothers living in a shelter strive for a better future for themselves and kids amidst challenging upbringings.,https://www.imdb.com/title/tt32909489/?ref_=sr_i_417,"['Jean-Pierre Dardenne', 'Luc Dardenne']","['Jean-Pierre Dardenne', 'Luc Dardenne']","['Babette Verbeek', 'Elsa Houben', 'Janaina Halloy', 'Lucie Laruelle', 'Samia Hilmi', 'Jef Jacobs', 'Günter Duret', 'Christelle Cornil', 'India Hair', 'Joely Mbundu']",,"$2,184","$1,348,452","$13,032","May 23, 2025","['Belgium', 'France']","['Banneux, Province de Liège, Belgium']","['Les Films du Fleuve', 'Archipel 35', 'The Reunion']","Awards, 3 wins & 10 nominations total","['French', 'Drama']","['French', 'English', 'Italian']"
418. It Feeds,2025,1h 42m,Not Rated,5.6,7.8K,66.0,"After a young girl bursts into their home psychiatry practice claiming an entity is feeding on her, Jordan and her clairvoyant mother must find a way to stop the force before the girl is taken completely.",https://www.imdb.com/title/tt28230296/?ref_=sr_i_418,['Chad Archibald'],['Chad Archibald'],"['Ashley Greene', ""Ellie O'Brien"", 'Juno Rinaldi', 'Shawn Ashmore', 'Brooklyn Marshall', 'Mark Taylor', 'Shayelin Martin', 'Julian Richings', 'Dov Tiefenbach', 'Scott Baker']",,,"$1,386,745","$12,364","April 18, 2025",['Canada'],"['Hamilton, Ontario, Canada']","['Black Fawn Films', 'Productivity Media']","Awards, 1 nomination total","['Psychological Horror', 'Horror']",['English']
419. Underland,2025,1h 19m,,5.9,138,63.0,A cinematic voyage beneath the surface of the earth into worlds rarely glimpsed by human eyes to explore the unknown below our feet.,https://www.imdb.com/title/tt36590141/?ref_=sr_i_419,"['Robert Macfarlane', 'Rob Petit']",['Rob Petit'],"['Fátima Tec Pool', 'Bradley Garrett', 'Mariangela Lisanti', 'Sandra Hüller']",,"$7,256","$149,942","$12,321","June 5, 2025","['United States', 'United Kingdom']",,"['Hot Docs Partners', 'Planet Octopus', 'Protozoa Pictures']","Awards, 1 nomination total","['Adventure', 'Documentary', 'History', 'Mystery']","['English', 'Spanish']"
420. Both Eyes Open,2025,1h 40m,TV-MA,4.7,306,,"Ally escapes an abusive relationship but hallucinates about her abuser. She receives cryptic messages suggesting he's nearby. As the messages intensify and her reality unravels, Ally realizes the truth may be closer than she thought.",https://www.imdb.com/title/tt32604318/?ref_=sr_i_420,['Ariel Julia Hairston'],['Ariel Julia Hairston'],"['Gail Bean', 'Joy Brunson', 'Taye Diggs', 'Katerina Eichenberger', 'Carla Fisher', 'Joanie Geiger', 'Christie Leverette', 'Michael Oloyede', 'Tristan Mack Wilds']",,"$7,914","$12,013","$12,013","April 1, 2025",['United States'],,"['Oasis Ave Films', 'RodFather Productions']",,['Thriller'],[]
421. Cactus Pears,2025,1h 52m,Unrated,7.4,916,84.0,"Anand, a 30-something city dweller compelled to spend a 10-day mourning period for his father in the rugged countryside of western India, tenderly bonds with a local farmer struggling to stay unmarried.",https://www.imdb.com/title/tt29310002/?ref_=sr_i_421,['Rohan Kanawade'],['Rohan Kanawade'],"['Bhushaan Manoj', 'Suraaj Suman', 'Jayshri Jagtap', 'Nitin Bansode', 'Harish Baraskar', 'Ram Daund', 'Vidya Joshi', 'Hemant Kadam', 'Rani Kasliwal', 'Vaishali Kendale']",,"$11,500","$49,266","$11,500","November 21, 2025","['India', 'United Kingdom', 'Canada']",,"['Lotus Visual Productions,', 'Bridge PostWorks, Mumbai', 'Dark Stories']","Awards, 9 wins & 8 nominations total","['Marathi', 'Drama', 'Romance']",['Marathi']
422. When I'm Ready,2025,1h 47m,,5.1,354,,"It's the end of the world. Seeking meaning and thrills in their last days alive, Rose and Michael embark on a cross-country road trip as a devastating asteroid threatens to wipe out life on Earth.",https://www.imdb.com/title/tt21818162/?ref_=sr_i_422,['Andrew Ortenberg'],['Andrew Johnson'],"['Andrew Ortenberg', 'June Schreiner', 'Lauren Cohan', 'Dermot Mulroney', 'Dana Andersen', 'Thalia Besson', 'Dominique Booth', 'Charles Constant', 'Bryan Curtis', 'Katharine Everett']",,"$8,220","$11,372","$11,372","February 14, 2025",['United States'],,"['19th Hole Productions', 'Film Bridge International']",,['Romance'],['English']
423. Man Finds Tape,2025,1h 24m,,5.2,2K,70.0,"After finding mysterious video clips, siblings investigate the strange recordings and uncover a disturbing secret spreading through their Texas town.",https://www.imdb.com/title/tt36591419/?ref_=sr_i_423,"['Paul Gandersman', 'Peter S. Hall']","['Paul Gandersman', 'Peter S. Hall']","['John Gholson', 'Will Goss', 'Christine V. Hall', 'Nell Kessler', 'Mia King', 'William Magnuson', 'Judy McMillan', 'Patrick J. Neese', 'Kelsey Pribilski', 'Graham Skipper']",,"$9,361","$11,139","$11,139","December 5, 2025",['United States'],,"['Arcanum Pictures', 'Rustic Films', 'XYZ Films']","Awards, 1 nomination total","['Found Footage Horror', 'Horror', 'Mystery', 'Thriller']",['English']
424. Seclusion,2025,1h 28m,,4.2,252,,"Dr. Madeline Faye, a successful psychiatrist and best-selling author, seeks refuge in her wealthy father's beach house while she works on her next book. She begins to suspect that a former patient is stalking her.",https://www.imdb.com/title/tt27119596/?ref_=sr_i_424,['Amy Wade'],['Tom DeNucci'],"['Nicky Whelan', 'Dominique Swain', 'Michael Copon', 'Eric Lutes', 'Amy Wade', 'Hope Blackstock', 'Fred Sullivan', 'Michael Zuccola', 'Michael Dubuc', 'Elly Han']",,"$4,650","$10,600","$10,600","March 7, 2025",['United States'],,"['Foxglove Entertainment', 'Hyperborea Films', 'LaSalle Productions']",,"['Psychological Drama', 'Thriller']",['English']
425. The Last Twins,2025,1h 20m,,9.0,47,,"Erno Spiegel protected twin children from Mengele's experiments at Auschwitz. Put in charge of young boys, he risked his life to shield them from brutal medical tests and death, saving dozens through courage and compassion.",https://www.imdb.com/title/tt37171214/?ref_=sr_i_425,['Patrick McMahon'],"[""Matthew O'Neill"", 'Perri Peltz']",['Liev Schreiber'],,"$5,370","$10,320","$10,320","June 6, 2025",,,"['DCTV', 'Zuli Productions']","Awards, 1 win & 1 nomination total",['Documentary'],['English']
426. The Floaters,2025,1h 41m,,7.4,62,,"THE FLOATERS follows struggling musician Nomi who accepts a last-resort job from her overachiever best friend Mara: mentoring misfit campers, the ""Floaters,"" at their childhood Jewish summer camp.",https://www.imdb.com/title/tt31145438/?ref_=sr_i_426,"['Amelia Brain', 'Andra Gordon', 'Brent Hoff']",['Rachel Israel'],"['Jackie Tohn', 'Sarah Podemski', 'Aya Cash', 'Judah Lewis', 'Nina Bloomgarden', 'Jake Ryan', 'Seth Green', 'Jonathan Silverman', 'Steve Guttenberg', 'Dan Ahdoot']",,"$8,976","$8,976","$8,976","June 18, 2025",['United States'],"['Camp Tel Yehudah, Barryville, New York, USA']","['K180 Studios', 'Athena Pictures']",,['Comedy'],['English']
427. Remake,2025,1h 54m,,7.7,95,94.0,"Ross McElwee explores time and memory through footage of his son Adrian, weaving their shared filmmaking past with an unfinished Hollywood remake of Sherman's March, creating a meditation on loss and documentation.",https://www.imdb.com/title/tt37660544/?ref_=sr_i_427,['Ross McElwee'],['Ross McElwee'],"['Adrian McElwee', 'Ross McElwee', 'Charleen Swansea']",,"$8,416","$8,416","$8,416","June 18, 2026",['United States'],,['Impact Partners'],"Awards, 3 wins & 1 nomination total",['Documentary'],['English']
428. Hedda,2025,1h 47m,R,5.8,5K,70.0,Henrik Ibsen's renowned stage drama from 1891 is reimagined in an epic and emotional way.,https://www.imdb.com/title/tt27953589/?ref_=sr_i_428,"['Henrik Ibsen', 'Nia DaCosta']",['Nia DaCosta'],"['Tessa Thompson', 'Nina Hoss', 'Imogen Poots', 'Nicholas Pinnock', 'Tom Bateman', 'Finbar Lynch', 'Mirren Mack', 'Jamael Westman', 'Saffron Hocking', 'Jack Barry']",,"$4,631","$15,358","$8,393","October 22, 2025",['United States'],,"['Orion Pictures', 'Plan B Entertainment', 'Viva Maude']","Awards, 10 wins & 59 nominations total","['Psychological Drama', 'Drama', 'Romance']",['English']
429. Prisoners of Fire,2025,1h 30m,,7.3,16,,The documentary of the 1990 Dude fire in Arizona that kills 6 prisoner wildfire firefighters and of the firefighter survivors desperate fight to stay alive.,https://www.imdb.com/title/tt35710538/?ref_=sr_i_429,['Scott Briggs'],['Scott Briggs'],"['Sandra Bachman', 'Joseph Chacon', 'Alex Contreras', 'Bill Davenport', 'James Denny', 'James Ellis', 'Steve Emery', 'Patrick Flippen', 'Geoffrey Hatch', 'Curtis Heaton']",,"$4,666","$8,161","$8,161","March 14, 2025",['United States'],"['Arizona, USA']",['Into the Black Productions'],"Awards, 1 win total",['Documentary'],['English']
430. The Ice Tower,2025,1h 57m,,5.9,1.6K,80.0,"Jeanne, a 15-year-old orphan, witnesses the shoot for a film adaptation of the fairy tale The Snow Queen, and she becomes fascinated by its star, Cristina, an actress who is just as mysterious and alluring as the Queen she is playing.",https://www.imdb.com/title/tt28171985/?ref_=sr_i_430,"['Lucile Hadzihalilovic', 'Geoff Cox', 'Alante Kavaite']",['Lucile Hadzihalilovic'],"['Marion Cotillard', 'Clara Pacini', 'August Diehl', 'Aurélia Petit', 'Cassandre Louis Urbain', 'Laurent Lufroy', 'Valentina Vezzoso', 'Marine Gesbert', 'Dounia Sichov', 'Raphael Reboul']",,"$8,000","$63,148","$8,000","October 3, 2025","['France', 'Germany', 'Italy']",,"['3B Productions', 'Sutor Kolonko', 'Davis Film']","Awards, 4 wins & 6 nominations total","['French', 'Psychological Drama', 'Drama', 'Fantasy', 'Thriller']","['French', 'English']"
431. The Wildman of Shaggy Creek,2025,1h 16m,,5.1,364,,"When a young boy discovers a Bigfoot monster may be lurking in the woods behind his house, he must face his fear to uncover the truth.",https://www.imdb.com/title/tt34107852/?ref_=sr_i_431,"['Jesse Edwards', 'Scott Baird', 'Rob York']",['Jesse Edwards'],"['Hudson Hensley', 'Allee Sutton Hethcoat', 'Josh Futcher', 'Ayla Bullington', 'Brycen Patterson', 'David Dupre', 'Ella Kaminski', 'Pierson Mashburn', 'Taylor Dupuis', 'Joe Bastien']",,"$3,810","$7,791","$7,791","August 1, 2025",['United States'],"['Nashville, Tennessee, USA']","['323 Films', 'Firespire Productions']","Awards, 24 wins & 11 nominations total","['Family', 'Fantasy']",['English']
432. The Vortex,2025,1h 23m,,4.9,200,,"A Paiute woman enters a Las Vegas casino in 1980, triggering strange happenings. The addicted in-house comedian counsels eccentric patrons and must make a pivotal choice.",https://www.imdb.com/title/tt25727008/?ref_=sr_i_432,"['Steven Barr', 'Richard Zelniker']",['Richard Zelniker'],"['Billy Gardell', 'Jaina Lee Ortiz', 'Jamie McShane', 'Azita Ghanizada', 'Emily Alabi', 'Nick Gomez', 'Christopher Titus', 'Jeremy Luke', 'Shaan Sharma', 'Nick Gracer']",,"$3,780","$7,528","$7,528","February 14, 2025",['United States'],"['Los Angeles, California, USA']","['Lucid Pictures', 'Olliecorp', '12 Miles Out Productions']",,['Drama'],['English']
433. Neighborhood Watch,2025,1h 32m,R,6.2,11K,74.0,"When a mentally ill young man thinks he witnesses an abduction and the police refuse to believe him, he reluctantly turns to his next-door neighbor, a bitter and retired security guard, to help him find the missing person.",https://www.imdb.com/title/tt1714918/?ref_=sr_i_433,['Sean Farley'],['Duncan Skiles'],"['Jeffrey Dean Morgan', 'Jack Quaid', 'Malin Akerman', 'Cecile Cubiló', 'Harrison Stone', 'Porsche Kemp', 'Griffin Hood', 'Tim Casper', 'Jim Klock', 'Janet Decker']",,"$3,603","$35,896","$7,136","April 25, 2025",['United States'],"['Birmingham, Alabama, USA (Bungalow, Crestwood neighborhood, Eighth Terrace South, Birmingham, Alabama, USA)']","['Redwire Pictures', 'Filmopoly', 'Lane E Productions']",,"['Crime', 'Thriller']",[]
434. Popeye the Slayer Man,2025,1h 28m,Not Rated,3.6,3.1K,,"A curious group of friends sneak into an abandoned spinach canning factory to investigate the legend of the ""Sailor Man,"" who is said to haunt the factory and local docks.",https://www.imdb.com/title/tt30956852/?ref_=sr_i_434,"['Cuyle Carvin', 'John Doolan', 'Jeff Miller']",['Robert Michael Ryan'],"['Scott Swope', 'Mabel Thomas', 'Angela Relucio', 'Jason Robert Stephens', 'Sarah Nicklin', 'Steven McCormack', 'Jeff Miller', 'Elena Juliano', 'Marie-Louise Boisnier', 'Sean Michael Conway']",,"$7,018","$80,179","$7,134",2025,['United States'],"['Oneonta, New York, USA']","['Salem House Films', 'Millman Productions', 'Otsego Media']","Awards, 1 nomination total","['B-Horror', 'Slasher Horror', 'Horror']",['English']
435. Life of Mike,2025,1h 33m,R,8.0,7,,"Mike Smith (Miko DeFoor), a thriving real estate tycoon, lives a life devoid of close friends or family. As his birthday unfolds, his wife Celeste (Shareese Ballard) makes a heartfelt attempt to show him love, setting off a chain of events that shatter his expectations.",https://www.imdb.com/title/tt31850564/?ref_=sr_i_435,['Derick Halliman'],['Derick Halliman'],"['Roberto Sanchez', 'Ole Goode', 'Jeff Cole', 'Toni Belafonte', 'Miko DeFoor', 'Charlotte Haynes Hazzard', 'Shaun Mixon', 'Shareese Renée Ballard', 'Tony Evans Sr.']","$750,000 (estimated)","$6,318","$7,123","$7,123","July 25, 2025",['United States'],"['Atlanta, Georgia, USA']",['Mountain Park Media'],,"['Drama', 'Mystery', 'Thriller']",['English']
436. A Blind Bargain,2025,1h 35m,,7.2,64,,"Set in 1970, A BLIND BARGAIN reimagines the lost 1922 Lon Chaney silent film of the same name. A desperate young man strikes a dark deal with an unhinged doctor, offering his mother as a subject for the physician's twisted experiments.",https://www.imdb.com/title/tt29002105/?ref_=sr_i_436,"['John Falotico', 'Paul Bunnell', 'Bing Bailey']",['Paul Bunnell'],"['Crispin Glover', 'Jake Horowitz', 'Lucy Loken', 'Annalisa Cochrane', 'Amy Wright', 'Sean Whalen', 'Jed Rowen', 'Rob Mayes', 'Stephen Marcus', 'Bill Thornbury']","$2,500,000 (estimated)","$5,786","$7,104","$7,104","September 21, 2025",['United States'],"['King Gillette Ranch, Malibu Creek State Park - Mulholland Highway, Calabasas, California, USA (The Gruder Institute)']",['A Blind Bargain Productions'],"Awards, 1 win total","['Drama', 'Fantasy', 'Horror']",['English']
437. Cutting Through Rocks,2025,1h 35m,,7.3,905,80.0,"First female councilor in her Iranian village, Sara Shahverdi challenges tradition by teaching girls to ride motorcycles and fighting child marriage, while facing doubts about her motives.",https://www.imdb.com/title/tt10196414/?ref_=sr_i_437,['Sarah Shahverdi'],"['Mohammadreza Eyni', 'Sara Khaki']",['Sarah Shahverdi'],,"$7,066","$7,066","$7,066","November 27, 2025","['United States', 'Canada', 'Chile', 'Qatar', 'Germany', 'Iran']",,"['Gandom Films Production', 'InMaat Foundation', 'Inselfilm Produktion']","Nominated for 1 Oscar, 32 wins & 28 nominations total","['Biography', 'Documentary', 'Drama', 'Family']","['Azerbaijani', 'Turkish', 'Persian', 'English']"
438. Blind Cop 2,2025,1h 23m,,4.4,140,,"When an influx of illegal weapons trafficking explodes onto the scene, a grieving blind police officer must purge the city streets or risk mass chaos breaking loose.",https://www.imdb.com/title/tt10674758/?ref_=sr_i_438,"['Alec Bonk', 'Augustin Huffman', 'Isaac McKinnon']",['Alec Bonk'],"['George Fearing', 'Isaac McKinnon', 'Steven Vogel', 'Brandon deSpain', 'Brad Wakeman', 'Ann Sweet', 'David E. McMahon', 'Dawn Anna Williamson', 'Noah Townsend', 'Gaston Benitez']","$35,000 (estimated)",$280,"$6,528","$6,528","July 2, 2025",['United States'],"['Syracuse, New York, USA']",,"Awards, 7 wins & 1 nomination total","['Action', 'Comedy']",['English']
439. Descendent,2025,1h 36m,Not Rated,4.8,2K,,"A troubled LA school guard, haunted by family tragedy, experiences strange visions after a mysterious light appears in the sky. As his wife's due date approaches, he races to face his demons before his growing obsession consumes him.",https://www.imdb.com/title/tt35521703/?ref_=sr_i_439,['Peter Cilella'],['Peter Cilella'],"['Ross Marquand', 'Sarah Bolger', 'Susan Wilder', 'Charlene Amoia', ""Dan O'Brien"", 'Brandon Scott', 'Alexandra Barreto', 'Aisha Kabia', 'Peter Cilella', 'Clare Cooney']",,"$4,210","$8,163","$6,527","August 15, 2025",['United States'],,['Rustic Films'],,"['Psychological Thriller', 'Drama', 'Horror', 'Mystery', 'Sci-Fi', 'Thriller']",['English']
440. Heel,2025,1h 50m,,6.8,13K,63.0,"A 19-year-old criminal, Tommy, is kidnapped and forced into a rehabilitation process by a dysfunctional couple, Chris and Kathryn, who try to make him a ""good boy."" Tommy must find a way to escape.",https://www.imdb.com/title/tt34381258/?ref_=sr_i_440,"['Bartek Bartosik', 'Naqqash Khalid']",['Jan Komasa'],"['Stephen Graham', 'Andrea Riseborough', 'Anson Boon', 'Kit Rakusen', 'Monika Frajczyk', 'Savannah Steyn', 'Mila Jankowska', 'Callum Booth-Ford', 'Noah Valentine', 'Noah Manzoor']",,"$3,720","$1,344,681","$5,055","March 6, 2026","['Poland', 'United Kingdom']","['TVN Warner Bros. Discovery XR Studios, Sekocin Stary, Mazowieckie, Poland (Studio)']","['Recorded Picture Company (RPC)', 'Skopia Film']","Awards, 2 wins & 2 nominations total","['B-Horror', 'Drug Crime', 'Psychological Drama', 'Psychological Horror', 'Psychological Thriller', 'Crime', 'Drama', 'Horror', 'Mystery', 'Thriller']",['English']
441. The King of Color,2025,1h 22m,PG,7.0,52,,"Biography of Larry Herbert, inventor of the Pantone Matching System, which established a universal worldwide language for color.",https://www.imdb.com/title/tt35415189/?ref_=sr_i_441,"['Patrick Creadon', 'William Neal', 'Julia Szromba']",['Patrick Creadon'],['Larry Herbert'],,"$4,442","$4,442","$4,442","January 26, 2025",['United States'],,"[""O'Malley Creadon Productions""]","Awards, 2 wins total",['Documentary'],['English']
442. Germany,2025,,,,,,,https://www.imdb.com/title/tt38564670/?ref_=sr_i_442,[],[],,,"$2,375","$2,975","$2,975","September 26, 2025",,,,,[],[]
443. Belén,2025,1h 45m,R,7.0,2.3K,70.0,"A woman hospitalized for pain discovers she's pregnant. After a medical emergency, she faces criminal charges. With support from her attorney and women's rights advocates, she fights for justice in a landmark case that could change lives.",https://www.imdb.com/title/tt37531036/?ref_=sr_i_443,"['Laura Paredes', 'Dolores Fonzi', 'Agustina San Martín']",['Dolores Fonzi'],"['Dolores Fonzi', 'Camila Plaate', 'Laura Paredes', 'Julieta Cardinali', 'Sergio Prina', 'Luis Machín', 'César Troncoso', 'Lili Juarez', 'Ruth Plaate', 'Gaia Garibaldi']",,"$1,426","$7,071","$2,558","November 14, 2025",['Argentina'],"['San Miguel de Tucumán, Tucumán, Argentina (location)']","['Amazon MGM Studios', 'K&S Films']","Awards, 8 wins & 58 nominations total","['Spanish', 'Crime', 'Drama']",['Spanish']
444. Jacked,2025,1h 17m,,5.7,110,,"In the Summer of 1987, after a perfect day at the lake, two small-town teenagers are stuck with a broken-down car and in a fight for their lives when they cross paths with a violent stalker.",https://www.imdb.com/title/tt36319094/?ref_=sr_i_444,"['Simon Fraser', 'John Fucile']",['John Fucile'],"['Marla Robison', 'Tom Koch', 'Anthony Cipriani', 'Wynn Reichert', 'Kam Perez', 'Bella Marie Fucile', 'Jonathan Appell', 'Ben Hard', 'Jocelin Williams']","$230,000 (estimated)","$2,250","$2,250","$2,250","September 24, 2025","['United States', 'Canada']","['Ithaca, New York, USA (location)']",['Sdm Pictures'],,['Thriller'],['English']
445. Forced Vacation,2025,1h 40m,R,5.5,341,,"Two radically different families, a snobbish literary publisher in professional free fall, and a candid, young influencer on the rise are all forced to share the same holiday house.",https://www.imdb.com/title/tt33836626/?ref_=sr_i_445,"['Stéphan Archinard', 'François Prévôt-Leygonie', 'Martin Darondeau']","['Stéphan Archinard', 'François Prévôt-Leygonie']","['Clovis Cornillac', 'Aure Atika', 'Bertrand Usclat', 'Pauline Clément', 'Laurent Stocker', 'Claïna Clavaron', 'Lucas Ponton', 'Thibault Bonenfant', 'Gérard Lenorman', 'Roger Cornillac']",,$472,"$1,279,478",$936,"June 11, 2025","['France', 'Belgium']",,"['Wy Productions', 'Sony Pictures Entertainment', 'M6 Films']",,"['French', 'Comedy']",['French']
446. The Paradise Murders,2025,1h 30m,TV-14,4.5,215,,"During their stay at a five-star resort, Emma and Jake befriend fellow guests Sarah and Tom, who seem like the perfect couple. But when Sarah is found dead after revealing doubts about Tom, Emma uncovers secrets about the hotel and guests.",https://www.imdb.com/title/tt35072306/?ref_=sr_i_446,"['Amy Irons', 'Jesse Mittelstadt', 'Richard Switzer']",['Richard Switzer'],"['Kayla Raelle', 'Mo Sehgal', 'James Wiles', 'Boyana Avdjieva', 'Jared Cattoor', 'Christopher Dover', 'Richard Goss', 'Taija James', 'Emily Tam Pick']",,,,,"October 10, 2025",['United States'],"['Varna, Bulgaria']",['Maverick Film'],,['Thriller'],['English']
447. Redux Redux,2025,1h 49m,R,6.2,6.1K,72.0,"Irene Kelly travels through parallel universes, repeatedly killing her daughter's murderer. As she becomes consumed by vengeance, her humanity hangs in the balance.",https://www.imdb.com/title/tt33295741/?ref_=sr_i_447,"['Kevin McManus', 'Matthew McManus']","['Kevin McManus', 'Matthew McManus']","['Michaela McManus', 'Stella Marcus', 'Jeremy Holm', 'Jim Cummings', 'Taylor Misiak', 'Grace Van Dien', 'Debra Christofferson', 'Dendrie Taylor', 'Ely Henry', 'David Terrell']",,,"$4,837",,December 2025,['United States'],"['Santa Clarita, California, USA']",['Mothership Motion Pictures'],"Awards, 1 nomination total","['Action', 'Adventure', 'Crime', 'Drama', 'Fantasy', 'Horror', 'Sci-Fi', 'Thriller']",['English']
448. Gangland,2025,1h 44m,,6.2,199,,"A weathered tribal cop and his new trainee must find a ruthless fugitive, whose return to their rural Indigenous reservation has exposed its darkest secrets and could ignite a violent gang war.",https://www.imdb.com/title/tt28263483/?ref_=sr_i_448,['Zach Montague'],['Vincent Grashaw'],"['Lou Diamond Phillips', 'Nick Stahl', 'Dana Namerode', 'Elisha Pratt', 'Irene Bedard', 'Lane Factor', 'Kimberly Guerrero', 'Ryker Sixkiller', 'Tommy Schultz', 'James Whitecloud']",,,,,"April 25, 2026",['United States'],,"['Randomix Productions', 'Traverse Media', 'MooseBoy']","Awards, 4 wins & 2 nominations total","['Psychological Drama', 'Action', 'Crime', 'Drama']",['English']
449. The Gorge,2025,2h 8m,PG-13,6.7,175K,57.0,Two operatives are appointed to posts in guard towers on opposite sides of a classified gorge.,https://www.imdb.com/title/tt13654226/?ref_=sr_i_449,['Zach Dean'],['Scott Derrickson'],"['Miles Teller', 'Anya Taylor-Joy', 'Sigourney Weaver', 'Sope Dirisu', 'William Houston', 'Kobna Holdbrook-Smith', 'James Marlowe', 'Julianna Kurokawa', 'Ruta Gedmintas', 'Oliver Trevena']",,,,,"February 14, 2025","['United Kingdom', 'United States']","['Rauma, Norway (Exterior)']","['Crooked Highway', 'Lit Entertainment Group', 'Skydance Media']","Nominated for 2 Primetime Emmys, 3 wins & 12 nominations total","['Dark Romance', 'Monster Horror', 'Survival', 'Action', 'Adventure', 'Horror', 'Romance', 'Sci-Fi']","['English', 'Lithuanian']"
450. Frankenstein,2025,2h 29m,R,7.4,325K,78.0,"Dr. Victor Frankenstein, a brilliant but egotistical scientist, brings a creature to life in a monstrous experiment that ultimately leads to the undoing of both the creator and his tragic creation.",https://www.imdb.com/title/tt1312221/?ref_=sr_i_450,"['Guillermo del Toro', 'Mary Shelley']",['Guillermo del Toro'],"['Oscar Isaac', 'Jacob Elordi', 'Christoph Waltz', 'Mia Goth', 'Felix Kammerer', 'Charles Dance', 'David Bradley', 'Lars Mikkelsen', 'Christian Convery', 'Nikolaj Lie Kaas']","$120,000,000 (estimated)",,"$144,496",,"November 7, 2025","['Mexico', 'United States', 'Canada']","['North Bay, Nipissing, Ontario, Canada (Location / exteriors - Arctic)']","['Double Dare You (DDY)', 'Demilo Films', 'Bluegrass Films']","Won 3 Oscars, 92 wins & 276 nominations total","['Body Horror', 'Dark Fantasy', 'Monster Horror', 'Psychological Drama', 'Psychological Horror', 'Steampunk', 'Tragedy', 'Drama', 'Fantasy', 'Horror']","['English', 'Danish', 'French']"
451. Motor City,"Releases Jul 24, 2026",1h 43m,R,5.9,275,55.0,"In 1970s Detroit, John Miller falls for a local gangster's girl. In retaliation, the gangster enacts a frame job to send the innocent man to prison. Life ruined, Miller plots a revenge campaign against the man who took his girl away.",https://www.imdb.com/title/tt2012616/?ref_=sr_i_451,['Chad St. John'],['Potsy Ponciroli'],"['Alan Ritchson', 'Ben Foster', 'Shailene Woodley', 'Lionel Boyce', 'Amar Chadha-Patel', 'Pablo Schreiber', 'Dominic Bogart', 'Mister Fitzgerald', 'Rafael Cebrián', 'Ben McKenzie']","$30,000,000 (estimated)",,,,"July 24, 2026",['United States'],,"['Ace of Spades Media', 'Gramercy Park Media', 'Peachtree Media Partners']","Awards, 1 nomination total","['Gangster', 'Psychological Drama', 'Psychological Thriller', 'Action', 'Crime', 'Drama', 'Mystery', 'Thriller']",['English']
452. The Shadow's Edge,2025,2h 21m,TV-MA,7.0,13K,,Macau Police brings the tracking expert police officer out of retirement to help catch a dangerous group of professional thieves.,https://www.imdb.com/title/tt34610311/?ref_=sr_i_452,"['Kin-Yee Au', 'Larry Yang', 'Nai-Hoi Yau']",['Larry Yang'],"['Jackie Chan', 'Zifeng Zhang', 'Tony Ka Fai Leung', 'CiSha', 'Junhui Wen', 'Zhengjie Zhou', 'Ziyi Wang', 'Yueting Lang', 'Qiunan Lin', 'Zhenwei Wang']",,,"$2,413,261",,"August 16, 2025","['Hong Kong', 'China']","['Macau, China']","['Beijing Hairun Pictures Company', 'Beijing New United Films', 'Beijing Sheep Says Bah Films']","Awards, 27 wins & 32 nominations total","['Mandarin', 'Cop Drama', 'Cyber Thriller', 'Gun Fu', 'Action', 'Crime', 'Drama', 'Thriller']",['Mandarin']
453. In the Hand of Dante,2025,2h 30m,R,4.9,3.3K,32.0,"A handwritten manuscript of Dante Alighieri's poem ""The Divine Comedy"" makes its way from a priest to a mob boss in New York City, where it is taken by Nick Tosches after he's asked to verify its authenticity.",https://www.imdb.com/title/tt1333644/?ref_=sr_i_453,"['Louise Kugelberg', 'Julian Schnabel', 'Nick Tosches']",['Julian Schnabel'],"['Ibrahim Elouahabi', 'Gavin Weingarten', 'Al Pacino', 'Oscar Isaac', 'Dario Samac', 'Duke Nicholson', 'Gerard Butler', 'Denise Capezza', 'Galen Hopper', 'Louis Cancelmi']",,,"$6,432",,"June 24, 2026","['United Kingdom', 'Italy', 'Chile', 'United States']",,"['Dreamcrew', 'Exemplary Films Corporation', 'Intromagine Pictures']",,"['Crime', 'Drama', 'Mystery', 'Thriller']","['English', 'Italian']"
454. Train Dreams,2025,1h 42m,PG-13,7.5,111K,88.0,"Based on Denis Johnson's beloved novella, Train Dreams is the moving portrait of Robert Grainier, a logger and railroad worker who leads a life of unexpected depth and beauty in the rapidly-changing America of the early 20th Century.",https://www.imdb.com/title/tt29768334/?ref_=sr_i_454,"['Clint Bentley', 'Greg Kwedar', 'Denis Johnson']",['Clint Bentley'],"['Joel Edgerton', 'Clifton Collins Jr.', 'Felicity Jones', 'Alfred Hsing', 'David Paul Olsen', 'John Patrick Lowrie', 'Chuck Tucker', 'Rob Price', 'Paul Schneider', 'Brandon Lindsay']",,,,,"November 21, 2025",['United States'],"['Spokane, Washington, USA']","['Black Bear', 'Kamala Films']","Nominated for 4 Oscars, 38 wins & 176 nominations total","['Period Drama', 'Psychological Drama', 'Drama']",['English']
455. My Fault: London,2025,2h,TV-MA,6.2,18K,,"An 18-year-old girl moves from America to London with her mother and wealthy stepfather. When she meets her stepbrother, an attraction sparks despite their efforts. Her estranged father also tracks her down after his release from prison.",https://www.imdb.com/title/tt32434379/?ref_=sr_i_455,"['Melissa Osborne', 'Mercedes Ron']","['Charlotte Fassler', 'Dani Girdwood']","['Asha Banks', 'Matthew Broome', 'Eve Macklin', 'Ray Fearon', 'Enva Lewis', 'Kerim Hassan', 'Sam Buchanan', 'Christina Cole', 'Jason Flemyng', 'Harry Gilby']",,,,,"February 13, 2025","['United Kingdom', 'Spain']","['Tenerife, Canary Islands, Spain (Tenerife, Canary Islands, Spain)']","['42', 'Amazon MGM Studios', 'Amazon Studios']","Awards, 1 win & 3 nominations total","['Steamy Romance', 'Teen Drama', 'Teen Romance', 'Drama', 'Romance']",['English']
456. Bad Apples,"Releases Sep 18, 2026",1h 40m,R,7.3,224,68.0,A struggling primary school teacher begins to make some questionable decisions after one of her students is injured.,https://www.imdb.com/title/tt29714073/?ref_=sr_i_456,"[""Jess O'Kane"", 'Rasmus Lindgren']",['Jonatan Etzler'],"['Eddie Waller', 'Sean Gilder', 'Harvey Ip', 'Lakhan Konsal', 'Danny Iqbal', 'Mylee Soverall', 'Mohamed Mohammed Ahmed', 'Serena Ram', 'Eva Tennear', 'Max Norris']",,,,,"September 18, 2026",['United Kingdom'],,['Pulse Films'],"Awards, 2 nominations total","['Satire', 'Comedy', 'Mystery', 'Thriller']",['English']
457. Wildcat,2025,1h 39m,R,3.9,2.4K,,Follows an ex-black ops team that reunites to pull off a desperate heist and save the life of an eight-year-old girl.,https://www.imdb.com/title/tt36153493/?ref_=sr_i_457,['Dominic Burns'],['James Nunn'],"['Kate Beckinsale', 'Lewis Tan', 'Rasmus Hardiker', 'Bailey Patrick', 'Alice Krige', 'Charles Dance', 'Tom Bennett', 'Mathilde Warnier', 'Edmund Kingsley', 'Isabelle Moxley']",,,"$82,028",,"November 25, 2025",['United Kingdom'],"['Westminster, Greater London, England, UK (on location)']","['Bad Films', 'Capstone Pictures', 'Tea Shop Productions']",,"['Action', 'Crime', 'Thriller']",['English']
458. Afterburn,2025,1h 45m,R,4.6,8.4K,,"After a massive solar flare destroys the Earth's eastern hemisphere, an emboldened treasure hunter for hire adventures to Europe to uncover the coveted Mona Lisa, only to learn the world needs a hero more than it needs a painting.",https://www.imdb.com/title/tt1210027/?ref_=sr_i_458,"['Nimród Antal', 'Scott Chitwood', 'Paul Ens']",['J.J. Perry'],"['Dave Bautista', 'Tom Tidiman', 'Phil Zimmerman', 'Eden Epstein', 'Samuel L. Jackson', 'Gyula Tóth', 'Lùbomir Pavùk', 'George Somner', 'Olga Kurylenko', 'Lukás Frlajs']","$60,000,000 (estimated)",,"$1,319,121",,"October 20, 2025",['United States'],"['Bratislava, Slovakia']","['CAA Media Finance', 'Endurance Media', 'Original Film']",,"['Dystopian Sci-Fi', 'Action', 'Comedy', 'Sci-Fi']",['English']
459. Spit,2025,1h 45m,,6.1,876,,"Ex-con returns to Australia after 20 years, gets detained. He faces old enemies, makes new friends in detention, and teaches his version of Australian mateship while staying ahead.",https://www.imdb.com/title/tt34748740/?ref_=sr_i_459,['Chris Nyst'],['Jonathan Teplitzky'],"['David Wenham', 'Arlo Green', 'Pallavi Sharda', 'Sofya Gollan', 'Lewis Fitz-Gerald', 'Gary Sweet', 'David Roberts', 'Helen Thomson', 'Bob Franklin', 'David Field']",,,"$745,304",,"March 6, 2025",['Australia'],"['Queensland, Australia (location)']","['Fulcrum Media Finance', 'Screen Australia', 'Tracking Films']","Awards, 1 win & 5 nominations total","['Dark Comedy', 'Quirky Comedy', 'Comedy', 'Crime', 'Drama']",['English']
460. The Woman in Cabin 10,2025,1h 32m,R,5.8,73K,41.0,A journalist stumbles upon a gruesome secret while traveling aboard a luxury cruise ship.,https://www.imdb.com/title/tt7130300/?ref_=sr_i_460,"['Joe Shrapnel', 'Anna Waterhouse', 'Simon Stone']",['Simon Stone'],"['Keira Knightley', 'Guy Pearce', 'David Ajala', 'Gitte Witt', 'Art Malik', 'Gugu Mbatha-Raw', 'Hannah Waddingham', 'Kaya Scodelario', 'David Morrissey', 'Daniel Ings']",,,,,"October 10, 2025","['United Kingdom', 'United States']","['Hjørundfjorden, Norway']","['CBS Films', 'Sister Pictures', 'Gotham Group']",,"['Psychological Drama', 'Psychological Thriller', 'Whodunnit', 'Drama', 'Mystery', 'Thriller']","['English', 'Norwegian']"
461. The Thursday Murder Club,2025,1h 58m,PG-13,6.5,90K,60.0,"Four irrepressible retirees spend their time solving cold case murders for fun, but their casual sleuthing takes a thrilling turn when they find themselves with a real whodunit on their hands.",https://www.imdb.com/title/tt12001534/?ref_=sr_i_461,"['Katy Brand', 'Suzanne Heathcote', 'Richard Osman']",['Chris Columbus'],"['Helen Mirren', 'Pierce Brosnan', 'Ben Kingsley', 'Celia Imrie', 'Naomi Ackie', 'Daniel Mays', 'Henry Lloyd-Hughes', 'Tom Ellis', 'Jonathan Pryce', 'David Tennant']",,,,,"August 28, 2025","['United States', 'United Kingdom']","['Englefield Estate, Berkshire, England, UK (various Coopers Chase retirement village interiors and exteriors)']","['Amblin Entertainment', 'Jennifer Todd Pictures', 'Maiden Voyage Pictures']","Awards, 1 win & 6 nominations total","['Whodunnit', 'Comedy', 'Crime', 'Mystery', 'Thriller']","['English', 'Polish']"
462. A House of Dynamite,2025,1h 52m,R,6.4,120K,75.0,"When a single, unattributed missile is launched at the United States, a race begins to determine who is responsible and how to respond.",https://www.imdb.com/title/tt32376165/?ref_=sr_i_462,['Noah Oppenheim'],['Kathryn Bigelow'],"['Idris Elba', 'Rebecca Ferguson', 'Gabriel Basso', 'Jared Harris', 'Tracy Letts', 'Anthony Ramos', 'Moses Ingram', 'Jonah Hauer-King', 'Greta Lee', 'Jason Clarke']",,,"$13,567",,"October 24, 2025",['United States'],['Kenya (on location)'],"['First Light Productions', 'Netflix', 'Prologue Entertainment']","Nominated for 1 BAFTA Award, 4 wins & 19 nominations total","['Disaster', 'Political Drama', 'Political Thriller', 'Drama', 'Thriller']",['English']
463. Horsegirls,"Releases Jul 17, 2026",1h 41m,PG-13,7.7,57,,"As her mother Sandy (Gretchen Mol) grapples with an uncertain diagnosis, autistic 22-year-old Margarita (a revelatory Lillian Carrier) must reluctantly grow up.",https://www.imdb.com/title/tt13652006/?ref_=sr_i_463,"['Mackenzie Breeden', 'Lauren Meyering']",['Lauren Meyering'],"['Gretchen Mol', 'Iqbal Theba', 'Lillian Carrier', 'Jerod Haynes', 'Mackenzie Breeden', 'Joel Austin', 'Brea Phan', 'Kenzie James', 'Kovana Shine', 'Delaney Love Duncan']",,,,,"July 17, 2026",['United States'],,"['Bow and Arrow Entertainment', 'MAD DOG FILMS']","Awards, 2 wins & 1 nomination total","['Comedy', 'Drama']",['English']
464. Echo Valley,2025,1h 44m,R,6.3,25K,54.0,"Kate is dealing with a personal tragedy while owning and training horses in Echo Valley, an isolated and picturesque place, when her daughter, Claire, arrives at her doorstep, frightened, trembling and covered in someone else's blood.",https://www.imdb.com/title/tt27052633/?ref_=sr_i_464,['Brad Ingelsby'],['Michael Pearce'],"['Julianne Moore', 'Sydney Sweeney', 'Domhnall Gleeson', 'Fiona Shaw', 'Edmund Donovan', 'Albert Jones', 'Kyle MacLachlan', 'Katya Campbell', 'Melanie Nicholls-King', 'Rebecca Creskoff']",,,,,"June 13, 2025",['United States'],"['Hunterdon County, New Jersey, USA']","['Apple Original Films', 'Apple Studios', 'Black Bicycle Entertainment']","Awards, 1 nomination total","['Psychological Drama', 'Psychological Thriller', 'Drama', 'Thriller']",['English']
465. Nimrods,"Releases Aug 14, 2026",1h 42m,R,7.7,122,,"Three buddies drive cross-country in a van, causing mayhem and mischief while racing to LA for their big break: opening for Green Day on New Year's Eve.",https://www.imdb.com/title/tt34895535/?ref_=sr_i_465,['Lee Kirk'],['Lee Kirk'],"['Mckenna Grace', 'Mason Thames', 'Jenna Fischer', 'Jolene', 'Fred Armisen', 'Sean Gunn', 'Angela Kinsey', 'Bobby Lee', 'Keen Ruffalo', 'Josh Fadem']",,,,,"August 14, 2026",['United States'],,"['Live Nation Productions', 'Live Nation Studios', 'Process Productions']",,"['Comedy', 'Drama', 'Music']",['English']
466. Happy Gilmore 2,2025,1h 54m,PG-13,6.1,120K,52.0,"To provide for his family, a retired Happy Gilmore must pick up the golf clubs once more and reconnect with the sport he once dominated.",https://www.imdb.com/title/tt31868189/?ref_=sr_i_466,"['Tim Herlihy', 'Adam Sandler']",['Kyle Newacheck'],"['Adam Sandler', 'Julie Bowen', 'Christopher McDonald', 'Benny Safdie', 'Ben Stiller', 'Bad Bunny', 'John Daly', 'Dennis Dugan', 'Haley Joel Osment', 'Lavell Crawford']","$30,000,000 (estimated)",,,,"July 25, 2025",['United States'],"[""Fiddler's Elbow Country Club, 11 Rattlesnake Bridge Rd, Bedminster, New Jersey, USA""]","['Netflix', 'Happy Madison Productions']","Awards, 2 wins & 3 nominations total","['Farce', 'High-Concept Comedy', 'Quest', 'Raunchy Comedy', 'Slapstick', 'Comedy', 'Sport']",['English']
467. Hunting Season,2025,1h 40m,,5.8,7.9K,,"When a reclusive survivalist and his daughter rescue a mysterious, wounded woman from a river, they become entangled in a deadly web of violence and revenge, forcing them to confront a brutal criminal to survive.",https://www.imdb.com/title/tt32537226/?ref_=sr_i_467,['Adam Hampton'],['Raja Collins'],"['Mel Gibson', 'Sofia Hublitz', 'Shelley Hennig', 'Jordi Mollà', 'James DuMont', 'A.J. Buckley', 'Oliver Trevena', 'Jaylen Moore', 'Randall J. Bacon', 'Scarlet Rose Stallone']",,,"$59,420",,"December 5, 2025",['United States'],"['Atlanta, Georgia, USA']","['Beno Films', 'BondIt Media Capital', 'CaliWood Pictures']",,"['Action', 'Crime', 'Drama', 'Mystery', 'Thriller']",['English']
468. Heads of State,2025,1h 56m,PG-13,6.4,70K,57.0,"When the U.K. Prime Minister and U.S. President become the targets of a foreign adversary, they are forced to rely on each other to thwart a global conspiracy.",https://www.imdb.com/title/tt13357520/?ref_=sr_i_468,"['Josh Appelbaum', 'André Nemec', 'Harrison Query']",['Ilya Naishuller'],"['Idris Elba', 'John Cena', 'Priyanka Chopra Jonas', 'Paddy Considine', 'Carla Gugino', 'Stephen Root', 'Jack Quaid', 'Sarah Niles', 'Richard Coyle', 'Alexander Kuznetsov']",,,,,"July 2, 2025",['United States'],"['Jazak, Vojvodina, Serbia (Fight scene at farm)']","['Amazon MGM Studios', 'The Safran Company', 'Big Indie Pictures']","Nominated for 1 Primetime Emmy, 4 nominations total","['Buddy Comedy', 'Buddy Cop', 'Conspiracy Thriller', 'Dark Comedy', 'Globetrotting Adventure', 'Political Thriller', 'Spy', 'Action', 'Adventure', 'Comedy']","['English', 'Belarusian', 'Polish', 'Spanish', 'Croatian', 'Russian']"
469. Driver's Ed,2025,1h 38m,R,5.4,1.3K,45.0,"A group of teens steal their school's driver's ed car, to go on a road trip to help a high school senior track down his college-freshman girlfriend and win her back.",https://www.imdb.com/title/tt9308022/?ref_=sr_i_469,['Thomas Moffett'],['Bobby Farrelly'],"['Sam Nivola', 'Sophie Telegadis', 'Mohana Krishnan', 'Aidan Laprete', 'Kumail Nanjiani', 'Molly Shannon', 'Lilah Pate', 'Tim Baltz', 'Bri Giger', 'Marley Aliah']",,,"$13,606",,"May 15, 2026",['United States'],"['Wilmington, North Carolina, USA']","['AGC International', 'AGC Studios', 'BondIt Media Capital']",,"['Romantic Comedy', 'Action', 'Comedy', 'Romance']",['English']
470. Playdate,2025,1h 33m,PG-13,5.5,30K,20.0,Brian has just been fired from his job. He becomes a stay-at-home dad. He accepts a playdate invitation from another stay-at-home dad who turns out to be a loose cannon.,https://www.imdb.com/title/tt31425731/?ref_=sr_i_470,['Neil Goldman'],['Luke Greenfield'],"['Alan Ritchson', 'Kevin James', 'Banks Pierce', 'Benjamin Pajak', 'Alan Tudyk', 'Sarah Chalke', 'Stephen Root', 'Isla Fisher', 'Hiro Kanagawa', 'Lauren Akemi Bradley']",,,"$529,204",,"November 12, 2025",['United States'],"['Maple Ridge, British Columbia, Canada (Filming City)']","['A Higher Standard', 'Nickel City Pictures', 'WideAwake Pictures']","Awards, 1 nomination total","['Buddy Comedy', 'Farce', 'Action', 'Comedy']",['English']
471. Trap House,2025,1h 41m,R,5.5,8.4K,,"A DEA agent and his partner pursue thieves: their own rebellious teens, who began robbing the cartel using their parents' tactics and classified intel.",https://www.imdb.com/title/tt10799690/?ref_=sr_i_471,"['Gary Scott Thompson', ""Tom O'Connor""]",['Michael Dowse'],"['Dave Bautista', 'Jack Champion', 'Bobby Cannavale', 'Sophia Lillis', 'Kate del Castillo', 'Tony Dalton', 'Whitney Peak', 'Inde Navarrette', 'Zaire Adams', 'Blu del Barrio']",,,"$126,039",,"November 14, 2025",['United States'],,"['Signature Films', '828 Productions', 'Ashland Hill Media Finance']",,"['Action', 'Crime']",['English']
472. Fountain of Youth,2025,2h 5m,PG-13,5.7,54K,41.0,"Two estranged siblings join forces to seek the legendary Fountain of Youth. Using historical clues, they embark on an epic quest filled with adventure. If successful, the mythical fountain could grant them immortality.",https://www.imdb.com/title/tt27075958/?ref_=sr_i_472,['James Vanderbilt'],['Guy Ritchie'],"['John Krasinski', 'Natalie Portman', 'Eiza González', 'Domhnall Gleeson', 'Arian Moayed', 'Laz Alonso', 'Carmen Ejogo', 'Stanley Tucci', 'Benjamin Chivers', 'Michael Epp']",,,,,"May 23, 2025","['United States', 'United Kingdom']","['Cairo, Egypt (location)']","['Apple Original Films', 'Project X Entertainment', 'Radio Silence Productions']","Awards, 3 nominations total","['Action', 'Adventure', 'Fantasy', 'Mystery']",['English']
473. California Schemin',2025,1h 47m,,6.7,1.1K,63.0,"Two Scottish lads from Dundee conned the music industry by pretending to be an established Californian rap duo, bagging a record deal and appearing on MTV until their scam unraveled.",https://www.imdb.com/title/tt29549490/?ref_=sr_i_473,"['Gavin Bain', 'Billy Boyd', 'Elaine Gracie']",['James McAvoy'],"['James McAvoy', 'Lucy Halliday', 'James Corden', 'Amber Anderson', 'Samuel Bottomley', 'James Harkness', 'Joy McAvoy', 'Seamus McLean Ross', 'David Witts', 'Naomi McDonald']",,,"$675,183",,"October 16, 2026","['United Kingdom', 'United States']","['Scotland, UK']","['Homefront Productions', 'Blazing Griffin', 'Homefront Productions']","Awards, 1 win total","['Dark Comedy', 'Docudrama', 'Biography', 'Drama', 'History', 'Music']",['English']
474. The Fox,2025,1h 30m,,7.6,67,60.0,An affable fox hunter encounters a shape-shifting fox who offers him an opportunity to transform his partner into the perfect woman and in doing so take control of the natural world.,https://www.imdb.com/title/tt12525406/?ref_=sr_i_474,['Dario Russo'],['Dario Russo'],"['Jai Courtney', 'Olivia Colman', 'Emily Browning', 'Sam Neill', 'Claudia Doumit', 'Miranda Otto', 'Damon Herriman', 'Zlatko Buric', ""Peter O'Brien"", 'Heather Mitchell']",,,,,"October 29, 2026",['Australia'],"['Adelaide, South Australia, Australia']",['Causeway Films'],"Awards, 2 wins total","['Comedy', 'Fantasy', 'Sci-Fi']",['English']
475. Havoc,2025,1h 47m,TV-MA,5.6,70K,57.0,"After a drug deal gone wrong, a bruised detective must fight his way through the criminal underworld to rescue a politician's estranged son, unraveling a deep web of corruption and conspiracy that ensnares his entire city.",https://www.imdb.com/title/tt14123284/?ref_=sr_i_475,['Gareth Evans'],['Gareth Evans'],"['Tom Hardy', 'Jessie Mei Li', 'Justin Cornwell', 'Lockhart Ogilvie', 'Quelin Sepulveda', 'Jim Caesar', 'Xelia Mendes-Jones', 'Richard Harrington', 'Serhat Metin', 'Timothy Olyphant']",,,,,"April 25, 2025","['United Kingdom', 'United States']","['South Wales, UK']","['One More One Productions', 'Severn Screen', 'XYZ Films']",,"['Conspiracy Thriller', 'Drug Crime', 'Gun Fu', 'Martial Arts', 'One-Person Army Action', 'Psychological Thriller', 'Suspense Mystery', 'Action', 'Crime', 'Drama']",['English']
476. The Last Viking,2025,1h 56m,Not Rated,7.2,15K,75.0,A bank robber released from jail must unlock his traumatised brother's memory to recover stolen loot.,https://www.imdb.com/title/tt27817389/?ref_=sr_i_476,['Anders Thomas Jensen'],['Anders Thomas Jensen'],"['Mads Mikkelsen', 'Sofie Gråbøl', 'Nikolaj Lie Kaas', 'John Lennon', 'Lars Ranthe', 'Nicolas Bro', 'Lars Brygmann', 'Søren Malling', 'Yoko Ono', 'Kardo Razzazi']",,,"$3,130,358",,"October 9, 2025","['Denmark', 'Sweden']","['Odense, Fyn, Denmark (Filming City)']","['Zentropa Entertainments', 'Film i Väst', 'FilmFyn']","Awards, 3 wins & 15 nominations total","['Danish', 'Dark Comedy', 'Comedy', 'Crime', 'Drama']","['Danish', 'Swedish']"
477. Nouvelle Vague,2025,1h 46m,R,7.3,11K,76.0,"The behind the scenes of the filming of Jean-Luc Godard's Breathless (1960), a landmark of the French New Wave film movement.",https://www.imdb.com/title/tt31688586/?ref_=sr_i_477,"['Holly Gent', 'Vincent Palmo Jr.', 'Michèle Pétin']",['Richard Linklater'],"['Guillaume Marbeck', 'Zoey Deutch', 'Aubry Dullin', 'Adrien Rouyard', 'Antoine Besson', 'Jodie Ruth-Forest', 'Bruno Dreyfürst', 'Benjamin Clery', 'Matthieu Penchinat', 'Pauline Belle']",,,"$2,505,657",,"November 14, 2025","['France', 'United States']","['Cinéma Le Louxor, 170 boulevard Magenta, Paris 10, Paris, France']","['ARP Sélection', 'Detour Filmproduction', 'Ciné+OCS']","Awards, 11 wins & 28 nominations total","['French', 'Docudrama', 'Period Drama', 'Showbiz Drama', 'Biography', 'Comedy', 'Drama', 'History']","['French', 'English', 'Italian']"
478. Girl Climber,2025,1h 23m,,7.4,352,,Free climber Emily Harrington attempts a record-breaking climb of El Capitan in Yosemite.,https://www.imdb.com/title/tt36437006/?ref_=sr_i_478,"['Emily Harrington', 'Cedar Wright', 'Lynn Hill']",['Jon Glassberg'],"['Emily Harrington', 'Cedar Wright', 'Lynn Hill', 'Alex Honnold', 'Sanni McCandless', 'Tim Harrington', 'Julie Harrington', 'Conrad Anker', 'Hilaree Nelson', 'Adrian Ballinger']",,,"$8,683",,"March 13, 2026","['Austria', 'United States']","['Yosemite National Park, California, USA (location)']","['Red Bull Studios', 'Louder than eleven', 'Tyler Young Films']",,"['Sports Documentary', 'Documentary', 'Sport']",['English']
479. The Lost Bus,2025,2h 10m,R,6.8,55K,64.0,A wayward school bus driver and a dedicated school teacher battle to save 22 children from a terrifying inferno.,https://www.imdb.com/title/tt21103218/?ref_=sr_i_479,"['Brad Ingelsby', 'Paul Greengrass', 'Lizzie Johnson']",['Paul Greengrass'],"['Matthew McConaughey', 'America Ferrera', 'Yul Vazquez', 'Ashlie Atkinson', 'Kimberli Flores', 'Levi McConaughey', 'Kay McConaughey', 'John Messina', 'Kate Wharton', 'Danny McCarthy']",,,,,"October 3, 2025",['United States'],"['Ruidoso, New Mexico, USA']","['Apple Original Films', 'Blumhouse Productions', 'Comet Pictures']","Nominated for 1 Oscar, 1 win & 7 nominations total","['Disaster', 'Biography', 'Drama', 'History', 'Thriller']",['English']
480. Balti,2025,2h 34m,,6.3,2.1K,,"In a border town where kabaddi reigns supreme, four champion players dominate both the sport and the streets. When personal rivalries and dangerous feuds emerge, their unbreakable brotherhood faces its greatest test.",https://www.imdb.com/title/tt34942608/?ref_=sr_i_480,"['T.D. Ramakrishnan', 'Unni Shivalingam']",['Unni Shivalingam'],"['Shane Nigam', 'Shanthnu Bhagyaraj', 'Shiva Hariharan', 'K. Selvaraghavan', 'Alphonse Puthren', 'Nitin Thomas', 'Preethi Asrani', 'Poornima Indrajith', 'Akshay Radhakrishnan', 'Sandeep Narayan']",,,"$293,616",,"September 26, 2025",['India'],,"['STK Frames', 'Binu George Alexander Productions']",,"['Malayalam', 'Action', 'Comedy', 'Crime', 'Drama', 'Sport']","['Malayalam', 'Tamil']"
481. The Electric State,2025,2h 8m,PG-13,5.9,86K,30.0,"An orphaned teen hits the road with a mysterious robot to find her long-lost brother, teaming up with a smuggler and his wisecracking sidekick.",https://www.imdb.com/title/tt7766378/?ref_=sr_i_481,"['Christopher Markus', 'Stephen McFeely', 'Simon Stålenhag']","['Anthony Russo', 'Joe Russo']","['Chris Pratt', 'Millie Bobby Brown', 'Woody Harrelson', 'Woody Norman', 'Ann Russo', 'Greg Cromer', 'Vince Pisani', 'Camrus Johnson', 'Juan Uribe Brandi', 'Kurt Loder']","$320,000,000 (estimated)",,,,"March 14, 2025",['United States'],"['Lake Acworth, Georgia, USA']","['AGBO', 'Anthem & Song', 'Double Dream']","Awards, 1 win & 6 nominations total","['Artificial Intelligence', 'Dystopian Sci-Fi', 'Quest', 'Urban Adventure', 'Action', 'Adventure', 'Comedy', 'Drama', 'Sci-Fi']",['English']
482. It Ends,2025,1h 29m,R,5.7,3.9K,,"Friends on a late-night food run become trapped on an infinite highway with otherworldly terrors lurking beyond. Confined in their Jeep Cherokee, they must decide whether to accept their fate or attempt escape.",https://www.imdb.com/title/tt35519455/?ref_=sr_i_482,['Alex Ullom'],['Alex Ullom'],"['Mitchell Cole', 'Akira Jackson', 'Noah Toth', 'Phinehas Yoon']",,,,,"December 10, 2025",['United States'],,"['Aymara Films', 'Please Hold Pictures', 'Snoot Entertainment']","Awards, 1 win & 2 nominations total","['Psychological Drama', 'Psychological Horror', 'Psychological Thriller', 'Drama', 'Fantasy', 'Horror', 'Sci-Fi', 'Thriller']",['English']
483. Haunted Heist,"Releases Jul 24, 2026",1h 27m,R,6.4,42,,"Four estranged friends reunite at a house, where one plans to find a valuable antique by robbing it. However, the haunted house's ghosts force them to overcome differences to survive.",https://www.imdb.com/title/tt34890565/?ref_=sr_i_483,['Carl Reid'],['Lil Rel Howery'],"['Stephen Blackwell', 'Tiffany Haddish', 'Brett Gelman', 'Lil Rel Howery', 'Andrew Bachelor', 'Tony Baker', 'Ari Dayan', 'LaKeysha Edwards', 'Dale Dobson', 'Karlous Miller']",,,,,"July 24, 2026",['United States'],"['Los Angeles, California, USA']","['Death Ground', 'Robinwood7', 'The Coven']",,"['Comedy', 'Horror', 'Mystery']",['English']
484. Charlie Harper,"Releases Sep 25, 2026",1h 42m,R,7.6,68,58.0,"Harper and Charlie try to build a life together. While Harper strives to carve out a career as a chef, Charlie is stuck. Facing challenges in their relationship, they struggle to prove they are meant for each other, but will it be enough?",https://www.imdb.com/title/tt27739255/?ref_=sr_i_484,['Tom Dean'],"['Tom Dean', 'Mac Eldridge']","['Nick Robinson', 'Emilia Jones', 'Nicholas Cirillo', 'Jessica Blackmore', 'Virginia Tucker', ""Ja'Quan Monroe-Henderson"", 'Gralen Bryant Banks', 'Jonathan Gregg', 'Sebastian Delascasas', 'Donnie Fuslier']",,,,,"September 25, 2026",['United States'],"['Vancouver, British Columbia, Canada']","['Little Ray Media', 'Picture Perfect Federation', 'Temple Hill Entertainment']",,"['Romantic Comedy', 'Comedy', 'Romance']",['English']
485. Jay Kelly,2025,2h 12m,R,6.5,41K,67.0,"Famous movie actor Jay Kelly embarks on a journey of self-discovery, confronting his past and present with his devoted manager Ron. Poignant and humor-filled, pitched at the intersection of regrets and glories.",https://www.imdb.com/title/tt30446847/?ref_=sr_i_485,"['Noah Baumbach', 'Emily Mortimer']",['Noah Baumbach'],"['George Clooney', 'Adam Sandler', 'Stanley Townsend', 'Emily Mortimer', 'Erica Sweany', 'Kevin Shen', 'David Neumann', 'Leila Farzad', 'Juliet Cowan', 'Eleanor Matsuura']",,,,,"December 5, 2025","['United States', 'United Kingdom', 'Italy']","['Caorso, Italy (location)']","['Heyday Films', 'NBGG Pictures', 'Pascal Pictures']","Awards, 12 wins & 38 nominations total","['Buddy Comedy', 'Coming-of-Age', 'Showbiz Drama', 'Comedy', 'Drama']",['English']
486. Mountainhead,2025,1h 48m,TV-MA,5.4,22K,66.0,Four friends reunite during worldwide economic turmoil.,https://www.imdb.com/title/tt35396529/?ref_=sr_i_486,['Jesse Armstrong'],['Jesse Armstrong'],"['Steve Carell', 'Jason Schwartzman', 'Cory Michael Smith', 'Ramy Youssef', 'Daniel Oreskes', 'Hadley Robinson', 'David Thompson', 'Ali Kinkade', 'Ava Kostia', 'Alejandro Pena']",,,,,"May 31, 2025",['United States'],"['Park City, Utah, USA']","['HBO Films', 'Hot Seat Productions', 'Project Zeus']","Nominated for 1 Primetime Emmy, 1 win & 9 nominations total","['Comedy', 'Drama']",['English']
487. Touch Me,2025,1h 40m,,4.9,1.2K,52.0,Two codependent best friends become addicted to the heroin-like touch of an alien narcissist who may or may not be trying to take over the world.,https://www.imdb.com/title/tt34967068/?ref_=sr_i_487,['Addison Heimann'],['Addison Heimann'],"['Olivia Taylor Dudley', 'Lou Taylor Pucci', 'Jordan Gavaris', 'Marlene Forte', 'Paget Brewster', 'Ashley Lauren Nedd', 'JJ Phillips', 'Yumarie Morales', 'Eli Lucas']",,,,,"April 2, 2026",['United States'],,"['Glowing Tree Films', 'Rustic Films']","Awards, 3 nominations total","['Alien Invasion', 'B-Horror', 'Body Horror', 'Dark Comedy', 'Comedy', 'Horror', 'Sci-Fi']",['English']
488. The Rivals of Amziah King,2025,2h 10m,,7.8,317,65.0,"Amziah King, beekeeper, musician, and anchor of his community, reunites with former foster daughter Kateri after many years apart, and fends off threats to his honey business.",https://www.imdb.com/title/tt27706593/?ref_=sr_i_488,['Andrew Patterson'],['Andrew Patterson'],"['Matthew McConaughey', 'Angelina LookingGlass', 'Jake Horowitz', 'Scott Shepherd', 'Rob Morgan', 'Tony Revolori', 'Kurt Russell', 'Cole Sprouse', 'Owen Teague', 'Jason Davis']",,,,,"August 21, 2025","['United States', 'United Kingdom']","['Jasper, Alabama, USA (location)']","['Black Bear', 'Heyday Films']","Awards, 1 nomination total","['Caper', 'Contemporary Western', 'Crime', 'Drama', 'Thriller']",['English']
489. Moss & Freud,2025,1h 40m,,5.5,163,,Supermodel Kate Moss embarks on a journey of self-discovery when acclaimed artist Lucian Freud offers to paint her portrait.,https://www.imdb.com/title/tt20355310/?ref_=sr_i_489,['James Lucas'],['James Lucas'],"['Jasmine Blackborow', 'Derek Jacobi', 'Ellie Bamber', 'Tim Downie', 'Will Tudor', ""Lauren O'Hara"", 'Amber Lily Butterworth', 'Tom Kay', 'Tom Easden', 'Ross McGarva']",,,"$35,921",,"May 29, 2026","['United Kingdom', 'New Zealand']","['Tower Bridge, Tower Bridge Rd, London, England, UK (Tower Bridge)']","['GFC Films', 'General Film Corporation', 'Head Gear Films']","Awards, 1 nomination total",['Drama'],['English']
490. The Life List,2025,2h 3m,PG-13,6.8,42K,49.0,"A woman revisits her childhood aspirations, endeavoring to achieve her old goals, only to discover that pursuing these lifelong dreams takes her on an unforeseen and surprising journey.",https://www.imdb.com/title/tt2172954/?ref_=sr_i_490,"['Adam Brooks', 'Lori Nelson Spielman']",['Adam Brooks'],"['Sofia Carson', 'Kyle Allen', 'Sebastian De Souza', 'Connie Britton', 'José Zúñiga', 'Jordi Mollà', 'Dario Ladani', 'Federico Rodriguez', 'Marianne Rendón', 'Michael Rowland']",,,,,"March 28, 2025",['United States'],"['Nyack, New York, USA']",['3dot productions'],"Awards, 2 wins & 3 nominations total","['Feel-Good Romance', 'Romantic Comedy', 'Comedy', 'Drama', 'Romance']",['English']
491. On the Road,2025,1h 33m,Unrated,7.3,391,,"A drifter who sleeps with truckers meets a reserved driver and joins him hauling freight across northern Mexico. As they grow closer on the road, the drifter's past threatens them both.",https://www.imdb.com/title/tt37660509/?ref_=sr_i_491,['David Pablos'],['David Pablos'],"['Victor Prieto Simental', 'Osvaldo Sanchez', 'Victor Manuel Aguirre', 'Mariano López Sosa', 'Giovanni Ontiveros', 'Héctor Cárdenas', 'Obdulia Morales', 'Juana Ramirez', 'Elizabeth Infante', 'Francisco Navar Carrera']",,,,,"June 4, 2026",['Mexico'],"['Ciudad Juárez, Chihuahua, Mexico (location)']","['Animal de Luz Films', 'Producciones Año Bisiesto', 'La Corriente del Golfo']","Awards, 5 wins & 17 nominations total","['Spanish', 'Drama', 'Romance', 'Thriller']",['Spanish']
492. Hallow Road,2025,1h 20m,TV-MA,6.0,14K,69.0,Two parents enter a race against time when they receive a distressing late-night phone call from their daughter after she caused a tragic car accident.,https://www.imdb.com/title/tt19403516/?ref_=sr_i_492,['William Gillies'],['Babak Anvari'],"['Rosamund Pike', 'Matthew Rhys', 'Megan McDonnell', 'Tadhg Murphy', 'Stephen Jones', 'Paul Tylak']",,,"$264,792",,"May 16, 2025","['Ireland', 'United Kingdom', 'Czech Republic']",['Ireland'],"['London Film & TV', 'Two & Two Pictures', 'Fís Éireann / Screen Ireland']","Awards, 1 win total","['Psychological Thriller', 'Tragedy', 'Drama', 'Horror', 'Thriller']",['English']
493. Affection,2025,1h 30m,,5.4,1.4K,73.0,"Ellie confronts a disturbing condition resetting her memory, unable to recognize her husband and daughter. Each reset disorients her, leaving haunting recollections of an unfamiliar life.",https://www.imdb.com/title/tt33249097/?ref_=sr_i_493,['BT Meza'],['BT Meza'],"['Jessica Rothe', 'Joseph Cross', 'Julianna Layne']",,,"$9,317",,"June 8, 2026",['United States'],"['Bovina, New York, USA']","['Superconductive', 'Minutehand Pictures', 'Circa 1888']",,"['B-Horror', 'Horror', 'Sci-Fi', 'Thriller']",['English']
494. Bak Postaci Geliyor,2025,1h 57m,,6.4,273,,"In the late 1950s, in a quiet Aegean coastal town, a humble postman named Osman struggles to navigate everyday life while quietly nursing an unrequited love for the enchanting Gülizar. As he delivers letters through sun-drenched streets and interacts with townspeople, Osman's heartfelt efforts to win her affection reveal the beauty.",https://www.imdb.com/title/tt38782233/?ref_=sr_i_494,['Yüksel Aksu'],['Yüksel Aksu'],"['Ozan Akbaba', 'Asyak Akinhay', 'Mustafa Avkiran', 'Deniz Barut', 'Yasin Çam', 'Firat Çelik', 'Müfit Kayacan', 'Fikret Kuşkan', 'Ahmet Mekin', 'Mustafa Saraç']","TRL1,000,000 (estimated)",,"$988,818",,"December 12, 2025",['Turkey'],"['Yatagan, Mugla, Turkey']",['Poll Films'],,"['Turkish', 'Drama', 'Romance']",['Turkish']
495. Eagles of the Republic,2025,2h 9m,,6.6,2K,67.0,"Egypt's most adored actor, George Fahmy, falls into disgrace with the authorities overnight. On the verge of losing everything, George is forced to accept an offer he can't refuse.",https://www.imdb.com/title/tt30781967/?ref_=sr_i_495,"['Tarik Saleh', 'Magdi Abdelhadi']",['Tarik Saleh'],"['Fares Fares', 'Lyna Khoudri', 'Amr Waked', 'Zineb Triki', 'Cherien Dabis', 'Nael', 'Ahmed Khairy', 'Suhaib Nashwan', 'Donia Massoud', 'Sherwan Haji']","€9,000,000 (estimated)",,"$1,489,980",,"April 17, 2026","['Sweden', 'France', 'Denmark', 'Finland', 'Germany']","['Istanbul, Turkey']","['Unlimited Stories', 'Apparaten', 'Memento Films Production']","Awards, 6 wins & 6 nominations total","['Arabic', 'Political Drama', 'Political Thriller', 'Showbiz Drama', 'Action', 'Drama', 'Thriller']",['Arabic']
496. Play Dirty,2025,2h 5m,R,5.9,28K,46.0,A ruthless thief and his expert crew stumble onto the heist of a lifetime.,https://www.imdb.com/title/tt18392014/?ref_=sr_i_496,"['Donald E. Westlake', 'Shane Black', 'Chuck Mondry']",['Shane Black'],"['Mark Wahlberg', 'LaKeith Stanfield', 'Rosa Salazar', 'Keegan-Michael Key', 'Chukwudi Iwuji', 'Nat Wolff', 'Gretchen Mol', 'Thomas Jane', 'Tony Shalhoub', 'Hemky Madera']",,,,,"October 1, 2025","['Australia', 'United States']","['Central Station, Haymarket, Sydney, New South Wales, Australia']","['Amazon MGM Studios', 'Big Indie Pictures', 'Modern Pictures']","Awards, 1 win total","['Caper', 'Dark Comedy', 'Heist', 'Action', 'Crime', 'Drama', 'Thriller']",['English']
497. Predator: Killer of Killers,2025,1h 25m,R,7.4,62K,78.0,Three of the fiercest warriors in human history become prey to the ultimate killer of killers.,https://www.imdb.com/title/tt36463894/?ref_=sr_i_497,"['Micho Robert Rutare', 'Dan Trachtenberg', 'Jim Thomas']","['Dan Trachtenberg', 'Joshua Wassung']","['Michael Biehn', 'Doug Cockle', 'Rick Gonzalez', 'Lauren Holt', 'Lindsay LaVanchy', 'Jeff Leach', 'Cherami Leigh', 'Alessa Luz Martinez', 'Piotr Michael', 'Andrew Morgado']",,,,,"June 6, 2025",['United States'],,"['20th Century Studios', 'Lawrence Gordon Productions', 'Davis Entertainment']","Nominated for 1 Primetime Emmy, 3 wins & 11 nominations total","['Predator', 'Adult Animation', 'Alien Invasion', 'Computer Animation', 'Action', 'Adventure', 'Animation', 'Sci-Fi', 'Thriller']",['English']
498. & Sons,"Releases Aug 21, 2026",1h 59m,,7.3,96,,A writer tries to reconnect with his sons. Based on the novel by David Gilbert.,https://www.imdb.com/title/tt5265480/?ref_=sr_i_498,"['Sarah Polley', 'Pablo Trapero', 'David Gilbert']",['Pablo Trapero'],"['Dominic West', 'Bill Nighy', 'George MacKay', 'Noah Jupe', 'Imelda Staunton', 'Johnny Flynn', 'Arthur Conti', 'Anna Geislerová', 'Pamela Shaw', 'Charlotte Dauphin']",,,,,"August 21, 2026","['United States', 'Canada', 'United Kingdom', 'Argentina']",,"['Infinity Hill', 'Bankside Films', 'Calculus Media']","Awards, 1 win & 1 nomination total",['Drama'],['English']
499. The Astronaut,2025,1h 30m,,4.8,11K,40.0,"When an astronaut crash-lands back to Earth, a General places her in quarantine for rehabilitation and testing. As disturbing events unfold, she fears that something extraterrestrial has followed her home.",https://www.imdb.com/title/tt13964560/?ref_=sr_i_499,['Jess Varley'],['Jess Varley'],"['Kate Mara', 'Laurence Fishburne', 'Gabriel Luna', 'Ivana Milicevic', 'Macy Gray', 'Scarlett Holmes', 'Reza Diako', 'Daniel Quirke', 'Daiana Madeira', 'Christine Abernathy']",,,"$114,800",,"October 17, 2025",['United States'],"['Ireland (As USA and Virginia: NASA, rural home and forest scenes.)']","['Fuller Media', 'The Wonder Company', 'Bee-Hive Productions']",,"['Alien Invasion', 'Psychological Horror', 'Psychological Thriller', 'Horror', 'Sci-Fi', 'Thriller']",['English']
500. The Room Returns!,2025,1h 5m,,7.2,60,,A tribute to the infamous cult classic. Characters created by and story by Tommy Wiseau.,https://www.imdb.com/title/tt25274490/?ref_=sr_i_500,['Tommy Wiseau'],['Brando Crawford'],"['Bob Odenkirk', 'Mike Flanagan', 'Kate Siegel', 'Bella Heathcote', 'Arturo Castro', 'Greg Sestero', 'Rivkah Reyes', 'Nico Greetham', 'Brando Crawford', 'Mary Neely']",,,,,"October 18, 2025",['United States'],,['Acting for a Cause'],,['Drama'],['English']
501. Fall for Me,2025,1h 43m,TV-MA,4.9,6K,,"Lilli visits her sister Valeria, surprised to learn she's engaged to a Frenchman, Manu. She spontaneously meets nightclub manager Tom, sparking an instant connection. A dark secret lurks behind the island's events.",https://www.imdb.com/title/tt32543884/?ref_=sr_i_501,['Stefanie Sycholt'],['Sherry Hormann'],"['Svenja Jung', 'Theo Trebs', 'Thomas Kretschmann', 'Tijan Marei', 'Victor Meutelet', 'Antje Traue', 'Lucía Barrado', 'Canan Samadi', 'Sienna Fournet Hoeltschi', 'Anton Kostov']",,,,,"August 21, 2025",['Germany'],"['Island of Mallorca, Islas Baleares, Spain']","['Netflix Studios', 'W&B Television', 'Ánima Stillking Films']","Awards, 1 nomination total","['German', 'Erotic Thriller', 'Thriller']","['German', 'English']"
502. The Dutchman,2025,1h 28m,R,5.3,6.7K,67.0,"A successful black businessman, haunted by his crumbling marriage and identity crisis, is drawn into a sexualized game of cat and mouse with a mysterious white woman on a subway that leads to a violent conclusion.",https://www.imdb.com/title/tt29214162/?ref_=sr_i_502,"['Qasim Basir', 'Andre Gaines', 'Amiri Baraka']",['Andre Gaines'],"['André Holland', 'Kate Mara', 'Stephen McKinley Henderson', 'Zazie Beetz', 'Aldis Hodge', 'Lauren E. Banks', 'Tracy Wilder', 'Lenny Platt', 'Benjamin Thys', 'Shonica Gooden']",,,,,"January 2, 2026",['United States'],"['4 DeGraw Street Brooklyn, New York, USA']","['Cinemation Studios', 'Federal Films', 'Washington Square Films']","Awards, 1 nomination total","['Psychological Thriller', 'Drama', 'Thriller']",['English']
"503. You Had to Be There: How the Toronto Godspell Ignited the Comedy Revolution, Spread Love & Overalls, and Created a Community That Changed the World (in a Canadian Kind of Way)",2025,1h 38m,,8.1,38,,"A documentary about the legendary 1972 Toronto production of the musical about the life of Jesus, which launched many illustrious careers and ignited a comedy revolution.",https://www.imdb.com/title/tt31726535/?ref_=sr_i_503,"['Nick Davis', 'Jane Mendelsohn']",['Nick Davis'],"['Mike Myers', 'Dan Aykroyd', ""Catherine O'Hara"", 'Victor Garber', 'John Candy', 'Martin Short', 'Lin-Manuel Miranda', 'Janeane Garofalo', 'Eugene Levy', 'Heidi Gardner']",,,,,April 2026,"['Canada', 'United States']",,"['Open Door Co.', 'Series of Dreams', 'XRM Media']","Awards, 1 nomination total","['Comedy', 'Documentary', 'Music']",['English']
504. Eenie Meanie,2025,1h 46m,R,5.9,13K,47.0,A reformed teenage getaway driver is dragged back into her unsavory past when a former employer offers her a chance to save the life of her chronically unreliable ex-boyfriend.,https://www.imdb.com/title/tt15514498/?ref_=sr_i_504,['Shawn Simmons'],['Shawn Simmons'],"['Samara Weaving', 'Karl Glusman', 'Andy Garcia', 'Steve Zahn', 'Jermaine Fowler', 'Marshawn Lynch', 'Randall Park', ""Mike O'Malley"", 'Elle Graham', 'Kyanna Simone']",,,,,"August 22, 2025",['United States'],"['Cleveland, Ohio, USA']","['20th Century Studios', 'Reese Wernick Productions']",,"['Car Action', 'Dark Comedy', 'Action', 'Comedy', 'Drama', 'Thriller']",['English']
505. The Map That Leads to You,2025,1h 36m,PG-13,6.2,15K,48.0,Heather's European adventure takes a turn when she meets Jack-sparking an unexpected emotional journey neither of them saw coming.,https://www.imdb.com/title/tt33549478/?ref_=sr_i_505,"['Vera Herbert', 'Leslie Bohem', 'Joseph Monninger']",['Lasse Hallström'],"['Madelyn Cline', 'KJ Apa', 'Sofia Wylie', 'Madison Thompson', 'Orlando Norman', 'Josh Lucas', 'JR Esposito', 'Marilyn Cutts', 'Joseph Evans', 'Diego Ross']",,,,,"August 20, 2025",['United States'],"['Porto, Portugal']","['Amazon MGM Studios', 'Temple Hill Entertainment', 'Nostromo Pictures']","Awards, 1 nomination total","['Drama', 'Romance']",['English']
506. Culpa Nuestra,2025,1h 52m,,5.4,9.2K,,"Nick and Noah's relationship peaks before facing events testing if they're meant to be together or should part ways. Can they overcome their past despite strong feelings, or are love and forgiveness not enough?",https://www.imdb.com/title/tt33311244/?ref_=sr_i_506,"['Sofía Cuenca', 'Domingo González', 'Mercedes Ron']",['Domingo González'],"['Nicole Wallace', 'Gabriel Guevara', 'Marta Hazas', 'Iván Sánchez', 'Eva Ruiz', 'Víctor Varona', 'Gabriela Andrada', 'Álex Béjar', 'Goya Toledo', 'Javier Morgade']",,,,,"October 16, 2025",['Spain'],,['Pokeepsie Films'],"Awards, 1 nomination total","['Spanish', 'Car Action', 'Teen Romance', 'Drama', 'Romance']","['Spanish', 'English']"
507. Deep Cover,2025,1h 40m,R,6.7,46K,67.0,Three improv actors are asked to go undercover by the police in London's criminal underworld.,https://www.imdb.com/title/tt31121295/?ref_=sr_i_507,"['Derek Connolly', 'Colin Trevorrow', 'Ben Ashenden']",['Tom Kingsley'],"['Bryce Dallas Howard', 'Orlando Bloom', 'Nick Mohammed', 'Sean Bean', 'Paddy Considine', 'Sonoya Mizuno', 'Ian McShane', 'Ben Ashenden', 'Alexander Owen', 'Leart Dokle']",,,,,"June 12, 2025",['United Kingdom'],"['Mill Hill Broadway Train Station, Station Rd, London NW7 2JU, England, UK (on location)']","['Metronome Film Co.', 'Parkes/MacDonald Image Nation']","Awards, 1 win & 1 nomination total","['Buddy Comedy', 'Action', 'Comedy', 'Crime']",['English']
508. Code 3,2025,1h 44m,R,7.2,20K,,"A burnt-out two-man paramedic crew and their student trainee ride-along embark on a 24-hour shift that exposes the funny, tragic, and broken aspects of the health-care system.",https://www.imdb.com/title/tt26394837/?ref_=sr_i_508,"['Christopher Leone', 'Patrick Pianezza']",['Christopher Leone'],"['Rainn Wilson', 'Lil Rel Howery', 'Aimee Carrero', 'Rob Riggle', 'Yvette Nicole Brown', 'Page Kennedy', 'Xolo Maridueña', ""Tree O'Toole"", 'Therese McLaughlin', 'Andy Milder']",,,"$35,190",,"September 12, 2025",['United States'],"['Santa Clarita, California, USA (Location)']","['Circle Management + Production', 'Circle of Confusion', 'Concourse Media']",,"['Medical Drama', 'Action', 'Comedy', 'Drama']",['English']
509. My Oxford Year,2025,1h 52m,PG-13,5.9,30K,39.0,"When Anna, an ambitious young American woman, sets out for Oxford University to fulfill a childhood dream, she has her life completely on track until she meets a charming and clever local who profoundly alters both of their lives.",https://www.imdb.com/title/tt4978342/?ref_=sr_i_509,"['Julia Whelan', 'Allison Burnett', 'Melissa Osborne']",['Iain Morris'],"['Sofia Carson', 'Corey Mylchreest', 'Dougray Scott', 'Catherine McCormack', 'Harry Trevaldwyn', 'Esmé Kingdom', 'Nikhil Parmar', 'Poppy Gilbert', 'Romina Cocca', 'Yadier Fernández']",,,,,"August 1, 2025",['United States'],"['Merton Street Wine Bar, Oxford, Oxfordshire, England, UK']","['Presque Isle Films', 'Screen Gems', 'Temple Hill Entertainment']","Awards, 1 win & 1 nomination total","['Coming-of-Age', 'Teen Drama', 'Comedy', 'Drama', 'Romance']",['English']
510. The Family Plan 2,2025,1h 46m,PG-13,5.6,17K,38.0,"Now that Dan’s assassin days are behind him, all he wants for Christmas is quality time with his kids. But when he learns his daughter has her own plans, he books a family trip to London—putting them all in the crosshairs of an unexpected enemy.",https://www.imdb.com/title/tt34276058/?ref_=sr_i_510,['David Coggeshall'],['Simon Cellan Jones'],"['Mark Wahlberg', 'Michelle Monaghan', 'Kit Harington', 'Zoe Colletti', 'Van Crosby', 'Peter Lindsey', 'Theodore Lindsey', 'Reda Elazouar', 'Sidse Babett Knudsen', 'Sanjeev Bhaskar']",,,,,"November 21, 2025","['United States', 'United Kingdom']","['Hollowshore Boatyard, Faversham, Kent, England, UK (Port Inconnu, France)']","['Apple Original Films', 'Municipal Pictures', 'Skydance Media']",,"['One-Person Army Action', 'Action', 'Comedy', 'Family']",['English']
511. Bandar,2025,2h 20m,,7.3,1.2K,,"TV star Samar's life spirals when his ex Gayatri accuses him of rape after he blocks contact with her. Despite his new relationship with Khushi, he faces arrest and encounters a corrupt justice system.",https://www.imdb.com/title/tt32389930/?ref_=sr_i_511,"['Abhishek Banerjee', 'Sudip Sharma']","['Anurag Kashyap', 'Sakshi Mehta']","['Bobby Deol', 'Sapna Pabbi', 'Sanya Malhotra', 'Saba Azad', 'Gagan Ahuja', 'Moin Ayan', 'Aamir Aziz', 'Aurobindo Bhatacharjee', 'Nagesh Bhonsle', 'Agu Stanley Chiedozie']",,,"$84,729",,"June 5, 2026",['India'],"['Mumbai, Maharashtra, India']","['Nikhil Dwivedi production', 'Saffron Magicworks', 'Zee Studios']",,"['Hindi', 'Dark Comedy', 'Jukebox Musical', 'Prison Drama', 'Psychological Drama', 'Psychological Thriller', 'Crime', 'Drama', 'Musical', 'Mystery']","['Hindi', 'Marathi', 'English']"
512. Red Sonja,2025,1h 50m,R,4.6,9K,41.0,"Captured and forced to fight for survival, Red Sonja must rally an army of outcasts to reclaim her freedom and take down a tyrant and his ruthless bride.",https://www.imdb.com/title/tt0800175/?ref_=sr_i_512,"['Tasha Huo', 'Robert E. Howard', 'Roy Thomas']",['MJ Bassett'],"['Matilda Lutz', 'Robert Sheehan', 'Wallis Day', 'Luca Pasqualino', 'Michael Bisping', 'Martyn Ford', 'Eliza Matengu', 'Danica Davis', 'Joana Nwamerue', 'Manal El-Feitury']",,,"$271,461",,"August 13, 2025",['United States'],"['Sofia, Bulgaria']","['Millennium Films', 'Dynamite Entertainment Comics', 'Eclectic Pictures']",,"['Superhero', 'Sword & Sandal', 'Sword & Sorcery', 'Action', 'Adventure', 'Drama', 'Fantasy', 'Thriller']",['English']
513. The Birthday Party,2025,1h 43m,,5.2,272,,"Markos Timoleon, a wealthy Greek businessman, hosts his daughter's 25th birthday party on his private island. Unforeseen events unfold, jeopardizing his power and challenging his life's foundations.",https://www.imdb.com/title/tt33269988/?ref_=sr_i_513,"['Miguel Ángel Jiménez', 'Giorgos Karnavas', 'Panos Karnezis']",['Miguel Ángel Jiménez'],"['Willem Dafoe', 'Vic Carmen Sonne', 'Emma Suárez', 'Joe Cole', 'Christos Stergioglou', 'Antonis Tsiotsiopoulos', 'Elsa Lekakou', 'Francesc Garrido', 'Carlos Cuevas', 'Maria Pau Pigem']",,,"$57,819",,"May 21, 2026","['Greece', 'Spain', 'United Kingdom', 'Netherlands']","['Athens, Greece']","['Heretic', 'Eolo Films Productions', 'Fasten Films']","Awards, 1 nomination total",['Drama'],"['English', 'Spanish', 'Greek']"
514. Nonnas,2025,1h 51m,PG,6.8,48K,56.0,"After losing his beloved mother, a man risks everything to honor her by opening an Italian restaurant with actual grandmothers as the chefs.",https://www.imdb.com/title/tt28309594/?ref_=sr_i_514,"['Liz Maccie', 'Jody Scaravella']",['Stephen Chbosky'],"['Vince Vaughn', 'Lorraine Bracco', 'Talia Shire', 'Theodore Helm', 'Jimmy Smagula', 'Jamie Eddy', 'Adam Ferrara', 'Jack Casey', 'Kate Eastman', 'Karen Giordano']",,,,,"May 9, 2025",['United States'],"['Bayonne, New Jersey, USA']","['Fifth Season', 'Madison Wells', 'Matador Content']","Nominated for 1 Primetime Emmy, 3 wins & 6 nominations total","['Comedy', 'Drama', 'Family']",['English']
515. Worldbreaker,2025,1h 35m,R,4.3,4.1K,,A father hides his daughter on an island to keep her safe while he equips her for survival and the battles ahead.,https://www.imdb.com/title/tt14264694/?ref_=sr_i_515,['Joshua Rollins'],['Brad Anderson'],"['Luke Evans', 'Milla Jovovich', 'Billie Boullet', 'Meadow Williams', 'Mila Harris', 'Chris Finlayson', 'Steven Calvert', 'Brian Devlin', 'Charis Agbonlahor', 'Kevin Glynn']",,,"$189,608",,"December 5, 2025",['United States'],"['Belfast, County Antrim, Northern Ireland, UK']","['Amasia Entertainment', '23ten', 'Dark Castle Entertainment']","Awards, 1 nomination total","['Dystopian Sci-Fi', 'Action', 'Drama', 'Sci-Fi']",['English']
516. DEVOUR,"Releases Aug 1, 2026",1h 52m,,6.5,62,,"A struggling all female metal band called ""The Virginia Bitches"" have a taste for blood and while on tour their van breaks down in the middle of nowhere. Seeking help they come across a town full of cannibals led by an infamous Warlock.",https://www.imdb.com/title/tt14541160/?ref_=sr_i_516,"['Desiree Hansen', 'Scott B. Hansen']",['Scott B. Hansen'],"['KateLynn E. Newberry', 'Andrew Pierson', 'John Potash', 'Coby Connell', 'John Wells', 'J. Gaven Wilde', 'Ashleigh Amberlynn', 'Cory DeAn Cowley', 'Guy Messenger', 'Kayte Giralt']","$300,000 (estimated)",,,,"August 1, 2026",['United States'],"['Atlanta, Georgia, USA']","['Digital Thunderdome', 'Flying Banzai Productions']","Awards, 4 wins & 2 nominations total",['Horror'],['English']
517. Brunello: The Gracious Visionary,"Releases Jul 24, 2026",2h,PG-13,7.2,49,,"A farmer's son transforms into a fashion mogul, building a billion-dollar luxury empire while staying true to his humanistic values and commitment to ethical business practices and fine craftsmanship.",https://www.imdb.com/title/tt37107071/?ref_=sr_i_517,['Giuseppe Tornatore'],['Giuseppe Tornatore'],"['Marta Aguilar', 'Ramin Arani', 'Lorenzo Bachiorri', 'Cardinale Gualtiero Bassetti', 'Federica Benda', 'Arcangela Berardi', 'Enzo Biagiotti', 'Paolo Budelli', 'Matteo Calderini', 'Simona Calisti']",,,"$1,193,835",,"July 24, 2026",['Italy'],"['Umbria, Italy (filming location)']","['Brunello Cucinelli', 'Masifilm', 'Rai Cinema']",,"['Italian', 'Biography', 'Documentary', 'History']",['Italian']
518. Time of Death,2025,1h 47m,,4.7,778,,"When a prisoner vanishes without a trace, Detective Frank Morley is sent to a decaying prison on the verge of shutdown. What begins as a routine investigation quickly spirals into a dangerous search for answers.",https://www.imdb.com/title/tt26689505/?ref_=sr_i_518,['Jason Rosen'],['Will Wernick'],"['Michael Kelly', 'Kevin Pollak', 'Dennis Haysbert', 'Mena Suvari', 'Jeff Kober', 'Alex Solowitz', 'Sir Brodie', 'Noel Gugliemi', 'Trevor Morgan', 'Cotter Smith']",,,,,"June 12, 2026",['United States'],,"['Silent Partner Media', 'Ikigai International']",,"['Horror', 'Mystery', 'Thriller']",['English']
519. Prisoners of Paradise,"Releases Aug 10, 2026",1h 48m,TV-14,7.2,16,,17-year-old orphan Lucy Gladwell who is sent from England to live under the guardianship of her uncle George Huyton.,https://www.imdb.com/title/tt12759038/?ref_=sr_i_519,"['Alan Govinden', 'Romesh Gunesekera', 'Mitch Jenkins']",['Mitch Jenkins'],"['Ellie Bamber', 'Mehdi Dehbi', 'Rupert Penry-Jones', 'Rhona Mitra', 'Edward Akrout', 'Amy Beth Hayes', 'Emilio Iglesias', 'Clara Marley', 'Thierry Garnier', 'Richard Sumitro']",,,,,"August 10, 2026",['United Kingdom'],['Mauritius'],"['AMG International Film', 'Atelier11', 'Stage 5 Films']","Awards, 6 wins & 1 nomination total","['Drama', 'Romance']",['English']
520. Brick,2025,1h 39m,TV-MA,5.5,28K,53.0,A couple whose apartment building is suddenly surrounded by a mysterious brick wall must work with their neighbors to find a way out.,https://www.imdb.com/title/tt31806049/?ref_=sr_i_520,"['Caroline Bruckner', 'Philip Koch', 'Chris Ryden']",['Philip Koch'],"['Matthias Schweighöfer', 'Ruby O. Fee', 'Frederick Lau', 'Salber Lee Williams', 'Murathan Muslu', 'Sira-Anna Faal', 'Axel Werner', 'Alexander Beyer', 'Josef Berousek', 'Daniele Rizzo']",,,,,"July 10, 2025",['Germany'],"['Barrandov Studios, Prague, Czech Republic (Studio)']","['Nocturna Productions', 'W&B Television', 'Leonine Studios']",,"['German', 'Whodunnit', 'Drama', 'Mystery', 'Sci-Fi', 'Thriller']","['German', 'English']"
521. The Perfect Neighbor,2025,1h 36m,R,7.1,33K,83.0,"A minor disagreement between neighbors in Florida takes a lethal turn, with police body camera footage and interviews probing the aftermath of the state's controversial ""stand your ground"" laws.",https://www.imdb.com/title/tt34962891/?ref_=sr_i_521,"['Susan Lorincz', 'Ajike Owens', 'Franklin Baez-Colon']",['Geeta Gandbhir'],"['Susan Lorincz', 'Ajike Owens', 'Franklin Baez-Colon', 'Michael Balken', 'Aaron Barbosa', 'Troy Campbell', 'Cash', 'Jonathan Coleman', 'Pamela Dias', 'Troy Gann']",,,,,"October 17, 2025",['United States'],,"['Message Pictures', 'Park Pictures', ""SO'B Productions""]","Nominated for 1 Oscar, 38 wins & 42 nominations total","['Crime Documentary', 'True Crime', 'Crime', 'Documentary', 'Drama', 'Thriller']",['English']
522. Back in Action,2025,1h 54m,PG-13,5.9,68K,46.0,Former CIA spies Emily and Matt are pulled back into espionage after their secret identities are exposed.,https://www.imdb.com/title/tt21191806/?ref_=sr_i_522,"['Seth Gordon', ""Brendan O'Brien"", 'Lillian Yu']",['Seth Gordon'],"['Jamie Foxx', 'Cameron Diaz', 'McKenna Roberts', 'Rylan Jackson', 'Kyle Chandler', 'Glenn Close', 'Jamie Demetriou', 'Andrew Scott', 'Fola Evans-Akingbola', 'Robert Besta']","$158,900,000 (estimated)",,,,"January 17, 2025",['United States'],"['Ljubljana, Slovenia (opening drone shot)']","['Netflix', 'Chernin Entertainment', 'Exhibit A']","Awards, 1 nomination total","['Dark Comedy', 'Globetrotting Adventure', 'Spy', 'Action', 'Adventure', 'Comedy', 'Drama', 'Thriller']","['English', 'Polish']"
523. Another Simple Favor,2025,2h,R,5.3,32K,54.0,"Stephanie Smothers and Emily Nelson reunite on the island of Capri, Italy for Emily's extravagant wedding to a rich Italian businessman, which is interrupted by murder and betrayal.",https://www.imdb.com/title/tt20214908/?ref_=sr_i_523,"['Darcey Bell', 'Jessica Sharzer', 'Laeta Kalogridis']",['Paul Feig'],"['Blake Lively', 'Anna Kendrick', 'Allison Janney', 'Joshua Satine', 'Mitch Salm', 'Andrew Rannells', 'Diletta Jayne', 'Holmes', 'Aparna Nancherla', 'Kelly McCormack']",,,,,"May 1, 2025",['United States'],"['Capri, Italy']","['Amazon MGM Studios', 'Amazon Studios', 'BRON Studios']","Awards, 1 win & 4 nominations total","['Dark Comedy', 'Psychological Thriller', 'Whodunnit', 'Comedy', 'Crime', 'Mystery', 'Thriller']",['English']
524. Late Fame,"Releases Aug 7, 2026",1h 36m,,6.8,324,75.0,"Legendary New York poet Ed Saxberger's forgotten works captivate an eccentric group of young creatives, reigniting his artistic passion. Their intrigue intertwines with the bewitching presence of actress Gloria.",https://www.imdb.com/title/tt32298494/?ref_=sr_i_524,"['Samy Burch', 'Arthur Schnitzler']",['Kent Jones'],"['Greta Lee', 'Willem Dafoe', 'Jake Lacy', 'Clark Johnson', 'Tony Torn', 'William Hill', 'Welker White', 'Edmund Donovan', 'Dan Jablons', 'Graham Campbell']",,,,,"August 7, 2026",['United States'],,"['Pine Bay Pictures', 'AmorFortuna', 'Fresh Fish Films']","Awards, 1 win & 2 nominations total","['Comedy', 'Drama']",['English']
525. The Parenting,2025,1h 34m,R,5.7,9.3K,45.0,A couple rents a countryside house for a weekend with their parents and then discover it's inhabited by a 400-year-old poltergeist.,https://www.imdb.com/title/tt14041896/?ref_=sr_i_525,['Kent Sublette'],['Craig Johnson'],"['Nik Dodani', 'Brandon Flynn', 'Brian Cox', 'Edie Falco', 'Lisa Kudrow', 'Dean Norris', 'Vivian Bang', 'Parker Posey', 'Kate Avallone', 'Elle Kaye']",,,,,"March 13, 2025",['United States'],"['Worcester, Massachusetts, USA (location)']","['New Line Cinema', 'Good Fear Content', 'Mighty Engine']","Awards, 4 nominations total","['Supernatural Horror', 'Comedy', 'Horror']","['English', 'Latin']"
526. Ballad of a Small Player,2025,1h 41m,R,5.9,26K,46.0,"When his past and his debts start to catch up with him, a high-stakes gambler lying low in Macau encounters a kindred spirit who might just hold the key to his salvation.",https://www.imdb.com/title/tt32063098/?ref_=sr_i_526,"['Rowan Joffe', 'Lawrence Osborne']",['Edward Berger'],"['Colin Farrell', 'Tilda Swinton', 'Alex Jennings', 'Chik-Ka Lai', 'Alan K. Chang', 'Margaret Cheung', 'Jason Tobin', 'Fala Chen', 'Deanie Ip', 'Selena Fong']",,,,,"October 29, 2025","['United Kingdom', 'Germany']",['Macau'],"['Good Chaos', 'Nine Hours', 'Stigma Films']","Awards, 3 nominations total","['Dark Comedy', 'Psychological Drama', 'Psychological Thriller', 'Crime', 'Drama', 'Mystery', 'Thriller']","['English', 'Cantonese']"
527. The Hand That Rocks the Cradle,2025,1h 45m,R,5.3,11K,52.0,"An upscale suburban mom brings a new nanny, Polly Murphy, into her home, only to discover she is not the person she claims to be.",https://www.imdb.com/title/tt33502160/?ref_=sr_i_527,"['Micah Bloomberg', 'Amanda Silver']",['Michelle Garza Cervera'],"['Maika Monroe', 'Mary Elizabeth Winstead', 'Raúl Castillo', 'Mileiah Vega', 'Nora Contreras', 'Lola Contreras', 'Martin Starr', 'Yvette Lu', 'Riki Lindhome', 'Shannon Cochran']",,,,,"October 22, 2025",['United States'],"['Los Angeles, California, USA']","['20th Century Studios', 'Department M', 'Radar Pictures']","Awards, 1 nomination total","['Psychological Thriller', 'Horror', 'Thriller']",['English']
528. Camp,2025,1h 51m,,5.6,132,85.0,"New project from Avalon Fast. A story of impossible redemption, modern witchcraft, and duels that repeat themselves like cursed cycles.",https://www.imdb.com/title/tt38226226/?ref_=sr_i_528,['Avalon Fast'],['Avalon Fast'],"['Zola Grimmer', 'Alice Wordsworth', 'Cherry Moore', 'Lea Rose Sebastianis', 'Ella Reece', 'Austyn Van de Kamp', 'Aidan Laudersmith', 'Izza Jarvis', 'Sophie Bawks-Smith', 'Michael Tan']",,,,,"June 26, 2026",['Canada'],"['Alberta, Canada']","['Téléfilm Canada', 'Camp Productions', 'Filmoption International']","Awards, 1 nomination total",['Horror'],['English']
529. Bridget Jones: Mad About the Boy,2025,2h 4m,R,6.5,35K,72.0,"After jumping back into the dating pool, single mother Bridget Jones finds herself caught between a younger man and her son's science teacher.",https://www.imdb.com/title/tt32063050/?ref_=sr_i_529,"['Helen Fielding', 'Dan Mazer', 'Abi Morgan']",['Michael Morris'],"['Renée Zellweger', 'Chiwetel Ejiofor', 'Leo Woodall', 'Mila Jankovic', 'Casper Knopf', 'Elena Rivers', 'Hugh Grant', 'Colin Firth', 'Neil Edmond', 'Sally Phillips']","$50,000,000 (estimated)",,"$140,433,351",,"February 13, 2025","['United Kingdom', 'France', 'United States']","['Christ Church Primary School, Hampstead, London, England, UK (used under the name of Galsworthy Hill)']","['Universal Pictures', 'StudioCanal', 'Miramax']","Nominated for 1 Primetime Emmy, 8 wins & 28 nominations total","['Romantic Comedy', 'Comedy', 'Drama', 'Romance']",['English']
530. This Tempting Madness,2025,1h 32m,R,4.6,220,,"After emerging from a coma with serious injuries and memory gaps, a woman's husband is jailed. As she works to reconstruct her past, she begins to doubt herself and what is real.",https://www.imdb.com/title/tt30796568/?ref_=sr_i_530,"['Andrew Davis', 'Jennifer E. Montgomery']",['Jennifer E. Montgomery'],"['Simone Ashley', 'Suraj Sharma', 'Austin Stowell', 'Mojean Aria', 'Zenobia Shroff', 'Amol Shah', 'Niya Brahmbhatt', 'Nara Brahmbhatt', 'Auden Thornton', 'Bevin Bru']",,,,,"June 12, 2026",['United States'],"['Los Angeles, California, USA (Studio)']","['Catchlight Studios', 'Mango Monster Productions', 'Smoke Jumper Films']","Awards, 1 nomination total",['Thriller'],['English']
531. The Wrong Paris,2025,1h 45m,TV-14,6.1,15K,,"A woman joins a dating show for an art opportunity, thinking that it's in Paris, France, but it's actually in Paris, Texas. She tries to get eliminated until falling for the bachelor complicates her plans.",https://www.imdb.com/title/tt33039440/?ref_=sr_i_531,['Nicole Henrich'],['Janeen Damian'],"['Miranda Cosgrove', 'Pierson Fode', 'Madison Pettis', 'Yvonne Orji', 'Torrance Coombs', 'Christin Park', 'Emilija Baranac', 'Frances Fisher', 'Ava Bianchi', 'Madeleine Arthur']",,,,,"September 12, 2025",['United States'],"['Vancouver, British Columbia, Canada']","['Brad Krevoy Television', 'Motion Picture Corporation of America (MPCA)']",,"['Romantic Comedy', 'Comedy', 'Drama', 'Romance']",['English']
532. Six: The Musical Live!,"Releases Aug 14, 2026",1h 35m,PG-13,8.4,426,,"Tells the story of the six wives of Henry VIII, reimagining them as pop stars who reclaim their narratives from their infamous husband's shadow.",https://www.imdb.com/title/tt35391146/?ref_=sr_i_532,"['Toby Marlow', 'Lucy Moss']",['Liz Clare'],"['Aimie Atkinson', 'Alexia McIntosh', 'Millie O’Connell', 'Natalie Paris', 'Maiya Quansah-Breed', 'Jarneia Richard-Noel']",,,"$8,915,662",,"August 14, 2026",['United Kingdom'],"['Vaudeville Theatre, London, England, UK (filming location)']","['Universal Pictures Content Group', 'Universal Pictures UK']",,['Musical'],['English']
533. Straw,2025,1h 45m,TV-MA,6.5,32K,56.0,A series of devastating events leads a single mother down an unforeseen path on which she becomes embroiled in an unthinkable situation and lands in the center of suspicion in an indifferent world.,https://www.imdb.com/title/tt32550101/?ref_=sr_i_533,['Tyler Perry'],['Tyler Perry'],"['Taraji P. Henson', 'Sherri Shepherd', 'Teyana Taylor', 'Sinbad', 'Rockmond Dunbar', 'Ashley Versher', 'Mike Merrill', 'Glynn Turman', 'Shalèt Monique', 'Diva Tyler']",,,,,"June 6, 2025",['United States'],"['Tyler Perry Studios - 315 Deshler Street SW, Atlanta, Georgia, USA (Studio)']",['Tyler Perry Studios'],"Awards, 4 wins & 3 nominations total","['Psychological Drama', 'Drama', 'Thriller']",['English']
534. The Old Guard 2,2025,1h 47m,R,5.1,47K,44.0,"Andy leads immortal warriors against a powerful enemy threatening their group. They grapple with the resurfacing of a long-lost immortal, complicating their mission to safeguard humanity.",https://www.imdb.com/title/tt14961624/?ref_=sr_i_534,"['Greg Rucka', 'Sarah L. Walker', 'Leandro Fernandez']",['Victoria Mahoney'],"['Charlize Theron', 'KiKi Layne', 'Matthias Schoenaerts', 'Marwan Kenzari', 'Luca Marinelli', 'Chiwetel Ejiofor', 'Veronica Ngo', 'Henry Golding', 'Uma Thurman', 'Kamil Nożyński']",,,,,"July 2, 2025","['United States', 'Italy']","['Riva Di Solto, Bergamo, Italy (location)']","['Netflix', 'Skydance Media', 'Denver and Delilah Productions']","Awards, 1 win & 1 nomination total","['Superhero', 'Action', 'Adventure', 'Fantasy', 'Thriller']",['English']
535. Tom and Jerry: Forbidden Compass,"Releases Sep 9, 2026",1h 44m,PG,3.4,711,,"During a chase inside a museum, Tom and Jerry find a magical object and end up being transported through time. Lost in a distant era, they will need to work together to find a way back home.",https://www.imdb.com/title/tt37185884/?ref_=sr_i_535,"['Gang Zhang', 'Joseph Barbera', 'William Hanna']",['Gang Zhang'],"['Li Baixin', 'Mino Eek', 'Zhang Gang', 'Jiang Wen Jin', 'Hanlin Li', 'Yifei Ruan', 'John Shang', 'Yûki Tardh', 'Xiongfei Tu', 'Zhang Wenjie']",,,"$2,750,808",,"September 9, 2026","['China', 'United States', 'India']",,"['China Film Co., Ltd.', 'Turner Entertainment', 'Origin Animation']","Awards, 1 nomination total","['Animal Adventure', 'Anime', 'Computer Animation', 'Satire', 'Slapstick', 'Adventure', 'Animation', 'Comedy', 'Family', 'Fantasy']","['Chinese', 'English']"
536. The Yellow Tie,2025,2h 25m,,8.5,4.7K,,"The extraordinary life of Sergiu Celibidache. From his childhood in Romania, to his exile in pursuit of a career in music, his struggle for survival in wartime Germany and his rise, fall and rise again, in an unimaginable life journey.",https://www.imdb.com/title/tt5335774/?ref_=sr_i_536,"['Serge Ioan Celebidachi', 'James Olivier']",['Serge Ioan Celebidachi'],"['Ben Schnetzer', 'John Malkovich', 'Sean Bean', 'Miranda Richardson', 'Anton Lesser', 'Kate Phillips', 'Ewan Horrocks', 'Tamzin Merchant', 'Charlie Rowe', 'Julian Firth']","€20,000,000 (estimated)",,"$3,445,504",,"November 14, 2025",['Romania'],"['Bucharest, Romania (Filming City)']","['Avanpost', 'Frame Film', 'Oblique Media Film']","Awards, 8 wins & 4 nominations total","['Adventure', 'Drama', 'Music']","['English', 'German', 'Romanian', 'Italian', 'Hebrew']"
537. Hold the Fort,2025,1h 16m,,5.3,436,,"After moving to the suburbs, a young couple finds themselves trapped in an epic battle between their new HOA and an onslaught of monsters from hell.",https://www.imdb.com/title/tt29926644/?ref_=sr_i_537,"['William Bagley', 'Scott Hawkins']",['William Bagley'],"['Chris Mayers', 'Levi Burdick', 'Julian Smith', 'Haley Leary', 'Mark Ashworth', 'Owen Bagley', 'Amy Bull', 'Tordy Clark', 'Liam Day', 'Fred Galyean']",,,,,"June 23, 2026",['United States'],"['Atlanta, Georgia, USA (Filming City)']","['Media Team', 'Brodacious Films']",,"['Comedy', 'Horror']",['English']
538. André Is an Idiot,2025,1h 28m,,7.6,634,78.0,"Andre, an irreverent man, embarks on an unexpected journey after receiving a terminal diagnosis, determined to maintain his humor while learning to die happily.",https://www.imdb.com/title/tt34963034/?ref_=sr_i_538,"['Lee Einhorn', 'André Ricciardi']",['Tony Benna'],"['Lee Einhorn', 'André Ricciardi']",,,,,"May 22, 2026",['United States'],,"['A24', 'Sandbox Films', 'Safehouse Pictures']","Awards, 4 wins & 3 nominations total","['Biography', 'Comedy', 'Documentary']",['English']
539. Terrestrial,"Releases Aug 14, 2026",1h 30m,,5.1,120,,"During a weekend reunion, a rising sci-fi author welcomes three college friends to his home, but strange events begin to blur the lines between reality and imagination.",https://www.imdb.com/title/tt36870725/?ref_=sr_i_539,"['Connor Diedrich', 'Samuel Johnson']",['Steve Pink'],"['Jermaine Fowler', 'James Morosini', 'Pauline Chalamet', 'Edy Modica', 'Rob Yang', 'Brendan Hunt', 'Flora Wildes', 'Taylor Gray', 'Harrison Cone', 'Gable Swanlund']",,,,,"August 14, 2026",['United States'],"['Los Angeles, California, USA']","['Hurley/Pickle Productions', 'Gummy Films', 'Phiphen Pictures']","Awards, 1 nomination total","['Sci-Fi', 'Thriller']",['English']
540. In Your Dreams,2025,1h 30m,PG,6.5,8.2K,61.0,Stevie and her little brother Elliot journey into the wildly absurd landscape of their own dreams to ask the Sandman to grant them the perfect family.,https://www.imdb.com/title/tt27604215/?ref_=sr_i_540,"['Erik Benson', 'Alexander Woo', 'Stanley Moore']","['Erik Benson', 'Alexander Woo']","['Jolie Hoang-Rappaport', 'Elias Janssen', 'Craig Robinson', 'Hailey Magpali', 'Simu Liu', 'Cristin Milioti', 'Bob Bergen', 'Zachary Noah Piser', 'Omid Djalili', 'Gia Carides']",,,,,"November 14, 2025",['United States'],,"['Kuku Studios', 'Netflix Animation']","Awards, 9 nominations total","['Buddy Comedy', 'Computer Animation', 'High-Concept Comedy', 'Slapstick', 'Adventure', 'Animation', 'Comedy', 'Family', 'Fantasy']",['English']
541. Killing Faith,2025,1h 48m,R,5.6,1.9K,,"A widowed doctor escorts a freed slave and her daughter across the West to find a distant faith healer, battling the mother's belief of possession and the doctor's suspicion of disease as everything the child touches dies.",https://www.imdb.com/title/tt29101725/?ref_=sr_i_541,"['Ned Crowley', 'David Henri Martin']",['Ned Crowley'],"['Guy Pearce', 'DeWanda Wise', 'Bill Pullman', 'Raoul Max Trujillo', 'Jamie Neumann', 'Jack Alcott', 'Joanna Cassidy', 'Emily Katherine Ford', 'Josh McDermitt', 'Charlie Talbert']","$7,000,000 (estimated)",,"$2,482",,"November 4, 2025",['United States'],"['Santa Fe, New Mexico, USA (location)']","['Obsolete Media (II)', 'Lamb Bone Films', 'BondIt Media Capital']",,"['Thriller', 'Western']",['English']
542. Steve,2025,1h 33m,R,6.4,20K,66.0,"Follows headteacher Steve battling for his reform college's survival while managing his mental health. Concurrently, troubled student Shy navigates his violent tendencies and fragility, torn between his past and future prospects.",https://www.imdb.com/title/tt32985279/?ref_=sr_i_542,['Max Porter'],['Tim Mielants'],"['Cillian Murphy', 'Tracey Ullman', 'Jay Lycurgo', 'Archie Fisher', 'Araloyin Oshunremi', 'Luke Ayres', 'Marcus Garvey', 'Priyanga Burford', 'Joshua Barry', 'Ahmed Ismail']",,,,,"September 19, 2025","['Ireland', 'United Kingdom']","['Bath Community Academy, Rush Hill, Bath, Somerset, England, UK (Reform school)']","['Netflix', 'Netflix', 'Big Things Films']","Nominated for 1 BAFTA Award, 2 wins & 8 nominations total","['Psychological Drama', 'Drama']",['English']
543. You're Cordially Invited,2025,1h 49m,R,5.5,31K,51.0,"When two weddings are double-booked at the same venue, the father of one bride and the sister of the other bride try to preserve the wedding weekend.",https://www.imdb.com/title/tt21227864/?ref_=sr_i_543,['Nicholas Stoller'],['Nicholas Stoller'],"['Will Ferrell', 'Reese Witherspoon', 'Geraldine Viswanathan', 'Meredith Hagner', 'Jimmy Tatro', 'Stony Blyden', 'Leanne Morgan', 'Rory Scovel', 'Keyla Monterroso Mejia', 'Ramona Young']",,,,,"January 30, 2025",['United States'],"['Atlanta, Georgia, USA']","['Amazon MGM Studios', 'Big Indie Pictures', 'Gloria Sanchez Productions']","Awards, 4 nominations total","['Dark Comedy', 'Romantic Comedy', 'Comedy', 'Romance']",['English']
544. Marked Men,2025,1h 33m,R,5.2,4.4K,,"Shaw has loved Rule since she saw him, but Rule doesn't see her as a suitable match, but a night of drinking and secrets leads them to question if they can be together without ruining their relationship...or each other.",https://www.imdb.com/title/tt26452781/?ref_=sr_i_544,"['Jay Crownover', 'Sharon Soboil']",['Nick Cassavetes'],"['Sydney Taylor', 'Alexander Ludwig', 'Natalie Alyn Lind', 'Michael Bradway', 'Chase Stokes', 'Paul Johansson', 'Ella Balinska', 'Hannah Kepple', 'Matthew Noszka', 'Inanna Sarkis']",,,"$1,012,378",,"July 8, 2025",['United States'],"['Nu Boyana Film Studios, Sofia, Bulgaria']",['Voltage Pictures'],,"['Dark Romance', 'Steamy Romance', 'Romance']",['English']
545. The Great Flood,2025,1h 49m,TV-MA,5.4,25K,,"A disastrous great flood sweeps the planet. On what may be the last day on Earth, a desperate fight ensues to save a child from a flooding apartment.",https://www.imdb.com/title/tt29927663/?ref_=sr_i_545,"['Byung-woo Kim', 'Moisés Velasco']",['Byung-woo Kim'],"['Kim Da-mi', 'Park Hae-soo', 'Kwon Eun-sung', 'Yuna', 'Kim Min-Gwi', 'Ahn Hyun Ho', 'Kim Kyu-na', 'Jung Min-joon', 'Park Mi-hyeon', 'Lee Dong-chan']",,,,,"December 19, 2025",['South Korea'],"['Seoul, South Korea (location)']",['Hwansang Studio'],,"['Korean', 'Disaster', 'Action', 'Adventure', 'Drama', 'Sci-Fi']",['Korean']
546. Momo,2025,1h 31m,,5.9,772,,"Momo, an orphan girl must do battle with the soulless and grey men who stealthily take over her city and steal time.",https://www.imdb.com/title/tt26325131/?ref_=sr_i_546,"['Christian Ditter', 'Michael Ende']",['Christian Ditter'],"['Alexa Goodall', 'Araloyin Oshunremi', 'Jennifer Amaka Pettersson', 'Claes Bang', 'Laura Haddock', 'Martin Freeman', 'Kim Bodnia', 'Skylar Blu Copeland', 'Maxwell Smith', 'Dusko Valentic']",,,"$2,167,118",,"October 2, 2025",['Germany'],,"['Rat Pack Filmproduktion', 'Constantin Film', 'Westside Filmproduktion']","Awards, 1 win & 3 nominations total","['Family', 'Fantasy']",['English']
547. Neglected,2025,1h 32m,R,4.4,377,,Detective Shaw discovers a serial killer has buried his son alive and must solve three murders to find him before he dies.,https://www.imdb.com/title/tt35224721/?ref_=sr_i_547,"['Nicholas Ferwerda', 'Adam G. Levine', 'David Lipper']",['David Lipper'],"['Josh Duhamel', 'Dylan Sprouse', 'David Lipper', 'Elena Sanchez', 'Til Schweiger', 'Corbin Pitts', 'Kipp Tribble', 'Jeremy London', 'Jason London', 'Kristin Wollett']",,,,,"June 9, 2026",['United States'],"['Mississippi, USA']","['Latigo Films', 'CaliWood Pictures', 'BondIt Media Capital']",,"['Action', 'Crime', 'Mystery', 'Thriller']",['English']
548. Vultures,2025,1h 44m,,6.3,915,,"Samuel, a journalist, and Ava, his intern and daughter, cover the murder of a young girl for their magazine. Through their investigation, they discover disturbing similarities with the murder of another woman..",https://www.imdb.com/title/tt34388968/?ref_=sr_i_548,"['Christophe Cantoni', 'Christophe Cousin', 'Fabianny Deschamps']",['Peter Dourountzis'],"['Sami Bouajila', 'Mallory Wanecque', 'Jean-Pierre Darroussin', 'Valérie Donzelli', 'Stefan Crepon', 'Andréa Bescond', 'Gilles Cohen', 'Samuel Jouy', 'Paul Hamy', 'Matthieu Lucci']",,,"$1,837,080",,"July 2, 2025",['France'],,"['Oriflamme Films', '2425 Films', 'Zinc']",,"['French', 'Crime', 'Drama', 'Thriller']",['French']
549. 7 Inmoral Tales,2025,1h 27m,16+,4.2,68,,"Seven stories delve into perverse games of power, desire, and necessity. Moral dilemmas, forbidden attractions, and intimate secrets intertwine as pleasure threatens to destroy everything.",https://www.imdb.com/title/tt39795803/?ref_=sr_i_549,['Sebastián Vientosalvaje'],['Sebastián Vientosalvaje'],"['Arturo Asalde', 'Cecilia Feijoo', 'Avril Garcia', 'Micaela Garcia', 'Pachacutek García', 'Marco Antonio Miranda', 'Luz Montesa', 'Solange Ruiz', 'Lucy Sanchez', 'Jesus Suica']","$50,000 (estimated)",,,,"September 22, 2025",['United States'],"['Lima, Peru (Studio)']",['Indie Marketing Digital EIRL'],,['Drama'],[]
550. The Tank,2025,1h 56m,R,6.5,16K,,"The five-man crew of a German Tiger tank is sent on a secret mission far behind the fiercely contested front line. Fueled by the Wehrmacht's methamphetamine, their mission increasingly becomes a journey into the heart of darkness.",https://www.imdb.com/title/tt31495504/?ref_=sr_i_550,"['Dennis Gansel', 'Colin Teevan']",['Dennis Gansel'],"['David Schütter', 'Laurence Rupp', 'Leonard Kunz', 'Sebastian Urzendowsky', 'Yoran Leicher', 'Tilman Strauss', 'André Hennicke', 'Arndt Schwering-Sohnrey', 'Alžběta Malá', 'Samuel Himal']",,,,,"January 2, 2026","['United States', 'Germany']","['Prague, Czech Republic (location)']","['Amazon MGM Studios', 'Pantaleon Films']",,"['German', 'Action', 'Drama', 'Thriller', 'War']",['German']
551. The Turkish Coffee Table,2025,1h 30m,,6.3,596,,"A couple's argument over a coffee table spirals into chaos when a simple mistake turns into a desperate web of lies, panic, deception, and the terrifying consequences of trying to cover up the truth.",https://www.imdb.com/title/tt35692176/?ref_=sr_i_551,['Can Evrenol'],['Can Evrenol'],"['Alper Kul', 'Algi Eke', 'Özgür Emre Yildirim', 'Elif Sevinç', 'Ece Su Uckan', 'Asli Bankoglu', 'Hatice Aslan', 'Pablo Guisa Koestinger']",,,"$23,159",,"February 20, 2026",['Turkey'],,"['AKC Sinema', 'Globalgate Entertainment', 'Grupo Morbido']",,"['Turkish', 'Drama', 'Horror', 'Thriller']",['Turkish']
552. Where the Wind Blows,2025,1h 30m,PG-13,6.4,343,,A hardened cowboy puts his unfettered life on the open range on pause when he pretends to be a temporary husband for his late friend's widow so she can adopt. The two go from strangers to something neither expected: a chance at love.,https://www.imdb.com/title/tt32649844/?ref_=sr_i_552,"['Caroline Fyffe', 'Mike Maden', 'John Schimke']",['John Schimke'],"['Trevor Donovan', 'Ashley Elaine', 'C. Thomas Howell', 'Michelle Hurd', 'Don Swayze', 'Rob Mayes', 'Colin Egglesfield', 'Cole Keriazakos', 'Lochlyn Munro', 'Harper Thompson']",,,,,"October 24, 2025",['United States'],"['Emigrant, Montana, USA (Yellowstone Film Ranch)']","['AE Productions I', 'Nova Vento Entertainment']","Awards, 3 nominations total","['Drama', 'Western']",['English']
553. Gioia,2025,1h 48m,Not Rated,6.2,233,,A high school teacher living with her parents forms a forbidden connection with a troubled student who turns to prostitution to support his mother. Their fragile bond becomes unexpectedly essential to both.,https://www.imdb.com/title/tt35093403/?ref_=sr_i_553,"['Benedetta Mori', 'Giuliano Scarpinato', 'Chiara Tripaldi']",['Nicolangelo Gelormini'],"['Valeria Golino', 'Jasmine Trinca', 'Saul Nanni', 'Francesco Colella', 'Betty Pedrazzi', 'Giovanni Bissaca', 'Anita Fiorello', 'Laura Mazzi', 'Gilda Postiglione Turco', 'Andrea Vasone']",,,"$424,366",,"February 12, 2026",['Italy'],,"['HT Film', 'Indigo Film', 'Vision Distribution']","Awards, 3 wins & 8 nominations total","['Italian', 'Drama']",['Italian']
554. Couples Weekend,2025,1h 36m,R,4.6,564,,Four adults navigate deception and desire when a fallen tree on New Year's Eve triggers a chain of events that challenges their relationships and the lies they tell themselves and each other.,https://www.imdb.com/title/tt12477096/?ref_=sr_i_554,['Nora Kirkpatrick'],['Nora Kirkpatrick'],"['Alexandra Daddario', 'Daveed Diggs', 'Josh Gad', 'Ashley Park', 'Kevin Pollak', 'DeMorge Brown', 'Blake Berris', 'Jen Tullock', 'Craig Gregersen']",,,,,"June 8, 2025",['United States'],,['51 Entertainment'],,"['Comedy', 'Drama']",['English']
555. Kama,2025,1h 31m,,5.1,62,,"An unexpected discovery pushes a vengeful, battle-hardened soldier into tracking down a charismatic movie star - the man he suspects of having a secret, whirlwind romance with his wife.",https://www.imdb.com/title/tt31691042/?ref_=sr_i_555,"['Bisharad Basnet', 'Tim Franks', 'Bikram Joshi']",['Veemsen Lama'],"['Tank Dhamala', 'Matt Wakeford', 'Jemima Toms', 'Samir Gurung', 'Puja Gupta', 'Mia Bennett', 'Kajol Gurung']",,,"$1,025",,"March 7, 2025",['United Kingdom'],"['London, England, UK']","['Bhairav Film Line Production', 'Film Factory', 'Maharani']","Awards, 5 wins & 12 nominations total",['Thriller'],['English']
556. Good News,2025,2h 16m,TV-MA,6.6,4K,,"In the 1970s, a covert team is determined to land a hijacked plane by any means necessary.",https://www.imdb.com/title/tt33550069/?ref_=sr_i_556,"['Lee Jin-seong', 'Byun Sung-hyun']",['Byun Sung-hyun'],"['Sul Kyung-gu', 'Hong Kyung', 'Ryu Seung-beom', 'Takayuki Yamada', 'Kippei Shîna', 'Kim Seung-o', 'Shô Kasamatsu', 'Nairu Yamamoto', 'Hinata Hiiragi', 'Jo Jae-Young']",,,,,"October 17, 2025",['South Korea'],"['Seoul, South Korea']",['Star Platinum'],"Awards, 2 wins total","['Korean', 'Dark Comedy', 'Disaster', 'Political Thriller', 'Action', 'Comedy', 'Crime', 'Mystery', 'Thriller']","['Korean', 'Japanese']"
557. Case 137,2025,1h 56m,,7.2,3.3K,73.0,"Case 137 is seemingly just another case for Stéphanie, an investigator at the IGPN, the police of the police. But an unexpected element will trouble Stéphanie and transform case 137 into something more than a simple number.",https://www.imdb.com/title/tt34794183/?ref_=sr_i_557,"['Gilles Marchand', 'Dominik Moll']",['Dominik Moll'],"['Léa Drucker', 'Jonathan Turnbull', 'Mathilde Roehrich', 'Pascal Sangla', 'Claire Bodson', 'Julien Lilti', 'Florence Viala', 'Hélène Alexandridis', 'Solàn Machado-Graner', 'Stanislas Merhar']",,,"$6,017,457",,"November 19, 2025",['France'],,"['Canal+', ""Centre national du cinéma et de l'image animée (CNC)"", 'Charades']","Awards, 2 wins & 15 nominations total","['French', 'Crime', 'Drama']",['French']
558. Vicious,2025,1h 43m,R,4.9,11K,56.0,A woman spends the night fighting for her existence as she slips down a rabbit hole contained inside a gift from a late-night visitor.,https://www.imdb.com/title/tt31511689/?ref_=sr_i_558,['Bryan Bertino'],['Bryan Bertino'],"['Dakota Fanning', 'Kathryn Hunter', 'Mary McCormack', 'Rachel Blanchard', 'Devyn Nekoda', 'Klea Scott', 'Emily Mitchell', 'Bauston Camilleri', 'Drew Moore', 'Michael Abbott Jr.']",,,,,"October 10, 2025",['United States'],"['Ottawa, Ontario, Canada']","['Atlas Independent', 'Paramount Players', 'Unbroken Pictures']","Awards, 1 nomination total","['Supernatural Horror', 'Horror']",['English']
559. Eko,2025,2h 5m,,7.7,11K,,"In misty Kaattukunnu hills, an elderly woman and her caretaker confront past memories while a hunted dog breeder named Kuriyachan eludes capture. As searchers arrive, buried secrets emerge.",https://www.imdb.com/title/tt36616410/?ref_=sr_i_559,['Bahul Ramesh'],['Dinjith Ayyathan'],"['Sandeep Pradeep', 'Biana Momin', 'Saurabh Sachdeva', 'Vineeth', 'Narain', 'Ashokan', 'Binu Pappu', 'Ranjith Shekhar', 'Saheer Mohammed', 'Sim Zhi Fei']",,,"$1,342,756",,"November 21, 2025",['India'],,['Aaradyaa Creations'],"Awards, 1 win & 3 nominations total","['Malayalam', 'Adventure', 'Mystery']","['Malayalam', 'Hindi', 'Tamil', 'Telugu', 'Kannada']"
560. Colours of Time,2025,2h 4m,,7.2,4.4K,64.0,Follows the lives of the cousins who inherit an old house in rural Normandy and retrace their steps of their ancestors in 19th century Paris.,https://www.imdb.com/title/tt31411349/?ref_=sr_i_560,"['Cédric Klapisch', 'Santiago Amigorena']",['Cédric Klapisch'],"['Suzanne Lindon', 'Abraham Wapler', 'Vincent Macaigne', 'Julia Piaton', 'Zinedine Soualem', 'Paul Kircher', 'Vassili Schneider', 'Sara Giraudeau', 'Cécile de France', 'Olivier Gourmet']",,,"$9,036,626",,"May 22, 2025","['France', 'Belgium']","['Maison et jardins de Caude Monet - 84 rue Claude Monet, Giverny, Eure, France (Adèle visits Claude Monet)']","['Ce Qui Me Meut', 'StudioCanal', 'France 2 Cinéma']","Awards, 1 win & 7 nominations total","['French', 'Comedy', 'Drama', 'Romance']",['French']
561. 22 Lengths,2025,1h 42m,,6.8,1.2K,,"Two sisters counter growing up with an alcoholic mother with their unshakable belief in the beauty of life. A story of solidarity, a new love, a departure and a new beginning in a summer in which everything suddenly starts to move.",https://www.imdb.com/title/tt32433627/?ref_=sr_i_561,"['Elena Hell', 'Caroline Wahl']",['Mia Maariel Meyer'],"['Jannis Niewöhner', 'Luna Wedler', 'Laura Tonke', 'Sabrina Schieder', 'Zoë Baier', 'Luis Pintsch', 'Ercan Karacayli', 'Kim Girschner', 'Hannah-Chioma Ekezie', 'Berke Cetin']",,,"$4,782,243",,"September 4, 2025",['Germany'],"['Berlin, Germany']","['BerghausWöbke Filmproduktion', 'Constantin Film']","Awards, 6 nominations total","['German', 'Drama']",['German']
562. Sacrifice,2025,1h 43m,R,5.6,209,48.0,"At an elite fundraising gala, celebrities and socialites find themselves in danger when armed activists storm the venue in pursuit of a legendary relic that could unlock supernatural powers.",https://www.imdb.com/title/tt32268992/?ref_=sr_i_562,"['Will Arbery', 'Romain Gavras']",['Romain Gavras'],"['Chris Evans', 'Anya Taylor-Joy', 'Salma Hayek', 'John Malkovich', 'Vincent Cassel', 'Yung Lean', 'Bebe Amara', 'Ambika Mod', 'Sam Richardson', 'Miriam Silverman']",,,,,2026,"['United Kingdom', 'Greece', 'United States']","['Sofia, Bulgaria']","['Iconoclast', 'Film4', 'Gucci Productions']",,"['Action', 'Adventure', 'Comedy']",['English']
563. You're Dead to Me,2025,1h 36m,,4.4,68,,"The Film focuses on a group of high school seniors grappling with the reality of moving away to college. As if senior year couldn't be stressful enough, there is also a serial killer on the loose.",https://www.imdb.com/title/tt29010849/?ref_=sr_i_563,"['Terry Castle', 'Sarah Howard']",['Juan Pablo Arias Munoz'],"['Siena Agudong', 'Ella Anderson', 'Jessica Belkin', 'Johanna Braddy', 'Haley Grace', 'Phoebe Holden', 'Kathryn Howard', 'Conor Husting', 'Summer Parker', 'Denise Richards']",,,,,"August 22, 2025",['United States'],,['Lucky Number 8 Productions'],,['Horror'],['English']
564. She Rides Shotgun,2025,2h,R,6.5,14K,74.0,"A girl marked for death must fight and steal to stay alive, learning from the most frightening man she knows: her father. An adaptation of Jordan Harper's award-winning novel.",https://www.imdb.com/title/tt27986457/?ref_=sr_i_564,"['Ben Collins', 'Jordan Harper', 'Luke Piotrowski']",['Nick Rowland'],"['Ana Sophia Heger', 'Jamie Bernadette', 'Goldie Tom', 'Taron Egerton', 'Kiko Sanchez', 'Loren Anthony', 'Rob Yang', ""Odessa A'zion"", 'David Lyons', 'Travis Hammer']",,,"$76,103",,"August 8, 2025",['United States'],"['Albuquerque, New Mexico, USA']","['Fifth Season', 'Makeready', 'Super Frog']","Awards, 1 nomination total","['Coming-of-Age', 'Road Trip', 'Action', 'Drama', 'Thriller']",['English']
565. Franz,2025,2h 7m,,6.2,1.7K,69.0,"It narrates the life of Czech writer Franz Kafka, from his birth to his death.",https://www.imdb.com/title/tt17070412/?ref_=sr_i_565,"['Marek Epstein', 'Agnieszka Holland']",['Agnieszka Holland'],"['Peter Kurth', 'Daniel Dongres', 'Idan Weiss', 'Aaron Friesz', 'Marika Malá', 'Anna Císarovská', 'Marta Dancingerová', 'Sandra Korzeniak', 'Josef Trojan', 'Katharina Stark']",,,"$859,226",,"September 25, 2025","['Czech Republic', 'Poland', 'Germany', 'France', 'Turkey']","['Ústí nad Labem Region, Czech Republic (location)']","['Marlene Film Production', 'X-Filme Creative Pool', 'Metro Films']","Awards, 10 wins & 27 nominations total","['German', 'Docudrama', 'Period Drama', 'Biography', 'Drama', 'History']","['German', 'Czech', 'Yiddish', 'English', 'French', 'Japanese']"
566. Beauty from Pain,2025,1h 56m,,5.1,613,,"After a devastating heartbreak, an aspiring musician escapes to Australia and agrees to a no-strings romance with a billionaire winemaker, but when she falls in love with him, she must choose between walking away or risking her heart.",https://www.imdb.com/title/tt36585628/?ref_=sr_i_566,"['Georgia Cates', 'Brian Frederich']",['Christine Luby'],"['Samantha Allsop', 'Jackson Gallagher', 'Arielle Cartwright', 'Helen Howard', 'Callan Colley', 'Vanessa Moltzen', 'Olivia Simatovic', 'Brittany Grey', 'Jasmine Barui', 'Victor Parascos']",,,$45,,"December 18, 2025",['Australia'],"['Brisbane, Queensland, Australia']",['Jaggi Entertainment'],,"['Steamy Romance', 'Romance']",['English']
567. War of the Worlds,2025,1h 31m,PG-13,2.5,34K,6.0,"A colossal invasion of Earth is coming in this off-kilter take on the legendary novel of the same name, filled with present-day themes of technology, government surveillance, and privacy.",https://www.imdb.com/title/tt13186306/?ref_=sr_i_567,"['Kenny Golde', 'Marc Hyman', 'H.G. Wells']",['Rich Lee'],"['Ice Cube', 'Eva Longoria', 'Iman Benson', 'Henry Hunter Hall', 'Devon Bostick', 'Andrea Savage', 'Clark Gregg', 'Nicole Pulliam', ""Michael O'Neill"", 'Jim Meskimen']",,,,,"July 30, 2025","['United States', 'Germany']","['Los Angeles, California, USA']","['Universal Pictures', 'Bazelevs Entertainment', 'Patrick Aiello Productions']","Awards, 6 wins & 1 nomination total","['Action Epic', 'Adventure Epic', 'Alien Invasion', 'Dark Comedy', 'Epic', 'Sci-Fi Epic', 'Urban Adventure', 'Action', 'Adventure', 'Sci-Fi']","['English', 'German', 'Italian']"
568. Calle Málaga,2025,1h 56m,Not Rated,7.2,1.8K,73.0,"An aging Spanish woman in Tangier resists her daughter's decision to sell her home. Determined to stay, she does everything she can to keep her place and reclaim the belongings of a lifetime. Along the way, she rediscovers love and desire.",https://www.imdb.com/title/tt32429174/?ref_=sr_i_568,"['Nabil Ayouch', 'Maryam Touzani']",['Maryam Touzani'],"['Carmen Maura', 'Marta Etura', 'Ahmed Boulane', 'María Alfonsa Rosso', 'La Imèn', 'Abdelilah Iramdane', 'Ghali Errazqi', 'Miguel Garcés', 'Tarik Rmili', 'Mohamed Naimane']",,,"$3,272,521",,"February 6, 2026","['Morocco', 'France', 'Spain', 'Germany', 'Belgium']","[""Rue d'Italie, Tangier, Morocco (street doubling for Málaga Street)""]","['Les Films du Nouveau Monde', 'Mod Producciones', 'ONE TWO Films']","Awards, 8 wins & 1 nomination total","['Spanish', 'Drama', 'Romance']","['Spanish', 'Arabic']"
569. Mockbuster,2025,1h 30m,,8.3,74,,"A struggling director documents his journey making a ""mockbuster"" in six days, descending into the chaotic world of low-budget filmmaking.",https://www.imdb.com/title/tt32377397/?ref_=sr_i_569,"['Sandy Cameron', 'Anthony Frith']",['Anthony Frith'],"['Eric Roberts', 'Danny Philippou', 'Michael Paré', 'Linnea Quigley', 'Michelle Bauer', 'Eliza Roberts', 'Michael Philippou', 'Ramiro Leal', 'Meghan Carrasquillo', 'David Michael Latt']",,,,,"July 10, 2026","['Australia', 'United States']","['Adelaide, South Australia, Australia']","['Mostly True Media', 'Walking Fish Productions']","Awards, 1 win total","['Biography', 'Comedy', 'Documentary', 'Horror', 'Sci-Fi']",['English']
570. Buffet Infinity,2025,1h 33m,Not Rated,6.2,535,,"Echoing the Canadian comedy classic SCTV, crosscutting between original, low-budget TV ads to tell the sinister tale of two restaurants battling it out in the fictional town of Westridge County.",https://www.imdb.com/title/tt37671737/?ref_=sr_i_570,"['Allison Bench', 'Simon Glassman', 'Elisia Snyder']",['Simon Glassman'],"['Kevin Singh', 'Ahmed Ahmed', 'Brandon Vanderwall', 'Jules Balluffi', 'Ben Bauce', 'Allison Bench', 'Noah Brooder', 'Darek Burdziuk', 'Kelly Calwill', 'Kheriyae Christian']","KES100,000,000 (estimated)",,,,"May 8, 2026",['Canada'],"['Edmonton, Alberta, Canada']",['Peterson Polaris'],"Awards, 1 win & 5 nominations total","['Comedy', 'Horror']",['English']
571. Influencers,2025,1h 50m,,5.9,6K,75.0,"In Southern France, a young woman's chilling fascination with murder and identity theft sends her life into a whirlwind of chaos.",https://www.imdb.com/title/tt36833584/?ref_=sr_i_571,['Kurtis David Harder'],['Kurtis David Harder'],"['Veronica Long', 'Cassandra Naud', 'Paulo Saraiva', 'Marie Josée', 'Lisa Delamar', 'Isabelle Perrodeau', 'Vincent Serrano', 'Georgina Campbell', 'Eugénie Alquezar', 'Lyudmila Nesterova']",,,,,"December 12, 2025",['United States'],,['Jackrabbit Media'],"Awards, 4 wins & 8 nominations total","['Psychological Thriller', 'Horror', 'Thriller']","['English', 'French']"
572. The Age of Disclosure,2025,1h 49m,,6.9,5K,45.0,"Featuring 34 U.S. Government insiders, this explosive documentary reveals an 80-year global cover-up of non-human intelligent life and a secret war among major nations to reverse engineer advanced technology of non-human origin.",https://www.imdb.com/title/tt35520315/?ref_=sr_i_572,['Dan Farah'],['Dan Farah'],"['Jay Stratton', 'Luis Elizondo', 'Harold Puthoff', 'Marco Rubio', 'Eric Davis', 'James Cobb', 'David Fravor', 'Alex Dietrich', 'Ryan Graves', 'Chris Mellon']",,,,,"November 21, 2025",['United States'],,['Farah Films'],"Awards, 1 win total",['Documentary'],['English']
573. The Jester 2,2025,1h 27m,,4.9,1.5K,,"When teen magician Max crosses paths with the sinister Jester on Halloween night, she must outsmart a supernatural killer whose magic is all too real and whose tricks always end up in blood.",https://www.imdb.com/title/tt37334010/?ref_=sr_i_573,['Colin Krawchuk'],['Colin Krawchuk'],"['Michael Sheffield', 'Kaitlyn Trentham', 'Jessica Ambuehl', 'Khaydn Adams', 'Ezekiel Akindele', 'Christian Alberts', 'Rahman Ali', 'Imran Bangash', 'Michael Benner', 'Dingani Beza']",,,"$261,212",,"September 18, 2025",['United States'],"['Russellville, Missouri, USA']","['Epic Pictures', 'Traverse Terror']",,['Horror'],['English']
574. On the Sea,2025,1h 51m,,7.2,149,,A profound and moving exploration of masculinity and desire in a remote yet savagely beautiful fishing community.,https://www.imdb.com/title/tt31936369/?ref_=sr_i_574,['Helen Walsh'],['Helen Walsh'],"['Barry Ward', 'Lorne MacFadyen', 'Liz White', 'Henry Lawfull', 'Celyn Jones', 'Danny Webb', 'Callum Hymers', 'Sheldon Jones', 'Tristan Jones', 'Kieran Roberts']",,,,,"January 2, 2026",['United Kingdom'],,['Red Union Films'],"Awards, 2 wins & 7 nominations total","['Drama', 'Romance']",['English']
575. Honey Bunch,2025,1h 53m,,5.8,2K,71.0,"When Diana wakes from a coma with memory loss, she and her husband seek experimental treatments at a remote facility. As the procedures intensify, their marriage is put to the test and Diana begins to question her husband's true motives.",https://www.imdb.com/title/tt33270103/?ref_=sr_i_575,"['Madeleine Sims-Fewer', 'Dusty Mancinelli']","['Dusty Mancinelli', 'Madeleine Sims-Fewer']","['Grace Glowicki', 'Ben Petrie', 'Jason Isaacs', 'Julian Richings', 'Jesse LaVercombe', 'Sarah Kolasky', 'Kate Dickie', 'India Brown', 'Ahmed Moneka', 'Cynthia Ashperger']",,,,,"February 13, 2026","['Canada', 'Finland']","['Owen Sound, Ontario, Canada']","['Cat People', 'IPR.VC', 'Rhombus Media']","Awards, 7 wins & 10 nominations total","['Comedy', 'Drama', 'Fantasy', 'Horror', 'Sci-Fi', 'Thriller']","['English', 'French']"
576. Blowie,2025,1h 15m,Unrated,2.7,150,,"A group of sex workers rent a mansion in the middle of nowhere to shoot OnlyFans content. After a tragic accident they are stalked by Blowie - the doll-faced killer. Starring real porn performers, Blowie is a sexy horror film.",https://www.imdb.com/title/tt36758384/?ref_=sr_i_576,['altSHIFT'],"['Ed Aldridge', 'altSHIFT', 'Sam Lidbetter']","['Bishop Black', 'Gabriel Cross', 'Kayden Gray', 'Leander', 'Clark Lewis', 'Kali Sudhra']","£35,000 (estimated)",,,,"November 1, 2025",['United Kingdom'],['Wales'],,,"['Comedy', 'Horror']",['English']
577. Sunphlowers,2025,1h 20m,,6.9,77,,"In a rural village along the east coast of Ireland, recently bereaved widow Catherine uncovers the truth of what her deceased husband has been hiding. Catherine must fight against all odds to keep her family business and home.",https://www.imdb.com/title/tt32092575/?ref_=sr_i_577,['Dave Byrne'],['Dave Byrne'],"['Anne McCrudden', 'Patrick Bergin', ""Abigail O'Regan"", 'Kathleen Warner Yeates', 'Jerry Fish', 'Declan Reynolds', 'Michael De Brún', 'Zena Donnelly', 'Deirdre Gaule', 'Paul McQuaid']",,,,,"September 26, 2025",['Ireland'],,['Bmedia Film & Television'],,['Drama'],[]
578. I Am Frankelda,2025,1h 54m,PG,6.9,1.9K,74.0,"Frankelda, a determined 19th-century Mexican writer, journeys into her subconscious to face the monsters she's written about. Guided by a tormented prince, she must restore the balance between fiction and reality before it's too late.",https://www.imdb.com/title/tt36639986/?ref_=sr_i_578,"['Arturo Ambriz', 'Roy Ambriz']","['Arturo Ambriz', 'Roy Ambriz']","['Assira Abbate', 'Anahí Allué', 'Arturo Ambriz', 'Lourdes Ambriz', 'Roy Ambriz', 'Antonio Badía', 'Claudis Bridgforth', 'Gabriela Cárdenas', 'Sergio Carranza', 'Beto Castillo']",,,"$883,107",,"June 12, 2026",['Mexico'],"['Mexico City, Mexico (location)']","['Woo Films', 'Cinema Fantasma']","Awards, 8 nominations total","['Spanish', 'Stop Motion Animation', 'Animation', 'Family', 'Fantasy', 'Horror', 'Musical']",['Spanish']
579. Champagne Problems,2025,1h 39m,TV-14,6.0,14K,50.0,"An executive travels to France to secure the acquisition of a renowned champagne brand before Christmas, but her plans are upended when she falls into a whirlwind romance with a charming Parisian - only to discover he's the founder's son.",https://www.imdb.com/title/tt33053440/?ref_=sr_i_579,['Mark Steven Johnson'],['Mark Steven Johnson'],"['Minka Kelly', 'Tom Wozniczka', 'Thibault de Montalembert', 'Sean Amsing', 'Flula Borg', 'Astrid Whettnall', 'Xavier Samuel', 'Mitchell Mullen', 'Maeve Courtier-Lilley', 'Joël Cudennec']",,,,,"November 19, 2025",['United States'],"['Épernay, Marne, France']","['Grumpy Entertainment', 'Off Camera Entertainment']",,"['Holiday Romance', 'Romantic Comedy', 'Comedy', 'Holiday', 'Romance']",['English']
580. Looking Through Water,2025,1h 46m,,6.0,438,,"A father in an attempt to reconnect with his estranged son, invites him to compete in a father-son fishing competition.",https://www.imdb.com/title/tt23469812/?ref_=sr_i_580,"['Zach Dean', 'Rowdy Herrington', 'Bob Rich']",['Roberto Sneider'],"['Michael Douglas', 'David Morse', 'Walker Scobell', 'Tamara Tunie', 'Asher Grodman', 'Cameron Douglas', 'Barry Livingston', 'Michael Stahl-David', 'Ximena Romo', 'Blanca Guerra']",,,,,"September 5, 2025",['United States'],,"['Aeth Entertainment', 'Rich Entertainment Group']",,"['Drama', 'Family']",['English']
581. Homebound,2025,1h 59m,,7.9,14K,85.0,"Two friends from a North Indian village pursue police jobs seeking dignity, but their friendship strains as desperation grows in their quest.",https://www.imdb.com/title/tt26733325/?ref_=sr_i_581,"['Shreedhar Dubey', 'Neeraj Ghaywan', 'Varun Grover']",['Neeraj Ghaywan'],"['Ishaan Khatter', 'Vishal Jethwa', 'Janhvi Kapoor', 'Harshika Parmar', 'Dadhi R Paandey', 'Shalini Vatsa', 'Chandan Anand', 'Pankaj Dubey', 'Sudipta Saxena', 'Shreedhar Dubey']",,,"$205,519",,"September 26, 2025",['India'],,"['Dharma Productions', 'Toscan du Plantier']","Awards, 20 wins & 26 nominations total","['Hindi', 'Drama']",['Hindi']
582. Swiped,2025,1h 50m,TV-MA,6.5,9K,42.0,"Whitney Wolfe rises from recent graduate to pioneering entrepreneur, overcoming sexism and industry resistance as she creates Bumble, a dating app that reimagines how people connect.",https://www.imdb.com/title/tt31909270/?ref_=sr_i_582,"['Bill Parker', 'Rachel Lee Goldenberg', 'Kim Caramele']",['Rachel Lee Goldenberg'],"['Lily James', 'Ben Schnetzer', 'Dan Stevens', ""Myha'la"", 'Jackson White', 'Ian Colletti', 'Mary Neely', 'Ana Yi Puig', 'Aidan Laprete', 'Pedro Correa']",,,,,"September 19, 2025",['United States'],"['Bunker Hill, Downtown, Los Angeles, California, USA (Establishing driving shots.)']","['20th Century Studios', 'Ethea Entertainment']","Awards, 1 nomination total","['Docudrama', 'Biography', 'Drama', 'History']",['English']
583. The Perfect Gamble,2025,1h 22m,R,4.2,84,,"Two gamblers released from prison decide to open an illegal casino, but get entangled with the mafia, with one gambler's girlfriend caught in the middle.",https://www.imdb.com/title/tt32482844/?ref_=sr_i_583,['Kosta Kondilopoulos'],['Danny A. Abeckaser'],"['David Arquette', 'Daniella Pick', 'Danny A. Abeckaser', 'Dean Miroshnikov', 'Eli Danker', 'Herzl Tobey', 'Michael Lahav', 'Michael Lewis', 'Hadar Shitrit', 'Dan Mor']",,,,,"November 14, 2025",['United States'],['Georgia'],['2B Films'],,"['Crime', 'Drama']",['English']
584. The Best You Can,2025,1h 43m,R,6.3,2.6K,55.0,"Stan Olszewski, a security guard foils a home robbery attempt at Cynthia Rand's residence. A charged friendship develops starting with late-night humorous texts. Their deepening bond shakes up both their lives.",https://www.imdb.com/title/tt30150769/?ref_=sr_i_584,['Michael J. Weithorn'],['Michael J. Weithorn'],"['Kevin Bacon', 'Kyra Sedgwick', 'Judd Hirsch', ""Brittany O'Grady"", 'Olivia Luccardi', 'Meera Rohit Kumbhani', 'Ray Romano', 'Misha Brooks', 'Heather Burns', 'Rob Benedict']",,,,,"November 25, 2025",['United States'],,['Fibonacci Films'],"Awards, 1 nomination total","['Comedy', 'Drama', 'Romance']",['English']
585. A Widow's Game,2025,2h 2m,TV-MA,6.2,9.2K,,A murder mystery about a young widow who is the prime suspect in her husband's stabbing death.,https://www.imdb.com/title/tt33474172/?ref_=sr_i_585,"['Ramón Campos', 'Gema R. Neira', 'Jon de la Cuesta']",['Carlos Sedes'],"['Carmen Machi', 'Ivana Baquero', 'Tristán Ulloa', 'Pablo Molinero', 'Pepe Ocio', 'Álex Gadea', 'Ramón Ródenas', 'Joel Sánchez', 'Pau Durà', 'Pedro Casablanc']",,,,,"May 30, 2025",['Spain'],"['València, València, Comunitat Valenciana, Spain']",['Bambú Producciones'],"Awards, 1 win total","['Spanish', 'Psychological Drama', 'True Crime', 'Whodunnit', 'Crime', 'Drama', 'Mystery']","['Spanish', 'Catalan']"
586. Fear Street: Prom Queen,2025,1h 30m,R,5.1,27K,41.0,"When the ""it"" girls competing for prom queen at Shadyside High start to disappear, a gutsy outsider discovers she's in for one hell of a prom night.",https://www.imdb.com/title/tt31433402/?ref_=sr_i_586,"['Matt Palmer', 'Donald McLeary', 'R.L. Stine']",['Matt Palmer'],"['India Fowler', 'Suzanna Son', 'Fina Strazza', 'Katherine Waterston', 'Lili Taylor', 'Chris Klein', 'Ariana Greenblatt', 'David Iacono', 'Darrin Baker', 'Ella Rubin']",,,,,"May 23, 2025",['United States'],"['Hamilton, Ontario, Canada (High School)']","['Canadian Film or Video Production Tax Credit (CPTC)', 'Chernin Entertainment', 'Ontario Creates']",,"['Slasher Horror', 'Teen Horror', 'Whodunnit', 'Horror', 'Mystery', 'Thriller']",['English']
587. Forgiveness Girl,2025,1h 52m,,6.2,276,,"A little girl with cerebral palsy is relentlessly bullied throughout her life, yet finds it in her heart to forgive by seeking strength from a higher source above.",https://www.imdb.com/title/tt32751074/?ref_=sr_i_587,['Rob Diamond'],['Rob Diamond'],"['Ryann Bailey', 'Walter Platz', 'Scarlett Diamond', 'Mia Hansen', 'James Gault', 'Rosie Darling', 'Danny James', 'Sarah Eichner', 'Melinda Yeaman', 'John Fricke']",,,,,"November 10, 2025",['United States'],,['Rob Diamond Films'],,['Drama'],[]
588. Dollhouse,2025,1h 50m,,6.5,1.6K,,"When her 5-year-old daughter dies, a mother is devastated but finds solace in a doll that looks like her daughter and begins to treat the toy as part of the family. But after giving birth to another child, strange things begin to happen.",https://www.imdb.com/title/tt35276942/?ref_=sr_i_588,['Shinobu Yaguchi'],['Shinobu Yaguchi'],"['Masami Nagasawa', 'Kôji Seto', 'Tetsushi Tanaka', 'Ken Yasuda', 'Jun Fubuki', 'Totoka Honda', 'Aoi Ikemura']",,,"$11,567,855",,"June 13, 2025",['Japan'],,['Toho Pictures'],"Awards, 1 nomination total","['Japanese', 'Supernatural Horror', 'Drama', 'Horror', 'Mystery', 'Thriller']",['Japanese']
589. Tell Me Softly,2025,1h 59m,,4.7,2.8K,,"Kamila's life turns upside down when the Di Bianco brothers return after 7 years. Thiago gave her first kiss, Taylor was her protector. Now she's changed, but they still have a way of getting through to her like no one else can.",https://www.imdb.com/title/tt34434461/?ref_=sr_i_589,['Jaime Vaca'],['Denis Rovira van Boekholt'],"['Alícia Falcó', 'Fernando Lindez', 'Diego Vidales', 'Ana Arean', 'Jan Buxaderas', 'Liliana Cabal', 'Alejandra Cid', 'Antón Coucheiro', 'Yacine Dieye', 'Sergio Lemos Exposita']",,,,,"December 12, 2025",['Spain'],"['Santiago de Compostela, Galicia, Spain']","['Amazon MGM Studios', 'Vaca Films']",,"['Spanish', 'Drama', 'Romance']",['Spanish']
590. The Money Maker,2025,2h 8m,,7.0,1K,,"A Polish engineer relocates to France and becomes a legendary counterfeiter. Working solo, he crafts flawless fake francs worth millions over 14 years, earning the nickname ""Cézanne of counterfeit money"" for his artistic skill and output.",https://www.imdb.com/title/tt35495035/?ref_=sr_i_590,"['Bastien Daret', 'Delphine Gleize', 'Marie-Pierre Huster']",['Jean-Paul Salomé'],"['Reda Kateb', 'Sara Giraudeau', 'Bastien Bouillon', 'Pierre Lottin', 'Quentin Dolmaire', 'Victor Poirier', 'Olivier Loustau', 'Cédric Weber', 'Camille Japy', 'Francis Leplay']",,,"$9,413,678",,"January 14, 2026",['France'],"['Rochetaillée-sur-Saône, Métropole de Lyon, France']","['Le Bureau', 'Les Compagnons du Cinema', 'Artémis Productions']","Awards, 1 win total","['French', 'Biography', 'Crime', 'Drama', 'History']",['French']
591. Safe House,2025,1h 30m,,5.4,1.9K,,Six federal agents in hiding after LA terror attack grow suspicious of each other as they realize the perpetrator could be among them.,https://www.imdb.com/title/tt30954952/?ref_=sr_i_591,['Leon Langford'],['Marshall Jamie'],"['Brian Borello', 'Michael Bradway', 'Markina Brown', 'Brett Cullen', 'Ethan Embry', 'Zan Gomes-Headley', 'Hannah John-Kamen', 'Lucien Laviscount', 'Adam Levy', 'Sky Liam']",,,"$32,024",,"October 31, 2025",['United States'],"['Los Angeles, California, USA (Filming City)']",['Green Light Pictures'],,"['Action', 'Thriller']",['English']
592. Holland,2025,1h 50m,R,5.0,19K,42.0,"A woman's picture-perfect life in quaint Holland, Michigan, crumbles when she and a friend uncover a twisted secret in their midst.",https://www.imdb.com/title/tt3045628/?ref_=sr_i_592,['Andrew Sodroski'],['Mimi Cave'],"['Nicole Kidman', 'Gael García Bernal', 'Matthew Macfadyen', 'Jude Hill', 'Jeff Pope', 'Isaac Krasner', 'Lennon Parham', 'Rachel Sennott', 'Chris Witaske', 'River Brooks']",,,,,"March 27, 2025",['United States'],"['Nashville, Tennessee, USA (location)']","['42', 'Amazon Studios', 'Big Indie Pictures']","Awards, 1 win & 1 nomination total","['Dark Comedy', 'Psychological Thriller', 'Serial Killer', 'Whodunnit', 'Crime', 'Drama', 'Mystery', 'Thriller']","['English', 'Dutch']"
593. Even If This Love Disappears from the World Tonight,2025,1h 45m,TV-14,7.5,3.7K,,"The pure and touching love story between a high school girl who suffers from anterograde amnesia, whose memories are reset when she wakes up, and an ordinary high school boy who lives a dull daily life.",https://www.imdb.com/title/tt39049192/?ref_=sr_i_593,['Misaki Ichijo'],['Kim Hye-young'],"['Choo Young-woo', 'Shin Si-ah', 'Jo Yoo-jung', 'Jin Ho-eun', 'Jo Han-chul', 'Ren Holly Liu']",,,"$5,709,270",,"February 3, 2026",['South Korea'],,['By4m Studio'],,"['Korean', 'Drama', 'Romance']",['Korean']
594. Find Your Friends,2025,1h 29m,,4.9,2.1K,,"Amber and her friends visit Joshua Tree for a fun girls' trip but face hostility from locals. As tensions escalate and Amber's dark past surfaces, their rebellion ignites - turning their desert getaway into a jaw-dropping game of revenge.",https://www.imdb.com/title/tt32275326/?ref_=sr_i_594,['Izabel Pakzad'],['Izabel Pakzad'],"['Helena Howard', 'Bella Thorne', 'Zión Moreno', 'Chloe Cherry', 'Sophia Ali', 'Chris Bauer', 'Jake Manley', 'Blaine Kern III', 'Israel Broussard', 'Harrison Sloan Gilbertson']",,,,,"June 12, 2026","['United States', 'Italy']","['Los Angeles, California, USA']","['Welcome To Italy', 'WWPS', 'Walters Media Group']",,"['Psychological Thriller', 'Thriller']",['English']
595. Thieves Highway,2025,1h 23m,,5.2,971,,"After discovering a plot to haul stolen cattle in the middle of nowhere, a desperate and isolated lawman becomes the only thing standing in-between a group of dangerous rustlers and a clear run to the border.",https://www.imdb.com/title/tt32801387/?ref_=sr_i_595,"['Travis Mills', 'J.D. Pepper']",['Jesse V. Johnson'],"['Aaron Eckhart', 'Lochlyn Munro', 'Ronnie Gene Blevins', 'Luke LaFontaine', 'Michael Ferragamo', 'Shane Graham', 'Lucy Martin', 'The D.O.C.', 'Brooke Langton', 'Michael Shamus Wiles']","$4,000,000 (estimated)",,,,"November 7, 2025",['United States'],,"['Pink308', 'SSS Entertainment', '308 Ent']",,"['Action', 'Crime']",['English']
596. In Cold Light,2025,1h 36m,R,5.2,1.1K,49.0,"Ava attempts to go straight after prison, but her twin is murdered and being a witness to the shooting, she is forced to run for her life.",https://www.imdb.com/title/tt27497165/?ref_=sr_i_596,['Patrick Whistler'],['Maxime Giroux'],"['Maika Monroe', 'Allan Hawco', 'Troy Kotsur', 'Jesse Irving', 'Helen Hunt', 'Patrick Sabongui', 'David Haysom', 'Warona Setshwaelo', 'Noah Parker', 'Jessica Abruzzese']",,,,,"January 23, 2026",['Canada'],"['Montréal, Québec, Canada']","['Peripheria Productions', 'Lithium Studios', 'IPR.VC']","Awards, 3 nominations total","['Action', 'Crime', 'Drama', 'Thriller']",['English']
597. Unknown Number: The High School Catfish,2025,1h 34m,TV-MA,6.7,22K,,A teen girl and her boyfriend face persistent harassment from an unknown caller. Police investigating the months of torment discover a revelation that upends their initial assumptions.,https://www.imdb.com/title/tt37674426/?ref_=sr_i_597,"['Lauryn Licari', 'Sophie Weber', 'Macy Johnston']",['Skye Borgman'],"['Lauryn Licari', 'Sophie Weber', 'Macy Johnston', 'Owen McKenny', 'Shawn Licari', 'Kendra Licari', 'Jill McKenny', 'Dave McKenny', 'Bill Chillman', 'Dan Boyer']",,,,,"August 29, 2025",['United States'],,"['Campfire Studios', 'Terminal B TV']","Awards, 1 nomination total","['Crime Documentary', 'True Crime', 'Crime', 'Documentary']",['English']
598. Primavera,2025,1h 50m,,7.1,1.3K,,"A talented violinist, Cecilia, confined in an orphanage, meets Vivaldi who becomes her teacher. Under his mentorship and through his music, she gains courage to break free from the life she was destined for and pursue her passion.",https://www.imdb.com/title/tt33586629/?ref_=sr_i_598,"['Tiziano Scarpa', 'Ludovica Rampoldi', 'Damiano Michieletto']",['Damiano Michieletto'],"['Michele Riondino', 'Tecla Insolia', 'Andrea Pennacchi', 'Fabrizia Sacchi', 'Valentina Bellè', 'Stefano Accorsi', 'Miko Jarry', 'Hildegard De Stefano', 'Cosima Centurioni', 'Federica Girardello']",,,"$5,962,709",,"December 25, 2025","['Italy', 'France']","['Venice, Italy (main setting)']","['Warner Bros.', 'Indigo Film', 'Moana Films']","Awards, 10 wins & 5 nominations total","['Italian', 'Period Drama', 'Biography', 'Drama', 'History', 'Music']","['Italian', 'French']"
599. Deathstalker,2025,1h 42m,Not Rated,5.8,3.3K,,A remake of the cult classic 1983 sword and sorcery film.,https://www.imdb.com/title/tt33996087/?ref_=sr_i_599,['Steven Kostanski'],['Steven Kostanski'],"['Daniel Bernhardt', 'Patton Oswalt', 'Christina Orjalo', 'Paul Lazenby', 'Nicholas Rice', 'Nina Bergman', 'Jon Ambrose', 'Laurie Field', 'Robert Hyland', 'Troy James']",,,,,"October 10, 2025","['Canada', 'United States']",['Canada'],['Hangar 18 Media'],"Awards, 1 win & 6 nominations total","['B-Action', 'Costume Drama', 'Quest', 'Sword & Sorcery', 'Action', 'Adventure', 'Fantasy']",['English']
600. Oh. What. Fun.,2025,1h 46m,PG-13,5.3,15K,38.0,"Claire plans a special Christmas, but is forgotten by her family. When they realize that she's missing, their holiday is at risk until she returns to give them the celebration they deserve.",https://www.imdb.com/title/tt31998881/?ref_=sr_i_600,"['Chandler Baker', 'Michael Showalter']",['Michael Showalter'],"['Michelle Pfeiffer', 'Denis Leary', 'Felicity Jones', 'Chloë Grace Moretz', 'Dominic Sessa', 'Jason Schwartzman', 'Rafaella Karnaby', 'Drake Shehan', 'Devery Jacobs', 'Joan Chen']",,,,,"December 3, 2025",['United States'],"['Atlanta, Georgia, USA']","['Amazon MGM Studios', 'Semi-Formal Productions', 'Tribeca Productions']","Awards, 1 nomination total","['Holiday Comedy', 'Comedy', 'Holiday']",['English']
