Title,Year,Duration,MPA,Rating,Votes,meta_score,description,Movie Link
1. Metropolis,1927,2h 30m,Passed,8.2,202K,98,"In a futuristic city sharply divided between the working class and the city planners, the son of the city's mastermind falls in love with a working-class prophet who predicts the coming of a savior to mediate their differences.",https://www.imdb.com/title/tt0017136/?ref_=sr_i_1
2. Sunrise,1927,1h 34m,Passed,8.1,57K,95,"A married farmer falls under the spell of a sophisticated woman from the city, who tries to convince him to drown his wife.",https://www.imdb.com/title/tt0018455/?ref_=sr_i_2
3. Wings,1927,2h 24m,PG-13,7.5,16K,78,"Two young men, one rich, one middle class, who are in love with the same woman, become fighter pilots in World War I.",https://www.imdb.com/title/tt0018578/?ref_=sr_i_3
4. The Unknown,1927,1h 8m,Passed,7.7,10K,,A circus freak goes to horrific lengths to win the woman he admires.,https://www.imdb.com/title/tt0018528/?ref_=sr_i_4
5. The Lodger: A Story of the London Fog,1927,1h 32m,Not Rated,7.3,15K,82,A landlady suspects that her new lodger is the madman killing women in London.,https://www.imdb.com/title/tt0017075/?ref_=sr_i_5
6. The Cat and the Canary,1927,1h 48m,Passed,7.1,3.8K,,Relatives of an eccentric millionaire gather in his spooky mansion on the 20th anniversary of his death for the reading of his will.,https://www.imdb.com/title/tt0017739/?ref_=sr_i_6
7. Napoleon,1927,5h 30m,,8.2,9.8K,,A film about the French general's youth and early military career.,https://www.imdb.com/title/tt0018192/?ref_=sr_i_7
8. The Jazz Singer,1927,1h 28m,Passed,6.4,12K,66,The son of a Jewish Cantor must defy the traditions of his religious father in order to pursue his dream of becoming a jazz singer.,https://www.imdb.com/title/tt0018037/?ref_=sr_i_8
9. 7th Heaven,1927,1h 50m,,7.5,4.7K,,"A street cleaner saves a young woman's life, and the pair slowly fall in love until war intervenes.",https://www.imdb.com/title/tt0018379/?ref_=sr_i_9
10. London After Midnight,1927,1h 9m,Passed,6.7,1.6K,,The abandoned home of a wealthy man who supposedly committed suicide five years earlier is taken over by ghoulish figures - could they be vampires?,https://www.imdb.com/title/tt0018097/?ref_=sr_i_10
11. Underworld,1927,1h 20m,Not Rated,7.5,3.9K,,"Boisterous gangster kingpin Bull Weed rehabilitates a former lawyer from his alcoholic haze, but complications arise when he falls for Weed's girlfriend.",https://www.imdb.com/title/tt0018526/?ref_=sr_i_11
12. Downhill,1927,1h 50m,Not Rated,6.0,3.6K,66,"Bound by honor, a successful schoolboy takes the blame for his roommate's indiscretion, and it's all downhill from there.",https://www.imdb.com/title/tt0017825/?ref_=sr_i_12
13. The Kid Brother,1927,1h 22m,Passed,7.6,5.3K,,A sheriff's milquetoast son has a chance to prove himself when a medicine show run by con artists comes into town.,https://www.imdb.com/title/tt0018051/?ref_=sr_i_13
14. The Private Life of Helen of Troy,1927,1h 27m,Passed,5.6,95,,"Queen Helen of Troy, in response to her husband Menelaus' lack of interest in her, elopes with Paris to Sparta. Menelaus, egged on by his henchman, starts a war with Paris, finally effecting the return of Helen. The time-honored custom demands that he have the pleasure of killing her, but her seductive loveliness restrains him.",https://www.imdb.com/title/tt0017979/?ref_=sr_i_14
15. The King of Kings,1927,2h 40m,Not Rated,7.3,2.7K,,Jesus Christ faces religious and political oppression during his ministry and in the days before his death and resurrection.,https://www.imdb.com/title/tt0018054/?ref_=sr_i_15
16. The Ring,1927,1h 29m,Not Rated,6.1,4.4K,71,Two boxers compete for the love of a woman.,https://www.imdb.com/title/tt0018328/?ref_=sr_i_16
17. College,1927,1h 6m,Not Rated,6.9,5.9K,,"Ronald's high-school valedictory address praises books and condemns sports. His girlfriend Mary condemns his attitude. Fearing to lose her to rival Jeff, he decides to go to college and pay more attentions to sports.",https://www.imdb.com/title/tt0017765/?ref_=sr_i_17
18. It,1927,1h 12m,Passed,7.2,4K,,A salesgirl pursues a handsome playboy.,https://www.imdb.com/title/tt0018033/?ref_=sr_i_18
19. Children of Divorce,1927,1h 10m,Passed,6.6,550,,"A young flapper tricks her childhood sweetheart into marrying her. He really loves another woman, but didn't marry her for fear the marriage would end in divorce, like his parents'. Complications ensue.",https://www.imdb.com/title/tt0017751/?ref_=sr_i_19
20. My Best Girl,1927,1h 20m,Passed,7.4,1K,,"A department store's stock girl falls in love with a co-worker, the son of the store's manager; the feeling is mutual though he is engaged to a debutante and focusing on becoming successful without the influence of his father.",https://www.imdb.com/title/tt0018183/?ref_=sr_i_20
21. Chicago,1927,1h 45m,Passed,7.3,662,,A wild jazz-loving and boozing wife Roxie Hart kills her boyfriend in cold blood after he leaves her.,https://www.imdb.com/title/tt0017750/?ref_=sr_i_21
22. The Student Prince in Old Heidelberg,1927,1h 46m,Passed,7.5,1.8K,,"A cloistered, overprotected Austrian prince falls in love with a down-to-earth barmaid in this ""Viennese fairy tale.""",https://www.imdb.com/title/tt0018451/?ref_=sr_i_22
23. Women of Ryazan,1927,1h 7m,,7.1,432,,"Orphan Anna lives with her aunt Aliona in the Russian district of Ryazan. One day, they meet Wassily and his son Ivan. In order to marry off his son, Wassily organizes a meeting with all the town's single frauleins and out destiny will reunite Anna and Ivan again.",https://www.imdb.com/title/tt0017653/?ref_=sr_i_23
24. The Way of All Flesh,1927,1h 34m,,6.6,254,,A happy bank clerk loses his identity after a robbery and is then presumed dead.,https://www.imdb.com/title/tt0019553/?ref_=sr_i_24
25. Berlin: Symphony of Metropolis,1927,1h 5m,Not Rated,7.6,5.2K,,"This movie shows us one day in Berlin, the rhythm of that time, starting at the earliest morning and ends in the deepest night.",https://www.imdb.com/title/tt0017668/?ref_=sr_i_25
26. Two Arabian Knights,1927,1h 32m,TV-G,6.6,1.3K,,Two American soldiers are captured by the Germans on the Western Front during World War One and escape a POW camp only to stumble into further life-threatening adventures when they come across an Arabian king's daughter while on the lam.,https://www.imdb.com/title/tt0018515/?ref_=sr_i_26
27. Love,1927,1h 22m,Passed,6.8,1.3K,,A married woman compromises her social standing and family life when she falls for a young officer.,https://www.imdb.com/title/tt0018107/?ref_=sr_i_27
28. The Love of Jeanne Ney,1927,1h 26m,Not Rated,7.2,963,,"In the Crimea, the Reds and the Whites aren't done fighting, and Jeanne discovers that the man she loves is a Bolshevik (when he kills her father). Penniless, she returns to Paris where she works for her uncle. Soon after, her lover Andreas is in France to organize the sailors in Toulon. So also is a thief, traitor, and libertine, Khalibiev, who wants to seduce Jeanne. His schemes, Jeanne and Andreas's naivete, and a lost diamond bring the lovers to the brink of tragedy.",https://www.imdb.com/title/tt0018087/?ref_=sr_i_28
29. Siren of the Tropics,1927,1h 26m,Not Rated,6.3,443,,A French Antillean woman follows a man to Paris and becomes the toast of the town.,https://www.imdb.com/title/tt0135652/?ref_=sr_i_29
30. The Beloved Rogue,1927,1h 39m,Not Rated,7.0,984,,"François Villon, in his lifetime the most renowned poet in France, is also a prankster, an occasional criminal, and an ardent patriot.",https://www.imdb.com/title/tt0017667/?ref_=sr_i_30
31. The Love of Sunya,1927,1h 18m,Passed,6.3,864,,A young woman at life's crossroads is granted mystic visions of how her decisions will affect her future life.,https://www.imdb.com/title/tt0018113/?ref_=sr_i_31
32. Mockery,1927,1h 15m,Passed,6.8,612,,"During the Russian Revolution, a mentally challenged peasant saves then obsesses over a beautiful countess.",https://www.imdb.com/title/tt0018166/?ref_=sr_i_32
33. Uncle Tom's Cabin,1927,2h 24m,Passed,6.8,547,,Slavery tears apart a Black family in the South before the start of the Civil War.,https://www.imdb.com/title/tt0018524/?ref_=sr_i_33
34. Quality Street,1927,1h 20m,,6.6,817,,"A fresh young beauty becomes an old maid waiting for her suitor to return from the Napoleonic wars. When he returns, clearly disappointed, she disguises herself as her own niece in order to test his loyalty.",https://www.imdb.com/title/tt0018297/?ref_=sr_i_34
35. The End of St. Petersburg,1927,1h 25m,Not Rated,7.3,2K,,"A peasant comes to St. Petersburg to find work. He unwittingly helps in the arrest of an old friend who is now a labor leader. The unemployed man is arrested and sent to fight in World War I. After three years, he returns to rebel.",https://www.imdb.com/title/tt0018066/?ref_=sr_i_35
36. The Gaucho,1927,1h 35m,Approved,7.0,403,,"A girl is saved by a miracle after she falls from a cliff in the Argentine Andes, and is blessed with healing powers. A shrine is built on the site, and a whole city grows around it, rich with gold from the grateful worshipers. Ruiz, an evil and sadistic general, captures the city, confiscates the gold, and closes the shrine. But the Gaucho, the charismatic leader of a band of outlaws, comes to the rescue.",https://www.imdb.com/title/tt0017918/?ref_=sr_i_36
37. Open Range,1927,1h,,7.0,40,,"Hired ranch-hand Tex Smith is smitten with Lucy Blake, who lives in the cattle settlement of Marco. Meanwhile, Indian chief Brave Bear despises the encroachment of white people and conspires with Sam Hardman to steal the town's cattle during a rodeo.",https://www.imdb.com/title/tt0018233/?ref_=sr_i_37
38. The Fall of the Romanov Dynasty,1927,1h 30m,Not Rated,6.4,380,,"In May 1913 the Romanov Dynasty celebrates its 300th anniversary at the Russian throne. The last emperor in the long line is Tsar Nicholas II. He rules over a country with huge social and economic differences. Russia is for the most part still an agrarian society, but capitalism and its industries are growing. In 1914 Russia gets involved in the First World War. Tsar Nicholas II declares a general mobilization. A vast number of peasants and workers have to go to the front as soldiers. After three years the country is ruined by the war, and there is a shortage of provisions. In February 1917 workers begin striking in the capital, Petrograd. Their protests are soon joined by soldiers. A complete anarchy is threatening the country, when the parliament, called the duma, reorganizes the power structure by forming a new Provisional Government. At the same time the Soviet of Workers' and Soldiers' Deputies forms another ruling body at the City Hall of Petrograd. In this situation Tsar Nicholas II sees no other possibility than to resign from his government. On the 4th of March 1917 he declares his abdication from the throne. The new Provisional Government and its war minister Kerensky continue the war. This presents an opportunity for the Bolsheviks to organize demonstrations and to persuade the workers and soldiers to overthrow the Provisional Government and seize power themselves.",https://www.imdb.com/title/tt0018246/?ref_=sr_i_38
39. Belphégor,1927,4h 15m,,7.6,195,,A phantom appears in the Louvre museum in the middle of the night in search of something in the dark corridors.,https://www.imdb.com/title/tt0221015/?ref_=sr_i_39
40. Chang: A Drama of the Wilderness,1927,1h 9m,Passed,6.8,1.3K,,A snapshot of life in the jungles of Northern Siam.,https://www.imdb.com/title/tt0017743/?ref_=sr_i_40
41. Get Your Man,1927,1h 3m,,6.4,354,,"A young American girl in Paris falls in love with a handsome nobleman, but he is about to wed in an arranged marriage. She hatches a plan to overcome that obstacle and get her man.",https://www.imdb.com/title/tt0017928/?ref_=sr_i_41
42. The Girl with the Hat Box,1927,1h,Not Rated,7.1,885,,"Natasha and her grandfather live in a cottage near Moscow, making hats for Madame Irène. Madame and her husband have told the housing committee that Natasha rents a room from them; this fiddle gives Madame's lazy husband a room for lounging. The local railroad clerk, Fogelev, loves Natasha but she takes a shine to Ilya, a clumsy student who sleeps in the train station. To help Ilya, Natasha marries him and takes him to Madame's to live in the room the house committee thinks is hers. Meanwhile, Madame's husband pays Natasha with a lottery ticket he thinks is a loser, and when it comes up big, just as Ilya and Natasha are falling in love, everything gets complicated",https://www.imdb.com/title/tt0017809/?ref_=sr_i_42
43. Café Elektric,1927,1h 31m,,6.3,201,,A dance-hall girl falls for a pickpocket.,https://www.imdb.com/title/tt0017726/?ref_=sr_i_43
44. The First Auto,1927,1h 15m,Passed,6.3,361,,"A horse breeder resists the rise of automobiles, losing business and relationships. His son leaves for Detroit's auto industry, creating a rift. Their conflict peaks when the father's anti-car stance threatens his son's life.",https://www.imdb.com/title/tt0017886/?ref_=sr_i_44
45. When a Man Loves,1927,1h 51m,Passed,7.0,452,,"A nobleman studying for the priesthood abandons his vocation in 18th Century France when he falls in love with a beautiful, but reluctant, courtesan.",https://www.imdb.com/title/tt0018566/?ref_=sr_i_45
46. Old San Francisco,1927,1h 28m,Passed,6.4,438,,"In San Francisco, a villainous land owner with underworld connections seeks to steal the property of an old Spanish family.",https://www.imdb.com/title/tt0018218/?ref_=sr_i_46
47. Long Pants,1927,1h,,6.2,635,,"Harry Shelby receives his first pair of long pants. He immediately falls in love with a cocaine-smuggling flapper named Bebe. When Bebe is imprisoned, he decides to rescue her; to do this, he must break off his forthcoming wedding to his childhood sweetheart Priscilla by any means necessary--including murder.",https://www.imdb.com/title/tt0018102/?ref_=sr_i_47
48. The Fourth Commandment,1927,1h 10m,Passed,5.4,20,,"Following a reversal in the Graham family fortune, a childhood love affair between Gordon Graham and Marjorie Miller is frustrated by the socially ambitious Mrs. Miller. After he graduates from college, Gordon marries Virginia and has a son with her. Four years later, Virginia is so eager to return to work that accepts her mother-in-law's offer to live with them and care for Sonny. However, Virginia soon becomes jealous of Mrs. Graham for stealing her child's affections, and gives her husband an ultimatum that either she or his mother must go. In the end, Virginia leaves with Sonny and then marries Stoneman, her employer, but when he is imprisoned on embezzlement charges, she is left destitute. Years later, Sonny and his wife Marjorie take Virginia into their home, but in a repeat of family history, Marjorie soon becomes jealous of Virginia. When the couple move to Paris, Virginia decides to pass out of their lives. While attending an architectural convention in Paris, Gordon and Marjorie (now his wife) are recognized by the haggard woman, but she dies in the street before she can reach them.",https://www.imdb.com/title/tt0016904/?ref_=sr_i_48
49. Topsy and Eva,1927,1h 20m,,7.2,89,,"A slapstick farce using characters from Uncle Tom's Cabin in a further adventures of story, provided Eva didn't die after all. Legree swindles the colonel and takes control of his property-including Topsy-if a will isn't found in time.",https://www.imdb.com/title/tt0173340/?ref_=sr_i_49
"50. Swim Girl, Swim",1927,1h 10m,,,,,"Serious university co-ed Alice Smith, is wholly engrossed, it would appear, in chasing butterflies and rare insects under the guidance of her friend, Mr. Spangle, Ph. D., though she secretly yearns to be an athlete and thus win the admiration of Jerry Marvin, a popular schoolmate. She takes up swimming, making herself the campus joke because of her ideas on the subject, which result from the spiteful influence of Helen Tracey. She is persuaded to enter a channel swim, but en route she is relieved by Spangle's boat; through a heavy fog, Spangle maneuvers the boat unwittingly in the direction of the finish line; and when they collide with a fishing boat, Alice is thrown into the water and is acclaimed the winner. Jerry begins to fall for her as a result and introduces her to Gertrude Ederle, who trains Alice in swimming; learning of the previous deception, Jerry rejects her, then relents when she enters another race and wins on her own merits.",https://www.imdb.com/title/tt0018459/?ref_=sr_i_50
51. The Patent Leather Kid,1927,2h 30m,,6.0,653,,A boxer has difficulty balancing his sport with a budding romance; both are further jeopardized when the United States enters the first World War.,https://www.imdb.com/title/tt0018253/?ref_=sr_i_51
52. The Show,1927,1h 16m,Passed,6.9,787,,"Performers in a Budapest sideshow encounter love, greed, and murder.",https://www.imdb.com/title/tt0018397/?ref_=sr_i_52
53. Une vie sans joie,1927,1h 24m,,6.3,212,,"About the conflict between social classes through the life of the unhappy Catherine Ferrand, an orphan girl, who is a victim of the jealousy of women and the greed of men.",https://www.imdb.com/title/tt0153439/?ref_=sr_i_53
54. Mother Machree,1927,1h 15m,Passed,5.5,208,,"Ellen McHugh, a poor Irish immigrant to America, finds work in a carnival and is thus able to send her son Brian to a fine school. But when her position is found out, the school expels Brian. Mrs. McHugh feels compelled to allow the school principal and his wife to adopt Brian. The widow McHugh becomes a housekeeper and raises her employer's daughter Edith, who grows up to fall in love with Brian McHugh.",https://www.imdb.com/title/tt0019182/?ref_=sr_i_54
55. Hotel Imperial,1927,1h 25m,,6.7,303,,"During World War I, a hotel maid and Austrian officer in hiding attempt to survive in a Russian-occupied town.",https://www.imdb.com/title/tt0018014/?ref_=sr_i_55
56. The Cave of the Silken Web,1927,59m,,6.4,144,,"One of the earliest cinematic adaptation of Chinese classic novel Journey to the West. When seeking for food alone, Tang Xuanzang was kept prisoner by seven spider monsters who took the form of seven beautiful women. The Monkey King and the other two of Xuanzang's disciples managed to rescue him with the help of Avalokitesvara Bodhisattva/Guanyin. They renounced the desire for lust and continued the quest for Buddhist Scriptures.",https://www.imdb.com/title/tt3355612/?ref_=sr_i_56
57. Rubber Heels,1927,1h 10m,,3.4,12,,"A European royal couple come to New York to sell some of the royal family's crown jewels. A gang of international jewel thieves plans to steal the gems, so a private detective is assigned to guard them. Unfortunately, the private eye turns out to be a bumbling, inept fool--or so everyone thinks.",https://www.imdb.com/title/tt0018349/?ref_=sr_i_57
58. Sword of Penitence,1927,1h 10m,,6.5,61,,"Ishimatsu is out of jail and wants to rebuild his life. But his brother, Sakichi, and his old partners are not going to allow it.",https://www.imdb.com/title/tt0018606/?ref_=sr_i_58
59. The College Widow,1927,1h 7m,,4.9,18,,The College Widow (1927) is an American silent comedy film produced and distributed by Warner Bros. and directed by Archie Mayo. The film is based on the 1904 Broadway play by George Ade and was previously adapted to film in 1915 with Ethel Clayton. The 1927 silent film version is a starring vehicle for Dolores Costello.,https://www.imdb.com/title/tt0017767/?ref_=sr_i_59
60. The Chinese Parrot,1927,1h 10m,,5.4,35,,"Detective Charlie Chan investigates a pearl necklace, which has caused misery for all of its owners.",https://www.imdb.com/title/tt0017752/?ref_=sr_i_60
61. Fanny Hawthorne,1927,1h 34m,,7.3,315,,"A celebration of working-class leisure activities at Hindle, Lancashire during ""Wakes Week"", an annual week still observed in parts of Lancashire and Yorkshire when all factories and schools take a holiday.",https://www.imdb.com/title/tt0017998/?ref_=sr_i_61
62. Casey at the Bat,1927,1h 8m,Passed,5.7,48,,"Casey is a slovenly junk man in a turn of the twentieth century hick town who has a remarkable ability to play baseball. An unscrupulous New York scout signs him up, so Casey and his equally dishonest manager go to the big leagues. Eventually, the scout and manager conspire to get him drunk and bet against him for a crucial game with the pennant at stake.",https://www.imdb.com/title/tt0017738/?ref_=sr_i_62
63. Bed and Sofa,1927,1h 26m,,7.3,1.5K,,"A married couple have a small apartment in Moscow. When an old friend of the husband's arrives in the city, he is unable to find lodgings. Kolia, the husband, invites his friend to move in with them.",https://www.imdb.com/title/tt0018505/?ref_=sr_i_63
64. Troll-Elgen,1927,1h 35m,,6.5,88,,"The motherless moose calf acts like a cow, and the strange animal is the start of a lot of stories. Hunter's aren't interesting in hunting him down, except one. He has decided to do it in, the troll-moose.",https://www.imdb.com/title/tt0018508/?ref_=sr_i_64
65. The Fighting Eagle,1927,1h 10m,Passed,6.1,97,,The exploits of Brigadier Gerard who helps expose Foreign Minister Talleyrand as a traitor to Napoleon.,https://www.imdb.com/title/tt0017877/?ref_=sr_i_65
66. The Gorilla,1927,1h 20m,,6.3,67,,An ape is suspected of committing a series of murders.,https://www.imdb.com/title/tt0017947/?ref_=sr_i_66
67. The War Horse,1927,50m,Passed,6.1,26,,,https://www.imdb.com/title/tt0018548/?ref_=sr_i_67
68. Her Wild Oat,1927,1h 10m,Passed,7.1,83,,"Mary Lou Smith, owner of a food wagon, decides to take her hard-earned money and splurge on a vacation where the rich and famous gather for fun. The guests at this beach treat her badly, so her reporter friend decides to help with matters.",https://www.imdb.com/title/tt0018993/?ref_=sr_i_68
69. Hula,1927,1h 4m,,6.3,376,,The daughter of a pineapple plantation owner in Hawaii sets her sights on a married English engineer.,https://www.imdb.com/title/tt0018016/?ref_=sr_i_69
70. The Climbers,1927,1h 10m,Passed,,,,"The Duchess of Aragon (Irene Rich) is wooed by King Ferdinand VII of Spain, much to the displeasure of his mistress Countess Veya (Myrna Loy), who forces the Duchess out of Spain and into Puerto Rico, where she is forced to behave in very unladylike manners, such as riding horses like a cowboy , and dueling with and fending off various brigands and bandits.",https://www.imdb.com/title/tt0017758/?ref_=sr_i_70
71. Captain Salvation,1927,1h 27m,Passed,6.9,377,,"Seminary student helps injured prostitute, defying town's demands to expel her, jeopardizing his upcoming marriage and ministry position in that New England town.",https://www.imdb.com/title/tt0017735/?ref_=sr_i_71
72. Casanova,1927,2h 12m,,7.1,291,,"A flamboyant portrait of the famous seducer seen by a former baritone of the Moscow Opera who, after a vocal accident, leaves for Germany and then France to devote himself to cinema.",https://www.imdb.com/title/tt0017736/?ref_=sr_i_72
73. Zôho kaitei Chûshingura: Ten no maki Chi no maki Jin no maki,1927,,,,,,,https://www.imdb.com/title/tt5328736/?ref_=sr_i_73
74. She's a Sheik,1927,1h,,5.3,32,,The daughter of a desert chief kidnaps a member of the French Foreign Legion in the hopes of wooing him.,https://www.imdb.com/title/tt0018386/?ref_=sr_i_74
75. Broadway Nights,1927,1h 12m,,5.0,57,,"Fannie, a performer in a music hall act, teams up with Johnny, an MC and a gambler, and becomes a success. They marry, and a few years later they have a child. One night while they are playing in a club in New York City, two Broadway produces catch their act and offer Fannie a job in their latest show, but they don't have a place for Johnny. Fannie turns down their offer, and soon things take a downturn for the pair, both career-wise and personal-wise, and when Johnny loses all their money gambling, things come to a head.",https://www.imdb.com/title/tt0017703/?ref_=sr_i_75
76. Silk Stockings,1927,1h 10m,,7.4,11,,"Sam and Molly Thornhill, a married couple very much in love, are nevertheless continually quarreling. On the eve of their wedding anniversary, Sam fails to notice a pair of silk stockings slipped into his pocket by a lady.",https://www.imdb.com/title/tt0018403/?ref_=sr_i_76
77. For the Term of His Natural Life,1927,1h 41m,,5.9,150,,"A convict, wrongfully accused and sent a harsh prison colony, attempts to escape.",https://www.imdb.com/title/tt0017899/?ref_=sr_i_77
"78. Man, Woman and Sin",1927,1h 10m,Passed,6.2,414,,"A young man takes a succession of odd jobs to save enough money to buy a house for himself and his mother. He lands a position in a newspaper office and falls in love with the beautiful society editor, who is secretly having an affair with the married managing editor. She returns the young man's affections to make her lover jealous, but finds herself falling for him.",https://www.imdb.com/title/tt0018138/?ref_=sr_i_78
79. No Man's Law,1927,54m,Passed,6.4,104,,"Two thugs plot to kill an old miner to get his claim, but one of them lusts after his beautiful daughter and wants her first.",https://www.imdb.com/title/tt0018204/?ref_=sr_i_79
80. Prostitutka,1927,1h 17m,,5.7,97,,"A bold study on the dangers of prostitution in the Soviet Union in the 1920s, it's dramatic fiction that tells the story of Lyuba, who after irremediable events, loses her honor, being obliged to exercise the oldest profession in the world to survive. She hopes for better days and a new opportunity. The film also shows the story of two other women who also need hope.",https://www.imdb.com/title/tt0018290/?ref_=sr_i_80
81. The Battles of Coronel and Falkland Islands,1927,1h 47m,,7.0,120,,"Dramatic reconstruction of two 1914 naval battles off Coronel and the Falkland Islands.The first a defeat of the British by Vice Admiral Maximilian von Spee, the second a retaliation by the British under vice Admiral Sturdee.",https://www.imdb.com/title/tt0221007/?ref_=sr_i_81
82. Am Rande der Welt,1927,1h 44m,,5.9,97,,A mill situated on the border between two unnamed countries and the residents therein become pawns in a future war.,https://www.imdb.com/title/tt0017623/?ref_=sr_i_82
83. White Gold,1927,1h 13m,,6.7,117,,"A beautiful young Mexican girl marries an Arizona sheep rancher and returns with him to his ranch, where he lives with his elderly father. The father, not used to sharing his son's attentions with anyone, takes an instant dislike to the new wife, and proceeds to make life as miserable for her as possible, including trying to turn his son against her. When a drifter shows up looking for work, the old man sees his chance.",https://www.imdb.com/title/tt0018571/?ref_=sr_i_83
84. Orchids and Ermine,1927,1h 10m,Passed,6.8,203,,A telephone operator at an opulent hotel falls in love with a young man who turns out to be a rich oil millionaire.,https://www.imdb.com/title/tt0018235/?ref_=sr_i_84
85. Stark Love,1927,1h 10m,,6.5,170,,"A literate young hillbilly plans to attend college to learn about chivalry and escape the brutal, rigid mountain society with the love of his life, but his tyrannical father interferes.",https://www.imdb.com/title/tt0018446/?ref_=sr_i_85
"86. Slide, Kelly, Slide",1927,1h 20m,,5.6,521,,"Jim Kelly, an arrogant smart aleck and pitcher loses his girlfriend Sally and his teammates, but wises up in time to save the day.",https://www.imdb.com/title/tt0018413/?ref_=sr_i_86
87. Éducation de prince,1927,,,5.6,21,,,https://www.imdb.com/title/tt0199173/?ref_=sr_i_87
88. Tracked by the Police,1927,1h 12m,Passed,5.4,55,,"The Laguna Dam is to be built in Arizona,to supply water to desert-land unfit for cultivation or stock-raising. Rival companies bid for the building contract, which leads to violence and danger for Bob Owen and his dog Satan.",https://www.imdb.com/title/tt0018501/?ref_=sr_i_88
89. Mr. Wu,1927,1h 30m,Passed,6.3,743,,"When Mandarin Wu's unmarried daughter becomes pregnant by a young Englishman, he seeks vengeance.",https://www.imdb.com/title/tt0018179/?ref_=sr_i_89
90. The Magic Flame,1927,1h 40m,Passed,4.5,73,,A love triangle involving two members of a travelling circus and an aristocrat has serious consequences for all three individuals.,https://www.imdb.com/title/tt0018129/?ref_=sr_i_90
91. En rade,1927,1h 32m,,6.8,102,,"""Stranded / Sea Fever"" - About the relationship between a small bar waitress and Jean, the son of the laundress who dreams of other horizons.",https://www.imdb.com/title/tt0019849/?ref_=sr_i_91
92. The Blood Ship,1927,1h 10m,,6.5,77,,"A former captain joins a cargo ship's crew, finding it commanded by the man who stole his vessel, wife and daughter. With a fellow sailor in love with his daughter, he rallies the shanghaied crew against the brutal captain and first mate.",https://www.imdb.com/title/tt0017687/?ref_=sr_i_92
93. The Red Mill,1927,1h 14m,Passed,6.8,1.6K,,A tavern worker and the daughter of a burgomaster enter into elaborate masquerades in order to win the hearts of the men they love.,https://www.imdb.com/title/tt0018311/?ref_=sr_i_93
94. The Last Outlaw,1927,1h 3m,,5.9,80,,"The Last Outlaw is a 1927 silent American Western film, starring Gary Cooper and directed by Arthur Rosson.",https://www.imdb.com/title/tt0018080/?ref_=sr_i_94
95. The City Gone Wild,1927,1h,,5.3,18,,"Hard-boiled underworld melodrama, with gang wars and gunfights, in which criminal lawyer turns prosecutor to avenge a friend's death.",https://www.imdb.com/title/tt0017755/?ref_=sr_i_95
96. Evening Clothes,1927,1h 10m,,5.0,11,,"Wealthy French farmer Lucien D'Artois (Adolphe Menjou) is fond of raising horses and married to Germaine (Virginia Valli), according to the terms of a marriage contract. When she finds his rustic interests unbearable, she leaves him. Determined to become a polished Parisian, Lucien goes to the city and diligently studies fencing and dancing but is unable to gain her favor. He embarks on a life of frivolity and free spending and to demonstrate his powers with women, he deliberately steals nightclub girl Fox Trot (Louise Brooks) from Lazarre (Noah Beery). Eventually Lucien's fortune is drained and everything he owns is seized except a suit of evening clothes. Living by his wits, Lucien imagines himself still a popular, wealthy count and returning to his bare flat. To his surprise, Germaine has returned to him.",https://www.imdb.com/title/tt0017856/?ref_=sr_i_96
97. Ragtime,1927,1h 10m,,4.6,11,,A classic 'who dunnit' movie,https://www.imdb.com/title/tt0018302/?ref_=sr_i_97
98. The Magic Garden,1927,1h 10m,,,,,about a little boy and girl that meet in a beautiful garden and the little girl promises the boy that some day she would meet him there again. He goes off to study the violin in Italy and when he returns he finds the girl in the garden.,https://www.imdb.com/title/tt0132294/?ref_=sr_i_98
99. Too Many Crooks,1927,1h,,,,,"Celia Mason, the only daughter of a retired banker, discusses with Marshall Stone, the family lawyer, a crook drama she has just seen and maintains she can write a better one herself. Stone puts her in touch with John Barton (actually the author of the play), who supplies bad men on demand. Celia asks him to invite a group of crooks as guests at her house party. Within 24 hours, Fast Hands Foster has stolen 3 suitcases of jewelry; Frisco Flora has vamped 15 millionaires and obtained material for an equal number of blackmail suits; and Coxey the Con-man has sold most of the neighboring homes to ""fall guys."" Celia is amazed to learn they believe her to be an accomplice, but Barton removes the loot from her safe before the crooks abscond with it. Learning Barton's true calling, Celia is relieved.",https://www.imdb.com/title/tt0018496/?ref_=sr_i_99
100. Spring Fever,1927,1h 18m,Not Rated,6.4,1.1K,,"To impress a wealthy young woman, a clerk pretends he is a pro-golfer.",https://www.imdb.com/title/tt0018440/?ref_=sr_i_100
101. A Gentleman of Paris,1927,1h 5m,,6.6,59,,"A young Parisian noble promises to marry. Visited by fiancée and parents, he bids farewell to mistresses. After marriage and gambling scandal engineered by vengeful valet, the valet confesses to save his master, reuniting the newlyweds.",https://www.imdb.com/title/tt0017926/?ref_=sr_i_101
102. Rolled Stockings,1927,1h 10m,,5.5,20,,"A lost film a man is disappointed with son Jim for not making the college crew team with his brother. Both brothers fall for the same girl. On the eve of the big race, their rivalry comes to a head and the co-ed chooses brothers.",https://www.imdb.com/title/tt0018335/?ref_=sr_i_102
103. Robinson Crusoe,1927,1h 5m,,5.8,65,,A shipwrecked man's prolonged stay on a desert island.,https://www.imdb.com/title/tt0196057/?ref_=sr_i_103
104. The Gay Defender,1927,1h 10m,,5.0,19,,,https://www.imdb.com/title/tt0017919/?ref_=sr_i_104
105. Streets of Shanghai,1927,1h,Passed,6.8,13,,,https://www.imdb.com/title/tt0019432/?ref_=sr_i_105
106. Anya,1927,,,,,,,https://www.imdb.com/title/tt21479728/?ref_=sr_i_106
"107. Kopf hoch, Charly!",1927,,,4.5,15,,,https://www.imdb.com/title/tt0017043/?ref_=sr_i_107
108. Knockout Reilly,1927,1h 10m,,,,,"At a cabaret, steel worker Dundee Reilly meets Mary Malone, sister of former boxing champion Pat Malone. When Mary is accosted by prizefighter Killer Agerra, Dundee knocks his rival unconscious. Under Pat's guidance, Dundee trains for a scheduled bout with Agerra. However, Dundee is framed for a shooting, and spends his prison term working in a quarry and developing his muscles. Following his release, Dundee substitutes for another fighter against Agerra. Acting on intuition, Mary informs Dundee that he was framed by his opponent, spurring him on to win in the final round.",https://www.imdb.com/title/tt0018059/?ref_=sr_i_108
109. West Point,1927,1h 35m,Passed,6.6,2K,,"Wealthy Brice Wayne enters West Point, excelling at football but angering fellow cadets with arrogance until he resigns, but returns to lead the team and reunite with Betty Channing.",https://www.imdb.com/title/tt0017534/?ref_=sr_i_109
110. Annie Laurie,1927,1h 30m,,6.7,590,,"The story of the famous battle between the Scots clans of Macdonald and Campbell, and the young woman who comes between them, Annie Laurie.",https://www.imdb.com/title/tt0017632/?ref_=sr_i_110
111. His First Flame,1927,48m,Passed,5.8,200,,A misogynist Fire chief counsels his nephew to avoid matrimony at all costs. Uhe love-struck Harry is determined to marry his sweetheart Ethel.,https://www.imdb.com/title/tt0016971/?ref_=sr_i_111
112. The Wreck of the Hesperus,1927,1h 10m,,8.6,9,,About a poem of Longfellow. The skipper of a ship took his daughter along for company on ill fated voyage. The skipper tied his daughter to the mast so she wouldn't be sweep over board during a hurricane. She called out to her father as he and the ship washed ashore. A fisherman discovered the wreck the next morning with the daughter still tied to the mast. All aboard were dead.,https://www.imdb.com/title/tt0018597/?ref_=sr_i_112
113. The Masked Woman,1927,1h,,,,,"Baron Tolento lusts for Diane Delatour, his physician's wife, and donates money to their favorite charity, a children's home, in hope of gaining her favor. When Delatour is called away, Tolento inveigles Diane into attending a party at his house. There he threatens to ruin her husband if she does not submit to his demands within three months. Diane retaliates by showing him a letter proving that Tolento has only three months to live, according to a specialist. Delatour learns of his wife's presence at the party from one of the baron's women, and when Tolento makes Diane heir to his fortune, he becomes convinced of her infidelity. But the statement of Mimi, the baron's mistress, proves the innocence of Diane, and she is reconciled with her husband.",https://www.imdb.com/title/tt0018147/?ref_=sr_i_113
114. Now We're in the Air,1927,1h,,6.4,65,,"Cousins Wally and Ray seek their Scotch granddad's fortune. They get involved with the U. S. flying corps and soar over enemy lines in a balloon. They end up as heroes of the enemy, and sent back as spies. Hijinx ensue.",https://www.imdb.com/title/tt0018211/?ref_=sr_i_114
115. A Dog of the Regiment,1927,50m,Passed,,,,"During World War I, Rin-Tin-Tin finds that he must rescue his master, a fighter pilot, from his wrecked aircraft. He also has to help him escape his rival, who has ordered him shot so he can have the girl they're competing for all to himself.",https://www.imdb.com/title/tt0017817/?ref_=sr_i_115
116. Six et demi onze,1927,1h 24m,,6.8,165,,"A renowned doctor and his brother live and work together until the brother falls in love with Marie, a singer, and gives up medicine to be with her. After a time however, she misses her old life and goes back on the stage - an act which leads her lover to commit suicide. Later the doctor and Marie also meet, and she becomes his mistress. He finds out about his brother's suicide and goes through his artifacts looking for a clue as to what might have been the cause. He finds a photograph of Marie and realizes the truth, which decimates their relationship.",https://www.imdb.com/title/tt0018410/?ref_=sr_i_116
117. Ham and Eggs at the Front,1927,1h,,5.0,51,,"Fifi, (Mryna Loy), a dusky, sultry Senegalese spy, uses her wiles to get information out of two American army soldiers, Ham, (Tom Wilson), and Eggs, (Heinie Conklin), in France during World War One.",https://www.imdb.com/title/tt0017958/?ref_=sr_i_117
118. The Yankee Clipper,1927,1h 28m,,6.4,125,,"What starts as race from China to Boston to earn coveted tea trade contract on the high seas turns into dangerous journey with typhoon, mutiny, and no fresh water.",https://www.imdb.com/title/tt0018601/?ref_=sr_i_118
119. Sensation Seekers,1927,1h 12m,,5.8,128,,"Ray Sturgis, leader of the fashionable Long Island jazz set, is engaged to ""Egypt"" Hagen, an up-to-date girl in every respect. Egypt is arrested at a roadhouse raid, and at her mother's bidding, the Reverend Norman Lodge arranges for her freedom. At a fancy-dress ball, when Ray wears a costume made of newspaper headlines concerning her arrest, Egypt is offended. Seen constantly in the company of Reverend Lodge, her reputation causes church people to take up the matter with the bishop. Leaving the country club, Egypt goes to the Lodge home and hides behind the door when the bishop arrives; Reverend Lodge wants to marry her, and they admit their love; but humiliation causes her to leave with Sturgis that night. Their yacht is wrecked, but Lodge and the bishop follow and rescue Egypt, though Sturgis is drowned. The bishop, realizing the depth of their love, consents to marry them.",https://www.imdb.com/title/tt0018375/?ref_=sr_i_119
120. Babe Comes Home,1927,1h,Passed,6.6,28,,"Babe Dugan, star player of the Angels baseball team, chews tobacco and gets his uniform dirtier than any of his teammates. Vernie, the laundress who cleans his uniform every week, becomes concerned over his untidiness. Later, Babe accidentally strikes Vernie with a ball during a game and calls her to apologize. Meanwhile, his pal, Peewee, falls in love with Vernie's friend, Georgia. On an outing to an amusement park, a roller coaster throws Vernie into Babe's arms. Soon they are engaged and Vernie plans to reform him. Tensions rise when the team presents the couple with a set of hand-decorated spittoons, and a lovers' quarrel ensues. However, Babe takes the reform idea seriously, despite its negative effect on his game. At a crucial moment in the ninth inning, Vernie relents and throws him a plug of tobacco, prompting the revitalized Babe to hit a home run.",https://www.imdb.com/title/tt0017652/?ref_=sr_i_120
121. Breakfast at Sunrise,1927,1h 2m,Passed,7.0,30,,"While plotting together to win back their lovers, rich Madeleine and penniless Pierre fall for each other.",https://www.imdb.com/title/tt0017698/?ref_=sr_i_121
122. Tell It to Sweeney,1927,1h,,4.4,21,,"Luke Beamish is the engineer of the Isobel, an old iron steed, and Cannonball Casey handles the throttle of the Mogul, a modern locomotive. Cannonball falls in love with Doris, Luke's daughter, who is greatly admired by Jack Sweeney, the railroad president's son. Doris rejects Casey's affections, considering him a bully, and consequently Casey challenges Jack to a wrestling match at the picnic. Superintendent Dugan, hearing of the match, plots to save young Sweeney from destruction; Luke learns the secret of defeating Casey, while Luden is lured away by Dugan; but the boy returns in time to knock out his rival. When Doris elopes with Jack, his father gives chase in a locomotive. Casey, relenting in favor of Jack, restrains Sweeney until the marriage has been legalized.",https://www.imdb.com/title/tt0018470/?ref_=sr_i_122
123. Two Days,1927,1h,,7.0,97,,"During the 1917-1921 Civil War in Ukraine, a landlord and his family flee the Bolshevik troops, who are already on the outskirts of the city. The faithful doorman stays behind to guard the family's valuables, buried in the garden. During the chaotic escape to the station the landlord's son gets separated and returns to the estate, where Anton hides him in his tiny room in the attic. In the evening, the mansion is occupied by Bolsheviks led by Anton's son, Andrii. Anton doesn't share his son's political ideas and restrains himself for showing his love for him. Accidentally the young master witnesses Andrii finding the treasures hidden in the garden. When the White Army returns to the city the following day, the landlord's son gives Andrii away to counterintelligence, and Andrii is executed as a Bolshevik agent. In despair, Anton sets fire to the estate, along with the partying White Army generals.",https://www.imdb.com/title/tt0017839/?ref_=sr_i_123
124. Sein größter Bluff,1927,,,6.1,36,,,https://www.imdb.com/title/tt0018372/?ref_=sr_i_124
125. Naughty But Nice,1927,1h 10m,,4.9,29,,"Gawky country girl Berenice Summers (Colleen Moore) is catapulted head-first into High Society when her Uncle Seth (Burr McIntosh) strikes oil. Shipped off to a fancy boarding school, Berenice suffers at the hands of her snooty classmates, but the last straw comes when she's publicly humiliated by local wise-guy Paul Carroll (Donald Reed).",https://www.imdb.com/title/tt0018194/?ref_=sr_i_125
126. Voyage au Congo,1927,1h 34m,,6.9,64,,"A love partner of the writer André Gide, as well as his travel companion in their journey to the French colonies of Central Africa, Marc Allégret decided to film their 11-month wandering in the exotic continent, though stripping away the element of adventure. Contrary to the newly established type of documentaries, such as Nanook of the North, that made use of suspense to permeate the action with epic qualities, Allégret, despite having no prior training in cinema, proved to be a pioneer by creating a strictly ethnographically-driven type of documentary. His camera's approach is tactful as he captures the glance of a privileged white man in a world of natural and spiritual purity, paving the way to a new cinema genre.",https://www.imdb.com/title/tt0018543/?ref_=sr_i_126
127. Little Mickey Grogan,1927,1h,,6.5,19,,"Two orphans, a near-blind architect, and a kindly young secretary form a makeshift family as they overcome financial hardships, while also thwarting the designs of both a loutish suitor and a persistent truant officer.",https://www.imdb.com/title/tt0127663/?ref_=sr_i_127
128. Garras de oro,1927,50m,,6.1,120,,"An editor of the newspaper ""City of Skyscrapers, Capital of Yanquilandia"" searches for evidence to defend himself from the accusations of the U.S. Government.",https://www.imdb.com/title/tt0257703/?ref_=sr_i_128
129. Altars of Desire,1927,1h 10m,,,,,"A wealthy American businessman sends his spoiled young daughter to Paris to get ""refinement"", but she gets involved with a gold-digging ""nobleman"" who's after her money.",https://www.imdb.com/title/tt0017622/?ref_=sr_i_129
130. Wild Geese,1927,1h 10m,Passed,,,,,https://www.imdb.com/title/tt0018576/?ref_=sr_i_130
131. Special Delivery,1927,1h,,6.3,82,,"An inept Secret Service agent goes undercover as a mailman to catch a notorious criminal and impress his father, his boss.",https://www.imdb.com/title/tt0018433/?ref_=sr_i_131
132. The Silent Avenger,1927,1h,Passed,5.1,23,,"Stanley Gilmore, the son of a railroad president, atones for a series of wild escapades by traveling to Tennessee to secure a right-of-way through the property of farmer Dave Wade. Accompanied by his dog, Thunder, Stanley meets with Dave and initiates a friendship with the farmer's daughter, Patsy. Stanley's arrival is noted by Joe Sneed, a henchman of Bill Garton, engineer for a rival railroad. When the dog thwarts Bill's attempt to steal important documents from Stanley, the engineer informs the corrupt sheriff. Later, Thunder battles a bear in defense of Little Bud Wade, then saves the boy from drowning at the hands of Joe and the sheriff. While sending his father a telegram, Stanley is kidnapped, but Thunder rescues his master, flags down a train, and drives the villains to their death. Stanley finds happiness with Patsy, and his father acquires the right-of-way.",https://www.imdb.com/title/tt0018398/?ref_=sr_i_132
133. Venus of Venice,1927,1h 10m,,7.4,10,,"At a fashionable wedding in Venice, Carlotta and Marco, presumably a blind beggar, rob the bridegroom and the bride's father during the confusion that ensues when Carlotta feigns a swoon. Trying to evade the police, Carlotta lands in the gondola of Kenneth Wilson, an American artist. Feeling that Carlotta is reformable, Kenneth advertises for the canal Gypsy, and she calls, but under the domination of Marco. They plot to rob Kenneth of his valuables but are thwarted when discovered by him. Carlotta and Kenneth encounter Jean, the artist's fiancée, who arrives on a surprise visit; a journalist who fancies himself a great lover makes advances to Carlotta, which she avoids by jumping into the canal; and she outwits her pursuers by disguising herself in ""borrowed"" finery. During the Venetian Carnival, Carlotta and Marco are identified and searched when Jean's pearls are stolen. Later, Carlotta identifies Marco as the thief; and Kenneth, who has been rejected by his fiancée, wins Carlotta's love.",https://www.imdb.com/title/tt0018535/?ref_=sr_i_133
134. A Sailor's Sweetheart,1927,1h,Passed,4.9,25,,Cynthia Botts is the headmistress of a girls' school who is left a fortune on the condition that no scandal could ever be associated with her name. But scandal in the form of Sandy McTavish and Charlotte Ralston is just around the corner.,https://www.imdb.com/title/tt0018355/?ref_=sr_i_134
135. Liebelei,1927,,,5.4,7,,"Silent version of the Schnitzler play later remade famously by Ophuls: during the Austro-Hungarian empire, honor is valued so highly that because of an affair of the heart, a young officer must fight in a duel.",https://www.imdb.com/title/tt0296053/?ref_=sr_i_135
136. Pajamas,1927,1h,,,,,A spoiled heiress (Olive Borden) sets her sights on a handsome pilot but he wants nothing to do with her.,https://www.imdb.com/title/tt0018250/?ref_=sr_i_136
137. Driven from Home,1927,1h 10m,,5.6,12,,"A father throws his daughter out of the house when she marries a man he doesn't approve of. In addition, she also finds herself being lusted after by the sinister owner of an opium den.",https://www.imdb.com/title/tt0017831/?ref_=sr_i_137
138. Ladies Must Dress,1927,1h,,,,,"""Eve and Joe are engaged, but Joe cannot help contrasting the drabness of her attire with the dressy clothes of their friends. She overhears him talking of this and breaks with him. Then, with the help of her friend, Mazie, she metamorphoses into a ravishing beauty. Joe is remorseful, but the situation is made more complex when he suspects Eve of questionable relations with her boss. In the end, he discovers she is innocent and that she still loves him."" ( Moving Picture World, 1927).",https://www.imdb.com/title/tt0018072/?ref_=sr_i_138
139. The House Behind the Cedars,1927,,,,,,"Rena ( Shingzie Howard ), a beautiful mulatto woman, who passes as white, receives a proposal from an aristocratic white millionaire who has fallen in love with her. Rena accepts without revealing the secret of her racial background. Unhappy, Rena returns to her former lover, Frank Fowler, a black man, who has risen to power despite his color. She tells him that although she has fooled the public, she has not fooled herself.",https://www.imdb.com/title/tt0330413/?ref_=sr_i_139
140. Rinaldo Rinaldini,1927,,,,,,"Romantic period story of a bandit captain, a kind of Italian Robin Hood.",https://www.imdb.com/title/tt0451887/?ref_=sr_i_140
141. Sturmflut,1927,,,,,,,https://www.imdb.com/title/tt0451929/?ref_=sr_i_141
142. The Arizona Wildcat,1927,50m,Passed,,,,"Tom Phelan meets his boyhood sweetheart and finds her the prospective victim of two Eastern swindlers. When her brother's polo team is on the verge of defeat through the machinations of one of the society crooks, an attempt is made to deny Tom access to the polo field in Santa Barbara; but with the aid of his faithful Tony he thwarts the plan and arrives in time to win the game and save Regina from the villains.",https://www.imdb.com/title/tt0017641/?ref_=sr_i_142
143. The Dove,1927,1h 30m,Passed,6.3,116,,"A despot falls for a dancing girl. After she rejects him, he has her other beau framed for murder.",https://www.imdb.com/title/tt0017822/?ref_=sr_i_143
144. Liebe geht seltsame Wege,1927,,,,,,,https://www.imdb.com/title/tt0454872/?ref_=sr_i_144
145. The Night of Love,1927,1h 20m,Passed,6.8,88,,"A duke kidnaps the gypsy Montero's young bride, intending to exercise a nobleman's then-presumed right to make love to her. But she dies, and Montero vows revenge.",https://www.imdb.com/title/tt0018203/?ref_=sr_i_145
"146. East Side, West Side",1927,1h 32m,Passed,7.1,184,,"After his mother and stepfather have been killed in a barge accident, John Breen is rescued from some East Side toughs by the Lipvitches. He remains in the city, determined to find his real father, who rejected his mother; and after some success as a prizefighter, he is virtually adopted by Van Horn, a millionaire who actually is his father. Becka Lipvitch renounces his love when Pug Malone advises her that their marriage would endanger his future. John becomes engaged to Josephine, Van Horn's ward, and rejects the boxing ring for an engineering career. While returning from Europe, Van Horn is drowned when his ship sinks; Josephine and Rantoul, finding consolation in each other's love, are rescued and are married. Meanwhile, John rescues Becka from Flash, a nightclub owner and narcotics peddler, and they are reconciled.",https://www.imdb.com/title/tt0017841/?ref_=sr_i_146
147. Resurrection,1927,1h 40m,,4.6,26,,"Prince Dimitri comes from St. Petersburg to spend the summer in a rural district and falls in love with Katusha, an orphaned peasant girl who works for his relatives. Later, en route to the Turkish-Russian front, Dimitri's regiment bivouacs near the village, and Katusha secretly yields to his passion. Her condition soon arouses the suspicions of her aunt, and she is sent from the home in disgrace. Bereft by the death of her infant, Katusha is eventually reduced to surviving as a prostitute, and finds herself imprisoned on a charge of poisoning and robbing a merchant. Dimitri, summoned to the jury at her trial, feels his responsibility and agrees to marry her. Although innocent of the crime, Katusha is banished to Siberia. Their old love is rekindled, but she refuses to become his wife and bears her exile alone.",https://www.imdb.com/title/tt0018318/?ref_=sr_i_147
148. The American Beauty,1927,1h 10m,Passed,6.8,64,,"Billie Dove stars as Millicent Howard, a great beauty who chooses to give up her chance wealth to marry a poor man she really loves.",https://www.imdb.com/title/tt0017626/?ref_=sr_i_148
149. Señorita,1927,1h 10m,,6.4,40,,"At the age of 20, Francesca Hernández is as skillful at riding, shooting, and fencing as any man. At the ancestral Hernández ranch in South America, her grandfather, Don Francisco, is suffering from the depredations of his old enemies, the Oliveros family, and believing his grandchild to be a boy, he calls for ""his"" aid. Francesca responds, and, when apprised of the situation, dons the costume of a caballero, and through a series of sensational episodes recoups the family fortune. Meanwhile, Roger Oliveros returns from Europe, unaware of his cousin Ramón's scheming and banditry, and falls in love with Francesca (out of disguise). She routs Ramón in a duel and is later forced to fight the man she loves. Ramón leads an attack on the ranch; Roger does not recognize Francesca until he has wounded her, and as a result, the feud is ended.",https://www.imdb.com/title/tt0018381/?ref_=sr_i_149
150. The Loves of Carmen,1927,1h 30m,,6.0,85,,"Prosper Merimee's story of a Spanish gypsy girl working in a cigar factory, and the rivalry for her affections among several men,including a soldier who helps her escape from jail and a famed bullfighter who at first finds her obnoxious.",https://www.imdb.com/title/tt0018118/?ref_=sr_i_150
151. The Heart of Maryland,1927,1h,Passed,5.1,29,,"At the outbreak of the War Between the States, Maryland Calvert is loved by Maj. Alan Kendrick, son of a Virginia general, and Capt. Fulton Thorpe. Nancy, whom Thorpe has loved unwisely, follows him to Washington and commits suicide when she learns he will not marry her; as a result, Alan is forced to request his resignation. When Fort Sumter is fired upon, Alan, who admires Lincoln's principles, joins the Union Army though his father is among the Secessionist leaders; as a result, he is estranged from Maryland. Thorpe, who has joined the Confederacy as a spy, is responsible for Alan's arrest, but Maryland victoriously comes to his aid by ringing the alarm bell.",https://www.imdb.com/title/tt0017973/?ref_=sr_i_151
152. Matinee Ladies,1927,1h 10m,,,,,"Short on money, law student Bob Ward takes a job as a ""dancing companion"" at a roadhouse, where most of his clients are women looking for a little excitement outside their marriages. He falls in love with Sallie Smith, a cigarette girl at the roadhouse, but wealthy young wastrel Tom Mannion also has his eye on her. Tom persuades Sallie to attend a party on his yacht, and since she has had a fight with Bob over his job, she accepts. Complications ensue.",https://www.imdb.com/title/tt0018148/?ref_=sr_i_152
153. Almost Human,1927,1h,Passed,8.4,374,,"John Livingston is a rich mama's-boy, who owns a blooded dog named Paul. Paul meets Maggie Mutt, and Paul, being a pedigree canine and somewhat of a cad, lures trusting Maggie to the barn to have his way. He then departs for his palatial doghouse at the Livingston estate. Meanwhile Maggie is brokenhearted and also finds that she is in a ""family way"", and gives birth to a pup she names Hank. Maggie tells Hank to find his ""human"", and departs the scene. Hank goes to the park, meets a ""human"" named Mary Kelly, who is a homeless waif and sweetheart of poverty, and the two adopt each other. Later on in the park Paul comes strolling along with his ""human"", John. A child falls into the lake and Paul and Hank team up to save her. This leads their ""humans"" to strike up a conversation, and the male human falls in love with the female human, and takes her home to meet his aristocratic mother and expresses his desire to marry Mary. John's mother is having none of this and objects strongly, especially since neither Hank nor his human, Mary, have a pedigree. But of course John's mother does not know that Hank is Paul's illegitimate pup. Also John's mother has other plans for him which include his marriage to Cecile Adams, who has a high-society pedigree but does not have a dog.",https://www.imdb.com/title/tt0017619/?ref_=sr_i_153
154. Running Wild,1927,1h 8m,,6.9,304,,"Cowardly Elmer Finch is browbeaten by his wife, daughter, fat son and the family dog. After hypnosis he is domineering. He enters a contract with a fifteen-thousand dollar payoff, so his courage can last beyond the hypnosis.",https://www.imdb.com/title/tt0018351/?ref_=sr_i_154
155. Huntingtower,1927,1h 12m,,6.0,16,,A retired grocer and Gorbels boys save a Russian prince from Bolsheviks.,https://www.imdb.com/title/tt0018017/?ref_=sr_i_155
156. A Kiss in a Taxi,1927,1h 10m,,,,,"Ginette, a waitress at the Café Pierre, loves Lucien, a poor artist, and objects to the attentions of others with whatever glassware is at hand, though Lucien's father forbids their marriage. While Leon Lambert and a ""gay lady"" are riding the boulevards, they stop at a florist's shop. At the same time, Ginette, pursued by her irate employer, runs down the boulevard and into the waiting taxi. Leon returns, offers a bouquet to the stranger, and forces a kiss; the chauffeur, losing control of the car, crashes through the cafe window. Leon buys the restaurant for Ginette, expecting her gratitude, but uses the card of Maraval, treasurer of the Artists' Society. To escape an awkward situation, Leon poses as Ginette's father, then forces Maraval to assert himself as the girl's lover; with complications resolved, the lovers are united.",https://www.imdb.com/title/tt0018058/?ref_=sr_i_156
157. La revue des revues,1927,1h 43m,,5.6,177,,"Gabrielle (Helene Hallier), an ambitious but innocent would-be young chorine, trumps a music hall publicity stunt to become the new Parisian nightclub Cinderella. But this lighter-than-champagne-bubbles story is only a pretext for LA REVUE DES REVUES's white-hot, non-stop procession of outrageously and scantily attired exotic dancers, showgirls, and acrobats including the TillerÂ¹s Follies Girls, Ruth Zackey and the Hoffmann Girls, and danseuse russe Lila Nikolska. But it's Josephine Baker, ""the high priestess of primitivism"" (J. Hoberman Village Voice), who triumphs in two show stopping numbers in which ""her clownish backfield-in-motion Charleston shimmy is unlike anything else in the movie and perhaps unlike anything anyone ever did.""",https://www.imdb.com/title/tt0462506/?ref_=sr_i_157
158. The College Hero,1927,54m,Passed,4.8,41,,"Bob and Jim start out at college as rivals, but soon become great friends. When Bob takes pretty Vivian Saunders to the prom, Jim is disappointed--he wanted to take her--but decides to make the best of it. However, when Bob becomes the school's football here, Jim's jealousy of his friend starts to really come out.",https://www.imdb.com/title/tt0017766/?ref_=sr_i_158
159. Tarzan and the Golden Lion,1927,57m,,5.0,254,,"Flora Hawks is in love with the overseer of Tarzan's African estate. After a search for a legendary city of diamonds, Tarzon races with his pet lion Jad-bal-ja to save Haws from being sacrificed to a lion-god.",https://www.imdb.com/title/tt0018464/?ref_=sr_i_159
160. The Night Bride,1927,1h,Passed,,,,"Cynthia Stockton's roadster collides with that of Stanley Warrington, an author and woman-hater, on a one-way road, but he refuses to yield to her impetuous demands; appropriating a milkman's truck, she finally makes her way home. Cynthia, engaged to Addison Walsh, finds him in the arms of her sister, Renée, just before the wedding, and, disillusioned, she wanders to Warrington's home and sleeps in a vacant room. Horrified, Warrington begs her to return home, but she refuses. When they are interrupted by Cynthia's father, she insists that she and Warrington have just been married. Complications ensue as Stockton proposes to send the couple on a wedding tour; when their steamship leaves the harbor, the couple reach an understanding and are married by the captain.",https://www.imdb.com/title/tt0018201/?ref_=sr_i_160
161. The Meddlin' Stranger,1927,50m,Passed,,,,"Wally Fraser comes to Juniper City to take revenge on the murderer of his father, whom he believes to be Dawson, a local banker. After rescuing the daughter of rancher Crawford from a runaway team, Wally warns Crawford that Al Meggs is cheating in a poker game; in a fight Meggs kills a man and seeks shelter with Dawson. Crawford hires Wally to help drive to the railroad a shipment of cattle, the funds from which are to pay off notes to Dawson. Wally forces Dawson to accept the money and give them a receipt, but they are robbed by Meggs; Wally finds Meggs dying, and before Dawson can shoot him, Meggs finishes off the villain. Wally wins the rancher's daughter, Mildred.",https://www.imdb.com/title/tt0018151/?ref_=sr_i_161
162. Ankles Preferred,1927,1h,Passed,3.7,10,,"Department store clerk Nora, is determined to succeed on the basis of her brain power despite her attractive ankles. She soon gets a job as model at the shop of McGuire and Goldberg, and they announce that Nora may be given a trip abroad if she persuades their financier to lend the partners additional funds. The financier, Hornsbee, becomes overconfident, leading to an encounter between him and Barney, Nora's young suitor, and she is ultimately glad to accept Barney's modest attentions.",https://www.imdb.com/title/tt0017631/?ref_=sr_i_162
163. Celle qui domine,1927,,,,,,,https://www.imdb.com/title/tt0017741/?ref_=sr_i_163
164. Batalion,1927,1h 18m,,6.4,67,,"Dr. Frantisek Uher, is a well-respected member of Prague society, who discovers that his wife is cheating on him. He abandons his career and becomes a fixture of the Batalion, a well-known dive for the city's drunks and Lumpenproletariat.",https://www.imdb.com/title/tt0250247/?ref_=sr_i_164
165. Jesse James,1927,1h 20m,,5.6,39,,"Jesse James, a member of Quantrill's Partisan Rangers during the Civil War, meets Zerelda Mimms, a northern girl marooned on her uncle's southern plantation, and is saved from capture as a spy. After the war, Jesse is warned by his friend Parson Bill that his mother has been maimed by fanatic Union sympathizers and is threatened by Frederick Mimms with expulsion from the town. Jesse is about to wreak vengeance on Mimms when his daughter's screams bring help; he flees in a spectacular manner and becomes notorious as an outlaw bandit. Citzens attempt to trap him into surrender with the aid of Bob Ford, who betrays him for love of Zerelda, but Jesse escapes with Zerelda on his horse, Silver King, and forces Parson Bill to marry them in a stagecoach.",https://www.imdb.com/title/tt0018038/?ref_=sr_i_165
166. Schwere Jungs - leichte Mädchen,1927,,,,,,,https://www.imdb.com/title/tt0451906/?ref_=sr_i_166
167. The Love Thrill,1927,1h,,,,,"Joyce Brandon is in love with Jack Sturdevant, but he doesn't even know she's alive.",https://www.imdb.com/title/tt0018110/?ref_=sr_i_167
168. A Daughter in Revolt,1927,,,,,,A Lord's daughter is suspected of a burglary when she changes places with her friend.,https://www.imdb.com/title/tt0015737/?ref_=sr_i_168
169. Maraton polski,1927,,,,,,,https://www.imdb.com/title/tt0884129/?ref_=sr_i_169
170. The Monkey Talks,1927,1h,,6.1,83,,A bankrupt circus act plans to revive its fortunes by disguising a diminutive acrobat as a talking chimpanzee. Things go awry when the acrobat falls in love with a beautiful tightrope-walker.,https://www.imdb.com/title/tt0018170/?ref_=sr_i_170
171. The Rough Riders,1927,2h 17m,,3.3,53,,The story of the military unit organized by future U.S. President Teddy Roosevelt and its adventures in Cuba during the Spanish-American War of 1898.,https://www.imdb.com/title/tt0018346/?ref_=sr_i_171
172. The Great Leap,1927,1h 52m,,6.1,176,,A young Italian girl living in the Dolomites falls in love with a member of a tourist party skiing on the nearby mountains.,https://www.imdb.com/title/tt0017954/?ref_=sr_i_172
173. Rubber Tires,1927,1h 10m,Not Rated,6.6,108,,"The Stack family of New York City has fallen on difficult financial times. Pa Stack squandered the family's money by buying a home in Newhall, California, hoping that there would be oil on the land.",https://www.imdb.com/title/tt0018350/?ref_=sr_i_173
174. The Taxi Dancer,1927,1h 4m,,3.6,204,,"Card shark Lee Rogers overhears Joselyn Poe crying in her furnished room. She is trying to get a dancing job in New York without any luck. He gets her a job as a taxi dancer through which she meets chorus girl Kitty who introduces her to all sorts of cads. Meanwhile Lee, who realizes he loves her, decides to go straight",https://www.imdb.com/title/tt0018465/?ref_=sr_i_174
175. Ang manananggal,1927,,,5.0,20,,,https://www.imdb.com/title/tt1758567/?ref_=sr_i_175
176. Liebe,1927,,,5.8,18,,"Glum adaptation of the Balzac ""La duchesse de Langeais"" where the titled lady determines to humiliate the officer who she feels has snubbed her, by seducing him in front of witnesses, complicated by passion.",https://www.imdb.com/title/tt0138573/?ref_=sr_i_176
177. Mata Hari: the Red Dancer,1927,1h 20m,,,,,The Dutch exotic dancer Mata Hari is accused of spying for Germany during the First World War.,https://www.imdb.com/title/tt0174013/?ref_=sr_i_177
178. La folie du jour,1927,,,,,,,https://www.imdb.com/title/tt0467912/?ref_=sr_i_178
179. Twelve Miles Out,1927,1h 25m,,5.8,694,,"Jerry always wins in his rivalry with Red over women, gunrunning, and diamond smuggling. While running booze into the U.S. during Prohibition, Jerry seizes Jane's seaside home. When she tries to turn him in, he kidnaps her and her fiance John. Jane, now in love with Jerry, must watch as Jerry and Red shoot it out on board Jerry's boat.",https://www.imdb.com/title/tt0018513/?ref_=sr_i_179
180. Man from the Restaurant,1927,1h 2m,,7.1,162,,"An elderly man works as a waiter at a luxurious restaurant. He's content and full of hope, and treasures his family more than anything. But it's time of the First World War and news from the front change his life.",https://www.imdb.com/title/tt0017748/?ref_=sr_i_180
181. The Devil Dancer,1927,1h 13m,Passed,4.8,76,,An English explorer disturbed by the practices of an isolated tribe attempts to rescue a native girl with whom he has become fascinated.,https://www.imdb.com/title/tt0017806/?ref_=sr_i_181
182. The Garden of Allah,1927,1h 36m,,6.4,30,,"Father Adrien had taken the vows of eternal silence, prayer and, of course, celibacy, when he entered the Trappist Monastry of Notre Dame d'Afrique in Algeria. One day, he chopped down a tree that blocked a part of the Monastery wall, but as it fell it knocked a young girl senseless. As Father Adrien bathes her face she regains consciousness and in a mischievous mood embraces him. The embrace was seen by another monk but the Monastic discipline imposed is as nothing compared to the torturing penances of mind and body which the contrite Father Adrien has imposed upon himself. In the end it is all too much for poor Father Adrien and he abandons his vows and escapes into the desert, resuming his secular name Androvsky. On the way to the oasis of Beni-Mora he encounters Domini Enfilden who has been brought up as a Catholic. Androvsky rescues Domini from a rioting crowd and she finds herself deeply attracted to him.",https://www.imdb.com/title/tt0017917/?ref_=sr_i_182
183. Upstream,1927,1h,,6.2,403,,"Among the struggling residents of a theatrical boarding-house is luckless Eric, scion of an acting dynasty. Due to an offer to star as ‚Hamlet' he takes lessons from a faded actor and scores a huge hit - but he forgets his old friends.",https://www.imdb.com/title/tt0018530/?ref_=sr_i_183
184. Chuji's Travel Diary part 1,1927,,,6.7,36,,"Trilogy about the travels of the kindly bakuto Kunisada Chuji. Film depicts Chuji's attempt to save the geisha Oshina, a rebellion against the rigid social structure of Edo Japan. Part 1. ""Koshu Swordfighting"" - First film is lost",https://www.imdb.com/title/tt0432793/?ref_=sr_i_184
185. The Road to Romance,1927,1h 10m,,6.6,28,,"The beautiful Serafina is captured by Balthasar's pirates on an island near Cuba, but the redoubtable José Armando arrives from Spain to effect her rescue.",https://www.imdb.com/title/tt0018332/?ref_=sr_i_185
186. Madame Pompadour,1927,1h 10m,,6.6,17,,The French king's mistress frees her jailed lover and makes him her bodyguard.,https://www.imdb.com/title/tt0018127/?ref_=sr_i_186
187. Xi xiang ji,1927,50m,,6.1,184,,A famous Chinese story about a young couple who consummate their marriage without the approval of their parents.,https://www.imdb.com/title/tt0018600/?ref_=sr_i_187
188. Dirnentragödie,1927,1h 25m,,6.6,125,,An aging prostitute who falls in love with a young middle-class man and spends her life savings trying to gain a modicum of respectability before he is stolen away from her by a younger prostitute,https://www.imdb.com/title/tt0017812/?ref_=sr_i_188
189. Gesetze der Liebe,1927,1h 50m,,6.0,31,,"Running 100 minutes, Gesetze der Liebe is structured as a series of lectures from Hirschfeld explaining sex and the reproductive system in the natural world.",https://www.imdb.com/title/tt0345330/?ref_=sr_i_189
190. Body and Soul,1927,1h,,6.4,14,,"A disgraced alcoholic surgeon settles in a small village in the Swiss Alps. He falls for Hilda, a servant at the hotel where he lives. He tricks her into marrying him by making her think her lover, Ruffo, has abandoned her. Things don't go quite as planned, however, when Ruffo returns.",https://www.imdb.com/title/tt0017689/?ref_=sr_i_190
191. The Girl in the Pullman,1927,1h,,7.2,79,,"Dr. Burton's divorce is about to be official when his flapper ex-wife Irene visits him and turns everything upside-down. To avoid explanations to his bride-to-be and her mother, they all take the train, including Irene and her lawyer, who will try to prevent him from committing bigamy, as the divorce won't be effective until midnight.",https://www.imdb.com/title/tt0017936/?ref_=sr_i_191
192. The Bugle Call,1927,1h,,5.3,22,,,https://www.imdb.com/title/tt0017714/?ref_=sr_i_192
193. The Desired Woman,1927,1h 10m,Passed,3.8,37,,"Diana Maxwell, a British army officer's-wife cause havoc, desire and jealousy among the men stationed in an isolated outpost in the Sahara desert and other locations.",https://www.imdb.com/title/tt0017805/?ref_=sr_i_193
194. Dr. Bessels Verwandlung,1927,1h 10m,,5.4,7,,"Alexander Bessel is a young man in a failing marriage. His wife cheats on him, and so the outbreak of WW1 comes in handy for a change. When young French soldier dies right in front of him Bessel seize the opportunity assuming his identity.",https://www.imdb.com/title/tt0017827/?ref_=sr_i_194
195. Galloping Fury,1927,1h,Passed,2.8,26,,"Billy Haven, a young rancher, accidentally discovers that clay found on his ranch will, when mixed with water, become the most beautifying mud-pack cosmetic that any young girl, or old woman, could desire. Then the land-grabbers, clay-speculators, cosmetic companies and a show girl or two show up to get a piece of the action.",https://www.imdb.com/title/tt0017913/?ref_=sr_i_195
196. Hard-Boiled Haggerty,1927,1h 20m,,,,,An ace pilot falls in love with French girl who is denounced by his commanding officer as a notorious cabaret dancer.,https://www.imdb.com/title/tt0017963/?ref_=sr_i_196
197. Play Safe,1927,50m,,7.6,38,,"A gang of bad guys menace a feller's gal. She hides in a freight car and a misstep sends the otherwise-empty train out of the station with the lever pushed to full speed. As the train gains speed, the captive's boyfriend must board the runaway train, repel the pursing gang, get his girl out of the box car, and somehow get the two of them to safety. Tunnels, a water tower, a steep grade, and a frayed rope complicate the hero's task.",https://www.imdb.com/title/tt0018266/?ref_=sr_i_197
198. The Return of Boston Blackie,1927,1h 17m,,5.7,69,,"Just out of jail and vowing to go straight, gentleman crook Boston Blackie (played by Raymond Glenn) undertakes the reformation of a pretty blonde (played by Corliss Palmer), who has stolen a necklace from a cabaret dancer (played by Rosemary Cooper). When he learns that the jewels belong to the girl's philandering father, Boston Blackie saves the day by performing one last job: replacing the necklace in its owner's safe.",https://www.imdb.com/title/tt0018319/?ref_=sr_i_198
199. Rookies,1927,1h 10m,,5.8,11,,"Greg, an arrogant entertainer, gets drafted into the army and runs up against tough drill sergeant Sgt. Diggs. Not wanting to stay in the army, Greg sets out to annoy and aggravate Sgt. Diggs so much that Diggs will have him thrown out. To make matters more complicated, they both have their sights set on pretty Betty Wayne. Complications ensue.",https://www.imdb.com/title/tt0018338/?ref_=sr_i_199
200. Wildcat of Bombay,1927,,,,,,"The story revolves around the characters played by the actress Sulochana. Sulochana had eight separate roles in this film: a gardener, a policeman, a Hyderabadi gentleman, a street urchin, a European blonde, an old banana-seller and an expert pickpocket who gives her money to charity.",https://www.imdb.com/title/tt0157188/?ref_=sr_i_200
201. L'agonie de Jérusalem,1927,1h 43m,,6.4,46,,"Marc Verdier, a former professor and devout catholic, lives in Jerusalem near the Mount of Olives, with his crippled wife and Septime, his eccentric brother. On his part,Jean-Louis, Marc's son is in Paris where he continues his studies. Or so he thinks, for, in actual fact, he is the leader of a dangerous anarchist network hiding under the code name of Sirias...",https://www.imdb.com/title/tt0017594/?ref_=sr_i_201
202. Poet i tsar,1927,1h 25m,,6.8,46,,"Film about the Russian poet Alexander Pushkin and his relationship to his tsar, Nikolai I.",https://www.imdb.com/title/tt0018269/?ref_=sr_i_202
203. Shorn u Shorshore,1927,55m,,5.3,55,,"Two friends, Shor and Shorshor, both idlers and drunkards, have many comical adventures and get into lot of trouble.",https://www.imdb.com/title/tt0183777/?ref_=sr_i_203
204. With Sitting Bull at the Spirit Lake Massacre,1927,1h 15m,Passed,5.4,43,,"A long-thought-lost film finally surfaces after being unseen for over eight decades. Created and copyrighted by Sunset Productions in 1925 but not released until June 15, 1927, this silent epic features the superior Native American actor Chief Yowlachie (performing here under the name Chief Yowlache) as Sitting Bull. Other fine actors in the cast include the always popular Bryant Washburn and a young Bob Steele, who appears under his real name Bob Bradbury Jr. The story takes place in the 1860s or 1870s near Spirit Lake, Iowa. Settlements of whites are growing in that region but the Sioux Indians also have professed their interest in one such settlement. Chief Sitting Bull surveys the settlement at Spirit Lake from afar and with the advice of the Great Spirit vows to retake the land that belonged to his fathers.",https://www.imdb.com/title/tt0017399/?ref_=sr_i_204
205. A One Man Game,1927,50m,,5.7,13,,,https://www.imdb.com/title/tt0018229/?ref_=sr_i_205
206. The Masked Menace,1927,,,,,,"The mill of an old woman and her ward, Faith Newton (Jean Arthur), is being terrorized by the masked menace of the title known as ""Still Face"". The women are helped by a man named Keats Dodd (Larry Kent). The masked villain's identity is revealed in the final chapter.",https://www.imdb.com/title/tt0018146/?ref_=sr_i_206
207. Figures Don't Lie,1927,1h,,,,,"Janet Wells is the secretary to boss ""Howdy"" Jones, but finds it increasingly problematic to get any work done because of her boss' insanely jealous wife, who just ""knows"" that the beautiful Janet is having an affair with her husband. Janet is attracted to the office's new sales manager, Bob Blewe, but is somewhat put off by his ""fresh"" attitude towards her, and refuses his invitation to accompany him to the office picnic. He takes Dolores, the office's pretty but somewhat dingy stenographer, instead, arousing Janet's jealousy. Having two jealous women in the same office can only lead to complications--and that's exactly what happens.",https://www.imdb.com/title/tt0017881/?ref_=sr_i_207
208. Les cinq sous de Lavarède,1927,,,,,,,https://www.imdb.com/title/tt0190306/?ref_=sr_i_208
209. Shootin' Irons,1927,1h,,,,,"Pan Smith, a young Montana rancher, rescues Jim Blake and his daughter Lucy from a stampede of wild horses and invites the squatters to be his guests. Pan falls in love with Lucy, but rivalry develops soon between him and Dick Hardman, his foreman. At a barn dance, Pan learns from Lucy that her father is being hunted for a bank theft, though she knows him to be innocent; to stall the sheriff, Pan holds up the stage and while hiding the dispatch box, containing incriminating papers, is observed by Dick. Dick informs the sheriff and organizes a posse just as word reaches the judge that Blake is innocent. Dick then proceeds to overtake the posse, his arrival terminates the battle, and Pan is united with Lucy.",https://www.imdb.com/title/tt0018391/?ref_=sr_i_209
210. The Thirteenth Hour,1927,1h,,4.9,38,,A detective goes in search for the villain responsible for several burglaries and a murder.,https://www.imdb.com/title/tt0018480/?ref_=sr_i_210
211. Al Hollywood madrileño,1927,,,,,,"Presumed lost,comedic view on movie business. The owner of a typical mesón, determined to make his daughter a movie star, changes his tavern name to Al Hollywood Madrileño and is offered 7 movies from historical to experimental and Sci-Fi.",https://www.imdb.com/title/tt0017597/?ref_=sr_i_211
212. Mother,1927,1h 10m,,,,,"Mrs. Ellis tries to maintain happiness and comfort in her family, even at the cost of her own happiness. When the family comes on hard times, she sells her personal belongings, yet her family reacts ungratefully, and her husband becomes romantically involved with a client at his architectural firm. The family seems on the verge of ruin when Mrs. Ellis gets an opportunity to put things right.",https://www.imdb.com/title/tt0018174/?ref_=sr_i_212
213. Painted Ponies,1927,1h,,,,,"A rodeo rider arrives in Toptown to compete in the local rodeo. He meets a pretty young girl who, with her crippled father, runs a merry-go-round for the town's children. The town bully, who has designs on the young girl, tries to drive off the cowboy but is beaten senseless in the resulting fight. Soon afterwards, however, the girl's father is found shot, and the cowboy is arrested for the crime.",https://www.imdb.com/title/tt0018248/?ref_=sr_i_213
214. The Main Event,1927,1h 10m,,,,,"Glory Frayne, a cabaret dancer, is in love with Red Lucas, a prizefighter whose opponent, Johnnie Regan, she meets accidentally when he comes to her cabaret performance. When Johnnie is attracted to her, Glory sees in the situation an opportunity of clinching the forthcoming fight for Lucas, and she deliberately keeps Johnnie away from training. Reprimanded by his father for his poor condition, Johnnie insists that his love for Glory means more to him than the fight. Glory, realizing her love for Johnnie, regrets her plotting and admits her feelings to Lucas, who takes up with Margie, Glory's girl friend. Glory tries to persuade Johnnie to stay out of the ring, but learning of her scheming, he goes to his defeat. Afterwards, she assures him of her love, and they are married.",https://www.imdb.com/title/tt0018130/?ref_=sr_i_214
215. Prinz Louis Ferdinand,1927,,,,,,,https://www.imdb.com/title/tt0173055/?ref_=sr_i_215
216. The Millionaire,1927,,,,,,An African American entrepreneur who has built up his fortune in South America returns to the U.S. and falls in love with a young woman who turns out to be part of a notorious family of criminals.,https://www.imdb.com/title/tt0018161/?ref_=sr_i_216
217. Tillie the Toiler,1927,1h 10m,,5.7,504,,"Tillie Jones, a beautiful but dumb stenographer, captures millionaire Pennington Fish and decides to go through with the marriage for the sake of her mother, though she loves Mac, a simple office worker.",https://www.imdb.com/title/tt0018487/?ref_=sr_i_217
218. Rough House Rosie,1927,1h 6m,,6.7,39,,"A poor but ambitious young girl is determined to crash high society, but isn't prepared for the reception she receives.",https://www.imdb.com/title/tt0018345/?ref_=sr_i_218
219. Hills of Kentucky,1927,1h 10m,Passed,5.7,48,,"In a famine-stricken section of Kentucky, the mountain people are forced to turn out their dogs. One dog, which becomes the leader of a foraging dog pack, is known as The Grey Ghost. Ben, a bully, and Steve, his shy and gentle half brother, vie for the attentions of Janet, their new schoolmistress, who likes Steve but considers him cowardly for enduring the children's' taunts. The Grey Ghost is injured in an attack and hides near a stream where little Davey is fishing. He permits the boy to bathe his wound and feed him. They secretly become friends, and The Grey Ghost saves the boy from an attack by the pack. In a jealous frenzy, Ben turns the farmers against Janet, then ties her to a canoe headed for the rapids. The Grey Ghost saves Steve from an attack by Ben and rescues Janet. All ends happily.",https://www.imdb.com/title/tt0017995/?ref_=sr_i_219
220. Pleasure Before Business,1927,55m,,5.2,18,,"When an industrious cigar manufacturer, Sam Weinberg ""Max Davidson"", falls into bad health, his daughter Ruth ""Virginia Brown Faire"", uses up her dowry to keep him in the to which he become accustomed. The money is retrieved after a horse race during which the winning horse is coaxed by his jockey in Yiddish.",https://www.imdb.com/title/tt0018267/?ref_=sr_i_220
221. Is Zat So?,1927,1h 10m,Passed,3.9,14,,"Two brothers , a boxer and his manager, are hired by a wealthy man to teach him how to fight. The wealthy man is dealing with a larcenous brother-in-law, who is seeking to control his and his sister's inheritance.",https://www.imdb.com/title/tt0018030/?ref_=sr_i_221
222. The Slaver,1927,,,,,,"On the coast of Africa, the captain of a ship is about to make a deal to sell a white captive to an African chief as a slave. A cabin boy who discovers the captain's plans determines to thwart them and save the girl.",https://www.imdb.com/title/tt0164894/?ref_=sr_i_222
223. French Dressing,1927,1h 10m,Passed,,,,"Philip and Cynthia Grey are a pair of recently-wed Bostonians, and Cynthia is properly Back-Bay no-action quiet and dowdy, and Philip resigns himself to the quietness (no action) regularity of their home. But then along comes a blonde, Peggy Nash, who adds some action to Philip's life. Cynthia is somewhat upset at this turn of events, and decides to go to Paris--the Wickedest City in the World--and get a quiet divorce. Cynthia soon finds out that Paris is a really gay city, especially after Henri de Briac shows up and offers to be her guide to the delights of Paris (primarily him). Cynthia quickly sheds some of her dowdy clothes and ways and starts having what was once quaintly described as a gay old time. Philip then shows up in Paris, deciding that he wants Cynthia back as his wife. Peggy shows up right behind him, and soon it's up to Henri to make the pairing arrangements for the foursome.",https://www.imdb.com/title/tt0017906/?ref_=sr_i_223
224. Fast and Furious,1927,1h,,5.3,65,,A man hopes to win a girl by winning a motor race.,https://www.imdb.com/title/tt0017866/?ref_=sr_i_224
225. The Red Raiders,1927,1h 10m,,5.6,44,,"Lone Wolf, who is stirring up the Indians against the wishes of his elders, gets the job of scout at the fort. When he hears of the approval of the new reservation, he sends his men to trap Scott and his troop before they can deliver the information.",https://www.imdb.com/title/tt0018312/?ref_=sr_i_225
226. A Hero for a Night,1927,1h,,6.1,28,,Cab driver falls for rich model.,https://www.imdb.com/title/tt0014985/?ref_=sr_i_226
227. Shanghai Bound,1927,1h,,6.2,14,,"Amidst revolution-torn China, Jim Bucklin, captain of the Fan Tan, a river freighter, anchors at Chow Luen, a town near Shanghai, and finds the hunger-mad populace in an uprising. In a small cafe he meets Shanghai Rose. During dinner, Louden, owner of the ship, Sheila, his daughter, Payson, his manager, and Algy, an aristocratic Englishman, arrive and demand food. They are attacked by a band of revolutionary bandits, and Jim ushers them aboard his ship and sets out for Shanghai. Scarface and his men, thirsting for vengeance, attack the ship, and Jim, lacking a crew, puts his passengers to work. Sheila realizes her love for Jim when she believes him killed; the Louden party is rescued by a warship; and Sheila is happily reunited with Jim, who is actually a lieutenant-commander in the United States Navy.",https://www.imdb.com/title/tt0018383/?ref_=sr_i_227
228. Forbidden Love,1927,,,6.2,8,,A widowed princess loves an author who commits suicide when she is forced to marry a prince.,https://www.imdb.com/title/tt0017900/?ref_=sr_i_228
229. The Outlaw Breaker,1927,56m,,4.0,14,,"Yak Darnell once known as the Outlaw Breaker no longer carries a gun. When there is a conflict between cattlemen and sheep men and a man is shot, Yak is framed. Escaping the lynch mob he once more straps on his gun.",https://www.imdb.com/title/tt0127713/?ref_=sr_i_229
230. Chok song chun,1927,2h 10m,,5.4,8,,,https://www.imdb.com/title/tt0377647/?ref_=sr_i_230
231. Heaven on Earth,1927,,,,,,"Young Edmond Durand (Conrad Nagel) has been reared under the autocratic influence of his aunt (Marcia Manon), who directs a large silk mill in southern France. He revolts against a stifling career planned for him and leaves home with Marcelle, a Gypsy girl (Renée Adorée). They roam the countryside with a Gypsy caravan in romantic bliss; they are inadvertently separated but at the outbreak of war are reunited. When peace is restored, the lovers find happiness together.",https://www.imdb.com/title/tt0017977/?ref_=sr_i_231
232. The Forbidden Woman,1927,1h 10m,,,,,"Zita, a beautiful spy for the Sultan of Morocco, is ordered to obtain military secrets from the French army. The Sultan cleverly arranges for Zita to meet Col. Pierre Gautier, which results in their marriage. This alliance enables Zita to gain valuable information, which she transmits to the Sultan through her maid. Shortly after the wedding, Pierre is called back to France, and Zita follows. During the voyage, she meets internationally famous violinist Jean La Coste, and they fall desperately in love. Upon her arrival, Zita is shocked to learn that Jean is Pierre's younger brother, and both despair over the situation. Pierre soon finds them together, and orders Jean to Morocco. When Jean spurns Zita, she frames him as a spy, but his confession of love prompts her admission of guilt. The reunited brothers witness her execution.",https://www.imdb.com/title/tt0017901/?ref_=sr_i_232
233. Lost Treasure,1927,1h 26m,,6.6,69,,A group of bandits look for a treasure map.,https://www.imdb.com/title/tt0018478/?ref_=sr_i_233
234. Nuori luotsi,1927,1h 17m,,5.3,46,,,https://www.imdb.com/title/tt0019220/?ref_=sr_i_234
235. Husband by Proxy,1927,1h 45m,,5.6,28,,"The old Luny Palace in Paris has been purchased by pompous, newly-rich widow Charlotte Ponson.",https://www.imdb.com/title/tt0018258/?ref_=sr_i_235
236. Jaws of Steel,1927,1h,Passed,5.4,28,,Rinty (Rin-Tin-Tin) has to live down a false accusation of being a vicious killer he does so by protecting a baby girl (Mary Louise Miller) from a multiplicity of hazards.,https://www.imdb.com/title/tt0018036/?ref_=sr_i_236
237. The Valley of the Giants,1927,1h 10m,,5.9,24,,"Bryce Cardigan struggles to protect his Redwood inheritance from a railroad-owner, who is also the guardian of the woman Bryce loves.",https://www.imdb.com/title/tt0018531/?ref_=sr_i_237
238. Purga,1927,45m,,6.0,8,,,https://www.imdb.com/title/tt21279266/?ref_=sr_i_238
239. Die berühmte Frau,1927,1h 42m,,3.8,15,,"Gerald, the head of a vaudeville troupe, has made a famous revue star out of the little dancer Sonja Litowskaja. Wherever she performs, the audience cheers her. The old Duke of Olivarez, who has a sincere friendship with Gerald, immediately recognizes that he and Sonja have more in common than just professional cooperation. No doubt: Gerald is in love with the famous woman. When the troupe makes another guest appearance in Barcelona, the aristocratic gentleman advises Gerald to finally reveal himself to Sonja. The vaudeville director decides to follow his old friend's advice and confess his love to Sonja, but a stupid coincidence prevents him from doing so. On this very evening Sonja meets the passionate and seductive Alfredo de Cavalcante, who awakens in her all the feelings that had been hidden in her until then.",https://www.imdb.com/title/tt0437864/?ref_=sr_i_239
240. The Tigress,1927,54m,Passed,1.8,22,,"In Spain, a band of gypsies poach the deer in a neighboring estate. The gypsy chief, Tser (Harold Truesdale), is murdered in cold blood, and the estate owner Winston Graham (Jack Holt) is blamed. The chief's daughter Mona (Dorothy Revier) is an expert knife-thrower and sets out to avenge her father.",https://www.imdb.com/title/tt0018486/?ref_=sr_i_240
241. Tsement,1927,,,,,,"Gleb Chumalov, a former factory worker, returns to a cement plant destroyed during the Civil War. The party entrusted him with a great job - to become the head of reconstruction work. Chumalov has to deal with the inertness of some demoralized unemployed, deserted workers, the bureaucracy of old and new officials of the Soviet apparatus, interruptions in obtaining the necessary money and materials for construction, and the vicious machinations of disguised enemies from among technical specialists. Gleb Chumalov, who gathers together a friendly team of party members and enthusiastic workers, manages to overcome all the obstacles - the cement plant become one of the operating enterprises of the young Soviet republic.",https://www.imdb.com/title/tt12275188/?ref_=sr_i_241
242. She's My Baby,1927,,,,,,,https://www.imdb.com/title/tt0018385/?ref_=sr_i_242
243. In a Moment of Temptation,1927,1h,,,,,,https://www.imdb.com/title/tt0018026/?ref_=sr_i_243
244. Die Czardasfürstin,1927,,,,,,"Silent version of a popular operetta about a Hungarian cabaret performer, about to go on an American tour, who negotiates the complex demands of three aristocratic admirers.",https://www.imdb.com/title/tt0306700/?ref_=sr_i_244
245. Román hloupého Honzy,1927,1h 20m,,,,,,https://www.imdb.com/title/tt1094654/?ref_=sr_i_245
246. Man Power,1927,1h,,,,,"Tom Roberts, an ex-officer of the Tank Corps, has become a drifter. He finds work, however, at the Stoddard Machinery Co., after rescuing Alice Stoddard at a train crossing, and becomes reacquainted with Ptomaine, formerly a cook in Tom's regiment. While pursuing a courtship with Alice, Tom discovers that the tractors manufactured by the company are malfunctioning as a result of the plotting of the manager, Randall Lewis, thereby threatening Stoddard with bankruptcy. Tom's knowledge of tanks enables him to perfect the tractor, and during a flood that threatens the village dam, he and Ptomaine use the tractor to save the town from disaster; Tom wins the girl.",https://www.imdb.com/title/tt0018134/?ref_=sr_i_246
247. Grand Hotel...!,1927,1h 21m,,,,,,https://www.imdb.com/title/tt0415827/?ref_=sr_i_247
248. A Boy of the Streets,1927,1h,Passed,,,,"Safe-cracker Ned Dugan agrees to perform one last robbery, earning him enough money to move his younger brother, Jimmy, out of the city. At the behest of a crooked politician, Ned attempts to steal valuable papers from the home of Mary Callahan, who, coincidentally, is caring for the injured Jimmy. Mary catches Ned in the act, but she refrains from calling the police. Ned repays Mary by abandoning his life of crime, undermining the politician, getting her father out of jail, and saving her impressionable brother from a blackmailer.",https://www.imdb.com/title/tt0017695/?ref_=sr_i_248
249. Aika,1927,,,,,,,https://www.imdb.com/title/tt10889262/?ref_=sr_i_249
250. Sinews of Steel,1927,1h,,,,,,https://www.imdb.com/title/tt0164888/?ref_=sr_i_250
251. El puño de hierro,1927,1h 23m,,6.3,64,,A young couple is menaced by an evil doctor who wants lead the boy to drug addiction and lead the girl to his arms.,https://www.imdb.com/title/tt0018295/?ref_=sr_i_251
252. The Rush Hour,1927,1h,,6.9,58,,"Margie Dolan, a ticket agent in a steamship office, dreams of endless pleasure and adventures abroad, while her sweetheart, Dan Morley, a drugstore owner, is devoted to his business and his eventual marriage to Margie. When the horrors of commuting become unendurable, Margie suggests they take a honeymoon trip to Niagara Falls, but he is shocked at her extravagance; as she boards an ocean liner on a business errand, Margie decides to stowaway, and when discovered she is put to work in the linen room. Dunrock and Yvonne, an unscrupulous pair who plan to relieve Finch, an oil millionaire, of his fortune, hire Margie as a companion to Finch. On the Riviera, Yvonne becomes jealous of Dunrock's attentions to Margie, provoking a riot that culminates in the arrival of Dan, who promises the terrified Margie a fine honeymoon.",https://www.imdb.com/title/tt0019339/?ref_=sr_i_252
253. Arizona Bound,1927,53m,Passed,6.7,46,,"Dave Saulter (Gary Cooper), a rambling young cowboy drifts into a small western town the day a big gold shipment is leaving by stagecoach. Two different people plan to rob the stagecoach...Buck O'Hara (Jack Dougherty, the driver who is very trusted, and a stranger,Texas Jack (Christian J. Frank). Dave gets involved and is accused of being one of the robbers.",https://www.imdb.com/title/tt0017637/?ref_=sr_i_253
254. Vester Vov-Vov,1927,2h 19m,,6.2,39,,"Two kind tramps Pat and Patachon help reunite young lovers Karin and Tom, despite her father is against marriage.",https://www.imdb.com/title/tt0018537/?ref_=sr_i_254
255. The Tomb of the Unknown Soldier,1927,1h 15m,,5.5,55,,"A young married couple is torn apart by WW1. When the news comes of her husband's death, Wanda marries another man, not knowing that her loved one is somewhere deep in the east.",https://www.imdb.com/title/tt0969724/?ref_=sr_i_255
256. Elämän maantiellä,1927,1h 23m,,6.0,30,,,https://www.imdb.com/title/tt0138418/?ref_=sr_i_256
257. Betrayal,1927,2h 4m,,6.5,19,,"The film centers on a family divided by politics. While the son, a staunch Prussian, is horrified by his father's treacherous support for the French, he equally condemns the local patriots' mindless spirit of revenge.",https://www.imdb.com/title/tt0018049/?ref_=sr_i_257
258. Tamilla,1927,1h 5m,,5.8,26,,Tamilla is a 1927 film written by Maria Moraf and directed by Muhsin Ertugrul. The screenplay was adapted from Ferdinand Duchêne's work of the same name. It is one of the two films Muhsin Ertugrul made while working at the Ukrainian Photo-Cinema Administration (VUFKU) in Kiev. It was premiered in Turkey 92 years later with a special screening at the 56th Antalya Golden Orange Film Festival.,https://www.imdb.com/title/tt5726786/?ref_=sr_i_258
259. Women Love Diamonds,1927,1h 10m,,5.4,19,,A young woman can't marry a millionaire because she was born illegitimately.,https://www.imdb.com/title/tt0018595/?ref_=sr_i_259
260. Closed Gates,1927,1h,,4.4,12,,,https://www.imdb.com/title/tt0017760/?ref_=sr_i_260
261. The Flying U Ranch,1927,50m,Passed,1.3,23,,"Migual Garcia, a somewhat arrogant Spaniard, alienates pretty much all of the residents of the Flying U Ranch except the owner's young son, Chip Bennett. Dunk Whitaker, who owns a neighboring ranch, has secretly been rustling Flying U cattle and steals a contract guaranteeing the Flying U's rights to a particular waterhole. Not only that, he decides that he wants Bennett's pretty niece, Sally, for himself. Just when things look their darkest, it turns out that Miguel is not quite what he seems to be.",https://www.imdb.com/title/tt0017895/?ref_=sr_i_261
262. Spuds,1927,50m,,,,,"In France during World War I, an army payroll car containing $250,000 turns up missing. A GI, nicknamed ""Spuds"" because of his prowess at peeling potatoes, discovers that it was stolen by German spies, and--since his captain was responsible for the car and will be in big trouble if it's not recovered--goes behind the enemy lines to retrieve both the car and the $250,000 payroll.",https://www.imdb.com/title/tt0166363/?ref_=sr_i_262
263. Naruto hichô dairokuhen (II),1927,,,,,,,https://www.imdb.com/title/tt12184304/?ref_=sr_i_263
264. Naruto hichô dairokuhen,1927,,,,,,"It was a typical day in the bustling city of Tokyo in 1927. A silent film was screened for the first time, captivating the interest of its audience. The film was none other than ""Naruto Hichô Dairokuhen.",https://www.imdb.com/title/tt11687106/?ref_=sr_i_264
265. Kala Pahad,1927,,,,,,,https://www.imdb.com/title/tt0213756/?ref_=sr_i_265
266. Roses of Picardy,1927,2h,,,,,"In France, and ex-lieutenant returns to find his sweetheart is caring for a baron's blinded son.",https://www.imdb.com/title/tt0018344/?ref_=sr_i_266
267. Dancing Vienna,1927,Passed,,,,,"A cabaret singer in Germany is in love with a young American boy, and must convince his disapproving father that she is worthy of his son.",https://www.imdb.com/title/tt0018463/?ref_=sr_i_267
268. Perch of the Devil,1927,1h 10m,Not Rated,,,,"Ida is married to small-time Montana prospector Gregory Compton. She's bored and lonely, so a friend, wealthy widow and woman of the world Ora Blake, easily gets her to share a trip to Europe. There, Ida lives the high life amid the continent's rich and carefree, but soon grows weary of it, wishing she were home again with her true love. Back in Butte, Gregory has hit a gold strike and telegraphs Ida of his luck. Ora however, with a secret love for Gregory, sabotages Ida's response by rewriting the return cable to indicate Ida will return, but only for a share in the gold. When the travelers return to Montana, Ida has found out about what backstabbing Ora has done, and fight it out at the mine, but unaware of their presence, the now-disillusioned Gregory intends on blowing up the mine at the same time.",https://www.imdb.com/title/tt0018256/?ref_=sr_i_268
269. Liebesreigen,1927,,,,,,,https://www.imdb.com/title/tt0130823/?ref_=sr_i_269
270. Moskva,1927,1h,,7.5,73,,,https://www.imdb.com/title/tt0018172/?ref_=sr_i_270
271. Eyes of the Totem,1927,1h 21m,Passed,6.5,44,,"Miriam catches a fleeting glimpse of the man who murdered her husband. The police are stumped, and this widowed mother is taken in by a beggar's society. A chance encounter years later leads her back to the sinister eyed stranger.",https://www.imdb.com/title/tt0017858/?ref_=sr_i_271
272. Boadicea,1927,,,6.2,19,,"The British Queen rouses the Iceni, but is defeated by the Romans.",https://www.imdb.com/title/tt0018713/?ref_=sr_i_272
273. The Last Trail,1927,56m,,5.6,25,,The robberies on Jasper Carrol's stages have been so frequent that the stage line plans to hold a stagecoach race with the winner getting the new contract. Tom foils Cal Barker's attempt to kill him and gets a confession from him that Kurt Morley is behind the robberies. But first Tom must win the race for Carrol although Morley's stages have him greatly outnumbered.,https://www.imdb.com/title/tt0018081/?ref_=sr_i_273
274. The Missing Link,1927,1h 10m,Passed,4.9,21,,"Arthur Wells (Syd Chaplin), an impoverished poet, impersonates a big-game hunter in an attempt to locate the missing link. However, the poet has an aversion to animals...tame or wild.",https://www.imdb.com/title/tt0018164/?ref_=sr_i_274
275. Mädchenhandel - Eine internationale Gefahr,1927,1h 10m,,5.8,7,,A young woman in Berlin is offered a job at a night club in Budapest. There she is abducted and brought to a brothel in Athens.,https://www.imdb.com/title/tt0380567/?ref_=sr_i_275
276. Paradise for Two,1927,1h 10m,Passed,2.7,13,,"Steve Porter, a young American bachelor who fully intends to remain as such, inherits a fortune, but he must get married in order to claim it. He enlists the aid of a friend, Maurice, a theatrical agent, who hires a showgirl, Sally Lane, to pose as Steve's wife, but Steve falls in love with her.",https://www.imdb.com/title/tt0018252/?ref_=sr_i_276
277. Blind Alleys,1927,1h,,,,,"Merchant marine Captain Dan Kirby arrives in New York City with his Cuban bride, María. Leaving his hotel to buy flowers, Dan forgets his billfold but meets Julio Lachados, a former admirer of María's. As Dan crosses the street, he is knocked unconscious by an automobile, and the owner, Dr. Webster, has him taken to a private hospital. Failing to find her husband and learning that an unidentified man has been hospitalized, María becomes innocently involved with two jewel thieves, who kidnap her. Dan, regaining consciousness, leaves the hospital and is nursed by Sally Ray. Freed from her captors, María turns to Julio for help and learns of Dan's relationship with Sally, but Dan perceives Sally's duplicity and is reunited with his bride.",https://www.imdb.com/title/tt0017684/?ref_=sr_i_277
278. Slaves of Beauty,1927,1h,,,,,"When Len Jones develops a beauty clay that brings wealth to his household, his wife Anastasia tires of him and falls in love with the beauty-shop manager, Paul Terry, a dashing young male vamp. She soon neglects their business and sells the shop to a rival, who turns out to be none other than her husband. Len acquires a new youthfulness by diet and exercise and turns the business into a highly successful enterprise, while Anastasia, learning that Terry is a scoundrel, is reconciled to her husband.",https://www.imdb.com/title/tt0018412/?ref_=sr_i_278
279. The Frontiersman,1927,50m,,,,,,https://www.imdb.com/title/tt0017908/?ref_=sr_i_279
280. On Guard,1927,,,,,,,https://www.imdb.com/title/tt0018219/?ref_=sr_i_280
281. Bijo no himitsu,1927,,,,,,,https://www.imdb.com/title/tt34245451/?ref_=sr_i_281
282. The Temple of Shadows,1927,,,,,,,https://www.imdb.com/title/tt0143977/?ref_=sr_i_282
283. Casey Jones,1927,1h 10m,,,,,,https://www.imdb.com/title/tt0017737/?ref_=sr_i_283
284. The Bandit's Son,1927,50m,,,,,,https://www.imdb.com/title/tt0017659/?ref_=sr_i_284
285. Madalasa,1927,,,,,,,https://www.imdb.com/title/tt0392371/?ref_=sr_i_285
286. Painting the Town,1927,1h,,,,,,https://www.imdb.com/title/tt0018249/?ref_=sr_i_286
287. Nati Ke Nagan,1927,,,,,,,https://www.imdb.com/title/tt21027172/?ref_=sr_i_287
288. Princess Laila,1927,,,,,,,https://www.imdb.com/title/tt21038060/?ref_=sr_i_288
289. Eins + Eins = Drei,1927,1h 10m,,,,,,https://www.imdb.com/title/tt0017845/?ref_=sr_i_289
290. The Wheel of Destiny,1927,1h,,,,,,https://www.imdb.com/title/tt0018562/?ref_=sr_i_290
291. Cheating Cheaters,1927,1h,,,,,"The Palmers, an apparently wealthy family, move into the house next- door to the Lazarres. However, the Palmers are actually a gang of thieves plotting to rob the Lazarres. What the Palmers don't realize is that the Lazarres are also a criminal gang, and they are planning to rob their new wealthy neighbors, the Palmers!",https://www.imdb.com/title/tt0017746/?ref_=sr_i_291
292. Los vencedores de la muerte,1927,,,,,,,https://www.imdb.com/title/tt0018534/?ref_=sr_i_292
"293. Nanu, la cugina d'Albania",1927,,,,,,,https://www.imdb.com/title/tt0903900/?ref_=sr_i_293
294. Two-Gun of the Tumbleweed,1927,1h,,,,,,https://www.imdb.com/title/tt0175268/?ref_=sr_i_294
295. El negro que tenía el alma blanca,1927,1h 28m,,6.6,60,,"Peter Wald is a famous Black music-hall dancer making his debut in Madrid. His real name is Pedro Valdés, and before becoming famous, he worked as a servant in the house of the Marquises of Arencibia, from which he fled to escape the racist treatment he suffered at the hands of one of the family members. When Peter meets Emma at the theater where he performs, he offers her the opportunity to become his dance partner. Peter is in love with her and declares his love, but Emma rejects him, feeling a mixture of misgiving and physical revulsion because of his Black skin. Finally, Peter falls ill, and on his deathbed, Emma begs him in vain to recover so they can marry.",https://www.imdb.com/title/tt0018197/?ref_=sr_i_295
296. Der Himmel auf Erden,1927,1h 53m,,6.7,36,,"Reinhold Schünzel plays the rigid representative Traugott Bellmann, who publicly condemns the low morals of the night life. Although Belmann's stance is supported by his wife, he is strongly opposed by his father-in-law, a champagne manufacturer. But when he inherits 500 000 Marks in cash and the infamous nightclub ""Der Himmel auf Erden"" (""Heaven on Earth"") from his deceased brother, Bellmann really gets himself into trouble: In order to fulfil his brother's will - and to get hold of the money - , he has to be at the club every night at 9 pm.",https://www.imdb.com/title/tt0442676/?ref_=sr_i_296
297. Hot Heels,1927,1h,Passed,4.3,21,,"Glenn Higgins and Patsy Jones are a song-and-dance team traveling the vaudeville circuit across the United States. In Kentucky they land in a tank-town full of sharpies and wise-guys, wearing spats and carrying canes, who have reasons for wanting a horse named ""Hot Heels"" to not win the race in which he is scheduled to run. This does not bode well for the vaudevillians as Glenn, acting on a hot tip from a hot vamp, has bet the pair's bankroll on ""Hot Heels"" to win.",https://www.imdb.com/title/tt0019023/?ref_=sr_i_297
298. Foreign Devils,1927,50m,,4.0,20,,,https://www.imdb.com/title/tt0017902/?ref_=sr_i_298
299. Del rancho a la capital,1927,,,4.5,16,,,https://www.imdb.com/title/tt0016772/?ref_=sr_i_299
300. Dydsdragonen,1927,,,4.6,7,,,https://www.imdb.com/title/tt0126274/?ref_=sr_i_300
301. Jiaxing Ba Mei Tu,1927,,,,,,,https://www.imdb.com/title/tt3540204/?ref_=sr_i_301
302. Das war in Heidelberg in blauer Sommernacht,1927,,,,,,,https://www.imdb.com/title/tt0472752/?ref_=sr_i_302
"303. Florine, la fleur du Valois",1927,,,,,,,https://www.imdb.com/title/tt0325395/?ref_=sr_i_303
304. The Mansion of Mystery,1927,,,,,,,https://www.imdb.com/title/tt0018140/?ref_=sr_i_304
305. Yasmina,1927,2h 10m,,,,,"Yasmina, a rich Tunisian Princess, daughter of a French lady and a Muslim gentleman, is betrothed by her father to a rich 50-year-old man named Afsen. She reluctantly accepts the marriage but soon becomes ill from boredom and falls in love with the French doctor called from Tunis to take care of her, Hector Grandier, who also happens to be a childhood friend. Her husband finds out and Yasmina sticks a knife in her own bosom in the middle of a fight. The Princess's maid Athima accuses the old husband of attempting to kill the girl and he is sentenced to death. Hector rescues him from his fate and the two lovers are free to love each other in the eyes of the law.",https://www.imdb.com/title/tt0017581/?ref_=sr_i_305
306. Der Soldat der Marie,1927,,,,,,"The retired ballet master Mumme has settled down as a miller with his three daughters, Marie, Marianne and Mariette. Marianne and Mariette think only of finery and trinkets, and Marie can no longer cope with the crowds of creditors who come every day. Then Mumme decides to travel to his old patron, Count Hohenhausen, and ask him for help. On the way, however, he meets a rich widow and marries her. He forgets to return in time to his daughters, who, driven from home and farm, go out into the wide world. They get to know the Count, who is a skirt hunter. He invites Marianne, who introduces herself as a baroness, to his castle, but Mariette, who introduces herself as a dancer, approaches in the mask of his lackey. Finally, he gets the fresh, natural Marie a job as a maid in the farm house. She knows and loves him as a simple soldier. By chance, everyone, including the ballet master and his new wife, meet in the castle. The Count in his triple role gets into great entanglements. In the end, however, everything dissolves in pleasure. Marie gets her ""soldier"" and the family an estate abroad.",https://www.imdb.com/title/tt0017413/?ref_=sr_i_306
307. Männes Werdegang,1927,,,,,,,https://www.imdb.com/title/tt1001535/?ref_=sr_i_307
308. Die Familie ohne Moral,1927,2h,,,,,,https://www.imdb.com/title/tt0325351/?ref_=sr_i_308
309. Rider of the Law,1927,,,,,,Bashful hero lets Eastern party headed by his aunt run his ranch until girl with whom he is in love is in danger. He then asserts his rights and prevents kidnapping of girl by bandits.,https://www.imdb.com/title/tt0156952/?ref_=sr_i_309
310. Kul Dipak,1927,,,,,,,https://www.imdb.com/title/tt0264772/?ref_=sr_i_310
311. Lützows wilde verwegene Jagd,1927,,,,,,,https://www.imdb.com/title/tt0133075/?ref_=sr_i_311
312. Marriage,1927,56m,,,,,"Marjorie Pope, who is engaged to Magnet, a wealthy suitor whom she does not love, elopes with Trafford, an inventor, after his airplane crashes on the grounds of her parents' rural home. Soon, however, Marjorie, irked by his dedication and idealism, persuades Trafford to market his wonderful invention, but her extravagance leads her into an affair with Sir Roderick. Trafford turns her out of their African home, but she returns to nurse him back to health when he is injured by a lion.",https://www.imdb.com/title/tt0018144/?ref_=sr_i_312
313. Sunae shibari: Dai-sampen,1927,,,,,,,https://www.imdb.com/title/tt0867441/?ref_=sr_i_313
314. Mumbai Ni Biladi,1927,,,,,,,https://www.imdb.com/title/tt20873064/?ref_=sr_i_314
315. Yâburê amikasâ,1927,,,,,,,https://www.imdb.com/title/tt2880572/?ref_=sr_i_315
316. Trishool,1927,,,,,,,https://www.imdb.com/title/tt0213517/?ref_=sr_i_316
317. Quinneys,1927,1h 30m,,,,,An antique dealer's daughter loves the foreman who makes fakes for his ex-partner.,https://www.imdb.com/title/tt0232496/?ref_=sr_i_317
318. Whispering Sage,1927,50m,,,,,"Buck Kildare, searching for a killer, encounters a colony of Basques in the desert and saves them from the henchmen of Hugh Acklin, owner of an adjoining ranch, who wants to take over the immigrants' land. Discovering Acklin's duplicity, Buck soon becomes an ally of the Basques and falls in love with Mercedes, the daughter of their leader. In a showdown between the factions, Buck discovers that Acklin's foreman murdered his brother, Tom. Government forces save the Basques at the last minute, and Buck is happily united with the girl.",https://www.imdb.com/title/tt0018569/?ref_=sr_i_318
319. Chantage,1927,,,,,,"Lady Witcomb, disappointed with her marriage, falls in love with an elegant count. She gives him a note-book in which she has written about her feelings for him. But Roy, the manager of the Witcomb factory, steals the book...",https://www.imdb.com/title/tt0430937/?ref_=sr_i_319
320. Flaming Sky,1927,1h 52m,,,,,,https://www.imdb.com/title/tt0862712/?ref_=sr_i_320
321. Das edle Blut,1927,,,,,,,https://www.imdb.com/title/tt0457328/?ref_=sr_i_321
322. The Mojave Kid,1927,50m,,,,,,https://www.imdb.com/title/tt0018169/?ref_=sr_i_322
323. The Fake,1927,1h 30m,,,,,An MP forces his daughter to marry a titled drug addict who dies when her lover tries to cure him.,https://www.imdb.com/title/tt0017861/?ref_=sr_i_323
324. The Chess Player,1927,2h 15m,,7.1,367,,"In 1776, an inventor conceals a Polish nobleman in his chess-playing automaton, a machine whose fame leads it to the court of the Russian empress.",https://www.imdb.com/title/tt0018045/?ref_=sr_i_324
325. Die Achtzehnjährigen,1927,,,,,,,https://www.imdb.com/title/tt0132674/?ref_=sr_i_325
326. Sorrell and Son,1927,1h 40m,,5.8,89,,"Decorated war hero Stephen Sorrell has raised his son Kit alone after his wife deserted them in the boy's infancy. He loses a promising job offer and is forced to take work as a menial. Both his dignity and his health are damaged as he suffers under the exhausting labor and harsh treatment he receives as a hotel porter, but he thrives in the knowledge that his son will benefit from his labors. Sorrell has allowed the boy to believe that his mother is dead, but when she shows up wanting to re-enter the young man's life, Sorrell must make hard decisions.",https://www.imdb.com/title/tt0018429/?ref_=sr_i_326
327. Stranded,1927,,,7.2,21,,,https://www.imdb.com/title/tt0018450/?ref_=sr_i_327
328. The Heart Thief,1927,1h,,,,,"Paul Kurt, embittered and disillusioned by war, returns to Budapest and devotes his life to roistering and gambling. He falls in love with Anna Galambos but leaves her when he realizes his unworthiness. She returns to her father, a gamekeeper at the castle of Count Franz, a despotic bachelor whose brothers Lazlos and Michael covet his estate. Disheartened by her shattered romance, Anna accepts the proposal of Franz. The brothers conspire to hire Paul to compromise the girl, but Paul, discovering she is none other than the woman he loves, decides to win her for himself. Paul finally exposes the plot to Franz, and Anna, convinced of his sincerity, is reunited with him after Franz releases her.",https://www.imdb.com/title/tt0017972/?ref_=sr_i_328
329. Curses of the Witch,1927,1h 22m,,6.4,205,,A newlywed couple suffer from the effects of a curse a witch put on the place they live in centuries earlier.,https://www.imdb.com/title/tt0138661/?ref_=sr_i_329
330. Das Leben des Beethoven,1927,1h 11m,,6.0,60,,"Filmed in Austria for the hundredth anniversary of Beethoven's death, this 1927 silent film tells the story of the German genius' eventful emotional life. Presented in a restored version and with rearranged music, a biopic to be savored with ears wide open.",https://www.imdb.com/title/tt0405095/?ref_=sr_i_330
331. Barbed Wire,1927,1h 19m,Passed,7.0,278,,"During WWI, a French farm girl and a German P.O.W. fall in love.",https://www.imdb.com/title/tt0017662/?ref_=sr_i_331
332. For the Love of Mike,1927,1h 15m,,4.8,93,,Three men join forces to raise an adopted son.,https://www.imdb.com/title/tt0017898/?ref_=sr_i_332
333. Antoinette Sabrier,1927,1h 6m,,6.9,11,,"Adapted from a play by Romain Coolus, whose work Germaine Dulac had covered as a theater critic at the turn of the century, this atmospheric and socially inquisitive film tells the tale of an independent, sexually liberated woman who is torn between her husband and her lover. Controversial at the time of its release, Antoinette Sabrier finds Dulac using her bold sense of visual rhythm to achieve a complex portrait of a woman trapped in an unhappy marriage and a nuanced investigation into human intimacy, with her characters' emotions expressed through then-innovative cinematic techniques such as slow motion and associative montage.",https://www.imdb.com/title/tt0017633/?ref_=sr_i_333
334. Fashions for Women,1927,1h 10m,Passed,3.7,43,,"Céleste de Givray, whose social success is the result of the audacity of her press agent, Sam Dupont, is persuaded to retreat from public life and to have her face lifted. Lola Dauvry, a cigarette girl at the Café Pierre, who loves Raoul de Bercy, a former aviator, is hired by Sam to pose as the new Céleste in a fashion show while Raoul is hired as Céleste's private aviator. While Raoul is waiting for Lola at Céleste's apartment, the Duke of Arles, one of Céleste's sweethearts, arrives; in despair, Lola begs Sam to inform Raoul of her identity, but he refuses. At the fashion show, Céleste appears and declares Lola an impostor, but the latter is declared ""the best dressed woman"" by the judges. Raoul, realizing that Lola has been faithful, returns to her at the cafe and they are happily reunited.",https://www.imdb.com/title/tt0017865/?ref_=sr_i_334
335. Paid to Love,1927,1h 16m,Passed,6.2,209,,"An American banker goes to a small Balkan country looking to invest his bank's money and shore up the country's weak economy in order to maximize the return on their investment. Towards that end he befriends the country's king and they come up with a scheme to get the Crown Prince married, a prospect not particularly appealing to the Crown Prince--until he sees the beautiful cabaret dancer the pair has picked for him to marry.",https://www.imdb.com/title/tt0018247/?ref_=sr_i_335
336. Potseluy Meri Pikford,1927,56m,,6.5,161,,"Goga is a Russian man who has no luck with women. He has a chance meeting with Mary Pickford. She kisses him in full view of several and he instantly becomes attractive to them. They chase him through streets, a la Buster Keaton in _Seven Chances_ (1925).",https://www.imdb.com/title/tt0018268/?ref_=sr_i_336
337. O Táxi 9297,1927,1h 20m,,6.2,60,,"The story of this film is based on actual facts, the murder of actress Maria Alves, and the investigation that ensued, covered by Reinaldo Ferreira himself. Ferreira also wrote a novel based on the same facts.",https://www.imdb.com/title/tt0018519/?ref_=sr_i_337
338. The Enemy,1927,1h 30m,Passed,7.2,147,,"Carl Behrend, son of a wealthy businessman, marries Pauli Arndt, daughter of a pacifist professor. When World War I breaks out, Carl is drafted. Pauli and her family and friends are left behind to experience the suffering which befell civilians during the war. Her luck worsens when her father is dismissed from his professorship for teaching that war is evil. Her father argues violently with Carl's father, and degradation and despair descend on Pauli and her family as they await Carl's return from the front.",https://www.imdb.com/title/tt0017850/?ref_=sr_i_338
339. The Spotlight,1927,50m,,,,,"Lizzie Stokes, an obscure and colorless actress, is elevated to stardom through publicity and better coaching from Daniel Hoffman, a theatrical producer. As Olga Rostova, an exotic Russian, she meets Norman Brooke, whose infatuation turns to love. Hoffman suggests that Norman could never care for Lizzie and proves his point. Heartbroken, Lizzie decides to see no more of him. On closing night, when he proposes to her in her dressing room and she refuses, Norman declares he must believe all the lurid details of her past; in desperation, she bares her true identity, only to find it is not her glamorous image but rather her real self that he loves.",https://www.imdb.com/title/tt0018439/?ref_=sr_i_339
340. Tiptoes,1927,1h 10m,,5.1,25,,A silent film version of the Gershwin stage musical,https://www.imdb.com/title/tt0018489/?ref_=sr_i_340
341. Nevada,1927,1h 10m,,6.1,155,,A gunslinger looking for a quiet place to settle down becomes entangled in a romantic triangle and the hunt for a gang of cattle rustlers.,https://www.imdb.com/title/tt0018199/?ref_=sr_i_341
342. The Gay Retreat,1927,1h,,3.2,24,,"Dick Wright, rejected by both the Army and the Navy because he is a sleepwalker, joins an ambulance unit during the war, and his chauffeur and valet go along to protect him. By accident they get aboard a regular troop train and arrive in France as members of the U. S. Army. After a series of comic adventures with a hard-boiled sergeant, Ted and Sam succeed in capturing a detachment of Germans and are decorated for their bravery. Along the way, the boys are involved in romantic interludes with Betty and Joan, respectively American and French.",https://www.imdb.com/title/tt0017921/?ref_=sr_i_342
343. Die 3 Niemandskinder,1927,,,,,,,https://www.imdb.com/title/tt0781310/?ref_=sr_i_343
344. Wu Song sha sao,1927,,,,,,,https://www.imdb.com/title/tt0187908/?ref_=sr_i_344
345. The Fair Co-Ed,1927,1h 11m,,5.8,766,,Marion goes to college to pursue a handsome young man and discovers that he is coach of a women's basketball team.,https://www.imdb.com/title/tt0017860/?ref_=sr_i_345
346. Sorok pervyy,1927,1h 6m,,6.9,198,,Tragic romance between a female Red Army sharpshooter and a White Army officer.,https://www.imdb.com/title/tt0017418/?ref_=sr_i_346
347. The Poor Nut,1927,1h 10m,,6.0,30,,A shy botany student is infatuated with a girl but gives her the wrong impression of what he is really like.,https://www.imdb.com/title/tt0018272/?ref_=sr_i_347
348. Le capitaine Rascasse,1927,,,,,,,https://www.imdb.com/title/tt0270267/?ref_=sr_i_348
349. Dress Parade,1927,1h 12m,,7.4,117,,An amateur boxing champion stops at West Point to see a dress parade and falls for the commandant's daughter. He wins an appointment to the Academy and begins a rivalry for her affection.,https://www.imdb.com/title/tt0017829/?ref_=sr_i_349
350. S.V.D. - Soyuz velikogo dela,1927,1h 16m,,6.6,150,,Right before the Decembrist Revolt 1825 a chevalier of fortune decides that it's time for a game. But on whom make a bet? He asks the cards. But he's not the only one who makes the choice.,https://www.imdb.com/title/tt0020353/?ref_=sr_i_350
351. The Shield of Honor,1927,1h 4m,,6.2,134,,"Diamond thieves have infiltrated the staff of O'Day Jewelry. The Los Angeles Police Dept. employs their newest weapon, an airplane, to help smash the diamond theft ring.",https://www.imdb.com/title/tt0018388/?ref_=sr_i_351
352. The Wizard,1927,1h,Passed,6.6,124,,"Mad doctor sews human head onto gorilla's body, Usual catastrophes ensue.",https://www.imdb.com/title/tt0018584/?ref_=sr_i_352
353. That's My Daddy,1927,1h,,7.5,29,,"A wealthy bachelor avoids a ticket by lying about visiting his sick daughter. At the hospital, an orphan girl claims him as her father, forcing him to maintain the ruse while keeping her hidden from his fiancée.",https://www.imdb.com/title/tt0019463/?ref_=sr_i_353
354. The Crystal Cup,1927,1h 10m,,,,,"A beautiful young girl has been raised by her bitter mother to hate all men, but her beauty means that men are constantly after her. She rejects them all, leading some to believe that she is a lesbian. To stop those rumors, she begins a platonic relationship with a young writer, but things don't work out exactly as planned.",https://www.imdb.com/title/tt0017785/?ref_=sr_i_354
355. The Drop Kick,1927,1h 2m,Passed,5.3,302,,College football player Jack Hamill finds his reputation on the line when tragedy strikes after he pays an innocent visit to a woman.,https://www.imdb.com/title/tt0017832/?ref_=sr_i_355
356. The Cradle Snatchers,1927,59m,Passed,6.1,114,,Three unhappy middle-aged homemakers teach their adulterous husbands a lesson by starting affairs with college-aged lads during the Jazz Age. From a 1925 hit stage play by Russell G. Medcraft and Norma Mitchell.,https://www.imdb.com/title/tt0017778/?ref_=sr_i_356
357. Getting Gertie's Garter,1927,1h 14m,,6.9,102,,"Attorney Ken Walrick, not quite realizing the difference between a garter and a bracelet, gives Gertie Darling a bejewelled garter with his photograph in miniature attached. But then he must cover his indiscretion by getting the garter back before his fiancee finds out.",https://www.imdb.com/title/tt0017929/?ref_=sr_i_357
358. Winners of the Wilderness,1927,1h 8m,Passed,4.5,226,,"Able wilderness fighter Colonel O'Hara loves Rene, daughter of the commander of the French forces during the French and Indian War. The Indians, under Pontiac, kidnap Rene. O'Hara hopes to rescue and wed her.",https://www.imdb.com/title/tt0018579/?ref_=sr_i_358
359. Der Geisterzug,1927,1h 11m,,6.7,82,,A detective poses as a simpleton to uncover gun-runners using an abandoned railway line.,https://www.imdb.com/title/tt0017930/?ref_=sr_i_359
360. Good Time Charley,1927,1h 10m,Passed,5.3,48,,"Charley Keane is a well-known vaudeville performer who seems to have everything going for him--fame, money, and a beautiful daughter on whom he dotes. Unfortunately, things start to slide downhill for Charley, both career-wise and in his personal life. His manager is crooked, he is spending too much money and doesn't have enough coming in, and his daughter becomes an actress--and her fame starts to eclipse his.",https://www.imdb.com/title/tt0017946/?ref_=sr_i_360
361. Blonde or Brunette,1927,1h,,5.6,23,,"Fanny is the new wife of stolid Henri Martel. Leaving on an important business trip, Henri foolishly leaves Fanny with the more worldly Blanche, who teaches the girl to drink, smoke and do the Charleston. The returning Martel, who hates Jazz and everything that goes with it, promptly divorces this new and improved Fanny, only to marry Blanche. But Henri and Fanny are reunited in order to avoid breaking the heart of the latter's visiting grandmother, discovering in the middle of the deception that they still love each other.",https://www.imdb.com/title/tt0017685/?ref_=sr_i_361
362. The Joy Girl,1927,1h 10m,,4.7,22,,"Though she loves one man, an ambitious Palm Beach girl marries another, whom she thinks is rich. He turns out to be a fraud who thought she was an heiress. She returns to a successful hat shop she maintains catering to socialites. Her true love turns out to be in fact, a rich man who let her think he was not to test her.",https://www.imdb.com/title/tt0018046/?ref_=sr_i_362
363. Million Dollar Mystery,1927,,,4.2,15,,"A gangster falls in love with the daughter of a former colleague who has quit the rackets. However, things aren't exactly what they appear to be.",https://www.imdb.com/title/tt0018160/?ref_=sr_i_363
364. On Ze Boulevard,1927,1h,Passed,4.2,15,,"Gaston, a French waiter, wins a large sum of money in a gambling pool and embarks on a wild spending spree while his sweetheart, Musette, who has always been practical and thrifty, ridicules his irresponsible actions. Gaston is beset by two society crooks who almost succeed in swindling him of his winnings, but the clever resourcefulness of Musette brings him to his senses.",https://www.imdb.com/title/tt0018221/?ref_=sr_i_364
365. Eaglet,1927,,,,,,A doctor attempts to use a local village girl as a medium to find out where the highwayman Janosik has hidden his treasure.,https://www.imdb.com/title/tt0271690/?ref_=sr_i_365
366. Der Meister der Welt,1927,,,,,,,https://www.imdb.com/title/tt0016101/?ref_=sr_i_366
367. Was ist los im Zirkus Beely?,1927,1h 25m,,5.8,56,,"Harry is pleased to see an old friend of his return from America, but the latter is murdered before they can meet. The victim just has time to phone him from the Beely Circus he just bought.",https://www.imdb.com/title/tt0341652/?ref_=sr_i_367
368. The Understanding Heart,1927,1h 7m,Passed,2.6,197,,Monica Dale is a fire lookout in love with Forest Ranger Tony Garland. Escaped killer Bob Mason hides out in Monica's observatory and falls in love with her. A fire encircles them and is put out by rain. Bob finally gives her up to Tony and is cleared of his earlier crime.,https://www.imdb.com/title/tt0018525/?ref_=sr_i_368
369. Addio giovinezza!,1927,1h 27m,,5.7,29,,"The student arrives in the University City and takes apartments. Love immediately springs up between him and his landlady's daughter, who waits on him and mends his clothes. But a brazen damsel intervenes and he is temporarily fascinated. An interview between the rivals takes place and the woman gives way. The youth passes his examinations and returns to his faithful sweetheart.",https://www.imdb.com/title/tt0167756/?ref_=sr_i_369
370. Mtis kanoni,1927,1h 10m,,6.2,15,,Dolgat and Ismail are friends; they work in 19th century Karachai-Balkaria in wood-industry. Ismail by accident kills brother of Dolgat. He believes that it happens by chance and does not think that his best mate is guilty. But mountain community demands for a vendetta.,https://www.imdb.com/title/tt0260203/?ref_=sr_i_370
371. Girls for Sale!,1927,1h,,5.3,20,,"White slavers lure young girls to Rio de Janeiro by promising them jobs as showgirls and nightclub singers, then force them into prostitution.",https://www.imdb.com/title/tt0017905/?ref_=sr_i_371
372. A Little Journey,1927,1h 4m,Passed,5.8,13,,A girl travelling by train to meet her boyfriend meets another young man and falls in love with him.,https://www.imdb.com/title/tt0018095/?ref_=sr_i_372
373. Under the Southern Cross,1927,1h 1m,,5.7,10,,,https://www.imdb.com/title/tt0351917/?ref_=sr_i_373
374. Adam and Evil,1927,1h 10m,,3.8,26,,"A wealthy society wife discovers her husband's long-hidden secret--he has a brother, who is not only his twin but his ""evil"" twin. The long-lost brother shows up at the couple's doorstep one day and proceeds to turn their life upside down, especially when he begins to impersonate his newfound wealthy brother.",https://www.imdb.com/title/tt0017588/?ref_=sr_i_374
375. Men of Daring,1927,1h 10m,,,,,"Jack, falsely accused of a crime committed by Black Roger, a bandit leader, joins his pals--Ace and King. They throw in their lot with the Mortonites, a small religious sect whose wagon train is set upon by Black Roger's men. Among the travelers is Nancy Owen, coveted by Black Roger, but with whom Jack is smitten; the bandit incites the Indians against the train, and old Morton is slain. Jack promises to lead the train and captures David, Nancy's brother, who is sent to kidnap her by Roger. When the Indians attack again, Jack sends his horse to the nearest Army post and thereby saves the train. Black Roger is killed, and Jack is united with Nancy.",https://www.imdb.com/title/tt0018157/?ref_=sr_i_375
376. Broadway Madness,1927,1h 10m,,,,,"David Ross, a young farmer in a small New York town, becomes entranced with worldly radio personality Maida Vincent. Meanwhile, David's great uncle, Henry Ableton, threatens to disinherit David if his granddaughter, Mary Vaughn, is not contacted within six months of his demise. Maida and her friend, Josie Dare, discover the gravely ill Mary in New York City and write to Henry, unaware that he has since died. When Mary's brother, Thomas, arrives in the city to find his sister dead, he persuades Maida to assume her identity and claim the fortune. Maida falls in love with David during her stay in the small town, and upon discovering that he is the alternate heir, she reveals her true identity. David forgives her and they are married.",https://www.imdb.com/title/tt0017702/?ref_=sr_i_376
377. His Dog,1927,1h 10m,,,,,"Peter Olsen, a young social outcast who lives alone on a rundown farm and raises vegetables for a living, finds his only consolation in liquor, though Dorcas Chatham, daughter of the general store owner, begs him to forego this indulgence. Returning from town, he finds a dog by the roadside, apparently injured by a car, and takes it home. Later, on a drunken spree, Peter is attacked by robbers, but the dog comes to his rescue and frightens the assailants away. Stirred by the unselfish devotion of his dog, Peter gradually regains his self-respect, and Dorcas falls in love with him and accepts his proposal, though she fears the dog. When Peter enters the dog in a show, another exhibitor proves to be its owner, and Peter is first parted from, then reunited with, ""his"" dog. Dorcas overcomes her fear and is united with Peter.",https://www.imdb.com/title/tt0018000/?ref_=sr_i_377
378. La proie du vent,1927,1h 30m,,6.5,141,,An early aviator crash lands in a remote European country where he falls in love with a beautiful woman.,https://www.imdb.com/title/tt0017292/?ref_=sr_i_378
379. After Midnight,1927,1h 10m,,7.2,92,,"When Joe, a hold-up man, tries to rob Mary, a nightclub hostess, she winds winds up knocking him out. She takes pity on him, however, and nurses him back to health. He decides to go straight and marry her. Mary buys a $1000 Liberty Bond as an investment, while Joe saves up and buys a taxi to start his own business. Then Maisie, Mary's wild and money-crazy sister, shows up, which leads to tragedy.",https://www.imdb.com/title/tt0017593/?ref_=sr_i_379
380. Le manoir de la peur,1927,1h 10m,,6.5,90,,"Since a mysterious stranger and his servant settled in a manor near a Provençal village, a wave of crimes has beenfall the country and spread terror among the inhabitants.",https://www.imdb.com/title/tt0330110/?ref_=sr_i_380
381. Husband Hunters,1927,50m,Passed,6.3,32,,Two gold-diggers befriend a country girl who comes near being deceived by rich playboy but is saved by a girl whose life he ruined. Lettie finds happiness with poor but honest working man.,https://www.imdb.com/title/tt0018018/?ref_=sr_i_381
382. The Somme,1927,1h 20m,,5.4,25,,Reconstruction of several battles which took place on the Somme.,https://www.imdb.com/title/tt0018426/?ref_=sr_i_382
383. In Old Kentucky,1927,1h 10m,,5.0,18,,"Young Brierly struggles to save his father, Major Brierly, from the clutches of alcohol after the Great War. At the same time, he prepares Major Brierly's horse, which served bravely with the Major at the front, for the Kentucky Derby.",https://www.imdb.com/title/tt0018024/?ref_=sr_i_383
384. Tea for Three,1927,1h 10m,,,,,"Businessman Carter Langford is violently jealous of his wife's attentions to other men, particularly young bachelor Philip Collamore. When Doris hears a funny story from Collamore that her husband has already told her, she laughs at his rendition rather than that of her husband. Ultimately, Langford is willing to cut cards for the heart of Doris, the loser to exit via the suicide route. But when they all end up aboard an ocean liner, Doris brings her husband to his senses and cures him of his jealousy.",https://www.imdb.com/title/tt0018467/?ref_=sr_i_384
385. Liebe im Rausch,1927,,,,,,"Lilian Lee arrives in Japan to take over a tea plantation that has been left to her. She is befriended by a tea planter, Kent, and arouses the desire of a Chinese man with a Western education, Fu Chow. This man ruins Kent's crops and then boldly declares his feeling for Lilian, at which the Englishman orders him out. Nevertheless, Fu Chow manages to persuade Lilian to come to his house. In protecting herself she stabs him. Kent stands by her at her trial, and she becomes his wife. Kent's young manager makes love to her and, thinking Kent does not actually love her, she agrees to go with him. Kidnapped, she is about to suffer nameless degradation when Kent rescues her, proving his love is genuine.",https://www.imdb.com/title/tt0454873/?ref_=sr_i_385
386. Casaque blanche... Toque noire,1927,,,,,,,https://www.imdb.com/title/tt0487560/?ref_=sr_i_386
387. Three's a Crowd,1927,1h,,6.1,169,,"Harry, The Odd Fellow, is a tenement worker who lives alone in a shack alongside a warehouse and longs for the companionship of a wife and children like other men.",https://www.imdb.com/title/tt0018484/?ref_=sr_i_387
388. Die Weber,1927,1h 33m,,7.1,106,,During the 1840s a group of Silesian weavers stage an uprising due to their concerns about the Industrial Revolution's impact of their lives.,https://www.imdb.com/title/tt0018552/?ref_=sr_i_388
389. Perils of the Jungle,1927,3h 20m,Passed,6.4,28,,A young woman and her father search for hidden treasure in the African jungle.,https://www.imdb.com/title/tt0018259/?ref_=sr_i_389
390. Two Flaming Youths,1927,55m,,6.0,15,,Sheriff Ben Holden is in love with hotel owner Madge Malarkey when down-and-out carnival man Gabby Gilfoil shows up hoping to take her for some money. Gilfoil is mistaken for the wanted man Slippery Sawtelle. Neither suitor gets Malarkey but manage to take her husband (wealthy Simeon Trott) for a bundle.,https://www.imdb.com/title/tt0018517/?ref_=sr_i_390
391. The Te Kooti Trail,1927,1h 43m,,6.7,10,,,https://www.imdb.com/title/tt0343069/?ref_=sr_i_391
392. The Stolen Bride,1927,1h 20m,,,,,"Sari, daughter of Count Thurzo, and son of a shoemaker Franz Pless, both Hungarian, fall in love while they are in the USA. They are about to get married when Sari is called back to Europe, and when Franz goes after her he learns that he must serve three years of military service. Fate makes him serve under the orders of Baron von Heimberg, whom Count Thurzo wants his daughter to marry. That Baron, although already in a relationship with Ilona, wants that marriage and makes Franz his orderly. The Count's announcement of marriage makes Franz assault the Baron, and he is banned as a result. But Ilona has a few tricks up her sleeve.",https://www.imdb.com/title/tt0018447/?ref_=sr_i_392
393. Chuji's Travel Diary part 3,1927,1h 47m,,6.9,141,,"Trilogy about the travels of the kindly bakuto Kunisada Chuji. Film depicts Chuji's attempt to save the geisha Oshina, a rebellion against the rigid social structure of Edo Japan. Part 3. ""The Chuji Patrol""",https://www.imdb.com/title/tt0342196/?ref_=sr_i_393
394. The Strange Case of Captain Ramper,1927,50m,,6.0,56,,"A man lives alone in the wilderness for years, practically becoming an animal in his mind. When he comes across humans again, they believe him to be a yeti.",https://www.imdb.com/title/tt0187442/?ref_=sr_i_394
395. The Notorious Lady,1927,1h 15m,,6.2,46,,"A British Army officer finds his wife in another mans room, so he kills him. Although she is innocent of any wrongdoing, the wife claims to be guilty in order to save her husband from a death sentence.",https://www.imdb.com/title/tt0018210/?ref_=sr_i_395
396. A Crazy Night,1927,1h 10m,,5.8,57,,,https://www.imdb.com/title/tt0138138/?ref_=sr_i_396
397. Blazing Days,1927,50m,Passed,5.0,46,,"I saw this film at the Lone Pine Film Festival in 2019. The movie was screened from a DVD provided specially by the Library of Congress archive. The music for the silent film was played live by a pianist in the auditorium. The movie is not currently available commercially. Smilin' Sam Perry (Fred Humes) is a rancher who has taken out a loan with the local lender, Ezra Skinner (Bernard Siegel). Skinner warns him the note is coming due, but Sam is unconcerned because he has money coming in on the stage. Meanwhile, Dude Dutton (Bruce Gordon) has been cultivating the friendship of invalid Jim Morgan (Churchill Ross) in order to get close to Jim's sister Milly (Ena Gregory). Jim wants to move somewhere else, but they cannot because they don't have the money. Dude confides to Jim that he knows a way they can get the money. The next day, when Sam checks with the stage office, he learns the stage was robbed and his money is gone. Jim however, exultantly tells Milly he won enough money at gambling to move out. She is suspicious, but agrees to move with him. Sam goes out to a line shack on his ranch with his foreman and is incensed to find a shepherd herding sheep on his land and kicks the shepherd out. Dude, leaving town in a hurry, runs into the shepherd and gives him money to buy the sheep and change clothes with him. He herds the sheep right back to the line shack however, and is summarily ejected by Sam, thinking he is the same shepherd he kicked out before. On the road, Dude encounters Jim and Milly, and suggests that if Jim wants to improve his health in the outdoors, he should take up sheep herding, and tells him he can live in the line shack. Jim and Milly move in to the shack, whereupon Sam is once again enraged to find sheep on his land, but softens when he meets Milly and agrees to help them. Milly hides Jim's money in the mattress, still suspecting he stole it. Sam resolves to find Milly a place in town, but the town's rough reputation worries him. He asks Ma Bascomb, (Eva Thatcher) who owns all the saloons in town, to help, and she makes the startling decision to close down all her saloons in the interest of cleaning up the town. Sam and Ma proceed to shut down all the saloons and gambling halls as a two-person temperance committee. (The movie was filmed during Prohibition.) Dude tries to sneak into the shack to steal the money, but is discovered and arrested for the stage robbery. He tries to shift the blame for the robbery on to Jim, but the sheriff (Max Asher) attests that Jim did indeed win the money gambling. Sam discovers that his money went to buy sheep, thus he now owns the flock. Milly shows him a little lamb, which Sam has to admit is cute.",https://www.imdb.com/title/tt0017682/?ref_=sr_i_397
398. Hans engelska fru,1927,1h 41m,,6.1,29,,"Two English gentlemen of the upper class, Ivor Willington and Lionel Jessop, play a card game about who will get the young beautiful widow Cathleen Paget and her fortune after her grieving year is over.",https://www.imdb.com/title/tt0017960/?ref_=sr_i_398
399. The Border Cavalier,1927,50m,,5.4,34,,"Vic Harding, a crooked Eastern land speculator, learns of a proposed railroad spur that will increase the value of the Lawton ranch and conspires with Hank Martin to buy the property.",https://www.imdb.com/title/tt0017692/?ref_=sr_i_399
400. Horse Shoes,1927,1h,,5.7,25,,"Having just graduated from law school, Monty Milde takes the train for the city and meets the daughter of William Baker. They are mistaken for a newly-married couple.",https://www.imdb.com/title/tt0018011/?ref_=sr_i_400
401. Turkish Delight,1927,1h,,6.0,16,,A New York rug merchant inherits a harem.,https://www.imdb.com/title/tt0018512/?ref_=sr_i_401
402. Johnny Get Your Hair Cut,1927,1h 10m,Passed,5.4,19,,An orphan is adopted by a kindly old racehorse owner. He decides to pay back his benefactor by training to ride the horse so he can win an important race.,https://www.imdb.com/title/tt0017009/?ref_=sr_i_402
403. The Callahans and the Murphys,1927,1h 10m,,4.9,19,,Family ties and duty are tested as a pair of feuding tenement housewives cope with their sizable broods and the rocky romance of Mrs. Callahan's with-child daughter and Mrs. Murphy's wastrel son.,https://www.imdb.com/title/tt0017730/?ref_=sr_i_403
404. The Demi-Bride,1927,1h 10m,,,,,,https://www.imdb.com/title/tt0017800/?ref_=sr_i_404
405. Feme,1927,1h 10m,,,,,"""Assassination"" - A far-right political organization called ""Fellowship Loyalty"" seeks contact with an easily seducable man whom she finds in Joachim Burthe. The leader of this deeply democratizing group, the equally characterless and unscrupulous Gregor of Askanius, whispers to the fanatical student seeking guidance that it is finally time to put the death sentence on the corrupt system and its representatives.",https://www.imdb.com/title/tt0017872/?ref_=sr_i_405
406. Is Your Daughter Safe?,1927,1h,,,,,"About a young woman's journey into prostitution and white slavery, but, like the other films of the era, the plot was secondary to the carnal content.",https://www.imdb.com/title/tt0135474/?ref_=sr_i_406
407. Rich Men's Sons,1927,57m,Passed,,,,"Idler rich-boy Arnold Treadway is the son of the president of a big railroad company who is forced by his disapproving father to go out and earn his own living. He goes to work for the owner, John Gordon, of a small iron works, whose business his father is trying to buy, and falls in love with Gordon's daughter, Carla. When Mr. Gordon falls ill, Carla takes over the operation aided by Arnold. The latter soon finds himself in a conflict situation in opposition of his father.",https://www.imdb.com/title/tt0018323/?ref_=sr_i_407
408. The Sunset Derby,1927,1h,,,,,,https://www.imdb.com/title/tt0018456/?ref_=sr_i_408
409. An Affair of the Follies,1927,1h 10m,,,,,"Young husband Jerry, a clerk, loses his job, and in order to bring money into the house, his wife Tamara goes back to her old job as a dancer in the Follies. The husband doesn't like the idea at all, and they wind up separating. One night the clerk and his friend, an inventor, are dining at a restaurant, and the inventor is lamenting that he has a great invention but can't get in to see a millionaire named Hammersley in order get get financial backing. They don't know that Hammersley happens to be sitting at the next table. The three strike up a conversation and become friends. However, there's another thing Jerry also doesn't know--Hammersley is in love with Tamara and, in fact, she is going to his house that night to see him.",https://www.imdb.com/title/tt0017590/?ref_=sr_i_409
410. The Diplomatic Pouch,1927,50m,,6.6,205,,"The true murder of the Soviet diplomat Teodor Nette, which narrates the difficulties in returning the diplomatic bag of the murdered agent to Russia, by sea and before it is found by the British secret police.",https://www.imdb.com/title/tt0018453/?ref_=sr_i_410
411. The Young Eagles,1927,1h 18m,,6.5,110,,The film depicts the adventures of three students who enlist in the war when their small country is invaded by the Russian Bolshevists during the Estonian war of independence (1918-1920).,https://www.imdb.com/title/tt0018208/?ref_=sr_i_411
412. Flying Luck,1927,1h,,6.1,42,,"Monty Banks wants to be like his hero Charles Lindbergh, and will do anything to learn to fly a plane. After building his own doesn't go so well, he winds up enlisting in the Army. During basic training, Monty falls in love with the Colonel's daughter (played by a young Jean Arthur), tangles with a mean drill sergeant (Kewpie Morgan) and is mistaken for a visiting French dignitary. But eventually Monty winds up in a plane and wins the big Army-Navy air polo match! On May 20, 1927 Charles Lindbergh successfully performed the first transatlantic solo flight, captivating the nation, if not the world. Two months later, motion picture trade papers announced that comedian Monty Banks' next feature-length comedy would be An Ace in the Hole -- which was released on December 5, 1927 as Flying Luck . This aviation-inspired comedy was the last produced of a string of Monty Banks features made 1924-27. Monty Banks entered films in 1916 and, after supporting other comedians for a few years, had a successful series of starring shorts from 1920 to 1924. Banks is probably best known for the climactic reels of his thrill comedy feature Play Safe (1927), which were featured in Robert Youngson's compilation movie The Days of Thrills and Laughter (1961). Flying Luck capitalizes on the 1927 airplane craze and co-stars a young Jean Arthur ( Easy Living, Mr. Smith Goes to Washington, Shane ). This extremely rare silent film has never been available on home video, and is seen here in a transfer from a rare, vintage 35mm nitrate print. BONUS: This DVD includes 40 minutes of newsreels covering Lucky Lindy's infamous flight from New York to Paris from ""weeklies"" (newsreels) produced by Kinograms, the William J. Ganz Company and Pathé News. 100 mins, B&W, unrated; stereo. Musical scores copyright 2014 by Ben Model, all rights reserved. Produced",https://www.imdb.com/title/tt0017894/?ref_=sr_i_412
413. A Million Bid,1927,1h 10m,,5.4,46,,An experimental brain surgeon must decide if he will restore the memory of his wife's abusive first husband.,https://www.imdb.com/title/tt0018159/?ref_=sr_i_413
414. The Girl from Everywhere,1927,45m,Passed,6.9,28,,"Mack Sennett comedy short-subject spoofing filmmaking, with girls, lions, and Limburger cheese.",https://www.imdb.com/title/tt0017935/?ref_=sr_i_414
415. Moskva v oktyabre,1927,1h 10m,,6.1,25,,Dramatic reconstruction of the events in Moscow following the Bolshevik seizure of government in Petrograd in October 1917: tensions in the army between revolutionaries and White elements result in open street fighting.,https://www.imdb.com/title/tt0018173/?ref_=sr_i_415
416. The Romantic Age,1927,56m,Passed,5.2,35,,"Stephen (Eugene O'Brien) loves Sally (Alberta Vaughn) and proposes to her. Sally, however, seems to prefer his brother Tom (Bert Woodruff), but after Stephen saves her securities in an office fire,she realizes it is Stephen she really loves.",https://www.imdb.com/title/tt0018336/?ref_=sr_i_416
417. The Flight Commander,1927,1h 15m,,5.2,23,,"In China, a pilot saves British residents from a Bolshevik's massacre plot.",https://www.imdb.com/title/tt0017891/?ref_=sr_i_417
418. Blighty,1927,,,5.5,21,,A chauffeur becomes an officer and later cares for his master's widow and child.,https://www.imdb.com/title/tt0017683/?ref_=sr_i_418
419. The Love Mart,1927,1h 20m,,5.2,14,,"Victor, an adventurous young swashbuckler in 19th-century New Orleans, takes possession of a barber shop as the result of winning a duel, and decides to settle down to a life as a barber. He meets a beautiful young woman and pursues her, but she dismisses his attentions because she thinks he is just a barber. Also pursuing the woman is the evil Capt. Remy, whom she also brushes off. He, however, doesn't take rejection so lightly, and forges papers ""proving"" that the girl is a ""quadroon""--part black, which means that she can be sold as a slave. She is sold to Capt. Remy, and when Victor hears of it, he determines to rescue her.",https://www.imdb.com/title/tt0018109/?ref_=sr_i_419
420. El cura de aldea,1927,1h,,5.0,12,,"Angela's brother is the most important bandit in Salamanca and is killed by Angela's husband. She does not say that he is her brother and her husband believes that he was her lover, so the child she is waiting for is abandoned in the house of the village priest.",https://www.imdb.com/title/tt0016755/?ref_=sr_i_420
421. Die tolle Lola,1927,,,5.9,11,,,https://www.imdb.com/title/tt0018491/?ref_=sr_i_421
422. Straight Shootin',1927,50m,,3.9,30,,"Jack Roberts and his sidekick, Malpai Joe, see John Hale and his nephew, Tom, attempting to run a bandit blockade with supplies for their mine; John is wounded by the outlaws, and Tom makes his getaway.",https://www.imdb.com/title/tt0018393/?ref_=sr_i_422
423. Da hält die Welt den Atem an,1927,1h 25m,,5.3,9,,"Bruce Wilton, middle-aged, rich and famous, as a producer, has been rejected by Ada von Ruyt, a revue star. Finding an affection is developing between her and Longard, now down and out, he arranges to send the man to South America with a touring company. But again rejected by the woman he loves, he causes her to be supplanted by a rival, and in a passion dismisses his secretary, her old friend. The man, who has suffered much, shoots him. Longard, thinking Ada has fired the shot, attempts to take the blame, but the murderer commits suicide.",https://www.imdb.com/title/tt0017789/?ref_=sr_i_423
424. Back to God's Country,1927,1h,Passed,3.8,25,,"Jean DeBois kills a man who pesters his beautiful daughter Renee. Subsequently, Renee is blackmailed by an unscrupulous suitor, Captain Blake, who threatens to expose her father if she refuses to marry him.",https://www.imdb.com/title/tt0017655/?ref_=sr_i_424
425. Rätsel einer Nacht,1927,,,4.5,12,,,https://www.imdb.com/title/tt0446169/?ref_=sr_i_425
426. Es mi hombre,1927,1h 3m,,5.0,7,,,https://www.imdb.com/title/tt0017851/?ref_=sr_i_426
427. Die Geliebte,1927,,,3.5,15,,,https://www.imdb.com/title/tt0384124/?ref_=sr_i_427
428. The Irresistible Lover,1927,1h 10m,,,,,"J. Harrison Gray, a wealthy playboy and notorious womanizer, finally decides to find the ""right"" girl and settle down. He finds the right girl, Betty, who is a policeman's daughter. However, in his pursuit of her he is hit by a car, knocked unconscious and taken to the hospital, where a steady stream of ex-girlfriends visits to ""take care"" of him--which doesn't leave a particularly good impression on the woman he really loves.",https://www.imdb.com/title/tt0018029/?ref_=sr_i_428
429. Sacco und Vanzetti,1927,,,,,,,https://www.imdb.com/title/tt0207073/?ref_=sr_i_429
"430. Dança, Amor e Ventura",1927,,,,,,,https://www.imdb.com/title/tt0202847/?ref_=sr_i_430
431. Grinning Guns,1927,50m,Passed,,,,"""Grinner"" Martin, an optimistic cowboy whose admiration for the writing of Amos Felden takes him to a western town where the newspaper publisher is fighting off ruffians, rescues Felden and his daughter, Mary, from a gang of bullies. Purcell, the saloon owner and town boss, has Martin and his pal Buckaroo Bill arrested, then incites the mob to lynch them. Tony turns against Purcell and liberates the prisoners, who persuade Felden to publish the names of undesirable citizens. Purcell threatens Felden when he is named and sets fire to the office. Tony is mortally wounded while saving the life of Felden, and Martin fights Purcell to the latter's death in a waterfall. Martin rehabilitates the newspaper office and finds happiness with Mary.",https://www.imdb.com/title/tt0017951/?ref_=sr_i_431
432. The Whirlwind of Youth,1927,1h,,,,,"Impulsive 18-year-old Nancy Hawthorne falls hard for Bob Whittaker and a lovers carousel begins. At first refusing to take Nancy seriously, Bob changes his mind when he realizes that he, too, has fallen truly in love. And Nancy has learned the ropes of love and is also busy fighting of her rivals.",https://www.imdb.com/title/tt0018568/?ref_=sr_i_432
433. Hot Kisses,1927,,,,,,,https://www.imdb.com/title/tt1759665/?ref_=sr_i_433
434. Down the Stretch,1927,1h 10m,,,,,,https://www.imdb.com/title/tt0017824/?ref_=sr_i_434
435. The Life of Riley,1927,1h 10m,,,,,"Elmdale's police chief Meyer and fire chief Riley are both after Penelope, a well-off widow. They both escort her to the local circus/carnival. Meanwhile, Montague--a con artist and card-sharp--also has designs on the widow, especially her money. He comes up with a scheme to get both Meyer and Riley out of the picture so he'll have the widow and her money all to himself.",https://www.imdb.com/title/tt0018090/?ref_=sr_i_435
436. Beware of Widows,1927,1h,,,,,"The handsome Dr. John Waller specializes in the ailments of women, or more specifically, wealthy widows.",https://www.imdb.com/title/tt0017672/?ref_=sr_i_436
437. The Overland Stage,1927,1h,,,,,"Jack Jessup serves as shotgun rider on a frontier stagecoach. Travelling through Indian territory, he is forced to keep both eyes open and his finger on the trigger.",https://www.imdb.com/title/tt0018244/?ref_=sr_i_437
438. The Mysterious Rider,1927,1h 5m,,,,,"In the California desert, homesteaders who are struggling for an existence find their land titles are jeopardized when Cliff Harkness obtains a Spanish land grant superseding their claims. He offers to sell them his title for $25,000; Bent Wade advises them to buy off Harkness, and after desperate efforts the money is turned over to Wade. Meanwhile, Mark King, a city capitalist representing a power company, offers Harkness a much larger sum; Harkness doublecrosses Wade by signing his receipt with disappearing ink and resells the land to King. Faced with eviction, the homesteaders try to lynch Wade, but his friend Lem intervenes and he is jailed. Wade escapes and goes from ranch to ranch, warning the ranchers not to give up their homes without a legal fight; he threatens Harkness with torture, forces him to confess his treachery, and proves the original receipt is legal. He finds happiness with King's daughter, Dorothy.",https://www.imdb.com/title/tt0018185/?ref_=sr_i_438
439. Nina Star,1927,1h 5m,Not Rated,,,,"This composite film brings together four films featuring Nina Star, produced between 1921 and 1927 by Wladyslaw and his eldest daughter, Irene Starewitch. Jeanne, the younger daughter of Ladislas and Anna Starewitch embodies Nina Star, the heroine of this program. The films are The Scarecrow (1921), Midnight Wedding (1921), The Voice of the Nightingale (1925), and The Queen of the Butterflies (1927).",https://www.imdb.com/title/tt25390090/?ref_=sr_i_439
440. Deuljwi,1927,,,,,,A young man called Field Mouse (Deuljwi) saves a young couple when the woman is forced to marry a rich gangster.,https://www.imdb.com/title/tt0322000/?ref_=sr_i_440
441. The Kreutzer Sonata,1927,1h 14m,,6.4,62,,"We have a liberal, modern Czech flapper bound to a serious and bored husband and don't forget the important fact that the wife has a lover so soon the widening gulf between husband and wife leads to stress and resentment and we get a tormented psychological study of irreconcilable differences that will lead to tragedy.",https://www.imdb.com/title/tt0017045/?ref_=sr_i_441
442. Let 'Er Go Gallegher,1927,1h,,6.3,46,,"Young John Gallagher wants to be a newspaper reporter. One day he witnesses a murder committed by a mysterious man with only four fingers on one hand. He gives his account of the murder and a description of the killer to his hero, newsman Henry Callahan, resulting in his getting a job on the paper as an office boy. When circumstances arise that result in Callahan losing his job on the paper, he and Gallagher set out to discover the identity of the killer and help Callahan get his job back.",https://www.imdb.com/title/tt0019085/?ref_=sr_i_442
443. Die Hose,1927,,,5.7,44,,,https://www.imdb.com/title/tt0018013/?ref_=sr_i_443
444. Gospoda Skotininy,1927,1h,,6.3,25,,,https://www.imdb.com/title/tt0174704/?ref_=sr_i_444
445. The Gay Old Bird,1927,1h 10m,,6.2,16,,A maid is forced to take the place of the lady of the house when she is temporarily incapacitated.,https://www.imdb.com/title/tt0017920/?ref_=sr_i_445
446. The Lady in Ermine,1927,1h 10m,Passed,4.6,31,,"A newly-married couple, scions of local nobility, are living in a castle. There is a huge portrait of ""The Lady in Ermine"" hanging on a wall. The legend of the painting tells of the Countess' grandmother who gave her honor that the life of her husband might be spared. Upon his safe return, the husband killed his wife for her act. Soon, an Austrian general and his staff are occupying the castle, and the general becomes infatuated with the Countess. He questions the staff and learns of the legend. The Count tries to escape, is caught, and is about to be executed as a spy. The General makes the same proposition to the Countess that another general had made to her grandmother. The Countess is soon seen walking down the corridor to the General's room...clad only in an Ermine coat.",https://www.imdb.com/title/tt0018074/?ref_=sr_i_446
447. On to Reno,1927,1h,,5.4,17,,"When Vera and Bud, a young married couple, become financially hard pressed, Vera accepts an offer from Mrs. Holmes, a rich matron who wishes Vera to impersonate her in Reno to fulfill the residence requirements for her divorce. When Bud finds she has gone to Reno, he immediately suspects that she plans to divorce him. Mr. Holmes goes to Reno, hoping to effect a last-minute reconciliation, discovers Vera's impersonation, and threatens to have her arrested for fraud if she leaves before the 3-month period is up. He unpacks and prepares to remain with her. Mrs. Holmes and Bud arrive, and both couples are happily reconciled after Bud discovers that Holmes is the very man with whom he wishes to renew a contract that will improve his and Vera's finances.",https://www.imdb.com/title/tt0019236/?ref_=sr_i_447
448. The Chinese Nightingale,1927,,,4.8,23,,,https://www.imdb.com/title/tt0145710/?ref_=sr_i_448
449. The Gypsy Baron,1927,,,4.6,17,,,https://www.imdb.com/title/tt0190161/?ref_=sr_i_449
450. The Telephone Girl,1927,1h,,4.9,13,,"Political boss Jim Blake, supports his son-in-law, Mark Robinson running for governor. They discover that Robinson's opponent registered in a hotel as ""Matthew Standish and wife"" three years before his marriage. Blake traps Standish into attempting to warn the girl in question of this discovery, but Kitty, a telephone operator important to their scheme, refuses to cooperate. Eventually the facts are sorted out, and Kitty marries Blake's son, Tom.",https://www.imdb.com/title/tt0018469/?ref_=sr_i_450
451. New York,1927,1h 10m,Passed,3.2,15,,"The Ritz Social Club, a Bowery cabaret, is the rendezvous of four old friends: Michael Angelo Cassidy, a trap drummer and composer; Buck, his arranger; Izzy, who breaks into politics; and Trent, who has become a gun-carrying gangster. Angie Miller admires Mike but surrenders to the proposals of Trent. Mike meets Marjorie Church, a society heiress, and 5 years later, having become a successful song writer, falls madly in love with her. Angie goes to Mike's apartment to congratulate him, and when Trent thinks she is unfaithful, he accidentally shoots her and hides the body. When the body is discovered, Mike is held for murder. Buck discovers evidence of Trent's guilt at the time Mike is convicted, and when Buck forces a confession from Trent, the judge reverses the verdict.",https://www.imdb.com/title/tt0018200/?ref_=sr_i_451
452. Fangs of Destiny,1927,58m,Passed,2.0,24,,The dog Dynamite and his owner Jerry Matthews come to the aid of a beleaguered rancher.,https://www.imdb.com/title/tt0017863/?ref_=sr_i_452
453. Back to Liberty,1927,Passed,,1.0,23,,"Tom Devon, known to his society friends as Reginald Briand, is the mastermind behind an organization of gentlemen thieves, which includes Jimmy Stevens and Rudolph Gambier. Jimmy falls in love with Tom's innocent daughter, Gloria, after he rescues her from an embarrassing scene in a restaurant. Tom disapproves of the romance and decides to dissolve the partnership. He pays Rudolph his share of the profits, then tries to dissuade Jimmy from seeing Gloria. Rudolph believes he has been cheated and kills Tom. Jimmy is convicted of the murder, but Gloria is determined to find the real killer. When Rudolph returns for the remainder of the spoils, Gloria poses as a thief and wins his affections, then tricks him into confessing to the crime. Rudolph is mortally wounded by the police, and Jimmy is pardoned by the governor.",https://www.imdb.com/title/tt0017656/?ref_=sr_i_453
454. The Great Mail Robbery,1927,1h 10m,,,,,,https://www.imdb.com/title/tt0017950/?ref_=sr_i_454
"455. Regine, die Tragödie einer Frau",1927,,,,,,,https://www.imdb.com/title/tt0452676/?ref_=sr_i_455
456. Home Made,1927,1h 10m,,,,,,https://www.imdb.com/title/tt0018006/?ref_=sr_i_456
457. The Scorcher,1927,50m,,,,,"Mike O'Malley, a young mechanic who has invented a special fork for motorcycles, has neither the money or influence to market the device. When he learns that a large cash prize will be awarded to the winner of a cross-country motorcycle race, Mike decides to enter. Mike wins the contest and the affection of his sweetheart.",https://www.imdb.com/title/tt0018366/?ref_=sr_i_457
458. El tren - La pastora que supo amar,1927,,,,,,,https://www.imdb.com/title/tt0018502/?ref_=sr_i_458
459. The Sea Tiger,1927,1h,Passed,,,,"Julian, a Spanish fisherman in the Canary Islands, has a younger brother Charles who tends to get in trouble with women. When Charles sets his sights on a wealthy aristocratic woman, Julian pretends to be in love with her in order to protect his brother, but it's not long before he realizes he actually is in love with her.",https://www.imdb.com/title/tt0018367/?ref_=sr_i_459
460. A Wanderer of the West,1927,1h,,,,,"In a plot to take control of the Lazy Y ranch, which holds water rights to the local area, a rancher kidnaps the Lazy Y owner's daughter. The ranch foreman manages to eventually foil the plot and get the girl.",https://www.imdb.com/title/tt0018545/?ref_=sr_i_460
461. Aflame in the Sky,1927,57m,,,,,"Aviators meet in the New Mexico desert to experiment with gas for night skywriting, but end up rescuing a woman who is being pursued by a renegade foreman. The aviators foil a plan by the foreman to poison their water supply and he requests assistance by the border police. The foreman escapes, but perishes in the desert without water.",https://www.imdb.com/title/tt0017591/?ref_=sr_i_461
462. The Music Master,1927,1h 20m,,,,,"Anton von Barwig, formerly an orchestra leader in Vienna, searches for his daughter who was taken from him by his wife many years before. Out of pride, he refuses help and is gradually forced to sell all his belongings. After being fleeced for years by a detective, he meets Helene Stanton, who is his long-lost daughter. She comes into his life as a charming young society girl seeking music lessons for her fiancé, Beverly Cruger, a boy of promising musical talents; sensing his kinship with her, Barwig finally confronts her foster father, who had run away with his wife in Vienna. Though her father is persuaded to make the sacrifice of effacing himself so as not to ruin her chance for social success, she discovers the relationship and brushes social considerations aside to be reunited with him.",https://www.imdb.com/title/tt0018181/?ref_=sr_i_462
463. Drums of the Desert,1927,1h,,,,,"Chief Brave Bear and his people gather at the Navajo reservation to confront a problem: A group of men, headed by Will Newton, seeks to force them off their lands. Desert rats Perkins and Hi-Lo encounter Professor Elias Manton and his daughter, Mary, who hire them as guides. The group meets John Curry, a friend of the Navajo, whose cordiality arouses their suspicion. Newton makes an unsuccessful attempt to dissuade the Manton team from continuing its work in the desert while casting aspersions on John. However, John proves himself by rescuing the kidnapped professor from Newton's men. While the gang attempts to seize Navajo oil claims, Brave Bear leads his people in defense of their sacred altars. John tries to defuse the situation but is shot and wounded by Newton. The U.S. Cavalry arrives and places the Newton gang under arrest. Mary comes to admire John and they fall in love.",https://www.imdb.com/title/tt0017834/?ref_=sr_i_463
464. Serenade,1927,1h,,,,,,https://www.imdb.com/title/tt0018376/?ref_=sr_i_464
465. A Hero on Horseback,1927,1h,,,,,,https://www.imdb.com/title/tt0017985/?ref_=sr_i_465
466. The White Slave,1927,1h 36m,,,,,"Olga, a French girl of good social position, marries Ali Benvert Bey, an Arab, against the advice of her friends, including Dr. Alex Werner, medical man to the Bey. Olga sails with her husband to Arabia, where for a time, she is extremely happy. She soon finds that she is expected to conform to Arab customs. Her husband objects to her meeting European friends and will not even allow her to see Dr. Werner without his permission. When the Bey learns that his wife and Werner have met secretly, he carries her off to a dancing hall where he tells her that she will remain imprisoned. She is rescued and carried away by Werner, the Bey follows in pursuit and is shot dead. Olga is taken back to Europe to presumed happiness.",https://www.imdb.com/title/tt0179523/?ref_=sr_i_466
467. Jalitgeola,1927,,,,,,,https://www.imdb.com/title/tt0322813/?ref_=sr_i_467
468. The Woman on Trial,1927,1h,,,,,A story of a woman who committed a murder. In a French court room her life is retold by long flashbacks of her testimony and life.,https://www.imdb.com/title/tt0018589/?ref_=sr_i_468
469. Lovers?,1927,1h,,,,,"Young José lives with his guardian, Don Julian, a middle-aged diplomat recently married to young Felicia. Society gossips in Madrid find the situation increasingly scandalous.",https://www.imdb.com/title/tt0018117/?ref_=sr_i_469
470. The Lovelorn,1927,1h 10m,,,,,"Georgie Hastings falls in love with Bill Warren. Bill is the new boyfriend of Georgie's sister Ann. Knowing not what to do, Georgie turns to the popular columnist Beatrice Fairfax for advice. But the problem works itself out when Bill turns out to be a fortune-hunter. He is only interested in the Hastings family's dough.",https://www.imdb.com/title/tt0018116/?ref_=sr_i_470
471. Ten Modern Commandments,1927,1h 10m,Passed,,,,"Kitten O'Day, who works as maid in a theatrical boardinghouse, firmly refuses a stage career, though she is the daughter of a theater family. However, when songwriter Tod Gilbert takes up residence in the house, Kitten falls in love. Tod poses as a success, intimating that he is to write songs for Sharon Lee, a Broadway prima donna. Kitten then learns that he is unable to contact, Sharon's manager, Disbrow, and decides to help. She takes a chorus job, but arouses Sharon's animosity through her efforts to promote Tod's song. When Tod assaults the manager, Kitten is forced to lock Disbrow in the bathroom while she tries to persuade Sharon to sing the song. In a stunning manner, Kitten presents the song herself, winning over Disbrow and assuring her happiness with Tod.",https://www.imdb.com/title/tt0018473/?ref_=sr_i_471
472. The American,1927,1h,,,,,"Seref, who returns to his country after many years in America, as a dollar billionaire with a cowboy hat on his head, and with his Dallas-type boots has an interesting past: Twenty years ago he has lost his sweetheart Melek to his closest friend, and furthermore, has been put in prison. He found a way to escape from prison, going to America, the country of dreams. Here, he has become a businessman with boundless wealth, known as Seref The Turk. When he returns to his country as an American, even though he has some commercial aims in mind, his real desire is to take revenge. He will settle accounts with the friend who stabbed him in the back many years ago, and with Melek who is betrayed him. However, when he sets foot in Turkey with yearning, he meets 'Small America' in chaos. On top of that, while looking for Melek, he finds himself in the middle of a funny and exciting adventure where sexuality and violence mingle.",https://www.imdb.com/title/tt0017627/?ref_=sr_i_472
473. Oni azami,1927,,,,,,,https://www.imdb.com/title/tt0018232/?ref_=sr_i_473
474. One-Round Hogan,1927,1h 10m,Passed,,,,"""One-Round' Hogan is a heavyweight prizefighter with a knockout punch contending for a championship bout who, because of the death of a friend, almost wrecks his own career by holding back.",https://www.imdb.com/title/tt0018231/?ref_=sr_i_474
475. McFadden's Flats,1927,1h 20m,,,,,"Irish contractor McFadden and Scottish barber McTavish become fast friends, and McTavish's son Jock, meets and falls in love with McFadden's daughter Mary Ellen. McFadden, having increased his store of worldly goods, sends his daughter to a finishing school, to young Jock's dismay. McFadden also provokes frequent outbursts from McTavish, whose outlook on life is the antithesis of his own. McFadden's ambition to complete a flat building is well underway when he suddenly finds himself in financial straits; when McTavish secretly helps him out, all eventually works out well for the friends and the young lovers.",https://www.imdb.com/title/tt0018149/?ref_=sr_i_475
476. Rough and Ready,1927,50m,,,,,"Ned Raleigh, a cowboy on the Stone Ranch, is laughed at by his pal Rawhide Barton for emulating his chivalrous namesake, Sir Walter Raleigh. Manning, an eastern capitalist, agrees to make Stone a loan to pay off his mortgage if he surrenders 200 head of cattle as security; Manning, after he discovers oil on the property, conspires with Blake, Stone's foreman, to hide the stock, and thus secure the land for himself. Beth, who is in love with Ned, consents to marry Manning to save her father from ruin, but Ned, suspicious of the proceedings, saves Beth from an accident in which Manning is killed; then, with the help of his horse, Scout, Ned brings the rustlers to justice and wins the heart of Beth.",https://www.imdb.com/title/tt0018347/?ref_=sr_i_476
477. The Bush Leaguer,1927,1h 10m,,,,,"""Specs"" White owns a garage in town and is the local baseball team's #1 pitcher--but he's more interested in working on his latest invention, a new and improved gas pump, than pitching on the team. A scout for the Los Angeles Angels professional baseball team offers Specs a contract. He accepts, but only so he can use the money he gets to work on his invention. However, Specs has a secret he dare not tell anyone--he's scared to death of large crowds. Alice Hobbs, the young, pretty owner of the Angels, tries to help him with that problem, but a misunderstanding causes another problem. this time between Specs and Alice.",https://www.imdb.com/title/tt0017720/?ref_=sr_i_477
478. La mujer Filipina,1927,,,,,,,https://www.imdb.com/title/tt0469471/?ref_=sr_i_478
479. The Golden Stallion,1927,52m,Passed,,,,"The search for a lost gold mine hinges on a secret branded onto the neck of a great horse, White Fury.",https://www.imdb.com/title/tt0017943/?ref_=sr_i_479
480. Speeding Hoofs,1927,46m,,,,,"Richard Stanton, with a map to a hidden treasure, arrives with his servant Tim. Others are also looking for it and plan to kill the two. The ranch is supposedly haunted so Richard and Tim team up with Elsa and dress as ghosts to scare away the bad guys.",https://www.imdb.com/title/tt0018434/?ref_=sr_i_480
481. The Beggar from Cologne Cathedral,1927,1h 41m,,6.8,122,,"During the Cologne carnival in Germany, Interpol inspector Tom Wilkins, master of disguise, hunts a band of jewelry thieves who haunt the cathedral square, disguised as beggars.",https://www.imdb.com/title/tt0362444/?ref_=sr_i_481
482. Milenky starého kriminálníka,1927,1h 48m,,7.0,73,,An aggressive young lady seduces the uncle of a factory owner who pretends to be the owner and later pretends to be a thief the police are seeking.,https://www.imdb.com/title/tt0279959/?ref_=sr_i_482
483. Gogi Ratiani,1927,45m,,7.0,38,,"After an earthquake leaves him orphaned, a gifted young boy pursues his dream of becoming an artist. Amid poverty, friendship and social upheaval in pre-revolutionary Georgia, he struggles to preserve hope and his talent.",https://www.imdb.com/title/tt0260053/?ref_=sr_i_483
484. Vanity,1927,1h,,7.0,24,,"Barbara Fiske, a beautiful girl of social standing, is about to be married to Lloyd Van Courtland. On the eve of their marriage, she foolishly pays a visit to a colorful steamship captain aboard his ship. A killing aboard the vessel threatens to destroy her upcoming marriage as well as her entire future.",https://www.imdb.com/title/tt0018532/?ref_=sr_i_484
485. Lightning,1927,1h 10m,Passed,6.2,28,,"SYNOPSIS In the Sevier River mountain area of Utah, horse wranglers Lee and Cuth Stewart, famous for their skill, are unable after several encounters to capture the wild stallion Lightning. Later, in Chicago, where they are seeing the sights, the boys meet and flirt with Dot and Mary, two entertainers who are doing a Topsy and Eva act; by their third meeting the brothers are ready to propose, but the girls leave town unexpectedly with their money and no intentions of marriage. Back in Utah, Lightning, attracted to Lee's pet mare, Bess, invades their camp and takes her away. The boys' pursuit leads them into the desert, which the girls are crossing by airplane; after a forced landing, the boys take the girls ""prisoner,"" putting them to work. The girls escape and almost die in a sandstorm, but Lee and Cuth rescue them and also subdue Lightning; all are happily reunited.",https://www.imdb.com/title/tt0018092/?ref_=sr_i_485
486. Marquitta,1927,1h 10m,,5.9,39,,"Street singer Marquitta is Prince Vlasco's mistress. He overlooks her humble origins until an expensive jewelry disappears and she gets blamed. He throws her out. Some time later, Vlasco looses his throne and becomes a beggar. Marquitta finds him, helps him and triggers another fit of anger when she gives him the jewel back. She leaves him, but cannot stay mad at him long and rescues him from an attempted suicide and reveals the thief is actually her father.",https://www.imdb.com/title/tt0018143/?ref_=sr_i_486
487. Muurmanin pakolaiset,1927,1h 22m,,6.1,23,,"The daughter of Niva's house, Saima, rescues a German Lieutenant from a river. He was separated from his group after escaping the Murman railway labor camp. He recovers in the care of Saima but the police get wind of the escapees.",https://www.imdb.com/title/tt0138634/?ref_=sr_i_487
488. Frivolinas,1927,1h 20m,,5.4,27,,"Film based on variety shows of the 20s 'Arco Iris', 'La feria de las hermosas', and 'Las maravillosas', all of them created by Eulogio Velasco.",https://www.imdb.com/title/tt0016906/?ref_=sr_i_488
489. When a Dog Loves,1927,50m,,6.5,14,,,https://www.imdb.com/title/tt0018565/?ref_=sr_i_489
490. Blood Will Tell,1927,50m,Passed,5.9,20,,,https://www.imdb.com/title/tt0017688/?ref_=sr_i_490
491. Death Valley,1927,1h,Not Rated,5.6,19,,"A fortunate young man discovers gold and is then threatened by a jealous, leering villain.",https://www.imdb.com/title/tt0017796/?ref_=sr_i_491
492. A Texas Steer,1927,1h 20m,,4.3,24,,"Laconic cowboy Maverick Brander is actually a wealthy rancher, but money means little to him. The same can't be said for his social-climbing wife and their man-crazy daughter Bossy. His wife, with the help of some political bosses, helps Maverick get elected to Congress, where he manages to get in all sorts of trouble, including getting blackmailed by opponents of a bill he's trying to get passed.",https://www.imdb.com/title/tt0018479/?ref_=sr_i_492
493. Laila,1927,1h 30m,,6.1,10,,"Thrive Leila in one oasis overlooking the ruins of Memphis, and meet Rauf Bey Layla tries to woo her, but her heart was hung with Ahmed, and made a speech Ahmed Leila but soon recognized by a Brazilian girl and imported into Egypt, and succeed Brazilian girl to win the heart of Ahmed, and abandon Laila which became pregnant from him.",https://www.imdb.com/title/tt0258759/?ref_=sr_i_493
494. Ibrahimi da Goderdzi,1927,1h 5m,,6.3,10,,Omar Khani a head of Zaqatala province is a despot man. He kidnaps a beautiful married woman for his harem. He orders to kill her husband and leaves their children alone.,https://www.imdb.com/title/tt0260086/?ref_=sr_i_494
495. The Girl from Chicago,1927,1h 10m,Passed,4.9,19,,"A southern belle from Dixie, Mary Carlton (Myrna Loy), aided by her police detective lover ""Handsome"" Joe (Conrad Nagel), outwits and brings to justice the Chicago gangster, ""Big Steve"" Drummond, who murdered her brother Bob Carlton (Carroll Nye.)",https://www.imdb.com/title/tt0017934/?ref_=sr_i_495
496. The Thrill Seekers,1927,50m,,5.8,12,,"Humble lumberjack Gerald Kentworth inherits a fortune and moves to New York. Intoxicated by the glamor of the city's nightlife, he falls hard for society girl Adrean Wainwright, but Adrea's jealous ex-boyfriend, a gangster, kidnaps her.",https://www.imdb.com/title/tt0170680/?ref_=sr_i_496
497. Kubla fil Sahara,1927,1h 40m,,5.6,12,,"Exclamation ""Hilda (Yvonne Gwen) foreign girl Shafiq (Badr Lama) young Bedouin who reside in the village of desert Egypt for demonstrated good manners, happens to accuse the people of the village Shafiq murder of his uncle,"" Abd El Qadir ""; which calls for his escape to the desert with the guerrilla group and become one of them, and falls during the gang attack on a convoy, to be ""Hilda"" within exposed to attack, ""Shafiq"" is trying to palm of harm to the gang about, but the three members of the gang to kidnap Hilda and able Shafeeq bailed to win sweetheart and wife, convey Mr. Mahmood the news of his innocence of the murder of his uncle.",https://www.imdb.com/title/tt0258757/?ref_=sr_i_497
498. Rose of the Golden West,1927,1h 10m,,4.2,18,,,https://www.imdb.com/title/tt0018343/?ref_=sr_i_498
499. Kraft og skønhed,1927,2h 3m,,5.5,11,,,https://www.imdb.com/title/tt0019058/?ref_=sr_i_499
500. Convoy,1927,1h 20m,,4.6,17,,Convoy is a lost 1927 silent World War I drama starring Lowell Sherman and Dorothy Mackaill and released through First National Pictures.,https://www.imdb.com/title/tt0017774/?ref_=sr_i_500
"501. Fireman, Save My Child",1927,1h,,3.5,14,,"Two firemen must put up with a variety of travails in their job, especially their chief's spoiled and bratty daughter, who keeps turning in false alarms whenever she needs some heavy lifting done so that she can get the responding firemen to do it.",https://www.imdb.com/title/tt0017885/?ref_=sr_i_501
502. Takada no baba,1927,,,,,,,https://www.imdb.com/title/tt12816904/?ref_=sr_i_502
503. Dochu hiki,1927,,,,,,"A historical tragedy about a spearman who goes on a journey with his master, but while staying at the inn of a woman he befriends, his master and his companions are killed.",https://www.imdb.com/title/tt11526628/?ref_=sr_i_503
504. Apaches of Paris,1927,1h 52m,,,,,"The leader of a gang of Paris crooks is at odds with his cronies over some jewelry belonging to a lady from America,she is part of a crime investigation.",https://www.imdb.com/title/tt0018650/?ref_=sr_i_504
505. Fighting Love,1927,1h 10m,,,,,"To escape an arranged marriage, a young Italian girl marries an older man, a military officer who is also a family friend, and when he is assigned to North Africa, she accompanies him. His unit is sent into the desert to subdue some unruly tribes, and when he is later reported killed in action, his widow marries a young soldier with whom she has fallen in love. However, word soon comes back that her ""dead"" husband is very much alive.",https://www.imdb.com/title/tt0017878/?ref_=sr_i_505
506. Feu!,1927,,,,,,"A lady adventuress sells weapons to rebels in Morocco.After she meets an imposing man, she tries to leave her past life.",https://www.imdb.com/title/tt0198479/?ref_=sr_i_506
507. Ginsberg the Great,1927,1h,Passed,,,,"Johnny Ginsberg (George Jessel) is a tailor's assistant whose ambition is to become a successful conjurer/magician. He joins a carnival and fails but not before apprehending a gang of jewel thieves and gaining the love of Mary (Audrey Ferris), the girl he adores.",https://www.imdb.com/title/tt0017932/?ref_=sr_i_507
508. Mademoiselle from Armentieres,1927,,,,,,A French girl meets her captured British lover whilst acting as a spy.,https://www.imdb.com/title/tt0017102/?ref_=sr_i_508
509. Naughty Nanette,1927,50m,,,,,,https://www.imdb.com/title/tt0018195/?ref_=sr_i_509
510. The Tired Business Man,1927,1h,,,,,,https://www.imdb.com/title/tt0018490/?ref_=sr_i_510
511. Fire and Steel,1927,,,,,,"Terry O'Farrell pulls off several rescues in the course of the plot, whose locale is a steel mill, and Ann McGreagor uses her common sense to expose the villain's trickery and save the day for her sweetheart.",https://www.imdb.com/title/tt0132955/?ref_=sr_i_511
512. A csodadoktor,1927,,,,,,,https://www.imdb.com/title/tt0241337/?ref_=sr_i_512
513. The Land Beyond the Law,1927,1h 10m,Passed,,,,,https://www.imdb.com/title/tt0018076/?ref_=sr_i_513
514. The Lone Eagle,1927,1h,,,,,,https://www.imdb.com/title/tt0018098/?ref_=sr_i_514
515. Smiling Billy,1927,50m,,,,,"Happy-go-lucky Billy, his best friend and their friendly rival, are all sailors on a ship in the U.S. Pacific fleet. While on shore leave, Billy learns that a mad inventor has created a dangerous contraption by which he intends to destroy the entire fleet. The three sailors then spring into action and are able to thwart the scientist and save the fleet after rescuing Billy's sweetheart.",https://www.imdb.com/title/tt0165482/?ref_=sr_i_515
516. Duty's Reward,1927,,,,,,"When a public building made with inferior concrete collapses, motorcycle policeman Spencer ""Speed"" Haynes is sworn to apprehend those responsible. Speed's girl friend, Dorothy Thompson, is unaware that her father James, who oversaw the construction, has been an unwitting accomplice in the scheme of gang leader Richard Webster. With the help of absent-minded newspaper reporter ""Peek"" Harvey, Speed exposes Webster as the man responsible and saves James Thompson from ruin.",https://www.imdb.com/title/tt0017838/?ref_=sr_i_516
517. The Rejuvenation of Aunt Mary,1927,1h,,,,,,https://www.imdb.com/title/tt0018314/?ref_=sr_i_517
518. The Filipino Woman,1927,,,,,,,https://www.imdb.com/title/tt1759745/?ref_=sr_i_518
519. Croquette,1927,,,,,,"Croquette, the youngest daughter of a circus artist, shares her dreams between the handsome Bob and becoming an artist.",https://www.imdb.com/title/tt0017781/?ref_=sr_i_519
520. Wolf's Trail,1927,50m,,,,,,https://www.imdb.com/title/tt0018586/?ref_=sr_i_520
521. Oishi sezaemon,1927,,,,,,,https://www.imdb.com/title/tt9444892/?ref_=sr_i_521
522. High School Hero,1927,1h,,,,,"Rivals since childhood, Pete ( Nick Stuart ) and Bill ( John Darrow ) continue feuding in high school, and their natural friction is intensified by each centering his attention on new classmate, Eleanor Barrett ( Sally Phipps ). Amusing complications involve a sequence in which the high school Latin class presents what is intended to be a Roman tragedy but develops as a comic farce. The boys' enmity threatens to disrupt the school basketball team, but loyalty to their school compels them to drop their differences. Meanwhile, Eleanor ends up more interested in Allen Drew ( David Rollins ), a bespectacled, studious type.",https://www.imdb.com/title/tt0017992/?ref_=sr_i_522
523. Katerina Izmailova,1927,1h 27m,,,,,"Katerina murders her husband and her father-in-law. She and her new beau are both sent to Siberia, where the lover almost immediately takes up with a younger woman.",https://www.imdb.com/title/tt0151192/?ref_=sr_i_523
524. Buttons,1927,1h 10m,,,,,"A young street orphan, Buttons, gets a job as a pageboy on an ocean liner. He and his friend, Slugger, get on the wrong side of the ship's captain, however, when they try to tell him his wife, who is aboard the ship, is cheating on him. The captain throws them both in the brig, and their troubles get even more complicated when the ship is wrecked at sea and is in danger of sinking.",https://www.imdb.com/title/tt0017722/?ref_=sr_i_524
525. The Devil in the Heart,1927,2h,,6.9,86,,"Ludivine Bucaille stupidly wishes that Leherg and his son Delphin both die at sea. Amazingly, Leherg actually is lost at sea but his son somehow survives. His mother subsequently dies of sorrow. Remorseful, Ludivine gets her parents to take Delphin in their care. She makes sure the house is nice and tidy. Delphin and Ludivine grow to love each other and eventually get engaged. But father Bucaille, a drunk, wants Ludivine to marry Lauderin, the owner of a bar. Ludivine, in a moment of jealousy, thinking that Delphin has cheated on her, accepts. As Delpin plans on leaving the country the day after the engagement, Ludivine takes a boat to meet him. Lauderin sneaks into the boat and, as a storm hits it, he attempts to rape her. Delphin comes to the rescue. The two lovers can now unite.",https://www.imdb.com/title/tt0200575/?ref_=sr_i_525
526. Vasha znakomaya,1927,1h,,6.8,73,,,https://www.imdb.com/title/tt0018533/?ref_=sr_i_526
527. Chuji's Travel Diary part 2,1927,,,6.4,59,,"Trilogy about the travels of the kindly bakuto Kunisada Chuji. Film depicts Chuji's attempt to save the geisha Oshina, a rebellion against the rigid social structure of Edo Japan. Part 2. ""Shinshu Blood Laughter""",https://www.imdb.com/title/tt0432794/?ref_=sr_i_527
528. Surrender,1927,1h 20m,Passed,5.8,69,,A young Jewish woman is forced to either give herself to a Russian officer or watch her village burn.,https://www.imdb.com/title/tt0018457/?ref_=sr_i_528
529. Yajikita son'nô no maki,1927,1h 51m,,6.1,39,,,https://www.imdb.com/title/tt0860574/?ref_=sr_i_529
530. Laster der Menschheit,1927,,,7.2,23,,"Tamara becomes addicted to cocaine but hides from her daughter by moving in with the dealer Mangol. The father tells his daughter that her mother has died, but years later the daughter rediscovers her mother appearing on stage. Mangol pursues the daughter, but Tamara intervenes before dying amongst family members.",https://www.imdb.com/title/tt0018082/?ref_=sr_i_530
531. The Final Extra,1927,1h,Passed,6.3,31,,"The alert atmosphere of a large-city newspaper office and its giant presses combines with the back-stage atmosphere of the theatre, set against the sinister shadow of a bootleg gang and the glitter of a big musical comedy ""first night"" in a whirlwind of dramatic action. A hot-shot newspaper reporter and a Broadway show-girl provide the romance.",https://www.imdb.com/title/tt0017882/?ref_=sr_i_531
532. A Racing Romeo,1927,50m,,7.1,22,,,https://www.imdb.com/title/tt0018301/?ref_=sr_i_532
533. Outlaws of Red River,1927,1h,Passed,5.9,38,,"As a boy, Tom Morley (Tom Mix), was forced to watch the killings of his foster parents and the abduction of his foster sister. When he reaches manhood he joins the Texas Rangers and becomes so good at tracking down outlaws that he earns the nickname ""The Falcon"". He finally tracks down his long-lost foster sister, who has become a spy for the outlaws.",https://www.imdb.com/title/tt0018243/?ref_=sr_i_533
534. Das gefährliche Alter,1927,,,6.8,24,,"Reaching 40, Elsie is watching her girl friends one by one taking a lover. She happens to meet young student Jörgen who is dazzled by her cosmopolitan air. Elsie wants to divorce her husband, but the age gap between Elsie and the student becomes an issue.",https://www.imdb.com/title/tt0132180/?ref_=sr_i_534
535. Streets of Algiers,1927,,,6.3,18,,"The honorable Madame Besson, who sent her daughter Adrienne to the Provençal convent, becomes, in the evening, the ignoble Madame Samarra, owner of a company in Algiers. Her accomplice, Nicolas Molesco, prevents her from escaping from her infamous profession. However, Adrienne's return to her mother, Adrienne, whom Molesco covets, and who only escapes through the intervention of Madame Samarra whom she does not recognize as her mother. And, the investigation of the young Director of Security: Jean Marsac leads to Molesco and Mrs. Samarra in whom he recognizes the honorable Mrs. Besson. Molesco is later killed by a sailor whose sister he dishonored. Adrienne forgives her mother who sacrificed herself for her, and was nothing but a victim of society.",https://www.imdb.com/title/tt0293163/?ref_=sr_i_535
536. A Man's Past,1927,1h,,6.9,18,,A brilliant surgeon who is unjustly condemned to 10 years imprisonment.,https://www.imdb.com/title/tt0018137/?ref_=sr_i_536
537. Tordenstenene,1927,2h 29m,,6.2,18,,,https://www.imdb.com/title/tt0125557/?ref_=sr_i_537
538. The Girl from Rio,1927,1h,,5.6,23,,"Paul Sinclair, engaged to Helen Graham, represents a large coffee concern in Rio de Janeiro and while visiting with the American consul is taken by the beauty of Lola, a cafe dancer.",https://www.imdb.com/title/tt0018454/?ref_=sr_i_538
539. Syv dager for Elisabeth,1927,1h 40m,,5.4,23,,"Hairdresser Elisabeth wins 1. prize in a lottery and decides to spend Easter at a luxury mountain resort with her friend Lucie. The scoundrel Franz Markel tries some mischief against Elisabeth, but he is revealed by a millionaire's son.",https://www.imdb.com/title/tt0018460/?ref_=sr_i_539
540. Shakaly Ravata,1927,51m,,6.2,15,,"Family drama of farmer Jalil from the village of Rawat, his wanderings, and his attempts to save his beloved girl Karaman.",https://www.imdb.com/title/tt11568056/?ref_=sr_i_540
541. Women's Wares,1927,1h,,6.0,15,,"Dolly, a shopgirl in a department store, is tired of the unwanted advances from wealthy men. She decides to play them at their own game, using her charm to gain luxury while guarding her heart, until she finds true love.",https://www.imdb.com/title/tt0018594/?ref_=sr_i_541
542. Spoilers of the West,1927,52m,,5.7,21,,"When the Indians threaten to go on the war path if the trappers are not removed from the reservation within 30 days, Lieutenant Lang is given the assignment to get them off. On the 30th day he has gotten them all except the Benton group. There he finds them led by a woman and she says they will not leave.",https://www.imdb.com/title/tt0018438/?ref_=sr_i_542
543. Malvaloca,1927,,,5.8,19,,"Malvaloca is a rather foolish and beautiful girl living with her careless parents. After being abandoned by a man she has a daughter. Later she meets Salvador; when he has an accident she meets his friend Leonardo and they both fall in love. She will try to redeem herself from her past life. At the same time the two men, who have a forge, recast the convent's old bell which also needs to be ""redeemed"". Silent version of the Álvarez Quintero brothers theatrical play.",https://www.imdb.com/title/tt0017105/?ref_=sr_i_543
544. Silver Valley,1927,50m,Passed,4.5,26,,"Rancher Tom Tracey is so infatuated with flying that he adds wings and a propeller to the ranch jalopy, which spooks and upsets his horse Tony more than a little bit. But when rustlers strike the range and kidnap Tom's sweetheart, Shelia Blane, Tom hires an aviator to fly him over the countryside in an effort to locate the rustler's roost. When they do, Tom uses a rope ladder to swoop down and rescue the girl, and then returns to rout the rustlers.",https://www.imdb.com/title/tt0018406/?ref_=sr_i_544
545. Finger Prints,1927,1h 10m,Passed,4.9,25,,A gang of inept crooks and even more inept lawmen search for a cache of hidden money.,https://www.imdb.com/title/tt0017883/?ref_=sr_i_545
546. Vaihdokas,1927,57m,,4.9,23,,,https://www.imdb.com/title/tt0140670/?ref_=sr_i_546
547. The Warning,1927,56m,Passed,4.6,22,,"This story of the British Silent Service operating on the coast of China finds Tom Fellows, captain of an opium-smuggling ship, going into a notorious Chinese joint called ""The House of a Thousand Delights,"" where he finds a beautiful girl, Mary Blake, bound and captive. He starts a brawl, rescues Mary in the mêlée that follows, and then loses her when she flees to a hotel. He follows her and finds she is mixed up in some mysterious activity. However, he knows more about her than she does him (because he isn't what he is supposed to be - and she isn't, either), he stays close by, even to the point of using a machine-gun to dispel a mob at a Chinese temple.",https://www.imdb.com/title/tt0018549/?ref_=sr_i_547
548. Whispering Smith Rides,1927,Passed,,4.5,22,,,https://www.imdb.com/title/tt0164230/?ref_=sr_i_548
549. Service for Ladies,1927,1h 10m,,5.9,12,,"Albert Leroux, headwaiter at an exclusive Paris hotel, falls hopelessly in love with Elizabeth Foster, an American heiress, though he is convinced that she will never admire a waiter.",https://www.imdb.com/title/tt0018377/?ref_=sr_i_549
550. Il gigante delle Dolomiti,1927,,,5.3,12,,,https://www.imdb.com/title/tt0016920/?ref_=sr_i_550
551. California,1927,50m,,4.9,18,,"""The war with Mexico serves to bring together American officer and Mexican senorita, the former all ardent and the latter defiant because of the fact that their countries are at war. Coincident with the American victory is the successful conquest by the 'gringo' of the girl's heart.""",https://www.imdb.com/title/tt0017727/?ref_=sr_i_551
552. Gun Gospel,1927,1h 10m,Passed,4.4,17,,"From Death Valley in the Mojave Desert to Mount Whittier, the outlaw gangs are wreaking havoc on the gold and money shipments from the mines and ranches. Wells Fargo organizes an express service that will insure the shipments and ensure a guaranteed delivery. Granger Hume is hired to help Wells-Fargo deliver on their promise.",https://www.imdb.com/title/tt0017956/?ref_=sr_i_552
553. The Passion of St. Francis,1927,1h 25m,,5.8,10,,"The wayward son of a merchant, affected by his experience of war and prison, has a vision and decides to live a Christian life of poverty as an itinerant preacher. He founds the Franciscans in his hometown of Assisi where he dies in 1226.",https://www.imdb.com/title/tt0270375/?ref_=sr_i_553
554. The Potters,1927,1h 11m,,4.3,14,,Pa Potter invests four thousand dollars in worthless oil stock. Or is it worthless?,https://www.imdb.com/title/tt0018274/?ref_=sr_i_554
555. Irish Hearts,1927,1h,Passed,2.2,30,,"Sheila, a feisty Irish girl, loves Emmett, a somewhat shady Irish boy. When Emmett goes to America, Sheila and her father follow and join him. However, when he loses his job, Sheila is forced to get a job in a cheap restaurant. There she meets Rory, a poor American boy who works in a shipyard. Rory falls in love with her but she still loves Emmett. Then she finds out that Emmett has been taking up with a brassy ""flapper"" named Clarice.",https://www.imdb.com/title/tt0018028/?ref_=sr_i_555
556. Águilas de acero o los misterios de Tánger,1927,,,2.0,21,,,https://www.imdb.com/title/tt0018608/?ref_=sr_i_556
557. The Rolling Road,1927,,,1.8,23,,A marooned sailor and his stowaway sister-in-law are rescued by her husband.,https://www.imdb.com/title/tt0307392/?ref_=sr_i_557
558. Raza de hidalgos,1927,,,,,,,https://www.imdb.com/title/tt0018308/?ref_=sr_i_558
559. The Fire Fighters,1927,3h 20m,Passed,,,,"Chapter 1 - For Life and Liberty -Fred Powers (Lafe McKee), a widower and member of the Danville Fire Department, wins enough money on the victory of the Danville Brrigade in the annual Fire Fighter's Tournament to build a home for his future wife, Mary Kent (Helen Ferguson.) Grant Stewart (Al Hart), who seeks to gain control of Fred's homestead, upon of which is located valuable water possibilities, has tried to throw the race to the rival town so that Fred's resulting poverty would force a sale. Failing in his scheme, Stewart's henchmen get Powers into a crooked gambling game in which he loses all his money and then gives Stewart a deed to his homestead as security for a loan which he also loses. Fred's son Jimmie is sent by Mary Kent to the Kentucky Club to look for his father. Fearing that the boy's entrance will stop the play, the henchmen send the boy upstairs. Powers loses his all but discovers club owner Fenton's crooked play and accuses him. Fenton draws a gun but Powers shoots first. Fenton falls. Powers runs out. The players try to stop him. In doing so a lamp is overturned and the Kentucky Club goes up in flames. Risking arrest, Powers returns to rescue his son who is calling from the upper window for help. To Be Continued in Chapter 2 - Paths of Peril.",https://www.imdb.com/title/tt0312692/?ref_=sr_i_559
560. La historia de un duro,1927,,,,,,,https://www.imdb.com/title/tt0018002/?ref_=sr_i_560
561. Isle of Forgotten Women,1927,58m,,,,,"Bruce Paine (Conway Tearle), a fugitive from justice, arrives at Paradise Island, having confessed to crime committed by his father. His fiancee, Alice Burroughs (Alice Calhoun), however, retains her faith in him and his prepared to wait until his name is cleared. Marua (Dorothy Sebastian), a young native girl, sees no need to wait.",https://www.imdb.com/title/tt0018031/?ref_=sr_i_561
562. Tricky Girl,1927,1h 10m,,,,,"Beautiful girl who pretended to throw herself into the lake, won the heart of a traveling photographer, but the day after their wedding she ran away.",https://www.imdb.com/title/tt0018048/?ref_=sr_i_562
563. Not for Publication,1927,1h 10m,,,,,,https://www.imdb.com/title/tt0142704/?ref_=sr_i_563
564. Die Tragödie eines Verlorenen,1927,1h 15m,,,,,"A bland bank teller with access to the safe suffers from a strong complex. As soon as he leafs through a very revealing magazine with attractive pictures of women, visions and actual life mix for him. For example, he sees scantily clad women crawling out of his cuffs and under his arms, provoking catatonic excitement in him. During his visions, the little official turns into a baron from South America and leads an interesting, erotically extravagant life. In his role, his erotic feelings are primarily focused on his superior's wife, who is tying him up and whom he is trying to rape. When two criminals find out about him, they blackmail the man and demand that he give them valuable jewelry from the bank's safe deposit boxes.",https://www.imdb.com/title/tt0129436/?ref_=sr_i_564
565. The Desert Pirate,1927,50m,Passed,,,,,https://www.imdb.com/title/tt0017803/?ref_=sr_i_565
566. Vadia Dhor,1927,,,,,,,https://www.imdb.com/title/tt0240161/?ref_=sr_i_566
567. Das Fürstenkind,1927,,,,,,,https://www.imdb.com/title/tt0432295/?ref_=sr_i_567
568. Hook and Ladder No. 9,1927,1h,,,,,,https://www.imdb.com/title/tt0018010/?ref_=sr_i_568
569. The Phantom Buster,1927,50m,,,,,,https://www.imdb.com/title/tt0018261/?ref_=sr_i_569
570. The Haunted Ship,1927,50m,,,,,,https://www.imdb.com/title/tt0017969/?ref_=sr_i_570
571. Legionnaires in Paris,1927,1h,,,,,"Two American soldiers are on leave in Paris on Armistice Day and, due to a misunderstanding, believe that they've killed a man, although accidentally. When they discover that the police are looking for them, they're convinced that they're in big trouble and take off. Complications ensue.",https://www.imdb.com/title/tt0135522/?ref_=sr_i_571
572. Once and Forever,1927,1h,,,,,,https://www.imdb.com/title/tt0018223/?ref_=sr_i_572
573. Three Hours,1927,1h,,,,,"Left penniless by her vengeful ex-husband, Madeline is forced to become a pickpocket to pay for a new wardrobe.",https://www.imdb.com/title/tt0018482/?ref_=sr_i_573
574. Somewhere in Sonora,1927,57m,Passed,,,,"Framed for a stagecoach accident, John Bishop is jailed. Bob Leady helps break him out and in return John heads for Sonora to look for Leady's missing son. He finds him when he joins Monte black's gang, a gang from which no member has ever escaped alive.",https://www.imdb.com/title/tt0018425/?ref_=sr_i_574
575. Cactus Trails,1927,50m,,,,,,https://www.imdb.com/title/tt0319133/?ref_=sr_i_575
576. Krestovik,1927,,,,,,Fighting kulaks in one of the northern villages during the years of the recovery period after the Russian Civil War.,https://www.imdb.com/title/tt12082336/?ref_=sr_i_576
577. The Harvester,1927,1h 20m,,,,,,https://www.imdb.com/title/tt0017966/?ref_=sr_i_577
578. Die schönsten Beine von Berlin,1927,,,,,,,https://www.imdb.com/title/tt0018365/?ref_=sr_i_578
579. By Whose Hand?,1927,57m,,,,,,https://www.imdb.com/title/tt0017723/?ref_=sr_i_579
580. Breed of Courage,1927,50m,,,,,,https://www.imdb.com/title/tt0017699/?ref_=sr_i_580
581. O Vale dos Martírios,1927,,,,,,"A farmer adopted a boy to become the brother of his only daughter. They become best friends and have a happy life, but the father decides that the boy must be educated on a boarding school. When he returns year later, the grown kids realize that their mutual affection has become something deeper.",https://www.imdb.com/title/tt0192738/?ref_=sr_i_581
582. The Swift Shadow,1927,50m,,,,,,https://www.imdb.com/title/tt0167433/?ref_=sr_i_582
583. Very Confidential,1927,1h,,,,,"Madge Murphy, a fashion model in a sporting goods store, learning that Adelaide Melbourne, ""a famous sportswoman, is to spend the Summer in Alaska, conceives the idea of impersonating her at another resort in the hope of winning Roger Allen, who does not know, but greatly admires Miss Melbourne. She puts the deception over, but it involves her in a number of scrapes, trying to live up to her assumed reputation, including the handling of a speed boat and an auto race up a mountain trail, but she comes through triumphant and wins Roger in her proper person against the machinations of Priscilla Travers."" - Moving Picture World.",https://www.imdb.com/title/tt0018536/?ref_=sr_i_583
584. The Siren,1927,58m,Passed,,,,"A high-society woman, Glenna Marsh (Dorothy Revier), is arrested for the murder of gigolo-gambler Cole Norwood (Norman Trevor), but his honest casino partner Peter Dane (Tom Moore) proves her innocence.",https://www.imdb.com/title/tt0019392/?ref_=sr_i_584
585. Lost at the Front,1927,1h,,,,,"One was an Irish policeman - his friend was a German saloon keeper. They went ""over there"" to fight for their country, but they had more fights getting to the front than they had when they got there. And the way those Russian women made love to them, made them wish they were in ""No Woman's Land"". Positively the funniest war story ever screened. You'll lose yourself in laughter when you see ""Lost at the Front"". Don't miss it. The previous paragraphs appeared in promotional material distributed for the 1927 release.",https://www.imdb.com/title/tt0018104/?ref_=sr_i_585
586. La última cita,1927,,,,,,,https://www.imdb.com/title/tt0018609/?ref_=sr_i_586
587. La fin de Monte-Carlo,1927,,,,,,,https://www.imdb.com/title/tt0341355/?ref_=sr_i_587
588. Wages of Conscience,1927,,,,,,,https://www.imdb.com/title/tt0018544/?ref_=sr_i_588
589. The Reckless Mollycoddle,1927,,,,,,,https://www.imdb.com/title/tt0018309/?ref_=sr_i_589
590. Madame wagt einen Seitensprung,1927,,,,,,,https://www.imdb.com/title/tt0332228/?ref_=sr_i_590
591. All Aboard,1927,1h,,,,,"Finding himself discharged from a shoe store job and the girl of his affections, May, Johnny gets away from it all by becoming a tour guide for a group of travelers visiting Eygpt. Once there, he is conned into changing places with an itinerant sheik. Johnny finds that along with the colorful costumes, comes some property, including a fat, awful wife. Desperately trying to ditch his new status and responsibilities, he finds out that May is now in the hands of a bandit horde in the desert. He locates her and by cover of a sandstorm, escapes with her.",https://www.imdb.com/title/tt0017617/?ref_=sr_i_591
592. Silk Legs,1927,1h,,,,,"Sales agents for rival hosiery concerns try to land an order, the boy for a while succeeding and putting on an exhibition. The girl makes the mannequins use her own brand of hose, flirts with the buyer and wins order away from her rival.",https://www.imdb.com/title/tt0018402/?ref_=sr_i_592
593. Setúbal e Seus Arredores,1927,,,,,,,https://www.imdb.com/title/tt0129367/?ref_=sr_i_593
594. The Girl from Gay Paree,1927,,,,,,,https://www.imdb.com/title/tt0017933/?ref_=sr_i_594
595. Stage Madness,1927,1h,,,,,"Madame Lamphier, a ballet dancer, tires of domestic life after the birth of her daughter, Dora, and returns to the stage. Her husband, Andrew, however, disappears with her daughter. Years later, Madame Lamphier is injured by a fall, and when a younger girl threatens to take her place, Lamphier in a jealous rage shoots the manager, Pierre, and frames the girl for murder. When she discovers that the girl is her own long-lost daughter, she herself dies.",https://www.imdb.com/title/tt0018445/?ref_=sr_i_595
596. The Circus Ace,1927,50m,,,,,"Tom meets his fate when a balloon goes sailing over the ranch: seeing a girl jump with a parachute, he rides to her rescue. Later, during the circus parade, he rides to her assistance, rescuing her from an elephant and thus arousing the ire of the circus manager, whose henchmen begin to chase Tom. Scrambling over the main tent, Tom falls onto the tightrope and lands in a net with the girl while the crowd wildly applauds. Kirk Mallory, who is jealous of Tom's attentions to Millie, frames Tom for a murder; he lands in jail but escapes and reaches Mallory's ranch in time to rescue the girl and administer a thrashing to the villain.",https://www.imdb.com/title/tt0017754/?ref_=sr_i_596
597. God's Great Wilderness,1927,,,,,,,https://www.imdb.com/title/tt0017940/?ref_=sr_i_597
598. Her Indiscretion,1927,1h 4m,,,,,"After Trueman Tisdale, a young officer in the Coast Guard, marries Martha, a pretty young woman, he discovers that her previous relationship with a ne'er-do-well named Nate Sanderson has created gossip in their New England hometown of Bayport. When a ship goes aground one night, Sanderson is saved and brought back to town. Sanderson tries to rekindle his relationship with Martha, who is lonely while her husband is away. This creates so much gossip in Bayport that Trueman's own mother warns him that Martha has been seen in Sanderson's company. During a cliffside confrontation, Martha resists Sanderson's overtures and remains loyal to her husband. When Trueman arrives, he and Martha are on the verge of shooting Sanderson when he tries to protect himself by climbing a tree. When the tree breaks, Sanderson falls off the cliff, after which the young couple are reconciled.",https://www.imdb.com/title/tt0017981/?ref_=sr_i_598
599. The Range Riders,1927,50m,,,,,,https://www.imdb.com/title/tt0018305/?ref_=sr_i_599
600. Die Welt ohne Waffen,1927,,,,,,,https://www.imdb.com/title/tt0451268/?ref_=sr_i_600
601. Die elf Teufel,1927,1h 38m,,6.7,96,,"A professional football players' club tries to get a goalscorer out of the small workers club. With the help of a large contract and a woman, he stays in the end with his club and beats the big club in the decisive game for the city cup.",https://www.imdb.com/title/tt0349398/?ref_=sr_i_601
602. The Kid Stakes,1927,1h 9m,,6.7,75,,"Young ""Fatty"" Finn and his friends enter their pet goat in a race, but his rival ""Bruiser"" Murphy lets the goat loose, right before the race.",https://www.imdb.com/title/tt0336695/?ref_=sr_i_602
603. Bennie the Howl,1927,1h 30m,Not Rated,6.3,70,,"The seamy Jewish underworld of Odessa is the setting for Isaac Babel's story based on the life of gangster king Mishka Yaponchik ""Mike the Jap"" Vinnitsky. Murder is a way of life for Benya and his gang until he finds himself ensnared in a Bolshevik trap.",https://www.imdb.com/title/tt0182781/?ref_=sr_i_603
604. Le mariage de Mademoiselle Beulemans,1927,1h 5m,,6.2,55,,The daughter of a Brussels restaurant proprietor prefers the company of a young man from Paris to that of her compatriots.,https://www.imdb.com/title/tt0018142/?ref_=sr_i_604
605. Dokuro,1927,48m,,6.9,48,,"A rare film which depicts the tragic fate of a Christian lord who fought for his fate in the Edo period. Of note is Utaemon Ichikawa's extraordinary memorable final scenes in which he takes on his enemy with a gash in his forehead and a wild, unkempt mane.",https://www.imdb.com/title/tt0943415/?ref_=sr_i_605
606. Maiorul Mura,1927,1h 12m,,6.8,36,,"A certain village nobleman Amedeu dies, leaving a substantial legacy, but there is a matrimonial clause. The first of two men (who do not know each other) who will marry will receive the inheritance of one million.",https://www.imdb.com/title/tt0172759/?ref_=sr_i_606
"607. Dva druga, model i podruga",1927,1h,,6.7,35,,Two inventors head to propose a machine for easy soap packaging while evil capitalist tries to destroy the machine and gaslighting friends.,https://www.imdb.com/title/tt0018856/?ref_=sr_i_607
"608. Perdón, viejita",1927,,,5.7,41,,,https://www.imdb.com/title/tt0188993/?ref_=sr_i_608
609. Vom Reiche der sechs Punkte,1927,1h 35m,,6.9,25,,,https://www.imdb.com/title/tt1127899/?ref_=sr_i_609
610. Hell Hounds of the Plains,1927,58m,Passed,6.0,22,,"Horses are being rustled by outlaws known as the Hell Hounds. When the Sheriff is killed, his Deputy Yak takes over the search for the rustlers. John Lawson says Yak cannot marry his daughter until the murderer of the Sheriff is caught. But unknown to Lawson, the murderer is his own son.",https://www.imdb.com/title/tt0127583/?ref_=sr_i_610
611. The Broadway Drifter,1927,Passed,,6.7,20,,"Bob Stafford, the wastrel son of a wealthy businessman, is disowned by his father for his reckless and irresponsible ways. He changes his name and opens a gym for wealthy young girls, hoping to land a rich and pretty wife. He meets and falls for pretty young Eileen, but a rival soon drives him out of the gym business. He gets a job in an airplane factory owned by Eileen's father, who is soon told by a rival that Bob is really out to steal a new airplane invention so he can give it to his father.",https://www.imdb.com/title/tt0017701/?ref_=sr_i_611
612. The Master of Nuremberg,1927,1h 20m,,7.1,14,,,https://www.imdb.com/title/tt0018155/?ref_=sr_i_612
613. Cyclone of the Range,1927,50m,Passed,6.6,19,,"Cowboy Tom Mackay, who takes a job on the Butler ranch, is out looking for an outlaw who murdered his brother. Tom falls in love with the rancher's daughter, Mollie, finding a rival in foreman Dakin.",https://www.imdb.com/title/tt0017788/?ref_=sr_i_613
614. Desert Dust,1927,50m,,4.4,39,,"Frank Fortune, a young rancher, is jailed along with two of his men for fighting with rival ranchers.",https://www.imdb.com/title/tt0017802/?ref_=sr_i_614
615. The Country Doctor,1927,1h 20m,,6.7,17,,"A country doctor helps a young couple to elope, and comes near to losing his practice and his happiness through the hostility of the boy's father.",https://www.imdb.com/title/tt0017776/?ref_=sr_i_615
616. Love Me and the World Is Mine,1927,1h,Passed,6.0,16,,"In Old Vienna in the days prior to The Great War, a beautiful woman, Hannerl, has her choice of two men. The first is a dashing young army officer who can provide blazing romance and little long-time security. The other is an older man, influential in the affairs of Austria, who could provide wealth...and tender devotion. Hannerl thinks about it.",https://www.imdb.com/title/tt0019113/?ref_=sr_i_616
617. The Iron Rider,1927,1h 1m,Not Rated,5.9,22,,"After he loses his money and horse in a poker game, Yak learns he was cheated. But then he learns that the men that cheated him are wanted and have a price on their heads. This gives him a chance to get his money back and more, so he sets out after them.",https://www.imdb.com/title/tt0017000/?ref_=sr_i_617
618. Das Geheimnis des Abbe X,1927,1h 5m,,5.0,21,,,https://www.imdb.com/title/tt0017923/?ref_=sr_i_618
619. Taras Tryasylo,1927,1h 2m,,6.1,14,,,https://www.imdb.com/title/tt11885930/?ref_=sr_i_619
620. Rose of the Bowery,1927,Passed,,5.8,20,,"Some of the stories of the six-million citizens of New York City are depicted her, including: a Judge, sworn to protect society, has to send his own son to prison; a tenement girl is elevated to an atmosphere of refinement and culture among 'The 400'; the students at a preppy prep school wrongfully accuse a girl of being a thief. and an ex-convict wreaks his revenge. And a few more.",https://www.imdb.com/title/tt0158167/?ref_=sr_i_620
621. Der goldene Abgrund,1927,1h 26m,,5.5,20,,"The sisters Jola and Claire are saved from a burning ship, the former is brought up by a priest on a volcanic island ; the latter reaches Paris and becomes a plunderer of men. Her ruined lover is saved from suicide by an eccentric doctor who organizes a treasure-hunt expedition. They reach the island ; the last remnant of submerged Atlantis. Here the disconsolate one encounters Jola, the image of his lost love. The adventurers are attacked by escaped convicts. The volcano, long quiescent, erupts. The wicked perish. The lovers, with wealth incalculable, escape to Paris.",https://www.imdb.com/title/tt0239013/?ref_=sr_i_621
622. The Adventurer,1927,50m,,4.7,29,,"American mining engineer Jim McClellan is in love with Dolores de Silva, daughter of the deposed president of a Latin American country. He becomes involved in the revolution when he attempts to help the president regain power. After many dangerous adventures, including a narrow escape from a rebel firing squad, McClellan succeeds in restoring Silva to office and winning the girl.",https://www.imdb.com/title/tt0018624/?ref_=sr_i_622
623. Svengali,1927,,,6.2,10,,"Remake of the famous novel, ""Trilby""",https://www.imdb.com/title/tt0382999/?ref_=sr_i_623
624. Soft Cushions,1927,1h 10m,,4.2,21,,"While spying a beautiful slave girl, a young thief penetrates the harem in which she is imprisoned and, when apprehended, announces that he wants to buy her. Though she dreams of winning the favor of the sultan, she is attracted to the thief. He robs his partners, a fat and a lean thief, to raise the money; but just as he is about to marry the girl, the partners expose his fraud. The police judge takes a look at the girl, confiscates her and the plunder, and orders the young thief's decapitation. But the notary remembers that the thief has promised to pull the sultan's whiskers, thus automatically moving the case to the Wazir's court; the Wazir also falls for the girl and orders an execution. The thief escapes, and disguised as the Wazir, he saves the life of the sultan, winning forgiveness for his sins; and as Wazir he purchases the slave girl for his wife.",https://www.imdb.com/title/tt0018423/?ref_=sr_i_624
625. Le duel,1927,,,6.6,9,,,https://www.imdb.com/title/tt0243875/?ref_=sr_i_625
626. Violantha,1927,,,5.7,13,,,https://www.imdb.com/title/tt0017516/?ref_=sr_i_626
627. Halloh - Caesar!,1927,1h 30m,,6.7,8,,,https://www.imdb.com/title/tt0288557/?ref_=sr_i_627
628. The Black Bottom,1927,,,5.6,10,,,https://www.imdb.com/title/tt0179680/?ref_=sr_i_628
629. Tumbling River,1927,50m,,4.3,14,,Tom Gier (Tom Mix) tries to recover his stolen horses from rustlers and while trailing them he saves Edna Barton (Dorothy Dwan) from the gang and then ends up saving her from a fast moving river while breaking up the gang.,https://www.imdb.com/title/tt0018511/?ref_=sr_i_629
630. Colleen,1927,1h,,4.7,13,,Madge Bellamy plays an Irish-American debutante who falls in love with the son (Morton) of an impoverished aristocrat.,https://www.imdb.com/title/tt0017764/?ref_=sr_i_630
631. The Small Bachelor,1927,1h 10m,,5.8,7,,"A society woman wants her daughter to marry a fortune-hunting lord, but the girl continues to plan her marriage to an artist. Her mother and the lord plot to prevent it, but after a number of complications, the lovers are united.",https://www.imdb.com/title/tt0018416/?ref_=sr_i_631
632. Silver Comes Through,1927,1h,,3.8,18,,,https://www.imdb.com/title/tt0018404/?ref_=sr_i_632
633. Fjeldeventyret,1927,1h 48m,,4.9,10,,The law man's sole daughter and knows who she should marry. But she has fallen in love during a trip to the capitol.,https://www.imdb.com/title/tt0017888/?ref_=sr_i_633
634. Easy Pickings,1927,1h,,3.8,10,,"Simeon Van Horne is poisoned by Stewart, his lawyer, who hopes to get a part of the estate to be divided between young Peter Van Horne and Dolores, Peter's cousin. Knowing that Dolores is dead, Stewart, who catches Mary Ryan burglarizing the Van Horne home, induces her to pose as Dolores. Mary's companion, Tony, is pulled into a secret passage; Van Horne's body disappears; Remus, the colored servant, sees a black-hooded figure; the lights go off and on; and a detective is the object of many hoaxes perpetrated by the mysterious figure. When the figure (played alternately by Tony and Dr. Naylor) discloses the features of Van Horne, he frightens a confession from Stewart, then discloses himself as Peter's ""chauffeur."" Peter discovers that Mary deserves a part of the fortune and convinces her of his love.",https://www.imdb.com/title/tt0017842/?ref_=sr_i_634
635. The Ridin' Rowdy,1927,50m,,2.6,8,,,https://www.imdb.com/title/tt0018327/?ref_=sr_i_635
636. Cabaret,1927,1h 10m,,1.6,12,,"Gloria Trask, who has risen from a squalid East Side environment to stardom in Costigan's nightclub, is admired by Tom Westcott, detective, and Sam Roberts, a gangster with whom her brother is involved. Andy, threatened by the gang, is forced to pay off, and in a showdown in Gloria's dressing room, Andy shoots Roberts in self-defense. Gloria helps her brother to leave on a South American liner, while Tom forces Roberts' girlfriend Blanche to admit to witnessing the crime. Blanche insists that it was murder, but Tom forces her to admit that Roberts had a gun by accusing her of the killing.",https://www.imdb.com/title/tt0017724/?ref_=sr_i_636
637. L'Italia s'è desta,1927,,,,,,,https://www.imdb.com/title/tt0959470/?ref_=sr_i_637
638. The Perfect Sap,1927,1h,,,,,"Wealthy young Herbert Alden, a would-be detective, is practicing housebreaking with his valet, an ex-convict, when he meets George and Polly, two real thieves; they are discovered and, following a chase, they go to Herbert's city apartment. George arranges with one of them, Tony-the-Lizard, to rob the guests at a ball given by Herbert's father at his country home. Herbert discovers that Tony is Tracy Sutton, a social lion engaged to Herbert's sister Roberta; and believing Herbert to be a famous criminal, Tony seeks his advice. At the last minute Herbert sounds the alarm and reveals his identity. Polly, who is at the ball in disguise, is accused by Ruth Webster of participation in the robbery, but Polly unmasks Ruth as a notorious thief. After revealing her own identity as a newspaper writer, Polly is united with Herbert.",https://www.imdb.com/title/tt0018257/?ref_=sr_i_638
639. Wolf's Clothing,1927,1h 20m,,,,,"Barry Baline, a guard at a subway station, has worked at his job for six years without a day off. One New Year's Eve he's told that he won't be needed until the next morning, so he decides to go out for a night on the town. As it turns out, however, his ""celebrating"" is short-lived--he is knocked down by a large, luxurious car driven by a man wearing expensive evening clothes. Complications ensue.",https://www.imdb.com/title/tt0018585/?ref_=sr_i_639
640. La sentinella della patria,1927,1h 8m,,,,,,https://www.imdb.com/title/tt0167398/?ref_=sr_i_640
641. Lure of the Night Club,1927,1h,,,,,,https://www.imdb.com/title/tt0018125/?ref_=sr_i_641
642. Rô Kôchô,1927,,,,,,,https://www.imdb.com/title/tt3777516/?ref_=sr_i_642
643. Chelovek iz Lesa,1927,,,,,,"About the struggle of Soviet people against spies and saboteurs. - At the construction of a new power plant, a former White Guard, Poloz, appears on the site under the guise of a hunter. His goal is to blow up the power plant. And he will not stop at stealing the little son of his ex-wife Katya .",https://www.imdb.com/title/tt4331990/?ref_=sr_i_643
644. Ambição Castigada,1927,,,,,,,https://www.imdb.com/title/tt0264351/?ref_=sr_i_644
645. Slightly Used,1927,1h 10m,Passed,,,,"Cynthia Martin (May McAvoy) in order to get around the insistence of her father (Rudolph Anders) that her two younger sisters Helen (Audrey Ferris) and Grace (Sally Elers) can not marry until she does invents a husband for herself called Major Smith, The fictitious husband Major John Smith (Conrad Nagel) materializes bringing with him chaos and confusion.",https://www.imdb.com/title/tt0018414/?ref_=sr_i_645
646. Tie shan gong zhu,1927,,,,,,,https://www.imdb.com/title/tt0205467/?ref_=sr_i_646
647. Okame,1927,,,,,,,https://www.imdb.com/title/tt0018216/?ref_=sr_i_647
648. Jake the Plumber,1927,1h,,,,,,https://www.imdb.com/title/tt0018035/?ref_=sr_i_648
649. Sernache de Bonjardim,1927,,,,,,,https://www.imdb.com/title/tt0129363/?ref_=sr_i_649
650. Her Father Said No,1927,1h 10m,,,,,"While taking a morning workout, young prizefighter Danny Martin encounters Charlotte Hamilton in distress over her balky roadster. Martin wins his fight but is counted a loser by a crooked referee. Later, he is invited to a barbecue at Charlotte's home, but when John Hamilton, who strongly dislikes fighters, learns of Martin's profession, he shows him the door. Danny gives up his career for Charlotte and opens a health resort for obese millionaires. Hamilton and his prospective son-in-law, Penrod, arrive at the resort for treatment, and their indignation and disgust at the treatment provide comic complications. Learning that Danny and Charlotte have already eloped, Hamilton is at first furious, then resigns himself to their happiness.",https://www.imdb.com/title/tt0017980/?ref_=sr_i_650
651. Wedding Bill$,1927,1h,,,,,"The best man at an upcoming wedding goes to a jeweler to pick up the wedding ring and is also given a bracelet, on approval, worth $25,000. On his way home, a pigeon swoops down and snags the bracelet. The man must track down the pigeon and get the bracelet back so he won't have to pay for it--but that's easier said than done.",https://www.imdb.com/title/tt0177362/?ref_=sr_i_651
652. Heroes of the Night,1927,1h 10m,,,,,,https://www.imdb.com/title/tt0017987/?ref_=sr_i_652
653. Ten'nôji no harakiri,1927,,,,,,,https://www.imdb.com/title/tt5451334/?ref_=sr_i_653
654. Die Frauen von Folies Bergères,1927,,,,,,,https://www.imdb.com/title/tt0462299/?ref_=sr_i_654
655. Aniki,1927,,,,,,,https://www.imdb.com/title/tt9471908/?ref_=sr_i_655
656. Ken to koi,1927,,,,,,,https://www.imdb.com/title/tt7951330/?ref_=sr_i_656
657. Un balilla del '48 (Il dramma degli umili nella luce dei Grandi),1927,,,,,,,https://www.imdb.com/title/tt1452623/?ref_=sr_i_657
658. Wandering Stars,1927,1h 3m,,,,,"The violinist Leva Ratkovich loved the poor girl Rachel, but her father did not allow her to marry a ""beggar"". Making sure that in tsarist Russia he could not achieve recognition, Leva decided to emigrate. After wandering, he falls into the hands of an impressionario, who made him a celebrity. On tour, Leva met his Rachel, who was also forced to emigrate. The Wandering Stars finally meet.",https://www.imdb.com/title/tt0348341/?ref_=sr_i_658
659. Charleston y besos,1927,,,,,,,https://www.imdb.com/title/tt0194746/?ref_=sr_i_659
660. Kennan jonan: zenpen,1927,,,,,,,https://www.imdb.com/title/tt7543944/?ref_=sr_i_660
661. Dokuro no odori,1927,,,,,,,https://www.imdb.com/title/tt9611444/?ref_=sr_i_661
662. Todessturz im Zirkus Cesarelli,1927,,,,,,,https://www.imdb.com/title/tt1682373/?ref_=sr_i_662
663. White Heat,1927,,,,,,A man loves a dancer who becomes a producer's mistress.,https://www.imdb.com/title/tt0307662/?ref_=sr_i_663
664. Hey! Hey! Cowboy,1927,1h,,,,,,https://www.imdb.com/title/tt0017989/?ref_=sr_i_664
"665. Carolina, la niña de plata",1927,,,,,,,https://www.imdb.com/title/tt0016712/?ref_=sr_i_665
666. Die große Pause,1927,,,,,,,https://www.imdb.com/title/tt0017953/?ref_=sr_i_666
667. The Secret Studio,1927,1h,Passed,,,,"Ambitious Rosemary Merton ( Olive Borden ), agrees to pose in the studio of Larry Kane ( Ben Bard ), a depraved artist, but she refuses to do so in the nude. However, Kane makes it appear in the portrait that she posed in that manner, and she is disgraced when local newspapers print the picture. She is eventually exonerated by the intervention of Sloan Whitney ( Clifford Holland ), her wealthy young sweetheart; and Rosemary makes the sacrifice of ambition for love.",https://www.imdb.com/title/tt0018369/?ref_=sr_i_667
668. The Arizona Whirlwind,1927,50m,,,,,,https://www.imdb.com/title/tt0017640/?ref_=sr_i_668
669. Men Before Marriage,1927,,,,,,,https://www.imdb.com/title/tt0165399/?ref_=sr_i_669
670. The Western Rover,1927,50m,,,,,,https://www.imdb.com/title/tt0018556/?ref_=sr_i_670
671. Midare sakû hana,1927,,,,,,,https://www.imdb.com/title/tt8890554/?ref_=sr_i_671
672. Das Erwachen des Weibes,1927,,,,,,,https://www.imdb.com/title/tt0457338/?ref_=sr_i_672
673. Kinnô no chî,1927,,,,,,,https://www.imdb.com/title/tt9311932/?ref_=sr_i_673
674. Einer gegen alle,1927,,,,,,,https://www.imdb.com/title/tt0457331/?ref_=sr_i_674
675. Gehetzte Frauen,1927,1h 10m,,,,,"Clarina guards her daughter and kills her attacker. Daughter Angelica is engaged to a nobleman and Clarina leaves her daughter. As the nobleman is injured in a duel, he marries Angelica on his deathbed.",https://www.imdb.com/title/tt0132181/?ref_=sr_i_675
676. Fukushûki,1927,,,,,,,https://www.imdb.com/title/tt7154878/?ref_=sr_i_676
677. Historia de un taxi,1927,,,,,,,https://www.imdb.com/title/tt0018003/?ref_=sr_i_677
678. Mura no isha to modan garû,1927,,,,,,,https://www.imdb.com/title/tt9622402/?ref_=sr_i_678
679. The Laffin' Fool,1927,50m,Passed,,,,,https://www.imdb.com/title/tt0312889/?ref_=sr_i_679
680. Out All Night,1927,1h,,,,,"A young man marries an actress, but meanwhile her uncle has signed a contract binding her to spinsterhood, many complications arise.",https://www.imdb.com/title/tt0018240/?ref_=sr_i_680
681. Faith of Millions,1927,,,,,,"This is a documentary of the 28th International Eucharistic Congress, a worldwide gathering of the Roman Catholic faithful, held in Chicago, Illinois 20-24 June 1926.",https://www.imdb.com/title/tt0408768/?ref_=sr_i_681
"682. Potsdam, das Schicksal einer Residenz",1927,,,,,,,https://www.imdb.com/title/tt0452665/?ref_=sr_i_682
683. Shin fukkatsu,1927,,,,,,,https://www.imdb.com/title/tt11480626/?ref_=sr_i_683
684. Die von der Sanitätskolonne,1927,,,,,,,https://www.imdb.com/title/tt0137465/?ref_=sr_i_684
685. A las armas,1927,,,,,,,https://www.imdb.com/title/tt0190946/?ref_=sr_i_685
686. Mitya,1927,1h 37m,,,,,"Exposing the customs of provincial philistinism in the years of NEP. Small town. Mitya, going to the party of his bride Shurochka, finds a dying woman with infants. When he comes to visit the child, everyone decides that he was the father - and kicks him out. Mitya decides to drown himself. Unknown saves him and helps to stage his own funeral. During the mourning ceremony, Mitya rise from the grave, thanks the inhabitants petrified by horror, and leaves the city forever.",https://www.imdb.com/title/tt0018165/?ref_=sr_i_686
687. Backstage,1927,,,,,,"Julia, Myrtle, Fanny, and Jane - all chorus girls, after weeks of rehearsing for a show, find themselves stranded when the manager is broke. Evicted for not paying the rent, they try various schemes to get food and lodging.",https://www.imdb.com/title/tt0017657/?ref_=sr_i_687
688. Die Frau im Schrank,1927,,,,,,,https://www.imdb.com/title/tt0439183/?ref_=sr_i_688
689. Ôsei fûkko: kôhen,1927,,,,,,,https://www.imdb.com/title/tt12171516/?ref_=sr_i_689
690. Roaring Guns,1927,Passed,,,,,,https://www.imdb.com/title/tt0265654/?ref_=sr_i_690
691. The Outlaw Dog,1927,50m,Passed,,,,,https://www.imdb.com/title/tt0018242/?ref_=sr_i_691
692. The Rose of Kildare,1927,1h 10m,,,,,,https://www.imdb.com/title/tt0018342/?ref_=sr_i_692
693. Omaeda eigorô,1927,,,,,,,https://www.imdb.com/title/tt9404486/?ref_=sr_i_693
694. Ranger of the North,1927,50m,,,,,,https://www.imdb.com/title/tt0018306/?ref_=sr_i_694
695. Akagi no Yubae,1927,,,,,,,https://www.imdb.com/title/tt3777338/?ref_=sr_i_695
696. La bellezza del mondo,1927,,,,,,,https://www.imdb.com/title/tt0157374/?ref_=sr_i_696
697. The Racing Fool,1927,50m,,,,,"Racing driver Jack Harlowe falls in love with Helen Drake, the daughter of his father's rival automobile manufacturer. Having promised his father to drive in the big race, Howes must refuse the girl's request that he drive for her father, but when he learns that another man (who has his eye on the girl) plans to drive for her father and throw the race, Howes receives parental permission to win the race for the rival.",https://www.imdb.com/title/tt0018300/?ref_=sr_i_697
698. Kong men xian xi,1927,,,,,,"When her son is away at war, an evil woman makes his wife's life so miserable the daughter-in-law leaves the family home and enters a nunnery.",https://www.imdb.com/title/tt0192212/?ref_=sr_i_698
699. Das Mädchen ohne Heimat,1927,1h 22m,,,,,"Eva Bennet, a young mysterious widow appears at Pension Sanssouci in Berlin during the Weimar era. She attracts a lot of attention from everybody, especially from Georg Raval.",https://www.imdb.com/title/tt0482553/?ref_=sr_i_699
700. Mardna Gha,1927,,,,,,,https://www.imdb.com/title/tt0264839/?ref_=sr_i_700
701. Love Makes 'Em Wild,1927,1h,,,,,,https://www.imdb.com/title/tt0018108/?ref_=sr_i_701
702. Arme kleine Sif,1927,,,,,,,https://www.imdb.com/title/tt0457280/?ref_=sr_i_702
703. V panském stavu,1927,1h 16m,,,,,,https://www.imdb.com/title/tt0298589/?ref_=sr_i_703
704. Framed,1927,1h,,,,,"Captain Hilaire is wrongfully court martialed by the French Army. He Goes to Brazil where he is hired as a foreman in a Diamond mine. There, he falls in love with Diane, the boss's daughter, but when they are away, Hilaire is framed for stealing from the company by his rival, Remsen, and is sent to a Devil's Island-like prison camp. Eventually, Remson, too is sent there, where he confesses on his death bed, freeing Hilaire.",https://www.imdb.com/title/tt0017904/?ref_=sr_i_704
705. Rukmamgad Mohini,1927,,,,,,,https://www.imdb.com/title/tt21043454/?ref_=sr_i_705
706. Pantáta Bezousek,1927,1h 37m,,,,,,https://www.imdb.com/title/tt0165908/?ref_=sr_i_706
707. Issun-bôshi,1927,,,,,,,https://www.imdb.com/title/tt0445471/?ref_=sr_i_707
708. Kafe Fankoni,1927,,,,,,"The owner of the Odessa zucchini ""Cafe Fanconi"" - Korova - he is also a contractor of the cooperative for cleaning steam boilers. Often he used port street children, who could crawl into narrow steamboat pipes. Often they lost consciousness in the pipes and died.",https://www.imdb.com/title/tt0231850/?ref_=sr_i_708
709. Onmitsu,1927,,,,,,,https://www.imdb.com/title/tt12050318/?ref_=sr_i_709
710. Sindflut,1927,,,,,,,https://www.imdb.com/title/tt0018408/?ref_=sr_i_710
711. Tingel Tangel,1927,1h 31m,,,,,,https://www.imdb.com/title/tt0205470/?ref_=sr_i_711
712. Aladdin and the Wonderful Lamp,1927,,,,,,,https://www.imdb.com/title/tt0241166/?ref_=sr_i_712
713. The Heart of Salome,1927,1h,Passed,,,,,https://www.imdb.com/title/tt0017974/?ref_=sr_i_713
"714. S. Francisco Xavier, o Apóstolo das Índias",1927,,,,,,,https://www.imdb.com/title/tt0129348/?ref_=sr_i_714
715. Honeymoon Hate,1927,1h,,,,,"Gail Grant, the impetuous daughter of a Pittsburgh steel magnate, arrives at a hotel in Venice and demands the Imperial Suite; in London, George Banning-Green, a persistent admirer, believes that she has gone to Berlin. Searching for ""imperial"" furnishings, the hotel manager goes to the palace of Prince Dantarini, who is selling the contents of his villa as an aftermath of the war. Dantarini agrees to be her guide in Venice, and when he proposes in his garden, Gail accepts. When their honeymoon trip is postponed because of a business appointment, they quarrel, and she locks herself in the bedroom while he calmly sits down to dinner. After announcing her plan to divorce him, Gail bumps into Banning-Green and introduces him to her husband, whereupon Dantarini becomes violently jealous; when he offers her her freedom, however, her will is broken, and a word from Banning-Green sends them into each other's arms.",https://www.imdb.com/title/tt0135454/?ref_=sr_i_715
716. Broadway After Midnight,1927,,,,,,"To protect her brother, a nightclub entertainer Queenie Morgan marries a gangster. She bears a resemblance to a society girl who has gotten involved with the underworld and wound up shooting her gangster boyfriend, and the gang forces Queenie to impersonate the woman in order to extort money from her wealthy parents. Unfortunately the society girl is killed by the gang, and the police arrest Queenie for the murders of both the society girl and her boyfriend.",https://www.imdb.com/title/tt0017700/?ref_=sr_i_716
717. The Little Adventuress,1927,1h 10m,,,,,"After five years of married life, Leonard Stoddard leaves his Victoria in tears and goes to the studio of Helen Davis, an artist, for sympathy. Believing that he loves her, Helen agrees to run away with him. Victoria, meanwhile, takes her troubles to Antonio Russo, an actor, and they also decide to run away. Helen and Leonard become stranded and are put up at the ranch of George La Fuente, a wealthy bachelor; and soon after, Victoria and Antonio arrive, lost and in quest of lodging. At dinner, Victoria and Leonard pretend to be strangers. Later, recriminations follow, but La Fuente intervenes and demands that they retire to their respective rooms. The following day, Victoria sympathizes with her husband, who has contracted a cold; but she is at last forced to accept La Fuente's declaration of love.",https://www.imdb.com/title/tt0127660/?ref_=sr_i_717
718. Das Recht zu leben,1927,,,,,,,https://www.imdb.com/title/tt1682230/?ref_=sr_i_718
719. Loco Luck,1927,50m,,,,,"When the local territory strikes an oil boom and Molly Vernon and her mother are about to become rich, Bud Harris, in love with Molly, leaves for other parts. When the oil bubble on the Vernon property burst, he returns to find the place encumbered with debt. To pay it off he enters a horse race. Bush, who holds the mortgage, is trying to foreclose, having secret information about the land. He conspires to keep Bud out of the race and lays heavy bets, knowing that Bud is the only formidable rival. Four men jump on Bud as he leaves the Vernon home at night. They take him to a secluded cabin and lock him in. However, Bud's horse finds the place and breaks down the door. When the race is about to start, Bud rides up and flabbergasts the opposition. After a thrilling ride, he wins the race, at the end of which he pulls Bush from his horse and administers a sound thrashing. Subsequently, oil seepage is found on the Vernon ranch and the boom is on again, with Bud and Molly happy together.",https://www.imdb.com/title/tt0018096/?ref_=sr_i_719
720. Mahasati Ansuya,1927,,,,,,,https://www.imdb.com/title/tt0264825/?ref_=sr_i_720
721. The Fortune Hunter,1927,1h 20m,,,,,"Cafe bouncer Nat Duncan is astonished to see his old panhandling pal Handsome Harry visiting the cabaret in the company of a bejeweled matron. Harry persuades Nat that he too can marry money and agrees to support him in the venture for a share of the profit; he supplies him with clothes and a ticket for Radville, a hick town. There Nat leads a model existence as a churchman and man of means, literally having to fight off the women, including Josie Lockwood, the town banker's daughter. He meets Betty Graham, whose father has neglected his drugstore in his efforts to make gasoline out of crude oil. Nat comes to the rescue and revives the business. Later, Harry arrives, having depleted his wife's fortune, and tries to force Nat to marry Josie. But Nat, with the aid of a wax model, creates the impression of being fickle, thus breaking the engagement so he can marry Betty.",https://www.imdb.com/title/tt0017903/?ref_=sr_i_721
722. Dil Farosh,1927,,,,,,,https://www.imdb.com/title/tt0391083/?ref_=sr_i_722
723. Snowbound,1927,1h,,,,,"Assuming he is marrying a wealthy girl; Peter Foley passes a fraudulent check and to save him from jail, Julia Barry poses as his wife. Peter is actually in love with Alice Blake, and he encounters complications with Bull, a motorcycle cop who is actually engaged to Julia. Alice and a false friend add to the mix-up; and through various chases and complications they are all snowbound together in a mountain lodge. After numerous attempts to catch or elude one another, a happy ending prevails for all.",https://www.imdb.com/title/tt0018421/?ref_=sr_i_723
724. Finnegan's Ball,1927,1h 10m,,,,,"The Finnegans follow the Flannigans from Ireland to the U.S. Danny Finnegan, Sr., goes to work for Patrick Flannigan, Sr., while young lovers Molly Finnegan and Flannigan, Jr., are reunited. A feud erupts between the families when the Finnegans fall heir to a fortune and snub the Flannigans. The inheritance proves to be an error, and the Finnegans resume their modest way of life. All is forgiven, and amity between the families is assured by the marriage of Molly and Flannigan, Jr.",https://www.imdb.com/title/tt0017884/?ref_=sr_i_724
725. Beware of Married Men,1927,1h,Passed,,,,"Womanizer Leonard Gilbert (Richard Tucker) lures a variety of ladies to his apartment, complete with cocktail shakers, plush pillows and a Japanese manservant as symbols of sophistication. Some come to be seduced and others , such as Myra Martin (Irene Rich) , to prevent her younger sister, Helene Martin (Audrey Ferris), from being seduced.",https://www.imdb.com/title/tt0018693/?ref_=sr_i_725
726. Man Crazy,1927,1h,,,,,"A spoiled heiress is bored by her high-society crowd, and falls for a young truck driver. Her family plans to marry her off to a wealthy young man, but she wants no part of that and she and her lover decide to elope. However, a gang of truck hijackers puts a crimp in their plans.",https://www.imdb.com/title/tt0018132/?ref_=sr_i_726
727. Die indiskrete Frau,1927,,,,,,,https://www.imdb.com/title/tt0349617/?ref_=sr_i_727
728. Exercícios de Táctica Aplicada,1927,,,,,,,https://www.imdb.com/title/tt0129071/?ref_=sr_i_728
729. The Arcadians,1927,1h 24m,,,,,"A nightclub owner who suspects that the police are after him for running an illegal operation after closing time moves to Arcadia to get away from the heat, but finds that both his club and his wife are about to become the property of a crooked jockey.",https://www.imdb.com/title/tt0017636/?ref_=sr_i_729
730. Ein schwerer Fall,1927,,,,,,,https://www.imdb.com/title/tt0133194/?ref_=sr_i_730
731. Zhelezom i krovyu,1927,,,,,,"The life of the production plant and its workers from the imperialist war to the recovery period following the Russian civil war. Bolshevik Sergey, a former factory worker - in the 1920s - its director.",https://www.imdb.com/title/tt12082554/?ref_=sr_i_731
732. Survival,1927,1h 40m,,,,,Balzac adaptation: Escaped convict moves into a brothel where he becomes father to a boy. But his advantageous position is eventually threatened by one of the whores who has fallen in love with the convict's grown up son.,https://www.imdb.com/title/tt0343050/?ref_=sr_i_732
"733. Königin Luise, 1. Teil - Die Jugend der Königin Luise",1927,,,,,,,https://www.imdb.com/title/tt0018068/?ref_=sr_i_733
734. Tsumi no onna,1927,,,,,,,https://www.imdb.com/title/tt8769374/?ref_=sr_i_734
735. Krug,1927,1h 7m,,,,,"Set during the New Economic Policy (NEP) era 1921-1928, assistant prosecutor Bersenev is in charge of the case of a certain embezzler Polyansky. Soon it becomes known to Bersenev that his wife Vera, Polyansky's mistress, is also involved in the crime. During the investigation, Bersenev recognizes Polyansky as the owner of the apartment in which he himself was hiding from the Tzar's secret police agents during the years of the revolution. After painful hesitation, Bersenev takes the case to court and, taking the child, leaves his wife.",https://www.imdb.com/title/tt0174832/?ref_=sr_i_735
736. Iki fudo,1927,,,,,,,https://www.imdb.com/title/tt8769386/?ref_=sr_i_736
737. Da Icaro a de Pinedo,1927,,,,,,,https://www.imdb.com/title/tt0922929/?ref_=sr_i_737
738. The Mission Girl,1927,,,,,,,https://www.imdb.com/title/tt0239651/?ref_=sr_i_738
739. White Flannels,1927,1h 10m,Passed,,,,"A smothering mother, Mrs. Jacob Politz (Louise Dresser), stands in the way of the engagement of her college son Frank Politz (Jason Robards) to local girl Anne (Virginia Brown Faire), because she , as the wife of Jacob Politz (George Nichols), an ill-educated coal miner, believes their son should obtain a college education.",https://www.imdb.com/title/tt0018570/?ref_=sr_i_739
740. Gamdeni Gori,1927,,,,,,"Sundari (Sulochana) is an innocent village beauty with an ineffectual father, adrift in the big, bad city where she is preyed upon by lustful men seeking to force her into prostitution. The hero, Navichand, is a film actor and the film milieu is represented by a studio boss and a comedian, Gazdar, nicknamed Charlie Chaplin. Other features of the urban landscape, besides 'electric trains, motor cars and buses, the giant wheel, cinemas and theatres', as the publicity pamphlet claims, include a corrupt policeman, a racecourse and the fictional Bachelor's Club whose members see Sundari and promptly postpone their collective pledge never to marry.",https://www.imdb.com/title/tt0156551/?ref_=sr_i_740
741. Vasylyna,1927,1h 12m,,,,,"Vasylyna works in fields and a nobleman's home. Betrayed, she flees, gives birth to a dying child, and is saved by factory workers, starting anew as a weaver. Based on I. Nechui-Levystkyi's ""The Bargewoman.""",https://www.imdb.com/title/tt13545156/?ref_=sr_i_741
742. Home Struck,1927,1h,,,,,"Barbara Page, a chorus girl who yearns for a domestic life, is proposed to by Lyn Holmes, her theatrical agent, but instead she accepts Dick Cobb, a bank clerk. Her dreams are realized by their little flat, though Dick soon begins to insist on attending wild parties, to which she reluctantly agrees. Dick's fellow clerk, Warren Townsend, whose advances have been repelled by Barbara, advises Dick to ""borrow"" from the bank when he is short, then notifies the bank president. Dick escapes, and Townsend, pretending sympathy, offers to help if Barbara will yield to his demands, then Holmes offers Barbara a new chance in a comedy role. Later she scorns Holmes's suggestion that she sue for divorce and marry him, and the agent reunites the repentant husband with his wife.",https://www.imdb.com/title/tt0135450/?ref_=sr_i_742
743. The Curse of Vererbung,1927,1h 50m,,,,,"Frau Römer's deceased husband once suffered from hemophilia and passed this defect on to his daughter Olga, who has recently become engaged to doctor Münchow, so Olga's mother feels it is her duty to inform the doctor about her daughter's rare disease. Münchow leaves Olga, who much later marry an older banker. They have three children. Allis well till one of Olga's sons has a serious accident.",https://www.imdb.com/title/tt0130701/?ref_=sr_i_743
744. Caught in Berlin's Underworld,1927,,,,,,,https://www.imdb.com/title/tt0017648/?ref_=sr_i_744
745. Aspectos de Mafra,1927,,,,,,,https://www.imdb.com/title/tt0017644/?ref_=sr_i_745
746. Dance Magic,1927,1h 10m,,,,,,https://www.imdb.com/title/tt0017792/?ref_=sr_i_746
747. The 13th Juror,1927,1h,Passed,,,,"Richard Marsden is a long-time friend of Henry Desmond, a powerful and successful attorney. The district attorney plan to break Desmond by having George Quinn infer that Marsden's wife is having an affair with the lawyer.",https://www.imdb.com/title/tt0018481/?ref_=sr_i_747
748. Unter Ausschluß der Öffentlichkeit,1927,,,,,,"Ibrahim Hulam is a notorious girl trafficker. When he discover Anita von Schlenk, who comes from a good family and performs as a dancer in the Imperial Palace, he is in over his head. To win Anita's favor Ibrahim involves her father Eberhard in a shady affair concerning bills of exchange.",https://www.imdb.com/title/tt0018529/?ref_=sr_i_748
749. Das grobe Hemd,1927,,,,,,,https://www.imdb.com/title/tt0129970/?ref_=sr_i_749
750. Eager Lips,1927,1h 10m,,,,,"In Brooklyn, New York, Paula, the worldly owner of a seaside show, takes under her protection Mary Lee, the innocent daughter of a dying actress. However, the headstrong Mary falls under the influence of Tony Tyler, the philandering owner of a neighboring show, who promises to marry her. Paula feigns a romantic interest in Tony and the scoundrel reveals his true intentions. Mary then returns to her true love, Bill Armstrong.",https://www.imdb.com/title/tt0017840/?ref_=sr_i_750
751. We're All Gamblers,1927,1h 10m,,,,,,https://www.imdb.com/title/tt0018550/?ref_=sr_i_751
752. Thoratanchi Kamala,1927,,,,,,,https://www.imdb.com/title/tt0393877/?ref_=sr_i_752
753. Yaju: kôhen,1927,,,,,,,https://www.imdb.com/title/tt9404388/?ref_=sr_i_753
754. Ogon no dangan,1927,1h 19m,,,,,,https://www.imdb.com/title/tt0427607/?ref_=sr_i_754
755. Orientexpress,1927,,,,,,,https://www.imdb.com/title/tt0018239/?ref_=sr_i_755
756. Tabigeinin,1927,,,,,,A group of traveling entertainers has lost its artistic leader.,https://www.imdb.com/title/tt34779967/?ref_=sr_i_756
"757. Seine Hoheit, der Eintänzer",1927,1h 16m,,,,,,https://www.imdb.com/title/tt0196083/?ref_=sr_i_757
758. El rey de copas,1927,,,,,,,https://www.imdb.com/title/tt0018321/?ref_=sr_i_758
759. Roopsundati,1927,,,,,,,https://www.imdb.com/title/tt0239912/?ref_=sr_i_759
760. Das Schicksal einer Nacht,1927,,,,,,,https://www.imdb.com/title/tt0451903/?ref_=sr_i_760
761. Die Gefangene von Shanghai,1927,1h 19m,,,,,"Maria Sinclair, the wife of the British consul, is about to visit her husband when she is arrested by the Chinese. General Hai Lung, who is in charge, offers to give her husband his life if she would promise to stay with him instead.",https://www.imdb.com/title/tt0017922/?ref_=sr_i_761
762. The Slingshot Kid,1927,50m,,,,,,https://www.imdb.com/title/tt0165476/?ref_=sr_i_762
763. Le bateau de verre,1927,,,,,,,https://www.imdb.com/title/tt0018677/?ref_=sr_i_763
764. Tsubakihime,1927,,,,,,,https://www.imdb.com/title/tt1467123/?ref_=sr_i_764
765. Tom's Gang,1927,50m,,,,,,https://www.imdb.com/title/tt0018492/?ref_=sr_i_765
766. The Prince of Headwaiters,1927,1h 10m,,,,,"Pierre, the maitre d' at the swanky Ritz Hotel in Paris, discovers that he has a son from his former marriage, which was broken up by his wealthy wife's upper-class relatives. His son, now a young man unaware that Pierre is his father, is in danger of becoming the victim of blackmailer Mae Morin. Pierre sets out to save him from the notorious Mae.",https://www.imdb.com/title/tt0018282/?ref_=sr_i_766
767. Sunae shibari: Shûhen,1927,,,,,,,https://www.imdb.com/title/tt0862845/?ref_=sr_i_767
768. Hoshikage ryuzo,1927,,,,,,,https://www.imdb.com/title/tt0949422/?ref_=sr_i_768
769. The Boxer from Shandong,1927,1h 30m,,,,,,https://www.imdb.com/title/tt0164447/?ref_=sr_i_769
770. Yo soy tu padre,1927,1h 28m,,,,,,https://www.imdb.com/title/tt0018604/?ref_=sr_i_770
771. In Search of a Thrill,1927,,,,,,"Society girl Ann Clemance deepens her life during a trip abroad when Adrian Torrens, a social reformer, takes her on a tour of some impoverish areas of Paris. Made aware of her role in life, to help others, she adopts an orphan.",https://www.imdb.com/title/tt0018025/?ref_=sr_i_771
772. Amoki,1927,1h 10m,,7.7,51,,A drug-addicted doctor has in Africa isolated life. Once a pretty young married woman asks him to make an abortion. He'll agree only if she accepts his sexual offer. Woman refuses and leaves immediately.,https://www.imdb.com/title/tt0259851/?ref_=sr_i_772
773. Zew morza,1927,2h 6m,,6.1,60,,"The miller's son, following his vocation, escaped to the sea, but after several years he returned to his family and his childhood affair, Hanka, a young lady from the court. This, however, yielded to her parents, accidentally overhearing that her resistance would cause their financial ruin, intends to marry an old, wealthy geek. The desperate young man escapes again and falls into the trap of a gang of smugglers. The intervention of a loved one saves his life.",https://www.imdb.com/title/tt0924318/?ref_=sr_i_773
774. Bitter Apples,1927,1h,Passed,7.0,32,,"John Wyncote's father dies, leaving him a bankrupt business. He instructs the family attorney, Thorden, to sell the business and all of his father's other interests. One of the now bankrupt company's investors, facing financial ruin, kills himself, leaving a son and a daughter, both of whom blame the Wyncote family for their loss and vow to take their revenge on them.",https://www.imdb.com/title/tt0017676/?ref_=sr_i_774
775. The Claw,1927,54m,,6.4,32,,Maurice Stair arrives to Africa to assume management of his family's property holdings.,https://www.imdb.com/title/tt0017757/?ref_=sr_i_775
776. The Desert of the Lost,1927,58m,Passed,5.5,40,,"Chased by Detective Murray and the posse, a wounded Jim Drake heads across the border into Mexico where he recuperates with the Wolfe's. When Murray arrives again, Jim heads into the desert. But in the night his guide sneaks off and leaves him without water or his horse.",https://www.imdb.com/title/tt0017804/?ref_=sr_i_776
777. Der König der Mittelstürmer,1927,1h 35m,,5.0,39,,"Tull Harper is an avid football fan and a leader at Alemannia Football Club. His father, Consul Norbert Harper, does not share this passion and forbids Tull from attending training and games alongside his work",https://www.imdb.com/title/tt0454860/?ref_=sr_i_777
778. Bela,1927,1h 23m,,5.9,36,,"Pechorin is deprived of the officer's rank and gets transferred to one of the mountain villages of the Caucasus. He gets bored of the everyday life and starts looking for fun. He promises Azamat to help him steal Kazbich's horse if the former allows Pechorin to marry his sister Bela. Soon Pechorin gets annoyed by Bela's presence. Kazbich, insulted by the theft of his horse kills Bela. Coldblooded Pechorin is hardly moved by this news.",https://www.imdb.com/title/tt0259885/?ref_=sr_i_778
779. Vtoraya zhena,1927,47m,,6.5,24,,"Adolat lives happily with her mother and father, leading a joyous life alongside her best friend, Qumri, who is later happily married to Umar. But this happiness comes to an end the day she is given in marriage as a second wife to the wealthy merchant Taji Bai, whose first wife is infertile.",https://www.imdb.com/title/tt11568492/?ref_=sr_i_779
780. La moza del cántaro,1927,,,6.7,24,,,https://www.imdb.com/title/tt0018178/?ref_=sr_i_780
781. Eva and the Grasshopper,1927,1h 44m,,6.8,24,,"Mary and Eva are best friend, although they couldn't be more different. Armand, Mary's fiancee, falls in love with the seductive Eva, who is busy becoming a revue star. When Eva fails and loses her money Armand try ti help her out.",https://www.imdb.com/title/tt0322203/?ref_=sr_i_781
782. Il vetturale del Moncenisio,1927,,,5.2,34,,,https://www.imdb.com/title/tt0018538/?ref_=sr_i_782
783. Sealed Lips,1927,1h 31m,,6.2,23,,"The film is based on a story by Guy de Maupausant. The story details several years in the life of convent-bred Angela (Mona Mårtenson) who leaves her convent in Italy to go live with her aunt Peppina (K. Swanstrom), whose husband Giambastista wants to take advantage of her. She flees and takes refuge with the painter Frank Wood ( handsome Louis Lerch) and winds up in a romance with Wood. Alas, Wood is already married, and when Martenson finds out, she returns to the convent in disgrace. On the verge of shutting herself off from the world and taking her vows as a nun, the heroine once again crosses the path of Wood, who is now free to marry her. Sandra Milowanoff has a big scene where she commits suicide on discovering that her husband no longer loves her.",https://www.imdb.com/title/tt0017911/?ref_=sr_i_783
784. Alias the Lone Wolf,1927,1h 5m,Passed,6.4,23,,"When Eve De Montalais (Lois Wilson) plans to smuggle her jewels into the United States, unknown to her traveling on the same ship are a gang of thieves who plan to steal the jewels. Michael Lanyard (Bert Lytell), alias The Lone Wolf, upsets their scheming and Eve seeks his aid in getting the gems past customs officials. While at a New York nightclub, Eve is informed that Lanyard is The Lone Wolf. She is then duped by a crook who assumes the role of a customs officer and induces her to turn over the jewels, Eve then escapes upon discovering the deception. Lanyard is overpowered by the gang but manages to free himself and declares the jewels to customs officials, who then promptly arrest the thieves. Eve is relieved to find that Lanyard is a Secret Service agent, and the lovers are reunited.",https://www.imdb.com/title/tt0017599/?ref_=sr_i_784
785. Giuli,1927,1h 10m,,5.9,33,,"A pretty young Azeri woman Giuli and Georgian guy Mitro are very in love. But because of traditions she can not marry him. Young people run away to get happy together, but without success.",https://www.imdb.com/title/tt0017937/?ref_=sr_i_785
786. Say It with Diamonds,1927,1h 10m,,6.0,20,,,https://www.imdb.com/title/tt0018361/?ref_=sr_i_786
787. Petronella - Das Geheimnis der Berge,1927,,,6.4,19,,,https://www.imdb.com/title/tt0189915/?ref_=sr_i_787
788. Set Free,1927,50m,Passed,6.7,18,,"""Side-Show"" Saunders, a wandering western troubadour, who makes his living doing stunts with his trained horse, Buddy, and dog, Rex, comes to the small western town of Kelson. There he meets Holly Farrell, owner of the general store, who shames him into getting a job and he goes to work in her store. She also owns a deserted mine and Burke Tanner, a visitor who has managed to extract a promise of marriage from Holly, discovers gold in the mine. But Saunders discovers that Tanner is a low-life and is marrying Holly only for her mine-holdings. He encounters Tanner in the mine, and is knocked unconscious by Tanner's henchmen, and is trapped in the mine.",https://www.imdb.com/title/tt0018378/?ref_=sr_i_788
789. Face Value,1927,50m,,5.2,25,,"Howard Crandall Jr., who comes from a wealthy family, has suffered a disfiguring facial injury during World War I, and at war's end stays in Paris rather than return home to his family and sweetheart Muriel looking the way he does. While in Paris he forms a secret society of men who are in a similar position. When he finally does decide to return home, his family and Muriel are at first shocked by his appearance, but they recover and try to make him feel comfortable and accepted. However, it's not before Howard begins to feel their actions are motivated more by pity than love, and when Arthur Wells, who was once Muriel's suitor, shows up one day and is greeted warmly and intimately by Muriel, Howard starts to think that his suspicions are justified.",https://www.imdb.com/title/tt0017859/?ref_=sr_i_789
790. Alias the Deacon,1927,1h 10m,Passed,5.0,25,,"A hillbilly deacon, who is actually a cardsharp in disguise, becomes involved in a small-town fight game.",https://www.imdb.com/title/tt0018639/?ref_=sr_i_790
791. Hawk of the Hills,1927,3h 20m,Passed,5.5,23,,"Newhall, California. A band of renegade Indians led by the half-breed ""The Hawk"" terrorizes prospectors in a valley. When the old prospector Clyde Selby hits the mother lode, The Hawk plans to kidnap his pretty blond daughter Mary Selby. This kidnapping actually proves one of the lesser of the perils faced by the poor Mary. Laramie, a government agent, wants with the help of his friendly Shoshone Indian friends to extricate Mary.",https://www.imdb.com/title/tt0017970/?ref_=sr_i_791
792. Maksim Maksimich,1927,1h,,5.6,23,,,https://www.imdb.com/title/tt0260171/?ref_=sr_i_792
793. If I Were Single,1927,1h 10m,Passed,5.4,23,,"Rich girl Joan Whitney (Myrna Loy) does her flirtatious best to break up the marriage of May (May McAvoy) and Ted Howard (Conrad Nagel), and she almost succeeds, but not before May has a light flirtation with a light-in-the-slippers specimen named Claude (George Beranger as Andre Beranger).",https://www.imdb.com/title/tt0018022/?ref_=sr_i_793
794. Balidan,1927,,,6.5,15,,"This quasi-historical story is set in the fictional land of Tippera and features Queen Gunavati (Sulochana), King Govinda, Aparna the beggar girl (Zubeida) and the priest Raghupati who runs a Kali temple. The story addresses the conflict between reformist enlightenment and obsolete, inhuman ritual, questioning the contemporary validity of traditional rituals. The dramatic pivot is the conflict between the king who banned animal sacrifice, and the priest who calls for the king's own blood. Emotionally, the film revolves around the childless queen and a beggar girl whose pet goat has been taken for the sacrifice and who loves a servant in the temple.",https://www.imdb.com/title/tt0214522/?ref_=sr_i_794
795. The Isle of Sunken Gold,1927,,,5.6,20,,"A sea captain obtains half of a map directing him to an enormous treasure on a south sea island. The princess who rules the island possesses the other half of the map, and together they fight off the pirates and natives who would prevent their retrieval of the treasure.",https://www.imdb.com/title/tt0018032/?ref_=sr_i_795
796. Hard Fists,1927,50m,,4.5,31,,"Art Alvord, a fancy-riding ranch hand with a mysteriously shady past, is challenged to a race by a gray-haired colonel, Jed Leach, who wins with dubious tactics.",https://www.imdb.com/title/tt0017962/?ref_=sr_i_796
797. Der Anwalt des Herzens,1927,,,6.2,13,,,https://www.imdb.com/title/tt0135776/?ref_=sr_i_797
798. Die selige Exzellenz,1927,1h 40m,,6.4,13,,,https://www.imdb.com/title/tt0018373/?ref_=sr_i_798
799. Where North Holds Sway,1927,57m,Passed,4.5,29,,A Northwest mounted policeman leaves the service to seek revenge for his brother's murder.,https://www.imdb.com/title/tt0178986/?ref_=sr_i_799
800. The Princess from Hoboken,1927,1h,,5.3,18,,,https://www.imdb.com/title/tt0018285/?ref_=sr_i_800
801. Die weiße Spinne,1927,,,7.3,9,,,https://www.imdb.com/title/tt0018553/?ref_=sr_i_801
802. Chain Lightning,1927,1h,Passed,4.1,28,,"Steve Lannon is a retired gunman and reformed-outlaw who has left his ranch and is living in seclusion in San Francisco. He receives word that rustlers are on the rampage in the area of his ranch, and have stolen his horse, Silver. Steve returns to Nevada to take care of this matter.",https://www.imdb.com/title/tt0017742/?ref_=sr_i_802
803. L'île enchantée,1927,,,6.0,12,,,https://www.imdb.com/title/tt0334821/?ref_=sr_i_803
804. One Hour of Love,1927,1h 10m,Passed,4.7,27,,"Jerry McKay (Jacqueline Logan), a spoiled and willful society girl, on the eve of a flighty engagement, decides to accompany her father to inspect some property he owns, managed by a handsome young engineer, James Warren (Robert Frazer). Jerry demonstrates her prowess as a marksman, though Warren has forbidden the use of firearms; and Tom Webb (Henry Sedley), an unscrupulous rancher, accuses Warren of inciting his men against him. Warren's stern rebuking infuriates Jerry, and she bets her friends that she can get him to propose within a week. She succeeds in winning his approval and then falls in love with him, but they are temporarily parted when he learns of the wager. She returns, however, to seek his forgiveness.",https://www.imdb.com/title/tt0018227/?ref_=sr_i_804
805. Born to Battle,1927,46m,Passed,5.6,17,,"A cowboy is framed for his father's murder. His investigation leads him into the middle of a bitter feud between two families, and he winds up falling in love with the niece of the man who actually killed his father.",https://www.imdb.com/title/tt0355282/?ref_=sr_i_805
806. The Return of the Riddle Rider,1927,3h 20m,Passed,4.2,24,,,https://www.imdb.com/title/tt0018320/?ref_=sr_i_806
807. Krazanas bude,1927,1h 13m,,5.9,14,,A social drama about the careless exploitation of lumpen proletarians by bourgeois businessmen in a European country.,https://www.imdb.com/title/tt0260128/?ref_=sr_i_807
808. The Heart of the Yukon,1927,1h 10m,Passed,4.5,22,,"A girl, Anita Wayne, finds herself an heiress of her mother's estate, but learns that her father lives in Alaska. Determined to find her father she travels to a mining town in the Klondike, but runs into ""Cash"" Gynon (a villainous saloon keeper) who claims to be her father. When the town drunkard, Old Skin Full, turns out to be her father, she is rescued by Jim Winston (a gold miner who recently discovered gold) when he fights Gynon who falls into a crevasse and dies.",https://www.imdb.com/title/tt0017976/?ref_=sr_i_808
809. Taxi! Taxi!,1927,1h 10m,Passed,5.6,14,,"An architect, constantly in trouble with his employers, falls for the boss's niece. When he spontaneously buys a taxicab to take her home on a rainy night, the purchase leads to more trouble.",https://www.imdb.com/title/tt0018466/?ref_=sr_i_809
810. Die Csardasfürstin,1927,,,6.7,9,,,https://www.imdb.com/title/tt0864746/?ref_=sr_i_810
811. Una catástrofe en el mar,1927,,,5.4,13,,,https://www.imdb.com/title/tt0210606/?ref_=sr_i_811
812. El bandido de la sierra,1927,,,5.1,11,,"A village in the Castilian mountains is subjugated by the tyranny of a brutal chieftain, who imposes his abuses. The bandit Salvador, hiding in the mountains, is their main concern.",https://www.imdb.com/title/tt0016624/?ref_=sr_i_812
813. Aftermath,1927,,,5.6,10,,After WW1 German territories at the Polish border are yielded to Poland. When Polish irregular troops threaten Luise and the staff on her estate she gets support from her son Heino (posing as a servant) and a Polish commissioner.,https://www.imdb.com/title/tt0019019/?ref_=sr_i_813
814. Mumsie,1927,,,5.6,9,,A pacifist gambler turns spy and gives his father's gas factory plans to the enemy.,https://www.imdb.com/title/tt0018180/?ref_=sr_i_814
815. The Lunatic at Large,1927,1h,,4.7,14,,"Hobo Sam Smith is convinced by an escaped mental patient to swap clothes. The tramp soon finds himself in a private asylum for the wealthy, where he meets Bill Carroll, who had a similar experience with his insane twin brother, Henry.",https://www.imdb.com/title/tt0018122/?ref_=sr_i_815
816. The Royal American,1927,50m,,4.5,14,,,https://www.imdb.com/title/tt0018348/?ref_=sr_i_816
817. The First Night,1927,,,4.5,13,,,https://www.imdb.com/title/tt0017887/?ref_=sr_i_817
818. One of the Best,1927,,,5.4,8,,An officer frames a colleague when a gambler forces him to steal secrets.,https://www.imdb.com/title/tt0189864/?ref_=sr_i_818
819. Reis mistera Lloyda,1927,,,4.0,10,,About the fate of a ex-Wrangel's White Army soldier who flees from the Foreign Legion and returns to the USSR.,https://www.imdb.com/title/tt11570572/?ref_=sr_i_819
820. Durgesh Nandini,1927,,,4.3,9,,,https://www.imdb.com/title/tt0214652/?ref_=sr_i_820
821. U 9 Weddigen,1927,,,4.4,8,,,https://www.imdb.com/title/tt0018521/?ref_=sr_i_821
822. No Place to Go,1927,1h 10m,,3.6,14,,,https://www.imdb.com/title/tt0018205/?ref_=sr_i_822
823. Love's Greatest Mistake,1927,1h,,2.0,14,,"On a train bound for New York, where she hopes to find work, Honey McNeil captures the appreciative eye of William Ogden, a financier, who offers her a job. At the apartment of her married sister, Jane, Honey renews her acquaintance with Sara Foote, now a worldly New Yorker secretly jealous of Jane. Honey is disappointed when young architect Harvey Gibbs brings her home from an unspectacular evening, and she declines his numerous proposals. Ogden, already married, is also rejected by Honey, despite the luxury he offers her. Don Kendall, in conspiracy with Sara, tries to obtain love letters Ogden has written Honey, so as to blackmail him, and her refusal to give them up causes him to beat her brutally. Realizing that Ogden does not love her, Honey dismisses Gibbs, who doubts her. Jane leaves her husband and elopes with Don. Honey is ultimately united with Gibbs, who wins a prize for designing a church.",https://www.imdb.com/title/tt0018114/?ref_=sr_i_823
824. The Silent Hero,1927,1h,Passed,1.6,24,,"Bud Taylor loves Mary Stoddard but is leaving for Alaska in search of gold, leaving a police-dog pup with her that he has named ""Phantom."" Wade Burton is anxious to win Mary and her father's money. Later, Wade follows Bud to Alaska and attempts to claim-jump Bud's gold strike, but is foiled by Bud and ""Phantom.""",https://www.imdb.com/title/tt0018399/?ref_=sr_i_824
825. Die Insel der verbotenen Küsse,1927,,,1.2,16,,,https://www.imdb.com/title/tt0476264/?ref_=sr_i_825
826. Baixant de la Font del Gat,1927,,,,,,"Marieta is pretended by two men, Ramon and Pauet, a soldier. When liberals come to power and the Army arrives in Morella the two men will confront. Based on a Catalan folk song and the stage play of the same name, directed by its author.",https://www.imdb.com/title/tt0017658/?ref_=sr_i_826
827. Kralj Carlstona,1927,,,,,,Adventures of an elderly man surrounded by pretty young swimming girls at one of the Belgrade beaches.,https://www.imdb.com/title/tt0273317/?ref_=sr_i_827
828. The Official Motion Pictures of the Heavyweight Boxing Contest Between Gene Tunney and Jack Dempsey,1927,,,,,,"Boxing rematch between champion Gene Tunney and challenger Jack Dempsey at Soldier Field stadium in Chicago, Illinois.",https://www.imdb.com/title/tt2400368/?ref_=sr_i_828
829. Chizakura tôge,1927,,,,,,,https://www.imdb.com/title/tt7257072/?ref_=sr_i_829
830. Nezumikozô Jirokichi,1927,,,,,,,https://www.imdb.com/title/tt9349928/?ref_=sr_i_830
831. The Spider's Net,1927,,,,,,"Archive footage from various previously released two-reelers starring Eileen Sedgwick and Lightning the Dog re-edited into serial form; Gary Cooper's appearance is by way of one of these, original title undetermined.",https://www.imdb.com/title/tt0326197/?ref_=sr_i_831
832. Sarû no denji,1927,,,,,,,https://www.imdb.com/title/tt7257102/?ref_=sr_i_832
833. Draga Maschin,1927,,,,,,,https://www.imdb.com/title/tt0265159/?ref_=sr_i_833
834. Ihr letztes Liebesabenteuer,1927,,,,,,,https://www.imdb.com/title/tt0455546/?ref_=sr_i_834
"835. Paris, Cabourg, Le Caire... et l'amour",1927,,,,,,,https://www.imdb.com/title/tt0483109/?ref_=sr_i_835
836. The Angel of Broadway,1927,1h 4m,,,,,"Babe Scott, a cabaret dancer who is constantly searching for sensational material to shock her customers, thinks up burlesquing a Salvation Army girl and attends mission meetings on the East Side for atmosphere. There she meets Jerry Wilson, an honest truck driver and friend of the Army captain. Although the act is a success, Babe is disillusioned to find Lonnie, a fellow worker who has been romancing her, stealing her money and making overtures to Big Bertha, the hard-boiled club hostess.",https://www.imdb.com/title/tt0017630/?ref_=sr_i_836
837. Outlaw's Paradise,1927,,,,,,,https://www.imdb.com/title/tt0265476/?ref_=sr_i_837
838. In the First Degree,1927,,,,,,,https://www.imdb.com/title/tt0018027/?ref_=sr_i_838
839. The Miner's Daughter,1927,,,,,,,https://www.imdb.com/title/tt0336850/?ref_=sr_i_839
840. Modern Daughters,1927,1h,,,,,"An indulgent father, a hair-brained flapper (played by Edna Murphy), a villainous owner of the local dive, and a newspaper editor (played by Bryant Washburn) enact this story of the younger generation. Suspecting something worthwhile beneath her blonde curls, the newspaperman falls in love with the girl and gets involved in some wild parties. The couple is lured into a roadhouse on the night of a long-expected raid, her father is killed, and the editor is convicted and sentenced to death in the electric chair. Through the girl's efforts, the governor grants a stay of execution, and all ends happily.",https://www.imdb.com/title/tt0018168/?ref_=sr_i_840
841. Veer Garjana,1927,,,,,,,https://www.imdb.com/title/tt0214274/?ref_=sr_i_841
842. Gakusei gonin otoko,1927,,,,,,,https://www.imdb.com/title/tt0342457/?ref_=sr_i_842
843. Aru onna no issho,1927,,,,,,,https://www.imdb.com/title/tt9304278/?ref_=sr_i_843
844. What Happened to Father,1927,1h,Passed,,,,"The title is descriptive and is not a question in which William Bradberry (Warner Oland), an absent-minded Egyptologist, turns from a henpecked husband to a dominating one who, unknown to his daughter Betty (Florence Fair as Florbelle Fairbanks) and wife (Vera Lewis), writes theatre musical comedy on the side. And saves his daughter from the unsavory millionaire, Victor Smith (John Miljan) she almost marries before she marries the decent man Tommy Dawson (Hugh Allan).",https://www.imdb.com/title/tt0018559/?ref_=sr_i_844
845. The Sonora Kid,1927,57m,Passed,,,,"Phyllis Butterworth, the daughter of a wealthy rancher, takes a shine to Tom, the ranch's new foreman. Her father, however, has someone else in mind to marry his daughter and help run the ranch, and fires Tom, which doesn't stop Tom from planning to elope with Phyllis. Meanwhile, Poindexter. who wants to marry Phyllis so he can get her father's ranch, arranges with outlaw Tough Ryder to kidnap Phyllis so he, Poindexter, can ""rescue"" her. Complications ensue.",https://www.imdb.com/title/tt0018427/?ref_=sr_i_845
846. What Every Girl Should Know,1927,1h 10m,,,,,"A young girl and her two brothers are sent to a children's home after their older brother, their sole support, ends up in jail.",https://www.imdb.com/title/tt0018558/?ref_=sr_i_846
847. Hospital Visconde de Morais da Sociedade Portuguesa de Beneficiência do Rio de Janeiro,1927,,,,,,,https://www.imdb.com/title/tt0129147/?ref_=sr_i_847
848. The Little People,1927,1h 10m,,,,,In Italy a puppeteer's daughter gives up a dancing career to marry her poor stepbrother.,https://www.imdb.com/title/tt0241676/?ref_=sr_i_848
849. Bet zit in de penarie,1927,,,,,,,https://www.imdb.com/title/tt0464903/?ref_=sr_i_849
850. Mojin,1927,,,,,,,https://www.imdb.com/title/tt7155180/?ref_=sr_i_850
851. Yanagswa Shôhachi: zenpen,1927,,,,,,,https://www.imdb.com/title/tt8765834/?ref_=sr_i_851
852. Naruto hichô daigohen,1927,,,,,,,https://www.imdb.com/title/tt12184572/?ref_=sr_i_852
853. Kinderseelen klagen euch an,1927,,,,,,,https://www.imdb.com/title/tt0018053/?ref_=sr_i_853
854. Maha Sati Anusuya,1927,,,,,,,https://www.imdb.com/title/tt25505318/?ref_=sr_i_854
855. Laila Majnu,1927,,,,,,,https://www.imdb.com/title/tt0231948/?ref_=sr_i_855
856. Jewels of Desire,1927,1h,,,,,"Book agent Margarita Solano inherits a dilapidated Spanish estate on a California coastal island, where the Native American housekeeper gives her a map to buried treasure. After attorney Maclyn Mills serves Margarita with a foreclose papers, he assists her and Captain Blunt in their search for the treasure. Their adversaries, Pedro, Spanish Joe, and the Rat, steal the map, find the treasure, and kidnap Maclyn and Captain Blunt. Margarita rescues them and retrieves the jewels from Pedro, after which they struggle at the edge of a cliff and fall into the shark-infested waters below. Pedro is eaten by sharks while Maclyn rescues Margarita.",https://www.imdb.com/title/tt0018039/?ref_=sr_i_856
857. Hyakumanryô hibun: Dai ippen,1927,2h 4m,,,,,,https://www.imdb.com/title/tt0495711/?ref_=sr_i_857
858. Oni azami (II),1927,,,,,,,https://www.imdb.com/title/tt11893606/?ref_=sr_i_858
859. Sheel Prabhav,1927,,,,,,,https://www.imdb.com/title/tt0393751/?ref_=sr_i_859
860. Musasabî no sankichi,1927,,,,,,,https://www.imdb.com/title/tt9522418/?ref_=sr_i_860
861. Roaring Fires,1927,,,,,,"""Story is of a wealthy girl reforming the slums with speeches. The old man refuses to make the fire traps safe. A heroic fireman is thrown in, and there is a story of the old fireman, with the last three horses, dreaming of by-gone glory."" ( Variety, 3 Aug 1927 ).",https://www.imdb.com/title/tt0018333/?ref_=sr_i_861
862. Policing the Plains,1927,,,,,,,https://www.imdb.com/title/tt0305970/?ref_=sr_i_862
863. Med Hundeslæde gennem Alaska,1927,55m,,,,,,https://www.imdb.com/title/tt5998524/?ref_=sr_i_863
864. Bunshichi motoyui,1927,,,,,,,https://www.imdb.com/title/tt11188974/?ref_=sr_i_864
865. Jiraika-gumi: Dai-nihen,1927,,,,,,,https://www.imdb.com/title/tt0870927/?ref_=sr_i_865
866. Miraî no shusse,1927,,,,,,,https://www.imdb.com/title/tt8938862/?ref_=sr_i_866
867. Woman's Law,1927,,,,,,"Helene is forced into marrying blackmailer Vaughan Neil, who holds incriminating evidence of a scandal involving her father. In a struggle with the girl the villain is killed, and she is suspected. But eventually she is cleared and finds happiness with the Mountie assigned to the case.",https://www.imdb.com/title/tt0018593/?ref_=sr_i_867
868. Passion Island,1927,,,,,,"In Corsica, a man framed for murdering a priest poses as a paralytic and strangles the culprit.",https://www.imdb.com/title/tt0338329/?ref_=sr_i_868
869. The Love Wager,1927,,,,,,,https://www.imdb.com/title/tt0018111/?ref_=sr_i_869
870. La terre qui meurt,1927,,,,,,"Farmer Toussaint Lumineau sees his sons decline, one by one, to take over the running of his farm.",https://www.imdb.com/title/tt0195337/?ref_=sr_i_870
871. Der fröhliche Weinberg,1927,,,,,,,https://www.imdb.com/title/tt0432293/?ref_=sr_i_871
872. Shinkon tetsugaku,1927,,,,,,,https://www.imdb.com/title/tt0949532/?ref_=sr_i_872
873. Ichiken okô,1927,,,,,,,https://www.imdb.com/title/tt11194176/?ref_=sr_i_873
874. Lódz - miasto pracy,1927,,,,,,,https://www.imdb.com/title/tt1051840/?ref_=sr_i_874
875. Tokyo koshin-kyoku,1927,,,,,,,https://www.imdb.com/title/tt0862854/?ref_=sr_i_875
876. Wu Song xue jian Yuanyanglou,1927,,,,,,,https://www.imdb.com/title/tt0202123/?ref_=sr_i_876
877. The Gingham Girl,1927,1h 10m,,,,,,https://www.imdb.com/title/tt0017931/?ref_=sr_i_877
878. Koi no eiyu,1927,,,,,,,https://www.imdb.com/title/tt10889882/?ref_=sr_i_878
879. Assistência Infantil,1927,,,,,,,https://www.imdb.com/title/tt0128939/?ref_=sr_i_879
880. Take in the Sun,1927,,,,,,,https://www.imdb.com/title/tt0018461/?ref_=sr_i_880
881. Kômori zoshî,1927,,,,,,,https://www.imdb.com/title/tt2836212/?ref_=sr_i_881
882. Umare kawatta yuja,1927,,,,,,,https://www.imdb.com/title/tt3900200/?ref_=sr_i_882
883. Shojo no shi,1927,,,,,,,https://www.imdb.com/title/tt0018390/?ref_=sr_i_883
884. Kato kiyomasa,1927,,,,,,,https://www.imdb.com/title/tt8125726/?ref_=sr_i_884
885. Kobonno,1927,,,,,,,https://www.imdb.com/title/tt11396354/?ref_=sr_i_885
886. Naseeb Ni Lila,1927,,,,,,,https://www.imdb.com/title/tt0156825/?ref_=sr_i_886
887. Geumbungeo,1927,,,,,,"A touching story about how, after a quarrel, the wife leaves home, and the husband is sad, watching the fish in the aquarium. In the finale, the wife returns and the couple reconcile.",https://www.imdb.com/title/tt0322406/?ref_=sr_i_887
888. Shinju fujin,1927,,,,,,,https://www.imdb.com/title/tt2511754/?ref_=sr_i_888
889. Nankingyoku aiwa,1927,,,,,,,https://www.imdb.com/title/tt8779930/?ref_=sr_i_889
890. Valencia,1927,,,,,,,https://www.imdb.com/title/tt0451258/?ref_=sr_i_890
891. Orgelstäbe,1927,,,,,,,https://www.imdb.com/title/tt0018237/?ref_=sr_i_891
892. O Segundo Desafio de Foot-Ball Portugal-França,1927,,,,,,,https://www.imdb.com/title/tt0129361/?ref_=sr_i_892
893. Die Lorelei,1927,,,,,,,https://www.imdb.com/title/tt0454881/?ref_=sr_i_893
894. Punam No Chand,1927,,,,,,,https://www.imdb.com/title/tt0241828/?ref_=sr_i_894
895. Blake of Scotland Yard,1927,Passed,,,,,,https://www.imdb.com/title/tt0017681/?ref_=sr_i_895
896. Osm srdcí v plamenech,1927,,,,,,,https://www.imdb.com/title/tt1087631/?ref_=sr_i_896
897. Motherland,1927,1h 44m,,,,,A soldier poses as a dead captain to comfort his blind mother while a girl poses as a dead Jew's wife to comfort his family.,https://www.imdb.com/title/tt0489771/?ref_=sr_i_897
898. Aggyisten Biri!,1927,,,,,,,https://www.imdb.com/title/tt4738314/?ref_=sr_i_898
899. Frisco Sally Levy,1927,1h 10m,,,,,"Sally Lapidowitz is the daughter of an Orthodox Jewish father and an Irish Catholic mother and the girlfriend of motorcycle cop Patrick Sweeney. Sally finds herself attracted to fancy Stuart Gold, a young Jewish boy who charms her father but raises Patrick's suspicions, which are soon justified.",https://www.imdb.com/title/tt0017907/?ref_=sr_i_899
900. Draupadi Vastra Haran,1927,,,,,,,https://www.imdb.com/title/tt0154426/?ref_=sr_i_900
901. Erinnerungen einer Nonne,1927,,,,,,"Sister Angelika has the power of life or death over her former tormentor, now sick and placed in her care.",https://www.imdb.com/title/tt0457336/?ref_=sr_i_901
902. Chadra,1927,,,,,,,https://www.imdb.com/title/tt11568166/?ref_=sr_i_902
903. Vad kvinnan vill,1927,1h 16m,,,,,Harry Willis is a slob and a bacchant. He is therefore abandoned by his wife Maggi.,https://www.imdb.com/title/tt0019518/?ref_=sr_i_903
904. The Black Diamond Express,1927,1h,Passed,,,,"Dan Foster (Monte Blue), the engineer of the Black Diamond Express express train falls in love with Jeanne Harmon (Edna Murphy), whose snobbish, high society mother, Mrs. Harmon (Myrtle Stedman), does not approve of the blue-collar, rough-at-the-edges Dan Foster as a suitable husband for Jeanne.",https://www.imdb.com/title/tt0017677/?ref_=sr_i_904
905. Lonesome Ladies,1927,1h,,,,,,https://www.imdb.com/title/tt0018100/?ref_=sr_i_905
906. Beniôgi,1927,,,,,,,https://www.imdb.com/title/tt11509110/?ref_=sr_i_906
907. Girl in the Rain,1927,48m,,,,,,https://www.imdb.com/title/tt0325468/?ref_=sr_i_907
908. One Woman to Another,1927,50m,,,,,"John Bruce and Rita Farrell are constantly frustrated in their attempts to get married. They agree on a date, but unexpectedly her brother, the Reverend Robert Farrell, arrives along with his niece and nephew, both of whom he places in her care for 6 months while he travels to the Orient. John continues his suit until the niece is stricken with scarlet fever and a quarantine keeps John away. Meanwhile, John is vamped by a Miss Chapin; and Rita, with the aid of her friend Olive Gresham, schemes to compromise John into immediate marriage. Although Miss Chapin is forced to stay overnight with John in his car, Rita manages to faint, attired in a negligee, into his arms. To save him from a trouncing at the hands of Farrell, Rita claims that they are married. After a mad chase through a traffic jam, the lovers are united.",https://www.imdb.com/title/tt0018230/?ref_=sr_i_908
909. Chizakura: zenpen,1927,,,,,,,https://www.imdb.com/title/tt11401778/?ref_=sr_i_909
910. Judgment of the Hills,1927,1h,,,,,,https://www.imdb.com/title/tt0018047/?ref_=sr_i_910
911. Die Jagd nach der Braut,1927,,,,,,,https://www.imdb.com/title/tt0454851/?ref_=sr_i_911
912. Eulis atjih,1927,,,,,,,https://www.imdb.com/title/tt0346951/?ref_=sr_i_912
913. Don Desperado,1927,1h,,,,,,https://www.imdb.com/title/tt0130627/?ref_=sr_i_913
914. Yowamushi,1927,,,,,,,https://www.imdb.com/title/tt9304634/?ref_=sr_i_914
915. Natsukashi no haha,1927,,,,,,,https://www.imdb.com/title/tt9680762/?ref_=sr_i_915
916. Das Heiratsnest,1927,,,,,,,https://www.imdb.com/title/tt0455527/?ref_=sr_i_916
917. Kyûkanchô,1927,,,,,,,https://www.imdb.com/title/tt1464757/?ref_=sr_i_917
918. Heimweh,1927,,,,,,"When the revolution breaks in Russia, a General, through obstinacy, endangers the lives of his daughter, Lydia, and himself. Through the faithfulness of Ivan, one of his serfs, the old noble is enabled to escape to Paris. Here, in company with others of the Russian nobility in a like case with himself, he finds refuge in a comfortable pension. A plausible rogue deludes the unfortunate exiles and absconds with most of their jewelry. When this is discovered, the old General dies from shock. Lydia soon works through the small remainder of her wealth, and when nearly at the end of her resources is offered ""assistance"" by a wealthy roue. He shows his hand too crudely, however, and in consequence, she and Ivan embark on the adventure of a return to Russia, ignoring everything save the project of finding happiness with each other.",https://www.imdb.com/title/tt0189573/?ref_=sr_i_918
919. Jaane-E-Alam Anjumanara,1927,,,,,,,https://www.imdb.com/title/tt0213731/?ref_=sr_i_919
920. Kotô no kaijin,1927,,,,,,,https://www.imdb.com/title/tt11822562/?ref_=sr_i_920
921. Brabo Films stelt voor eeinge zijner artiesten en het bestuur,1927,,,,,,,https://www.imdb.com/title/tt0281678/?ref_=sr_i_921
922. Natur und Liebe,1927,,,,,,,https://www.imdb.com/title/tt0461290/?ref_=sr_i_922
923. El sendero gris,1927,,,,,,,https://www.imdb.com/title/tt0129362/?ref_=sr_i_923
924. The Rushing Tide,1927,1h 12m,,,,,,https://www.imdb.com/title/tt0351682/?ref_=sr_i_924
925. Usmiech losu,1927,,,,,,,https://www.imdb.com/title/tt0907822/?ref_=sr_i_925
926. Hiratemiki,1927,,,,,,,https://www.imdb.com/title/tt9487306/?ref_=sr_i_926
927. Gunsundari,1927,,,,,,"Gohar plays a dutiful wife whose husband refuses to take his share of the domestic responsibilities, claiming that he has enough problems at the office. Frustrated with his housewifely spouse, he takes up with a dancing-girl. The wife is spurred into an active social life, discovering a world beyond the confines of the home. The tale sought to tell modern women that they owed it to their husbands to be more than domestic drudges.",https://www.imdb.com/title/tt0256790/?ref_=sr_i_927
928. Frau Sopherl vom Naschmarkt,1927,,,,,,,https://www.imdb.com/title/tt1473033/?ref_=sr_i_928
929. Bulldog Pluck,1927,50m,,,,,The owner of a saloon finds himself in trouble with the corrupt officials of his town when he tries to get the town's saloons to close at midnight on weekdays and all day on Sundays.,https://www.imdb.com/title/tt0017717/?ref_=sr_i_929
930. Der fesche Erzherzog,1927,,,,,,"Prince Hal of Tyrene devotes himself to sport and shows no inclination to marry. The King, his father, asks the help of Jevons, the Prince's tutor, who seeks to interest him in the beautiful Countess Patiana. The Prince, however, meets Marie Brandes, a poor girl with whom he falls deeply in love under an assumed name. When the affair is discovered, the King refuses his consent and arranges another marriage. Hal, however, appeals to the Emperor with such success that the King gives way and the Prince and Marie are united.",https://www.imdb.com/title/tt0317491/?ref_=sr_i_930
931. Chitrakar Premi,1927,,,,,,,https://www.imdb.com/title/tt20754144/?ref_=sr_i_931
932. Bilderbogen der Ehe,1927,,,,,,,https://www.imdb.com/title/tt0457287/?ref_=sr_i_932
933. Zendama akudamâ,1927,,,,,,,https://www.imdb.com/title/tt7641020/?ref_=sr_i_933
934. Don't Tell the Wife,1927,1h 10m,,,,,,https://www.imdb.com/title/tt0017819/?ref_=sr_i_934
935. Adauchi kien,1927,,,,,,,https://www.imdb.com/title/tt9333004/?ref_=sr_i_935
936. Wochenendzauber,1927,,,,,,"Heinz Sattorius leads an extraordinarily life wining, dining with lots of women. His uncle is the provider of the funds for his lifestyle. When his uncle grows tired of Heinz wild behavior all his friends disappear overnight.",https://www.imdb.com/title/tt0198030/?ref_=sr_i_936
937. Kana tehon Chûshingura shichidanme,1927,,,,,,,https://www.imdb.com/title/tt8125800/?ref_=sr_i_937
938. Das Mädchen aus der Fremde,1927,,,,,,,https://www.imdb.com/title/tt0958147/?ref_=sr_i_938
939. The Swell-Head,1927,59m,Passed,,,,"Businessman Lefty Malone (Ralph Graves) decides to become a prizefighter, has his head turned by instant success, falls for the wrong woman, Kitty (Mildred Harris), then realizes the error of his ways and finds true love with Molly O'Rourke (Eugenia Gilbert).",https://www.imdb.com/title/tt0018458/?ref_=sr_i_939
940. Action Craver,1927,,,,,,"A war veteran gets a job on a ranch, but the foreman takes a dislike to him because the owner's daughter falls for him. Things start to look bad for the new cowboy when a calf is found shot dead and he is suspected of doing it, and a letter arrives for him from a woman claiming to be his abandoned wife.",https://www.imdb.com/title/tt0016576/?ref_=sr_i_940
941. Nôkosareshî tamashii,1927,,,,,,,https://www.imdb.com/title/tt8807706/?ref_=sr_i_941
942. Â sanjuhachi go shitsu,1927,,,,,,,https://www.imdb.com/title/tt9070704/?ref_=sr_i_942
943. The Beauty Shoppers,1927,1h,,,,,,https://www.imdb.com/title/tt0017665/?ref_=sr_i_943
944. Sorochynskyi yarmarok,1927,1h 7m,,,,,,https://www.imdb.com/title/tt12258584/?ref_=sr_i_944
945. Onna wa mappira,1927,,,,,,,https://www.imdb.com/title/tt9258018/?ref_=sr_i_945
946. Black Tears,1927,,,,,,,https://www.imdb.com/title/tt0017680/?ref_=sr_i_946
947. Juszt is megnösülök,1927,,,,,,,https://www.imdb.com/title/tt0241609/?ref_=sr_i_947
948. Heroes of the Wild,1927,3h 20m,,,,,"The only key to a young woman's fortune lies in a marking on the leg of a horse called The Ghost of the Gauchos. But the woman's guardian, her uncle, plots to steal her wealth.",https://www.imdb.com/title/tt0017988/?ref_=sr_i_948
949. Kuroda sodo: zenpen,1927,,,,,,,https://www.imdb.com/title/tt9444632/?ref_=sr_i_949
"950. Smile, Brother, Smile",1927,1h 10m,,,,,"A hot young salesman at a cosmetics company finds out that he might soon be out of a job because the company is losing a lot of money. He and his secretary discover that the reason the company's losing money isn't because of poor sales, but because there's a ""spy"" in the office working for a competing cosmetics company. Complications ensue.",https://www.imdb.com/title/tt0018418/?ref_=sr_i_950
951. Byakkotai,1927,,,,,,,https://www.imdb.com/title/tt7154986/?ref_=sr_i_951
952. Married Alive,1927,50m,,,,,"When a college professor who approves of polygamy among the lower forms of animal life goes to the seashore for a rest, he meets James Duxbury ( Lou Tellegen ) who discloses that he is married to four women. The professor proceeds to inform the wives of this dishonor; one, an actress, doesn't care; the preacher's daughter is duly heartbroken. An old battle-ax proves to be actually married to the scoundrel, thus enabling the professor to marry the fourth, a lady of royalty.",https://www.imdb.com/title/tt0018145/?ref_=sr_i_952
953. Ryuma ansatsu: kôhen,1927,,,,,,,https://www.imdb.com/title/tt8823710/?ref_=sr_i_953
954. 1927 British Grand Prix,1927,,,,,,,https://www.imdb.com/title/tt9006498/?ref_=sr_i_954
955. Shuran no kyojin,1927,,,,,,,https://www.imdb.com/title/tt9489044/?ref_=sr_i_955
956. A Light in the Window,1927,1h,,,,,"Dorothy, the unsophisticated daughter of Johann Graff, a stern, protective cobbler, dreams of entering café society after a night out with a friend. One night, Dorothy meets Bert Emmonds; they marries after three dates, and the outraged Johann disowns her. When Bert is falsely arrested for stealing an automobile, Dorothy is forced to work as a cigarette girl. She and Bert are later reunited, and Johann forgives his daughter.",https://www.imdb.com/title/tt0018091/?ref_=sr_i_956
957. Draupadi Vastraharan,1927,,,,,,,https://www.imdb.com/title/tt0253057/?ref_=sr_i_957
958. O Colégio Militar,1927,,,,,,,https://www.imdb.com/title/tt0129000/?ref_=sr_i_958
959. Kenjin,1927,,,,,,,https://www.imdb.com/title/tt11296188/?ref_=sr_i_959
960. Hazukashii yume,1927,,,,,,,https://www.imdb.com/title/tt0017971/?ref_=sr_i_960
961. Omoide,1927,,,,,,,https://www.imdb.com/title/tt5061902/?ref_=sr_i_961
962. Die Hafenbraut,1927,,,,,,,https://www.imdb.com/title/tt6372594/?ref_=sr_i_962
963. The Glad Eye,1927,,,,,,Men elude their wives by threatening to go on a dirigible. It crashes.,https://www.imdb.com/title/tt0325470/?ref_=sr_i_963
964. Searching for Fate,1927,,,,,,"The serf Ostap Mandryka, who caused arrogant anger with his behavior, flees from inevitable reprisal in Bulgaria, where he is injured when crossing the border. Together with other fugitives, he wanders around a foreign land and eventually returns to Russia.",https://www.imdb.com/title/tt12037542/?ref_=sr_i_964
965. Radioamatéri,1927,1h 17m,,,,,,https://www.imdb.com/title/tt1092614/?ref_=sr_i_965
966. El orgullo de Albacete,1927,,,,,,,https://www.imdb.com/title/tt0018238/?ref_=sr_i_966
967. Compassion,1927,1h,,,,,"Alcoholic former artist David Stanley and impoverished violinist Judith Deering appear before Judge Henning. After the kindly judge dismisses the petty charges against the pair, Judith finds a job, after which she secretly sends money to David, using the judge as an intermediary. David soon stops drinking and successfully resumes his career. Meanwhile, Judith discovers that her new employer, Thomas Carter, has designs on her. She tries to leave him, but cannot, because her leaving would harm a friend who is a cabaret dancer. When David learns that Judith is his benefactor, and is in danger, he goes to her rescue.",https://www.imdb.com/title/tt0017770/?ref_=sr_i_967
968. Mange jigoku daisanpen,1927,,,,,,,https://www.imdb.com/title/tt8126118/?ref_=sr_i_968
969. Rihatsuyâ sodoki,1927,,,,,,,https://www.imdb.com/title/tt10890124/?ref_=sr_i_969
970. Alpentragödie,1927,,,,,,,https://www.imdb.com/title/tt0458316/?ref_=sr_i_970
971. What Price Love?,1927,,,,,,A man who has been jilted by the woman he loves sets out to recover her stolen jewels in order that she can be happy with her new husband.,https://www.imdb.com/title/tt0018560/?ref_=sr_i_971
972. Faschingszauber,1927,,,,,,,https://www.imdb.com/title/tt0137512/?ref_=sr_i_972
973. Les fiançailles rouges,1927,,,,,,,https://www.imdb.com/title/tt0191131/?ref_=sr_i_973
974. Seiga,1927,,,,,,,https://www.imdb.com/title/tt0876538/?ref_=sr_i_974
975. Chuzhaya,1927,1h 6m,,,,,,https://www.imdb.com/title/tt0252989/?ref_=sr_i_975
976. Night Life,1927,1h 10m,,,,,"Max, a sleight-of-hand artist, and his partner Nick, impoverished by the war, return to Vienna, the scene of earlier, happy days. Like many people driven to desperation, Max becomes a professional thief rather than starve; and Nick, in spite of scruples, also succumbs. Soon they are again prosperous, and Max is accosted by Anna, a poor girl reduced to picking pockets; he takes her to a restaurant and then to an amusement park, and they are soon caught up in a blissful romance, spending the night on the Ferris wheel. Anna takes a job as waitress in a beer garden, witnesses Max stealing a diamond brooch from a customer, and compels him to return it; Nick, convinced that her intrusion is destroying his friendship, causes her arrest. Ultimately, however, Nick takes the blame for the crime, leaving the lovers to start a new life.",https://www.imdb.com/title/tt0018202/?ref_=sr_i_976
977. The Cyclone Cowboy,1927,50m,,,,,,https://www.imdb.com/title/tt0017787/?ref_=sr_i_977
978. Taii no musume,1927,,,,,,,https://www.imdb.com/title/tt11586816/?ref_=sr_i_978
979. Palaces,1927,,,,,,"Nadia de Hock breaks her engagement to another man because of her love to the marquis d'Areghi. She lives a life of pleasure until Areghi reveals he is just an adventurer who has just killed his brother. He asks her to sign a letter so he can use her as his alibi. Some time later, Areghi is attacked by Nadia's guard dogs as he tries to see her. He dies as she forgives him for the pain he caused her.",https://www.imdb.com/title/tt0160625/?ref_=sr_i_979
980. Ryuma ansatsu: zenpen,1927,,,,,,,https://www.imdb.com/title/tt8823602/?ref_=sr_i_980
981. Bezwinger der 1000 Gefahren,1927,,,,,,,https://www.imdb.com/title/tt0461750/?ref_=sr_i_981
982. Zwei unterm Himmelszelt,1927,,,,,,,https://www.imdb.com/title/tt0136626/?ref_=sr_i_982
983. Across Bolivia,1927,50m,,,,,,https://www.imdb.com/title/tt1720042/?ref_=sr_i_983
984. Sati Savitri,1927,,,,,,,https://www.imdb.com/title/tt0249938/?ref_=sr_i_984
985. The Fighting Three,1927,50m,Passed,,,,"Mademoiselle Jeanne D'Arcy, the soubrette in a Parisian Follies company, marries Jack Conway, a good-natured cowhand, after he tows their stalled truck across the county line. While they are playing the local opera house, John D'Arcy is writing his will, naming Jeanne as beneficiary. D'Arcy's scalawag nephew, Steve Clayton, demands money from him and tries to force a revision of the will. Jack responds to D'Arcy's call for help and is framed by Steve for the old man's murder. Jack escapes and takes refuge in Jeanne's dressing room, where she disguises him as a mystic. Steve later convinces Jeanne that Jack killed her father, and she attempts to shoot her husband. The report of D'Arcy's death proves erroneous, and he recovers with an accusatory finger pointed at Steve.",https://www.imdb.com/title/tt0017879/?ref_=sr_i_985
986. Alles will zum Film,1927,,,,,,,https://www.imdb.com/title/tt1682221/?ref_=sr_i_986
987. Birds of Prey,1927,56m,Passed,,,,"J. Hamilton Smith (William H. Tooker), a well-known metropolitan banker---and not known former prison inmate---plots a no-problem, big heist, bank robbery with a gang of thieves. What their fool-proof plan didn't account for was an earthquake in which they all perish.",https://www.imdb.com/title/tt0017675/?ref_=sr_i_987
988. The Cancelled Debt,1927,1h,,,,,,https://www.imdb.com/title/tt0017732/?ref_=sr_i_988
989. Hama no wakamono,1927,,,,,,,https://www.imdb.com/title/tt7172642/?ref_=sr_i_989
990. The Bachelor's Baby,1927,56m,Passed,,,,"To avoid being arrested for speeding,an unmarried couple, Eleanor Carter ""Helene Chadwick"" and BillTayor ""Harry Myers"", tell police officer ""Hardboiled"" Hogan ""Pat Harmon"", they are hurrying to see their ""sick baby"". Hogan tells them he is going to come to their apartment to see their sick baby. The couple hires an adult midget, Mr. Buppo ""Midget Gustav"" to impersonate the baby. They aren't aware that Mr. Buppo likes to smoke cigars. Complication arise.",https://www.imdb.com/title/tt0017654/?ref_=sr_i_990
991. Sunae shibari: Dai-ippen,1927,,,,,,,https://www.imdb.com/title/tt0864901/?ref_=sr_i_991
992. The Kid Sister,1927,58m,Passed,,,,Mary Hall (Ann Christy) forsakes the quiet life of her small-town home and joins her chorus-girl sister Helen Hall (Marguerire De La Motre) in New York. She's soon disillusioned with the big city life and returns home to her waiting beau Thomas Webster (Malcolm McGregor).,https://www.imdb.com/title/tt0018052/?ref_=sr_i_992
993. Adauchi sômato,1927,,,,,,,https://www.imdb.com/title/tt11274908/?ref_=sr_i_993
994. Nobody's Widow,1927,1h 7m,,,,,"Roxanna is married to British official John Clayton, but when she catches John in the apparent embrace of another woman, Roxanna leaves England and goes to visit her friend Betty in America. There she tells people that her 'beloved' husband is dead. Betty's friends take to Roxanna, especially Ned, for whom Betty has strong feelings. Further complications arrive in the presence of John Clayton, who has followed Roxanna and now pretends to be the Duke of Morebay and another potential suitor for 'widowed' Roxanna.",https://www.imdb.com/title/tt0018206/?ref_=sr_i_994
995. Chizome no jûjika,1927,,,,,,,https://www.imdb.com/title/tt0862664/?ref_=sr_i_995
996. Mizuumi,1927,,,,,,,https://www.imdb.com/title/tt9311042/?ref_=sr_i_996
997. Die Hochstaplerin,1927,,,,,,,https://www.imdb.com/title/tt0455533/?ref_=sr_i_997
998. The Scarlet Brand,1927,3h 20m,,,,,,https://www.imdb.com/title/tt0018363/?ref_=sr_i_998
999. Janjir Ne Jankare,1927,,,,,,"This Rajput romance is about Commander Ambar of Ajaygarh who triumphs over neighbouring Ramgarh capturing its king and the beautiful Princess Rama (Gulab). Ambar falls for her but problems arise when the king of Ajaygarh wants to give his own daughter in marriage to the victorious commander. Ambar covertly helps Rama and her father escape but he is killed in the process and dies in Rama's arms. The major portion of the film deals with Ambar's imprisonment at the hands of his own patron, remaining seven days without food. Highlights include spectacular battle scenes.",https://www.imdb.com/title/tt0239501/?ref_=sr_i_999
1000. The Clown,1927,57m,Passed,,,,"The life of a circus owner, Albert Wells (William V. Mong), is ruined when he discovers his wife Corrine (Barbara Tennant) in the arms of the circus lion tamer Bert Colrton (John Miljan). In the fracas that followed, Corrine is accidentally killed, and Albert is sent to prison for life. Years later he escapes from prison dressed as a clown and is hired by his daughter, Corrine (Dorothy Revier), who does not recognize ans now runs the circus aided by Bob Stone (Johnnie Walker), the man she loves. Albert turns a lion on Colton, who is killed and, he himself is killed in an elephant stampede.",https://www.imdb.com/title/tt0017761/?ref_=sr_i_1000
