Title,Year,Duration,MPA,Rating,Votes,meta_score,description,Movie Link
1. Aladdin,1992,1h 30m,G,8.0,506K,86,A kind-hearted street urchin and a power-hungry Grand Vizier vie for a magic lamp that has the power to make their deepest wishes come true.,https://www.imdb.com/title/tt0103639/?ref_=sr_i_1
2. Home Alone 2: Lost in New York,1992,2h,PG,6.9,463K,46,"Kevin is separated from his family again when he accidentally boards a flight to New York City during a Christmas trip to Miami. However he crosses paths with the same burglars, who now plan to rob a toy store on Christmas Eve.",https://www.imdb.com/title/tt0104431/?ref_=sr_i_2
3. Batman Returns,1992,2h 6m,PG-13,7.1,354K,68,"While Batman deals with a deformed man calling himself the Penguin wreaking havoc across Gotham with the help of a cruel businessman, a female employee of the latter becomes the Catwoman with her own vendetta.",https://www.imdb.com/title/tt0103776/?ref_=sr_i_3
4. Lethal Weapon 3,1992,1h 58m,R,6.7,190K,40,Martin Riggs and Roger Murtaugh pursue a former LAPD officer who uses his knowledge of police procedure and policies to steal and sell confiscated guns and ammunition to local street gangs.,https://www.imdb.com/title/tt0104714/?ref_=sr_i_4
5. A Few Good Men,1992,2h 18m,R,7.8,322K,62,A military lawyer intends to prove that two US Marines charged with murdering a fellow Marine were only following their base commander's orders.,https://www.imdb.com/title/tt0104257/?ref_=sr_i_5
6. Sister Act,1992,1h 40m,PG,6.6,120K,51,"When a nightclub singer is forced to take refuge from the mob in a convent, she ends up turning the convent choir into a soulful chorus complete with a Motown repertoire, until the sudden celebrity of the choir jeopardizes her identity.",https://www.imdb.com/title/tt0105417/?ref_=sr_i_6
7. The Bodyguard,1992,2h 9m,R,6.4,161K,39,"A former Secret Service agent takes on the job of bodyguard to an R&B singer, whose lifestyle is most unlike a President's.",https://www.imdb.com/title/tt0103855/?ref_=sr_i_7
8. Wayne's World,1992,1h 34m,PG-13,7.0,184K,57,"When a slick producer offers to take their public-access TV show to the big time, rock-loving pals Wayne and Garth struggle to keep control of their creation as he also pursues Wayne's girlfriend.",https://www.imdb.com/title/tt0105793/?ref_=sr_i_8
9. Basic Instinct,1992,2h 7m,R,7.1,248K,43,A violent police detective investigates a brutal murder that might involve a manipulative and seductive novelist.,https://www.imdb.com/title/tt0103772/?ref_=sr_i_9
10. A League of Their Own,1992,2h 8m,PG,7.4,133K,69,"During World War II, sisters Dottie and Kit join the first female professional baseball league and struggle to help it succeed amid their own growing rivalry.",https://www.imdb.com/title/tt0104694/?ref_=sr_i_10
11. Unforgiven,1992,2h 10m,R,8.2,473K,85,"Retired Old West gunslinger Will Munny reluctantly takes on one last job to avenge an injustice with the help of his old partner and a young would-be gunman calling himself ""The Schofield Kid"".",https://www.imdb.com/title/tt0105695/?ref_=sr_i_11
12. The Hand That Rocks the Cradle,1992,1h 50m,R,6.7,57K,64,"After her sex offender obstetrician husband gets reported and kills himself, an embittered widow loses her pregnancy, and embarks on a mission of vengeance against one of her husband's victims and the woman's family.",https://www.imdb.com/title/tt0104389/?ref_=sr_i_12
13. Under Siege,1992,1h 43m,R,6.5,104K,58,"Former Navy SEAL, Casey Ryback, is the only person capable of stopping a group of terrorists led by a rogue former CIA agent who seize the USS Missouri, a U.S. Navy battleship, in an attempt to steal its nuclear arsenal.",https://www.imdb.com/title/tt0105690/?ref_=sr_i_13
14. Patriot Games,1992,1h 57m,R,6.9,130K,64,An ex-CIA analyst protects his family from IRA-fringe terrorists on his trail.,https://www.imdb.com/title/tt0105112/?ref_=sr_i_14
15. Dracula,1992,2h 8m,R,7.4,271K,57,Centuries-old vampire Count Dracula comes to England to seduce his barrister Jonathan Harker's fiancée Mina Murray and wreak havoc in the foreign land.,https://www.imdb.com/title/tt0103874/?ref_=sr_i_15
16. White Men Can't Jump,1992,1h 55m,R,6.8,105K,65,"Two basketball hustlers, black Sidney Deane and white Billy Hoyle, join forces to double their chances of winning money on the street courts as well as in a tournament.",https://www.imdb.com/title/tt0105812/?ref_=sr_i_16
17. The Last of the Mohicans,1992,1h 52m,R,7.6,210K,76,Three Mohican trappers agree to protect the daughters of a British Colonel in the midst of the French and Indian War.,https://www.imdb.com/title/tt0104691/?ref_=sr_i_17
18. Boomerang,1992,1h 57m,R,5.7,33K,45,A successful executive and womanizer finds his lifestyle choices have turned back on him when his new female boss turns out to be an even bigger deviant than he is.,https://www.imdb.com/title/tt0103859/?ref_=sr_i_18
19. Scent of a Woman,1992,2h 36m,R,8.0,377K,57,"A young prep student takes a job as an assistant to a blind, irritable, retired Army lieutenant colonel over Thanksgiving weekend.",https://www.imdb.com/title/tt0105323/?ref_=sr_i_19
20. The Crying Game,1992,1h 52m,R,7.2,64K,90,"A British soldier kidnapped by the IRA soon befriends one of his captors, who then becomes drawn into the soldier's world.",https://www.imdb.com/title/tt0104036/?ref_=sr_i_20
21. Far and Away,1992,2h 20m,PG-13,6.6,74K,49,"A young Irish couple flee to the States, but subsequently struggle to obtain land and prosper freely.",https://www.imdb.com/title/tt0104231/?ref_=sr_i_21
"22. Honey, I Blew Up the Kid",1992,1h 29m,PG,4.9,50K,50,"The Szalinski family is back, this time hilarious disaster strikes when an experiment causes their new toddler son to grow many stories tall.",https://www.imdb.com/title/tt0104437/?ref_=sr_i_22
23. Housesitter,1992,1h 42m,PG,6.2,29K,52,"Con artist Gwen moves into Newton's empty home without his knowledge and begins setting up house, posing as his new wife.",https://www.imdb.com/title/tt0104452/?ref_=sr_i_23
24. Death Becomes Her,1992,1h 44m,PG-13,6.7,152K,56,Two women vie for a man and the secret of eternal beauty.,https://www.imdb.com/title/tt0104070/?ref_=sr_i_24
25. Unlawful Entry,1992,1h 51m,R,6.4,23K,61,"When Michael and Karen Carr's home is robbed, the couple strike up a friendship with duty officer Pete Davis - but the disturbed cop soon begins stalking the terrified couple.",https://www.imdb.com/title/tt0105699/?ref_=sr_i_25
26. Beethoven,1992,1h 27m,PG,5.8,83K,,A slobbering St. Bernard finds a home with a loving family before being targeted by a dognapping veterinarian and his henchmen.,https://www.imdb.com/title/tt0103786/?ref_=sr_i_26
27. Forever Young,1992,1h 42m,PG,6.4,53K,,"During a cryogenics test, a pilot frozen in 1939 awakes in 1992 but time is running out, as his body starts to age rapidly.",https://www.imdb.com/title/tt0104291/?ref_=sr_i_27
28. Alien³,1992,1h 54m,R,6.4,356K,59,"Returning from LV-426, Ellen Ripley crash-lands on the maximum-security prison Fiorina 161, where she discovers that she has unwittingly brought along an unwelcome visitor.",https://www.imdb.com/title/tt0103644/?ref_=sr_i_28
29. My Cousin Vinny,1992,1h 59m,R,7.6,162K,68,"Two New Yorkers accused of murder in rural Alabama while on their way back to college call in the help of one of their cousins, a loudmouth lawyer with no trial experience.",https://www.imdb.com/title/tt0104952/?ref_=sr_i_29
30. Sneakers,1992,2h 6m,PG-13,7.1,68K,65,A security pro finds his past returning to haunt him when he and his unique team are tasked with retrieving a particularly important item.,https://www.imdb.com/title/tt0105435/?ref_=sr_i_30
31. The Mighty Ducks,1992,1h 44m,PG,6.6,78K,46,A self-centered Minnesota lawyer is sentenced to community service coaching a rag tag youth hockey team.,https://www.imdb.com/title/tt0104868/?ref_=sr_i_31
32. Malcolm X,1992,3h 22m,PG-13,7.7,113K,73,"Biographical epic of the controversial and influential Black Nationalist leader, from his early life and career as a small-time gangster, to his ministry as a member of the Nation of Islam and his eventual assassination.",https://www.imdb.com/title/tt0104797/?ref_=sr_i_32
33. Single White Female,1992,1h 47m,R,6.4,47K,63,"A Manhattan professional takes in a new roommate after a breakup, only to find the woman gradually copying her life, appearance, and relationships, turning domestic space into a site of escalating identity erasure and violent possession.",https://www.imdb.com/title/tt0105414/?ref_=sr_i_33
34. The Distinguished Gentleman,1992,1h 52m,R,5.9,18K,45,"A conman discovers during a ""job"" that US Congress is where the money is. ""Name recognition"" gets him elected. Will he develop a conscience?",https://www.imdb.com/title/tt0104114/?ref_=sr_i_34
35. Medicine Man,1992,1h 46m,PG-13,6.0,26K,43,"In the beautiful and dangerous Amazon rainforest, dissimilar people must make their choices between business, science, and love.",https://www.imdb.com/title/tt0104839/?ref_=sr_i_35
36. Passenger 57,1992,1h 24m,R,5.9,54K,50,An airline-security expert tries to bring down a skyjacker.,https://www.imdb.com/title/tt0105104/?ref_=sr_i_36
37. A River Runs Through It,1992,2h 3m,PG,7.2,72K,68,"Two sons of a stern minister - one reserved, one rebellious - grow up in rural 1920s Montana while devoted to fly fishing.",https://www.imdb.com/title/tt0105265/?ref_=sr_i_37
38. Encino Man,1992,1h 28m,PG,5.9,50K,25,"When they find a frozen caveman in their back yard, two high school outcasts thaw him and introduce him to modern life while he in turn gets them to actually enjoy life.",https://www.imdb.com/title/tt0104187/?ref_=sr_i_38
39. Mo' Money,1992,1h 29m,R,5.6,8.9K,,"A con man, seeking to gain the affections of a woman he saw entering an office building, acquires a job in the same building working for an executive who has plans to use his skills for more than just the workplace.",https://www.imdb.com/title/tt0104897/?ref_=sr_i_39
40. Universal Soldier,1992,1h 42m,R,6.1,103K,35,Soldiers who were killed in action are brought back to life in a top secret military experiment that creates superhuman warriors.,https://www.imdb.com/title/tt0105698/?ref_=sr_i_40
41. Honeymoon in Vegas,1992,1h 36m,PG-13,5.9,21K,63,"Jack loses $65,000 in poker in Las Vegas, where he's marrying Betsy. The wedding will have to wait as the poker winner wants the weekend with Betsy to cancel the debt. She accepts. Whom will she marry?",https://www.imdb.com/title/tt0104438/?ref_=sr_i_41
42. The Lawnmower Man,1992,1h 48m,R,5.5,43K,42,A simple man is turned into a genius through the application of computer science.,https://www.imdb.com/title/tt0104692/?ref_=sr_i_42
43. Sleepwalkers,1992,1h 29m,R,5.4,28K,38,A mother and son move to a new town to prey on a young woman.,https://www.imdb.com/title/tt0105428/?ref_=sr_i_43
44. 3 Ninjas,1992,1h 24m,PG,5.4,25K,36,"Each year, three brothers visit their grandfather for the summer. He is highly skilled in ninjutsu, and for years he has trained the boys in his techniques.",https://www.imdb.com/title/tt0103596/?ref_=sr_i_44
45. Final Analysis,1992,2h 4m,R,5.9,16K,40,"A psychiatrist becomes romantically involved with the sister of one of his patients, but the influence of her controlling gangster husband threatens to destroy them both.",https://www.imdb.com/title/tt0104265/?ref_=sr_i_45
46. Stop! Or My Mom Will Shoot,1992,1h 27m,PG-13,4.4,47K,,A tough police sergeant's overbearing mother comes to visit him and begins to meddle in his life and career.,https://www.imdb.com/title/tt0105477/?ref_=sr_i_46
47. The Muppet Christmas Carol,1992,1h 25m,G,7.8,83K,64,"The Muppets put their spin on the tale of an elder, Christmas-hating miser who is visited by spirits who foretell his future and share secrets from his past and present, which helps change his view on life.",https://www.imdb.com/title/tt0104940/?ref_=sr_i_47
48. Howards End,1992,2h 22m,PG,7.3,39K,88,An Englishman cheats a woman out of an inheritance.,https://www.imdb.com/title/tt0104454/?ref_=sr_i_48
49. Candyman,1992,1h 39m,R,6.8,111K,61,"The Candyman, a murderous soul with a hook for a hand, is accidentally summoned to reality by a skeptic grad student researching the monster's myth.",https://www.imdb.com/title/tt0103919/?ref_=sr_i_49
50. The Cutting Edge,1992,1h 41m,PG,6.9,26K,53,A temperamental figure skater and an arrogant former hockey player attempt to win the Olympic Gold Medal as a figure skating pairs team.,https://www.imdb.com/title/tt0104040/?ref_=sr_i_50
51. FernGully: The Last Rainforest,1992,1h 16m,G,6.6,38K,67,"The magical inhabitants of a rainforest fight to save their home, which is threatened by logging and a polluting force of destruction called Hexxus.",https://www.imdb.com/title/tt0104254/?ref_=sr_i_51
52. Hoffa,1992,2h 20m,R,6.6,26K,50,"The story of the notorious American labor union figure Jimmy Hoffa, who organizes a bitter strike, makes deals with members of the organized crime syndicate and mysteriously disappears in 1975.",https://www.imdb.com/title/tt0104427/?ref_=sr_i_52
53. Leap of Faith,1992,1h 48m,PG-13,6.2,16K,,Fake faith healer Jonas Nightingale is stranded in a small town where he finds he can't fool all of the people all of the time.,https://www.imdb.com/title/tt0104695/?ref_=sr_i_53
54. Toys,1992,1h 58m,PG-13,5.2,36K,40,"A whimsical toymaker must save his late father's toy factory from his war-crazy uncle, who plans on using it to produce military weapons disguised as toys.",https://www.imdb.com/title/tt0105629/?ref_=sr_i_54
55. Thunderheart,1992,1h 59m,R,6.8,20K,58,A young mixed-blood FBI agent is assigned to work with a cynical veteran investigator on a murder on a poverty-stricken Sioux reservation.,https://www.imdb.com/title/tt0105585/?ref_=sr_i_55
56. Captain Ron,1992,1h 40m,PG-13,5.9,25K,39,"A Chicagoan inherits an old yacht. He, his wife, daughter and son fly to a Caribbean island and hire a dubious Captain Ron to sail them on an adventure to Miami.",https://www.imdb.com/title/tt0103924/?ref_=sr_i_56
57. The Player,1992,2h 4m,R,7.5,73K,86,A hotshot Hollywood studio executive starts receiving death threats from a rejected writer.,https://www.imdb.com/title/tt0105151/?ref_=sr_i_57
58. Like Water for Chocolate,1992,1h 45m,R,7.1,21K,86,"When tradition prevents her from marrying the man she loves, a young woman discovers she has a unique talent for cooking.",https://www.imdb.com/title/tt0103994/?ref_=sr_i_58
59. Shining Through,1992,2h 12m,R,6.4,12K,,An American woman of Irish and Jewish-German parentage goes undercover in Nazi Germany.,https://www.imdb.com/title/tt0105391/?ref_=sr_i_59
60. Consenting Adults,1992,1h 39m,R,5.7,9K,39,"During a joint dinner at the restaurant, the neighbors offer to exchange wives for one night. It was a joke, but only at first.",https://www.imdb.com/title/tt0104006/?ref_=sr_i_60
61. Raising Cain,1992,1h 32m,R,6.1,19K,42,"The oncologist wife of a prominent child psychologist suspects her husband has an unhealthy scientific obsession with their child, unaware of what - or who - is really going on inside his head.",https://www.imdb.com/title/tt0105217/?ref_=sr_i_61
62. Straight Talk,1992,1h 31m,PG,5.9,4.9K,,"A woman ditches her small-town life for big-city Chicago, where she becomes a sensation as a radio-show host.",https://www.imdb.com/title/tt0105481/?ref_=sr_i_62
63. Kuffs,1992,1h 42m,PG-13,5.9,12K,,"George Kuffs, 21, leaves a pregnant girlfriend. He visits his brother Brad to bum money off him. Brad's shot and George IDs the killer at SFPD but to no avail. He inherits Brad's patrol district. He keeps it to get the killer.",https://www.imdb.com/title/tt0104647/?ref_=sr_i_63
64. Mr. Baseball,1992,1h 48m,PG-13,6.1,13K,,"Jack Elliot, once a great baseball player, is forced to play in Japan where his brash, egotistical ways cause friction with his new teammates and friends.",https://www.imdb.com/title/tt0104926/?ref_=sr_i_64
65. Juice,1992,1h 35m,R,7.0,34K,60,"Four inner-city teenagers get caught up in the pursuit of power and happiness, which they refer to as ""the juice"".",https://www.imdb.com/title/tt0104573/?ref_=sr_i_65
66. Prelude to a Kiss,1992,1h 45m,PG-13,5.6,8.9K,62,"A couple fall in love despite the girl's pessimistic outlook. As they struggle to come to terms with their relationship, something supernatural happens that tests it.",https://www.imdb.com/title/tt0105165/?ref_=sr_i_66
67. Hero,1992,1h 59m,PG-13,6.5,25K,61,A small-time criminal rescues passengers from a crashed airliner only to see another man take credit.,https://www.imdb.com/title/tt0104412/?ref_=sr_i_67
68. Singles,1992,1h 39m,PG-13,6.8,36K,71,"A group of young adults in their twenties, who share an apartment in the city of Seattle, ponder on love and face all the challenges of adulthood.",https://www.imdb.com/title/tt0105415/?ref_=sr_i_68
69. Used People,1992,1h 55m,PG-13,6.2,2.2K,,"At her husband's funeral, a Jewish mother encounters her late husband's Italian friend who secretly loved her. He had previously advised her husband against leaving home, causing tension between her and her two divorced daughters.",https://www.imdb.com/title/tt0105706/?ref_=sr_i_69
70. The Babe,1992,1h 55m,PG,5.9,11K,,Babe Ruth becomes a baseball legend but is unheroic to those who know him.,https://www.imdb.com/title/tt0103747/?ref_=sr_i_70
71. Sidekicks,1992,1h 41m,PG,5.3,11K,,A bullied teen who fantasizes about being Chuck Norris' sidekick trains in martial arts to fulfill his dreams.,https://www.imdb.com/title/tt0105402/?ref_=sr_i_71
72. Freejack,1992,1h 50m,R,5.4,19K,34,"Bounty hunters from the future transport a doomed race car driver to New York City in 2009, where his mind will be replaced with that of a dead billionaire.",https://www.imdb.com/title/tt0104299/?ref_=sr_i_72
73. Pet Sematary II,1992,1h 40m,R,5.0,26K,35,"A teenage boy and his father move to his recently-deceased mother's hometown, where they encounter the ancient Native American cemetery with the power to raise the dead.",https://www.imdb.com/title/tt0105128/?ref_=sr_i_73
74. Deep Cover,1992,1h 47m,R,7.0,17K,67,A uniformed police officer is recruited by the DEA to infiltrate a drug smuggling ring looking to expand its operation.,https://www.imdb.com/title/tt0104073/?ref_=sr_i_74
75. Buffy the Vampire Slayer,1992,1h 26m,PG-13,5.7,53K,48,Flighty teenage girl Buffy Summers learns that she is her generation's destined battler of vampires.,https://www.imdb.com/title/tt0103893/?ref_=sr_i_75
76. Police Story 3: Supercop,1992,1h 31m,R,7.0,27K,,A Hong Kong detective teams up with his female Red Chinese counterpart to stop a Chinese drug czar.,https://www.imdb.com/title/tt0104558/?ref_=sr_i_76
77. Pure Country,1992,1h 52m,PG,7.2,6K,,"Dusty gets tired of all the smoke and light effects, wonders what happened to doing it the way that made him famous and happy. Takes a walk to find what seems to be missing and finds himself and his music again.",https://www.imdb.com/title/tt0105191/?ref_=sr_i_77
78. Ladybugs,1992,1h 30m,PG-13,5.6,11K,36,"To climb the corporate ladder to success, a guy agrees to coach the company's all-girls soccer team with the help of his secret weapon: his fiancee's son.",https://www.imdb.com/title/tt0104670/?ref_=sr_i_78
79. School Ties,1992,1h 46m,PG-13,6.9,30K,65,"In 1955, a star quarterback from a working-class family is given an opportunity to attend an elite New England preparatory school, but he is conflicted about whether or not to tell his Protestant classmates that he is Jewish.",https://www.imdb.com/title/tt0105327/?ref_=sr_i_79
80. City of Joy,1992,2h 12m,PG-13,6.5,6.1K,,"An American doctor, a British nurse, and an illiterate Indian farmer unite to transform a Calcutta ghetto in this uplifting, inspirational movie starring Patrick Swayze and Pauline Collins.",https://www.imdb.com/title/tt0103976/?ref_=sr_i_80
81. Memoirs of an Invisible Man,1992,1h 39m,PG-13,6.0,30K,48,"After a freak accident, a company executive turns completely invisible, goes on the run, and becomes hunted by a treacherous CIA official while trying to cope with his new reality.",https://www.imdb.com/title/tt0104850/?ref_=sr_i_81
82. Rapid Fire,1992,1h 35m,R,6.3,11K,,"Art student Jake Lo witnesses a mob execution. Pursued by corrupt agents and drug traffickers, he joins Karla Withers and Mace Ryan to expose a narcotics empire before its leaders erase every witness.",https://www.imdb.com/title/tt0105219/?ref_=sr_i_82
83. Cool World,1992,1h 42m,PG-13,4.9,27K,27,"When Jack Deebs was behind bars he found escape by creating Cool World, a cartoon series featuring a vixen named Holli Would. However, the flesh proves weaker than ink as Holli takes human form in Las Vegas.",https://www.imdb.com/title/tt0104009/?ref_=sr_i_83
84. Mr. Saturday Night,1992,1h 59m,R,5.9,5.5K,,"The life of Buddy Young, a comic legend in flashbacks but an old man looking for work in the present.",https://www.imdb.com/title/tt0104928/?ref_=sr_i_84
85. Class Act,1992,1h 38m,PG-13,6.1,8.8K,49,A valedictorian and a juvenile delinquent have their school records switched and begin to be treated like the other.,https://www.imdb.com/title/tt0103978/?ref_=sr_i_85
86. Trespass,1992,1h 41m,R,6.3,14K,54,"Two firemen in a burning building get a treasure map - stolen gold church items are hidden in a closed down factory in St. Louis. Once there, they're trapped in by a black gang considering it their territory.",https://www.imdb.com/title/tt0105636/?ref_=sr_i_86
87. American Me,1992,2h 5m,R,7.1,12K,66,"A Mexican-American Mafia kingpin is released from prison, falls in love for the first time, and grows introspective about his gangster lifestyle.",https://www.imdb.com/title/tt0103671/?ref_=sr_i_87
88. Hellraiser III: Hell on Earth,1992,1h 33m,R,5.5,39K,50,An investigative reporter must send the newly unbound Pinhead and his legions back to Hell.,https://www.imdb.com/title/tt0104409/?ref_=sr_i_88
89. A Stranger Among Us,1992,1h 50m,PG-13,5.6,4.6K,,A New York policewoman probes a murder in the Hasidic district.,https://www.imdb.com/title/tt0105483/?ref_=sr_i_89
90. Strictly Ballroom,1992,1h 34m,PG,7.2,31K,72,A maverick dancer risks his career by performing an unusual routine and sets out to succeed with a new partner.,https://www.imdb.com/title/tt0105488/?ref_=sr_i_90
91. Army of Darkness,1992,1h 21m,R,7.4,213K,59,"When Ash Williams is accidentally transported to 1300 A.D., he must retrieve the Necronomicon and battle an army of the dead in order to return home.",https://www.imdb.com/title/tt0106308/?ref_=sr_i_91
92. Jennifer 8,1992,2h 4m,R,6.3,20K,48,A policeman fears a blind woman is a killer's next target.,https://www.imdb.com/title/tt0104549/?ref_=sr_i_92
93. Whispers in the Dark,1992,1h 43m,R,5.6,2.6K,,"Eve tells her shrink, Ann, about kinky sex with a man. Ann learns that it's the same man, she's been seeing lately. Eve finds out and explodes. A murder follows.",https://www.imdb.com/title/tt0105811/?ref_=sr_i_93
94. Stay Tuned,1992,1h 28m,PG,6.3,14K,41,A husband and wife are sucked into a hellish television set and must survive the gauntlet of twisted versions of shows in which they find themselves.,https://www.imdb.com/title/tt0105466/?ref_=sr_i_94
95. Glengarry Glen Ross,1992,1h 40m,R,7.6,128K,84,An examination of the machinations behind the scenes at a real estate office. Unscrupulous salesmen try to hawk dubious real estate to suckers.,https://www.imdb.com/title/tt0104348/?ref_=sr_i_95
96. Husbands and Wives,1992,1h 48m,R,7.5,33K,84,"When their best friends announce that they're separating, a professor and his wife discover the faults in their own marriage.",https://www.imdb.com/title/tt0104466/?ref_=sr_i_96
97. Chaplin,1992,2h 23m,PG-13,7.5,66K,47,"An elderly Charlie Chaplin discusses his autobiography with his editor, recounting his amazing journey from his poverty-stricken childhood to world-wide success after the ingenious invention of the Little Tramp.",https://www.imdb.com/title/tt0103939/?ref_=sr_i_97
98. Gladiator,1992,1h 41m,R,6.6,12K,49,"Tommy Riley has moved with his dad to Chicago from a 'nice place'. He keeps to himself, goes to school. However, after a street fight he is noticed and quickly falls into the world of illegal underground boxing - where punches can kill.",https://www.imdb.com/title/tt0104346/?ref_=sr_i_98
99. White Sands,1992,1h 41m,R,6.0,9.8K,46,"A sheriff in a small southwestern town discovers a corpse in the desert with a suitcase containing $500,000. He assumes the dead man's identity and inadvertently becomes involved in an FBI investigation.",https://www.imdb.com/title/tt0105813/?ref_=sr_i_99
100. Once Upon a Crime...,1992,1h 34m,PG,5.8,6.5K,35,Phoebe and a fellow American in Rome find a dog with a $5000 reward. They take a train to the owner in Monte Carlo. She turns up murdered. They run and become suspects just as 3 other Americans on the train.,https://www.imdb.com/title/tt0101625/?ref_=sr_i_100
101. Bebe's Kids,1992,1h 12m,PG-13,5.9,5.9K,,"To impress his new girlfriend, a man agrees to look after her friend's kids, only to find that they are uncontrollably rambunctious.",https://www.imdb.com/title/tt0103783/?ref_=sr_i_101
102. Dr. Giggles,1992,1h 35m,R,5.4,8.7K,39,"A madman who believes he's a doctor comes to the town where his crazy father was killed, and soon begins murdering people and becoming infatuated with a teenage girl who has a heart condition.",https://www.imdb.com/title/tt0104139/?ref_=sr_i_102
103. Twin Dragons,1992,1h 44m,PG-13,6.4,14K,54,"Identical twins are separated at birth, one becoming a streetwise mechanic, and the other an acclaimed classical concert conductor. Finally meeting in adulthood, they each become mistaken for the other and entangled in each other's world.",https://www.imdb.com/title/tt0105399/?ref_=sr_i_103
104. Christopher Columbus: The Discovery,1992,2h,PG-13,4.5,3.4K,,Genoese navigator overcomes intrigue in the court of King Ferdinand and Queen Isabella of Spain and gains financing for his expedition to the East Indies.,https://www.imdb.com/title/tt0103962/?ref_=sr_i_104
105. Damage,1992,1h 51m,R,6.7,23K,71,A Member of Parliament falls passionately in love with his son's girlfriend despite the obvious dangers.,https://www.imdb.com/title/tt0104237/?ref_=sr_i_105
106. Sarafina!,1992,1h 57m,PG-13,6.4,2.5K,,South African teenagers fight against apartheid in the Soweto Uprising.,https://www.imdb.com/title/tt0105316/?ref_=sr_i_106
107. Lorenzo's Oil,1992,2h 9m,PG-13,7.3,26K,80,"Lorenzo Odone, a Virginia 5-year-old, develops a degenerative nerve disease so rare that nobody is working on a cure, so his parents decide to immerse themselves in research and tackle the problem themselves.",https://www.imdb.com/title/tt0104756/?ref_=sr_i_107
108. 1492: Conquest of Paradise,1992,2h 34m,PG-13,6.4,36K,47,Christopher Columbus' discovery of the Americas and the effect this has on the indigenous people.,https://www.imdb.com/title/tt0103594/?ref_=sr_i_108
109. Children of the Corn II: The Final Sacrifice,1992,1h 32m,R,4.4,11K,18,"A journalist and his son travel to Nebraska to investigate the mysterious town of Gatlin where, unbeknownst to them, a murderous cult of children are still waiting in the corn fields.",https://www.imdb.com/title/tt0106557/?ref_=sr_i_109
110. The Mambo Kings,1992,1h 44m,R,6.4,6.4K,,Two Cuban brothers bring a new music to the 1950s USA. They are as different as the problems that await them.,https://www.imdb.com/title/tt0104802/?ref_=sr_i_110
111. Fortress,1992,1h 35m,R,5.9,32K,48,"In a future, private underground prison/Fortress, the inmates are computer controlled with CCTV, dream readers and devices that can cause pain or death. John and his illegally pregnant wife are inside but want to escape before birth.",https://www.imdb.com/title/tt0106950/?ref_=sr_i_111
112. Article 99,1992,1h 40m,R,6.1,3.9K,,Dr. Richard Sturgess and his colleagues cut red tape at a poorly-run hospital for veterans.,https://www.imdb.com/title/tt0101371/?ref_=sr_i_112
113. Night and the City,1992,1h 45m,R,5.8,5.6K,61,The story about a cheating and incompetent lawyer (Harry Fabian) who suddenly gets obsessed on becoming a boxing promoter.,https://www.imdb.com/title/tt0105001/?ref_=sr_i_113
114. Folks!,1992,1h 47m,PG-13,5.7,3K,,"A slightly self absorbed yuppie takes in his parents including his senile father, after their home burns down. But his personal and professional life fall apart soon after.",https://www.imdb.com/title/tt0104283/?ref_=sr_i_114
115. Indochine,1992,2h 40m,PG-13,7.0,12K,,"Eliane adopts Camille, whose Vietnamese parents were friends. In 1930, a French navy officer is interested in Eliane (owns 60km2 plantation) and later in Camille. There's an uprising in Vietnam against French colonial power.",https://www.imdb.com/title/tt0104507/?ref_=sr_i_115
116. Wind,1992,2h 6m,PG-13,6.5,3.4K,57,Romance and adventure happen during the America's Cup series of yachting races.,https://www.imdb.com/title/tt0105824/?ref_=sr_i_116
117. Of Mice and Men,1992,1h 55m,PG-13,7.4,52K,73,"A nomadic farm worker looks after his dimwitted, gentle-giant friend during the Great Depression.",https://www.imdb.com/title/tt0105046/?ref_=sr_i_117
118. Split Second,1992,1h 30m,R,6.0,19K,26,"In a flooded future London, Detective Harley Stone hunts a serial killer who murdered his partner, and has haunted him ever since. He soon discovers what he is hunting might not be human.",https://www.imdb.com/title/tt0105459/?ref_=sr_i_118
119. Belle Epoque,1992,1h 49m,R,7.1,12K,,A 1931 Spanish military deserter finds himself on a lonely farm until the farmer's four daughters pay a visit and he falls for all of them.,https://www.imdb.com/title/tt0103791/?ref_=sr_i_119
120. Orlando,1992,1h 34m,PG-13,7.1,21K,75,"After Queen Elizabeth I commands him not to grow old, a young nobleman struggles with love and his place in the world.",https://www.imdb.com/title/tt0107756/?ref_=sr_i_120
121. Innocent Blood,1992,1h 52m,R,6.2,12K,44,"Marie is a vampire with a thirst for bad guys. When she fails to properly dispose of one of her victims, a violent mob boss, she bites off more than she can chew and faces a new, immortal danger.",https://www.imdb.com/title/tt0104511/?ref_=sr_i_121
122. The Playboys,1992,1h 57m,PG-13,6.2,1.4K,,"A young woman, Tara Maguire (Robin Wright) scandalizes her provincial Irish village in the 1950s by having a baby out of wedlock, and refusing to name the father. She has a rare beauty and every man in town desires her, especially Sergeant Hegarty (Albert Finney). The arrival of a dramatic troupe stirs things up even more, especially when she falls in love with one of the ""Playboys"", Tom Casey (Aidan Quinn).",https://www.imdb.com/title/tt0105150/?ref_=sr_i_122
123. The Lover,1992,1h 55m,R,6.8,26K,59,"In 1929 French Indochina, a French teenage girl embarks on a reckless and forbidden romance with a wealthy, older Chinese man, each knowing that knowledge of their affair will bring drastic consequences to each other.",https://www.imdb.com/title/tt0101316/?ref_=sr_i_123
124. Diggstown,1992,1h 38m,R,6.9,9K,,Gabriel's released from prison. His con man friend makes a foolish bet with Diggstown's owner on who'd win the boxing matches - their man against ten Diggstown men.,https://www.imdb.com/title/tt0104107/?ref_=sr_i_124
125. Passion Fish,1992,2h 15m,R,7.3,6.5K,,"After an accident leaves her a paraplegic, a former soap opera star struggles to recover both emotionally and mentally, until she meets her newest nurse, who has struggles of her own.",https://www.imdb.com/title/tt0105107/?ref_=sr_i_125
126. Into the West,1992,1h 37m,PG,7.0,3.4K,71,"Grandpa Ward gives a horse he found to his grandchildren, who keep it in their tower-block flat in Dublin. The horse is stolen from them, and the two young boys set out to find it and flee on it.",https://www.imdb.com/title/tt0104522/?ref_=sr_i_126
127. Radio Flyer,1992,1h 54m,PG-13,6.9,15K,,A father recounts a dark period of his childhood when he and his little brother lived in the suburbs.,https://www.imdb.com/title/tt0105211/?ref_=sr_i_127
128. Bob Roberts,1992,1h 42m,R,7.0,15K,70,"A conservative folk singer turns his hand to politics and runs for the U.S. Senate, but he is not above dirty tricks and smear campaigns to gain an advantage over his opponent.",https://www.imdb.com/title/tt0103850/?ref_=sr_i_128
129. Twin Peaks: Fire Walk with Me,1992,2h 14m,R,7.3,120K,46,"Laura Palmer's harrowing final days are chronicled one year after the murder of Teresa Banks, a resident of Twin Peaks' neighboring town.",https://www.imdb.com/title/tt0105665/?ref_=sr_i_129
130. Man Trouble,1992,1h 40m,PG-13,4.7,3.7K,,A sleazy but affable guard dog trainer is blackmailed to steal a manuscript for a tell-all book from one of his clients.,https://www.imdb.com/title/tt0104804/?ref_=sr_i_130
131. Peter's Friends,1992,1h 41m,R,7.0,13K,,"Six former college friends, with two new friends, gather for a New Year's Eve weekend reunion at a large English countryside manor after ten years to reminisce about the good times now long gone.",https://www.imdb.com/title/tt0105130/?ref_=sr_i_131
132. Passed Away,1992,1h 36m,PG-13,5.8,1.6K,,"After their father's sudden death, eccentric siblings reunite at the family home. As old wounds resurface and secrets emerge, their time together becomes an emotional marathon.",https://www.imdb.com/title/tt0105103/?ref_=sr_i_132
133. The Gun in Betty Lou's Handbag,1992,1h 29m,PG-13,5.1,1.9K,,"An ignored, small-town librarian confesses to a murder she didn't commit to get attention.",https://www.imdb.com/title/tt0104376/?ref_=sr_i_133
134. Tom and Jerry: The Movie,1992,1h 24m,G,5.5,13K,,"Tom and Jerry convince Robyn, an orphan girl who runs away from home to escape her evil aunt, to return and accompany her. Later, they chance upon a great secret that Robyn's aunt has kept from her.",https://www.imdb.com/title/tt0105616/?ref_=sr_i_134
135. Traces of Red,1992,1h 45m,R,5.3,2.1K,,"Jack sleeps with a waitress, who's later murdered. Did Jack's usual lover do it? Palm Beach detectives Jack and Steve investigate. Twists follow.",https://www.imdb.com/title/tt0105631/?ref_=sr_i_135
136. Blame It on the Bellboy,1992,1h 18m,PG-13,5.6,3.1K,,"Several strangers converge on a hotel in Venice, Italy, where a bellboy's bad English sets them up to clash against each other in a hilarious case of mistaken identity.",https://www.imdb.com/title/tt0103827/?ref_=sr_i_136
137. The Public Eye,1992,1h 39m,R,6.5,4.7K,,"In the early 1940s, an infamous New York paparazzo gets an assignment from a club owner to do a background search on a mysterious gangster, which leads him down a very dangerous path.",https://www.imdb.com/title/tt0105187/?ref_=sr_i_137
138. CrissCross,1992,1h 40m,R,5.8,2.5K,,"A 12-year-old boy comes of age in 1969 Key West against the backdrop of the Apollo moon landing, when he begins to sell cocaine so his mother can stop stripping.",https://www.imdb.com/title/tt0104027/?ref_=sr_i_138
139. This Is My Life,1992,1h 45m,PG-13,6.1,1.5K,,A stand-up comic (Julie Kavner) neglects her two daughters in the midst of her newfound fame.,https://www.imdb.com/title/tt0105577/?ref_=sr_i_139
140. Reservoir Dogs,1992,1h 39m,R,8.2,1.2M,81,"When a simple jewelry heist goes horribly wrong, the surviving criminals begin to suspect that one of them is a police informant.",https://www.imdb.com/title/tt0105236/?ref_=sr_i_140
141. The Power of One,1992,2h 7m,PG-13,7.1,12K,40,"An English boy, living in Africa during World War II, through his boxing prowess, becomes a symbol of hope, in a time of war.",https://www.imdb.com/title/tt0105159/?ref_=sr_i_141
142. Newsies,1992,2h 1m,PG,6.9,25K,46,A musical based on the New York City newsboy strike of 1899. When young newspaper sellers are exploited beyond reason by their bosses they set out to enact change and are met by the ruthlessness of big business.,https://www.imdb.com/title/tt0104990/?ref_=sr_i_142
143. Map of the Human Heart,1992,1h 49m,R,7.0,3.6K,71,"Arctic, 1965: Avik tells his story starting in 1931. A mapmaker flies Avik, then a preteen Eskimo boy with TB, to a hospital in Montreal where he meets Albertine. They meet again when Avik joins World War II in the UK.",https://www.imdb.com/title/tt0104812/?ref_=sr_i_143
144. Year of the Comet,1992,1h 31m,PG-13,5.9,2K,,An auctioneer's daughter and a rich buyer's emissary fall for each other while trying to keep a rare wine out of the hands of evil doers.,https://www.imdb.com/title/tt0105871/?ref_=sr_i_144
145. Aces: Iron Eagle III,1992,1h 38m,R,3.8,3.4K,,"Chappy discovers a drug-smuggling scheme at his own air base. It turns out that the lives of some village people in Peru are at stake, and he decides to fly there with ancient airplanes and friends to free them.",https://www.imdb.com/title/tt0103617/?ref_=sr_i_145
146. Love Crimes,1992,1h 30m,R,4.4,1.3K,,An Atlanta prosecutor sets her own trap for a sexual dominator who poses as a famous photographer.,https://www.imdb.com/title/tt0102340/?ref_=sr_i_146
147. Noises Off...,1992,1h 41m,PG-13,7.4,14K,65,A traveling theater group find so much action going on behind the scenes that they almost ruin the performances.,https://www.imdb.com/title/tt0105017/?ref_=sr_i_147
148. Rich in Love,1992,1h 45m,PG-13,6.1,979,,"The Odoms of Charleston, South Carolina have lived a life of the traditions of the American South in their longtime, large-family beachfront home.",https://www.imdb.com/title/tt0105256/?ref_=sr_i_148
149. El Mariachi,1992,1h 21m,R,6.8,75K,73,A traveling mariachi is mistaken for a murderous criminal and must hide from a gang bent on killing him.,https://www.imdb.com/title/tt0104815/?ref_=sr_i_149
150. Mom and Dad Save the World,1992,1h 28m,PG,5.4,5.7K,,"An alien Overlord plans to blow up the Earth but first, he snatches and proposes to marry an Earthman's wife.",https://www.imdb.com/title/tt0104905/?ref_=sr_i_150
151. Nemesis,1992,1h 36m,R,5.4,7.9K,,"Alex, a burned out LA cyborg cop, is forced by commissioner Farnsworth to find his former cyborg partner and lover Jared who's about to deliver sensitive data to cyborg terrorists who wish to wage war against humans. Is he being played?",https://www.imdb.com/title/tt0107668/?ref_=sr_i_151
152. Bad Lieutenant,1992,1h 36m,NC-17,7.0,53K,70,"A corrupt, drug-addicted New York City cop confronts his own sins while investigating the brutal rape of a young nun.",https://www.imdb.com/title/tt0103759/?ref_=sr_i_152
153. The Story of Qiu Ju,1992,1h 40m,PG,7.5,7.2K,,A peasant woman seeks justice after the headman of her village has kicked her husband in the groin.,https://www.imdb.com/title/tt0105197/?ref_=sr_i_153
154. Bitter Moon,1992,2h 19m,R,7.2,47K,62,"After hearing stories of her, a passenger on a cruise ship develops an irresistible infatuation with an eccentric paraplegic's wife.",https://www.imdb.com/title/tt0104779/?ref_=sr_i_154
155. Poison Ivy,1992,1h 33m,R,5.4,22K,51,A seductive teen befriends an introverted high school student and schemes her way into the lives of her wealthy family.,https://www.imdb.com/title/tt0105156/?ref_=sr_i_155
156. The Waterdance,1992,1h 46m,R,6.8,3.1K,,A young man learns how to come to terms with his disability after becoming paralyzed in a hiking accident.,https://www.imdb.com/title/tt0105789/?ref_=sr_i_156
157. Out on a Limb,1992,1h 33m,PG,5.3,2.2K,,A financial whiz takes a wild detour to come to the aid of his kid sister in the small logging town of 'Buzzsaw'.,https://www.imdb.com/title/tt0105078/?ref_=sr_i_157
158. A Heart in Winter,1992,1h 45m,,7.5,12K,,"Stéphane is an emotionally distant but professionally dedicated violin restorer whose cold heart is tested when his employer's new girlfriend, a beautiful violinist, falls for him.",https://www.imdb.com/title/tt0105682/?ref_=sr_i_158
159. Zebrahead,1992,1h 40m,R,6.3,1.6K,,"A white, hip-hop loving teen falls in love with a black girl.",https://www.imdb.com/title/tt0105885/?ref_=sr_i_159
160. A Midnight Clear,1992,1h 48m,R,7.1,11K,,"The Ardennes Forest, December 1944. A squad of six US infantrymen is sent to occupy a house to use as an observation post as the German Army is expected to advance through that area. However, the Germans seem oddly friendly.",https://www.imdb.com/title/tt0102443/?ref_=sr_i_160
161. Leaving Normal,1992,1h 50m,R,6.6,1.7K,,"Two contrasting women, one optimistic and the other cynical, embark on a life-changing road trip to Alaska, where an unexpected inheritance awaits one of them, leading to a series of adventures that challenge their perspectives.",https://www.imdb.com/title/tt0104697/?ref_=sr_i_161
162. Shadow of the Wolf,1992,1h 52m,PG-13,5.8,1.2K,,"In Canada's North during the 1930s, a young Inuit kills a White trader and is pursued by the police but his father is determined to protect his fugitive son at any cost.",https://www.imdb.com/title/tt0105377/?ref_=sr_i_162
163. South Central,1992,1h 38m,R,6.8,7.5K,64,A former gangster fresh out of prison wants to change his life for the better and must save his 10 year old son who has already chosen a gang life.,https://www.imdb.com/title/tt0105450/?ref_=sr_i_163
164. Gas Food Lodging,1992,1h 41m,R,6.6,4.9K,78,A waitress lives with her two teen daughters in a trailer park in New Mexico. They all want a boyfriend.,https://www.imdb.com/title/tt0104321/?ref_=sr_i_164
165. Baraka,1992,1h 36m,Not Rated,8.5,44K,74,A collection of expertly photographed scenes of human life and religion.,https://www.imdb.com/title/tt0103767/?ref_=sr_i_165
166. Brother's Keeper,1992,1h 44m,R,7.5,4.4K,93,"This compelling documentary details the strange-but-true murder trial of Delbert Ward, accused of the mercy killing of his brother in rural upstate NY. This real-life murder mystery won the Audience Award at Sundance.",https://www.imdb.com/title/tt0103888/?ref_=sr_i_166
167. The Best Intentions,1992,3h 2m,Not Rated,7.7,3.8K,77,"In 1909, poor theology student Henrik falls in love with Anna, the intelligent daughter of a rich family in Uppsala. After marrying Henrik becomes a priest in northern Sweden. Urbane Anna hates living in the county, growing restless.",https://www.imdb.com/title/tt0104350/?ref_=sr_i_167
"168. Olivier, Olivier",1992,1h 50m,R,7.5,2K,,"Olivier, the nine-year-old son of Elisabeth and country veterinarian Serge, vanishes one afternoon on the way to his grandmother's house. The emotional aftermath of his disappearance sends his father packing from France to Africa and nearly destroys his mother, who clings to her remaining child Nadine--and her devoted neighbor Marcel. Several years later, having relocated to the city, the police investigator who handled the case meets a Paris rent-boy whom he believes is the missing Olivier. Once he returns to his rural home, the teenage Olivier tries to assuage his mother's now-entrenched grief and heal the rift between his reunited parents. Meanwhile, he must overcome his brooding adolescent sister's jealousy and doubts about his identity and reconcile his sleazy street life with his picturesque new surroundings. Questions about the tight-lipped Olivier's true motivations continue to crop up, however, threatening to send his mother over the edge for good.",https://www.imdb.com/title/tt0102583/?ref_=sr_i_168
169. Excessive Force,1992,1h 27m,R,5.4,1.8K,,"Chicago cops' $3M disappears during raid. Mob seeks vengeance, bodies pile up. New chief gives last cop leeway for vigilante justice against mob.",https://www.imdb.com/title/tt0104215/?ref_=sr_i_169
170. Freddie as F.R.O.7.,1992,1h 30m,Not Rated,5.1,902,,A French prince who was turned into a frog becomes a secret agent and goes to England to stop an evil plot that begins when famous buildings there start disappearing.,https://www.imdb.com/title/tt0104298/?ref_=sr_i_170
"171. Ciao, Professore!",1992,1h 40m,R,6.9,2.4K,,A teacher must deal with the underworld of Naples and his students' family problems.,https://www.imdb.com/title/tt0107225/?ref_=sr_i_171
172. Mistress,1992,1h 50m,R,5.4,2.6K,63,"This self-effacing comedy about film industry blues stars Robert Wuhl and Martin Landau as a writer/producer duo who must deal with the increasingly fickle demands of their film's financiers (Danny Aiello, Robert De Niro and Eli Wallach).",https://www.imdb.com/title/tt0104892/?ref_=sr_i_172
173. Waterland,1992,1h 35m,R,6.6,2.7K,,"In 1974 Pittsburgh, a high-school history teacher seeking closure tells his class about his experiences as teenager in England during World War II.",https://www.imdb.com/title/tt0105790/?ref_=sr_i_173
174. Steeper & Deeper,1992,1h 32m,,9.3,20,,"From Santé Fe New Mexico, to Turkey, down to Hawaii and Chile, Warren Miller's Steeper and Deeper showcases legendary skiers and riders as they travel around the world skiing the steepest and deepest runs they can find.",https://www.imdb.com/title/tt0126079/?ref_=sr_i_174
175. Light Sleeper,1992,1h 43m,R,6.9,12K,70,A drug dealer reconsiders his profession when his boss plans to go straight and an old flame reappears.,https://www.imdb.com/title/tt0102307/?ref_=sr_i_175
176. Love Field,1992,1h 45m,PG-13,6.5,5K,,"Devastated by President Kennedy's assassination, Dallas-based hairstylist Lurene Hallett boards a bus for the funeral in Washington D.C. where she meets a perplexing father and his daughter who greatly impact her journey.",https://www.imdb.com/title/tt0104765/?ref_=sr_i_176
177. The Stolen Children,1992,1h 54m,,7.6,3.1K,,Cop Antonio is ordered to take 11-year-old Rosetta and her brother Luciano from Milan to an orphanage in Sicily. Their mother has been jailed for forcing Rosetta into prostitution. Reluctant Antonio soon learns to sympathize with the kids.,https://www.imdb.com/title/tt0104663/?ref_=sr_i_177
178. Knight Moves,1992,1h 56m,R,6.1,10K,,"During a chess tournament, grand master Peter is suspected of murdering Debi after sex. He helps the police as the murders continue.",https://www.imdb.com/title/tt0104627/?ref_=sr_i_178
179. Ruby,1992,1h 50m,R,5.5,1.8K,,"An exploration of certain conspiracy theories surrounding the JFK assassination from Jack Ruby's perspective. Ruby owns a run-down strip club in Dallas, and does what he can for credibility, both by giving information to the FBI and by doing the odd favor for his mafia contacts. When hitman Action Jackson is hit, Louie Vitali asks him to help get crime boss Santos out of a Cuban jail. When they get back, the bosses take his headliner Candy Cane under their wing to develop her career in Vegas. A mysterious government man named Maxwell expresses his displeasure to Ruby over his Cuban activities. Slowly all the pieces of a massive conspiracy begin to emerge to Ruby, who can do nothing to stop it.",https://www.imdb.com/title/tt0105291/?ref_=sr_i_179
180. Brain Donors,1992,1h 20m,PG,6.9,5K,44,"Three manic idiots; a lawyer, cab driver and a handyman team up to run a ballet company to fulfill the will of a millionaire. Stooge-like antics result as the trio try to outwit the rich widow.",https://www.imdb.com/title/tt0103872/?ref_=sr_i_180
181. The Last Days of Chez Nous,1992,1h 36m,R,6.5,1.1K,,"After her Italian affair, Vicki moves in with sister Beth, who lives with her teen daughter and new French husband J.P. When Beth vacations with their difficult father, dynamics shift among those left behind.",https://www.imdb.com/title/tt0104685/?ref_=sr_i_181
182. Visions of Light,1992,1h 32m,,7.7,3.4K,,"Cameramen and women discuss the craft and art of cinematography, illustrating their points with clips from 100 films, from The Birth of a Nation (1915) to Do the Right Thing (1989).",https://www.imdb.com/title/tt0105764/?ref_=sr_i_182
183. Turtle Beach,1992,1h 30m,R,4.7,436,,A journalist and an ambassador's wife battle the mistreatment of Vietnamese boat people in Malaysia.,https://www.imdb.com/title/tt0103141/?ref_=sr_i_183
184. The Accompanist,1992,1h 42m,PG,6.8,1.1K,,"In Nazi-occupied Paris, a young accompanist named Sophie Vasseur gets a job with famed singer Irene Brice. As Irene's husband Charles, a businessman collaborating with the Nazis, wrestles with his conscience, Sophie becomes obsessed with Irene, taking on the role of maid as well as accompanist, living life vicariously through Irene's triumphs and affairs.",https://www.imdb.com/title/tt0103616/?ref_=sr_i_184
185. Love Potion No. 9,1992,1h 32m,PG-13,5.7,16K,47,Two scientists who are hopeless with the opposite sex experiment with a substance that makes them irresistible to anyone who hears them speak.,https://www.imdb.com/title/tt0102343/?ref_=sr_i_185
186. The Living End,1992,1h 21m,Unrated,6.6,4.8K,65,"Luke is a gay hustler. Jon is a movie critic. Both are HIV positive. They go on a hedonistic, dangerous journey, their motto ""Fuck the world"".",https://www.imdb.com/title/tt0104745/?ref_=sr_i_186
187. The Opposite Sex and How to Live with Them,1992,1h 26m,R,4.9,871,,"When superficial David meets Carrie in a Boston bar, he falls in love. She's not interested. She later falls for his charm. Friends observe and comment the relationship.",https://www.imdb.com/title/tt0105063/?ref_=sr_i_187
188. Savage Nights,1992,2h 6m,,6.8,2.6K,,"Jean is 30 years old. He lives with Laura, 17 years old, a violent and eventful love story. He learns that he is HIV positive.",https://www.imdb.com/title/tt0105032/?ref_=sr_i_188
189. Cronos,1992,1h 34m,R,6.7,37K,70,"A mysterious device designed to provide its owner with eternal life resurfaces after four hundred years, leaving a trail of destruction in its path.",https://www.imdb.com/title/tt0104029/?ref_=sr_i_189
190. Leolo,1992,1h 47m,Not Rated,7.3,7.8K,,The story of a young Canadian boy who tries to escape mentally from his disturbed family thanks to his fantasy and imagination.,https://www.imdb.com/title/tt0104782/?ref_=sr_i_190
191. Deception,1992,1h 30m,PG-13,5.0,2.8K,,"After her businessman husband dies suspiciously in a Mexican plane crash, his widow begins to investigate his labyrinthine financial dealings, not all of which are legal.",https://www.imdb.com/title/tt0107999/?ref_=sr_i_191
192. Incident at Oglala,1992,1h 29m,PG,7.5,1.4K,,A chronicle of the events surrounding a 1975 shootout at the Pine Ridge reservation in S. Dakota where two FBI agents were killed.,https://www.imdb.com/title/tt0104504/?ref_=sr_i_192
193. Crossing the Bridge,1992,1h 43m,R,6.3,1K,,The adventures of three teenage friends in 1970s Detroit.,https://www.imdb.com/title/tt0104030/?ref_=sr_i_193
194. Just Another Girl on the I.R.T.,1992,1h 37m,R,6.4,1.6K,65,"With hopes of becoming a doctor and not a product of her environment, a Brooklyn teenager is faced with numerous challenges that threaten her dreams.",https://www.imdb.com/title/tt0104575/?ref_=sr_i_194
195. Porco Rosso,1992,1h 34m,PG,7.7,119K,83,"In 1930s Italy, a veteran World War I pilot is cursed to look like an anthropomorphic pig.",https://www.imdb.com/title/tt0104652/?ref_=sr_i_195
196. Storyville,1992,1h 53m,R,5.7,1.5K,,"While investigating his own blackmailing, a young politician uncovers his family's deep secrets.",https://www.imdb.com/title/tt0105480/?ref_=sr_i_196
197. Hard Boiled,1992,2h 8m,R,7.7,61K,86,A tough-as-nails cop teams up with an undercover agent to shut down a sinister mobster and his crew.,https://www.imdb.com/title/tt0104684/?ref_=sr_i_197
198. Where the Day Takes You,1992,1h 45m,R,6.5,4.2K,64,"King is a young man, but he's already a veteran of life on the streets of Los Angeles. The leader of a group of runaways, King acts as a mentor to troubled kids such as gay hustler Little J and junkie Greg.",https://www.imdb.com/title/tt0105810/?ref_=sr_i_198
199. American Heart,1992,1h 53m,R,6.7,3.9K,,"An ex-convict is tracked down by his estranged teenage son, and the pair try to build a relationship and life together in Seattle.",https://www.imdb.com/title/tt0103670/?ref_=sr_i_199
200. Monster in a Box,1992,1h 27m,PG-13,7.5,925,,"This is the story of Spalding Gray and his attempt to write a novel. It is a first person account about writing and living, and dealing with success while trying to be successful.",https://www.imdb.com/title/tt0102467/?ref_=sr_i_200
201. The Panama Deception,1992,1h 31m,,7.5,1.2K,,A film about the true reasons for the 1989 US invasion of Panama and big media complicity in these activities.,https://www.imdb.com/title/tt0105089/?ref_=sr_i_201
202. Equinox,1992,1h 50m,R,5.6,1.4K,,"Twins, separated at birth and living opposite lives, are about to learn of each other- and the substantial inheritance they are entitled to.",https://www.imdb.com/title/tt0104201/?ref_=sr_i_202
203. Tokyo Decadence,1992,1h 52m,NC-17,5.9,4K,48,"A shy college student in Tokyo works for a high-end escort agency, catering to wealthy clients while struggling with loneliness and unresolved feelings for a past lover.",https://www.imdb.com/title/tt0105622/?ref_=sr_i_203
204. In the Soup,1992,1h 36m,R,7.1,5.1K,,"New Yorker Adolpho Rollo is your classic head-movie auteur. In his mind, he's creating deathless classics of the screen. Back in the real world, he can't pay the rent on the downtown flophouse he calls home.",https://www.imdb.com/title/tt0104503/?ref_=sr_i_204
205. Braindead,1992,1h 44m,R,7.4,111K,54,"A young man's mother is bitten by a Sumatran rat-monkey. She gets sick and dies, at which time she comes back to life, killing and eating dogs, nurses, friends, and neighbors.",https://www.imdb.com/title/tt0103873/?ref_=sr_i_205
206. Falling from Grace,1992,1h 40m,PG-13,5.6,771,69,"Rock star makes directorial debut playing a musician who returns to Indiana seeking normalcy but repeats old patterns, pursuing a former flame while neglecting his wife, mirroring his father's behavior.",https://www.imdb.com/title/tt0104225/?ref_=sr_i_206
207. Fifty/Fifty,1992,1h 41m,R,5.7,995,,Two bickering mercenaries are hired by the CIA to overthrow a South East Asian dictator.,https://www.imdb.com/title/tt0106902/?ref_=sr_i_207
208. Man Bites Dog,1992,1h 35m,NC-17,7.4,45K,67,A film crew follows a ruthless thief and heartless killer as he goes about his daily routine. But complications set in when the film crew lose their objectivity and begin lending a hand.,https://www.imdb.com/title/tt0103905/?ref_=sr_i_208
209. Romper Stomper,1992,1h 34m,R,6.8,44K,61,A group of skinheads become alarmed at the way their neighbourhood is changing.,https://www.imdb.com/title/tt0105275/?ref_=sr_i_209
210. My New Gun,1992,1h 39m,R,5.3,874,,"Debbie (Diane Lane) and Gerald's lives drastically change after they get a gun. Their mysterious neighbor, Skippy, becomes an important and transforming figure in their lives.",https://www.imdb.com/title/tt0104954/?ref_=sr_i_210
211. Roadside Prophets,1992,1h 36m,R,6.3,1.5K,,Two strangers meet on the road and travel through Nevada on motorcycle to find an elusive spot where they can dump another man's ashes.,https://www.imdb.com/title/tt0105267/?ref_=sr_i_211
212. Simple Men,1992,1h 45m,R,7.1,5.2K,,"Dennis is a handsome & bookish college student. His brother, Bill, is a roughhewn ladies' man & thief. Together they search for their dad, confront their expectations of each other, themselves, & their attitudes towards women.",https://www.imdb.com/title/tt0105411/?ref_=sr_i_212
213. No Place to Hide,1992,1h 38m,R,5.1,885,,A tough L.A. cop and the teen sister of the ballerina whose murder he's investigating become targeted by a sinister cult that secretly runs the city.,https://www.imdb.com/title/tt0105009/?ref_=sr_i_213
214. Guncrazy,1992,1h 37m,R,5.5,2.9K,69,"A trashy teen murders her sexually abusive step-father, then helps get her reformed prison pen-pal released on good behavior so that she can re-corrupt him.",https://www.imdb.com/title/tt0104377/?ref_=sr_i_214
215. Crush,1992,1h 37m,Unrated,6.0,591,,"On the way to interview a novelist, Lane and Christina are involved in a car crash which leaves literary critic Christina brain-damaged. Lane undertakes the assignment and becomes attracted to the novelist's 15 year old daughter, leading to stormy emotions.",https://www.imdb.com/title/tt0104033/?ref_=sr_i_215
216. A Place in the World,1992,2h,Not Rated,7.7,3.1K,,"Mario and Ana, in voluntary exile from Buenos Aires, live in a remote Argentine valley with their 12-year-old son Ernesto. Mario runs a school and a wool cooperative; Ana, a doctor, heads a clinic with Nelda, a progressive nun. Into this idealistic family comes Hans, a jaded Spanish geological engineer -- surveying the land for the local patron, to see if it can be dammed for hydro-electric power, which would drive the peasants from the land into the cities.",https://www.imdb.com/title/tt0104774/?ref_=sr_i_216
217. L'affût,1992,1h 43m,PG,6.7,53,,An ecologist schoolteacher wants to create a reserve for the birds of the ponds near his village.,https://www.imdb.com/title/tt0103625/?ref_=sr_i_217
218. Betty,1992,1h 43m,Not Rated,6.8,2K,,"A drunken self-destructive woman called Betty wanders through bars and meets a man that drives her to a restaurant outside Paris called Le Trou (The Hole). She meets the middle-aged alcoholic Laure from Lyon, who is the lover of the Le Trou's owner Mario. Laure decides to take care of Betty and brings her to the room next-door in her hotel. Along the days, Betty tells the story of her bourgeois life and her unhappy marriage to Laure and also recalls moments of her promiscuous life.",https://www.imdb.com/title/tt0103800/?ref_=sr_i_218
219. High Lonesome: The Story of Bluegrass Music,1992,1h 35m,Not Rated,7.9,157,,"Traces the music and sounds from its Appalachian roots to the present. The rise, fall, and consistent revival of bluegrass chronicled through oral history and visual record.",https://www.imdb.com/title/tt0107111/?ref_=sr_i_219
220. Breaking the Rules,1992,1h 40m,PG-13,5.6,802,,Two friends take their dying buddy on one last road trip.,https://www.imdb.com/title/tt0103877/?ref_=sr_i_220
221. Feed,1992,1h 16m,Not Rated,6.4,199,,"This is a documentary about the 1992 New Hampshire primaries. It includes much footage of candidates as they meet people, and just before they go ""on-air"".",https://www.imdb.com/title/tt0104244/?ref_=sr_i_221
222. Mac,1992,1h 57m,R,6.2,1.2K,,"Mac is the ambitious, overbearing, irresistible oldest of three brothers who struggle against all odds to scrape together enough money to start their own business in Queens, New York.",https://www.imdb.com/title/tt0104783/?ref_=sr_i_222
223. Twist,1992,1h 14m,PG,7.6,166,,The history of post-World War II popular dance up to the mid-sixties is explored with the focus being on the Twist.,https://www.imdb.com/title/tt0105667/?ref_=sr_i_223
224. Rebels of the Neon God,1992,1h 46m,Not Rated,7.5,6.4K,82,"Within the urban gloom of Taipei, four youths face alienation, loneliness, and moments of existential crisis amidst a series of minor crimes.",https://www.imdb.com/title/tt0103935/?ref_=sr_i_224
225. L.627,1992,2h 25m,,7.2,2.4K,,Relentless struggle of the Parisian police against the drug trade.,https://www.imdb.com/title/tt0104658/?ref_=sr_i_225
226. Hyenas,1992,1h 50m,Not Rated,7.4,1.6K,,"Dramaan is the most popular man in Colobane, but when a woman from his past, now exorbitantly wealthy, returns to the town, things begin to change.",https://www.imdb.com/title/tt0104467/?ref_=sr_i_226
227. Wild West,1992,1h 25m,R,5.7,189,,"A young Pakistani living in London, Zaf is a guitar-playing singer who longs to achieve stardom alongside his fellow musicians. The group looks to be on the cusp of a commercial breakthrough when they bring in female singer Rifat.",https://www.imdb.com/title/tt0105820/?ref_=sr_i_227
228. A Tale of Winter,1992,1h 54m,Not Rated,7.2,7.1K,,"Five years after losing touch with a summer fling, a woman has difficulty choosing between her two suitors.",https://www.imdb.com/title/tt0104008/?ref_=sr_i_228
229. The Long Day Closes,1992,1h 25m,PG,7.3,4.6K,85,"A lyrical reverie about a young Liverpool boy coming of age in the 1950s among his loving family and the austere Catholic Church as he enters the rigors of school, nurtures a bedazzled love of the movies and longs for companionship.",https://www.imdb.com/title/tt0104753/?ref_=sr_i_229
230. That Night,1992,1h 29m,PG-13,6.6,3.6K,,"Long Island, NY, summer 1961: Preteen Alice follows, from across the street, the glamorous love life of Sheryl, 17, with bowling alley Rick. A friendship develops as Alice helps Sheryl see Rick.",https://www.imdb.com/title/tt0105572/?ref_=sr_i_230
231. Fathers & Sons,1992,1h 49m,R,4.9,706,,A father/widower and a teenage son live in a seaside town with a serial killer. The son starts hanging out with girls and drug dealers.,https://www.imdb.com/title/tt0104240/?ref_=sr_i_231
232. Flaming Ears,1992,1h 29m,Unrated,5.3,218,,"Flaming Ears is a pop sci-fi lesbian fantasy feature set in the year 2700 in the fictive burned-out city of Asche. It follows the tangled lives of three women - Volley, Nun and Spy.",https://www.imdb.com/title/tt0104278/?ref_=sr_i_232
233. The Vagrant,1992,1h 31m,R,5.8,2.5K,,"A business man buys a house, but he has a hard time trying to get rid of its previous tenant, a dirty bum.",https://www.imdb.com/title/tt0105719/?ref_=sr_i_233
234. When the Party's Over,1992,1h 54m,R,4.8,1.3K,,Three women and a gay man in their 20s share a house in Los Angeles; boyfriends and a kid brother come and go.,https://www.imdb.com/title/tt0105807/?ref_=sr_i_234
235. High Strung,1992,1h 33m,PG,6.5,2.4K,,"An uptight, stay-at-home children's novelist has delusions indicating that something will happen to him at eight o'clock.",https://www.imdb.com/title/tt0102032/?ref_=sr_i_235
236. All Ladies Do It,1992,1h 37m,Not Rated,5.2,7.8K,,"After five years of marriage, Diana discovers the joys of adultery, claiming that she can save her failing relationship through betrayal.",https://www.imdb.com/title/tt0104014/?ref_=sr_i_236
237. Benny's Video,1992,1h 50m,Not Rated,7.1,21K,60,"A 14-year-old video enthusiast obsessed with violent films decides to make one of his own and show it to his parents, with tragic results.",https://www.imdb.com/title/tt0103793/?ref_=sr_i_237
238. Lessons of Darkness,1992,54m,Not Rated,7.9,8.6K,,"This film surveys the disaster of the Kuwaiti oil fields in flames, with little narration and scarcely any interviews. Hell on Earth is presented in such transcendent visions and music that one can only be fascinated by it.",https://www.imdb.com/title/tt0104706/?ref_=sr_i_238
239. Jamon Jamon,1992,1h 35m,R,6.4,17K,,"When a mother disapproves of her son's lover, she hires an underwear model and former bullfighter to seduce her away.",https://www.imdb.com/title/tt0104545/?ref_=sr_i_239
240. Chechu y familia,1992,1h 21m,,4.5,251,,"Chechu is a 13 year old boy who lives surrounded by peculiar people: his grandfather, his uncle, and two maids. He falls in love with one of them.",https://www.imdb.com/title/tt0103948/?ref_=sr_i_240
241. Naked Killer,1992,1h 29m,R,5.9,3K,,A young woman is trained by a martial arts specialist to become a professional assassin.,https://www.imdb.com/title/tt0109412/?ref_=sr_i_241
242. And Life Goes On,1992,1h 35m,Not Rated,7.8,9.4K,,"A director and his son return to a region damaged by the Guilan earthquake, hoping to find the children who appeared in his film a few years earlier.",https://www.imdb.com/title/tt0105888/?ref_=sr_i_242
243. Midori,1992,55m,Unrated,6.2,5.3K,,The story based off of the controversial manga by Suehiro Maruo takes place where a little orphaned girl joins a freak-show circus troupe whose members rape and abuse her. She then finds a glimmer of hope in the enigmatic magician who joins the group.,https://www.imdb.com/title/tt0930902/?ref_=sr_i_243
244. The Dark Side of the Heart,1992,2h 7m,Not Rated,7.3,4.4K,,"Oliveiro is a young poet living in Buenos Aires where sometimes he has to sell his ideas to an advertising agency to make a living or exchange his poems for a steak. In Montevideo, he meets a prostitute, Ana, with whom he falls in love. Back in Buenos Aires, he accepts a contract with a publicity agency to get the money for three days of love with her. Will he get what he's searching for when his ideal of love's pleasure is literally going in levitation while making love?",https://www.imdb.com/title/tt0104662/?ref_=sr_i_244
245. Miracle Beach,1992,1h 28m,R,5.5,2.4K,,A down-on-his luck beach bum asks a cute female genie to help him seduce the woman of his dreams only to realize that he might be looking in the wrong place.,https://www.imdb.com/title/tt0104879/?ref_=sr_i_245
246. Dust Devil,1992,1h 27m,R,6.2,6.7K,,A woman on the run from her abusive husband encounters a mysterious hitch-hiker.,https://www.imdb.com/title/tt0104155/?ref_=sr_i_246
247. Wuthering Heights,1992,1h 45m,PG,6.6,17K,,A man becomes obsessed with vengeance when his soul mate marries another man.,https://www.imdb.com/title/tt0104181/?ref_=sr_i_247
248. Full Contact,1992,1h 39m,Not Rated,7.1,5.5K,,Two disreputable friends get tied in with a group of criminals who turn out to be excessively violent and deceptive.,https://www.imdb.com/title/tt0105851/?ref_=sr_i_248
249. Auntie Lee's Meat Pies,1992,1h 40m,R,5.1,1.4K,,"A devil-worshiping woman sends out her four beautiful nieces to lure men back to her place so they can be killed, ground up and sold as meat pies.",https://www.imdb.com/title/tt0106323/?ref_=sr_i_249
250. Godzilla and Mothra: The Battle for Earth,1992,1h 40m,Not Rated,6.2,6.4K,,"Japan is caught in the middle of a three way battle between Godzilla, the divine Mothra, and her dark counterpart Battra.",https://www.imdb.com/title/tt0104352/?ref_=sr_i_250
251. Tetsuo II: Body Hammer,1992,1h 23m,R,6.4,5.8K,,"When metal-worshipping fanatics abduct his son, a father unleashes his dormant destructive power, as his naked rage transforms the once-feeble flesh into a grisly symbiosis of metal and tissue. Who dares to defy the ultimate body-hammer?",https://www.imdb.com/title/tt0105569/?ref_=sr_i_251
252. Foxy Lady,1992,1h 22m,,4.4,839,,"Hitman Mark's affair with a prostitute entangled with her pimp, a drug lord, forces him to confront deadly obstacles and secure their escape while grappling with past trauma.",https://www.imdb.com/title/tt0111222/?ref_=sr_i_252
253. Teja Telugu Movie,1992,,,9.0,6,,,https://www.imdb.com/title/tt43691449/?ref_=sr_i_253
254. Praying with Anger,1992,1h 41m,PG-13,4.4,1.3K,,"An alienated, Americanized teenager of East Indian heritage is sent back to India where he discovers not only his roots but a lot about himself.",https://www.imdb.com/title/tt0105162/?ref_=sr_i_254
255. For a Lost Soldier,1992,1h 32m,Unrated,7.5,5.3K,,"Set in The Netherlands at the end of WW II, this touching story, told in flashbacks, explores the complex and romantic relationship between an adult soldier and a displaced, lonely adolescent boy.",https://www.imdb.com/title/tt0108504/?ref_=sr_i_255
256. Critters 4,1992,1h 27m,PG-13,4.1,9.3K,,"After being cryogenically frozen and waking up on a space station in the near future, the Critters aim to have the unwitting crew for lunch.",https://www.imdb.com/title/tt0101628/?ref_=sr_i_256
257. Céline,1992,1h 28m,Not Rated,7.0,779,,"Céline, a young woman with suicidal urges, is taken in by Geneviève, a nurse who calms her by teaching her relaxation techniques.",https://www.imdb.com/title/tt0103932/?ref_=sr_i_257
258. Dragon Inn,1992,1h 28m,,7.2,5.3K,,"During the Ming Dynasty, Tsao Siu-yan, a power-crazed eunuch who rules his desert region of China as if he were the Emperor, ruthlessly thwarts plots against him and sets a trap for one of this enemies at the Dragon Gate Inn.",https://www.imdb.com/title/tt0105859/?ref_=sr_i_258
259. Munchie,1992,1h 20m,PG,3.5,1.4K,,"Gage Dobson, a new kid in town, faces bullying, a girl he likes, and a scoundrel's upcoming marriage. He meets Munchie, a friendly, gremlin-like creature with magic powers.",https://www.imdb.com/title/tt0104938/?ref_=sr_i_259
260. Dragon Ball Z: The Return of Cooler,1992,45m,Not Rated,6.9,9.6K,,Cooler has resurrected himself as a robot and is enslaving the people of New Namek. Goku and the gang must help.,https://www.imdb.com/title/tt0142237/?ref_=sr_i_260
261. Dragon Ball Z: Super Android 13!,1992,46m,TV-PG,6.9,9.1K,,"The death of Dr. Gero at the hands of Androids 17 and 18 prompts the activation of Androids 13, 14, and 15. They try to kill Goku, who fights them with the help of Trunks, Piccolo, Vegeta, Krillin, and Gohan.",https://www.imdb.com/title/tt0142241/?ref_=sr_i_261
262. Beta,1992,2h 51m,Not Rated,6.3,2.9K,,"Raju, the only heir of a millionaire, is brainwashed by his stepmother for her greed of his entire property.",https://www.imdb.com/title/tt0101437/?ref_=sr_i_262
263. The Burning Moon,1992,1h 26m,Not Rated,5.2,1.4K,,"A young drug addict reads his little sister two macabre bedtime stories, one about a serial killer on a blind date, the other about a psychotic priest terrorizing his village.",https://www.imdb.com/title/tt0103898/?ref_=sr_i_263
264. Once Upon a Time in China III,1992,2h 5m,R,6.7,8.3K,,"Master Wong and his disciples enroll in the 'Dancing Lion Competition' to stop an assassination plot and to battle an arrogant, deceitful opponent.",https://www.imdb.com/title/tt0108592/?ref_=sr_i_264
265. Cows,1992,1h 36m,,7.1,4.1K,,"Set in the Basque region, a story of the rivalry of two families, period 1870-1935",https://www.imdb.com/title/tt0103186/?ref_=sr_i_265
266. Vörös vurstli,1992,1h 23m,,6.4,35,,,https://www.imdb.com/title/tt0103229/?ref_=sr_i_266
267. The Oak,1992,1h 45m,,7.8,4.3K,,"A description of Romania before Ceausescu's downfall, through the story of Nela. Daughter of a former colonel of the Securitate, the romanian political police. She refused to become as her sister, an agent of this Securitate, and lives with her father. After he died, she leaves Bucarest, and ends up in a little town, where she meets Mitica, a surgeon, another herself, laughing of everything.",https://www.imdb.com/title/tt0103969/?ref_=sr_i_267
268. Chain of Desire,1992,1h 47m,Unrated,4.8,517,,A series of unrelated amorous lovers are connected by a chain of desire.,https://www.imdb.com/title/tt0103936/?ref_=sr_i_268
269. Dream of Light,1992,2h 13m,,7.6,2.4K,82,"The artist Antonio López tries to capture the sunlight hitting his quince tree all autumn, but the struggle seems futile.",https://www.imdb.com/title/tt0105438/?ref_=sr_i_269
270. Surviving Desire,1992,53m,Not Rated,7.2,2K,,"Jude, a literature professor, becomes involved with a student, exposing the tensions, stigma, and inevitable pain of a doomed transgenerational love.",https://www.imdb.com/title/tt0103010/?ref_=sr_i_270
271. Schtonk,1992,1h 55m,,7.1,4.5K,,"The slightly fictionalized story of an art forger, a journalist desperate for a big story, and the biggest press scandal in German history: the Hitler Diaries.",https://www.imdb.com/title/tt0105328/?ref_=sr_i_271
272. The Inheritance or Fuckoffguysgoodday,1992,2h,,7.6,2.9K,,"A hillbilly inherits millions and goes to the city, leaving his village to live a rich man's life in post-communist Czechia.",https://www.imdb.com/title/tt0106693/?ref_=sr_i_272
273. The Voice of Herbs,1992,1h 30m,,7.0,112,,Retelling of a folk legend about a beautiful sorceress and her young apprentice. The older witch initiates the younger into a magical world while two winged men observe them.,https://www.imdb.com/title/tt0114865/?ref_=sr_i_273
274. The Terrorism and the Kebab,1992,1h 45m,,7.8,4.1K,,A family man frustrated by bureaucracies of Egyptian public system as well as difficulties of life finds himself inadvertently accused of terrorism.,https://www.imdb.com/title/tt0107227/?ref_=sr_i_274
275. Tharle Nan Maga,1992,1h 49m,,8.3,273,,"The story revolves around a miserly couple Parandamaiah Urbagal and Subbalakshmi, who want their son Santhosh Urbagal to marry a rich girl, for want of dowry.",https://www.imdb.com/title/tt11867398/?ref_=sr_i_275
276. Damned the Day I Met You,1992,1h 52m,,6.8,2K,,A neurotic writer's life is turned upside-down when he meets by chance an actress with psychological disorders while he's working on a Jimi Hendrix biography.,https://www.imdb.com/title/tt0104798/?ref_=sr_i_276
277. Swathi Kiranam,1992,2h 10m,,8.2,529,,"The story of a classical singer, who finds it difficult to cope with the rising popularity of a child-prodigy.",https://www.imdb.com/title/tt0250012/?ref_=sr_i_277
278. Mikey,1992,1h 32m,R,5.7,3.9K,,A seemingly sweet and innocent little boy causes murder and mayhem in his new neighborhood and falls for the teenage girl next door.,https://www.imdb.com/title/tt0104870/?ref_=sr_i_278
279. The Bikini Carwash Company,1992,1h 21m,R,4.5,1.5K,,Women go topless at a carwash company in order to increase business.,https://www.imdb.com/title/tt0103812/?ref_=sr_i_279
280. Dreaming About You,1992,1h 30m,TV-MA,5.8,584,,"Toto and Quique bike around spying on maid. Toto's cousin Azucena visits, attracting Toto. Her visit leads to an unforgettable experience for Toto.",https://www.imdb.com/title/tt0103705/?ref_=sr_i_280
281. Thevar Magan,1992,2h 25m,,8.6,9.1K,,The urbane son of a village chieftain struggles between his personal aspirations and those of his family.,https://www.imdb.com/title/tt0105575/?ref_=sr_i_281
282. House of Angels,1992,2h 7m,R,6.4,5.8K,,A rural village is divided when an extraordinary couple move into a mansion.,https://www.imdb.com/title/tt0105916/?ref_=sr_i_282
283. Hard Hunted,1992,1h 37m,R,4.3,1.7K,,An international arms dealer will stop at nothing to retrieve a stolen Chinese nuclear relay hidden in a jade Buddha figurine. It's up to a group of undercover federal agents stationed in Hawaii to stop it falling into the wrong hands.,https://www.imdb.com/title/tt0104391/?ref_=sr_i_283
284. Doraemon: Nobita and the Kingdom of Clouds,1992,1h 37m,,7.2,1.2K,,"Nobita and his friends enjoyed playing in the Kingdam of Clouds which was made by Doraemon's tool. But before they knew it, they wandered into the another clouds which extinct animals lived. ""Sky human"" explain they protected the animals.",https://www.imdb.com/title/tt1147523/?ref_=sr_i_284
285. Roja,1992,2h 17m,,8.1,15K,,"A woman from a village in Tamil Nadu marries a sophisticated city dweller and moves with him to Kashmir, where all is rosy - until he gets kidnapped by militants.",https://www.imdb.com/title/tt0105271/?ref_=sr_i_285
286. Jo Jeeta Wohi Sikandar,1992,2h 54m,Not Rated,8.1,28K,,"A rich brat and a poor chap try to woo a girl, with their rivalry culminating in the most prestigious college event - the marathon cycle race.",https://www.imdb.com/title/tt0104561/?ref_=sr_i_286
287. Forbidden Homework,1992,1h 20m,Unrated,5.2,309,,"A student writes an erotic scene for a one-shot film assignment, casting a close relative as the lead actress, unaware of the ethical implications until filming commences, creating a tense and potentially scandalous situation.",https://www.imdb.com/title/tt0105535/?ref_=sr_i_287
288. Aileen Wuornos: The Selling of a Serial Killer,1992,1h 27m,R,6.9,3.3K,,"1992, Florida, USA. Aileen Wuornos is claimed to be the world's first female serial killer.",https://www.imdb.com/title/tt0103634/?ref_=sr_i_288
289. Waxwork II: Lost in Time,1992,1h 44m,R,5.4,5.5K,,"In this sequel, a couple must use a portal through time to defeat evil.",https://www.imdb.com/title/tt0105792/?ref_=sr_i_289
290. Deewana,1992,3h 5m,Not Rated,6.7,8.2K,,"A singer (Rishi Kapoor) marries his biggest fan, but his uncle (Amrish Puri) plans to kill him in order to gain his money.",https://www.imdb.com/title/tt0126871/?ref_=sr_i_290
291. Once Upon a Time in China II,1992,1h 53m,R,7.3,12K,,"Arriving by train in Guangzhou, 1895, the trio fight off White Lotus followers, who want to kill all foreigners and the cute, European dressed 13th Aunt. It's not kung fu master Dr. Wong's (Jet Li) last fight.",https://www.imdb.com/title/tt0105839/?ref_=sr_i_291
292. Live Wire,1992,1h 25m,R,5.6,4.4K,,"After A US senator is killed, A Bomb Disposal Expert is brought in to investigate the deadly explosive and must uncover the terrorists plan.",https://www.imdb.com/title/tt0104743/?ref_=sr_i_292
293. Kickboxer 3: The Art of War,1992,1h 32m,R,4.3,3.9K,,David Sloan travels to Rio for a kick-box exhibition. There he saves two youngsters and stops a white slaver.,https://www.imdb.com/title/tt0104609/?ref_=sr_i_293
294. Dance with Death,1992,1h 30m,R,4.6,522,,A beautiful society reporter goes undercover as a stripper to investigate a murderer stalking the girls at the strip club.,https://www.imdb.com/title/tt0101653/?ref_=sr_i_294
295. Night Rhythms,1992,1h 39m,R,5.0,419,,A radio talk show host is accused of murdering one of his fans while on the air and he must go on the run to somehow prove his innocence.,https://www.imdb.com/title/tt0104999/?ref_=sr_i_295
296. Intimate Obsession,1992,1h 31m,R,4.0,300,,"Unsatisfied in her marriage, Rachel begins seeing Rick, unaware that her lawyer husband Tom is also having an affair. But she discovers that Tom hired Rick to seduce her, so that Tom could get grounds for a divorce.",https://www.imdb.com/title/tt0104518/?ref_=sr_i_296
297. Maniac Cop 3: Badge of Silence,1992,1h 25m,R,5.0,5.9K,,"A priest practicing the Voodoo arts resurrects Matt Cordell, who takes his badge and comes back from the dead to do his bidding.",https://www.imdb.com/title/tt0104808/?ref_=sr_i_297
298. Chamatkar,1992,2h 51m,Not Rated,6.5,7.9K,,"When Sunder loses everything, he seeks refuge in a graveyard, where he befriends a ghost.",https://www.imdb.com/title/tt0126234/?ref_=sr_i_298
299. We Are Not Angels,1992,1h 38m,,8.3,10K,,Angel and the devil fight for the soul of a Belgrade playboy who made a young girl pregnant.,https://www.imdb.com/title/tt0104860/?ref_=sr_i_299
300. Unfaithful Wife: Shameful Torture,1992,1h 4m,Not Rated,5.6,441,,"Erotic drama set in an underground Tokyo club called The Bedroom, where the female clientele are drugged into a trance-like state and are subjected to different styles of bizarre, fetishistic sex by the male clientele.",https://www.imdb.com/title/tt0105392/?ref_=sr_i_300
301. Claire of the Moon,1992,1h 47m,Unrated,5.1,1.2K,,"Set in the lush Pacific Northwest, Claire of the Moon tells a timeless story of a woman's struggle as she awakens to new possibilities for love and intimacy.",https://www.imdb.com/title/tt0103977/?ref_=sr_i_301
302. Khiladi,1992,2h 37m,Not Rated,7.1,9K,,"Two friends wage bets for money and fun. There comes a time where they race to win the biggest bet, for they know that their lives depend on it.",https://www.imdb.com/title/tt0104605/?ref_=sr_i_302
303. Carry on Columbus,1992,1h 31m,Not Rated,3.5,2.9K,,"History is only slightly rewritten: instead of experienced sailors, there are only convicts whose last and only meeting with H2O was their prison diet of bread and water. And Columbus doesn't have his own map.",https://www.imdb.com/title/tt0103927/?ref_=sr_i_303
304. Maximum Force,1992,1h 30m,R,4.5,448,,Three determined cops are recruited to take down a notorious crime lord.,https://www.imdb.com/title/tt0104831/?ref_=sr_i_304
305. Psy,1992,1h 44m,,7.6,6.2K,,"In the good old days Franz Maurer and his partners from the secret police used to live like kings. Now, they all must adapt to a new post-communist environment where they are scorned and losing all privileges. Some, like Franz, are like ordinary police fighting against drug dealers. But Franz will soon find out that some of his friends are on the other side.",https://www.imdb.com/title/tt0105185/?ref_=sr_i_305
306. Bikini Summer II,1992,1h 25m,R,3.5,567,,"A sexy pair of sisters learn about life and being a good person when they take in a homeless man hit by their rich dad's limo. Much to his annoyance, they try helping even more people as he puts a plan into action to stop things.",https://www.imdb.com/title/tt0103813/?ref_=sr_i_306
"307. Minbo, or the Gentle Art of Japanese Extortion",1992,2h 3m,,7.4,1.3K,,A luxury hotel extorted by yakusa assigns an ordinary accountant to handle the situation. The chaotic results cause the hotel to rethink its plan.,https://www.imdb.com/title/tt0104874/?ref_=sr_i_307
308. Rescue Me,1992,1h 39m,PG-13,5.0,1K,,"After two criminals kidnap the woman he secretly loves, Fraser and his friend Mac ride a motorcycle across the country to save her.",https://www.imdb.com/title/tt0107949/?ref_=sr_i_308
309. Raju Ban Gaya Gentleman,1992,2h 32m,,6.7,9K,,"Raju comes to Bombay chasing his dreams, but keeps losing out on opportunities. His love, Renu helps him find a job. Success goes to his head until one day a tragic accident destroys his reputation.",https://www.imdb.com/title/tt0173102/?ref_=sr_i_309
310. The Northerners,1992,1h 48m,,7.2,3.6K,,"During the summer of 1960, the idiosyncratic residents of a one-street Dutch suburb collide in intertwining stories of desire and frustration.",https://www.imdb.com/title/tt0105019/?ref_=sr_i_310
311. Jersey Girl,1992,1h 35m,PG-13,6.1,1.8K,,New Jersey teacher Toby wants more from life and hopes to get it by ramming her old car into a handsome yuppie's brand-new Mercedes. Will it work?,https://www.imdb.com/title/tt0104550/?ref_=sr_i_311
312. Erotic Ghost Story III,1992,1h 34m,,5.3,410,,"A swordsman running from an arranged marriage is drawn into the demon realm, where he falls for a beautiful woman, but her demon matriarch has other plans for him. Meanwhile, his fiancée is looking for him.",https://www.imdb.com/title/tt0104719/?ref_=sr_i_312
313. Desire,1992,1h 50m,R,6.1,1.3K,,"A Scottish woman who attends school in Paris comes home for the summer and helps take in the straw, where she meets an attractive and simple man.",https://www.imdb.com/title/tt0105306/?ref_=sr_i_313
314. Vishwatma,1992,2h 54m,,6.5,1.8K,,"A cop and a criminal, both on their respective missions of duty and revenge, go from India to Kenya in order to extradite a reclusive crime lord to India.",https://www.imdb.com/title/tt0130350/?ref_=sr_i_314
315. Raat,1992,2h 7m,Not Rated,7.0,1.6K,,"When the Sharmas move into their new house in the city, they start experiencing strange incidents. The family seeks the help of a priest when their daughter, Mini, gets possessed.",https://www.imdb.com/title/tt0266875/?ref_=sr_i_315
316. Careful,1992,1h 40m,Not Rated,7.0,2.1K,62,"The wary residents of a 19th century mountain village must tread carefully and speak softly lest they cause an avalanche. Sexual frenzies teem in this world of repression, setting off incestuous love triangles with deadly consequences.",https://www.imdb.com/title/tt0103926/?ref_=sr_i_316
317. Shadowhunter,1992,1h 37m,R,4.9,813,,A burned-out LA cop is sent to a Navajo reservation to bring back a murder suspect. The cop must traverse a forbidden desert territory and struggle against his suspect's mystical powers.,https://www.imdb.com/title/tt0108100/?ref_=sr_i_317
318. American Samurai,1992,1h 34m,R,5.0,2.4K,,"An American reporter teams up with a martial arts expert, whose half-brother is a ""yakuza"" - Japanese mafia - drug dealer to battle swordsmen from around the world in a Turkish arena.",https://www.imdb.com/title/tt0106258/?ref_=sr_i_318
319. They Bite,1992,1h 38m,R,4.6,499,,Sea creatures come to shore and attack and mate with humans.,https://www.imdb.com/title/tt0140614/?ref_=sr_i_319
320. Bikini Beach Race,1992,1h 45m,,3.4,292,,"Rev up your engines as the most gorgeous and charming Bed Race Team of all, The Sex Puppets, heat up the raceway. Clad in bikinis and sexy lingerie, they'll bump and grind their way to victory aboard comical ""Bedmobiles"". Dana Plato (""Diff'rent Strokes"") stars as the saucy J.D., a hydroplane speedboat pilot who's cajoled by four college oddballs into joining their Bed Race Team. But watch out - there's dangerous curves ahead as the local Mafia pits the odds 100 to 1 against our zany team. The gears shift as Milo (Daniel Barquet) perfects a fantastic invention that'll blast this year's event into Gran Prix history. Hang on to your jockstraps as ""Bikini Beach Race"" swerves you out of control through this rally between the sheets.",https://www.imdb.com/title/tt0103811/?ref_=sr_i_320
321. The Bohemian Life,1992,1h 43m,Not Rated,7.5,7.4K,70,Three struggling artists try to make passable livings in Paris despite setbacks and tragedies.,https://www.imdb.com/title/tt0105750/?ref_=sr_i_321
322. Aclà,1992,1h 26m,,7.1,469,,"Brutal film about the exploitation of a young Italian boy, who is virtually sold to the operators of a sulphur mine where he is beaten and sexually molested.",https://www.imdb.com/title/tt0104111/?ref_=sr_i_322
323. Divertimento,1992,2h 5m,,7.4,804,,"More than just an abbreviated form of ""La Belle Noiseuse"", Rivette re-cut his footage with some important differences in point of view - this one being more from Marianne's point of view.",https://www.imdb.com/title/tt0101429/?ref_=sr_i_323
324. The Lost World,1992,1h 39m,,5.4,1.5K,,"Two rivaling professors - a journalist, a young wealthy woman and a teenage boy - travel through Africa in search of ""The Lost World"", a place where dinosaurs still roam.",https://www.imdb.com/title/tt0104759/?ref_=sr_i_324
325. Cured of Fears,1992,1h 30m,,6.1,175,,"An archaeologist named Magdalena Santos accidentally awakens a vampire that was sleeping in a Mayan Pyramid. She tries to tell the police about the situation, but they do not believe her and they send her to an asylum.",https://www.imdb.com/title/tt0359123/?ref_=sr_i_325
326. Suryavanshi,1992,2h 41m,,4.5,1.4K,,An archaeologist unearths an underground palace at Sangramgarh. The locals are afraid of what will happen if they start digging and would like to leave the past alone. It turns out their fears we confounded.,https://www.imdb.com/title/tt0105500/?ref_=sr_i_326
327. Operation Scorpio,1992,1h 39m,PG-13,6.9,772,,"A young man learns martial arts from two masters of opposing styles, he then combines them to take on the local gangster's son, who is a master of the deadly Scorpion Style.",https://www.imdb.com/title/tt0102159/?ref_=sr_i_327
328. Swoon,1992,1h 33m,R,6.6,2.1K,,"The true story of gay lovers, Richard Loeb and Nathan Leopold Jr. Who kidnapped and murdered a child in the early 1920s for kicks. The plot covers the months before the crime, the investigation, trial and final fate of the two men.",https://www.imdb.com/title/tt0105508/?ref_=sr_i_328
329. Yoddha,1992,2h 29m,Not Rated,8.4,5.5K,,"Fate brings a young man from rural Kerala to be the protector of a young Lama in Nepal, who is being chased by a dangerous cult.",https://www.imdb.com/title/tt0290937/?ref_=sr_i_329
330. Child's Play,1992,1h 51m,,7.2,244,,"Micha, a young boy being beaten by his abusive father, joins other bullies at school to terrorize people for amusement, including his own brother.",https://www.imdb.com/title/tt0104615/?ref_=sr_i_330
331. Ostinato destino,1992,1h 33m,,4.7,377,,"Family members scheme for inheritance from their demanding mother: one marries a killer who fakes pregnancy through twin sister's embryo transplant, another sabotages plan with bombing.",https://www.imdb.com/title/tt0137142/?ref_=sr_i_331
332. Jasper's Ghost,1992,1h 15m,,5.5,273,,"11 y.o. Jasper's only friend, an old retired sailor living alone by the stream, dies. He gets his cat. A ghost appears. At the village school, he's bullied by the vicar's son, but there are also two nice girls in his class.",https://www.imdb.com/title/tt0123271/?ref_=sr_i_332
333. The Naked Truth,1992,1h 44m,Not Rated,4.0,624,,Two Hollywood newcomers work with an FBI agent on a murder investigation.,https://www.imdb.com/title/tt0104969/?ref_=sr_i_333
334. Netherworld,1992,1h 25m,R,4.3,1.5K,,A young man arrives at his father's mansion in Louisiana to discover that a secretive cult is using winged creatures to raise the dead to do their bidding.,https://www.imdb.com/title/tt0104987/?ref_=sr_i_334
"335. Saint Tropez, Saint Tropez",1992,1h 44m,,4.0,251,,"Four stories of love are interwoven on the beautiful, coastal paradise of Saint Tropez.",https://www.imdb.com/title/tt0166335/?ref_=sr_i_335
336. Shola Aur Shabnam,1992,2h 45m,Not Rated,6.6,1.4K,,"The spoiled and arrogant brother, Bali, of notorious gangster, Kali Baba, enlists in the National Cadet Corps, and wants to have his way with his fellow-students and trainer, Inder Mohan Lahti, with comical results. When he meets Divya Thapa for the first time, he is smitten by her, and wants to marry her by hook or by crook. But Divya is in love with Karan, and both plan to marry each other. Circumstances act against them, and they flee together, with Kali Baba's men, and Divya's Police Commissioner dad, Yashpal Thapa, in hot pursuit, to an unknown destination, surrounded by a web of lies, deception, and no known resource to assist them.",https://www.imdb.com/title/tt0105394/?ref_=sr_i_336
337. First Time... Like a Virgin!,1992,2h,,5.0,17,,,https://www.imdb.com/title/tt0438846/?ref_=sr_i_337
338. Only You,1992,1h 25m,PG-13,5.3,1.8K,,A man goes on vacation to find the right woman - and ends up having to choose between two of them.,https://www.imdb.com/title/tt0105059/?ref_=sr_i_338
339. The Turning,1992,1h 31m,R,4.2,561,,A white supremacist returns to his hometown for the first time in years to try and save his parents' relationship.,https://www.imdb.com/title/tt0105660/?ref_=sr_i_339
340. Evil Dead Trap 2,1992,1h 37m,,5.4,1.1K,,A female projectionist suddenly comes to the self-realization that she just in fact may be a serial killer responsible for brutally murdering everyone around her.,https://www.imdb.com/title/tt0203132/?ref_=sr_i_340
341. The Master,1992,1h 28m,R,5.7,3.2K,,"A former Chinese Kung Fu master working in L.A. as a medicine man is targeted by an ex-student, and it's up to one of his Hong Kong disciples, who's visiting America, to defend his master's honor.",https://www.imdb.com/title/tt0097775/?ref_=sr_i_341
342. Khuda Gawah,1992,3h 13m,Not Rated,6.6,2.4K,,"Baadshah Khan falls in love with Benazir, a member of a rival clan who has defeated him in a game of buzkashi.",https://www.imdb.com/title/tt0104607/?ref_=sr_i_342
343. Even Hitler Had a Girlfriend,1992,1h 38m,Not Rated,5.1,230,,"This is the story of Marcus Templeton, a lonely security guard who blows all of his life savings on prostitutes because he is a TOTAL LOSER!",https://www.imdb.com/title/tt0104212/?ref_=sr_i_343
344. The Plague,1992,2h 28m,R,5.6,1K,,"In the 1990s, a South American city suffers the outbreak of a plague. The people react in different ways: Dr. Rieux tries to cure the sick, two French journalists expect sensational headlines, pious believers lament this God-given scourge.",https://www.imdb.com/title/tt0105127/?ref_=sr_i_344
345. Swordsman II,1992,1h 52m,R,7.1,5.3K,,"Ling Wu Chung decides to hide from the chaotic world. Before leaving, he visits his friends, a tribe of snake-wielding women warriors. However, he finds that the tribe have been attacked, and their leader Yam Ying Ying has been abducted.",https://www.imdb.com/title/tt0103295/?ref_=sr_i_345
346. Dangerous Seductress,1992,1h 35m,Unrated,4.9,400,,The Evil Queen returns to possess an American girl who she orders to go out and claim victims to sate her blood lust.,https://www.imdb.com/title/tt0272063/?ref_=sr_i_346
347. Lady Dragon,1992,1h 37m,R,5.0,888,,"An ex-CIA agent (Kathy Gallagher) living in Indonesia tracks Ludvig Hauptman, the arms dealer who killed her husband. Along the way, she meets a young boy and his grandfather, who teach her in the ways of the Lady Dragon.",https://www.imdb.com/title/tt0104667/?ref_=sr_i_347
348. Blue Ice,1992,1h 45m,R,5.2,2K,,"A former British Secret Service Agent falls for an American woman, and becomes entangled in a web of espionage.",https://www.imdb.com/title/tt0103848/?ref_=sr_i_348
349. Me and the Mob,1992,1h 27m,R,4.0,681,,"Jimmy, a struggling writer, takes a job for his mobster uncle in order to obtain first-hand material for a book on conspiracy plots and the JFK assassination.",https://www.imdb.com/title/tt0105815/?ref_=sr_i_349
350. The Finest Hour,1992,1h 45m,R,4.7,839,,Two Sailors form a lasting bond during training to be Navy Seals but soon grow apart as they are sent off to fight in Desert Storm.,https://www.imdb.com/title/tt0101879/?ref_=sr_i_350
351. Original Sin,1992,1h 57m,,6.7,185,,The story about an extramarital affair between the wife of an estate agent and a 22 year old man.,https://www.imdb.com/title/tt0105389/?ref_=sr_i_351
352. Diên Biên Phú,1992,2h 20m,,6.2,1.3K,,"An American reporter finds himself in the middle of the 57-day battle of Dien Bien Phu in Vietnam between the French army and the Vietminh, which finally resulted in the defeat and surrender of the French forces and France's eventual withdrawal from Vietnam.",https://www.imdb.com/title/tt0104105/?ref_=sr_i_352
353. Body Puzzle,1992,1h 38m,Not Rated,5.4,1.2K,,A homicide detective realizes that the brutal murders committed by a mysterious serial killer he's after have something to do with the late husband of a beautiful widow.,https://www.imdb.com/title/tt0101493/?ref_=sr_i_353
354. The Crisis,1992,1h 35m,,6.8,1.9K,,"Victor's wife leaves him, and on the same day he loses his job. Depressed, he tries to find someone to listen to his grief, but the only person ready to show some empathy is the simple-minded Michou whom Victor finds irritating.",https://www.imdb.com/title/tt0104025/?ref_=sr_i_354
"355. The Good, the Bad, & the Ugly",1992,1h 48m,,6.9,55,,A cemetery keeper and security guard team up to foil the activities of a syndicate that made the cemetery their hideout..,https://www.imdb.com/title/tt1473427/?ref_=sr_i_355
356. Royal Tramp,1992,1h 50m,R,7.1,4.7K,,"A jester is accidentally recruited by a cult leader to spy on a young and inexperienced Chinese emperor. Things don't go according to plan, and he ends up working for multiple opposing sides while trying to survive the madness.",https://www.imdb.com/title/tt0104770/?ref_=sr_i_356
357. King of Beggars,1992,1h 41m,TV-14,6.9,4.7K,,"A rich family's son falls in love with a woman who will only marry him once he becomes a Kung-Fu Master. In this 'Dramedy' He becomes a legendary hero, by attempting to save the emperor, during his true quest of love.",https://www.imdb.com/title/tt0100963/?ref_=sr_i_357
358. Junoon,1992,2h 3m,Not Rated,5.6,775,,"Tells the story of Vikram (Rahul Roy), who after nearly getting killed by a cursed tiger starts to transform into a tiger himself every fullmoon and hunts for prey.",https://www.imdb.com/title/tt0156658/?ref_=sr_i_358
359. Averills Ankommen,1992,1h 35m,,6.4,23,,Averill's visually ambitious allegory of the Oedipus tale of his unavoidable destiny.,https://www.imdb.com/title/tt0103740/?ref_=sr_i_359
360. Bad Boy II,1992,1h 58m,,5.5,23,,"After he was released from prison, Bombo vowed never to allow himself to take part in any form of violence again. He just wants to live a simple life and spend all his time watching over his wife Cecile and his daughter.",https://www.imdb.com/title/tt0440075/?ref_=sr_i_360
361. The Girls from China,1992,1h 40m,,4.9,130,,"Story is about Ying, a girl from Beijing who comes to Hong Kong to find work and stay with her wealthy uncle. At first, Ying is harassed sexually by her uncle and her employer at work, which sends her into the arms of the kind but psychotic Kent.",https://www.imdb.com/title/tt0108585/?ref_=sr_i_361
"362. A Woman, Her Men, and Her Futon",1992,1h 30m,R,4.5,261,,Lovers sway a would-be Los Angeles screenwriter's search for life and happiness after divorce.,https://www.imdb.com/title/tt0105836/?ref_=sr_i_362
363. Los verduleros 3,1992,1h 30m,,6.0,109,,,https://www.imdb.com/title/tt0759746/?ref_=sr_i_363
364. Tito and Me,1992,1h 44m,,7.9,6.6K,,A 10-year-old boy goes through variety of silly situations and confusions during the peak of Marshal Tito's cult of personality in 1950's Yugoslavia.,https://www.imdb.com/title/tt0105602/?ref_=sr_i_364
365. Twogether,1992,2h,R,4.6,308,,"An artist and environmentalist navigate a complex relationship, including early marriage, pregnancy, divorce, nude artwork, and her father's unflinching attitudes, highlighting their upbringing and fear of commitment.",https://www.imdb.com/title/tt0105670/?ref_=sr_i_365
366. Courage,1992,2h 41m,,5.1,1K,,"An engaging action-sport film, where a man avenges his sister's humiliation by participating in a deadly kung-fu tournament.",https://www.imdb.com/title/tt0267617/?ref_=sr_i_366
367. Body Waves,1992,1h 20m,R,3.5,283,,"To prove his independence, a cocky teenager bets his father that he can support himself without the family business. But no one is more surprised than he is when the sex cream he invents actually works.",https://www.imdb.com/title/tt0103854/?ref_=sr_i_367
368. Flodder in Amerika!,1992,2h,,5.7,5.5K,,The mayor of Zonnedael sees a chance to get rid of the Flodder family and sends them for an international exchange to New York.,https://www.imdb.com/title/tt0104279/?ref_=sr_i_368
369. Lotta på Bråkmakargatan,1992,1h 14m,,5.9,1.8K,,Lotta is angry because she is considered too small to make all the fun things as her older siblings Mia and Jonas can do.,https://www.imdb.com/title/tt0104761/?ref_=sr_i_369
370. Fatal Instinct,1992,1h 35m,R,4.2,543,,A detective falls in love with the woman he is investigating in the murder of a real estate tycoon.,https://www.imdb.com/title/tt0101860/?ref_=sr_i_370
371. Maruta 2: Laboratory of the Devil,1992,1h 36m,,4.4,813,,"In 1935, Japan's Unit 731 conducts inhumane experiments. A doctor tries to free prisoners, including his fiancée, from the camp while witnessing atrocities. The film depicts the graphic events at the camp without censorship.",https://www.imdb.com/title/tt0099757/?ref_=sr_i_371
372. Sadayam,1992,2h 27m,,8.5,1.3K,,"Sadayam follows the final days of a condemned prisoner, for murdering two little girls.",https://www.imdb.com/title/tt0237682/?ref_=sr_i_372
373. The Child of Man,1992,1h 38m,,7.9,567,,"A story about Pavulans family life in Latgale, traditions and values that are passed down from generation to generation. Little Bonuks from an early age learns to build relationships with family members and others, with God and nature.",https://www.imdb.com/title/tt0103971/?ref_=sr_i_373
374. To Sleep with a Vampire,1992,1h 21m,R,5.1,544,,"Scott Valentine is a vampire who is torn between his need to feed and his desire to learn about the world of humans. But when he kidnaps Nina, a beautiful but troubled stripper, his world is turned upside down. For after she discovers that he cannot be hurt physically, Nina tries a new tactic -- seduction.",https://www.imdb.com/title/tt0108348/?ref_=sr_i_374
375. Daens,1992,2h 18m,,7.5,4.7K,,"In the 1890s, Father Adolf Daens goes to Aalst, a textile town where child labor is rife, pay and working conditions are horrible, the poor have no vote, and the Catholic church backs the petite bourgeoisie in oppressing workers. He writes a few columns for the Catholic paper, and soon workers are listening and the powerful are in an uproar. He's expelled from the Catholic party, so he starts the Christian Democrats and is elected to Parliament. After Rome disciplines him, he must choose between two callings, as priest and as champion of workers. In subplots, a courageous young woman falls in love with a socialist and survives a shop foreman's rape; children die; prelates play billiards.",https://www.imdb.com/title/tt0104046/?ref_=sr_i_375
"376. Oh, What a Night",1992,1h 33m,PG-13,5.8,634,,Two teenage small town boys start showing interest in girls. One uses his dad's cars to impress a girl. The other has his eyes on a skinny-dipping MILF.,https://www.imdb.com/title/tt0105048/?ref_=sr_i_376
377. Rage and Honor,1992,1h 29m,R,5.2,1.1K,,Story about an inner-city high school teacher who musters the martial arts to thwart the lure of street gangs and their seductive plague of drugs.,https://www.imdb.com/title/tt0105212/?ref_=sr_i_377
378. Dark Secrets,1992,1h 13m,,3.9,37,,A group of people are staying in a cheap motel in the middle of the desert. All these people have a dark past. These dark pastes come to light when the sexy Sunday plays mysterious games with them.,https://www.imdb.com/title/tt0189460/?ref_=sr_i_378
379. Hellmaster,1992,1h 36m,Not Rated,4.0,979,,"A psychotic college professor uses unwitting students as laboratory rats, injecting them with a drug that mutates them into gory killers.",https://www.imdb.com/title/tt0165489/?ref_=sr_i_379
380. Tiger Claws,1992,1h 32m,R,5.5,1.5K,,"A mysterious martial artist is going around and killing martial arts masters with his unique style, Tiger Claw. Two police detectives, who're also martial arts experts, use unorthodox methods to track down the serial killer.",https://www.imdb.com/title/tt0105592/?ref_=sr_i_380
381. Illicit Behavior,1992,1h 41m,Unrated,5.0,440,,"Melissa Yarnell is the wife of burned-out cop Mike Yarnell who takes out his frustrations on her. When she stood her limit, she turns to Matt Walker and Bill Tanner, other cops for protection. Their advances border on Illicit Behavior.",https://www.imdb.com/title/tt0104485/?ref_=sr_i_381
382. Spider,1992,1h 38m,,6.6,528,,A young woman agrees to model for an artist as Virgin Mary. His strange influence triggers her repressed sexual urges causing her to have delusions and nightmares about spiders and other grotesque imagery.,https://www.imdb.com/title/tt0193660/?ref_=sr_i_382
383. Dr. Lamb,1992,1h 29m,Not Rated,6.0,1.1K,,"An abnormal taxi driver lusts for blood every rainy night, and several young women are killed as a result.",https://www.imdb.com/title/tt0104319/?ref_=sr_i_383
384. Honor and Glory,1992,1h 24m,R,4.2,1.1K,,"FBI agent Tracy Pride is on a mission to capture businessman Jason Slade, who is involved in extortion and murder. Teaming up with her is her sister Joyce, a news reporter; Dragon, Tracy's partner in Hong Kong, and Jake, a bodyguard who worked for Slade. Can they stop Slade before it's too late?",https://www.imdb.com/title/tt0105900/?ref_=sr_i_384
385. The Unnamable II: The Statement of Randolph Carter,1992,1h 44m,R,5.1,1.4K,,"A creature of demonic nature, too hideous to have a name, once again terrorizes the college kids that summoned it.",https://www.imdb.com/title/tt0108447/?ref_=sr_i_385
386. Ironheart,1992,1h 32m,R,3.4,683,,An L.A. cop goes after a gang of murderous drug dealers.,https://www.imdb.com/title/tt0104530/?ref_=sr_i_386
387. Fraternity Demon,1992,1h 26m,R,3.4,283,,Some college kids accidently unleash a sex demon and she ends up turning a frat party inside out.,https://www.imdb.com/title/tt0121297/?ref_=sr_i_387
388. The Magic Voyage,1992,1h 22m,G,3.6,1K,,Christopher Columbus decides to go on a journey to prove that the Earth is not flat. His companion is a smart wood worm who's on a quest of his own: to save a beautiful fairy princess from the evil lord Swarm and his insect army.,https://www.imdb.com/title/tt0103609/?ref_=sr_i_388
389. Tahalka,1992,2h 48m,Not Rated,5.5,470,,Dongrilla is controlled by General Dong who eyes on India.Major Krishnarao plans a mission to the region with few of his officers to stop Dong.In between the team realizes that the mission is patriotic as well as personal to Krishnarao.,https://www.imdb.com/title/tt0423313/?ref_=sr_i_389
390. Dil Aashna Hai (...The Heart Knows),1992,2h 44m,,4.9,2K,,"Laila, brought up in a brothel, is a cabaret dancer in Digvijay Singh's five star hotel. One day, her dying mother informs her that she is adopted. Laila is aided by Karan in her search for the mother.",https://www.imdb.com/title/tt0101732/?ref_=sr_i_390
391. Final Impact,1992,1h 39m,R,4.6,785,,"A former world kickboxing champion trains a tough, young fighter, who he hopes will avenge the merciless defeat he suffered at the hands of the sadistic champ three years earlier.",https://www.imdb.com/title/tt0104267/?ref_=sr_i_391
392. The Nutt House,1992,1h 34m,PG-13,3.8,832,,Identical twins separated since infancy meet after 30 years; a series of mistaken identity and crises ensues.,https://www.imdb.com/title/tt0105034/?ref_=sr_i_392
393. A Legend of Turmoil,1992,1h 50m,,7.2,74,,"Otaki, a member of a small yakuza family, hunts down the people who murdered his boss.",https://www.imdb.com/title/tt1846734/?ref_=sr_i_393
394. All Night Long,1992,1h 30m,,5.7,918,,Three Japanese youths descend into the violent realm of the Tokyo night life after witnessing a brutal murder.,https://www.imdb.com/title/tt0190230/?ref_=sr_i_394
395. The Long Shadow,1992,1h 20m,,5.7,113,,"Romándy is notified of the death of his father, whom he has never seen. He meets with his father's young widow and a movie director who need the son to play his father in a movie. The sexy young widow and she soon falls for her stepson.",https://www.imdb.com/title/tt0104754/?ref_=sr_i_395
396. There Goes the Neighborhood,1992,1h 28m,PG-13,5.8,1.4K,,"A dying prisoner tells the prison therapist about $8,500,000 stolen mob money hidden under a basement floor. A prisoner overhears it and breaks out. Who gets the money.",https://www.imdb.com/title/tt0105573/?ref_=sr_i_396
397. Sunday's Children,1992,1h 58m,,6.8,954,,"The film switches back and forth between the adventures of Pu on a summer holiday in Norrland in Sweden and and the adult Pu visiting his father who lives in an old people's home. Little Pu spends a summer in Norrland in the 1920s with all his relatives. He and his brother get to hear the story about the watchmaker who hung himself, learns to shoot with a bow and follow his father on a bicycle trip.",https://www.imdb.com/title/tt0105511/?ref_=sr_i_397
"398. Dearest Relatives, Poisonous Relations",1992,1h 45m,,7.3,3.1K,,"During the Christmas celebrations, a surprising announcement takes a family by surprise and threatens to break the delicate balance that regulates the familial relationships.",https://www.imdb.com/title/tt0105097/?ref_=sr_i_398
399. Talons of the Eagle,1992,1h 36m,R,5.0,774,,"After 3 DEA agents are killed by Mr. Li, martial arts champion Tyler Wilson is sent on assignment to Toronto and teams up with Michael Reeds. Wilson and Reeds enter a martial arts tournament, where they end up saving Mr. Li from being killed by a rival crime boss. Li invites the two to join his staff. As Wilson and Reeds get closer to the truth about Li's operation, they gather the needed evidence, but will have to escape Li, alive.",https://www.imdb.com/title/tt0105530/?ref_=sr_i_399
400. Annamalai,1992,2h 44m,Not Rated,7.7,2.8K,,A class-divided friendship goes through highs and lows through several decades.,https://www.imdb.com/title/tt0139859/?ref_=sr_i_400
401. Double Threat,1992,1h 33m,R,4.8,253,,"A former movie star, Monica Martel, returns to the big screen along with younger boyfriend, Eric Cline, after a long absence. Monica is very jealous of the attention Eric gives to her body double - Lisa. The jealousy inevitably leads to murder attempts and denials.",https://www.imdb.com/title/tt0104134/?ref_=sr_i_401
402. Angel of Fire,1992,1h 35m,,6.4,242,,"In a miserable circus, a young trapeze artist, in a sexual relationship with her dying father, gets pregnant and decides to have her baby, so she leaves the circus and joins a group of puppeteers who make shows from passages of the Bible.",https://www.imdb.com/title/tt0105915/?ref_=sr_i_402
403. Immaculate Conception,1992,2h,Not Rated,6.2,280,,A childless Western couple visit a fertility shrine in Karachi run by eunuchs and set off a huge culture clash.,https://www.imdb.com/title/tt0104489/?ref_=sr_i_403
404. Return to the Lost World,1992,1h 34m,PG,5.1,770,,"When Belgian scientist Bertram Hammonds arrives in the Lost World to drill for crude oil, Professors Challenger and Summerlee return to the Lost World plateau.",https://www.imdb.com/title/tt0105249/?ref_=sr_i_404
405. Dance Macabre,1992,1h 37m,R,4.1,570,,"A dance instructor brings his dance troupe to Russia for training. What his dancers don't know, however, is that he has a dual personality, and his hidden personality is a serial killer.",https://www.imdb.com/title/tt0101652/?ref_=sr_i_405
406. Naalaiya Theerpu,1992,2h 20m,Not Rated,7.3,1.5K,,"Srividya is molested by her husband Radharavi. Radharavi has affairs with many other women. Srividya has a son, whom she raises on her own. However, things change when her son grows up.",https://www.imdb.com/title/tt1988733/?ref_=sr_i_406
"407. Mind, Body & Soul",1992,1h 33m,R,3.6,401,,"Brenda is brought to a satanic ritual by her evil cultist boyfriend. She refuses to join the cult, so they deem her traitor and take brutal revenge. She's framed, jailed, beaten and raped. Her defense lawyer, John, is her only ally.",https://www.imdb.com/title/tt0104875/?ref_=sr_i_407
408. Dangerous Game,1992,1h 27m,,4.5,157,,A woman turns a would-be robber into her sex slave.,https://www.imdb.com/title/tt0102604/?ref_=sr_i_408
409. Life After Sex,1992,1h 21m,,4.5,106,,"A regular guy pursues success, sex, and a woman without commitment. She's Lane Lenhart-ardent, dashing, seeking success, love, and him with commitment. Can these two find life after sex?",https://www.imdb.com/title/tt0104727/?ref_=sr_i_409
410. Laws of Gravity,1992,1h 40m,R,6.6,1.4K,,The lives of two incompetent young men from Brooklyn spin out of control after a friend returns from Florida with guns to sell.,https://www.imdb.com/title/tt0104693/?ref_=sr_i_410
411. Fight Back to School II,1992,1h 46m,,6.6,3.5K,,"Sing quits the force after getting demoted to traffic duties, while his partner is assigned a mission involving foreign terrorists threatening to bomb a school in Hong Kong, so Sing decides to help by going undercover at the same school.",https://www.imdb.com/title/tt0105534/?ref_=sr_i_411
412. Puerto Escondido,1992,1h 50m,,6.6,1.9K,,Bank employee Mario happens to witness a murder and has to fear for his own life. He leaves Milan and settles in Mexico where a pair of drifters befriend him as they all commence to travel through the country.,https://www.imdb.com/title/tt0105188/?ref_=sr_i_412
413. Blackbelt,1992,1h 25m,R,5.1,917,,Ex-cop protects a singer from a psycho serial killer.,https://www.imdb.com/title/tt0103825/?ref_=sr_i_413
"414. Ranma ½: The Movie 2, Nihao My Concubine",1992,1h,Not Rated,7.2,1.1K,,"With the Tendos, the Saotomes, Ryoga, Shampoo and Ukyo misinterpreting Tatewake Kuno's invitation to his two loves, Akane and ""The Pig Tailed Girl"", to try his new yacht, a whole new episode of chaos begins in the already unstable lives of the Saotome/Tendo clan. A mysterious shadow kidnaps first Akane's sister Kasumi, then continues on until all the girls disappear. All except everyone's favorite hydrotranssexual. As an ambush, Ranma's set out to trap one of the shadows, revealing them to be under the control of a powerful prince Toma. Toma is the young prince of a floating island to which only males are born due to a powerful spring which turns anything into a man. Of course, he's out to rescue the girls, but more importantly, can he get a hold of the water that may free him of the Jusenkyo curse? And even more importantly, can he keep his mouth shut before Akane does more damage to him then Prince Toma does?",https://www.imdb.com/title/tt0104604/?ref_=sr_i_414
415. La belle histoire,1992,3h 30m,Not Rated,6.6,902,,"Jesus is a French gypsy who might have become a bull fighter had he not been framed on a drug charge and sent to prison. Odona is a con artist pursued and protected by a Paris policeman. Marie, who knew Jesus as a girl, loses her job when she teaches reincarnation and lets her young students kiss honey bees. All experience love, all suffer losses, and all seek peace. Throughout, Jesus's colorful gypsy family provides dance and music, mystery and celebration. As part of the reincarnation theme, the main characters appear in flashbacks set during the time of Christ and the persecution of early Christians.",https://www.imdb.com/title/tt0103790/?ref_=sr_i_415
416. Alex,1992,1h 33m,Unrated,6.2,158,,"Headstrong New Zealand teen Alex Archer trains to qualify for the 1960 Rome Olympics in the women's 100 freestyle. Unlike the other top swimmers who train only for swimming, Alex takes piano and ballet lessons to go with a full school workload. To make the Olympics, her ultimate dream, she must not only overcome a formidable foe, but also the death of her boyfriend.",https://www.imdb.com/title/tt0106240/?ref_=sr_i_416
417. Mad at the Moon,1992,1h 38m,R,4.5,647,,A young woman on the frontier marries a meek farmer who has an annoying habit of going through a rather drastic change every full moon.,https://www.imdb.com/title/tt0104787/?ref_=sr_i_417
418. Ax 'Em,1992,1h 11m,Unrated,1.4,2.2K,,"A weekend retreat at a remote cabin in the woods for a group of childhood pals turns into a terrifying fight for survival, as a former friend whose family was killed years earlier comes along looking for revenge.",https://www.imdb.com/title/tt0349113/?ref_=sr_i_418
419. Requiem for a Maiden,1992,1h 39m,,7.2,440,,A fourteen-year-old girl is placed in an institution for mentally ill due to an official mistake. Here she gets a most cruel treatment which is governed by high-handedness of the spineless and perverse nurses.,https://www.imdb.com/title/tt0102774/?ref_=sr_i_419
420. Kraven,1992,1h 9m,,4.8,22,,"Clint is attacked by a creature in the forest, but after a brief escape, he fortunately manages to cut the pursuer into 1,000 pieces. Shocked, he is admitted to the sanatorium of a dubious Dr. Rock. But Dr. Rock harbors a terrible secret, and Clint is drawn into a never-ending whirlpool of blood, guts, and terror. 1990: There were no cell phones, no internet, no DVDs, and especially no digital cameras. Nevertheless, Dirk Deitermann and Thilo Gosejohann couldn't resist and embarked on their first cinematic forays into the splatter genre. Kraven 1 was shot in just one afternoon, but the four sequels over the next two years took increasingly longer and more time and effort.",https://www.imdb.com/title/tt4165420/?ref_=sr_i_420
421. Don Quixote,1992,1h 56m,Not Rated,6.0,958,,"The story of a Spanish gentlemen gone mad and his dim-witted squire Sancho Panza, who set forth on a journey to right wrongs and accomplish good deeds in the name of chivalry.",https://www.imdb.com/title/tt0104121/?ref_=sr_i_421
422. In the Heat of Passion,1992,1h 42m,R,4.9,323,,"A struggling actor lands the part of a rapist in a TV reenactment for a ""Crimebusters"" segment. He soon meets a beautiful rich woman whom he begins an affair with, even though she is married. Her husband soon finds out and is accidently killed. The two lovers cover up the crime, but the actor begins to wonder if there's more going on than he knows.",https://www.imdb.com/title/tt0104499/?ref_=sr_i_422
423. Tale of a Vampire,1992,1h 33m,R,5.2,885,,"Condemned to life without end, and to an undying passion for a lost love he can never find, a vampire stalks a beautiful young woman.",https://www.imdb.com/title/tt0105527/?ref_=sr_i_423
424. CIA Code Name: Alexa,1992,1h 33m,R,4.4,912,,A terrorist couple is pitted against each other when the female counterpart is captured by C.I.A. agents. They convince her to help them bring down the dangerous group in this violent actioner.,https://www.imdb.com/title/tt0103907/?ref_=sr_i_424
425. Frogtown II,1992,1h 30m,PG-13,3.4,504,,"In the sequel to Hell Comes to Frogtown, the Mutant-Frog leader of Frogtown kidnaps a professor and forces him to make a serum that will turn everyone into Frogs, they also kidnap some people to test the serum on. And courageous Sam Hell will have to save them.",https://www.imdb.com/title/tt0106970/?ref_=sr_i_425
426. Close Friends,1992,1h 50m,,6.2,158,,Fifteen-year-old Simona has lived with her father since he split with her mother. As the film unfolds it gradually becomes clear that Simona is a victim of incest.,https://www.imdb.com/title/tt0103675/?ref_=sr_i_426
427. Round Trip to Heaven,1992,1h 37m,R,4.4,565,,"Larry, a mechanic, finds a briefcase of money in a Rolls-Royce he borrowed. He and his cousin Steve embark on a trip to Palm Springs with the cash, unaware of its origins or consequences.",https://www.imdb.com/title/tt0105289/?ref_=sr_i_427
428. Genghis Khan: The Story of a Lifetime,1992,2h,,6.5,146,,"The fate of a legendary boy, Temudjin, later the Genghis Khan, who became the most powerful emperor of Mongolia. With his army created one of the largest empires of all time.",https://www.imdb.com/title/tt1280009/?ref_=sr_i_428
429. Man to Man,1992,1h 12m,,5.9,47,,"Shortly before the WW II, Ella takes on the identity of her husband Max after his death to work instead of him in the factory. She continues to be Max until she doesn't even know who she is anymore.",https://www.imdb.com/title/tt2974156/?ref_=sr_i_429
"430. All's Well, Ends Well",1992,1h 40m,Not Rated,7.2,3K,,"A romantic Chinese New Year comedy about the three Shang brothers. Eldest brother Shang Moon is a philandering businessman who treats his hideous yet hard-working wife like dirt. Middle brother Shang Foon is a disc jockey/playboy who tries to score with as many girls as possible. Youngest brother Shang So is an obviously gay dance instructor. Moon soon gets the tables turned on him as his wife leaves to become a glamorous karaoke hostess, and Foon gets into a bizarre relationship with a fan so obsessed with movies that she constantly acts out characters on dates, until he suddenly becomes temporarily mentally ill. And So is continually at odds with obvious butch lesbian family cousin. Hilarity ensues.",https://www.imdb.com/title/tt0104553/?ref_=sr_i_430
431. Interceptor,1992,1h 32m,R,4.8,776,,"A U.S. Air Force officer tries to stop a murderous group of terrorists who are trying to steal two top secret F-117A Stealth Fighters from the cargo hold of a gigantic C-5 Galaxy Transport flying at 30,000 feet over the Pacific Ocean.",https://www.imdb.com/title/tt0104516/?ref_=sr_i_431
432. Star Time,1992,1h 25m,,5.7,581,,"A delusional misfit becomes suicidal when his favorite TV show is cancelled. An agent promises to make him a TV star if he kills certain people, so he becomes ""The Baby Mask Killer.""",https://www.imdb.com/title/tt0105464/?ref_=sr_i_432
433. The Chekist,1992,1h 33m,,7.0,1.3K,,"Based on a 1923 short story by Vladimir Zazubrin, this movie tells the story of a bloody work and downfall of a Soviet Cheka security official involved in executions during the Russian Civil War.",https://www.imdb.com/title/tt0103949/?ref_=sr_i_433
434. The Fencing Master,1992,1h 28m,,6.7,862,,"A fencing master in pre-revolution Spain is hired to teach fencing to a beautiful young woman. Although he has never taught a woman before, he is fascinated by her and agrees. She wishes to learn a particular thrust which he is famous for. When a local nobleman becomes involved with her the intrigue begins.",https://www.imdb.com/title/tt0104788/?ref_=sr_i_434
435. Leon the Pig Farmer,1992,1h 38m,Not Rated,5.7,604,,"An irreverent comedy is set in motion when Leon Geller, a sensitive Jewish man from London, learns that he is the product of an artificial insemination accident, and that his real father is a farmer from Yorkshire.",https://www.imdb.com/title/tt0104710/?ref_=sr_i_435
436. Death Harvest,1992,1h 29m,Unrated,3.7,208,,"A broken down van strands a group of college students in the middle of the desert. Forced to hike their way out, they unwittingly enter a sacred Indian burial ground...A place they should have left alone.",https://www.imdb.com/title/tt0333303/?ref_=sr_i_436
437. Lakki... The Boy Who Could Fly,1992,1h 42m,,5.2,312,,"A friendless, lonely boy who dreams of escape from a broken home with an neglectful, promiscuous. alcoholic mother and self-centered, clueless, absent father.",https://www.imdb.com/title/tt0104673/?ref_=sr_i_437
438. Vietnamese Lady,1992,1h 30m,,5.3,69,,"A young woman named Yuan Suen from Vietnam has to marry a multimillionaire named Kiu from HongKong to solve the financial problems for her family. While she spends her first year in HongKong, she misses her ex boyfriend in Vietnam, and Kiu's secretary, Sandy, is envious of Yuan Suen's existence. She is plotting sth in order to force her to stay away from Kiu.",https://www.imdb.com/title/tt0111346/?ref_=sr_i_438
439. Angaar,1992,2h 56m,,6.8,407,,"An angry slum-dweller is arrested, found guilty, and institutionalized.",https://www.imdb.com/title/tt0103689/?ref_=sr_i_439
440. Frozen Assets,1992,1h 36m,PG-13,3.3,615,,A man is hired to run a bank which turns out to be a sperm bank.,https://www.imdb.com/title/tt0104309/?ref_=sr_i_440
441. Sunset Strip,1992,1h 35m,R,3.7,164,,"Young and beautiful Heather's dreams of dancing and seduction lead her into one of the hottest strip club where she finds love in Tony. An exploration of a sexy woman's duality, innocent by day, voracious by night.",https://www.imdb.com/title/tt0105493/?ref_=sr_i_441
442. The Silencer,1992,1h 32m,R,4.0,477,,"Lynette Walden stars as Angel fighting against a prostitution ring abusing runaways. Video games hold clues for her killings. Her ex-boyfriend George stalks her amidst steamy encounters. When the game ends, can Angel walk away.",https://www.imdb.com/title/tt0105408/?ref_=sr_i_442
443. Baaz,1992,,,5.5,84,,Deva is a photographer by profession. His life changes when one of his models is killed the killers also kill Deva's family asking for a diary but Deva is unaware of it. But what does that diary contain and who is behind all these killings?,https://www.imdb.com/title/tt2015304/?ref_=sr_i_443
444. Dark Horse,1992,1h 38m,PG,6.8,933,,"A troubled girl, sentenced to community service on a ranch, bonds with a horse there. Her folks suggest that she enters the championship, but both she and the horse get seriously injured in a car accident.",https://www.imdb.com/title/tt0104054/?ref_=sr_i_444
445. Ayyayyo Brahmayya,1992,1h 30m,,7.7,19,,,https://www.imdb.com/title/tt1579741/?ref_=sr_i_445
446. Submission of a Woman,1992,1h 36m,,4.0,132,,"A married couple's weekend plans are violently disrupted by a maniac who attacks both husband and wife while their daughter and her babysitter are forced to watch...until the young girl becomes the next victim of the rapist's sick desires. After the vile attack, the child's mother seeks revenge.

At the end of the day Luisa is lucky to be alive. By the time she finishes with her attacker, he'll wish he was never born.",https://www.imdb.com/title/tt0238012/?ref_=sr_i_446
447. The Wicked City,1992,1h 36m,Not Rated,5.7,1.3K,,"Lung and his partner Ling is assigned to go after Daishu for selling a drug from the Rapters's world called 'Happiness' which causes people to evaporate, Lung, Ling and Wan-Gei join forces to fight the Rapters.",https://www.imdb.com/title/tt0105869/?ref_=sr_i_447
448. Escape from Brothel,1992,1h 37m,,5.5,242,,"Hung's lover Sam doesn't know that Hung is actually a hooker. He gets involved with a jewelry store robbery and has to hide at Hung's house for a while. Hung tries to hide her profession from Sam, this is where the truth starts unfolding.",https://www.imdb.com/title/tt0104457/?ref_=sr_i_448
449. Police Officer,1992,2h 38m,Not Rated,4.3,115,,"Twin brothers Jai, a cop, and Kishen, a conman. After Jai is killed, Kishen takes his place to take revenge on his killers.",https://www.imdb.com/title/tt0267830/?ref_=sr_i_449
450. Cthulhu Mansion,1992,1h 32m,R,4.2,1.1K,,"A group of drug dealing petty criminals fleeing from the police take a magician and his daughter hostage; but once they reach his mansion, all hell breaks loose.",https://www.imdb.com/title/tt0100108/?ref_=sr_i_450
451. Foreboding,1992,1h 29m,Not Rated,5.0,70,,"It is a symbolic and surreal story about the aftermath of a global catastrophe, where a boy, a woman and a cow seem to be the only survivors, except for whoever is following them threateningly in a tank.",https://www.imdb.com/title/tt0105163/?ref_=sr_i_451
452. Jönssonligan & den svarta diamanten,1992,1h 44m,,5.6,3.4K,,Criminal genius is incarcerated in a mental institution but his criminal plans are executed by his criminal gang and his attending doctor.,https://www.imdb.com/title/tt0104581/?ref_=sr_i_452
453. The Prom,1992,49m,,5.9,130,,"Marty is not comfortable showing his body at college or private. He is suffering from a skin disease called nevus flammeus. In town he stumbles on The Dunes. A porn-shop-theme-park with one booth named ""The Prom"". This is where Lana works. Marty likes Lana.",https://www.imdb.com/title/tt0105180/?ref_=sr_i_453
454. Prototype,1992,1h 38m,R,3.0,754,,"Post-apocalyptic setting. Disabled veteran volunteers for cybernetic program to regain mobility. Unintended consequence: transforms him into programmed assassin tasked with eliminating his love interest, the resistance's sole survivor.",https://www.imdb.com/title/tt0105183/?ref_=sr_i_454
455. Dream Kiss,1992,1h 59m,Not Rated,5.6,187,,"The gorgeous Margot supports her aged father by seducing men on trains, slipping them a Mickey Finn (a beso de sueño) and robbing them of money and jewelry. One night her victim is a currency smuggler taking 100 million pesetas out of Spain. He's being watched by a cop and by a burned-out alcoholic, Salvatierra, who does occasional jobs for a corrupt banker; they are quickly on Margot's trail. The cop suspects Salvatierra of working with Margot, but Salvatierra has his own agenda. He becomes Margot's protector; is it for his own good or for hers as well? And what are these feelings that develop between the two of them? Where will the money end up?",https://www.imdb.com/title/tt0103796/?ref_=sr_i_455
456. Royal Tramp II,1992,1h 38m,R,7.0,3.4K,,"Wei the jester, turned undercover spy, turned high ranking official in the Chinese imperial court, tries his best to deal with warring factions and deadly martial artists all vying for power.",https://www.imdb.com/title/tt0104771/?ref_=sr_i_456
457. My Grandpa Is a Vampire,1992,1h 35m,PG,4.8,400,,"Sent on a trip from California to New Zealand to visit with his eccentric grandfather, Lonny discovers that his grandpa is a vampire. Unnerved at first, he soon discovers that his grandpa is a good vampire.",https://www.imdb.com/title/tt0131494/?ref_=sr_i_457
458. Jatt Jeona Mour,1992,2h 29m,,7.8,144,,"Kishan, a bandit, is betrayed and imprisoned during British rule in India. Police suspect his wife and brother Jeona of helping him. His wife dies in custody, but Jeona escapes and becomes an outlaw seeking justice for her death.",https://www.imdb.com/title/tt0316054/?ref_=sr_i_458
459. Out for Blood,1992,1h 30m,R,4.8,584,,"An attorney is forced to fight back after his family is brutally murdered by vicious drug dealers, leading to an astounding martial arts showdown.",https://www.imdb.com/title/tt0107762/?ref_=sr_i_459
460. Body Parts,1992,1h 25m,,4.1,224,,A psycho videotapes his dismemberment of strippers.,https://www.imdb.com/title/tt0200497/?ref_=sr_i_460
461. Ek Ladka Ek Ladki,1992,2h 42m,Not Rated,5.9,1.5K,,"An arrogant heiress becomes amnesiac after her greedy uncle attempts to kill her. A hard-working farmer, who bears a grudge against her, impersonates her husband and brings her to his home as revenge.",https://www.imdb.com/title/tt0291883/?ref_=sr_i_461
462. German Fried Movie,1992,1h 28m,,1.5,1.4K,,A series of discursive sketches dealing with political satire and ridicule of commercialism. All of it a package typical of the times.,https://www.imdb.com/title/tt0210701/?ref_=sr_i_462
463. Can It Be Love,1992,1h 30m,R,4.5,219,,Tim and David want to have fun during vacation so they join a private detective agency. Their first job is to find a delta girl who has inherited a fortune. But the job seems easier than it turned out to be...,https://www.imdb.com/title/tt0103917/?ref_=sr_i_463
464. Donne sottotetto (Centro storico),1992,1h 30m,,6.6,50,,"The story of Sandra and Graziella who live in an expensive, tiny apartment in the historic center of Rome. When Carola also moves in and young Fabrizio arrives, a drama of jealousy develops because the boy has fallen for Graziella.",https://www.imdb.com/title/tt0104123/?ref_=sr_i_464
465. Murder in Blue Light,1992,1h 35m,Not Rated,5.2,117,,"Model Starlet, leads a double life; at night, she becomes Sherry, a Times Square prostitute, in order to search for her brother's killer. He was a marine who had been involved in a game of hot potato with a live hand-grenade on a boat returning from Lebanon. The game had ended tragically when the grenade went off, killing three men and injuring six others, castrating one of them. Now someone is stalking New York and stabbing ex-marines to death, leaving fake hand-grenades between their legs after castrating them. Hard-boiled policeman Flanigan thinks Starlet is putting herself in too much danger, so he intentionally exposes her double identity, then poses as her to catch the real killer.",https://www.imdb.com/title/tt0102586/?ref_=sr_i_465
466. Alan & Naomi,1992,1h 36m,PG,6.7,519,,"Set in the forties. A young Jewish boy is called on by his parents to help a young girl come out of her shell, imposed after she watched her father die at the hands of the Nazis.",https://www.imdb.com/title/tt0103640/?ref_=sr_i_466
467. Back in the U.S.S.R.,1992,1h 27m,R,4.8,556,,"During perestroika, a Chicago student visiting Moscow inadvertently gets caught up in a perilous game involving a stolen Russian Orthodox icon amidst the USSR's transition to capitalism.",https://www.imdb.com/title/tt0103752/?ref_=sr_i_467
468. Manufacturing Consent: Noam Chomsky and the Media,1992,2h 47m,Not Rated,8.1,5.1K,,A film about the noted American linguist/political dissident and his warning about corporate media's role in modern propaganda.,https://www.imdb.com/title/tt0104810/?ref_=sr_i_468
469. Sex Crimes,1992,,,5.3,77,,A female prosecutor plans revenge against the thug who raped her.,https://www.imdb.com/title/tt0142832/?ref_=sr_i_469
470. Shadow Force,1992,1h 20m,R,6.8,134,,Policemen by Day - Assassins at Night. A story all too familiar yet amazing to see. Follow the daily lives of corrupt policemen as they make a fortune as assassins.,https://www.imdb.com/title/tt0108099/?ref_=sr_i_470
471. Gypsy Eyes,1992,1h 27m,Not Rated,4.4,290,,"After witnessing the murder of an American diplomat, a beautiful gypsy woman, Katrina, becomes the assassins' next target. Harry Noble, senior security officer, wants to personally conduct the investigation and is devastated to learn that the victim was also his friend.",https://www.imdb.com/title/tt0104380/?ref_=sr_i_471
472. The Railway Station Man,1992,1h 36m,,6.0,466,,"A Northern Irish artist, widowed by an IRA bomb, embarks on a new life on the coast with her teenaged son. Romance slowly blossoms when she meets a mysterious American, but then her son gets involved with a violent political group.",https://www.imdb.com/title/tt0105214/?ref_=sr_i_472
473. Badlanders,1992,1h 28m,R,2.7,400,,"In the year 2200, a lone rebel earns a one-way ticket to an inhospitable wasteland prison where he hopes to find the true ruler of his people.",https://www.imdb.com/title/tt0140471/?ref_=sr_i_473
474. Al-lail,1992,1h 56m,,7.6,212,,"In Quneytra, a man fights for Syria's independence in 1936. Years later, his son stands by his grave in a city destroyed by the 1967 war, remembering his father's struggle.",https://www.imdb.com/title/tt0104672/?ref_=sr_i_474
475. Jaan Tere Naam,1992,2h 30m,Not Rated,5.8,213,,"Lovely Pinky Malhotra is a heart-breaker in the college where she studies, and has a number of young men who would lay down their lives for her. Amongst them are Sunil and Vicky. She is attracted to Sunil, and both carry on a romantic relationship, hoping to get married after finishing college. Before that could happen, Pinky finds out that Sunil has been two-timing her as he is already dating another young collegian. Angered and hurt at this, she decides she will have nothing to do with him, and starts her romance with Vicky. Sunil, who does not know what has transpired, wants to talk to Pinky with a view of rekindling their romance, but Pinky refuses to speak with him. The question remains is Sunil really in love with another girl, and if so, why did he take the trouble to woo Pinky?",https://www.imdb.com/title/tt0470381/?ref_=sr_i_475
476. Yalgaar,1992,3h 12m,Not Rated,5.6,601,,"Childhood friends became enemies when one Mahendra Ashwini Kumar grows up to be Additional Police Commissioner and the other Raj Pratap Singhal becomes a smuggler. Mahendra have two sons who are also police officers namely Rajesh and Brajesh while on the other hand Singhal is also christened with two sons Vishal who helps develop his dad's business and Vicky who takes up employment in a garage. When Brajesh is killed by one of Mahendra's henchman; Rajesh swears to avenge the death of his brother even if having to take the law into his own hands. After Brajesh's death he leaves behind his widowed wife, Kaushalya and a young daughter, Meghna. On a chance encounter with both Meghna and Vicky both fall in love and the Kumars approve of Vicky as there future son in law unaware of his family background. And then Mahendra is given the post as police Commissioner; unable to bear this Singhal sets up another of his henchman to have Mahendra killed. To escape from the police and public officials Singhal and his family migrates to Dubai further escalating the blood shed between both the families that might continue for years.",https://www.imdb.com/title/tt0105866/?ref_=sr_i_476
477. The Black Bomber,1992,1h 56m,,7.8,3.9K,,"In a near-future Belgrade, a DJ stirs up trouble with his rocking anti-establishment broadcasts. After his station is shut down, he takes to the street and starts transmitting revolution with the police hot on his trail.",https://www.imdb.com/title/tt0104028/?ref_=sr_i_477
478. The Undeclared War,1992,4h 7m,,7.6,164,,"Documentary on the French-Algerian conflict 1954-1962 which was never officially called a ""war"", including interviews with some of the survivors.",https://www.imdb.com/title/tt0104374/?ref_=sr_i_478
479. Roots of Evil,1992,1h 35m,R,3.9,278,,A serial killer is after hookers and strippers. A male detective and his female partner are assigned to stop him.,https://www.imdb.com/title/tt0102806/?ref_=sr_i_479
480. Unbecoming Age,1992,1h 32m,PG-13,4.2,368,,"A housewife asserts her independence from her neglectful workaholic husband. Determined not to succumb to age prejudice, she focuses on keeping her family together despite his indifference. An uplifting domestic drama.",https://www.imdb.com/title/tt0105685/?ref_=sr_i_480
481. I Don't Buy Kisses Anymore,1992,1h 50m,PG,5.8,416,,"Overweight Bernie Fishbine meets Theresa at a store. They become friends and she convinces him to join a gym. Unbeknownst to Bernie, Theresa writes about his weight issues for her thesis while they fall for each other.",https://www.imdb.com/title/tt0104469/?ref_=sr_i_481
482. The Democratic Terrorist,1992,1h 36m,Not Rated,5.8,1.4K,,Swedish secret agent infiltrates a German terrorist group.,https://www.imdb.com/title/tt0104082/?ref_=sr_i_482
483. Border Line,1992,1h 30m,,7.0,49,,Helen loves Julien but he is her former dead love Charles' son.,https://www.imdb.com/title/tt0103860/?ref_=sr_i_483
484. Blu notte,1992,1h 23m,,7.9,40,,,https://www.imdb.com/title/tt0204906/?ref_=sr_i_484
485. Shadow of the Dragon,1992,1h 37m,,3.7,140,,"Tony Baker (Jimmy Williams), a Viet Nam vet who is now an L.A. detective is on the trail of the 'Mekong Dragon', assisted by his partner Brian O'Malley (Sandy Palm) and police Captain Washington (Robert Z'Dar). Donna Cherry plays Baker's token 'love interest'.",https://www.imdb.com/title/tt0168166/?ref_=sr_i_485
486. The Turn of the Screw,1992,1h 35m,R,5.4,651,,"Soon after settling into her new role as governess at the faraway and well-appointed Bly House, Jenny begins to suspect that her young charges, Flora and Miles, have seen something unimaginably sinister.",https://www.imdb.com/title/tt0105659/?ref_=sr_i_486
487. La colo,1992,1h 33m,,3.6,16,,Fifty kids from Marseilles and Paris gather in the Alpes de Haute Provence for a Summer camp they will always fondly remember.,https://www.imdb.com/title/tt1053826/?ref_=sr_i_487
488. Dil Ka Kya Kasoor,1992,2h 37m,,5.7,298,,"Shalini Saxena lives a wealthy life-style with her brother Rajesh. She attends college and writes a few poems under the name Seema as part time activity, she meets her fellow collegian an orphan called Arun Kumar who sings for important occasions usually following the words of her poem. Shalini loves Arun wholeheartedly but is unable to express her feelings to him and thus she secretly helps Arun to not only become a popular singer but also rich. And then Arun gets married to the college principal daughter Meena; this breaks Shalini's heart and to make matters worse she is diagnosed with throat cancer and does not have any longer to live.",https://www.imdb.com/title/tt0193102/?ref_=sr_i_488
489. Die Tigerin,1992,1h 23m,R,5.0,134,,"It's the roaring twenties in Berlin. The Tigress, a gorgeous, wild, and very independent street walker, falls for a handsome grifter. When one of her lovers gets jealous, she betrays him and has to skip town. The grifter reveals he has what it takes to move in upper class circles and suggests they flee to Carlsbad, a spa in Czechoslovakia. Does he love her or is he only using her? Is the Tigress madly in love with him or does she want to satisfy her vanity and drop him once he falls for her? The ancient cat and mouse game between a man and a woman unfolds amidst sensual seduction, the scheme of robbing a rich Texan and the jilted lover arriving from Berlin, gun drawn.",https://www.imdb.com/title/tt0105593/?ref_=sr_i_489
490. Lover,1992,1h 39m,,5.4,293,,"Marie loves Antoine but wants a baby he refuses. She falls for Paul, creating a love triangle between the three. Pregnant, she is unsure who the father is.",https://www.imdb.com/title/tt0103681/?ref_=sr_i_490
"491. Please, Ladies, Don't Cry",1992,1h 28m,,7.1,666,,"A village in Arcadia invites a ""famous"" icon painter and his assistant to restore the worn-out murals in a historic church. One is an amateur astronomer, and the other is involved in various scams.",https://www.imdb.com/title/tt0237541/?ref_=sr_i_491
492. The Seventh Horse of the Sun,1992,2h 10m,Not Rated,8.0,1.1K,,"On a lazy afternoon, a man shares his memories of a storyteller friend who once narrated a convoluted love story with intertwined plots. As these plots unravel, reality mixes with fiction.",https://www.imdb.com/title/tt0108256/?ref_=sr_i_492
493. The Swordsman,1992,1h 32m,R,3.8,495,,"Cop and accomplished fencer Andrew is assigned to protect archaeologist and museum curator Julie Wilkins, the only witness to the theft of the legendary sword of Alexander the Great. Andrew has recurring dreams about two men having a sword fight in what is to be a historical place. At his fencing club he meets Stratos, initiator of a deadly swordplay competition, who seems to be the key to both Andrew's haunting visions and the loss of Alexander's sword.",https://www.imdb.com/title/tt0108268/?ref_=sr_i_493
494. Balwaan,1992,2h 22m,Not Rated,4.8,310,,"When Arjun Singh joins the police force as an officer, his city In gangster Bhaiji wreaking havoc, framing Arjun for murder, torturing and killing Bhai Arjun's family, he decides to break out of jail and avenge his death.",https://www.imdb.com/title/tt0103763/?ref_=sr_i_494
495. Liar's Edge,1992,1h 37m,R,4.5,228,,"A child is traumatized when his father, a stuntman, dies in an attempt to go over Niagara Falls. Later, his mother meets and marries a truck driver, and things seem to be going OK. Then the new husband's creepy brother shows up, and the boy begins to get a sense that neither of the brothers is quite what they claim to be.",https://www.imdb.com/title/tt0104720/?ref_=sr_i_495
496. Nitrate Kisses,1992,1h 7m,,7.1,216,,"Visually structured around four couples making love, one couple at a time; narratively structured around four chapters in lesbian life: older women talking about what it was like in the 30s, 40s and 50s; a look at the hidden eroticism of movies; the repression of gays under the Third Reich; and, the work of the Lesbian Herstory Archives in New York City. The narrative voices and the couples making love share the film with photographs, movie outtakes, newsreel archives, and individuals relating events in their lives. The film calls lesbians to tell their stories; it also dramatizes the importance of telling the story of the loss of stories.",https://www.imdb.com/title/tt0107693/?ref_=sr_i_496
497. Rain Without Thunder,1992,1h 25m,PG-13,5.0,350,,It's the year 2042 and the threat is real...women are going to prison for terminating their pregnancies. An investigating reporter is determined to reveal the truth behind the convictions.,https://www.imdb.com/title/tt0105215/?ref_=sr_i_497
498. Snøvsen,1992,1h 29m,,5.4,385,,"Eigil, a boy of seven years old, lives with his father, mother and little sister on a farm. When Uncle Otto visits and his father starts speaking to him in proverbs, Eigil wonders what's going on. What is a flurry for instance? Eigil wonders what it might look like. To his big surprise, the next day he meets one, a creature with one leg and one toe. He decides never to get rid of it.",https://www.imdb.com/title/tt0108173/?ref_=sr_i_498
499. China Dolls,1992,1h 31m,,4.7,107,,"A young mother loses her husband in a fight with the police, and have to give up her son for adoption. After six years, she tries to find her son, but eventually gets trafficked to Macao and forced into prostitution by gangsters.",https://www.imdb.com/title/tt0105551/?ref_=sr_i_499
500. The Butterfly Hunt,1992,1h 55m,,7.0,663,,A noble family of France maintains dignity despite the onslaught of modernism and non-white immigrants.,https://www.imdb.com/title/tt0103943/?ref_=sr_i_500
501. Daulat Ki Jung,1992,2h 23m,Not Rated,5.1,1K,,Two young lovers elope to get married and get caught between two gangs searching for buried treasure.,https://www.imdb.com/title/tt0172300/?ref_=sr_i_501
502. Penthouse Satin & Lace,1992,54m,Not Rated,7.2,81,,"Seventeen sensual women take you on a journey into sheer eroticism. Lie back, slip into something comfortable and get ready to savor a sensual array of lingerie through the ages.",https://www.imdb.com/title/tt0238506/?ref_=sr_i_502
503. The Tune,1992,1h 9m,Not Rated,6.9,1.2K,,"A songwriter in love with his demanding boss's secretary enters an alternate, wacky world where a much-needed hit tune may be created from his heart.",https://www.imdb.com/title/tt0105654/?ref_=sr_i_503
504. The Long Winter,1992,2h 15m,,5.8,136,,"In this sequel to ""Long Vacations of 36"", the son of a large bourgeois family returns to Barcelona to find out what happened after he fled the country in '39. He learns the details of the fascist takeover from his former butler.",https://www.imdb.com/title/tt0102265/?ref_=sr_i_504
505. Another Life,1992,1h 35m,,7.5,108,,"Dentist Saverio is smitten with Russian patient Alia, but she leaves without paying. While tracking her down, he meets Mauro who turns out to be Alia's ex-lover, but the two men become friends. Still Saverio continues his search for Alia.",https://www.imdb.com/title/tt0103658/?ref_=sr_i_505
"506. Justice, My Foot!",1992,1h 42m,PG-13,6.8,3.5K,,"A crooked but highly successful lawyer takes on a complicated case of murder, after his martial arts expert wife insists on it, which involves him going up against a few corrupt judges.",https://www.imdb.com/title/tt0105385/?ref_=sr_i_506
507. The Moon Is... the Sun's Dream,1992,1h 43m,,4.8,672,,"A gangster in Busan is caught having an affair with his boss's mistress. The two decide to run off with the organization's money, leading to dire circumstances.",https://www.imdb.com/title/tt0471268/?ref_=sr_i_507
508. Sex Crimes,1992,1h 28m,Unrated,4.0,96,,A businessman gets shot while he is enjoying covering his prostitute girlfriend with shaving cream. His wife decides to hire a private detective to track down the killers.,https://www.imdb.com/title/tt0189079/?ref_=sr_i_508
509. The Inspector Wears Skirts IV,1992,1h 33m,,5.4,162,,"After all the old members of SKIRTS have retired, and a new batch of graduates almost all resigned, two remaining graduates try to convince old members to rejoin in order to save SKIRTS from becoming defunct.",https://www.imdb.com/title/tt0103745/?ref_=sr_i_509
510. Soft Top Hard Shoulder,1992,1h 31m,,6.3,292,,A struggling illustrator in London must return to Glasgow for his father's birthday to claim inheritance money. His journey with a mysterious hitchhiker becomes transformative.,https://www.imdb.com/title/tt0105437/?ref_=sr_i_510
511. Deuce Coupe,1992,1h 46m,PG-13,5.6,137,,Two brothers are seperated by the love for the same woman - but they get united again by their fascination for speed and racing cars.,https://www.imdb.com/title/tt0104094/?ref_=sr_i_511
512. Flight of the Innocent,1992,1h 45m,R,6.9,604,,"The boy Vito is a portrait of beauty and wide-eyed innocence spawned from a violent family of kidnapers and murderers in the South of Italy. When his entire family is murdered by a rival clan of kidnapers, Vito must flee for his own life and in the end attempts to make atonement for some of his family's sins.",https://www.imdb.com/title/tt0104012/?ref_=sr_i_512
513. Black Cat 2,1992,1h 30m,,5.2,399,,"Scientists install a micro chip, called Black Cat, inside the brain of a violence prone girl in an attempt to refine and control her fits of rage. Their plan is to turn her into the perfect government secret agent ""killing machine"".",https://www.imdb.com/title/tt0104405/?ref_=sr_i_513
514. Dragoste si apa calda,1992,1h 37m,,6.3,50,,"Angela and Dorina, workers at the Match Factory, live in a dormitory and dream of marriage and husbands who will provide them with a decent living. But their illusions are shattered when the men they meet prove their lack of character.",https://www.imdb.com/title/tt0236173/?ref_=sr_i_514
"515. Makinavaja, el último choriso",1992,1h 45m,,5.7,576,,A movie based on the Spanish comic strip of the same name.,https://www.imdb.com/title/tt0100096/?ref_=sr_i_515
516. Max & Jeremie,1992,1h 55m,,6.1,926,,"A socially awkward TV-addicted ambitious small time thug is ordered to take out a retiring professional hitman, a legend among his peers. However, the two grow to like each other and become friends instead and that's not what the mob wants.",https://www.imdb.com/title/tt0104830/?ref_=sr_i_516
517. An Independent Life,1992,1h 37m,TV-MA,6.4,240,,"Our hero is still unable to keep out of trouble. His friend Galia is dead, but her sister has a love/hate relationship with him. Difficulties arise when the boy is accused of sabotage and again finds himself on the lam.",https://www.imdb.com/title/tt0105309/?ref_=sr_i_517
518. Inside Edge,1992,1h 24m,R,3.7,179,,"Loose cannon Sgt. Richard Montana screws up a major drug bust and is passed over for promotion for Henderson, a cop he holds responsible for the death of his first partner. Disgusted, Montana throws in his lot with drug kingpin Gio. While he eliminates Gio's competitors and gets his promotion, Gio's lady tempts him into a scam that will see them both either rich or dead.",https://www.imdb.com/title/tt0107219/?ref_=sr_i_518
519. The Stolen Diary,1992,1h 50m,,6.4,132,,"The time of a summer, a girl (Virginia) will know the ideal love through that of three of his friends, Anne, Maurice and Jacques.She keeps a diary that is stolen by a young man who loves her although she is in a lesbian relationship.",https://www.imdb.com/title/tt0103912/?ref_=sr_i_519
520. Ultraviolet,1992,1h 20m,R,5.0,217,,"A park ranger and his girlfriend run into a young man in the middle of Death Valley desert. He shoots the ranger, kidnaps the girl and starts playing psycho-sexual games with her. The wounded ranger gets a shotgun and goes after them.",https://www.imdb.com/title/tt0105681/?ref_=sr_i_520
521. Little Sister,1992,1h 34m,PG-13,5.6,384,,"College freshman Robert joins a fraternity and poses as ""Roberta"" to enter a sorority to steal to painting as a prank. His experience as Roberta and taking a course on women change him--as does falling for Diana.",https://www.imdb.com/title/tt0104741/?ref_=sr_i_521
522. The Legend of Wolf Mountain,1992,1h 31m,PG,4.6,273,,Three children are kidnapped and taken to the forest by escaped convicts. There they escape but are pursued by the convicts. Forest rangers and police set out to rescue them.,https://www.imdb.com/title/tt0104701/?ref_=sr_i_522
523. The Yellow Mercedes,1992,1h 39m,,7.8,4.2K,,"Bayram works hard in Germany and buys himself a yellow Mercedes, he then sets off for his village in Turkey. The film tells the story of the events that happen during his travel to Turkey from Germany.",https://www.imdb.com/title/tt0200637/?ref_=sr_i_523
524. Mr. Vampire 1992,1992,1h 28m,,6.3,398,,"Master Lam and his two disciples must battle a horde of Chinese vampires in order to get the teeth dust needed to cure an ailing general. Meanwhile, the general's wife is pregnant, and the evil spirit of an aborted baby wants to possess the unborn child's body for its resurrection.",https://www.imdb.com/title/tt0105857/?ref_=sr_i_524
525. Paradise Park,1992,1h 41m,,6.8,61,,"As narrated by a youthful observer of the Paradise Trailer Park in West Virginia, this film depicts the earthy existence and dreams of the park's residents.",https://www.imdb.com/title/tt0102632/?ref_=sr_i_525
526. Just Like a Woman,1992,1h 45m,R,6.0,594,,"A divorced British housewife falls for a younger man, an American banker living in London - who happens to be a transvestite.",https://www.imdb.com/title/tt0104576/?ref_=sr_i_526
527. Tatar Ramazan: Sürgünde,1992,1h 20m,,8.0,2.2K,,The story of a prisoners life. Ramazan is a very noble prisoner who struggles with wardens of different prisons because of some unfair implementation.,https://www.imdb.com/title/tt0798796/?ref_=sr_i_527
528. Raiders of the Sun,1992,1h 20m,R,4.2,421,,"In a post-apocalyptic future, a commando named Brodie must defend the only village that still has gunpowder from a ruthless gang of raiders led by Clay, a traitor who plans to use the deadly powder to conquer the democratic Alpha League.",https://www.imdb.com/title/tt0105213/?ref_=sr_i_528
529. Second Glance,1992,50m,,3.8,591,,"Daniel (David A.R. White), a young Christian attending a public high school, feels like his religion places too many restrictions on him and wishes to have some freedom from Bible teachings so he can be more popular and date the girl he likes. One night Daniel wishes that he had ""never become a believer,"" and the next day he has a rude awakening: His room is different, his house is dirty, and an angel meets him and explains to him that the ""Heavenly Father"" answered his prayer and now his life is as if he never became a Christian. He soon finds out that the two bullies at school are now his best friends and enjoys the fact that the girl he really liked now likes him too. But all is not well. He goes on to learn that his younger sister no longer exists because his parents got divorced years ago in his alternate life. He is also shocked when his mom prances off to go on a date with someone other than his father, who has moved to Los Angeles. The angel appears and points out Daniel's nice car--which he got by betting money on football games the year before. Daniel says he has never gambled in his life, but the angel points out that his life is different now and it is as if he had never been a believer. Daniel also thinks the whole thing a big prank and he does not believe the angel.",https://www.imdb.com/title/tt0220029/?ref_=sr_i_529
530. Summer Lovers,1992,1h 20m,R,5.9,55,,"The story about a young lifeguard, Ting, who secretly admires a girl named Lisa.",https://www.imdb.com/title/tt0105853/?ref_=sr_i_530
531. Little Nothings,1992,1h 35m,,6.4,973,,"A typical French department store: Les Grandes Galeries. All kind of things can be found in there, as well as all kinds of people. Mr Lepetit has just been appointed General Manager of the company.",https://www.imdb.com/title/tt0105260/?ref_=sr_i_531
532. Nargis,1992,3h,,,,,,https://www.imdb.com/title/tt37276284/?ref_=sr_i_532
533. A Passion for Murder,1992,1h 35m,R,4.7,408,,A young woman on the run from a murderous rogue government agent hooks up with a pony-tailed taxi driver who reluctantly agrees to help her.,https://www.imdb.com/title/tt0103818/?ref_=sr_i_533
534. The Guard from Underground,1992,1h 36m,Not Rated,5.7,664,,A woman begins working at the same company as a security guard that she believes might be a former sumo wrestling serial killer.,https://www.imdb.com/title/tt0230367/?ref_=sr_i_534
535. Hill of No Return,1992,2h 45m,,8.1,553,,"Set in 1920s Taiwan under Japanese rule, two men join the Chiu-Fen gold rush hoping for riches, while a widow struggles and a prostitute yearns for freedom. A mine collapse traps miners as the widow leaves town.",https://www.imdb.com/title/tt0108602/?ref_=sr_i_535
536. Saatwan Aasman,1992,2h 10m,Not Rated,5.0,119,,Two runaway people who meet each other and enjoy every movement of their life because they both know that death can call them anytime as one has got death sentence and other is suffering from a fatal disease which is getting worse.,https://www.imdb.com/title/tt0157003/?ref_=sr_i_536
537. Remote Control,1992,1h 18m,,7.6,1.2K,,"Since his mother wants to watch TV, Axel, a young auto-mechanic, must recover her remote control, accidentally taken by his punk sister Maja. During his quest, he becomes involved in the conflict between Moli, the liquor smuggler, and Aggi, a night club owner who wants to be Iceland's first mafia boss.",https://www.imdb.com/title/tt0108176/?ref_=sr_i_537
538. Comet in Moominland,1992,1h 10m,,7.6,2.6K,,"Moomin, Sniff and My set out to stop a comet approaching the Moomin valley. Along the way they meet Snusmumriken, the beautiful Snorkfröken, Snorken and a Hemul, who join them in their quest.",https://www.imdb.com/title/tt0240425/?ref_=sr_i_538
"539. Sumo Do, Sumo Don't",1992,1h 43m,,7.1,1.2K,,"Chronicling the turmoil and pandemonium that ensues at a derelict university sumo club, and the rise of some unlikely heroes.",https://www.imdb.com/title/tt0105388/?ref_=sr_i_539
540. Shooting Elizabeth,1992,1h 31m,PG-13,5.2,743,,"An American executive living in Europe plots to murder his judgmental, callous wife, only to get accused of actually murdering her when she disappears after leaving him over his own neurotic behavior.",https://www.imdb.com/title/tt0105396/?ref_=sr_i_540
541. Double Obsession,1992,1h 28m,R,3.7,184,,"A disturbed lesbian librarian kidnaps a beautiful young woman she's obsessed with, breaks her foot to keep her incapacitated, then starts to kill off people she believes are intruding in their ""relationship"".",https://www.imdb.com/title/tt0109656/?ref_=sr_i_541
542. Hold Me Thrill Me Kiss Me,1992,1h 32m,R,5.9,688,,"Eli is a burglar who is caught in the act by Twinkle, a crazy heiress who coerces him into a sexual relationship. Their violent break-up at the altar makes him a fugitive in search of a new identity. He lands in a trashy trailer park where he touches the lives of several dysfunctional residents. Two of them are adult buxom woman, who's somewhat interested in Eli, and her young teen sister, who's still a virgin. The impressionable teen falls for Eli hard to which he reciprocates, so the kid decides to run away with him even if it means getting her big sister out of the way first.",https://www.imdb.com/title/tt0104428/?ref_=sr_i_542
543. A Woman's Secret,1992,1h 30m,,5.1,93,,After leaving her husband Ellen encounters a mysterious journalist and they quickly begin a passionate affair. The relationship begins to unravel when Ellen realizes that things aren't what they seem and learns that her life is in danger.,https://www.imdb.com/title/tt0101759/?ref_=sr_i_543
544. Narcos,1992,1h 45m,,7.1,161,,"In Colombia, young hitmen working for drug cartels face elimination by their bosses after learning sensitive information. Jesus, Diego and Miguel are among these targeted kids.",https://www.imdb.com/title/tt0104971/?ref_=sr_i_544
545. The Triple Cross,1992,1h 48m,,6.5,360,,"Three old gangsters pull off one last heist to raise much-needed cash for their various debts. However, the money obtained is not enough to keep them all happy.",https://www.imdb.com/title/tt0135477/?ref_=sr_i_545
546. Painted Skin,1992,1h 34m,,5.6,367,,A roving ghost spirit controlled by Ying Yang the Evil paints her face in the guise of a concubine. Her spirit can only be released by a ghostbusting monk who comes to her rescue.,https://www.imdb.com/title/tt0104455/?ref_=sr_i_546
547. Eddie Presley,1992,1h 46m,Unrated,5.4,371,,"Unflinching in his quest to keep the King's spirit alive, an Elvis impersonator with a wounded psyche bets everything on one night of glory: a headlining spot at dingy Tinseltown dive.",https://www.imdb.com/title/tt0106793/?ref_=sr_i_547
548. Little Sharks,1992,1h 27m,,7.5,1.6K,,"Ingo, a dishwasher helps Johannes an unsuccessful applicant, attend an audition at the Folkwang Acting School in Essen. They meet Ali and fall in love.",https://www.imdb.com/title/tt0107330/?ref_=sr_i_548
549. Undine,1992,1h 36m,,5.3,65,,"A surveyor is on an exploratory mission in an idyllic mountain region. There, in a mountain lake, he meets the mermaid Undine.",https://www.imdb.com/title/tt0103166/?ref_=sr_i_549
550. The Journey,1992,2h 30m,R,7.1,923,,"Follows the journey taken by 17-year-old Martin through Latin America - by bicycle - from his snow-frozen school in Tierra del Fuego in search of his 'real' father, a cartoonist turned anthropologist believed to be in the Amazon jungle.",https://www.imdb.com/title/tt0105744/?ref_=sr_i_550
551. Cyber Eden,1992,1h 48m,,4.4,204,,"Gloria Ruckhauser has a dream: rediscovering the figure and features of herself when she was 20. Convinced that science is getting nowhere in the search for a cure to the aging process, Gloria sets up a foundation whose mission is to find a miracle potion"". Various scientists take up the challenge and develop a substance that reverses the biological clock. Now, they face a new challenge. How to stop getting younger before it's too late.",https://www.imdb.com/title/tt0104540/?ref_=sr_i_551
552. Cash on Delivery,1992,1h 35m,Unrated,4.6,222,,The film tells the story of a retired singer Simon who is engaged in antiques.,https://www.imdb.com/title/tt0105880/?ref_=sr_i_552
553. Parajanov: The Last Spring,1992,1h,,7.1,248,,"Filmed in wartime and edited by candlelight, Mikhail Vartanov's rarely seen masterwork tells of his friendship with the genius Sergei Parajanov who was arrested by KGB, at the height of his fame, for the outspoken criticism of the Soviet regime. Vartanov resurrects the riveting scenes from his banned 1969 film, The Color of Armenian Land, where Paradjanov concocts the chef-d'oeuvre Sayat Nova (The Color of Pomegranates) - widely regarded as one of the greatest films of all time - then reveals a shocking secret request Parajanov sent him in an unpublished 1974 letter from the Ukrainian prisons. Vartanov's camera documents Parajanov's staggering last day at work in 1990 during the making of the unfinished Confession - the original camera negative of which survives in Parajanov: The Last Spring (1992) - as Parajanov comments on this cherished autobiographical film. The foremost achievement of The Last Spring, emphasized by the American and European critics, is Vartanov's exquisite wordless montage that ""evoked the very soul"" of Parajanov and earned the praise of many of cinema's greatest masters, such as Martin Scorsese and Francis Ford Coppola.",https://www.imdb.com/title/tt0293496/?ref_=sr_i_553
554. Ha ett underbart liv,1992,1h 29m,,5.6,667,,"Per is doing his military service when he finds out that his girlfriend back home in Stockholm is having an affair. He goes AWOL and tries to find a way back home. On the way he meets Hanna, the daughter of a travelling salesman who joins him on his journey.",https://www.imdb.com/title/tt0104382/?ref_=sr_i_554
555. Knockouts,1992,1h 29m,R,4.8,156,,"This film is about 5 college girls, who are all best friends, who need to make some money to keep their boyfriends. So what better way to do it than signing up for a no-holds bar wrestling match against last year's returning champions, a rough and rugged bunch of voluptuous bikers. But the film did throw some ""funny"" fighting in there, with some hilarious cat fight scenes.",https://www.imdb.com/title/tt0104629/?ref_=sr_i_555
556. Ano ba 'yan?,1992,,,6.8,15,,"This is the story of a simple taxi driver, Victor Dimasupil (Vic Sotto), who always gets into trouble because of his job. It is about the funny encounters between the evil guys Don Peping (Roidan Aquino) and Victor with the lawman Joe Estrada (Jun Aristorenas) and his friends Ogie (Ogie Alcasid), Michael (Michael V.), Kiko (Francis Magalona) and Aga (Richie D' Horsie).",https://www.imdb.com/title/tt0415494/?ref_=sr_i_556
557. The Tangles Love,1992,1h 27m,,5.1,10,,"Love, lust, pride and hatred are complex emotions which have touched each of our lives at one time or another. See how these feelings enrage the lives of four people in this adult drama.",https://www.imdb.com/title/tt0185988/?ref_=sr_i_557
558. Lost in Hollywood,1992,1h 21m,,4.9,88,,"The boiler room is from where telemarketers make their sales pitches. This film depicts an uncaring profession - where getting the almighty dollar is the primary objective - inside or outside of the law, and, no matter who's.",https://www.imdb.com/title/tt0166108/?ref_=sr_i_558
559. David Cole Interviews Dr. Franciszek Piper,1992,1h 2m,Not Rated,8.0,148,,Video documentary by historical researcher David Cole in which the director of the Auschwitz State Museum explores the historiography of the camp and admits that the gas chamber on display in the Main Camp is a postwar recreation.,https://www.imdb.com/title/tt3248020/?ref_=sr_i_559
560. Behind the Pink Door,1992,1h 29m,,4.0,60,,"A girl was gang raped by five men. After she committed suicide, her boyfriend and older sister swore to revenge.",https://www.imdb.com/title/tt0099104/?ref_=sr_i_560
561. IP5: The Island of Pachyderms,1992,1h 59m,,6.3,821,,"Two young robbers meet an old man. The three start traveling together, looking for the same thing.",https://www.imdb.com/title/tt0104473/?ref_=sr_i_561
562. To Protect and Serve,1992,1h 32m,R,4.9,344,,"A team of corrupt L.A. cops who thrive on brutality and extortion is being murdered one by one. Two young cops, Egan and McAllister, are put on the case. As the body count rises, evidence points to Egan as the suspect.",https://www.imdb.com/title/tt0105608/?ref_=sr_i_562
563. Khel,1992,2h 32m,,6.2,701,,"Widowed and elderly industrialist Sulakshana Devi allows her business and estate to be taken care of by her nephew, Balwant. Shortly after her return from the overseas her only son, Ravi gets killed in a car accident planned by Balwant as he has an agenda of acquiring her estate and propriety. The news of Ravi's death devastates and leaves Sulakshana in a state of shock after which she recovers only to meet a pregnant woman named Kamini who claim that she is carrying Ravi's child. Sulakshana disbelieves this and asks Kamini to leave; after Kamini's departure one of Ravi's friend, Sanjay Gupta confirms the fact that Ravi and Kamini did have a relationship. Sulakshana then send her men to man-hunt for Kamini but to no avail. Several years later Suakshana is approached by a young woman named Seema who is claiming that she is Ravi's progeny only to be accepted by Sulakshana. But what Sulakshana does not know is that she will soon meet Seema's uncle who both plans to con her into blindly signing away all her property and estate in their name whiles on the other hand a male name Arun Kumar who is her new estate assistant and another fake who in reality is her real grandchild. Unfortunately Balwant has plans to strike again this time by killing all of them so that he can finally inherit all the family's assets.",https://www.imdb.com/title/tt0102200/?ref_=sr_i_563
564. Hedd Wyn,1992,2h 3m,Unrated,7.0,503,,"A young poet living in the North Wales countryside competes for the most coveted prize of all in Welsh Poetry - that of the chair of the National Eisteddfod, a tradition dating back a hundred years. Before the winner is announced Hedd Wyn gets sent to fight with the English in the trenches of the First World War",https://www.imdb.com/title/tt0104403/?ref_=sr_i_564
565. Sofie,1992,2h 26m,,6.6,262,,"From 1886 to 1907 in the life of Sofie, a Jew in Copenhagen who is nearly 29, with no marital prospects, living with her loving parents. An artist, Hans Hojby, meets Sofie and is entranced, asking to paint her parents and also sketching her. She's responds, but he's not Jewish, and the family reacts by encouraging a marriage to Jonas, a homely draper. Sofie accepts this plan, accompanying her new husband to his town and bearing a son. As he withdraws in mental illness, Sofie begins an affair with his brother, and later returns to live with her parents. A confrontation with Hojby is inevitable as is her son's growing into adulthood and forming his own ideas about religion.",https://www.imdb.com/title/tt0105436/?ref_=sr_i_565
566. Nickel & Dime,1992,1h 35m,PG,5.0,122,,"A P.I. hadn't payed taxes in ages. When the IRS sends an accountant to investigate him, his only way out is to solve his latest case of a missing heiress. However, someone wants to prevent this.",https://www.imdb.com/title/tt0104994/?ref_=sr_i_566
567. Coyote,1992,1h 39m,,4.6,175,,The film tells the story of a violent and passionate love between two ambitious teenagers in the background of nowadays Montreal.,https://www.imdb.com/title/tt0104019/?ref_=sr_i_567
568. Yaad Rakhegi Duniya,1992,2h 33m,Not Rated,7.0,151,,"A terminally ill and depressed young man falls in love with a mischievous young woman who, it turns out, is also suffering from a fatal disease.",https://www.imdb.com/title/tt0374342/?ref_=sr_i_568
569. Need vanad armastuskirjad,1992,2h 7m,,7.1,213,,"The life of Raimond Valgre, an Estonian songwriter of the 1930s and the 1940s, the political changes of his land and his life after war when his songs were considered not suitable for the Soviet way of life.",https://www.imdb.com/title/tt0104978/?ref_=sr_i_569
570. Le souper,1992,1h 30m,,7.3,703,,"France, 1815. After his defeat at Waterloo, Napoleon heads for exile. Royalists occupy Paris and attempt to restore the monarchy. However, the battle doesn't seem to be over. On July 6, Talleyrand, a shrewd politician of flexible convictions, invites chief of police and zealous revolutionary Fouché to supper and tries to convince him to serve the king. Over the meal they insult each other, accuse each other, and, at first sight, look like mortal enemies. But they definitely have one thing in common: they are both power-hungry.",https://www.imdb.com/title/tt0105448/?ref_=sr_i_570
571. The Touch,1992,1h 32m,PG-13,6.3,338,,"Henry Kesdi is a silenced classical composer and a survivor of the Holocaust. He is coaxed out from retirement by an inspired musicologist, Stefan, who convinces him to compose a complex symphony on his neglected piano. As a help Kesdi gets his new musical secretary. His loyal wife reluctantly accepts her as his young lover.",https://www.imdb.com/title/tt0104129/?ref_=sr_i_571
572. Forbidden Love: The Unashamed Stories of Lesbian Lives,1992,1h 25m,,7.3,366,,"Ten women, most of them in Vancouver or Toronto, talk about being lesbian in the 1940s, 1950s, and 1960s: discovering the pulp fiction of the day about women in love, their own first affairs, the pain of breaking up, frequenting gay bars, facing police raids, men's responses, and the etiquette of butch and femme roles. Interspersed among the interviews and archival footage are four dramatized chapters from a pulp novel, ""Forbidden Love"": Laura leaves her hick town and heads for the city, where she meets Mitch in a bar. Sparks fly, and so do laughter and joy. Ann Bannon, one of the writers of those paperback novels about forbidden love, talks about the genre.",https://www.imdb.com/title/tt0106944/?ref_=sr_i_572
573. Inside Monkey Zetterland,1992,1h 33m,R,4.9,398,,"An off beat comedy about an out of work screen writing/artist that complains about being too cool, too talented and way too gay.",https://www.imdb.com/title/tt0107220/?ref_=sr_i_573
574. The Johnsons,1992,1h 43m,,6.1,901,,According to an ancient Indian tale a giant monster embryo residing in a crystal vase is predetermined to fertilize a blue-eyed woman. She will give birth to something evil to unleash horror and destruction upon human kind. Ugly septuplet brothers reproduced within the framework of mysterious genetic experiments terrorize a young innocent girl who seems to be chosen for the sinister predestination.,https://www.imdb.com/title/tt0104568/?ref_=sr_i_574
575. The Beauty's Evil Roses,1992,1h 30m,,4.9,69,,"An evil witch in Thailand is kidnaping and brainwashing beautiful women into joining her cult. A man and his girlfriend, searching for her missing sister, join forces with a priest and a local cop to fight the cult.",https://www.imdb.com/title/tt0111095/?ref_=sr_i_575
576. Play Nice,1992,1h 30m,R,4.1,258,,"A serial killer is on the loose, and a cop must track him (or her) down.",https://www.imdb.com/title/tt0105147/?ref_=sr_i_576
577. The Perfect Husband,1992,1h 29m,,6.0,227,,"Dostoevsky-inspired drama set in 1900s Prague about a bored arrogant playboy who spends time seducing other men's wives and dueling. He begins an affair with his friend's wife, but falls in love with her. She becomes pregnant. Is it his?",https://www.imdb.com/title/tt0104816/?ref_=sr_i_577
578. Ein Fall für TKKG - Drachenauge,1992,1h 24m,PG,5.1,319,,"The four young snoopers Tim, Karl, Kloesschen and Gaby by chance discover a hidden cave near an old castle. In it there's a board that seems to describe the way to a legendary sword. They ask their history teacher Schindler about it. He forbids them further actions, but secretly continues investigations with help of two ruthless criminals. But our young heros don't give up on an adventure so fast...",https://www.imdb.com/title/tt0101852/?ref_=sr_i_578
579. Apradhi,1992,2h 42m,,4.8,78,,"After a security officer's murder, his blind daughter and family face turmoil. A stranger with a criminal past helps them, secretly pursuing his own agenda. The daughter's fiancé is revealed as the killer, complicating matters.",https://www.imdb.com/title/tt0103709/?ref_=sr_i_579
580. Tyagi,1992,2h 25m,Not Rated,5.4,102,,"Shankar takes the blame when one of his brothers is accused of a murder. However, when he returns from jail, he realises that his brothers are trying to create a rift in the family.",https://www.imdb.com/title/tt0364720/?ref_=sr_i_580
581. The Sentinel,1992,2h 19m,,6.4,972,67,"A medical student returning to France finds himself mixed up in a dark affair of espionage between the Eastern and Western blocs, involving agents of the DGSE (French foreign intelligence service).",https://www.imdb.com/title/tt0105356/?ref_=sr_i_581
582. El laberinto griego,1992,1h 36m,,4.7,155,,"Two Frenchmen, Bernadette and Lebrum, arrive in Barcelona and hire detective Bardon to find Alekos, the former Greek lover of the woman.",https://www.imdb.com/title/tt0102253/?ref_=sr_i_582
583. Blinky Bill: The Mischievous Koala,1992,1h 37m,Not Rated,6.2,613,,"After his home is destroyed by deforestation, Blinky Bill sets out on a quest to find his displaced mother.",https://www.imdb.com/title/tt0103837/?ref_=sr_i_583
584. Blind Vision,1992,1h 32m,,4.4,202,,"William, a lonely mail-room employee, is obsessed with Leanne, a beautiful secretary in his office, who also just happens to live in the apartment opposite his. At home he spies on her with a telephoto-lens camera, and one night he sees her having sex with another co-worker from the office, Gregg. Shortly afterwards Gregg is murdered, and Leanne begins to suspect that William might have done it.",https://www.imdb.com/title/tt0103835/?ref_=sr_i_584
585. Bloodlust,1992,1h 25m,R,3.3,315,,"Three vampires in Melbourne mix murder, sex, and drugs. After stealing millions, they're pursued by violent criminals through the city's bloody underground.",https://www.imdb.com/title/tt0103841/?ref_=sr_i_585
586. Orkney Snork Nie! (die movie): 'Dis Lekker By Die See',1992,1h 38m,,7.3,87,,It's summertime and the family is on their way to a seaside resort. But there is a businessman looking to buy the resort and build timeshare apartments In its place and is set to ruin the holiday for the families in the resort.,https://www.imdb.com/title/tt2156917/?ref_=sr_i_586
587. Sürgün,1992,1h 40m,,6.8,188,,"As a political measure, the state transfers an idealistic teacher to a rural desolate part of the country, where he, under dire circumstances, devoutly strives to fulfill his educative mission, winning over hearts and minds along the way.",https://www.imdb.com/title/tt0304777/?ref_=sr_i_587
588. Panaah,1992,2h 36m,Not Rated,6.4,75,,"Raja faces danger from Vikral Sing, when four goons are assigned the task to bring Raja dead or alive to Vikral Singh. But seeing his innocence they fall in love with Raja and decide not to kill him. Now, what will be Vikral Singh's reaction?",https://www.imdb.com/title/tt2011178/?ref_=sr_i_588
589. Cropped Head,1992,1h 15m,Not Rated,6.5,1.1K,,"After his bike and money gets stolen from him, Lucio struggles to find his place in the surrounding reality of Argentina in the 1990s.",https://www.imdb.com/title/tt0107922/?ref_=sr_i_589
590. Crystal Force,1992,1h 22m,R,3.6,202,,"At John's funeral, a kind old man, the master of The Crystal, stands near Hope, who accepts it in good faith, believing it contains New Age love powers, but she miscalculates.",https://www.imdb.com/title/tt0099330/?ref_=sr_i_590
591. Bad Love,1992,1h 33m,R,5.4,168,,"A loving couple struggle to fend for themselves in modern day Los Angeles, One a loner and down and out, the other a lonely but hardworking secretary. Eventually, as cracks form in their passionate relationship, they resort to robbing an aging actress for money.",https://www.imdb.com/title/tt0104766/?ref_=sr_i_591
"592. Happy Birthday, Türke!",1992,1h 49m,,6.4,266,,"Kemal Kayankaya, a private detective, is hired by a Turkish woman, Ilter, to search for her husband Amend, who has been missing since the death of her father, Vassif. Unbeknownst to him, he was about to unravel the secrets of his client's family, as well as their various dealings with the underworld and the police. Being a Turk raised in a German foster family, he has also begun to understand and accept his own ethnicity.",https://www.imdb.com/title/tt0102000/?ref_=sr_i_592
593. Bol Radha Bol,1992,2h 44m,,6.0,1K,,A man returning from a trip discovers that an impostor has taken over his life.,https://www.imdb.com/title/tt0172188/?ref_=sr_i_593
594. Utz,1992,1h 34m,,6.5,272,,"Fisher, a fine art dealer, goes to Prague after his friend Baron von Utz has died. He tries to obtain some pieces of the Baron's priceless Meissen porcelain collection and learns how the Baron struggled to keep his collection intact.",https://www.imdb.com/title/tt0105712/?ref_=sr_i_594
595. Dust of Angels,1992,1h 50m,,7.3,682,,"Beigang teens A-guo and A-douzi fight, loaf, and cause trouble all day. One day, they accidentally grab a bag with guns and drugs, and head for Taipei looking for Brother Jie, a friend in the underworld there.",https://www.imdb.com/title/tt0105382/?ref_=sr_i_595
596. The Paint Job,1992,1h 30m,R,5.5,253,,"About a love triangle, involving a house painter, his boss, and the boss's sensitive, vulnerable wife. The film turns into a picture of hidden desires, romantic dreams, and dangerous obsessions.",https://www.imdb.com/title/tt0105085/?ref_=sr_i_596
597. Ghost Ship,1992,1h 33m,PG,4.4,93,,"A mix-up puts a secret treasure map into the hands of seven adventurous kids, who set out to turn their boring school rock-collecting trip into a quest for a mysterious lost pirate ship. The lucky kids discover a tunnel in the desert leading to the buried ship, but they must face awesome odds in this family adventure film",https://www.imdb.com/title/tt0104334/?ref_=sr_i_597
598. Desperate Remedies,1992,1h 33m,R,6.5,437,,"In a town called Hope on the edge of Britain's empire, desperations clash: the beautiful Dorothea Brook is desperate to free her pregnant sister Rose from the clutches of Fraser, a fortune hunter. A local politician, William Poyner, is desperate for cash and thinks marriage to Dorothea will save him. Dorothea hires Lawrence Hayes, a rough but handsome Argonaut, to bribe Fraser with jewels and to marry Rose; Hayes desperately loves Dorothea and may marry Rose to stay close to her. But Dorothea has a lover, the ravishing Anne Cooper, who encourages the match with Poyser to give the lovers cover. Are these remedies, each desperate in its turn, going to make anyone happy?",https://www.imdb.com/title/tt0106709/?ref_=sr_i_598
599. Wishman,1992,1h 30m,PG,2.3,612,,"The newest homeless man in Beverly Hills is two million years old, has spent most of his life in a bottle, and dresses funny even by California standards. But to the Hollywood hustler who found him, he's a chance at riches and true love.",https://www.imdb.com/title/tt0103273/?ref_=sr_i_599
600. Another Girl Another Planet,1992,1h 2m,Not Rated,6.4,183,,"An ordinary-looking guy proves to be an unusually successful womanizer, and his East Village apartment begins to assume aspects of Grand Central Station.",https://www.imdb.com/title/tt0103706/?ref_=sr_i_600
601. Do You Like Women?,1992,,,5.0,40,,An erotic comedy about a group of vacationing lesbian cannibals on the prowl for the perfect delectable woman.,https://www.imdb.com/title/tt0112878/?ref_=sr_i_601
602. Mafia mexicana,1992,,,,,,"They were just passing illegals to the other side., WHEN THEY WERE UNWITTINGLY INVOLVED IN SOMETHING more seriously: THE 'MEXICAN MAFIA"". SPITE OF its Inexperience, fate turns them into instruments KEY GANG BORDER.",https://www.imdb.com/title/tt0290239/?ref_=sr_i_602
603. Love in Limbo,1992,1h 35m,,5.5,397,,"1950s Australia: Ken, 16, gets thrown out of school for selling his drawings of a naked teacher there. He starts working at his uncle's clothing warehouse, where workmates bring him closer to women.",https://www.imdb.com/title/tt0107450/?ref_=sr_i_603
604. Devil of Love,1992,1h 32m,,5.5,58,,A man who ate the soup made from a possessed mandrake root. The root is sex obsessed and takes over the man's body and turns him into a stud.,https://www.imdb.com/title/tt0104554/?ref_=sr_i_604
605. Autumn Moon,1992,1h 48m,,7.2,417,,"A Japanese tourist, Tokio, meets a 15-year-old Hong Kong girl and her grandmother left behind in Hong Kong while their family emigrates to Canada.",https://www.imdb.com/title/tt0105198/?ref_=sr_i_605
606. Prikosnoveniye,1992,1h 37m,,6.4,1.1K,,"A detective investigating a suicide case, finds himself involved in strange affairs of a family.",https://www.imdb.com/title/tt0176047/?ref_=sr_i_606
607. Vansh,1992,2h 15m,Not Rated,5.9,136,,Two warring step-brothers team up to get the villains out to kill their bigamous father.,https://www.imdb.com/title/tt0404537/?ref_=sr_i_607
608. Erotic Liaisons,1992,1h 35m,,5.2,158,,"A low-key private detective agency in Paris is run by Rie and her lover and partner Kishin, two ex-pats who tick along between cases by giving guided tours of the city to busloads of Japanese tourists. After the wealthy Okuyama hires them to trail his French mistress Lorraine whom he believes to be having an affair,. Feeble-willed Kishin finds himself seduced by this femme fatale and way out of his depth in a seamy underworld of rich Japanese businessmen, S&M games and huge piles of money. Meanwhile Rie is being wined and dined by Okuyama who seems to have a hidden agenda all of his own.",https://www.imdb.com/title/tt0104204/?ref_=sr_i_608
609. Hitz,1992,1h 25m,R,4.4,174,,"A tough female juvenile court judge goes out of her way to try to aid a young man whom she believes has innocently gotten involved with a gang, which puts her life in mortal danger.",https://www.imdb.com/title/tt0097631/?ref_=sr_i_609
610. Deadly Bet,1992,1h 32m,R,5.0,472,,Jeff Wincott plays a gambler who puts his life on the line to buy his way out of the clutches of a mobster.,https://www.imdb.com/title/tt0104066/?ref_=sr_i_610
611. Lucio Margallo,1992,,,,,,,https://www.imdb.com/title/tt0437303/?ref_=sr_i_611
612. Against the Government,1992,1h 56m,,7.6,1.4K,,A famous corrupt personal injury lawyer finds himself in the middle of a case where he has to choose between his money love and the interest of one of his customers who appears later to be his own son,https://www.imdb.com/title/tt0340074/?ref_=sr_i_612
613. Absent Without Leave,1992,1h 35m,,6.1,82,,"In the early days of the war against Japan, Ed marries his pregnant girlfriend Daisy just before joining up with the New Zealand army. Unfortunately for the young couple, Daisy suffers a miscarriage soon afterward. Ed, fearing for his wife's health, decides he must take her back to her home, even though it means going off base without leave.",https://www.imdb.com/title/tt0103612/?ref_=sr_i_613
614. Comfort Women,1992,1h 27m,,5.4,58,,"Tomi Akiyama and her boyfriend Nakamura are troubled about allegations about a Comfort House in China. Tomi gets into the camp, first as a journalist, but is then captured and sent in as a participant.",https://www.imdb.com/title/tt0104574/?ref_=sr_i_614
615. My Wife's Lover,1992,1h 23m,Unrated,5.0,90,,A frustrated wife strikes up a lesbian affair with a free spirited photographer.,https://www.imdb.com/title/tt0122182/?ref_=sr_i_615
616. Pandilleros,1992,1h 30m,Not Rated,6.0,15,,"Two students want to interview young drug addicts. A gang member steams his equipment, cameras and recorders; to reclaim them, they must become acquainted with the band of ""Los Chuchos"". The drug dealer of the band decides to be in charge of them. He rapes the young student and is willing to kill his companion.",https://www.imdb.com/title/tt0409130/?ref_=sr_i_616
617. Round Numbers,1992,1h 38m,R,5.7,120,,"A housewife who despises society's obsession with health and looks suspects her husband of cheating on her with a hot model in a local health spa. She decides to infiltrate the spa, find the woman and get her revenge. But is it that simple?",https://www.imdb.com/title/tt0105288/?ref_=sr_i_617
618. Advaitham,1992,3h 1m,,7.4,410,,"When Swami Amritananda aka Shivan arrives in Kerala to spread the message of peace, he is confronted by Lakshmi, the district collector in charge of his security, who also happens to be his ex-lover.",https://www.imdb.com/title/tt0254936/?ref_=sr_i_618
619. Quiet Rage: The Stanford Prison Experiment,1992,52m,,6.8,160,,"Psychological experiment where volunteer college students role-played guards and prisoners. Guards became abusive, prisoners experienced distress. Study ended early due to unethical conditions developing from situational roles.",https://www.imdb.com/title/tt3754572/?ref_=sr_i_619
620. Kung Fu Rascals,1992,1h 41m,PG-13,6.0,128,,"In order to restore their village to it's former glory, the Kung Fu Rascals must go on a quest to find a power most...BIG. The evil Bamboo Man sends out his forces to teach the Rascals a lesson in kung fu etiquette. Who will triumph? Only the Old Wise Guy knows.",https://www.imdb.com/title/tt0148388/?ref_=sr_i_620
621. Fist of Fury 1991 II,1992,1h 33m,,6.5,819,,"After the total defeat of his love rival, Ching must now deal with the love rival's brother, Wan To, who seeks revenge against him.",https://www.imdb.com/title/tt0102386/?ref_=sr_i_621
622. Mr. Bond,1992,2h 7m,Not Rated,3.4,744,,"Mr. Bond is an honest, dedicated and capable police officer in Bombay's police force. He faces the toughest case of a lifetime when he must rescue some small children abducted and held as hostages by the underworld don Dragon.",https://www.imdb.com/title/tt0104927/?ref_=sr_i_622
623. Soulmates,1992,1h 20m,R,3.7,221,,"Immortal Richard Wayborn uses the bodies of the young women he kills to temporarily bring his wife back from the dead. They're Soul Mates. But Sara, his latest target, may be more than he bargained for",https://www.imdb.com/title/tt0105446/?ref_=sr_i_623
624. Sapne Saajan Ke,1992,2h 42m,Not Rated,3.8,204,,"Shalini wants her daughter, Jyoti, to get married with son of a wealthy man, Gulu. But Jyoti doesn't like Gulu. She meets Deepak and both fall in love. Shalini approves this match of Jyoti and Deepak. But Jyoti comes to know that Deepak is not a rich boy as he pretended all along the way.",https://www.imdb.com/title/tt0105315/?ref_=sr_i_624
625. Hostage,1992,1h 38m,R,4.8,295,,"UK black-ops agent is sent to Argentina to find a kidnapped special-ops analyst and take out the terrorists who took him. When a pretty girl who might somehow be involved catches his eye, things get very complicated very quickly.",https://www.imdb.com/title/tt0104443/?ref_=sr_i_625
"626. 588, rue Paradis",1992,2h 10m,Not Rated,6.9,2.1K,,"This film recounts Henri Verneuil's relationship with his father who had brought his Armenian family to Marseille, France, in order to escape from the Armenian Genocide in the Ottoman Empire.",https://www.imdb.com/title/tt0103601/?ref_=sr_i_626
627. Stranger in the House,1992,1h 44m,Not Rated,6.2,615,,"Since the suicide of his wife, Jacques Loursat has gone downhill. Estranged from his daughter, his lawyer's pratice in ruins, he consoles himself with drink. One night he is woken by a gunshot and catches sight of a young man fleeing the house. Isabelle, his daughter, claims to know nothing about it, even when he finds the body of a young man. Isabelle hangs around with a gang of spoiled young people who have no shortage of money, and is in love with Joel, an ambitious boy involved in drug dealing. Antoine, from a more modest background, is in love with her. When the police start investigating Joel's murder, Antoine becomes the ideal suspect.",https://www.imdb.com/title/tt0104505/?ref_=sr_i_627
628. Old Rascal,1992,1h 40m,,6.1,399,,"Darius Caunes is a modest printer flanked by a cantankerous spouse ;he finally does away with her and becomes friends with the lieutenant in charge of the investigation ...who does not suspect him at all. Non content with having done such an awful crime,he is also a counterfeiter -which is easy in his printing house .But one blimp is enough to bring everything grinding to a halt !His secretary ,pretty Rose, gives some of these forged banknotes to a buck she is in love with.",https://www.imdb.com/title/tt0105752/?ref_=sr_i_628
629. Zipperface,1992,1h 30m,,3.4,573,,Lisa Ryder is a young policewoman recently promoted to detective when she has her first case in tracking down and identifying a serial killer in her small California town.,https://www.imdb.com/title/tt0105898/?ref_=sr_i_629
630. Terror 2000 - Intensivstation Deutschland,1992,1h 19m,Not Rated,5.8,565,,"Germany, right after the re-unification. The people are out of control, blind hatred towards immigrants is common sense. In this time, a social-worker, with the mission to bring a Polish family to their destination (an immigration camp in a little provincial town called Rassau), gets kidnapped just as the family. Chief inspector Koern and his girl-friend start to investigate in this matter in Rassau, exploring a world of obsessive sex, mislead lust and an over-whelming irrational love to the German nation, infiltrating anyone's mind. Rascism doesn't start with shaved hair and boots but rather in the middle of society itself... origins unknown??",https://www.imdb.com/title/tt0105565/?ref_=sr_i_630
"631. Up, Down and Sideways",1992,1h 48m,,5.3,269,,A parody of the life in Athens of the 90ies where a widow and her son get entangled in crazy situations.,https://www.imdb.com/title/tt0107772/?ref_=sr_i_631
632. Bad Girls,1992,1h 39m,,2.5,84,,A recently divorced woman falls in love with a male stripper.,https://www.imdb.com/title/tt0161404/?ref_=sr_i_632
633. War Is Menstrual Envy,1992,1h 17m,Not Rated,4.8,156,,"Set in a post-apocalyptic future, the story finds a handful of ragged survivors attempting to communicate with dolphins, while another cadre of survivors have made it their crusade to destroy all the world's religions.",https://www.imdb.com/title/tt0189198/?ref_=sr_i_633
634. Letter to Jonas,1992,45m,,4.9,39,,"Camilla and Louise are digging in the desert sand of Israel. They are looking for relics of the past, but while doing so, self-deception and life-lies appear. This mars their conception of life and shakes their relationship.",https://www.imdb.com/title/tt0103879/?ref_=sr_i_634
635. Jana und Jan,1992,1h 25m,,6.3,46,,"Fall 1989: Jan is almost 16. Caught while trying to escape to West Germany, he is transferred from prison to a juvenile detention center. Here, he meets Jana ... and what starts as a bet, becomes true love. When Jana gets pregnant, the situation spirals out of control. In the summer of 1990, Jana and Jan flee into the unknown, insecure future of a new Germany. In this film, the director, internationally known for his critical films about children and young people, cast non-professional actors - some from juvenile detention centers - in the leading roles.",https://www.imdb.com/title/tt0104546/?ref_=sr_i_635
"636. Dear Emma, Sweet Böbe",1992,1h 30m,,7.0,736,,"Shows Emma's and Böbe's fight for survival, for keeping their position in society which they achieved with hard work in the previous regime. They don't want to lose their place and become village girls again.",https://www.imdb.com/title/tt0105919/?ref_=sr_i_636
637. Center of the Web,1992,1h 32m,R,4.5,241,,An actor (John Phillips) is wrongly taken as a professional killer by a band planning to murder the Governor. Then he is hired by the Security Dept. to try to unmask and to catch the leaders.,https://www.imdb.com/title/tt0103933/?ref_=sr_i_637
638. Jaagruti,1993,2h 14m,,4.6,1.3K,,"Jugnu is a playful boy whose spending time with his friends doing nothing.He is in love with Shalu but their relationship is not approved by her father Sunderlal.Vishal,Jugnu's elder brother is a an honest custom officer who comes in bad books of corrupt minister Sevalal due to his honesty.Sunderlal is forced to marry Shalu to Mahesh.Jugnu and his friend manage to flee Shalu from Mahesh clutches where one of his friend Salim his shot who dies in hospital due to tainted glucose.Vishal finds Sevalal behind all this and goes to capture him where he is killed in front of Jugnu.Jugnu is also termed dead but gets saved by a tribal who trains him into a tough guy.When he returns home he plans his revenge against Sevalal and his man.",https://www.imdb.com/title/tt0107249/?ref_=sr_i_638
639. Rebecca's Daughters,1992,1h 36m,,6.5,199,,"The film is set in Wales and concerns itself with the aristocracy who are taxing to common people to ruin. Naturally, a certain member of said aristocracy decided that all this is not on, chiefly because most of the money collected by the taxes etc is being spent on keeping Lord Sarn drunk. So Anthony Raine dresses up as a woman, calls himself Rebecca, and leads the common people to victory over their masters.",https://www.imdb.com/title/tt0105222/?ref_=sr_i_639
640. Wallpaper: An Erotic Love Story,1992,1h 25m,,5.5,212,,"A careless art student is kicked out of school because of poor attendance and lack of interest. His friend gets a job to manage a restaurant. They bet over who will be first to ""process"" the waitress.",https://www.imdb.com/title/tt0108478/?ref_=sr_i_640
641. Angel Terminators,1992,1h 32m,,6.2,304,,"Two Hong Kong cops, Ida and Hon, confront a Japanese crime boss who returns after a seven-year exile to reclaim his former territory, setting the stage for an intense confrontation between law enforcement and organized crime.",https://www.imdb.com/title/tt0099793/?ref_=sr_i_641
642. Love in Sampan,1992,1h 27m,Not Rated,5.3,67,,"Kiu and three men. Kiu is a fisherman's daughter in a village. Her father is aging, so they hire Wah at their small store. He's new to the village. Next to the store is a restaurant owned by Chuen Wong, probably a small-time thug and boss, always smiling, joking, and pestering Kiu. A friend stays with him in the village while doing research: he's Man, a university student. One day, as yet unmarried and innocent, Kiu sees her friend Kim making love on a boat to a boyfriend. Kiu and these three men - Wah, Wong, and Man - plus Kim and her boyfriend create a storm of passion, violence, jealousy, and fateful consequences around sex, social status, and gender roles.",https://www.imdb.com/title/tt0185672/?ref_=sr_i_642
643. Travellers,1992,1h 30m,,7.4,1.4K,,"A young woman's wedding becomes a ritual of mourning when her sister and family die in an auto accident on the way to the wedding. The sisters' mother refuses to accept her daughter's death, and in the midst of wedding guests and mourners, including the drivers of the truck that caused the accident, she orders the wedding to take place. But how can the daughter marry in the midst of a wake and without the family's traditional mirror, which the sister was bringing to the service? The film is transcendental in its resolution.",https://www.imdb.com/title/tt0104919/?ref_=sr_i_643
644. Casino Tycoon,1992,2h 13m,,5.9,557,,"Ho is a refugee from Hong Kong. He strives with talent and hardworking, and grows into a casino tycoon.",https://www.imdb.com/title/tt0104145/?ref_=sr_i_644
645. Crumb at a Gallop,1992,1h 37m,Not Rated,5.6,973,,"Everything is normal with the Krumborg family, Two robbers want to kidnap Krumme all the while Krumme's present accidentally winds up with Mrs.Olsen.",https://www.imdb.com/title/tt0104642/?ref_=sr_i_645
646. The Moon Warriors,1992,1h 27m,Not Rated,6.4,1.2K,,"A kind-hearted fisherman, who is also a skilled fighter gets reluctantly drawn into a fierce power struggle for the throne between the emperor and his evil brother",https://www.imdb.com/title/tt0108650/?ref_=sr_i_646
647. The Setting Sun,1992,2h 32m,,5.6,153,,A Japanese soldier is forced to question alliances when he meets and falls in love with the leader of the rebel movement.,https://www.imdb.com/title/tt0191428/?ref_=sr_i_647
648. Barjo,1992,1h 25m,,5.6,341,,"Barjo (nutcase, crap artist), the narrator, is an obsessive simpleton who fills his notebook with verbatim dialog, observed trivia, and oddball speculation on human behavior and the end of the world. When his house burns down, he moves in with his twin sister Fanfan -- an impulsive, quixotic egotist -- and her husband Charles, the Aluminum King. Charles becomes the focus of the film, as his wife and brother-in-law bewilder him.",https://www.imdb.com/title/tt0104003/?ref_=sr_i_648
649. Szuler,1992,2h 10m,,5.9,85,,"The year is 1750. Europe is in a ravaged state following a plague. Victor Moritz and Rufolf de Sevre are gamblers, frequenters of elegant casinos and fashionable brothels. Rudolf is a young aristocrat, charming and charismatic. His degenerate behavior has an animal intensity. Victor, though leading the life of libertine, remains to one side. He is a man of a refined taste despite his low birth and buys his noble title thanks to his gambling skills. Victor and Rudolf have been inseparable friends for years. Then two young, beautiful and innocent people - a brother and sister - enter their life...",https://www.imdb.com/title/tt0105509/?ref_=sr_i_649
650. Mutande pazze,1992,1h 37m,,3.7,198,,"Four ambitious women are ready to do anything to make a name in show business. The translation of the Italian title is ""Mad Underpants"".",https://www.imdb.com/title/tt0104948/?ref_=sr_i_650
651. Nervous Ticks,1992,1h 35m,R,5.7,526,,"Man finds out from his mistress that she had confessed their affair to her husband who went to man's home to kill him. The man wants to avoid any conflict, but the mistress has an opposite plan. A long night has just begun.",https://www.imdb.com/title/tt0104984/?ref_=sr_i_651
652. Aswang,1992,2h 5m,,6.1,450,,"Alma Moreno plays the aswang attacking residents of a remote barrio. Catlyn (Aiza Seguerra) and her yaya Veron (Manilyn Reynes) are accompanied in the countryside by family driver Dudoy (Berting Labra).In the midst of their journey they encounter strange, brutal murders and discover that the barrio is being infested with and attacked by an aswang, and Catlyn will be a victim. Together with the barrio residents they fight against the evil spirits, especially the aswang prevalent in their town.",https://www.imdb.com/title/tt0423837/?ref_=sr_i_652
653. Let's Kill All the Lawyers,1992,1h 43m,R,3.8,36,,"A young law intern realizes that his elementary view of lawyers is hopelessly idealistic and his world is shattered by its brutal reality. His wishes for legal reform are brought about through his wild, vivid, and often sexy imagination.",https://www.imdb.com/title/tt0104713/?ref_=sr_i_653
654. Twinkle,1992,1h 38m,,6.3,172,,"Shoko and Mutsuki get married to satisfy their worried parents, but she is well past the age at which a 'good' Japanese woman should marry, and he is in love with a young male college student. The film is less a realistic exploration of gay life than a fairy tale of three young Japanese trying to construct an alternative to the sexual and familial roles given to them by a society turning increasingly emotionally barren.L.",https://www.imdb.com/title/tt0104616/?ref_=sr_i_654
655. Chinna Pasanga Naanga,1992,2h 30m,Not Rated,6.9,26,,"This, only on Eros Now. Muthukaalai (Murali), an angry young man, returns to his village after studying in city.",https://www.imdb.com/title/tt0317240/?ref_=sr_i_655
656. Pushed to the Limit,1992,1h 36m,R,4.2,152,,"Magnificent Mimi is a woman with a destiny and a bright future ahead of her. She is the world's greatest female wrestling champion, she has a loving boyfriend and loyal family members who care and love her. But things take a turn for the worst when Mimi's boyfriend Nick is wounded and her younger brother is shot to death for trying to stiff local druglord Harry Lee. Lee is the toughest and meanest criminal figure in all of Southern California and if you double-cross him, you won't live to see the sun set. Not only does Lee rule his own empire, he also runs the Kumite, a gladitorial fight ring where warriors battle to the death. Mimi knows the police can't touch Lee with a ten foot pole and so she enlists the aid of her martial arts friend Master Vern to teach her kickboxing and tai chi so she can prepare for combat. Vern doesn't think Mimi is ready for Kumite, as it is a place where only one warrior can be left standing and breathing and the one who loses dies. Against his own judgement, he teaches Mimi the art of kickboxing and tai chi to help her gain revenge. After months of training, Mimi is ready to infiltrate the Kumite and to take down Lee for his heinous crimes. But to get to him, Mimi must face other female combatants, including the lethal amazonian kickboxing queen Inga, who has never been defeated, nor has she met a warrior capable of being called her equal. After Mimi's cover is blown and she's forced to watch as Terry is brutally and mercillesly beaten and killed by the powerful Inga, things get really personal and Mimi must combat more warriors, including Inga herself without the guidance of Master Vern, who has been abducted by Lee's goons. Without Vern's guidance, can Mimi succeed where others before her have failed?",https://www.imdb.com/title/tt0110918/?ref_=sr_i_656
657. The Rocking Horsemen,1992,2h 15m,,7.3,295,,"It is 1965. High-school student Takeyoshi Fujiwara Yasufumi Hayashi) hears ""Pipeline"" by the Ventures, and is mesmerized by their unique sound. With three friends, he forms a band called ""The Rocking Horsemen."" A warm and comic glimpse into high-school and small-town life in Japan in the 60's.",https://www.imdb.com/title/tt0125490/?ref_=sr_i_657
658. Cazibe Hanim'in Gündüz Düsleri,1992,1h 45m,,6.1,504,,"Cazibe is a woman in her late thirties, who has never got married or had a relationship with a man in her life. She lives with her old mother and her uncle who feels an attraction towards her. The only thing which is private to her is her projector machine, which she keeps in a room at the roof of the house.",https://www.imdb.com/title/tt0200522/?ref_=sr_i_658
659. Heer Ranjha,1992,2h 39m,Not Rated,5.1,231,,"A new version of the popular love story of Heer (Sridevi) and Deedho (Anil Kapoor), who calls himself Ranjha after leaving home and living incognito in Heer's village as a labourer in her father's (Shammi Kapoor) house. Heer and Deedho were childhood sweethearts, separated because of family animosities which have grown over the years, kept on the boil by Kaheda (Anupam Kher), whose leg was irreparably fractured by Deedho's family and friends.",https://www.imdb.com/title/tt0104404/?ref_=sr_i_659
660. Motor Psycho,1992,1h 24m,,4.1,148,,"Zoey and Frankie travel to New York to find a better life, but along the way they run into the psychopathic Bill Badd, who has just been released from prison and has all the locals in fear.",https://www.imdb.com/title/tt0220653/?ref_=sr_i_660
661. Alabang Girls,1992,1h 53m,,3.8,67,,"Alabang, an upscale suburb on the south of Manila, was the setting for this wacky tale of boys from the wrong side of the tracks, who easily fall for rich and pretty girls, who lived, of course, in Alabang.",https://www.imdb.com/title/tt0416464/?ref_=sr_i_661
662. Wu hu si hai,1992,1h 30m,,6.7,52,,A young Taiwanese man after being released from prison starts his life as a gangster. He goes to Hong Kong to do some business with the Triads.,https://www.imdb.com/title/tt0105845/?ref_=sr_i_662
663. Andres Manambit: Angkan ng matatapang,1992,1h 32m,,5.6,31,,"The true story of a law enforcer who did everything he could to uphold the law. Andres Manambit (Eddie Garcia) was a simple man who wanted nothing more than to keep the esteem that goes with his badge. One day, when he gets in the way of an illegal logger, Andres' loyalty to this profession is put to the test. Despite bribe attempts, he never gave in to temptations. So the next desperate move of his opponents was to kill him, which despite many attempts did not prosper. And since they couldn't seek vindication from him, they went after his family instead.",https://www.imdb.com/title/tt0437814/?ref_=sr_i_663
664. O-Roshiya-koku suimu-tan,1992,2h 3m,,7.0,160,,The journey of a shipwrecked Japanese expedition from the Pacific Ocean across Siberia to the court of Catherine the Great of Russia. It is based on a book of the same name by Japanese writer Yasushi Inoue.,https://www.imdb.com/title/tt0133049/?ref_=sr_i_664
665. I Wanted to See Angels,1992,1h 23m,,6.3,104,,"A naive country boy named Bob rides his vintage motorbike to Moscow to collect a bad debt for his boss. He encounters various challenges and dangers in the city, as well as a mysterious woman named Angel who changes his life.",https://www.imdb.com/title/tt0105865/?ref_=sr_i_665
666. Samba Traoré,1992,1h 25m,,6.9,302,,"Samba Traore returns to his village flush with funds. Soon enough he manages to charm the beautiful Saratou into marrying him and, along with another friend, builds the first bar their village has ever seen. But his conscience keeps nagging him and the police are on the lookout for the ""gas station murderer.""",https://www.imdb.com/title/tt0108031/?ref_=sr_i_666
667. Delta Heat,1992,1h 31m,R,5.2,479,,An L. A. cop investigates the death of his partner in the swamps of Louisiana. Enlisting the help of an ex-cop who lost his hand to an alligator many years before.,https://www.imdb.com/title/tt0104080/?ref_=sr_i_667
668. Zindagi Ek Juaa,1992,,,5.1,376,,"Harikishan saves the life of his employer, Jagjit Singh alias JJ, only to receive a huge wage increase. All excited; Harikishan agrees to change his name to Harry and successfully carry out any task executed to him. He then realize he is indulging himself in illegal activities only to confront his boss for an explanation where-by he is told that his mother is held captive in order to guarantee his full cooperation. Under these circumstances; Harry must now devise ways to rescue his mother and save himself from being arrested by the police.",https://www.imdb.com/title/tt0105897/?ref_=sr_i_668
669. Sundara Kanda,1992,2h 27m,,6.9,219,,"A newly appointed professor finds that his student has a crush on him and wants to marry him. He ignores her advances and marries an orphan. Not the one to give up, she continues to pursue him.",https://www.imdb.com/title/tt0258227/?ref_=sr_i_669
670. Vietato ai minori,1992,,,5.4,26,,"During the production of a porno movie the expectations and passions of the inept and eccentric stars and crew clash due to misunderstandings, jealousy and shady shenanigans of the financier who pulls the strings behind the scenes.",https://www.imdb.com/title/tt0181885/?ref_=sr_i_670
671. Last Dance,1992,1h 23m,,4.2,352,,Someone is killing off contestants of a skimpy dance off.,https://www.imdb.com/title/tt0102269/?ref_=sr_i_671
672. Garbo,1992,1h 40m,,5.4,55,,"Nifty little melodrama about garbage collectors, or ""garbos"" in Australian slang.",https://www.imdb.com/title/tt0104320/?ref_=sr_i_672
"673. Once Upon a Time, Cinema",1992,1h 32m,,7.3,1.3K,,An abstract retelling of the history of Film in Iran.,https://www.imdb.com/title/tt0104974/?ref_=sr_i_673
674. Killer Image,1992,1h 34m,R,4.6,337,,"After his brother's murder, Max Oliver (John Pyper-Ferguson) suspects the last photographs his brother took provide the key to a sprawling political cover-up.",https://www.imdb.com/title/tt0104613/?ref_=sr_i_674
675. Fighting Spirit,1992,1h 32m,,3.7,190,,"Billy is a young fighter whose sister, Judith was blinded after a near gang rape. When he learns she must have eye surgery, crime boss Russell has Billy compete in illegal street fights. When Billy learns he may get killed, he quits but is later killed by Russell and his men, who were the ones responsible for Judith's accident. After his death, Billy must rely on one man to seek revenge for him: his best friend David. However, David must train in the martial arts before he can seek revenge. David seeks guidance from the ghost of Billy as well as Billy's trainer and ally, Murphy.",https://www.imdb.com/title/tt0104260/?ref_=sr_i_675
676. Videograms of a Revolution,1992,1h 46m,,8.0,756,,This documentary uses news footage and amateur video to paint a vivid picture of Romania's 1989 revolution and the fall of dictator Nicolae Ceausescu.,https://www.imdb.com/title/tt0108489/?ref_=sr_i_676
677. Luna Park,1992,1h 51m,Not Rated,6.2,578,,"Andrei leads a group of nationalist skinheads. They've taken over a Luna Park depot. They indulge in violence and racketeering against Jews, homosexuals and the marginalized.",https://www.imdb.com/title/tt0104776/?ref_=sr_i_677
678. Halli Mestru,1992,2h 42m,,7.4,100,,"Parimala falls for a widowed school teacher and accuses him of molesting her when he rejects her. Later, she realises the error of her ways and tries to win his love through benevolent means.",https://www.imdb.com/title/tt0306934/?ref_=sr_i_678
679. Maarg,1992,,,5.2,37,,,https://www.imdb.com/title/tt1455675/?ref_=sr_i_679
680. Violent Shit II,1992,1h 22m,Not Rated,3.8,668,,"Drilled by his deranged mother, Karl the Butcher jr. takes revenge for the gruesome death of his father. Anyone who sets foot on the forest has to die. Hold on to your limbs as Karl jr. slaughter his victims to some amazing tunes of terror. Decapitation is just the beginning...",https://www.imdb.com/title/tt0105759/?ref_=sr_i_680
681. Basic Impulse,1992,1h 35m,,4.5,34,,Kitty desperately dreams of being a beauty queen.,https://www.imdb.com/title/tt0105374/?ref_=sr_i_681
682. Blood Symbol,1992,1h 27m,,4.5,112,,"Centuries ago, the monks of the Cult of the Blood Symbol went searching for their ""chosen one"" whose blood, they believed, would make them immortal. Olam, the only living survivor of the cult, finally finds his intended victim in Tracy Walker, a fiesty, athletic college student. Patiently, deliberately, Olam prepares to take the one he's been waiting centuries to kill...",https://www.imdb.com/title/tt0137394/?ref_=sr_i_682
683. Cheetah on Fire,1992,1h 27m,,5.2,235,,A CIA agent and two criminal organizations pursue a fugitive who possesses a valuable computer chip.,https://www.imdb.com/title/tt0107405/?ref_=sr_i_683
684. Shake Rattle & Roll IV,1992,1h 53m,,6.3,436,,"Shake--a heartthrob campus teacher appeared to be a monster. Rattle--a mysterious creature starts to kidnap children near the park. Roll--In the final episode, a manananggal (mythical creature of Filipino folklore) is haunting and eating the townsmen until a mischievous kid suspects a nun--who appears to be the monster.",https://www.imdb.com/title/tt0418151/?ref_=sr_i_684
685. Mysore Mallige,1992,2h 21m,,8.0,86,,"Padma and her lover, Manju, a patriotic poet, are united in love despite several obstacles. But things change when Manju is considered lost while rescuing a nationalist from a British policeman.",https://www.imdb.com/title/tt0246098/?ref_=sr_i_685
686. Le bal des casse-pieds,1992,1h 39m,,5.4,650,,"Henri Sauveur, a veterinarian in his fifties, is harassed by his parents, friends and working relationships. He leaves with Louise in Normandy to live the perfect love. But again, the pitfalls seem to wait for him.",https://www.imdb.com/title/tt0103761/?ref_=sr_i_686
687. Pom Pom and Hot Hot,1992,1h 33m,,6.4,138,,"Rollicking buddy-cop comedy meets action spectacle in this Hong Kong joyride, following the exploits of policemen partners Shin and Chiang as they try to bring down a crime syndicate while dealing with family and romantic complications.",https://www.imdb.com/title/tt0105384/?ref_=sr_i_687
688. The Postmistress,1992,1h 37m,,5.2,187,,"In 1935, in a Quebec village, a boy observes with curiosity the little intrigues of the adult world.",https://www.imdb.com/title/tt0107865/?ref_=sr_i_688
689. Blame It on the Vodka,1992,1h 30m,,6.9,26,,Softcore movie in which a young man becomes a great lover after the consumption of vodka...,https://www.imdb.com/title/tt0103828/?ref_=sr_i_689
690. The Demon Wet Nurse,1992,1h 35m,,5.9,45,,,https://www.imdb.com/title/tt0182761/?ref_=sr_i_690
691. Being at Home with Claude,1992,1h 25m,,6.9,680,,It's hard to review this movie without giving anything away. Suffice it to say that it depicts the crime of one member of a gay male relationship and the desperate struggle for the lead character to make those around him understand the reason for his crime.,https://www.imdb.com/title/tt0103787/?ref_=sr_i_691
692. The Naked Target,1992,1h 36m,Not Rated,4.0,129,,A New York executive is handcuffed to a precious briefcase to which only his Spanish contact holds the key and of which many others are in hot pursuit.,https://www.imdb.com/title/tt0101986/?ref_=sr_i_692
693. Anni 90,1992,1h 35m,,4.6,487,,"The film is a comedy portraying the cliche ways of thinking of the italian average society at the beginning of the 90s. It's splitted into 8 episodes. The first episode is called the ""the disco"". The last episode ""the carnival party"" is starred by the two main characters, De Sica and Boldi, and it closes the film.",https://www.imdb.com/title/tt0128933/?ref_=sr_i_693
694. Nishchaiy,1992,2h 26m,Not Rated,4.4,710,,"When Ravi is falsely accused of a crime and sentenced to imprisonment, his boss' wife promises to take care of his younger brother. However, Ravi is unable to find his brother after he is released.",https://www.imdb.com/title/tt0105007/?ref_=sr_i_694
695. Double X: The Name of the Game,1992,1h 37m,,4.1,258,,"While taking a holiday in Scotland, American traveller Michael Cooper pulls elderly man Arthur Clutten into his car following an explosion at a hotel. Cooper discovers Clutten's back story, and learns why people are out to kill him.",https://www.imdb.com/title/tt0104137/?ref_=sr_i_695
696. Fly by Night,1992,1h 33m,R,5.4,289,,"Rich is a naive wanna be rapper who gets the opportunity of a life-time when he get the chance to join I in his rap-group, the only problem is that I is a hardcore rapper who lives the words of his raps while he merely is out to entertain.",https://www.imdb.com/title/tt0106934/?ref_=sr_i_696
697. Sexes faibles!,1992,1h 27m,,3.6,138,,"The La Chesnays live in a castle threatened with destruction to accommodate a TGV line. While Gilles, the husband, agrees to receive compensation, his wife, Maud, fights with the other villagers so that the project does not materialize.",https://www.imdb.com/title/tt0105369/?ref_=sr_i_697
698. Ghost Punting,1992,1h 34m,,5.5,308,,"The ""Five Lucky Stars"" attempt to help a restless ghost take revenge on the evil drug gang who took his life. At the same time, they want the ghost to help them get rich and court the four policewomen assigned to the case.",https://www.imdb.com/title/tt0103290/?ref_=sr_i_698
699. Me Myself and I,1992,1h 37m,R,5.1,187,,"A successful New York writer falls for a woman with schizophrenia who turns out to have several personalities, not all of them desirable.",https://www.imdb.com/title/tt0104835/?ref_=sr_i_699
700. 1991: The Year Punk Broke,1992,1h 39m,Not Rated,7.3,1.7K,,"David Markey's documentary of life on the road with Sonic Youth and Nirvana during their tour of Europe in late 1991. Also featuring live performances by Dinosaur Jr, Babes In Toyland, The Ramones and Gumball.",https://www.imdb.com/title/tt0103595/?ref_=sr_i_700
701. Velika frka,1992,1h 32m,,6.2,464,,"Cheda is a clerk, pushed around by everyone. He is ""everybody's girl"". He walks his poodle, makes coffee for a group of poker players and their wives. Cheda goes to sanatorium because his mother-in-law decided to go on vacation just then, and he is her obligatory companion. When he returns alone, because of his job, he finds big fuss in his house, many tempting, unknown girls, local bullies and other, funny creatures. He is wondering how to get out of it.",https://www.imdb.com/title/tt0181124/?ref_=sr_i_701
702. Kauravar,1992,2h 29m,Not Rated,7.8,948,,A killer protects his daughter from his vengeful group of criminals,https://www.imdb.com/title/tt0271593/?ref_=sr_i_702
703. We're Talkin' Serious Money,1992,1h 31m,PG-13,5.5,246,,"Comedy about two misfits who lose a borrowed ten grand from a mob kingpin and must flee from New York to Los Angeles--where they get involved in a caper involving a video of Senators in compromising positions. When they're given a cool million for the video, they are then pursued for that money, which brings about a surprise ending to their bungling adventures.",https://www.imdb.com/title/tt0108528/?ref_=sr_i_703
704. Gharana Mogudu,1992,2h 29m,,7.5,716,,An arrogant daughter of a rich industrialist decides to marry their factory employee in order to teach him a lesson. But things changes a lot after their marriage.,https://www.imdb.com/title/tt0245917/?ref_=sr_i_704
705. The Strain Andromeda,1992,2h 5m,,6.1,37,,"Experimental movie in which the director takes the 1971 movie The Andromeda Strain and runs it backwards, shot by shot.",https://www.imdb.com/title/tt0363096/?ref_=sr_i_705
706. Sex and Curse,1992,,,5.5,31,,,https://www.imdb.com/title/tt0104557/?ref_=sr_i_706
707. Hurricane Smith,1992,1h 26m,R,4.4,613,,"An oil-field worker from Texas journeys to Australia to look for his missing sister, and his search winds up getting him involved with a violent drug-smuggling gang.",https://www.imdb.com/title/tt0099814/?ref_=sr_i_707
708. Me and Veronica,1992,1h 37m,R,5.5,167,,A woman must get the kids of her estranged dead beat irresponsible jailed sister back from sister's latest trailer park boyfriend and also try to cope with the fact that her sister may have serious self-destructive mental issues.,https://www.imdb.com/title/tt0104833/?ref_=sr_i_708
709. Blue Black Permanent,1992,1h 26m,Not Rated,6.5,236,,"Barbara Thorburn wiles away the hours with memories of Greta, her mother, the poet.",https://www.imdb.com/title/tt0103845/?ref_=sr_i_709
710. Canary Brothers of Tondo,1992,,,,,,,https://www.imdb.com/title/tt2117840/?ref_=sr_i_710
711. Talking Head,1992,1h 45m,,6.9,534,,"A revered director with an obscure style, Rei Maruwa, has gone missing during the production of his latest animated feature, Talking Head. With the deadline approaching and next to no progress made, the producer calls in a ""shadow director"" with the ability to mimic any director's style. Arriving at the studio, he begins meeting with the eccentric crew members in order to understand the project, but soon they begin dying in the same order that he met up with them.",https://www.imdb.com/title/tt0386065/?ref_=sr_i_711
712. Tango Argentino,1992,1h 31m,,7.2,972,,"A boy who is helping lonely, elderly people revives their urge to live and receives in return their love and understanding, which have been denied to him by his parents.",https://www.imdb.com/title/tt0105531/?ref_=sr_i_712
713. Le Mirage,1992,1h 40m,,6.9,117,,"Maria, a fifty-year-old woman falls for her son's young American friend, embracing a passionate romance as she confronts the limits of age and mortality.",https://www.imdb.com/title/tt0104881/?ref_=sr_i_713
714. Eternal Fist,1992,1h 35m,,4.6,148,,"In a post-apocalyptic world, a man helps a beautiful young girl get revenge against a roving gang of renegades that destroyed her village.",https://www.imdb.com/title/tt0101828/?ref_=sr_i_714
715. The Weathering Continent,1992,54m,,5.9,236,,"Before the time of recorded history, the Atlantic Ocean harbored a magnificent continent on which civilization flourished. Unfortunately, brutal wars and natural disasters have nearly leveled the once thriving society. Tieh, Lakushi, and Bois are three survivors of the wars and disasters who wander the land, hoping to find some last vestige of civilization. When they do, the city they find is populated by the dead who lord over the living, forcing the three to rely on their wits and skills to survive.",https://www.imdb.com/title/tt0875155/?ref_=sr_i_715
716. Garam Hawa,1992,2h 12m,,,,,,https://www.imdb.com/title/tt39295725/?ref_=sr_i_716
717. Le grand pardon II,1992,2h 7m,R,4.4,453,,It's an all-out-war when a government agent tries to regain control of a turf struggle between drug lords,https://www.imdb.com/title/tt0104363/?ref_=sr_i_717
718. Cinecittà... Cinecittà,1992,1h 40m,,6.0,11,,"Several episodes involve the numerous people who gather to form a film team and shoot a movie in Cinecittà Studios in Rome: a scriptwriter, a hopeful young actress, ex-revolutionaries of the 1968 riots, now middle-aged, and many more.",https://www.imdb.com/title/tt0103972/?ref_=sr_i_718
719. Lady Black Mask,1992,1h 29m,,5.4,73,,"Nightingale Wong is a super heroine who looses her memory when her triad boss father is murdered. She is taken in by a kindly prostitute, and eventually takes revenge.",https://www.imdb.com/title/tt0105031/?ref_=sr_i_719
720. Little White Dove,1992,2h 5m,,7.0,276,,A poor schoolgirl and a young man from a wealthy family have an affair.,https://www.imdb.com/title/tt0070501/?ref_=sr_i_720
721. Kal Ki Awaz,1992,2h 42m,,6.0,92,,"The son of the chairman of a bank is abducted and held for ransom. DSP Ali intervenes, but is unable to save the child. Later, his world is turned upside down when his daughter is kidnapped.",https://www.imdb.com/title/tt0158694/?ref_=sr_i_721
722. Liceenii Rock 'n' Roll,1992,1h 38m,,7.0,1.3K,,"The two principal characters have a love affair, with highs and lows accompanied by the Rock'n'Roll music played by their band.",https://www.imdb.com/title/tt0150912/?ref_=sr_i_722
723. Forever,1992,1h 33m,R,4.0,183,,"A director of rock videos moves into the house where William Desmond Taylor, a famous director during the silent era, was murdered. He finds some old reels of film, and as he plays the film on a projector, he is visited by the ghosts of the actors and actresses in the film.",https://www.imdb.com/title/tt0104290/?ref_=sr_i_723
724. Life According to Agfa,1992,1h 40m,,7.2,706,,"Various characters meet in a Tel Aviv night bar run by two women, Daliah and Liora.",https://www.imdb.com/title/tt0103945/?ref_=sr_i_724
725. Venice/Venice,1992,1h 48m,R,6.2,289,,"Dean is a maverick American film director surprised that his most recent film has been chosen as the Official U.S. Entry at the Venice Film Festival. A beautiful French journalist arrives at the festival with the apparent intention of interviewing the unique and eccentric filmmaker. In the midst of all the festival madness, she is forced to confront the wide divergence between things as they really are and things as they seem to be - both on screen and off. And so, finally, are we. Shot half in Venice, Italy and half in Venice, California, ""Venice/Venice"" looks at the profound effect movies have had - and continue to have - on our lives, our loves and on our dreams of romance.",https://www.imdb.com/title/tt0105729/?ref_=sr_i_725
726. Titanica,1992,1h 36m,Not Rated,6.4,421,,"Titanica reveals the clearest motion pictures ever captured of the Titanic. Witness startling images of the long-lost ruin contrasted with never-before-seen 1912 archival photos showing her in all her splendor. Feel the passion of the explorers, each obsessed with a different aspect of the expedition.",https://www.imdb.com/title/tt0105601/?ref_=sr_i_726
727. The Shootout,1992,1h 35m,,5.5,106,,An armored car with two million dollars worth of banknotes on board is hijacked at Hong Kong's international airport by a gang of four - three men and a girl. It is one of the best orchestrated heists in memory. Bombs and guns are used to stop the car and disarm the guards. A jeep is used to take the loot while two motorcycles provide mobility and decoy. But even the best laid plans can go awry.,https://www.imdb.com/title/tt0105797/?ref_=sr_i_727
728. Invincible,1992,1h 34m,PG-13,6.2,65,,"After Fire is betrayed by his triad bosses, his right-hand man Kit rescues his sister Mandy and the pair flee to Paris. Pursued by the triads and without money, Kit joins the Foreign Legion in hope of a better future for the two of them.",https://www.imdb.com/title/tt0105890/?ref_=sr_i_728
729. A Question of Ethics,1992,,,6.6,56,,Television dramatization of a popular high school swim star whose failing science grade could cost him his position on swim team and a possible college scholarship.,https://www.imdb.com/title/tt0282880/?ref_=sr_i_729
730. The JFK Assassination: The Jim Garrison Tapes,1992,1h 36m,Not Rated,8.0,194,,"John Fitzgerald Kennedy was the 35th president of the United States serving from 1961 until his assassination in 1963 at the age of 46. Attractive and charismatic, he was one of the most popular and youngest presidents in American history. In this engaging documentary, with insight and erudition, we trace JFK's early political career, candidacy, presidency, and examine his enduring popularity.",https://www.imdb.com/title/tt0104537/?ref_=sr_i_730
731. Isi Ka Naam Zindagi,1992,2h 20m,,4.9,761,,"During the British rule in India, a wealthy family tries hard to take over a plot of land from a man. However, he will not give up this land at any cost, as this family wants it to satisfy their own selfish needs.",https://www.imdb.com/title/tt0304204/?ref_=sr_i_731
732. Desert Kickboxer,1992,1h 26m,R,4.3,292,,A native American hero helps a couple fighting a group of crooks who plan to steal their money.,https://www.imdb.com/title/tt0104087/?ref_=sr_i_732
733. Khule-Aam,1992,2h 35m,Not Rated,6.0,34,,"Watch the full movie, Khule-Aam, only on Eros Now. Khule-Aam is a 1992 Indian Hindi film, directed by Arun Dutt. The film stars Dharmenda, Shammi Kapoor, Neelam, Chunky Pandey, Moushumi Chatterjee, Sadashiv Amrapurkar, Danny Denzongpa, Iftekhar, Viju Khote in lead roles. The film had musical score by R. D. Burman.",https://www.imdb.com/title/tt0416890/?ref_=sr_i_733
734. Sahebzaade,1992,,,4.4,94,,"Raja and Rahul are brothers living with their mother (Shardha) in a village located in the green hills of Himachal Pradesh. Incidently they love the same girl, Chinar. One of them sacrifices his love for his brother. First half of the movie revolves around that love story. In the second half, both brothers come to know that Bharu Pratap raped his mother and killed his father, Kishan. Then, both of them takes revenge from Bharu Pratap.",https://www.imdb.com/title/tt0359926/?ref_=sr_i_734
735. In camera mia,1992,1h 30m,,4.5,44,,Screenwriter Massimo rents a house to find peace and concentrate on his writing. There he meets fascinating Nastienka who believes in the supernatural and expects Prince Charming to arrive soon and take her far away.,https://www.imdb.com/title/tt0104494/?ref_=sr_i_735
736. Min store tjocke far,1992,1h 42m,,5.3,519,,"Summer of 1959. 11-year old Osvald spend his summer holiday with his parents in the countryside of Södermanland. His father has promised to play soccer with him and get some exercise. He also promised the locals to teach the church choir an Argentine mass. The father has a slight alcohol problem, so will he be able to do it?",https://www.imdb.com/title/tt0104873/?ref_=sr_i_736
737. B & B,1992,1h 39m,TV-14,7.0,96,,An out-of-work architect turns his house into a bed and breakfast hotel.,https://www.imdb.com/title/tt0129766/?ref_=sr_i_737
"738. El abuelo, la condesa y Escarlata la traviesa",1992,1h 40m,,6.8,30,,"A young man becomes infatuated with a woman, leading to a series of humorous and steamy misadventures. Cult classic with explicit content.",https://www.imdb.com/title/tt0103614/?ref_=sr_i_738
739. The Boer War,1992,1h 21m,,6.5,130,,"The history of the Boer War, fought between the British Empire and the Boers of the Transvaal and Orange Free State between 1899 and 1902.",https://www.imdb.com/title/tt9289206/?ref_=sr_i_739
740. Mad Dog Coll,1992,1h 41m,R,4.8,150,,"New York City is torn apart by an all-out mafia war. With brother Peter at his side, Vincent ""Mad Dog"" Coll blasts his way from streetfighter to kingpin in the dangerous world of organized crime.",https://www.imdb.com/title/tt0104786/?ref_=sr_i_740
741. The Last Dive,1992,1h 28m,,6.8,449,,"Eloi stops Samuel from jumping into the sea and takes him to meet Esperança, the most beautiful sex worker in Lisbon - who happens to be Eloi's daughter.",https://www.imdb.com/title/tt0105924/?ref_=sr_i_741
742. Düs Gezginleri,1992,1h 44m,,6.4,390,,"Newly divorced Nilgün is assigned to a small town. One day, she meets her long-lost childhood friend Havva while examining sex workers in a brothel. Two women get closer, but their relationship is tested by social and cultural conflicts.",https://www.imdb.com/title/tt0456932/?ref_=sr_i_742
743. The Gunslinger,1992,1h 54m,,5.8,35,,"A reformed gun slinger loses his memory while attempting to stop a bank robbery by the McClure gang. After the McClure gang knocks Wichita Slim (Kenneth Copeland) unconscious during the robbery, causing him to lose his memory, they use him as a hostage to escape, and manipulate him into resuming his former life of crime.",https://www.imdb.com/title/tt7145978/?ref_=sr_i_743
744. Extermineitors 4: Como Hermanos Gemelos,1992,1h 30m,,4.9,345,,"Guillermo Francella is convinced by his general that he has a twin brother, Rand McClain, a former enemy, now retired in Cataratas del Iguazú, in a pacific life. They plan the strategy to convince Rand to work with them and be a part of the Exterminators organisation.",https://www.imdb.com/title/tt0221162/?ref_=sr_i_744
745. El corrido de los Perez,1992,1h 35m,,7.4,19,,"Two families are united by economic interests until one day the rancher Mariano Pérez tires of this union, leading to misunderstandings and a tragic event.",https://www.imdb.com/title/tt0313925/?ref_=sr_i_745
746. Chanti,1992,2h 19m,,7.0,357,,"When an astrologer predicts that Nandini would marry a person of her choice, her possessive brothers decide to guard her. Can they stop her from marrying the person of her choice ?",https://www.imdb.com/title/tt0359063/?ref_=sr_i_746
747. For Those About to Rock: Monsters in Moscow,1992,1h 24m,R,8.9,271,,"A video containing live performances by AC/DC, Metallica, The Black Crowes, Pantera and E.S.T. in the Tushino Airfield in Moscow, during the implosion of the Soviet Union.",https://www.imdb.com/title/tt0304033/?ref_=sr_i_747
748. Prague,1992,1h 28m,,6.2,105,,"Alexander Novak goes to Prague to find a film extract. He meets Elena, with whom he falls in love, and who introduces him to Josef, the director of the film's Archives, who turns out to be Elena's lover. This one disappears",https://www.imdb.com/title/tt0105160/?ref_=sr_i_748
749. Babylon - Im Bett mit dem Teufel,1992,1h 34m,,5.9,136,,"Maria embarks on a one-night stand with Lothar. Lothar proves to be a ruthless seducer and when Maria becomes pregnant, she sinks into a nightmare from which there seems to be no escape.",https://www.imdb.com/title/tt0103751/?ref_=sr_i_749
750. Skin Striperess,1992,1h 35m,,5.3,81,,"A resort owner bribes an official with sex with his starlet in return for planning approval, but the starlet is electrocuted and disfigured. Desperate, the resort owner kills another girl, who is used as transplant for the starlet.",https://www.imdb.com/title/tt0102916/?ref_=sr_i_750
751. Lunch Box,1992,,,5.2,36,,"High school graduates CC and Waldo get a job in a warehouse for the summer. On the first day on the job, CC's lunchbox gets mixed up with a lunchbox full of cocaine. Hijinx and stupidity follow as the drug dealers try to get the lunchbox back.",https://www.imdb.com/title/tt0104778/?ref_=sr_i_751
752. Sex Racecourse,1992,1h 32m,,5.6,35,,The escapades of two girls from Kuala Lumpur working as short-time cheap-motel pros in Hong Kong.,https://www.imdb.com/title/tt0326422/?ref_=sr_i_752
753. 92 Legendary La Rose Noire,1992,1h 40m,,6.5,499,,"Apprentices of the legendary antihero Black Rose go after a Hong Kong poet, who witnessed a violent crime which the Black Rose was blamed for in order to clear her name and bring the real criminals to justice.",https://www.imdb.com/title/tt0103602/?ref_=sr_i_753
754. Cageman,1992,2h 25m,,7.9,351,,"The story about a young, unemployed man, who after being kicked out of his home is desperate enough to live anywhere. He is directed to Fatso, who owns a cage home establishment, and is given a living space.",https://www.imdb.com/title/tt0107461/?ref_=sr_i_754
755. Legend of the Galactic Heroes Gaiden: Golden Wings,1992,1h,TV-14,6.3,315,,Two friends join the military in order to rise through the ranks and save Reinhard's sister from sexual servitude.,https://www.imdb.com/title/tt2661788/?ref_=sr_i_755
756. Buried on Sunday,1992,1h 34m,PG,6.2,180,,A fishing village responds to government cutbacks by declaring independence and uses the arsenal of a Soviet missile sub to back it up.,https://www.imdb.com/title/tt0106497/?ref_=sr_i_756
757. Una mujer bajo la lluvia,1992,1h 29m,,5.1,169,,"On a rainy afternoon, Mercedes meets two very different men for the first time: Ramón, who is serious and formal, and Miguel, who is carefree and bohemian. Even though she likes Miguel more, she starts dating Ramón because he makes her feel safe.",https://www.imdb.com/title/tt0102477/?ref_=sr_i_757
758. Five Spot Jewel,1992,,,5.2,19,,Pregnant young bride Claire has cold feet the night before her wedding and arranges meetings with 10 exes in one night in order to justify her nuptials.,https://www.imdb.com/title/tt0207474/?ref_=sr_i_758
759. Zikina zenidba,1992,1h 32m,,4.9,1.2K,,"Milan tells Zika to be married and to come to a suitable candidate, they decided to give advertisement in all national and international newspapers. From Slovenia to Brazil offers on VHS constantly arriving. And Zika do not err on the final selection of young, Milan offered him a language instruction their knowledge and skills. Zika understand what it is and the real tricks of his friend Milan.",https://www.imdb.com/title/tt0324657/?ref_=sr_i_759
760. Virodhi,1992,2h 23m,Not Rated,4.3,83,,Inspector Shekar and his wife is killed by Pandey his aides and their sons as he posed treat to them.Raj his younger brother then plans to eliminate them one by one.,https://www.imdb.com/title/tt0105762/?ref_=sr_i_760
761. October 32nd,1992,1h 55m,PG-13,3.5,234,,"Reincarnated Lady of the Lake and knight John Pope must stop evil immortal wizard Pendragon from obtaining Merlin's Sword in the Stone on Halloween in the present, which would create October 32nd and end time. Wizard Leong helps them.",https://www.imdb.com/title/tt0104855/?ref_=sr_i_761
762. Hay Bin Yeksan,1992,1h 18m,,7.5,134,,Story of a child in no-man's land.,https://www.imdb.com/title/tt1826687/?ref_=sr_i_762
763. 'n Pot Vol Winter,1992,1h 28m,,6.3,44,,This is the winter when 11th-grader Elizabeth Malan's life will be profoundly affected - by her father's affair with another woman as well as her first reluctant sexual experience.,https://www.imdb.com/title/tt0216106/?ref_=sr_i_763
764. Crisis in the Kremlin,1992,1h 25m,R,4.7,80,,The sister-in-law of an assassin and a CIA agent team-up to save Gorbachev's life.,https://www.imdb.com/title/tt0104026/?ref_=sr_i_764
765. California Hot Wax,1992,1h 29m,R,4.9,84,,"Three Southern Californian woman lose their successful business to their evil landlord. They team up with a handsome hunk to start a competitive car wash, using scantily-clad girls and guys to lure in customers. The ensuing rivalry leads to various antics by the old landlord to put them out of business.",https://www.imdb.com/title/tt0103914/?ref_=sr_i_765
766. Dead Boyz Can't Fly,1992,1h 42m,R,4.4,205,,"Buzz shows Norman his art at an employment agency. Norman laughs at him. Offended, Buzz returns with friends Goose and Jo Jo to terrorize offices on the 13th floor. Only some Vietnam vets and a suicidal lawyer try to stop them.",https://www.imdb.com/title/tt0104061/?ref_=sr_i_766
767. Dark Vengeance,1992,1h 32m,R,2.8,181,,"Welcome to Planet Earth. It has become a barren wasteland of greed and violence. A savage world of unspeakable cruelty. In a world torn by raging electrical storms and rampant with deadly cancers, there is only one escape: ""the seeds"" , a powerful hallucinogenic drug that provides great pleasure... and eventual madness. The Drug lords who control ""the seeds"" control the planet, raping and killing all who stand in their way. Now one man must avenge his past to save the future in this story of survival, courage and determination.",https://www.imdb.com/title/tt0104055/?ref_=sr_i_767
768. Rasukutty,1992,2h 29m,,6.5,111,,"Rasukutty, an uneducated man, lies to his fiancée Rukmani that he is a lawyer. However, after Rukmani learns the truth, she breaks her engagement with him and starts hating him.",https://www.imdb.com/title/tt0156010/?ref_=sr_i_768
769. Roncsfilm,1992,1h 29m,,6.8,957,,"The year is 1989, the famous year of the collapse of the socialism in Central and Eastern Europe. However, not a single moment in the film suggests the sublimity of this historical moment; on the contrary, the burlesque fuzziness of the moments on the screen satirize the arrogant theatrics of the political upstarts. The film turns, with a mocking gesture, to the unapproachable, profane, everyday mystery of political donkey. The scene is a run-down, food-smelling apartment block pub called the Stork and its immediate surroundings. Insecure, down-and-out existences live here: unemployed and casual laborers, grocers and taxi drivers, warm spirited swindlers and casual lovers. They are ugly and mean, soft spirited and quick-tempered. They're all nice rascals.",https://www.imdb.com/title/tt0105276/?ref_=sr_i_769
770. Chickboxer,1992,1h 10m,,2.9,178,,"Kathy, a small town Ohio girl, is a big fan of TV series called Chickboxer. She decides to take up karate in order to channel her TV heroine and take on the local crime wave.",https://www.imdb.com/title/tt0180601/?ref_=sr_i_770
771. Okoge,1992,2h,,7.0,235,,"Sayoko, a young woman, meets Goh and his older gay lover Tochi, and invites them to use a room in her apartment. The three become good friends until Tochi's wife threatens to expose Tochi to his office workers. Tochi leaves and Goh falls for a new man, Kurihara. Sayoko tries to entice Kurihara to meet Goh, but he is not really gay. Kurihara seduces and abuses Sayoko, leaving her with child.",https://www.imdb.com/title/tt0107739/?ref_=sr_i_771
772. Killer,1992,2h 40m,,6.2,165,,"The palatial home of the former State Chief Minister is heavily guarded by armed men, and the three people living there have bodyguards who accompany them everywhere, even inside the house. One of the residents is Malvika, the wife of the former Chief Minister, who was assassinated; Sneha, her daughter, and Priya, her niece of marriageable age. Priya falls in love with a young man named Prem Kishen, whose parents live in Texas, US. She invites him to introduce him to her aunt, which he accepts. Malvika approves of Prem, much to the delight of Priya and Prem. What Malvika and Priya do not know that Prem is not who he claims to be, but is actually a assassin out to kill Sneha and Malvika, and is merely using Priya as a tool to get close to his targets.",https://www.imdb.com/title/tt0214853/?ref_=sr_i_772
773. Secret Love in Peach Blossom Land,1992,1h 47m,,7.5,485,,"Two drama companies share one auditorium for rehearsal. One of them plays ""Peach Blossom"", another plays ""Secret Love"".Though all aspects, they find themselves telling the same story: the story of Chinese people forced to leave home.",https://www.imdb.com/title/tt0103699/?ref_=sr_i_773
774. Boulevard of the Revolution,1992,1h 39m,,7.1,1.4K,,A love story between a teenager girl and a small time mob set in Belgrade during the times of great political turmoil.,https://www.imdb.com/title/tt0181328/?ref_=sr_i_774
775. Valayam,1992,,,6.8,43,,"Sreedharan is a kind-hearted lorry driver who helps people in times of need. However, his life becomes hell when his beloved friend tries to interfere in his personal matters.",https://www.imdb.com/title/tt0237883/?ref_=sr_i_775
776. The Strange Tale of Oyuki,1992,1h 56m,,6.9,212,,"The film tells the story of Japanese writer Kafu Nagai (1879-1959), a man about sixty with a huge reputation of seducer who falls madly in love for a young geisha named Oyuki. Meticulous and smartly dressed, Nagai patiently wrote in his diary his thoughts during many years. A melancholy reflection on the passage of time and a brilliant interpretive exercise.",https://www.imdb.com/title/tt0106457/?ref_=sr_i_776
777. Koskenkorva Cowboys,1992,55m,,4.8,27,,,https://www.imdb.com/title/tt0183369/?ref_=sr_i_777
778. Umar 55 Ki Dil Bachpan Ka,1992,2h 31m,Not Rated,4.3,79,,"After Dhaniram distributes his wealth amoungst his children, they all turn arrogant and leave him. Just when Dhaniram is left helpless, his twin brother Maniram comes up with an ingenious plan.",https://www.imdb.com/title/tt0407274/?ref_=sr_i_778
779. Pain of Love,1992,1h 55m,,7.0,553,,A young woman who falls in love with her teacher is hit by heartache and challenges she is not prepared for and struggles to escape her dark frame of mind.,https://www.imdb.com/title/tt0107350/?ref_=sr_i_779
780. Vietnam Colony,1992,2h 34m,Not Rated,7.8,1.7K,,"Two men tries to persuade a bunch of colony residents to relocate to another location for the sake of a corporate project, while the residents including a number of goons, comes in their way.",https://www.imdb.com/title/tt0292332/?ref_=sr_i_780
781. Rock Hudson's Home Movies,1992,1h 3m,Not Rated,6.0,566,,Documentary about the career and eventual death from AIDS of actor Rock Hudson.,https://www.imdb.com/title/tt0105268/?ref_=sr_i_781
782. Hit the Dutchman,1992,1h 56m,R,5.6,241,,"Arthur Flegenheimer is a thief recently released from prison who is recruited by noted hood Jack ""Legs"" Diamond. Flegenheimer changes his name to Dutch Schultz and, thanks to his brutal and unscrupulous ways, rises to become Diamond's right-hand man during the bleak days of Prohibition.",https://www.imdb.com/title/tt0104423/?ref_=sr_i_782
783. Ajeeb Dastaan Hai Yeh,1992,,,5.9,21,,"Romantically influenced by novels and movies, Meenakshi Sinha alias Mini lives with her advocate father Jagat Narayan in a palatial house. She studies in college where she meets with a handsome young man named Ketan Kapoor and both fall in love with each other. When her dad finds out, he instructs her not to meet nor see Ketan again, but she ignores his instructions, elopes, marries Ketan, and moves into a hotel room. Jagat refuses to have to do anything with his daughter. After a few months, the young couples' money runs out, Ketan is unable to find work, as he does not even have a diploma, and they move into Zeba's, a friend of Mini's, house where she lives with her husband, Rehmat. Problems mount for this young couple, as Mini becomes pregnant, gives birth to a baby boy. As Ketan is still unable to secure any employment, Mini gets an offer to model, which she accepts, and does not inform her employer that she is married, and has a son. She soon gets to be very busy and has her photographs appear in all leading magazines. Ketan is able to secure employment as a singer, and soon gets very popular, in order not to disappoint his female fans, he openly declares he is not married, leave alone has a son. The child, hurt, confused, and tormented by this neglect starts having psychological problems, runs away, and does what no other child has ever done in India - seek a divorce from his parents - the reason - neglect. When Meenakshi and Ketan come to know this, they are sure that this is a plot to snare their child away by none other than Jagat, who they feel wants them to separate, and have Mini move in back with him.",https://www.imdb.com/title/tt0778604/?ref_=sr_i_783
784. The Blind Cat,1992,1h 22m,,6.1,14,,,https://www.imdb.com/title/tt0185191/?ref_=sr_i_784
785. Krystallines nyhtes,1992,2h 18m,,6.4,139,,A German woman who believes in magic falls in love with a Jewish young man.,https://www.imdb.com/title/tt0104641/?ref_=sr_i_785
786. I'll Love You Forever... Tonight,1992,1h 28m,Not Rated,5.5,175,,"Ethan is a photographer in Los Angeles, still in his 20s, gay, and given to one-night stands that, despite his willingness, don't seem to last past the next morning. His friend Dennis invites him on a getaway to Palm Springs where other friends join them. In the course of the next few days, Dennis and Ethan's relationship goes through several changes as one plays the other, as feelings get hurt, and as Ethan witnesses other men's difficulties with jealousy, commitment, and honesty. To whom can Ethan turn for assurance? To his family, to long-time friends, to his art?",https://www.imdb.com/title/tt0104471/?ref_=sr_i_786
787. Galaxy of the Dinosaurs,1992,1h 5m,,2.1,248,,A space crew must find a way to survive the chaotic world Gurgon.,https://www.imdb.com/title/tt0213673/?ref_=sr_i_787
788. Legend of the Roller Blade Seven,1992,1h 30m,,2.1,436,,"In a post-apocalyptic world where rollerblading is the chief means of travel, the evil Pharoah sends his minions outside the Wheel Zone to abduct a psychic. The psychic has been trained in the way of the samurai, but has shunned her training to become a Passive. Once abducted, her brother joins forces with others to try and rescue her, but they face many challenges from the Dark Side.",https://www.imdb.com/title/tt0104702/?ref_=sr_i_788
789. Baduk,1992,1h 29m,Not Rated,6.6,423,,"Baduk is the name of the child who works in smuggling, due to poverty he and his sister separated, the sister will work as a maid, he keeps trying to reach his sister in vain, finally he escaped from Iran because he thinks that his sister left Iran, he discovered later on that she is still in Iran.",https://www.imdb.com/title/tt0103760/?ref_=sr_i_789
790. Oru Kochu Bhoomikulukkam,1992,,,6.4,92,,"Sreenivasan has a dark secret from his past. When his friend Siddique wants to marry a girl Shobhana , who knows him from college , Sreenivasan tries everything to prevent it from happening. So that his wife and friends won't find out about his dark secret.",https://www.imdb.com/title/tt0353843/?ref_=sr_i_790
791. Kiekeboe: Het witte bloed,1992,1h 18m,,3.6,122,,The Kiekeboe family vacation is disrupted by a vampire plot involving artificial blood.,https://www.imdb.com/title/tt0226038/?ref_=sr_i_791
792. Life on the Edge,1992,1h 28m,,6.0,27,,"Earthquakes and aftershocks forces a group of residents stranded at a party to reevaluate their lives, as one grueling situation after another, prompts surprise and comedy.",https://www.imdb.com/title/tt0104728/?ref_=sr_i_792
793. Beauty Investigator,1992,1h 26m,,5.6,145,,A cop goes undercover as a nightclub singer to catch a professional hitman.,https://www.imdb.com/title/tt0104861/?ref_=sr_i_793
"794. Aquí, el que no corre... vuela",1992,1h 25m,PG-13,3.4,110,,,https://www.imdb.com/title/tt0103711/?ref_=sr_i_794
795. Lethal Ninja,1992,1h 37m,R,3.4,303,,An American ninja's wife is held hostage by a sadistic Nazi chemist on an Asian island. He teams up with an African-American ninja to rescue her.,https://www.imdb.com/title/tt0107392/?ref_=sr_i_795
796. Otto - Der Liebesfilm,1992,1h 30m,,5.1,2.2K,,Armor gets caught by God playing video games and must now make a perfect match for two people to fall in love.,https://www.imdb.com/title/tt0105073/?ref_=sr_i_796
797. False Lady,1992,1h 32m,,5.6,68,,"Man gets killed by a falling pot. He wasn't supposed to die and his spirit must return to his body. Yet he finds out that his body has been cremated, so he takes up residence in the body of a car-crash victim, with a new name Mandy.",https://www.imdb.com/title/tt0184190/?ref_=sr_i_797
798. The Room,1992,1h 32m,,6.0,320,,"A quiet killer is looking for a room. The real state agent, shy and expressionless, guides him through Tokyo, towards the ruins the decadent economy has left behind, in hopes of finding The Room.",https://www.imdb.com/title/tt0275401/?ref_=sr_i_798
799. Banana Spirit,1992,1h 35m,,5.9,77,,"Desperate for money because they owe gambling debts to a mobster, friends Chic and Che begin working for an elderly Taoist master who tasks them with capturing the Banana Spirit.",https://www.imdb.com/title/tt0277053/?ref_=sr_i_799
800. Ghar Jamai,1992,2h 28m,Not Rated,6.3,57,,"Anil is an ethical man who lives by his principles. This impresses Dwarka, a millionaire, who wants to make him his son-in-law. However, after marriage, he insists that Anil move in with his in-laws.",https://www.imdb.com/title/tt2009481/?ref_=sr_i_800
801. Space Case,1992,1h 21m,PG,3.3,46,,"In the future, mental institutions are located on far-away planets. One such planet is the apex for an invasion of Earth by rodent-like aliens. It is up to a band of intrepid mental patients to thwart their evil schemes.",https://www.imdb.com/title/tt0444979/?ref_=sr_i_801
802. Love After Love,1992,1h 44m,,6.0,445,,"Lola is an independent woman, a professional writer with 2 men on a string. Both men are married with children. When the men, and Lola, face having to make choices, Lola's comfortable life becomes less appealing.",https://www.imdb.com/title/tt0103710/?ref_=sr_i_802
803. Impolite,1992,1h 38m,,5.4,85,,A reporter (Robert Wisden) meets mixed reactions as he unravels the truth about the death of a financier.,https://www.imdb.com/title/tt0107196/?ref_=sr_i_803
804. Claude,1992,1h 27m,PG,5.7,65,,"A hapless, bad-luck prone loser meets a free-spirited Frenchwoman who inspires him to get his life back on track.",https://www.imdb.com/title/tt0103980/?ref_=sr_i_804
805. Kick Boxer's Tears,1992,1h 27m,,6.1,163,,A kickboxer is killed in the ring by a dirty opponent who works for a syndicate. The sister of the dead kickboxer vows revenge by facing off against both the dirty kickboxer and the crime syndicate.,https://www.imdb.com/title/tt0105860/?ref_=sr_i_805
806. Dito sa Pitong Gatang,1992,1h 46m,,6.8,31,,"Pitong Gatang is a barangay in Tondo where Berting Cayabyab is the barangay chairman. He holds a dark secret that no one knows about. Mariposa is an adjacent barangay where Lamberta Enriquez or Lambing, for short, is the new barangay chairwoman. She is strict, tough and idealistic. All these began to change when she met the leader of Barangay Pitong Gatang.",https://www.imdb.com/title/tt0377791/?ref_=sr_i_806
807. Noyev kovcheg,1992,,,,,,,https://www.imdb.com/title/tt0105030/?ref_=sr_i_807
808. The Sounds of Silence,1992,1h 30m,,5.0,56,,A man with paranormal abilities discovers that one of his coleagues is cheating the firm they work for. When he threatens to denunciate his coleague things become dangerous...,https://www.imdb.com/title/tt0105447/?ref_=sr_i_808
809. Feast,1992,1h 27m,,5.3,154,,Hope you're hungry...and ready to dig into this delicious cannibal comic romp. Two guy roommates lure lovely ladies back to their bachelor pad for a dinner they'll never forget - since it's their last.,https://www.imdb.com/title/tt0122487/?ref_=sr_i_809
810. Red Room,1992,1h 38m,,3.8,51,,A female cop goes undercover to trap a dangerous serial killer.,https://www.imdb.com/title/tt1069265/?ref_=sr_i_810
811. The Clean Machine,1992,1h 30m,,6.4,206,,"Three children, Benoît, Charles and Marie, provide housekeeping services to creatively spend their time during the summer school vacations while making extra pocket money. Their small business becomes very successful in the neighborhood, but goes terribly wrong when jealousy, sabotage, fraud, and a failed love story begin.",https://www.imdb.com/title/tt0105600/?ref_=sr_i_811
812. Eyes of the Beholder,1992,1h 29m,R,4.1,235,,A crazed escaped mental patient holds 2 couples hostage and terrorizes them in a Malibu beach home during a stormy night.,https://www.imdb.com/title/tt0104218/?ref_=sr_i_812
813. High Heels on a Lady,1992,,,,,,,https://www.imdb.com/title/tt6473976/?ref_=sr_i_813
814. Deceptions,1992,2h,,6.9,68,,A beautiful widow is determined to uncover the facts behind her husband's death.,https://www.imdb.com/title/tt0193082/?ref_=sr_i_814
815. Gô-hime,1992,2h 22m,,6.8,302,,"Chronicles the trials and tribulations of Oribe, the successor to tea-master Rikyu, Usu, his gardener, and Princess Goh, who attempt to balance artistic expression and duty amid political intrigue in feudal Japan.",https://www.imdb.com/title/tt0104351/?ref_=sr_i_815
816. Indrajit,1992,2h 23m,Not Rated,7.7,57,,"Biswajit is a renowned barrister. He has two younger brothers, named Indrajit and Abhisek. He along with his two younger brothers creates a very happy family. Indrajit joins the police force by the recommendation of MLA Suprakash Sanyal. Indrajit is a honest, sincere and brave police officer, on the other hand Abhisek slowly enters into a wrong path. Indrajit does not concentrate properly in family. So he has some conflicts and differences with his wife. At this juncture a rape case investigation is handed over to him. A member of the Sanyal's gang named Raja has done that crime. So Indrajit arrested him and placed the file before court. When the trial is almost at the end of its proceedings, then Sanyal's men kidnapped Indrajit's son. Release of Raja is their only demand and they convey it to Indrajit. On the other hand Sanyal's daughter Rupa loves Abhisek. So she helps Indrajit. After refusing the demand of Sanyal, Indrajit defeats all evil forces and reveals Sanyal in front of public. Everybody now can see the character of Renowned MLA Sanyal. Biswajit's family now again regains its peace and comfort.Watch the full movie, Indrajit, online, only on Eros Now",https://www.imdb.com/title/tt1590999/?ref_=sr_i_816
817. Zuppa di pesce,1992,1h 42m,,6.2,50,,"A despotic father, film producer, can not have a completely peaceful relationship with his daughter and struggles to distinguish life from work.",https://www.imdb.com/title/tt0105905/?ref_=sr_i_817
818. Angel Terminators II,1992,1h 33m,,6.6,290,,When teens help a friend who's been forced into prostitution they upset some very dangerous people. With the help of a renegade cop a bloody war ensues with tragic consequences.,https://www.imdb.com/title/tt0102079/?ref_=sr_i_818
819. La révolte des enfants,1992,1h 37m,,6.4,91,,"In the 19th century, children - particularly the children of the poor - were considered to be an exploitable resource of docile and cheap labor. Anyone who had the effrontery to steal so much as a portion of a loaf of bread for any reason would (at the very least) go to prison, regardless of their age. However, people of conscience were beginning to protest against this situation. The story takes place in a prison for children where conditions are particularly harsh. The warden is a thick-headed martinet who demands complete compliance with the rules, or the children will be brutally dealt with. The assistant warden is a more modern man, and is appalled by the whole institution, but seeks to begin by reforming it. To that end, he has invited a journalist to come and see the conditions that prevail there, in the hopes that she will rouse public opinion against at least this one form of injustice.",https://www.imdb.com/title/tt0122693/?ref_=sr_i_819
820. Casino Tycoon II,1992,1h 54m,,5.6,392,,"Ho San is now the boss of the casino and seems to hold infinite power, but various foes are stacked against him, and his personal relationships continue to cause problems.",https://www.imdb.com/title/tt0104146/?ref_=sr_i_820
821. Wizard's Curse,1992,1h 31m,,6.1,131,,The wizard's curse is a monster created by a magician from the brains of two dead criminals and it turns on its creator and kills him. Like the evil villain in the Bride with White Hair it is a bisexual being with the male and female parts appearing alternately. It thrives on killing and eating the brains of its victims and it seeks immortality by eating the brain of the taoist priest's virgin daughter. Copying the Terminator and Terminator 2 movies this creature is invincible and in a scene copied from these movies attacks a police station looking for its female victim.,https://www.imdb.com/title/tt0105868/?ref_=sr_i_821
822. Cambiando el destino,1992,1h 30m,,5.7,62,,A musical band of teens travel by plane to a scheduled event where they will perform in scenario have an accident and get lost in the middle of the desert.,https://www.imdb.com/title/tt0229288/?ref_=sr_i_822
823. Belle da morire,1992,1h 35m,,4.3,45,,"Sex-addict Eddie seduces girls and then drops them. When one of his lovers, Lucy, kills herself all of his subsequent lovers are meeting violent deaths. Eddie gets cornered by the police and charged with murder.",https://www.imdb.com/title/tt0103789/?ref_=sr_i_823
824. The Neighbor,1992,1h 32m,,6.9,148,,"An elderly man, obsessed with his neighbour, begins to follow her.",https://www.imdb.com/title/tt0107647/?ref_=sr_i_824
825. Humshakal,1992,,,5.2,35,,Commissioner Kapoor makes Dadu Kaliya take the place of his lookalike inspector Vinod who was killed by Devi Dutt but how long will he hide the secret of Vinod's death from his family.,https://www.imdb.com/title/tt0231765/?ref_=sr_i_825
826. Lambu Dada,1992,2h 22m,Not Rated,5.3,31,,"Lavina lives a wealthy lifestyle in Raigarh along with her widower dad, Kunver Pratap Singh, his mother, and a governess, Anita. After her birthday, their lives are shattered by the entry of Pratap's brother, Thakur Vikram Singh, who kills Pratap, and his mother, but fails to kill Lavina, who, with Anita's help, manages to escape. He sends several thugs and goons to try and apprehend them, amongst them are a city thug, Bhushan, and a bandit from Chambal, Bhairav Singh. Bhushan manages to ensnare both, but Lambu Dada comes to their rescue. Neither Lavina nor Anita are aware that Lambu is a hired killer, and his assignment is to bring in both of them alive, hand them over to Vikram, then kill them, and then collect the remainder of his fee.",https://www.imdb.com/title/tt1095011/?ref_=sr_i_826
827. Sa aking puso: The Marcos 'Bong' Manalang Story,1992,1h 43m,,,,,"Inspired by a notorious true crime story, this film follows Bong Manalang, a teen arrested for a brutal triple homicide. While he confesses to the shocking murders in his home, he steadfastly denies the accompanying robbery charges.",https://www.imdb.com/title/tt0435856/?ref_=sr_i_827
828. Hold-up Gang,1992,,,,,,,https://www.imdb.com/title/tt0438086/?ref_=sr_i_828
829. The Oil-Hell Murder,1992,1h 55m,,6.5,238,,A young man's frequent patronage of a prostitute leads to debt.,https://www.imdb.com/title/tt0105060/?ref_=sr_i_829
830. Somewhere Near Conakry,1992,1h 18m,,6.5,57,,"1971: Guinea, thirteen years after independence. A revolutionary storm is brewing on the streets of the city of Fria. Somewhere near Conakry - Children play, far from the adults' worries. The gigantic land stretches from the savanna to the marshes. In this mosaic of people in conflict, Jacques leads his warriors though an Africa that has been torn apart, where only children and the elderly have kept a innocent look in their eyes. Beyond the taboos and laws governing the country, Jacques and Madiou, the little African boy, will experience the trial of friendship and parting.",https://www.imdb.com/title/tt0105203/?ref_=sr_i_830
831. Jeena Marna Tere Sang,1992,2h 30m,Not Rated,3.9,124,,"Amar is the son of a millionaire. He decides to avenge on Asha for slapping him in public, but later falls for her. He also discovers the truth about his father.",https://www.imdb.com/title/tt0337651/?ref_=sr_i_831
832. She Starts the Fire,1992,1h 27m,,4.9,127,,"Chingmy Yau plays a woman with telekinetic powers who comes to visit her other relatives after her mom dies. She runs across a family that works in a nightclub, an aunt who's an aging club girl, a goofy guy and some angry triads.",https://www.imdb.com/title/tt0105119/?ref_=sr_i_832
833. Galaxies Are Colliding,1992,1h 33m,R,5.3,171,,"Black comedy about a normal guy, about to get married, who starts to question all things of a cosmic significance. He starts seeing only The Big Picture, ignoring trivialities (like his wife having a mock affair to get his attention), and gradually withdraws into himself. Told in flashback and retrospect at his funeral from the perspective of his friends and colleagues, we see the characters he encounters on his voyage of enlightenment - including the girl he falls for, and the escaped asylum patient in the middle of the desert who converses only by means of celebrity impersonations...",https://www.imdb.com/title/tt0104316/?ref_=sr_i_833
834. Adventures in Spying,1992,1h 32m,PG-13,4.6,99,,"Brian McNichols and his mate, Shoup are folding newspapers in their Toyota ute, for their paper round, when they spot a notorious criminal who is supposedly dead. They know there is a reward for his capture, so the two friends go to the local policeman who does not believe a single word they say. So they decide, by themselves, to prove that the criminal is alive... and in their town!",https://www.imdb.com/title/tt0103622/?ref_=sr_i_834
835. Color Adjustment,1992,1h 26m,Unrated,7.4,454,,"Analyzes the evolution of television's earlier, unflattering portrayal of blacks from 1948 until 1988, when they are depicted as prosperous and as having achieved the American dream, a portrayal that is inconsistent with reality.",https://www.imdb.com/title/tt0103984/?ref_=sr_i_835
836. Gao bie zi jin cheng,1992,,,6.3,44,,"Manfred Wong spins this period tale about the life of imperial eunuch Lau Lou-hay, after the emperor was forced out of the Forbidden City. After saving the life of anti-imperial soldier Wu Chung (Felix Wong Yat-wah), Lau (Max Mok Siu-chung) agrees to help him capture the imperial seal, the symbol of political legitimacy in China at that time. Though both manage to cozy up to General Cheung (Kent Cheng Chuk-see), the guardian of the seal, their plan eventually fails. Wu helps Lau flee from Cheung's clutches and, upon learning that he is a eunuch, makes the lad his 13th wife. At the Wu estate, Lau is forced to deal with more than his share of political intrigue, particularly in dealing with Tak Cheung (Norman Law Man), the lead eunuch in the household.",https://www.imdb.com/title/tt0104318/?ref_=sr_i_836
837. Avetik,1992,1h 40m,,7.0,190,,Set around the central figure of an Armenian trying to forge a life in the West the film offers a series of impressions of Armenian history.,https://www.imdb.com/title/tt0103741/?ref_=sr_i_837
838. Geet,1992,2h 31m,,6.0,89,,"Rajesh Tripathi lives a poor lifestyle in a village in India along with his widower dad, Shivshankar. He leaves his father so that he can study in Bombay. While there he becomes a fan of singer and dancer, Neha, and even paints hoardings for her shows. During the holidays, he returns home to his village and gets a surprise when he finds that Neha has also re-located there. His overtures to become friendly with her end up in getting the police involved for alleged molestation. After clearing his name, Neha then entraps him to accompany her to an isolated shack and locks him there, which almost kills him. After this incident Neha does accept his friendship and confides in him that she can never sing as she has been poisoned by her former manager, Hari Saxena, so much so that her vocal chords have been damaged repair. Rajesh accepts the challenge and sets about to resurrect Neha's voice and her career - not knowing that both of them may end up being targets of Hari - who has planned a devious ending for Neha and anyone who supports her.",https://www.imdb.com/title/tt0104323/?ref_=sr_i_838
839. Homeboys,1992,Not Rated,,5.5,37,,A look at life on the streets focuses on Hispanic brothers who operate on opposite sides of the law in crime-riddled East Los Angeles.,https://www.imdb.com/title/tt0104432/?ref_=sr_i_839
840. I Wish I Could Be Japanese,1992,49m,,,,,"It depicts the difficulties of and social rejection faced by Koreans in Japan through the story of a Korean man named Park, who was sent to Japan as a soldier during World War II and continued to live there using factitious identity.",https://www.imdb.com/title/tt36162456/?ref_=sr_i_840
841. Die Antigone des Sophokles nach der Hölderlinschen Übertragung für die Bühne bearbeitet von Brecht 1948 (Suhrkamp Verlag),1992,1h 40m,,6.6,514,,A teenaged girl is executed for going against a king's wishes and honoring her brother's death.,https://www.imdb.com/title/tt0103707/?ref_=sr_i_841
842. Stilles Land,1992,1h 35m,,6.6,197,,"In a small northern GDR town, a theater with a tiny stage and buried dreams awaits director Kai. As he struggles with his vision, a revolution unfolds in the distant capital - it's the fall of 1989.",https://www.imdb.com/title/tt0105474/?ref_=sr_i_842
843. Loving Lulu,1992,1h 36m,R,6.7,61,,"A comedian falls in love with his psychologist's wife, which is no laughing matter for the psychologist.",https://www.imdb.com/title/tt0107453/?ref_=sr_i_843
844. Warsaw: Year 5703,1992,1h 50m,,6.3,201,,"In the winter of 1943 two young Jews, Alek and Fryda, escape, via sewer tunnels, from the atrocities underway in Warsaw ghetto. Alek, entrusted with undeveloped photos of the horrors within, makes his way to a supposedly safe apartment only to find it occupied by Germans. Another tenant, a pole Stephania, abruptly offers to shelter him in her spacious apartment. She comforts him and they make love that very night. Stefania is uncommonly generous and willing to jeopardize her own safety by hiding a Jew. She even goes to a nearby church and rescues Fryda. But Fryda is ungrateful and proceeds to sabotage the trio's safety in insidious ways.",https://www.imdb.com/title/tt0105783/?ref_=sr_i_844
845. Zoloto,1992,1h 31m,,5.8,98,,"When gold is discovered in a remote location, a variety of different groups descend on the spot to stake their claims, resulting in a spate of brutal violence.",https://www.imdb.com/title/tt0108661/?ref_=sr_i_845
846. Pandian,1992,2h 29m,Not Rated,5.2,315,,"Pandiyan is a police officer whose sister's husband goes missing. In order to find him and catch the culprits, he goes undercover.",https://www.imdb.com/title/tt0318540/?ref_=sr_i_846
847. Frame-Up II: The Cover-Up,1992,1h 32m,R,4.3,79,,"The bank president in a small California town isn't quite the upstanding citizen he appears to be--he's a corrupt killer, who has just kidnapped the wife and daughter of the local sheriff.",https://www.imdb.com/title/tt0106954/?ref_=sr_i_847
848. Far from Berlin,1992,1h 35m,,6.9,13,,,https://www.imdb.com/title/tt0104232/?ref_=sr_i_848
849. Pink Sauce,1992,1h 26m,,5.0,339,,"Ana's husband is the perfect wealthy middle-class man. Koro's husband is a cook with no more ambitions. One day, Ana meets Koro in a night club and she proposes Ana to seduce each others husbands. The following morning Ana thinks this was a joke, but things are not always what it seems.",https://www.imdb.com/title/tt0102830/?ref_=sr_i_849
850. Zulm Ki Hukumat,1992,2h 32m,,5.2,196,,"When a gangster falls prey to gang war launched by his rival, his estranged younger brother joins the police to find his killer.",https://www.imdb.com/title/tt0390667/?ref_=sr_i_850
851. Street Crimes,1992,1h 34m,R,4.9,280,,"Two cops, one with a gun and one with his fists, risk everything to make the neighborhood crime and drug free by taking down the most powerful street lord.",https://www.imdb.com/title/tt0105485/?ref_=sr_i_851
852. Handsome Siblings,1992,1h 42m,,5.8,521,,"Durring the Tang Dynasty, a kung-fu tournament was held once every 18 years with the winner declared the leader of the land until the next competition. But a tournament with such high stakes brings out the best, and worst, in the various competitors and leaders.",https://www.imdb.com/title/tt0104572/?ref_=sr_i_852
853. Jaan Se Pyaara,1992,3h,,5.2,172,,A man tries to lead a double life as a Cop and at the same time look after his retarded twin brother and devoted mother. But then his dangerous police work comes in the way of his family life causing tragedy.,https://www.imdb.com/title/tt0193246/?ref_=sr_i_853
854. Corpse Fucking Art,1992,1h,,6.4,154,,"A feature length documentary following the making of horror director, Jorg Buttgerreit's movies.",https://www.imdb.com/title/tt0275274/?ref_=sr_i_854
855. Gaiola da Morte,1992,1h 30m,,5.9,17,,Martial arts fighters are kidnapped and forced to fight each other to the death.,https://www.imdb.com/title/tt0443009/?ref_=sr_i_855
856. Miroslava,1992,1h 40m,,6.6,159,,"Mexico, 1955. A beautiful and popular movie star, Miroslava Sternova (Dombasle) is depressed tonight. Sad memories fill her mind: her childhood in the pre-war Prague, one failed marriage, several attempts to be taken as a serious actress and the betrayal of the man she loved. As she prepares to commit suicide her entire life reveals itself on the screen, showing us the portrait of a lonely woman.",https://www.imdb.com/title/tt0107582/?ref_=sr_i_856
857. Un año perdido,1992,1h 40m,,5.7,57,,"Two young women in 1976: Matilde wants to be a dentist, Yolanda wants to sing. They challenge their fathers, grow up, and experience sexual discovery, rebellion, drugs, and politics in a friendship story that reunites in the '90s.",https://www.imdb.com/title/tt0106331/?ref_=sr_i_857
858. Magudam,1992,2h 32m,,5.9,19,,"Despite his possessive grandmother's efforts, Muthuvel falls in love with a medical student. He encourages the girl in achieving her goal towards becoming a doctor and also helps her deal with a goon.",https://www.imdb.com/title/tt0254539/?ref_=sr_i_858
"859. Roy Rogers, King of the Cowboys",1992,1h 20m,,8.6,60,,Thys Ockersen enjoyed in his childhood in the fifties with his friends the Roy Rogers pictures in the local cinema. Many years later he starts his search for the old singing cowboy and his wife Dale Evans. A journey that starts in Amsterdam with a meeting with Roy's granddaughter Mindy who lives there. On his travels he meets co-stars of Roy and Dale and their director William Witney. And than there's the Roy Rogers Museum in Victorville where Thys talks with Roy Rogers and Dale Evans and sees the stuffed Trigger.,https://www.imdb.com/title/tt0105290/?ref_=sr_i_859
860. On the Bridge,1992,1h 35m,,7.2,45,,"A documentary of director Frank Perry's own fight with cancer, which he ultimately lost in 1995.",https://www.imdb.com/title/tt0105053/?ref_=sr_i_860
861. Deedar,1992,2h 10m,Not Rated,4.0,693,,A young couple in love want to get married but their plans are thwarted by the revelation that the young man's businessman father had framed the young woman's father for a crime he did not commit.,https://www.imdb.com/title/tt0104072/?ref_=sr_i_861
862. Cousin Bobby,1992,1h 10m,Not Rated,6.5,203,,"A documentary about Director Jonathan Demme's cousin, an Episcopalian minister in Harlem.",https://www.imdb.com/title/tt0104018/?ref_=sr_i_862
863. Back to the USSR,1992,1h 34m,,5.6,253,,It is glasnost in the USSR. Reima August is the last communist. A lonely outcast that does not agree with the new world around him.,https://www.imdb.com/title/tt0099089/?ref_=sr_i_863
864. Kasak,1992,2h 30m,,5.7,63,,Divya loved Suraj who is now no more she marries Vijay for the sake of her family and plans to divorce him soon but will Vijay agree to her terms.,https://www.imdb.com/title/tt0154720/?ref_=sr_i_864
865. The Return of Casanova,1992,1h 33m,,5.8,661,,"After many years of rambling across Europe the aging Giacomo Casanova is impoverished. He wants to return to Venice but he doesn't dare going there directly, because he was a fugitive when he left.",https://www.imdb.com/title/tt0105243/?ref_=sr_i_865
866. Tusea si junghiul,1992,1h 31m,,7.5,108,,"An old man and an old woman each have a daughter. Influenced by the old woman, the old man banished his daughter and sent her out into the world. Thanks to her virtues, she will earn from Good Friday a chest full of riches. Envious, the old woman's daughter also leaves, determined to get a gift from Good Friday, but because of her flaws she will only succeed in getting into trouble.",https://www.imdb.com/title/tt0187845/?ref_=sr_i_866
867. Mannan,1992,2h 34m,Not Rated,7.2,1.1K,,"Circumstances force the union leader of a factory to marry his own boss, a rich and arrogant lady who has ulterior motives. Krishnan is forced into a loveless marriage when he is really in love with Meena.",https://www.imdb.com/title/tt0319813/?ref_=sr_i_867
868. Qaid Mein Hai Bulbul,1992,2h 32m,,3.2,49,,"In a scenic village in India live two love-birds, Pooja Choudhry and Suraj. Both are childhood sweethearts and would like to get married soon. The only ones opposed to their marriage are Guddo and Vimla, their respective mothers, while their respective fathers have already given their blessings to them. Facing strong opposition, Suraj and Pooja elope, hoping that their mothers will have a change of heart. Before that could happen, Pooja disappears and the only clue that Suraj has is that she may be imprisoned in a local, reportedly haunted, castle - from where no one has ever returned alive to tell the tale.",https://www.imdb.com/title/tt0390400/?ref_=sr_i_868
869. Chevalier Mikhayel,1992,2h 23m,Not Rated,3.5,10,,"Watch the full movie, Chevalier Mikhayel, only on Eros Now. Chevalier Mikhayel is a 1992 Indian Malayalam film, directed by P.K. Baburaj and produced by Leo Flims. The film stars Thilakan, Anand Babu and Vinodhini in lead roles. The film had musical score by J.M. Raju.",https://www.imdb.com/title/tt0354010/?ref_=sr_i_869
870. Samurai Vampire Bikers from Hell,1992,1h 24m,Not Rated,6.3,124,,Alexander Hell (Scott Shaw) is a cross-dimensional mercenary. He rides his Harley out of the dark abyss to send ancient vampires back to Hell.,https://www.imdb.com/title/tt0105310/?ref_=sr_i_870
871. Invasion of the Scream Queens,1992,1h 22m,,6.1,116,,"Women who have made a career out of starring in the B horror and science fiction genres are interviewed, and clips and trailers from their films are shown.",https://www.imdb.com/title/tt0229477/?ref_=sr_i_871
872. Thunder Ninja Kids in the Golden Adventure,1992,1h 30m,,4.5,62,,Three young martial artists travel to the big city to retrieve a sacred statue that was stolen by ninjas for a criminal gang.,https://www.imdb.com/title/tt0201981/?ref_=sr_i_872
873. Harmony Cats,1992,1h 44m,,6.7,157,,"Graham Braithwaite is a violinist in a B.C. symphony. Unfortunately the symphony folds and much to his horror and disdain, he's forced to get a gig with a country band as the bassist. He has to leave the city and his girlfriend, Jane, to tour the B.C. interior with Frank Hay and his band. At first he has a hard time fitting in, but he realizes that Debbie, one of the backup singers and Frank's daughter, has a great voice and asks Frank if he can work with her. She slowly begins to get more of the set time and he feels more at home in the band. Problems arise between Frank and Debbie and Graham and Jane because of the supposed relationship between Graham and Debbie.",https://www.imdb.com/title/tt0107080/?ref_=sr_i_873
874. Laser Moon,1992,1h 31m,R,2.4,339,,A radio DJ helps two police detectives hunt down a serial killer who kills women using a surgical laser instrument during every full moon and whom makes taunting phone calls the radio station.,https://www.imdb.com/title/tt0104683/?ref_=sr_i_874
875. Donga Police,1992,2h 10m,,8.3,143,,,https://www.imdb.com/title/tt0363011/?ref_=sr_i_875
876. The Musical Vampire,1992,1h 30m,,5.4,135,,A crazy white scientist resurrects a corpse with a werid chemical creating a super hopping ghost. The only thing that can somewhat control it is the sound of music. A Tao Priest and his two assistants try and stop it from destroying the countryside.,https://www.imdb.com/title/tt0121906/?ref_=sr_i_876
877. Ngayon at kailanman,1992,1h 39m,,6.2,25,,"Ayra (Sharon Cuneta) is an heiress who came home to bury her dead father and who later discovered that her family's estate had been taken over by Edwin (Richard Gomez), her childhood sweetheart and the son of their former overseer.",https://www.imdb.com/title/tt0345705/?ref_=sr_i_877
878. Bekhudi,1992,2h 20m,Not Rated,4.4,273,,"The parents (Tanuja and Vijayendra Ghatge) of Radhika (Kajol) have arranged her marriage to Vicky (Ajay Mankotia) in Canada. She insists on going there to meet him in person in order to know him better, to which they agree. Once in Canada, she meets with Vicky and initially approves of him. She then meets with Rohit (Kamal Sadanah) and slowly both fall in love with each other. When her parents find out, they are outraged, and so is Vicky. All three get together and plan to force Radhika to marry Vicky. Vicky holds Rohit hostage, in order to force Radhika to consent to marry him. No avenue of escape appears to be in sight. Will Rohit be spared after their marriage?",https://www.imdb.com/title/tt0172170/?ref_=sr_i_878
879. Nordkurve,1992,1h 45m,,6.1,176,,Moments from the lives of a large number of people who have nothing much in common except a strong desire to achieve their various personal goals and their attendance at a soccer match.,https://www.imdb.com/title/tt0107701/?ref_=sr_i_879
880. Silent Möbius 2,1992,58m,Not Rated,6.1,162,,Katsumi Liqueur has just one thing in mind: to leave the horrible city of Tokyo as fast as possible.,https://www.imdb.com/title/tt0160869/?ref_=sr_i_880
881. What's Up?,1992,1h 50m,,5.7,282,,The film is about an imaginative and lively student who transforms her immediate family and surroundings when she talks herself into writing a novel.,https://www.imdb.com/title/tt0104106/?ref_=sr_i_881
882. Anutap,1992,2h 26m,Not Rated,7.2,23,,"Anutap is a story of a loving couple who meets, fall in love, marry and then get separated however eventually comes back to being together for life.",https://www.imdb.com/title/tt0364208/?ref_=sr_i_882
883. Aham,1992,1h 59m,,7.0,261,,"Sidharthan and his wife, Renjini, are at odds with each other over his conformist manners. During an argument, she falls from the balcony and slips into a coma which leads him to lose his sanity.",https://www.imdb.com/title/tt0353167/?ref_=sr_i_883
884. Sevillanas,1992,53m,,7.2,173,,"Filmed like a documentary, ""Sevillanas"" consists of eleven short performances by Spain's most famous flamenco dancers, singers and guitarists. Saura, well-known for his flamenco films (""Blood Wedding,"" ""Carmen""), here provides an in-depth look at the Sevillanas form of flamenco and its dancers.",https://www.imdb.com/title/tt0105364/?ref_=sr_i_884
885. Anaam,1992,,,6.4,55,,"Bombay's Police Inspector Angre is assigned the task to investigate the theft of a Fiat car from Blue Ribbon Hotel which belonged to Ghanshyamdas Gupta. The alleged culprit is hospitalized, is claiming a memory loss, and had attempted to choke the life out of his nurse. Then a wealthy industrialist shows up stating that this young man is his son, Sikander, takes him home with him and arranges for a companion, Roopesh, to be with him all the time. Angre continues to pursue this matter but is all the more perplexed when he is notified by Inspectors K.K. Diwan and P.C. Yadav that Sikander is actually Poona-based Jony K. D'Souza, a career thief, who may have killed his wife, Janice, as well as his companion, Roopesh, and is on his way back to Bombay. Angre deduces that since Sikander got off the train at Dadar Railway Station, and is more likely to be anywhere from Bombay Central to Borivili or from Parel to Chembur. Angre will subsequently be faced with another mystery when the culprit surfaces again - this time with the identity of Aakash, the fiancé of a young woman, Meghna. While Angre is determined to find out the culprit's real identity, Meghna is certain that he is an impostor as she is sure that Aakash was killed by gangsters. The question remains: who is this culprit and what exactly is his real identity?",https://www.imdb.com/title/tt0391741/?ref_=sr_i_885
886. It Was a Wonderful Life,1992,1h 22m,,7.2,158,,"Feature-length documentary deals with homeless women, once secure in their middle-class status, who through divorce, misfortune, or circumstances were reduced to living on the street.",https://www.imdb.com/title/tt0107232/?ref_=sr_i_886
887. La fille de l'air,1992,1h 43m,,6.0,178,,"A woman, madly in love, decides to organize the escape of her husband who has received a sentence of 18 years in prison.",https://www.imdb.com/title/tt0104261/?ref_=sr_i_887
888. Bezness,1992,1h 40m,,6.0,162,,"Roufa, a young prostitute (Bezness) befriends a French photographer sent to do an expose.",https://www.imdb.com/title/tt0103806/?ref_=sr_i_888
889. Son of the Jungle,1992,,,7.0,17,,"Orphaned as a small child, Raja has been living among the animals of the jungle with no knowledge of what love means.",https://www.imdb.com/title/tt2678764/?ref_=sr_i_889
890. Ninja Zombie,1992,1h 27m,,4.9,180,,"Archaeologist Orlan seeks martial artist Jack's help against cult threatening him after dig. Jack dies, revived as Ninja Zombie by voodoo witch. They fight cult leader who kidnaps Jack's fiancée for magical artifact.",https://www.imdb.com/title/tt8184986/?ref_=sr_i_890
891. Paayal,1992,2h 30m,,4.1,45,,A woman meets with opposition after she introduces her boyfriend to her grandmother.,https://www.imdb.com/title/tt0105116/?ref_=sr_i_891
892. Lover's Tear,1992,1h 37m,,6.0,56,,"A cop in the Hong Kong anti-smuggling unit goes to mainland China to retrieve some confiscated contraband. His real objective, though, is to arrest the boss of the smuggling ring. His goal is endangered, though, when he falls for the gang boss' daughter.",https://www.imdb.com/title/tt0102906/?ref_=sr_i_892
893. Das war der wilde Osten,1992,1h 40m,,4.6,583,,The Struutz family return from holidays after the fall of the Berlin Wall to find their home being bulldozed to make way for a golf course. It gets worse when Udo inherits a nearly-bankrupt garden gnome factory.,https://www.imdb.com/title/tt0104349/?ref_=sr_i_893
894. Requiem for a Handsome Bastard,1992,1h 33m,,7.3,476,,The last three days in the life of a notorious criminal as seen through the eyes of eight different people.,https://www.imdb.com/title/tt0105235/?ref_=sr_i_894
895. Champakkulam Thachan,1992,2h 15m,,6.2,77,,"Kuttimaran lusts after his friend Raghavan's wife and spreads false stories about himself and her, as they were once betrothed.",https://www.imdb.com/title/tt0353283/?ref_=sr_i_895
896. How U Like Me Now,1992,1h 50m,R,6.4,69,,"An ambitious yuppie, bored with her unmotivated boyfriend, moves out and starts an interracial relationship with a man she meets at a party. When things don't work out she goes home to find her ex has a surprise for her.",https://www.imdb.com/title/tt0107154/?ref_=sr_i_896
897. Nomer 'lyuks' dlya generala s devochkoy,1992,1h 40m,,5.5,30,,,https://www.imdb.com/title/tt0179385/?ref_=sr_i_897
898. The scandal,1992,1h 52m,,3.4,13,,Kamel works as an employee in the government and lives happily with his wife Amina and his two daughters. His neighbor Mohsen invites him and his family to spend several days with his sister Suad in his luxury apartment in Alexandria.,https://www.imdb.com/title/tt33828724/?ref_=sr_i_898
899. Redheads,1992,1h 47m,R,5.7,98,,A prominent lawyer has an affair with a girl from juvie who wants a way out. She's taping their tryst when someone enters and kills the lawyer. Now he's after her and the tape. Her only chance is a stand up female public defender.,https://www.imdb.com/title/tt0105230/?ref_=sr_i_899
900. Byron: Ballad for a Daemon,1992,2h 18m,,5.5,164,,Poet Lord Byron decides to fight with the Greek revolutionaries in Missolonghi against the Turks but instead the glorious battle wrestles with fever and his own demons.,https://www.imdb.com/title/tt0241230/?ref_=sr_i_900
901. American Streetfighter,1992,1h 29m,Not Rated,3.7,313,,"There are battles fought in the ring, in the streets, for love and for honor.... but now Jake Tanner (Gary Daniels) faces the battle of his life. To save his brother (Ian Jacklin) he must make the ultimate sacrifice.",https://www.imdb.com/title/tt0103674/?ref_=sr_i_901
902. Die wahre Geschichte von Männern und Frauen,1992,1h 32m,,4.6,36,,"Eva, Charlotte, Gudrun and Karla, the self-proclaimed therapist, have separated from their husbands and moved into a fortress-like house with a garden.",https://www.imdb.com/title/tt0105779/?ref_=sr_i_902
903. Day of Despair,1992,1h 15m,,6.7,254,,Portrait of the last days of the life of Portuguese writer Camilo Castelo Branco.,https://www.imdb.com/title/tt0104099/?ref_=sr_i_903
904. Chô kageki honban: Shisshin,1992,58m,,,,,,https://www.imdb.com/title/tt2675286/?ref_=sr_i_904
905. No Angel,1992,1h 36m,,6.2,31,,"An adman, his lover and a shady developer are subject to the desires of a wily beauty.",https://www.imdb.com/title/tt0275555/?ref_=sr_i_905
906. Off Season,1992,1h 35m,,6.4,200,,The formerly great Swiss hotel which Valentin's family owned when he was a boy has been emptied and is about to be torn down. He revisits the magical site's empty halls and ballrooms.,https://www.imdb.com/title/tt0105908/?ref_=sr_i_906
907. Primary Motive,1992,1h 31m,R,5.6,196,,"In this political thriller, an ambitious press secretary discovers that the opposing political candidate has feathered the nest of his campaigns with terrible lies.",https://www.imdb.com/title/tt0105173/?ref_=sr_i_907
908. Dream Deceivers,1992,1h,Not Rated,7.3,397,,"Two young men attempt suicide, one dies, the other survives disfigured. Their parents sue heavy metal band Judas Priest, alleging their music influenced the act. The documentary covers the unprecedented trial against the band.",https://www.imdb.com/title/tt0104140/?ref_=sr_i_908
909. 8 Man,1992,1h 23m,,5.5,120,,"After Tokyo police officer Yokoda is killed in the line of duty, his chief decides give Yokoda's body to Dr. Tani for use in a secret scientific experiment: Yokoda's brain will be transplanted into a super-powered robot body, making him into an unstoppable policeman of the future. The supercop develops problems, however, when he begins to remember his human past. Then there is the matter of Dr. Tani's other cyborg, who has become a super-powered homicidal maniac.",https://www.imdb.com/title/tt0182668/?ref_=sr_i_909
910. Shadow Warriors,1992,1h 22m,,5.2,18,,,https://www.imdb.com/title/tt0105375/?ref_=sr_i_910
911. Ganga Bani Shola,1992,,,5.6,17,,,https://www.imdb.com/title/tt0396610/?ref_=sr_i_911
912. Vagabond,1992,1h 25m,,7.2,54,,"Quentin is a vagabond. For seven years now, he has been wandering the roads of France with no illusions. Since the death of Louise, a young woman he loved infinitely.",https://www.imdb.com/title/tt0105718/?ref_=sr_i_912
913. Mission of Justice,1992,1h 25m,,5.9,99,,"Two agents are assigned to break up a gang involved in counterfeiting, white slavery and drug smuggling.",https://www.imdb.com/title/tt0104889/?ref_=sr_i_913
914. Anmonaito no sasayaki wo kiita,1992,1h 10m,,7.4,107,,A fantasy story based on the relationship between Kenji Miyazawa and his younger sister Toshi.,https://www.imdb.com/title/tt0103700/?ref_=sr_i_914
915. Steele's Law,1992,1h 30m,R,6.6,122,,"Steele, a plainclothes Chicago cop, is recruited by the FBI to foil an assassination plot in Dallas, Texas. It seems that Joe Keno, a former nemesis of Steele, is planning to assassinate the Iraqi ambassador to the U.S. Keno is funded by several prominent Texas businessmen. Steele travels to Dallas, where he makes friends with Barnes; Steele is contacted by a Dallas-based FBI agent who sets him up with his contact, ""Peacekeeper."" Joe Keno has abandoned previous ways and methods; the assassin is now also a serial killer. While Keno's victims are found in abandoned warehouses and parks, Steele encounters numerous obstacles. The Chicago cop encounters friendly Texas racists, is ambushed in a redneck saloon, and battles the incompetence and petty jealousy of Dallas police. Meanwhile Steele tries to stop Keno before the Iraqi ambassador becomes his next victim.",https://www.imdb.com/title/tt0102978/?ref_=sr_i_915
916. Therku Theru Machan,1992,2h 16m,,,,,"Subramani (Sathyaraj) and Parimala (Bhanupriya) fall in love with each other. Devaraj (Mansoor Ali Khan), the owner of a gambling club, also wants to marry Parimala. What transpires later forms the crux of the story.",https://www.imdb.com/title/tt33384837/?ref_=sr_i_916
917. The Finishing Touch,1992,1h 21m,R,5.3,112,,"Sam Stone is a cop with personal as well as professional problems. Stone investigates a series of killings in the night club scene. His exwife, also a cop, goes undercover to find the killer and Stone is faced with a double problem: keeping her alive and catching the killer before another woman is killed.",https://www.imdb.com/title/tt0104273/?ref_=sr_i_917
918. Immer Ärger mit Nicole,1992,1h 29m,,1.7,30,,,https://www.imdb.com/title/tt0208223/?ref_=sr_i_918
919. Thalasthanam,1992,,,6.0,79,,"Unnikrishnan gets in trouble and is later killed for beating up Pappan, a popular face in student politics. However, when his brother learns the truth about his death, he sets out to seek revenge.",https://www.imdb.com/title/tt0354100/?ref_=sr_i_919
920. L'altra dimensione,1992,1h 18m,,6.0,53,,,https://www.imdb.com/title/tt24950742/?ref_=sr_i_920
921. Sun of the Sleepless,1992,2h 3m,,8.4,1.8K,,About a doctor named Gela Bendeliani (Elgudzha Burduli) and his wealthless family in Tbilisi in Soviet Georgia. In the film Gela Bendeliani has an unlimited capacity for generosity and forgiveness.,https://www.imdb.com/title/tt0108429/?ref_=sr_i_921
922. Kino,1992,1h 49m,,6.4,60,,"Before dying, feeling very ill, the italian father Francisco Eusebio Kino remembers when he was younger and traveled from Europe to New Spain (México). Although he wanted travel to China, his superior send him to the new continent. It was the end of XVI. He joined Admiral Atondo as a cartographer and a missioner. Once he discovered the peoples from America, he believed that his place was just there. As a goal, he wanted to stablish a mission in the ""island"" of California, but the land was so harsh. Instead of that, he had to save souls in Sonora, also dry lands. As a humble and warm heart he had to see how spanish forces mistreated the indians.",https://www.imdb.com/title/tt0107323/?ref_=sr_i_922
"923. Can Go Up, Can Go Down",1992,1h 22m,,7.1,64,,Three friends embark on a series of comedic shenanigans after receiving security guard training from an unreliable source.,https://www.imdb.com/title/tt1074941/?ref_=sr_i_923
924. Chembaruthi,1992,2h 25m,,6.6,80,,"Raja, a rich lad falls in love with Chembaruthi, a maid who works in his grandmother's house. His family rejects their love due to the social differences. What will he do to marry his sweetheart?",https://www.imdb.com/title/tt0259241/?ref_=sr_i_924
925. Kamaladalam,1992,2h 34m,,8.0,695,,"Nandagopan is a respected dance teacher. However, his life takes an unexpected turn when his wife commits suicide causing him to become an alcoholic and compulsive rule breaker.",https://www.imdb.com/title/tt0237363/?ref_=sr_i_925
926. Exiled in America,1992,1h 24m,Not Rated,4.8,72,,"A Central American revolutionary is captured and tortured by government forces. He escapes and flees to the US, hiding out in a rural area where he is sheltered by a Christian sanctuary movement. His wife gets a job at a local diner run by one of the town's shadier women, and soon a CIA assassination team shows up, looking for him.",https://www.imdb.com/title/tt0099527/?ref_=sr_i_926
927. Best of the Best,1992,1h 36m,Not Rated,5.9,142,,"The son of a crooked cop follows in his father's footsteps. He joins an elite group of cops known as the ""Flying Tigers"" and learns the true meaning of justice.",https://www.imdb.com/title/tt0104245/?ref_=sr_i_927
928. Mean Tricks,1992,1h 56m,,5.5,88,,"Hornsby, a recently retired FBI agent, goes to South America to find his old partner Mendoza who is soon killed. With local cop Rodriguez and PD secretary Candelaria Hornsby follows the traces of a drug smuggling ring.",https://www.imdb.com/title/tt0104836/?ref_=sr_i_928
929. A Mission to Kill,1992,,,5.0,83,,"His activities in Viet Nam would be denied by the U S Government. Only two others providing similar service returned to the states. Now he's getting mental help in a military institution, escapes, and must be recaptured.",https://www.imdb.com/title/tt0368868/?ref_=sr_i_929
930. Sinungaling mong puso,1992,2h 3m,,8.2,19,,,https://www.imdb.com/title/tt0186552/?ref_=sr_i_930
931. Tayong dalawa,1992,1h 41m,,7.5,19,,,https://www.imdb.com/title/tt0345993/?ref_=sr_i_931
932. Kuang,1992,1h 31m,,6.5,23,,"Set in late 1890s,a southeast China small town, right after first Sino Japanese War,a young woman who married a local grocery store owner,falls in an extramarital affair with her husband's brother-in-law. turns everyone's life upside-down.",https://www.imdb.com/title/tt0104646/?ref_=sr_i_932
"933. Susan Tyrrell: My Rotten Life, a Bitter Operetta",1992,,,5.4,12,,"""It's a little raw and crude right now, but I want this to be 'My Rotten Life' as a dessert, not as a liver pill."" Susan Tyrrell's performance recorded.",https://www.imdb.com/title/tt5020714/?ref_=sr_i_933
934. Great Conquest: Romance of Three Kingdoms,1992,2h 29m,,7.1,138,,"Begins during the Yellow Turban rebellion that initiated the downfall of the Han dynasty. Liu Bei is striving to find a way to bring order to a chaotic world. Cao Cao ponders destiny as hero in a chaotic world, or villain in a peaceful one",https://www.imdb.com/title/tt0295583/?ref_=sr_i_934
"935. Now You See It, Now You Don't",1992,1h 37m,,6.3,196,,This is a screwball-comedy in Hong Kong style. Chow Yun Fat plays the spoiled village hetman of a tiny village in Hong Kong. The plot revolves around his love interest who has run off to work in downtown Hong Kong and many culture clashes between the peasants and urban life are highlighted.,https://www.imdb.com/title/tt0105831/?ref_=sr_i_935
936. A skorpió megeszi az ikreket reggelire,1992,1h 29m,,7.1,231,,This is a story of a man who wants to grasp and hold his beloved one by him and a woman who insists on that her love can't be grasped.,https://www.imdb.com/title/tt0105423/?ref_=sr_i_936
937. Mobile Suit Gundam 0083: The Afterglow of Zeon,1992,2h,,7.2,510,,"After the One Year War, peace was signed between Zeon and the Earth Federation. Three years later, however, some remaining forces of Zeon who never gave up steal the new Federation mobile suit Gundam Unit 2, capable of Nuclear Strike and use it as its primary weapon in their Operation Stardust. Can Federation rookie pilot Kou Uraki and his Gundam Unit 1 match up against Zeon's Anavel Gato, the Nightmare of Solomon, and still be albe to stop Zeon before it's too late? This is movie is the compilation of the 13-episode made-for-video series ""Kidô senshi Gundam 0083: Stardust Memory"" (1991)",https://www.imdb.com/title/tt0159508/?ref_=sr_i_937
938. Is That All There Is?,1992,52m,,7.0,166,,"Award winning director Lindsay Anderson (If..., O Lucky Man!) subverts the mockumentary genre and presents to the audience a detailed and humored account of what truly means to be Lindsay Anderson in his daily routine, meeting with artists, actors and regular people, discussing what's going on in the world at the time. And, of course, there's plenty of time for him to discuss some of his passions: movies and theatre, remembering of his time as a former film critic and stage director.",https://www.imdb.com/title/tt0206048/?ref_=sr_i_938
939. Pink Lady,1992,1h 21m,,6.3,63,,"A depressing, sweet tale about the relationship between two former school girls that cannot survive in a strict, ignorant world.",https://www.imdb.com/title/tt0102161/?ref_=sr_i_939
940. Bakit labis kitang mahal,1992,,,7.7,63,,,https://www.imdb.com/title/tt0343398/?ref_=sr_i_940
941. Al-Qatila,1992,1h 45m,,5.0,27,,"How many Egyptian giallo/rape-revenge/social dramas do you know of? Well, now you now of at least one. One might hope for something really, really weird and alien from such a concoction but you'd only be partially correct. While it does have some (very) surprising sleaze as well as some odd hypnotic passages for the most part LADY KILLER kind of just plods along, dealing with its own conservative Arab society concerns, uninterested in whatever the outside world might think.",https://www.imdb.com/title/tt4082190/?ref_=sr_i_941
942. Boy Praning: Utak pulbura,1992,,,,,,"Willie Boy (Ian Veneracion), a young man who gets drawn into a world of crime and corruption. With the help of his friends, Willie Boy uses his intelligence and courage to fight against villains and establish justice.",https://www.imdb.com/title/tt5067764/?ref_=sr_i_942
943. The Pied Piper of Hamlin,1992,50m,Not Rated,5.9,38,,"A grandfather relates to his two grandchildren, the story of the township of Hamlin which was plagued with rats. In their moment of desperation, a stranger, a Pied Piper, appears with a promise to rid the town of rats forever in exchange for 200 gold bars. The Piper fulfils his promise by playing magical music which attracts all the rats as he led them to the river to drown. When the townspeople fail to keep their promise and pay him only 1 gold bar, he vows revenge - and delivers... The moral of the story - Always keep your promise - always pay the piper.",https://www.imdb.com/title/tt1296563/?ref_=sr_i_943
944. Dead End,1992,,,6.1,76,,"A pair of serial killers travel the Southwest, committing murders along the way. However, their crimes come back to haunt them as they pass through the desert on an Indian reservation when they begin to see what they think are the ghosts of their victims.",https://www.imdb.com/title/tt0228190/?ref_=sr_i_944
945. Il vizio infinito,1992,1h 52m,,3.0,5,,,https://www.imdb.com/title/tt16711608/?ref_=sr_i_945
946. Meera,1992,,,5.5,115,,Meera's life changes after she witnesses a policeman committing a murder. He then vows to kill her but her friend Jeeva sets out to help her.,https://www.imdb.com/title/tt0318439/?ref_=sr_i_946
947. Assolto per aver commesso il fatto,1992,1h 58m,,5.9,114,,"A former inspector of the SIAE, focusing everything on his cunning and stubbornness, tries to grab (even in fraudulent ways) all the televisions or private radios that come to hand; all to please a mysterious woman named Gilda.",https://www.imdb.com/title/tt0103726/?ref_=sr_i_947
948. Honeymoon,1992,2h 40m,Not Rated,5.7,70,,"An unemployed male, forced to marry a wealthy woman, is not only evicted but must also pose as her servant.",https://www.imdb.com/title/tt0395582/?ref_=sr_i_948
949. Exorcist Master,1992,1h 31m,,5.8,265,,"When a Catholic church in a small Chinese town falls prey to an evil combing the powers of Western and Chinese vampires, Taoist priest Uncle Nine (Lam Ching Ying) and Catholic priest Wu (Wu Ma) must overcome religious and cultural differences in order to defeat the vampire.",https://www.imdb.com/title/tt0106841/?ref_=sr_i_949
950. The Warrior's Heart,1992,1h 42m,,6.5,116,,"A Norwegian nurse falls in love with a Finnish soldier in the Winter War of 1939/40 between Finland and the USSR. After settling down World War II erupts, and he is lost in Finland, as she falls in love with Maximilian, a German soldier.",https://www.imdb.com/title/tt0104640/?ref_=sr_i_950
951. Chaz and Vinnie's Sex Adventure,1992,,,,,,Two college students produce the craziest film project for their professor that takes Palm Springs by storm.,https://www.imdb.com/title/tt4078146/?ref_=sr_i_951
952. Dharavi,1992,2h,Not Rated,7.3,407,,"Rajkaran lives in Dharavi, the biggest slum in the world. He aspires to start his own business and even manages to do it. But several misfortunes land him back to square one, penniless and alone.",https://www.imdb.com/title/tt0104098/?ref_=sr_i_952
953. The Assassinator,1992,1h 29m,,5.3,29,,"Chris McCall, a seemingly perfect family man who secretly works as a top contract killer for an outfit known as The Office, risks losing everything when he kills the wrong person.",https://www.imdb.com/title/tt0819824/?ref_=sr_i_953
954. Mary from Beijing,1992,1h 37m,,6.1,121,,"Ma Lei which sounds like ""Mary"" is a Chinese citizen, living in Hong Kong as the kept woman of a jeweler. She wishes for two things: to get her Hong Kong Identity Card, which will enable her to get work as a legal immigrant; and to marry her boyfriend. However, obtaining an Identity Card is not easy, and getting her boyfriend to introduce her to his family is even more difficult. Mary soon befriends her neighbour, Ken. Their relationship builds. When Mary breaks up with her boyfriend, she moves out, disappearing from Ken's life. She is convinced that they are fated never to meet again when they run into each other literally.",https://www.imdb.com/title/tt0104939/?ref_=sr_i_954
955. Narito ang puso ko,1992,1h 58m,,7.9,25,,A woman who regained her veterinarian lover after their son was accidentally shot by the son of a prominent politician must do her best to regain the life of their comatose son to bring back the old happy life they once had.,https://www.imdb.com/title/tt0312997/?ref_=sr_i_955
956. Rukopis,1992,57m,,,,,"A distinctive feature of the boys from the Espada courtyard club is their unwillingness to put up with injustice, cruelty, wherever it manifests itself: in the yard, on the street, at school or in a distant country. They have everything to do with it. Whether the kid is offended, whether hooligans stick to someone, whether their peer is killed in Chile - the boys from the Espada are always ready to draw their swords in defense of a person.",https://www.imdb.com/title/tt27789394/?ref_=sr_i_956
957. Mujhse Dosti Karoge,1992,1h 35m,,6.9,65,,"The story follows 9-year-old Gul Hasan, living in Rann of Kutch desert, whose dreams of a better life lead him on a journey blurring fantasy and reality. The critically acclaimed film won multiple national and international awards.",https://www.imdb.com/title/tt2895742/?ref_=sr_i_957
958. Suburb Murder,1992,1h 20m,,5.3,133,,"In April 1985, two expatriate students Kenneth McBride, age 17, and 18 year-old Nicola Myers were beaten, raped, and murdered by a teenage gang. Based on the true story of Hong Kong's Braemar Hill murders.",https://www.imdb.com/title/tt0345968/?ref_=sr_i_958
959. Run Melos!,1992,1h 47m,,7.2,142,,"A story about the friendship between two men, during the reign of Dionysius II, at Syracuse, Sicily. Selinteus firmly believes that Melos (a strange friend) will keep his promise. But many forces are at work against.",https://www.imdb.com/title/tt2572196/?ref_=sr_i_959
960. Kamsin,1992,,,,,,,https://www.imdb.com/title/tt2679274/?ref_=sr_i_960
961. November,1992,1h 30m,,7.3,73,,"A young girl is both schizophrenic and abuses drugs. She has many fantasies involving fire. A medical student sends her to a senior doctor and especially instructs her to tell that he sent her. The doctor's attitude is that it is natural to feel a little depressed at this time of the year. When she asks if he is not going to make an examination he answers that that is not necessary. This is less than one week before the catastrophe. But from another corner she encounters a most sincere will to help her, viz. from a Catholic priest concerned with exorcism. It is not his fault that she is starch naked in one scene. But it cannot be a pleasure to a celibate to carry a young and beautiful female body in his arms. After a few days of exorcism she has become calm and quiet; the devils had left her. On the next day she effectively chains herself inside a car, throws the key away, pours gasoline all over, and lightens it. One would wish this was also a psychotic fantasy but it is not.",https://www.imdb.com/title/tt0104737/?ref_=sr_i_961
962. Landslide,1992,1h 35m,PG-13,4.9,127,,"Amnesiac geologist Robert (Bob) Boyd is working on a project that he had been retained to do. He has no memory of the past, but during the project, his memory begins to return, and the memories are not happy ones.",https://www.imdb.com/title/tt0104678/?ref_=sr_i_962
963. Humanoids from Atlantis,1992,45m,,3.0,142,,"Film maker Ken Adams has received financing for his first documentary on a local lake. Unfortunately, the assignment will put him and his partner Julie on a collision course with the last survivor of the aquatic city of Atlantis.",https://www.imdb.com/title/tt0104463/?ref_=sr_i_963
964. Small Kill,1992,1h 26m,R,6.3,81,,"Children are being kidnapped and held for ransom. If the parents don't cooperate, the kids show up dead. An undercover cop gets involved in the case, and his investigation leads him to a connection between a banker and a fortune teller.",https://www.imdb.com/title/tt0105431/?ref_=sr_i_964
965. Sargam,1992,2h 21m,Not Rated,7.8,225,,"Kuttan Thamburan, who is epileptic, plans to get married to Thankamani, unaware of the fact that she is in love with his best friend, Haridas.",https://www.imdb.com/title/tt0230734/?ref_=sr_i_965
966. Sana kahit minsan,1992,,,7.2,16,,,https://www.imdb.com/title/tt0385212/?ref_=sr_i_966
967. The American Gangster,1992,48m,,6.9,54,,Program provides an historical archive of how gangsters took advantage of changes in public policy to gain wealth and power in the first half of the twentieth century and how they met their ends. The post World War I raise and fall of bank robbery gangs is briefly described.,https://www.imdb.com/title/tt0297726/?ref_=sr_i_967
968. Gudrun,1992,1h 37m,,7.3,49,,"The 12 year old girl Gudrun experiences the end of childhood in a little town near Nuremberg. Her father is fighting far away on the Russian front, her mother packs Gudrun off to her grandmother.",https://www.imdb.com/title/tt0101980/?ref_=sr_i_968
969. Albert souffre,1992,1h 45m,,6.7,63,,"Albert dreams of going to Australia. Jérôme loves Jeanne, but ignores her while cramming for exams.",https://www.imdb.com/title/tt0103643/?ref_=sr_i_969
970. La valle di pietra,1992,1h 42m,,7.5,43,,"In 18th Century Bohemia, a government surveyor meets a priest during a lunch and is intrigued by him. Years later, in a stony valley, the two men meet again and form a deep friendship.",https://www.imdb.com/title/tt0105721/?ref_=sr_i_970
971. Alibi perfetto,1992,1h 32m,Not Rated,4.5,132,,"An amazing Italian thriller directed by Aldo Lado. Tony and Lisa, both policemen, want to capture a drug trafficker named Mancini. In the meantime, they will have to deal with a maniac known as ""The Full Moon Killer"".",https://www.imdb.com/title/tt0198286/?ref_=sr_i_971
972. Valerie,1992,,,5.5,24,,Lesbian vampire Valerie sets her sights on the nubile Laurie.,https://www.imdb.com/title/tt0267081/?ref_=sr_i_972
973. Kinder der Landstrasse,1992,1h 57m,,6.8,53,,"After setting in Switzerland, a yenish family escaped their major problems at the beginning of World War Two. However, they will have to deal with the government project ""Hilfswerks Barmherzigkeit den Vagantenkindern"".",https://www.imdb.com/title/tt0104614/?ref_=sr_i_973
974. The Left Side of My Brain,1992,1h 30m,,,,,"A film that spans 16 years in the life of Raymond Salzberg, a naive would-be artist from New Jersey who eventually makes it.",https://www.imdb.com/title/tt0240675/?ref_=sr_i_974
975. Nottataccia,1992,1h 38m,,6.1,40,,The shy and clumsy Latin professor Alessandro falls in love with a psychologist spying on her from a hole made in a wall.,https://www.imdb.com/title/tt0105023/?ref_=sr_i_975
976. Surigadu,1992,,,6.7,23,,,https://www.imdb.com/title/tt0262781/?ref_=sr_i_976
977. Boulevard des hirondelles,1992,1h 30m,,5.9,51,,"Inspired by a story, that of a woman who, in the 1940s, organized a commando operation on Boulevard des Hirondelles to get her lover out of prison.",https://www.imdb.com/title/tt0188462/?ref_=sr_i_977
978. Parda Hai Parda,1992,2h 8m,Not Rated,7.6,46,,The film revolves around four happy-go-lucky friends and the predicament they fall into when they cross paths with a new girl in their neighborhood.,https://www.imdb.com/title/tt0154992/?ref_=sr_i_978
979. The Ghosting,1992,1h 50m,PG-13,3.4,96,,"A family is hired as caretakers for an abandoned church. Years before a man had murdered his entire family in the church, and on the day the family is to move in, the killer escapes from prison and heads toward the church.",https://www.imdb.com/title/tt0104335/?ref_=sr_i_979
980. Sarphira,1992,2h 36m,,5.3,74,,"Judge B.K. Sinha and his adopted son, Rajkishan are law-abider but the youngest in their house-hold, Suresh prove to be the opposite - is hot-tempered and is into shady activities. His behavior crosses the limit when he accidentally kills a man and is on the run from not only the police but his dad and brother who will not hesitate to incarcerate him.",https://www.imdb.com/title/tt0344301/?ref_=sr_i_980
981. Jesus vender tilbage,1992,1h 44m,,4.4,106,,"Jesus returns to Earth, gets involved in a terrorist group, but keeps his integrity.",https://www.imdb.com/title/tt0104551/?ref_=sr_i_981
982. Boujad: A Nest in the Heat,1992,45m,,8.4,39,,"Boujad: A Nest In the Heat is a personal and anguishing look at issues of separation, independence and return. As director Hakim Belabbes chronicles his journey from his home in Chicago to visit his family in his hometown of Boujad in Morocco, his exploration of family relationships is self-conscious and at times painfully honest. We witness his most private moments with his family. Belabbes' film intimately explores the domestic spaces and religious rituals of intra-family relationships, especially when compounded by one member's break with traditional values.",https://www.imdb.com/title/tt3129634/?ref_=sr_i_982
983. Mirza Jatt,1992,1h 43m,,8.6,28,,,https://www.imdb.com/title/tt2275853/?ref_=sr_i_983
984. Muskurahat,1992,2h 15m,,7.3,411,,Retired Justice Gopichand Verma lives alone in scenic Ooty away from his family.Two friends Pritam works as a guide and Jaggan as photographer .Pritam comes across a beautiful Nandini arriving in Ooty an accommodates her in top hotel soon Pritam is called back to the hotel to take her away as she has created a havoc.Pritam finds that Nandini is insane and has no option rather then taking care of her. Pritam and Jaggan's life becomes hell with Nandini's tantrums until. Jaggan finds in newspapers that Nandini as eloped from asylum and and has a reward on her he plans with Pritam that they wont handover her to her family as the reward amount is increasing day by day and they should wait until it becomes a huge sum.Pritam finds from Nandini that she inst insane and was playing a prank to meet her father whose none other then Justice Gopichand Verma.But his family didn't allow her to meet him and put her in asylum.,https://www.imdb.com/title/tt0255401/?ref_=sr_i_984
985. Narges,1992,1h 35m,,6.6,397,,"Adel is a young criminal who frequently teams up with his middle-aged wife Afagh in order to carry out the most audacious schemes. But when Adel falls in love with Narges, he realises he is quite prepared to start a new life on the right side of the law. Posing as his mother, Afagh assures the bride's family that Adel is reliable, but his criminal record closes most doors in his attempts to secure a legitimate career path. Trapped in a love triangle and in the limbo of a double life, can Adel ever achieve the better future for which he is striving ?",https://www.imdb.com/title/tt0104972/?ref_=sr_i_985
986. Blue Jeans Gang,1992,1h 39m,,,,,"Brian (Keempee de Leon), Alan (Gary Estrada), Jerry (Kier Legaspi), Tom (Joko Diaz), Jojo (Michael Rivero), and Pat (Dennis Padilla) call themselves the BLUE JEANS GANG. They consider themselves to be more like brothers than friends. They were on their way to Baguio City to attend the wedding of Brian and Rachel Alejandro when they accidentally witness a murder in a small town and in one occasion started a brawl which led to the killing of the mayor's son then the haunting of the perpetrators which is the Blue Jeans Gang began.",https://www.imdb.com/title/tt0943403/?ref_=sr_i_986
987. Koseli,1992,,,,,,,https://www.imdb.com/title/tt36015430/?ref_=sr_i_987
988. Un vampire au paradis,1992,1h 40m,,5.1,45,,"In a posh family in the 16th district of Paris, a young teenager begins to speak Arabic overnight, the day before, she had seen on a tree overlooking the family garden, an escaped from the asylum Arab man.",https://www.imdb.com/title/tt0105683/?ref_=sr_i_988
989. Kill Fee,1992,1h 35m,R,5.1,282,,A reporter is tipped off about someone in LA selling American aerospace technology to the Japanese. She hires a charming P.I. to help tail the suspects etc. But things are not what they appear to be.,https://www.imdb.com/title/tt0105676/?ref_=sr_i_989
990. The Little Prince Said,1992,1h 45m,,6.9,513,,"A divorced Swiss couple confronts their 10-year-old daughter Violette's life-threatening tumor. While her father tries to flee with her, her mother collapses emotionally, and her stepmother focuses on treatment.",https://www.imdb.com/title/tt0105131/?ref_=sr_i_990
991. Le retour des Charlots,1992,1h 30m,,2.9,107,,"Antonio pretends to lose his memory to escape the wrath of his wife Amalia, who discovered him deceiving her in charming company.",https://www.imdb.com/title/tt0105244/?ref_=sr_i_991
992. Ville à vendre,1992,1h 40m,,5.9,162,,A man comes to a small town in France and witness the apparent murder of a woman pharmacist. He teams up with the victim's vulgar assistant to try to solve the mystery.,https://www.imdb.com/title/tt0105756/?ref_=sr_i_992
993. In the Land of the Deaf,1992,1h 39m,Unrated,7.6,398,,"With unerring curiousity and sensitivity, director Philbert portrays the difficulties and joys of being deaf, offering vivid portraits of people of all ages coping with and surmounting their challenges.",https://www.imdb.com/title/tt0107796/?ref_=sr_i_993
994. Tutti gli uomini di Sara,1992,1h 36m,,4.5,52,,"Sarah's marriage turned from happiness into a nightmare. One month into the ceremony, she begins to receive threatening phone calls with intimate details of her sexual relations.",https://www.imdb.com/title/tt0105661/?ref_=sr_i_994
995. Muerte en Tijuana,1992,1h 40m,,7.6,16,,,https://www.imdb.com/title/tt0432966/?ref_=sr_i_995
996. Lumayo ka man sa akin,1992,TV-14,,,,,"Two lovers are separated but in a twist of fate, find themselves in a care of a syndicate leader. He is the bodyguard and she is the wife.",https://www.imdb.com/title/tt0437306/?ref_=sr_i_996
997. Parasmani,1992,,,,,,A belief of an ancient Temple that Lord Shiva 's idol wasn't installed there but it appeared on its own and it has three eyes one of which has a miraculous Parasmani and it comes out only on Mahashivratri day and can turn iron into gold.For centuries Dacoit have eyed to rob the Parasmani but never succeeded.Daku Toofan Singh on one of the Mahashivratri days comes to rob the Parasmani where the temple priest and his wife sacrifice their life in saving the Parasmani.The priest gives the Parasmani to his small twin daughter's Paras and Mani who run away from the temple but an accident separates them where Paras looses her memory and is raised by a courtesan who names her Reshma.Mani is adopted by a police officer when Paras and Mani grow up they fall in love with a same man Shiva everyone tries to trace the Parasmani while the cops want to protect it and Dacoit's want it for themselves.Inspector Mani then takes the help of Baba Malang a Dacoit turned Muslim reformer who will save her and the Parasmani.,https://www.imdb.com/title/tt0437406/?ref_=sr_i_997
998. Fratelli e sorelle,1992,1h 32m,,6.4,97,,"After 20 years of marriage, Gloria discovers that her husband has been unfaithful. With her sons she moves to St. Louis: Matteo wastes no time in settling into his new life, but for Francesco it's tough to cope with his complexes.",https://www.imdb.com/title/tt0101913/?ref_=sr_i_998
999. Yardbirds,1992,55m,,7.3,47,,"Documentary about the '60s British rock group The Yardbirds, with interviews with the band's various members, managers and other musicians. Also shown are clips from their TV appearances, concert appearances and snips from films they've appeared in.",https://www.imdb.com/title/tt0268765/?ref_=sr_i_999
1000. Naya Sawan,1992,,,,,,"Kavita (Ashwini Bhave) is a lead singer of a boy band consisting of four member Javed Jaffrey,Laxmikanth Berde,Asif Sheikh and Sahil Chaddha. She has a a very close friendship with the boys.But after her marriage her husband suspects her of having an affair with them.",https://www.imdb.com/title/tt3606782/?ref_=sr_i_1000
