Title,Year,Duration,MPA,Rating,Votes,meta_score,description,Movie Link
1. The Treasure of the Sierra Madre,1948,2h 6m,Approved,8.2,143K,98,Two down-on-their-luck Americans searching for work in 1920s Mexico convince an old prospector to help them mine for gold in the Sierra Madre Mountains.,https://www.imdb.com/title/tt0040897/?ref_=sr_i_1
2. Abbott and Costello Meet Frankenstein,1948,1h 23m,Approved,7.3,21K,69,The Wolf Man tries to warn a dimwitted porter that Dracula wants his brain for Frankenstein monster's body.,https://www.imdb.com/title/tt0040068/?ref_=sr_i_2
3. Bicycle Thieves,1948,1h 29m,Not Rated,8.2,194K,,"In post-war Italy, a working-class man's bicycle is stolen, endangering his efforts to find work. He and his son set out to find it.",https://www.imdb.com/title/tt0040522/?ref_=sr_i_3
4. The Fallen Idol,1948,1h 35m,Approved,7.6,11K,88,"A butler working in a foreign embassy in London falls under suspicion when his wife accidentally falls to her death, the only witness being an impressionable young boy.",https://www.imdb.com/title/tt0040338/?ref_=sr_i_4
5. Brighton Rock,1948,1h 32m,Not Rated,7.2,7.7K,,"In Brighton in 1935, small-time gang leader Pinkie Brown murders a journalist and later desperately tries to cover his tracks but runs into trouble with the police, a few witnesses, and a rival gang.",https://www.imdb.com/title/tt0039220/?ref_=sr_i_5
6. Drunken Angel,1948,1h 42m,Not Rated,7.6,15K,,A drunken doctor with a hot temper and a violence-prone gangster with tuberculosis form a quicksilver bond.,https://www.imdb.com/title/tt0040979/?ref_=sr_i_6
7. The Terrible Parents,1948,1h 45m,Not Rated,6.9,1.1K,,"Michel is in love with Madeleine, so he decides to tell his parents of his intention to marry her. He thinks his announcement is innocent enough, but his engagement threatens to reveal his family's dark, lurking secrets.",https://www.imdb.com/title/tt0040682/?ref_=sr_i_7
8. Rope,1948,1h 20m,Approved,7.9,167K,73,"Two young men murder a former classmate as a test of their intellectual and moral superiority, then hide the body as they host a dinner party attended by the victim's girlfriend and father, as well as their former schoolmaster and mentor.",https://www.imdb.com/title/tt0040746/?ref_=sr_i_8
9. The Red Shoes,1948,2h 15m,Approved,8.1,44K,,A young ballet dancer is torn between the man she loves and her pursuit to become a prima ballerina.,https://www.imdb.com/title/tt0040725/?ref_=sr_i_9
10. Whispering Smith,1948,1h 28m,Approved,6.6,1.6K,,Legendary railroad detective Whispering Smith becomes convinced that old friend and colleague Murray Sinclair has joined a criminal band to loot the railroad.,https://www.imdb.com/title/tt0040965/?ref_=sr_i_10
11. Red River,1948,2h 13m,Approved,7.7,38K,96,A cattle baron and his foster son argue on the Chisholm Trail.,https://www.imdb.com/title/tt0040724/?ref_=sr_i_11
12. The Naked City,1948,1h 36m,Approved,7.5,17K,74,A step-by-step look at a murder investigation on the streets of New York.,https://www.imdb.com/title/tt0040636/?ref_=sr_i_12
13. Pitfall,1948,1h 26m,Approved,7.1,5.3K,,Married insurance adjuster John Forbes falls for femme fatale Mona Stevens while her boyfriend is in jail and all suffer serious consequences as a result.,https://www.imdb.com/title/tt0040695/?ref_=sr_i_13
14. Key Largo,1948,1h 40m,Approved,7.7,48K,74,"A drifter visits the family hotel of a war buddy who was killed in action only to find that a Chicago mobster and his gang have taken over the place. As a hurricane approaches, a confrontation ensues.",https://www.imdb.com/title/tt0040506/?ref_=sr_i_14
15. Hamlet,1948,2h 34m,Approved,7.5,20K,82,"Prince Hamlet struggles over whether or not he should kill his uncle, whom he suspects has murdered his father, the former king.",https://www.imdb.com/title/tt0040416/?ref_=sr_i_15
16. A Foreign Affair,1948,1h 56m,Approved,7.3,9.6K,75,"In occupied Berlin, an army captain is torn between an ex-Nazi café singer and the U.S. congresswoman investigating her.",https://www.imdb.com/title/tt0040367/?ref_=sr_i_16
17. Oliver Twist,1948,1h 45m,Approved,7.8,15K,84,"In Charles Dickens' classic tale, an orphan wends his way from cruel apprenticeship to den of thieves in search of a true home.",https://www.imdb.com/title/tt0040662/?ref_=sr_i_17
18. Fort Apache,1948,2h 8m,Approved,7.4,22K,,"At Fort Apache, an honorable and veteran war captain finds conflict when his regime is placed under the command of a young, glory hungry lieutenant colonel with no respect for the local Indian tribe.",https://www.imdb.com/title/tt0040369/?ref_=sr_i_18
19. The Snake Pit,1948,1h 48m,Approved,7.5,9.2K,76,"Virginia Cunningham can't recall how she landed in an asylum. In flashback, her husband Robert relates their courtship, marriage, and her developing symptoms. She remains in misery as Dr. Mark Kik tries to solve her problem.",https://www.imdb.com/title/tt0040806/?ref_=sr_i_19
20. Letter from an Unknown Woman,1948,1h 27m,Approved,7.8,15K,,"A pianist about to flee from a duel receives a letter from a woman he cannot remember, who may hold the key to his downfall.",https://www.imdb.com/title/tt0040536/?ref_=sr_i_20
21. Germany Year Zero,1948,1h 18m,Not Rated,7.8,16K,,A young German boy faces the problems of the tough life in the immediate post-WWII Berlin.,https://www.imdb.com/title/tt0039417/?ref_=sr_i_21
22. Force of Evil,1948,1h 19m,Approved,7.2,8.7K,89,An unethical lawyer who wants to help his older brother becomes a partner with a client in the numbers racket.,https://www.imdb.com/title/tt0040366/?ref_=sr_i_22
23. The Pirate,1948,1h 42m,Approved,6.8,6.1K,,"A girl is engaged to the local rich man, but meanwhile she has dreams about the legendary pirate Macoco. A traveling singer falls in love with her and to impress her he poses as the pirate.",https://www.imdb.com/title/tt0040694/?ref_=sr_i_23
24. Mr. Blandings Builds His Dream House,1948,1h 34m,Approved,7.2,14K,,"A married couple decide to have a custom home built out in the country, but it's a lot more trouble than they think.",https://www.imdb.com/title/tt0040613/?ref_=sr_i_24
25. The Big Clock,1948,1h 35m,Approved,7.6,11K,,"A magazine tycoon commits a murder and pins it on an innocent man, who then tries to solve the murder himself.",https://www.imdb.com/title/tt0040160/?ref_=sr_i_25
26. Act of Violence,1948,1h 22m,Approved,7.5,6.9K,63,"An embittered, vengeful POW stalks his former commanding officer who betrayed his men's planned escape attempt from a Nazi prison camp.",https://www.imdb.com/title/tt0041088/?ref_=sr_i_26
27. La Terra Trema,1948,2h 40m,Not Rated,7.8,6.3K,,"In rural Sicily, the fishermen live at the mercy of the greedy wholesalers. One family risks everything to buy their own boat and operate independently.",https://www.imdb.com/title/tt0040866/?ref_=sr_i_27
"28. Sorry, Wrong Number",1948,1h 29m,Approved,7.3,15K,,"When a bedridden woman overhears a murder plot on her telephone, she tries to piece the puzzle together and prevent the murder.",https://www.imdb.com/title/tt0040823/?ref_=sr_i_28
29. For the Love of Mary,1948,1h 30m,Approved,6.7,481,,A young girl gets a job at the White House as a switchboard operator and gets mixed up in politics.,https://www.imdb.com/title/tt0040364/?ref_=sr_i_29
30. Romance on the High Seas,1948,1h 39m,Approved,7.1,3.1K,58,"Romantic misunderstandings abound when spouses suspect each other of being unfaithful, and a nightclub singer takes a cruise under a false identity.",https://www.imdb.com/title/tt0040745/?ref_=sr_i_30
31. 3 Godfathers,1948,1h 46m,Approved,7.0,12K,82,Three outlaws on the run risk their freedom and their lives to return a newborn to civilization.,https://www.imdb.com/title/tt0040064/?ref_=sr_i_31
32. The Three Musketeers,1948,2h 5m,Approved,7.1,7.8K,,D'Artagnan and his Musketeer comrades thwart the plans of Cardinal Richelieu to usurp King Louis XIII's power.,https://www.imdb.com/title/tt0040876/?ref_=sr_i_32
33. A Song Is Born,1948,1h 53m,Approved,6.9,3.2K,,"With her gangster boyfriend under investigation by the police, a nightclub singer hides out in a musical research institution staffed by bachelor professors - one of whom begins to fall for her.",https://www.imdb.com/title/tt0040820/?ref_=sr_i_33
34. Portrait of Jennie,1948,1h 26m,Approved,7.6,8.5K,,"In Depression-era New York, an impoverished painter has a chance encounter with an enigmatic, old-fashioned little girl in Central Park who inspires him and changes his destiny.",https://www.imdb.com/title/tt0040705/?ref_=sr_i_34
35. Cry of the City,1948,1h 35m,Approved,7.2,4.5K,,"Police Lieut. Candella, longtime friend of the Rome family, walks a tightrope in the case of cop-killer Martin Rome.",https://www.imdb.com/title/tt0040257/?ref_=sr_i_35
"36. Sleep, My Love",1948,1h 37m,Approved,6.8,2.6K,,Chronic sleepwalker Alison Courtland thinks that a mysterious man wearing horned-rimmed eye glasses is out to kill her but her husband blames her tired imagination.,https://www.imdb.com/title/tt0040798/?ref_=sr_i_36
37. Yellow Sky,1948,1h 38m,Approved,7.4,6.6K,,A pistol-packing tomboy and her grandfather discover a band of bank robbing bandits taking refuge in the neighboring ghost town.,https://www.imdb.com/title/tt0040978/?ref_=sr_i_37
38. They Live by Night,1948,1h 35m,Passed,7.4,11K,82,"An escaped convict injured during a robbery falls in love with the woman who nurses him back to health, but their relationship seems doomed from the beginning.",https://www.imdb.com/title/tt0040872/?ref_=sr_i_38
39. Blood on the Moon,1948,1h 28m,Approved,6.9,4.1K,,Unemployed cowhand Jim Garry is hired by his dishonest friend Tate Riling as muscle in a dispute between homesteaders and cattleman John Lufton.,https://www.imdb.com/title/tt0040175/?ref_=sr_i_39
40. Joan of Arc,1948,2h 25m,Approved,6.4,4.3K,,The abbreviated life of the 15th-century French heroine.,https://www.imdb.com/title/tt0040491/?ref_=sr_i_40
41. Easter Parade,1948,1h 43m,Approved,7.3,12K,,A nightclub performer hires a naive chorus girl to become his new dance partner to make his former partner jealous and to prove he can make any partner a star.,https://www.imdb.com/title/tt0040308/?ref_=sr_i_41
42. Melody Time,1948,1h 15m,Approved,6.1,8K,69,An anthology of animated vignettes set to contemporary music.,https://www.imdb.com/title/tt0040580/?ref_=sr_i_42
43. Spring in a Small Town,1948,1h 38m,,7.3,3.8K,,A lonely housewife finds her monotonous life altered when her childhood sweetheart returns to town.,https://www.imdb.com/title/tt0189219/?ref_=sr_i_43
44. Hollow Triumph,1948,1h 23m,Approved,6.7,3.6K,,"Pursued by the big-time gambler he robbed, John Muller assumes a new identity, with unfortunate results.",https://www.imdb.com/title/tt0040444/?ref_=sr_i_44
45. The Paleface,1948,1h 31m,Approved,6.6,5.1K,,"Calamity Jane is dispatched to find out who's smuggling rifles to the Indians, and winds up married to a hapless correspondence-school dentist as part of her cover.",https://www.imdb.com/title/tt0040679/?ref_=sr_i_45
46. Louisiana Story,1948,1h 18m,Approved,6.4,2.4K,,The idyllic life of a young Cajun boy and his pet raccoon is disrupted when the tranquility of the bayou is broken by an oil well drilling near his home.,https://www.imdb.com/title/tt0040550/?ref_=sr_i_46
47. Krakatit,1948,1h 37m,,7.2,641,,"After an accidental explosion in the lab, its inventor slips in and out of dream-like hallucinations, realizing that he had given the formula to one of his colleagues, who he tries to stop before it is too late.",https://www.imdb.com/title/tt0039539/?ref_=sr_i_47
48. Port of Call,1948,1h 40m,Not Rated,6.6,3.2K,,"A suicidal factory girl out of reformatory school, anxious to escape her overbearing mother, falls in love with a sailor who can't forgive her past.",https://www.imdb.com/title/tt0040418/?ref_=sr_i_48
49. Up in Central Park,1948,1h 24m,Approved,6.0,304,,A newspaper reporter and the daughter of an immigrant maintenance man help expose political corruption in New York City.,https://www.imdb.com/title/tt0040925/?ref_=sr_i_49
50. Walk a Crooked Mile,1948,1h 31m,Approved,6.3,1.3K,,"During the Cold War, at a California atomic research plant, an FBI agent and a Scotland Yard inspector join forces to eliminate a foreign atomic spy ring operating in the USA and the UK.",https://www.imdb.com/title/tt0040947/?ref_=sr_i_50
51. Bodyguard,1948,1h 2m,Approved,6.5,1.4K,,"After being fired for insubordination, homicide detective Mike Carter is hired as bodyguard by the owner of a local meat-packing plant where a meat inspector has been murdered.",https://www.imdb.com/title/tt0040178/?ref_=sr_i_51
52. He Walked by Night,1948,1h 19m,Approved,7.0,7.6K,,"This film-noir piece, told in semi-documentary style, follows police on the hunt for a resourceful criminal who shoots and kills a cop.",https://www.imdb.com/title/tt0040427/?ref_=sr_i_52
53. Call Northside 777,1948,1h 52m,Approved,7.4,12K,,Chicago reporter P.J. McNeal re-opens a decade-old murder case.,https://www.imdb.com/title/tt0040202/?ref_=sr_i_53
54. The Luck of the Irish,1948,1h 39m,Not Rated,6.7,1.4K,,"Following American reporter Stephen Fitzgerald from Ireland to New York, a grateful leprechaun acts as the newsman's servant and conscience.",https://www.imdb.com/title/tt0040553/?ref_=sr_i_54
55. Superman,1948,4h 4m,Approved,6.7,1.4K,,Superman comes to Earth as a child and grows up to be his home's first superhero with his first major challenge being to oppose The Spider Lady.,https://www.imdb.com/title/tt0040852/?ref_=sr_i_55
56. Macbeth,1948,1h 47m,Approved,7.4,8.6K,,"Macbeth, the Thane of Glamis, receives a prophecy from a trio of witches that one day he will become King of Scotland. Consumed by ambition and spurred to action by his wife, Macbeth murders his king and takes the throne for himself.",https://www.imdb.com/title/tt0040558/?ref_=sr_i_56
57. I Remember Mama,1948,2h 14m,Approved,7.8,6.7K,,A young writer recalls her ups and downs of growing up as one of four children to Norwegian immigrant parents in 1910s San Francisco.,https://www.imdb.com/title/tt0040458/?ref_=sr_i_57
58. Adventures of Don Juan,1948,1h 50m,Approved,7.0,3.9K,,The great lover Don Juan comes to the assistance of his queen.,https://www.imdb.com/title/tt0040076/?ref_=sr_i_58
59. Deep Waters,1948,1h 25m,Approved,6.8,560,,The friendship between a fisherman and an orphan boy disturbs others because of the dangers at sea.,https://www.imdb.com/title/tt0040281/?ref_=sr_i_59
60. The Amazing Mr. X,1948,1h 18m,Approved,6.4,2.7K,,"On the beach one night, Christine Faber, two years a widow, thinks she hears her late husband Paul calling out of the surf; then meets a tall dark man Alexis, who seems to know all about such things.",https://www.imdb.com/title/tt0040829/?ref_=sr_i_60
61. The Outsider,1948,1h 37m,,6.8,535,,"Working-class Jack Read earns a scholarship to an elite school in post-WWII Britain, facing class prejudice from students and teachers while seeking acceptance.",https://www.imdb.com/title/tt0040407/?ref_=sr_i_61
62. The Search,1948,1h 44m,Approved,7.8,5.4K,85,"In post-war Berlin, an American private helps a lost Czech boy find his mother.",https://www.imdb.com/title/tt0040765/?ref_=sr_i_62
63. The Black Arrow,1948,1h 16m,Approved,6.0,611,,"Young nobleman Richard Shelton returns from the War of the Roses to find his father murdered, a fugitive family friend blamed, and his uncle occupying his estates.",https://www.imdb.com/title/tt0040166/?ref_=sr_i_63
64. Road House,1948,1h 35m,Approved,7.2,3.6K,,A night club owner becomes infatuated with a torch singer and frames his best friend/manager for embezzlement when the chanteuse falls in love with him.,https://www.imdb.com/title/tt0040740/?ref_=sr_i_64
65. Johnny Belinda,1948,1h 42m,Approved,7.7,5.9K,,"A kind doctor volunteers to tutor a deaf-mute woman, but scandal starts to swirl when his pupil is raped and falls pregnant.",https://www.imdb.com/title/tt0040495/?ref_=sr_i_65
66. Raw Deal,1948,1h 19m,Approved,7.2,6.4K,,"Joe Sullivan (Dennis O'Keefe) has taken the rap for Rick (Raymond Burr), who double-crosses him with a flawed escape plan and other means intended to get rid of him.",https://www.imdb.com/title/tt0040723/?ref_=sr_i_66
67. Return of the Bad Men,1948,1h 30m,Approved,6.3,1K,,"When part of Oklahoma Territory becomes officially part of the U.S., Vance Cordrell is forced to deal with some of the most infamous outlaws of the Old West.",https://www.imdb.com/title/tt0040732/?ref_=sr_i_67
68. So Dear to My Heart,1948,1h 19m,G,6.6,1.9K,,This heartwarming classic tells the tale of a country boy who adopts a mischevious black lamb and learns valuable lessons about love and dedication.,https://www.imdb.com/title/tt0041890/?ref_=sr_i_68
69. Sitting Pretty,1948,1h 23m,Approved,7.4,3.1K,,A family that hires a live-in babysitter is surprised when he turns out to be a man who's a quirky genius.,https://www.imdb.com/title/tt0040795/?ref_=sr_i_69
70. Blonde Ice,1948,1h 14m,Approved,6.0,1.8K,,"A society reporter keeps herself in the headlines by marrying a series of wealthy men, all of whom die under mysterious circumstances.",https://www.imdb.com/title/tt0041187/?ref_=sr_i_70
71. Wake of the Red Witch,1948,1h 46m,Approved,6.5,3.2K,,"During the 1860s in the South Pacific, Capt. Ralls, skipper of the Red Witch, has a series of adventures involving sunken gold bullion, pearls, natives, an unscrupulous ship owner and a giant octopus.",https://www.imdb.com/title/tt0040946/?ref_=sr_i_71
72. The Man from Colorado,1948,1h 40m,Approved,6.7,2.2K,,"At the end of the Civil War, two friends return home to Colorado and one of them has changed and is violent and erratic.",https://www.imdb.com/title/tt0041625/?ref_=sr_i_72
73. Anna Karenina,1948,2h 19m,Approved,6.6,3.2K,,A married woman's affair with a dashing young officer has tragic results.,https://www.imdb.com/title/tt0040098/?ref_=sr_i_73
74. Unfaithfully Yours,1948,1h 45m,Approved,7.4,6.4K,,A man tries to figure out a way to deal with his wife when he suspects that she is unfaithful to him.,https://www.imdb.com/title/tt0040919/?ref_=sr_i_74
75. The Winslow Boy,1948,1h 57m,Not Rated,7.6,2.1K,,"In pre-WWI England, a youngster is expelled from a naval academy over a petty theft, and his parents raise a political furor by demanding a trial.",https://www.imdb.com/title/tt0040970/?ref_=sr_i_75
76. Behind Locked Doors,1948,1h 2m,Approved,6.6,1.1K,,"A well-known judge has become a fugitive from the police, with a large reward on his head. A reporter believes that the judge is hiding in a private sanitarium, so she seeks out a private investigator and asks him to pretend to be insane, so that he can get inside the sanitarium and look for the judge. The investigator is admitted to the asylum, and encounters many dangers while trying to prove that the judge is there.",https://www.imdb.com/title/tt0040153/?ref_=sr_i_76
77. Highway 13,1948,58m,Approved,6.1,343,,"Truck driver Hank Wilson is suspected of sabotaging a big transportation company in financial straits. Working with the insurance company covering the fleet, Wilson investigates the ""accidents,"" hoping to prevent any further mishaps.",https://www.imdb.com/title/tt0040437/?ref_=sr_i_77
78. The Boy with Green Hair,1948,1h 22m,Approved,6.7,3.6K,,This parable looks at public reaction when the hair of an American war orphan mysteriously turns green.,https://www.imdb.com/title/tt0040185/?ref_=sr_i_78
79. Words and Music,1948,2h 1m,Approved,6.4,1.7K,,Musical biography chronicling the songwriting partnership of Richard Rodgers and Lorenz Hart.,https://www.imdb.com/title/tt0040976/?ref_=sr_i_79
80. Every Girl Should Be Married,1948,1h 25m,Approved,6.3,2.8K,,A willful woman concocts an elaborate scheme to trap a handsome pediatrician into marriage.,https://www.imdb.com/title/tt0040331/?ref_=sr_i_80
81. All My Sons,1948,1h 34m,Approved,7.3,2.7K,,"During WW2, industrialist Joe Keller commits a crime and frames his business partner Herbert Deever but years later his sin comes back to haunt him when Joe's son plans to marry Deever's daughter.",https://www.imdb.com/title/tt0040087/?ref_=sr_i_81
82. Mr. Peabody and the Mermaid,1948,1h 29m,Approved,6.3,1.6K,,"While on vacation in the Caribbean with his wife, a middle-aged man unexpectedly finds, and falls in love with, a mermaid.",https://www.imdb.com/title/tt0040614/?ref_=sr_i_82
83. Scott of the Antarctic,1948,1h 51m,PG,7.0,2.8K,,The story of British explorer Robert Falcon Scott's 1912 expedition and his quest to be the first to reach the South Pole.,https://www.imdb.com/title/tt0040761/?ref_=sr_i_83
84. B.F.'s Daughter,1948,1h 48m,Approved,6.2,980,,Wealthy Polly Fulton marries a progressive scholar whose attitudes toward capitalism and acquired wealth puts their marriage in jeopardy.,https://www.imdb.com/title/tt0040141/?ref_=sr_i_84
85. Night Has a Thousand Eyes,1948,1h 21m,Approved,7.1,2.3K,,"After phony stage mentalist Triton mysteriously acquires supernatural powers of precognition, he becomes frightened and abandons his act to live in anonymity.",https://www.imdb.com/title/tt0040643/?ref_=sr_i_85
86. State of the Union,1948,2h 4m,Approved,7.2,4.7K,,"An industrialist is urged to run for President, but this requires uncomfortable compromises on both political and marital levels.",https://www.imdb.com/title/tt0040834/?ref_=sr_i_86
87. Ruthless,1948,1h 44m,Approved,6.8,1.7K,,A financier's sins are recalled by his ex-partner and boyhood pal.,https://www.imdb.com/title/tt0040751/?ref_=sr_i_87
88. Moonrise,1948,1h 30m,Approved,7.0,3.5K,,Danny is despised by his schoolmates because his father was accused of killing another man and sentenced to death.,https://www.imdb.com/title/tt0040607/?ref_=sr_i_88
89. Berlin Express,1948,1h 27m,Approved,6.8,4.3K,,A multinational group of train passengers become involved in a post-World War II Nazi assassination plot.,https://www.imdb.com/title/tt0040155/?ref_=sr_i_89
90. Command Decision,1948,1h 52m,Approved,7.3,2.3K,,Army generals struggle with the decision to prioritize bombing the German factories producing new jet fighters over the extremely high casualties the mission will cost.,https://www.imdb.com/title/tt0040242/?ref_=sr_i_90
91. Arch of Triumph,1948,2h,Approved,6.3,2.2K,,Illegal refugees lead dark lives in pre-World War II Paris.,https://www.imdb.com/title/tt0040109/?ref_=sr_i_91
92. Unknown Island,1948,1h 15m,Approved,5.0,965,,"An adventure seeker and his fiancée visit an uncharted island, only to find that it is inhabited by deadly dinosaurs and other creatures ready to attack.",https://www.imdb.com/title/tt0040920/?ref_=sr_i_92
93. One Touch of Venus,1948,1h 22m,Approved,6.6,1.9K,,"Fantasy comedy about a young window dresser who kisses a statue of Venus, which then comes to life in the form of Ava Gardner. However, the problems begin when Venus falls in love with him.",https://www.imdb.com/title/tt0040669/?ref_=sr_i_93
94. That Wonderful Urge,1948,1h 22m,Approved,6.5,1.2K,,"When an heiress finds out that the friendly young man she's met at Sun Valley is really an investigative reporter, she ruins his career by falsely claiming that they're married.",https://www.imdb.com/title/tt0040870/?ref_=sr_i_94
95. Inner Sanctum,1948,1h 2m,Approved,6.0,1.3K,,A man fleeing the police after having committed a murder hides out in a boarding house in a small town.,https://www.imdb.com/title/tt0040472/?ref_=sr_i_95
96. On Our Merry Way,1948,1h 47m,Approved,5.7,993,,Three short stories revolving around the topic of the daily question posed by the roving reporter to the readers of a daily newspaper.,https://www.imdb.com/title/tt0040664/?ref_=sr_i_96
97. The Loves of Carmen,1948,1h 39m,Approved,6.1,1.6K,,"A beautiful but amoral gypsy girl entices a young dragoon to betray his honor and get cashiered from the service, and for her sake he soon turns to a life of crime.",https://www.imdb.com/title/tt0040552/?ref_=sr_i_97
98. The Street with No Name,1948,1h 31m,Approved,7.0,3.7K,,"A covert FBI agent infiltrates a ruthless gangster mob, but his life is at risk from a mysterious informant who funnels inside information to the hoodlums.",https://www.imdb.com/title/tt0040843/?ref_=sr_i_98
99. Kiss the Blood Off My Hands,1948,1h 19m,Approved,6.8,2.5K,,Fugitive Bill Saunders and lonely nurse Jane Wharton are crossed by fate when he hides out in her apartment.,https://www.imdb.com/title/tt0040512/?ref_=sr_i_99
100. Blanche Fury,1948,1h 30m,Approved,6.7,1.3K,,"The childless widow of Allan Fury bequeaths the Fury estate to her Fuller relatives, but Allan's illegitimate son who masquerades as a servant hopes to grab the estate for himself.",https://www.imdb.com/title/tt0039195/?ref_=sr_i_100
101. Corridor of Mirrors,1948,1h 36m,Not Rated,6.4,995,,A man falls in love with a beautiful young woman and begins to suspect that he may have also loved her in a previous life.,https://www.imdb.com/title/tt0040246/?ref_=sr_i_101
102. The Velvet Touch,1948,1h 40m,Approved,6.8,1.9K,,A Broadway star unintentionally kills her impresario but keeps mum about it after the police investigator targets a rival actress.,https://www.imdb.com/title/tt0040934/?ref_=sr_i_102
103. Casbah,1948,1h 34m,Not Rated,6.0,675,,"The life, loves and adventures of a classic Casbah thief.",https://www.imdb.com/title/tt0040214/?ref_=sr_i_103
104. Enchantment,1948,1h 40m,Approved,7.2,1.6K,,"As a young man, Rollo was kept from his true love, Lark, by the spiteful scheming of his older sister. Years later, he's pleased to see his niece and Lark's nephew falling in love amidst the uncertainty of wartime.",https://www.imdb.com/title/tt0040321/?ref_=sr_i_104
105. Whiplash,1948,1h 31m,Approved,6.4,950,,A struggling artist becomes a New York City prizefighter in an attempt to win the affection of the ring promoter's night club singing sister.,https://www.imdb.com/title/tt0040963/?ref_=sr_i_105
106. The Emperor Waltz,1948,1h 46m,Approved,6.0,2.1K,,A brash American gramophone salesman tries to get Emperor Franz Joseph's endorsement in turn-of-the-century Austria.,https://www.imdb.com/title/tt0040317/?ref_=sr_i_106
107. Ladies of the Chorus,1948,1h 1m,Approved,6.2,1.8K,,"A chorus girl falls in love with a wealthy young man, but their relationship is jeopardized by her mother's fears about the reaction of his family.",https://www.imdb.com/title/tt0041571/?ref_=sr_i_107
108. The Mating of Millie,1948,1h 27m,Approved,7.1,784,,A man who tries to help a woman trap a husband so she can adopt a child falls for her himself.,https://www.imdb.com/title/tt0040577/?ref_=sr_i_108
109. Apartment for Peggy,1948,1h 36m,Approved,7.3,1.3K,,A retired professor rents his attic apartment to pregnant Peggy and her GI-Bill-student husband. The professor ponders if his life is no longer useful while the young couple faces the challenges shared with many WW II veterans' families.,https://www.imdb.com/title/tt0040104/?ref_=sr_i_109
110. Against the Wind,1948,1h 36m,Approved,6.4,937,,"A secret London school trains a motley group of men and women for sabotage work in German occupied Belgium during World War II. When one of them is captured by the Germans, five others are parachuted in to rescue him.",https://www.imdb.com/title/tt0040080/?ref_=sr_i_110
111. To the Ends of the Earth,1948,1h 49m,Approved,6.8,1.1K,,"After witnessing an incident on a foreign ship off California coast, a U.S. Treasury agent aboard a Coast Guard vessel decides to further investigate the matter by following a crime trail leading to China, Egypt, Lebanon and Cuba.",https://www.imdb.com/title/tt0040887/?ref_=sr_i_111
112. Coroner Creek,1948,1h 30m,Approved,6.7,1.3K,,A man is bent on taking revenge on those he believes are responsible for his fiance's death.,https://www.imdb.com/title/tt0040245/?ref_=sr_i_112
113. I Love Trouble,1948,1h 33m,Approved,6.7,1.4K,,"P.I. Stuart Bailey is hired to investigate the past of Ralph Johnson's wife, who has gone missing. He finds that the wife left her hometown with an actor, went to college using a stolen identity, and purloined $40,000 from a nightclub.",https://www.imdb.com/title/tt0040457/?ref_=sr_i_113
114. Rachel and the Stranger,1948,1h 33m,Approved,7.0,3.1K,,"A widowed farmer takes an indentured servant as his new wife, but the arrival of his old friend threatens their burgeoning relationship.",https://www.imdb.com/title/tt0040720/?ref_=sr_i_114
115. Saraband,1948,1h 36m,Approved,6.5,779,,Young Sophie Dorothea marries Prince George Louis but it's far from a love match. Then she falls for Swedish Count Philip Christoph von Königsmark.,https://www.imdb.com/title/tt0040758/?ref_=sr_i_115
116. Nosotros los pobres,1948,2h 8m,Not Rated,7.8,1.3K,,Nosotros Los Pobres stars Pedro Infante as a carpenter whose entire family must work together to clear his name after he is charged with a murder..,https://www.imdb.com/title/tt0039668/?ref_=sr_i_116
117. Station West,1948,1h 37m,Approved,6.6,1.7K,,"After two U.S. cavalrymen transporting a gold shipment get killed, U.S. Army Intelligence investigator John Haven goes undercover to a mining and logging town to find the killers.",https://www.imdb.com/title/tt0040835/?ref_=sr_i_117
118. The Dark Past,1948,1h 13m,Approved,6.3,2.6K,,An escaped psychopathic killer who takes the family and neighbors of police psychologist hostage reveals a recurring nightmare to the doctor.,https://www.imdb.com/title/tt0040270/?ref_=sr_i_118
119. Relentless,1948,1h 33m,Passed,6.5,554,,"Framed for a murder he didn't commit, a cowboy must stay one step ahead of the law as he hunts for the real killer.",https://www.imdb.com/title/tt0040726/?ref_=sr_i_119
120. My Dear Secretary,1948,1h 34m,Approved,5.6,1.3K,,"A romance novelist appoints a would-be writer as his secretary. Although she is initially dismayed by his work ethic and playboy attitude, they begin to fall in love.",https://www.imdb.com/title/tt0040626/?ref_=sr_i_120
121. The Iron Curtain,1948,1h 27m,Approved,6.3,1.3K,,"The story of Soviet cypher-clerk Igor Gouzenko who was posted to the Soviet Embassy in Ottawa, Canada in 1943 and defected in 1945 to reveal the extent of Soviet espionage activities directed against Canada.",https://www.imdb.com/title/tt0040478/?ref_=sr_i_121
122. Los tres huastecos,1948,2h,,8.1,975,,"This is the story of three brothers (a priest, a soldier and an outlaw) that are raised separately by their godfathers once their mother dies. They cross their paths again when the soldier and the priest move into two towns near the town the outlaw lives in. The drama will unfold once the three brothers meet each other.",https://www.imdb.com/title/tt0040898/?ref_=sr_i_122
123. Good Sam,1948,1h 54m,Approved,6.3,1.2K,,"Sam Clayton has a good heart and likes to help out people in need. In fact, he likes to help them out so much that he often finds himself broke and unable to help his own family buy the things they need--like a house.",https://www.imdb.com/title/tt0040395/?ref_=sr_i_123
124. The Woman in White,1948,1h 49m,Approved,6.6,2.1K,,"A ghostly woman warns a beautiful Victorian heiress about a count, and a strange spell haunts a mansion and its inhabitants in an adaptation of Wilkie Collins' novel.",https://www.imdb.com/title/tt0040974/?ref_=sr_i_124
125. Quartet,1948,2h,Approved,7.3,1.1K,,"Four of W. Somerset Maugham's short stories are brought to the screen with each introduced by the author. In ""The Facts of Life"", a young man with great potential on the tennis courts goes to Monte Carlo and ends up doing the exact opposite of what his father recommended. In ""The Alien Corn"", an aspiring pianist devotes himself to perfecting his artistic skills, but finds he lacks the talents to reach the heights he so desperately craves. In ""The Kite"", a young man who lives at home and loves kite flying goes against his overbearing mother's wishes and marries the girl he's been dating. He's soon back home, much to his mother's delight, but re-considers when his wife takes up a new hobby. In the final chapter ""The Colonel's Lady"", a middle-aged man is shocked to learn that his somewhat-dowdy wife has written a collection of racy poems and is now a best-selling author.",https://www.imdb.com/title/tt0040335/?ref_=sr_i_125
126. A Woman's Vengeance,1948,1h 36m,Approved,6.8,1.2K,,"A cheating husband is charged in the poisoning death of his invalid wife, in spite of other women and suicide also being suspected.",https://www.imdb.com/title/tt0040002/?ref_=sr_i_126
127. Canon City,1948,1h 22m,Approved,6.5,510,,Twelve inmates plan a prison break from the Colorado State Penitentiary but one of them reluctantly joins the group.,https://www.imdb.com/title/tt0040210/?ref_=sr_i_127
128. Tarzan and the Mermaids,1948,1h 8m,Approved,5.5,2.4K,,"To escape from an arranged marriage to Aquatania's pagan god, a desperate maiden ends up in Tarzan's fishing net. But soon, he, too, finds himself before a well-planned conspiracy. Can Tarzan save the mermaid from the barbaric idol's will?",https://www.imdb.com/title/tt0040862/?ref_=sr_i_128
129. A Date with Judy,1948,1h 53m,Approved,6.5,1.6K,,"Hyperactive teenager Judy Foster (Jane Powell) challenges, and is challenged by, her overly-proper parents, pesky brother Randolph (Jerry Hunter), and boyfriend Ogden ""Oogie"" Pringle (Scotty Beckett).",https://www.imdb.com/title/tt0040271/?ref_=sr_i_129
130. Miranda,1948,1h 20m,Approved,6.8,1.3K,,"A young married physician discovers a mermaid, and gives in to her request to be taken to see London. Comedy and romantic entanglements ensue soon after.",https://www.imdb.com/title/tt0040597/?ref_=sr_i_130
131. The Walls of Jericho,1948,1h 46m,,6.8,584,,"Spurned by the married county attorney she loves, the wife of a newspaperman tries every trick to lift her husband into a political career at the expense of her would-be lover and the she-lawyer he illicitly falls for.",https://www.imdb.com/title/tt0040949/?ref_=sr_i_131
132. You Gotta Stay Happy,1948,1h 40m,,6.7,1.1K,,A spoiled heiress who has jilted multiple fiancés embroils a commercial pilot in a series of wacky misadventures.,https://www.imdb.com/title/tt0040982/?ref_=sr_i_132
133. Four Faces West,1948,1h 29m,Approved,7.0,1.2K,,"In New Mexico, a cowpoke forces a banker at gunpoint to give him a loan without collateral in exchange for an IOU, but the marshal and his posse chase after him.",https://www.imdb.com/title/tt0040370/?ref_=sr_i_133
134. Panhandle,1948,1h 25m,Approved,6.3,457,,"John Sands, a former Texas marshal turns to ranching, and later to a gunfighter when he sets out to prove that casino/saloon owner, Matt Garson, had his brother, a newspaperman, killed.",https://www.imdb.com/title/tt0033996/?ref_=sr_i_134
135. Mr. Perrin and Mr. Traill,1948,1h 30m,Approved,6.9,265,,An elderly British schoolmaster is upset when a new teacher comes to the school and is an immediate success with the boys. The older man thinks he is not getting the respect he deserves.,https://www.imdb.com/title/tt0040615/?ref_=sr_i_135
136. Kampen om tungtvannet,1948,1h 47m,Not Rated,7.0,669,,A factual reconstruction of the sabotage which took place to prevent Germany from getting the heavy water needed to make an atomic bomb during World War II.,https://www.imdb.com/title/tt0040504/?ref_=sr_i_136
137. Million Dollar Weekend,1948,1h 12m,Approved,6.1,460,,"Stockbroker Nicholas and widow Cynthia meet on flight to Hawaii. For different reasons, they're both threatened by incriminating circumstances. To avoid further complications they turn to each other for help.",https://www.imdb.com/title/tt0040590/?ref_=sr_i_137
138. Albuquerque,1948,1h 30m,Approved,6.6,891,,"Cole Armin, recruited by his corrupt uncle as heir apparent to his freight-hauling empire, defects to his honest rival.",https://www.imdb.com/title/tt0040082/?ref_=sr_i_138
139. Brass Monkey,1948,1h 30m,,5.2,251,,Radio personality Carroll Levis becomes involved in a case of theft and murder.,https://www.imdb.com/title/tt0040186/?ref_=sr_i_139
140. The Golden Eye,1948,1h 9m,Approved,5.9,737,,"Chan discovers a conspiracy when a low paying gold mine seemingly starts to become profitable, and attempts are made on the owner's life.",https://www.imdb.com/title/tt0040394/?ref_=sr_i_140
141. The Fuller Brush Man,1948,1h 33m,Approved,6.8,775,,"Striving to be a whiz-bang salesman and screwing up at every turn, Red Skelton turns in a genius comic performance inevitably getting into big trouble, impossible situations and a wild chase involving dastardly crooks.",https://www.imdb.com/title/tt0040379/?ref_=sr_i_141
142. Larceny,1948,1h 29m,Approved,6.8,1.1K,,"A con man sets out to swindle a widow out of the money she's received to build a memorial to her war hero husband, but winds up falling in love with her instead.",https://www.imdb.com/title/tt0039550/?ref_=sr_i_142
143. Sleeping Car to Trieste,1948,1h 35m,Approved,6.6,902,,Spies pursue a stolen diary aboard the Orient Express.,https://www.imdb.com/title/tt0040799/?ref_=sr_i_143
144. The Babe Ruth Story,1948,1h 46m,Approved,5.3,1.3K,,William Bendix suits up in Yankee flannels as the renowned pitcher-turned-outfielder Babe Ruth in a sports biopic that mixes facts with fiction.,https://www.imdb.com/title/tt0040142/?ref_=sr_i_144
145. June Bride,1948,1h 36m,Approved,6.8,2.4K,,"A magazine's staff, including bickering ex-lovers Linda and Carey, covers an Indiana wedding that goes awry.",https://www.imdb.com/title/tt0040499/?ref_=sr_i_145
146. The Time of Your Life,1948,1h 49m,Approved,6.2,1.5K,,"A wide variety of persons come into Nick's Pacific Street Saloon, some to ask for work and others just to pass the time.",https://www.imdb.com/title/tt0040884/?ref_=sr_i_146
147. The Noose Hangs High,1948,1h 17m,Not Rated,6.6,1.3K,,"Two window washers mistakenly receive, and lose, $50,000 belonging to a shady bookie, and have only forty-eight hours to retrieve the money.",https://www.imdb.com/title/tt0040652/?ref_=sr_i_147
148. Silver River,1948,1h 50m,Approved,6.5,1.8K,,"After Mike McComb is booted out of the cavalry, he becomes a riverboat gambler and silver mine owner in Nevada.",https://www.imdb.com/title/tt0040789/?ref_=sr_i_148
149. Love,1948,1h 9m,,6.9,2.2K,,"In part one, a heartbroken woman talks to her ex-lover on the phone. In part two, a pregnant woman believes she is carrying the child of Saint Joseph.",https://www.imdb.com/title/tt0040092/?ref_=sr_i_149
150. Fury at Furnace Creek,1948,1h 28m,Approved,6.8,626,,Two sons of a general try to prove that he did not give an order that resulted in the Indian massacre of a wagon train and army fort.,https://www.imdb.com/title/tt0040380/?ref_=sr_i_150
151. Daughter of Darkness,1948,1h 31m,,6.6,436,,"Emily, a pretty young Irish girl, gets a job on an English farm owned by the Tallent family. The local men take to her but the women don't, objecting to her flirtatious nature with their men and one woman, Bess Stanforth, is especially disturbed by her. When Dan, a man from Emily's past, shows up and accuses her of having tried to kill, him Beth's suspicions are further aroused, and they're confirmed after Dan is found murdered in a local barn. Beth sets out to find out exactly who Emily is and to prove that she murdered Dan.",https://www.imdb.com/title/tt0040273/?ref_=sr_i_151
152. Another Part of the Forest,1948,1h 47m,Approved,7.2,705,,This 'prequel' to The Little Foxes tells how the ruthless members of the old-South Hubbard family got that way.,https://www.imdb.com/title/tt0040102/?ref_=sr_i_152
153. No Orchids for Miss Blandish,1948,1h 32m,Approved,6.0,862,,"John Blandish is worth $100 million. His heiress daughter is soon to be wed to Foster Harvey, who believes she's a cold, unfeeling woman, despite loving her. Her cold emotional state is in large part due to leading a restricted life. A low level thug named Johnny overhears their secret wedding night plans, and peddles the idea of robbing her of the $100,000 worth of diamond jewelry with which she will be adorned to two groups of his gangster acquaintances, who are in competition with each other. The robbery doesn't go quite according to plan, with Miss Blandish ultimately being kidnapped and held under the eye of Slim Grisson, the heir apparent as head of the violent Grisson gang, currently run by Ma Grisson. Kidnapping holds higher risk but possible greater reward as everyone figures they can get at least $1 million for her. Ma has no plans of letting her go, killing her after getting the money. But a surprise move by Slim, who has a secret past with Miss Blandish, turns the tables on the kidnapping and in turn Miss Blandish's emotional state. She ends up falling in love with him, and he with her. They know they can't live in either of their worlds, but even if they can escape together, will there be a future for them together always being on the run from both sides as well as the Grisson's competitors?",https://www.imdb.com/title/tt0040647/?ref_=sr_i_153
154. Scudda Hoo! Scudda Hay!,1948,1h 35m,Approved,5.9,441,,"In 1948 rural America, two stepbrothers compete for the same gal and the younger brother buys two untamed mules for work projects while the older brother tries to sabotage him.",https://www.imdb.com/title/tt0040762/?ref_=sr_i_154
155. The Girl from Manhattan,1948,1h 21m,Approved,5.6,151,,"Tom Walker,former All-American fullback who gave up football to enter the ministry, returns to his old home town for his first assignment under the church Bishop , an old friend of his father. And Carol Maynard , a local girl who has become New York's most famous model, comes home to visit her uncle, Homer Purdy, a boarding-house keeper.She is dismayed to learn that the money she has been sending him to pay off his $3000 mortgage has been going to a bunch of non-paying guests, among them Aaror Goss, a radio contest fanatic, and a broken-down actress, Mrs. Brooke. Tom and Carol resume their romance which was interrupted when he went away to college and she to New York. This upsets the Bishop. Mr. Birch, holds the mortgage on Purdy's boarding house and is going to foreclose, and donate the property to Tom's church for a new building. Tom, clearly, has a conflict-of-interest situation on his hands.",https://www.imdb.com/title/tt0040388/?ref_=sr_i_155
156. An Act of Murder,1948,1h 31m,Approved,6.9,1K,,A hard-line judge is tempted toward mercy-killing by his wife's terminal cancer.,https://www.imdb.com/title/tt0040072/?ref_=sr_i_156
157. Le destin exécrable de Guillemette Babin,1948,1h 37m,,5.7,22,,Being born a witch's daughter did not bode well for your future in the Middle Ages. Guillaumette tries to stay on the straight and narrow with a little help from a priest she visits.,https://www.imdb.com/title/tt0193091/?ref_=sr_i_157
158. Julia Misbehaves,1948,1h 39m,Approved,6.8,1.3K,,"A London chorus girl tries to rekindle her relationships with her daughter, whom she gave up as an infant, and her estranged husband, when the former becomes engaged.",https://www.imdb.com/title/tt0040498/?ref_=sr_i_158
159. Children of the Beehive,1948,1h 26m,,7.4,432,,"A group of war orphans initially seen scratching out an existence through black market work, as they are taken under the wing of a nameless soldier.",https://www.imdb.com/title/tt0431796/?ref_=sr_i_159
160. Homecoming,1948,1h 53m,Approved,6.9,1.3K,,"At the end of WW2, aboard a repatriation ship, an Army doctor reminisces about his war years while being interviewed by a reporter.",https://www.imdb.com/title/tt0040446/?ref_=sr_i_160
161. Fighter Squadron,1948,1h 36m,Approved,6.2,1.1K,,"During World War II, an insubordinate fighter pilot finds the shoe on the other foot when he's promoted.",https://www.imdb.com/title/tt0040353/?ref_=sr_i_161
162. Tap Roots,1948,1h 49m,TV-PG,6.5,494,,"In 1860s Mississippi, the Dabneys, founders of the Dabney plantation in Levington, experience tragedy and turmoil when they refuse to join either side of the American Civil War.",https://www.imdb.com/title/tt0040861/?ref_=sr_i_162
163. Docks of New Orleans,1948,1h 4m,Approved,5.8,561,,"After the partners in the LaFontaine Chemical Co. sign a legal agreement leaving their share to the surviving partner(s), two of them are murdered.",https://www.imdb.com/title/tt0040296/?ref_=sr_i_163
164. The Miracle of the Bells,1948,2h,Approved,6.6,1.2K,,"A press agent brings a dead actress home for burial. To promote her one film, he asks churches to ring bells for 3 days, hoping to get the studio head to release it.",https://www.imdb.com/title/tt0040594/?ref_=sr_i_164
165. Nuremberg,1948,1h 18m,Approved,7.4,295,,"The official U.S. government film about the 1st Nuremberg trial (The Trial of the Major Nazi War Criminals) which lasted from November 20, 1945 to October 1, 1946.",https://www.imdb.com/title/tt0441889/?ref_=sr_i_165
166. The Kissing Bandit,1948,1h 40m,Approved,5.3,802,,"Ricardo, the milquetoast son of a Mexican bandit, would rather lead a quiet life in Boston. But the family would rather that he follow in his father's footsteps and become ""The Kissing Bandit"".",https://www.imdb.com/title/tt0040513/?ref_=sr_i_166
167. A Hen in the Wind,1948,1h 24m,,7.4,2.3K,,A man returns from World War II to find his desperate wife had resorted to one night of prostitution to pay for their son's hospital bills.,https://www.imdb.com/title/tt0040505/?ref_=sr_i_167
168. Beyond Glory,1948,1h 22m,Approved,6.5,340,,"Rocky visits Captain Daniels' widow, they develop feelings, and she urges him to attend West Point, where he faces disciplinary issues and possible court-martial.",https://www.imdb.com/title/tt0040158/?ref_=sr_i_168
169. So Evil My Love,1948,1h 52m,Approved,6.9,1.1K,,"Olivia Harwood, missionary's widow, meets charming Mark Bellis, artist and rogue, on the ship taking them both back to 1890s London. After Olivia opens a lodging house, Mark becomes her lodger then her lover. Olivia falls so completely under amoral Mark's spell that he's able to overcome her scruples, and soon she's his willing tool in an ambitious scheme of theft and blackmail...maybe too ambitious.",https://www.imdb.com/title/tt0040809/?ref_=sr_i_169
170. Green Grass of Wyoming,1948,1h 29m,Approved,6.0,542,,"In Wyoming, several ranchers have their prized mares stolen by a big wild white stallion and must recover them before the Governor's Stake trotting race day.",https://www.imdb.com/title/tt0040402/?ref_=sr_i_170
171. On an Island with You,1948,1h 47m,Approved,5.9,1.2K,,"While shooting on location in the South Pacific, a movie star is pursued by a handsome Naval officer who is convinced she is the girl for him.",https://www.imdb.com/title/tt0040665/?ref_=sr_i_171
172. Maclovia,1948,1h 45m,TV-PG,7.2,269,,"On a Mexican isle, traditional Indians shun outsiders. Poor Jose Maria loves Maclovia, but her father forbids their union. As Jose pursues education and savings for a boat, a sergeant desires Maclovia. All peaks on Dead Night.",https://www.imdb.com/title/tt0040560/?ref_=sr_i_172
173. Jungle Jim,1948,1h 11m,Approved,5.6,839,,"Lady scientist, Hilary Parker is searching for a rare drug to help combat polio. Opportunist Bruce Edwards joins the quest but is actually after gold and buried treasure.",https://www.imdb.com/title/tt0040501/?ref_=sr_i_173
174. Winter Meeting,1948,1h 44m,Approved,6.2,1.6K,,Bette Davis is a successful poetess who falls in love with a war hero in this romantic melodrama that is a moving film experience any time of year.,https://www.imdb.com/title/tt0040971/?ref_=sr_i_174
175. Vice Versa,1948,1h 51m,Not Rated,6.3,436,,"Paul is sending his son Dick to boarding school. While holding a magic stone from India, he wishes that he could be young again. His wish is immediately fulfilled and the two change bodies with each other.",https://www.imdb.com/title/tt0040940/?ref_=sr_i_175
176. Miss Tatlock's Millions,1948,1h 41m,Approved,6.7,384,,"After an idiot heir's accidental death, a stuntman is hired to impersonate him when the family gathers to determine the disbursement of Miss Tatlock's fortune. But complications soon line up to stand between a lucky lookalike and easy money.",https://www.imdb.com/title/tt0040599/?ref_=sr_i_176
177. Music in Darkness,1948,1h 27m,,6.4,1.7K,,A blind musician falls in love with a kindhearted girl.,https://www.imdb.com/title/tt0040622/?ref_=sr_i_177
178. Hidden River,1948,1h 39m,,7.5,347,,"Called by the Mexican President himself, and in spite of a heart condition, young teacher Rosaura Salazar travels to the deserted town of Rio Escondido to accomplish the mission of bringing education to the poorest people. Being there, Salazar has to fight Regino Sandoval the evil landlord of the town. He has transformed the town into his own property, imposing his will and spreading death everywhere.",https://www.imdb.com/title/tt0039793/?ref_=sr_i_178
179. The Creeper,1948,1h 4m,Approved,4.9,383,,"A man is turned into a ""catlike"" killer by means of a serum invented by a crazed scientist.",https://www.imdb.com/title/tt0040254/?ref_=sr_i_179
180. The Silk Noose,1948,1h 12m,Approved,6.1,486,,"In post- WW2 Britain, an American fashion journalist, her ex-army fiancé, and a gang of honest toughs from a local gym attempt to bring black market organized crime to justice.",https://www.imdb.com/title/tt0040651/?ref_=sr_i_180
181. Dulcimer Street,1948,1h 50m,Approved,6.9,510,,"Percy Boon lives with his mother in a shared rented house with an assortment of characters in central London. Although well intentioned, Percy becomes mixed up with gangsters and a murder. The story focuses on the effects this has on Percy and the other residents.",https://www.imdb.com/title/tt0040548/?ref_=sr_i_181
182. Three Daring Daughters,1948,1h 55m,Approved,6.2,675,,Three young girls attempt to match their divorced mom with a new husband.,https://www.imdb.com/title/tt0040875/?ref_=sr_i_182
183. Man-Eater of Kumaon,1948,1h 19m,Not Rated,5.8,201,,"A doctor hunts a vicious, man-eating tiger that terrorizes a native jungle village. In time the doctor experiences a personal change when he accepts their native customs and beliefs.",https://www.imdb.com/title/tt0040567/?ref_=sr_i_183
184. Summer Holiday,1948,1h 33m,Approved,5.7,690,,"Turn-of-the-century Connecticut. Young Richard Miller, from a middle-class family, loves neighbor Muriel despite her father's objections to Richard's revolutionary ideas.",https://www.imdb.com/title/tt0040848/?ref_=sr_i_184
185. Snowbound,1948,1h 25m,Approved,5.8,395,,"A group of people search for Nazi treasure hidden in the Alps. From ""The Lonely Skier"" by Hammond Innes.",https://www.imdb.com/title/tt0040808/?ref_=sr_i_185
186. The Last Stage,1948,1h 50m,,7.2,911,,Female prisoners of various ethnic background struggle to survive the hardships of Auschwitz Concentration Camp.,https://www.imdb.com/title/tt0040674/?ref_=sr_i_186
187. The Sainted Sisters,1948,1h 29m,,6.4,163,,"After stealing 10 thousand dollars from a New York businessman, two female cons hide in a small Maine town where, against their will, they perform good deeds and become respectable.",https://www.imdb.com/title/tt0040754/?ref_=sr_i_187
188. The Blind Goddess,1948,1h 27m,,6.4,182,,"Lord Brasted is in charge of a postwar fund for displaced persons. His secretary, Derek Waterhouse, visits the Prime Minister to accuse Brasted of taking money from the fund. This results in a libel case made difficult for Waterhouse for several reasons: the man who uncovered the fraud has committed suicide - or been murdered - in Prague, Lady Brasted is an old flame and being pretty devious, and he has been seeing the prosecuting lawyer's daughter.",https://www.imdb.com/title/tt0040172/?ref_=sr_i_188
189. Congo Bill,1948,4h 30m,Approved,5.6,149,,"A girl is about to inherit a fortune, but she is missing in Africa. Only then, family charges Congo Bill, an adventurer, to find her, and bring her back to civilization. He follows a legend about some White Queen, but his path is full of difficulties, by an inhospitable jungle, and the man who will lose the fortune if the girl is found alive.",https://www.imdb.com/title/tt0040243/?ref_=sr_i_189
190. The Charterhouse of Parma,1948,2h 50m,,7.1,574,,"Fabrice del Dongo, a young archbishop, gives his all to romance rather than to the Church, creating complications for everyone around. The Countess of San Severina, is but one of the women who love him a la folie, spurring jealous retribution in high places from those who in turn want her. From his prison window, Fabrice falls in love with the jailer's daughter who takes a vow to the Virgin Mary to never see him again if his escape succeeds.",https://www.imdb.com/title/tt0040223/?ref_=sr_i_190
191. Without Pity,1948,1h 30m,Approved,6.6,625,,"An African-American soldier stationing in Italy refuses to make a deal with local gangsters. However, when a girl he loves turns desperately to prostitution, Jerry is forced to change his mind to save her.",https://www.imdb.com/title/tt0040773/?ref_=sr_i_191
192. An Innocent Affair,1948,1h 30m,Approved,6.2,449,,Vincent Doane tries to close an advertising deal with his rich ex-fiancée. Unfortunately she is more interested in him than in business. Vincent's wife Paula gets suspicious and decides to make him jealous flirting with a tycoon.,https://www.imdb.com/title/tt0040473/?ref_=sr_i_192
193. The Prince of Thieves,1948,1h 12m,Approved,5.2,197,,"Robin Hood, his sidekick Will Scarlet and the rest of the forest rogues try to retrieve another male's captured female from the castle of the evil Prince John as the two sides try to annihilate each other.",https://www.imdb.com/title/tt0040710/?ref_=sr_i_193
194. Indian Agent,1948,1h 5m,Approved,6.3,146,,An honest cowboy tries to prevent conflict escalation caused by the actions of a corrupt government official.,https://www.imdb.com/title/tt0040470/?ref_=sr_i_194
195. The Saxon Charm,1948,1h 28m,Approved,6.6,359,,"In order to get his way, New York producer Matt Saxon manipulates and controls everyone around him but his latest protégé, novelist Eric Busch, finally stands-up to him.",https://www.imdb.com/title/tt0040759/?ref_=sr_i_195
196. The Gay Ranchero,1948,1h 12m,Approved,6.0,182,,"Crooks try to take over an airport by sabotaging the planes. Sheriff Roy catches them. Songs: title song, ""Granada, "" ""You Belong to my Heart, "" and ""Wait'll I get my Sunshine in the Moonlight.""",https://www.imdb.com/title/tt0040385/?ref_=sr_i_196
197. That Lady in Ermine,1948,1h 29m,Approved,5.8,1K,,"That Lady in Ermine tells two parallel stories, both taking place in the small Mittel-European duchy of Bergamo, with one set in the 19th century and the other in the 16th.",https://www.imdb.com/title/tt0040869/?ref_=sr_i_197
198. Siren of Atlantis,1948,1h 15m,Approved,5.5,372,,A pair of explorers stumble across a lost city in the desert ruled by a mysterious queen.,https://www.imdb.com/title/tt0040794/?ref_=sr_i_198
199. Bonnie Prince Charlie,1948,1h 38m,Approved,5.2,357,,"In the Jacobite Rising of 1745, the Young Pretender Bonnie Prince Charlie leads an insurrection to overthrow the Protestant House of Hanover and restore his family, the Catholic branch of the House of Stuart, to the British throne.",https://www.imdb.com/title/tt0040183/?ref_=sr_i_199
200. The Eagle with Two Heads,1948,1h 33m,,6.5,734,,A poet plans to assassinate an unpopular queen but falls in love with her instead.,https://www.imdb.com/title/tt0039135/?ref_=sr_i_200
201. Women in the Night,1948,1h 38m,Approved,4.7,233,,"As World War II nears its end, beautiful women forced to serve as sex slaves in a German officers' club do what they can to destroy the plans of a cosmic death ray.",https://www.imdb.com/title/tt0040003/?ref_=sr_i_201
202. Things Happen at Night,1948,1h 19m,Not Rated,4.5,294,,A young girl finds herself possessed by the spirit of a mischievous demon.,https://www.imdb.com/title/tt0039897/?ref_=sr_i_202
203. The Monkey's Paw,1948,1h 4m,,5.5,516,,"A mother wishes for the return of her dead son, and that wish is granted by a charm made from a severed monkey's paw.",https://www.imdb.com/title/tt0179359/?ref_=sr_i_203
204. The Sign of the Ram,1948,1h 24m,Approved,6.3,948,,"A jealous, manipulative stepmother confined to a wheelchair interferes with her stepchildren's romances so that they will not get married and leave home.",https://www.imdb.com/title/tt0040785/?ref_=sr_i_204
205. Anni difficili,1948,1h 30m,,7.6,300,,"Aldo Piscitello, a minor government clerk, is forced in 1934 to join the Fascist party. When the war comes, he finds himself able only to talk ineffectually in secret against Mussolini, even as his own son Giovanni is sent into battle. By the end of the war, Aldo has found the courage to stand up for his beliefs, but by then it is too late.",https://www.imdb.com/title/tt0040100/?ref_=sr_i_205
206. The Calendar,1948,1h 19m,Approved,5.8,148,,The favourite for the big race is nobbled and suspicion falls on the owner. His secret admirer proves it wasn't him.,https://www.imdb.com/title/tt0040199/?ref_=sr_i_206
207. You Were Meant for Me,1948,1h 32m,Approved,6.1,354,,"1920's bandleader Chuck Arnold meets hometown girl Peggy at one of the band's dances and next day weds her. Though she loves him, life on the road becomes increasingly difficult for her, but it is the 1929 Crash that makes things really tough for the both of them.",https://www.imdb.com/title/tt0040983/?ref_=sr_i_207
208. The Quiet One,1948,1h 5m,,6.4,334,,"A documentary account of the rehabilitation at the Wiltwyck School of an emotionally disturbed Black boy who is unwanted, misunderstood, and inwardly tortured.",https://www.imdb.com/title/tt0040717/?ref_=sr_i_208
209. Jungle Goddess,1948,1h 2m,Approved,2.2,929,,"When a plane carrying the daughter of a millionaire crashes in an African jungle, two pilots set out to collect the reward. They discover that she has become the goddess of a primitive tribe.",https://www.imdb.com/title/tt0040500/?ref_=sr_i_209
210. The Westward Trail,1948,56m,Approved,6.0,98,,Singing lawman Eddie Dean and sidekick Soapy Jones help a city woman and her ne'er-do-well brother save their ranch from a ruthless cattle baron seeking silver.,https://www.imdb.com/title/tt0040957/?ref_=sr_i_210
211. Calling Paul Temple,1948,1h 32m,,6.0,338,,A maniac is murdering the patients of a doctor who specializes in nervous disorders. A detective is called in to catch the killer.,https://www.imdb.com/title/tt0125030/?ref_=sr_i_211
212. Here Come the Huggetts,1948,1h 33m,Approved,6.3,375,,"The Huggett family, after their Holiday Camp adventures, face the novelty of getting their first telephone installed, offering a humorous glimpse into late 1940s Britain adapting to emerging technologies.",https://www.imdb.com/title/tt0040431/?ref_=sr_i_212
213. I Wouldn't Be in Your Shoes,1948,1h 10m,Approved,6.5,1.1K,,A dancer is pinned for murder after his shoe prints are found at the scene of the crime. His wife follows the trail of clues to the genuine killer.,https://www.imdb.com/title/tt0040460/?ref_=sr_i_213
214. Penny and the Pownall Case,1948,47m,,5.5,221,,A glamour model helps Scotland Yard to catch a criminal gang.,https://www.imdb.com/title/tt0040687/?ref_=sr_i_214
215. The Hideout,1948,1h 7m,,6.3,293,,A husband and wife stop to help two men in a car crash only to find they are criminals on the run.,https://www.imdb.com/title/tt0040801/?ref_=sr_i_215
216. Two Guys from Texas,1948,1h 26m,Approved,5.7,493,,"Two performers become stranded in Texas after their car breaks down, and become embroiled in criminal and romantic misadventures.",https://www.imdb.com/title/tt0040910/?ref_=sr_i_216
"217. Ustedes, los ricos",1948,2h 10m,Not Rated,7.7,677,,"Sequel to Nosotros los Pobres (1947). This time, Pepe ""El Toro"" (Infante) is married with ""La Chorreada"" (Pavon) and they have two children. Chachita (Munoz) knows her real grandma: Charito (Derba), a rich woman who takes Chachita away from Pepe and tries to convert her into a rich girl. El Pichi (Fernandez) and Chachita are inlove, but social differences take them apart. This time, tragedy overcomes when Pepe's son, El Torito (Giron) dies in a fire.",https://www.imdb.com/title/tt0040928/?ref_=sr_i_217
218. The Weaker Sex,1948,1h 24m,Approved,6.6,246,,"A mother struggles to maintain normalcy at home as D-Day nears. With lodgers, absent children in the Navy, and no war job, she questions her choice to remain a housewife when her son's ship is damaged.",https://www.imdb.com/title/tt0040952/?ref_=sr_i_218
219. Devil's Cargo,1948,1h 4m,Approved,5.6,343,,Poverty-row continuation of The Falcon series; mundane murder mystery showcasing Calvert's magic act skills.,https://www.imdb.com/title/tt0040287/?ref_=sr_i_219
220. The Inside Story,1948,1h 27m,Approved,6.7,350,,"A collection agent arrives in a small town with $1000 for a local farmer. Whilst waiting for the farmer to arrive the money is put in a safe at a hotel for safe keeping. However, it is removed by mistake and solves a number of financial problems before it is returned.",https://www.imdb.com/title/tt0040474/?ref_=sr_i_220
221. So This Is New York,1948,1h 19m,Not Rated,6.3,348,,"A small town man inherits a significant fortune and takes his family to New York City. Urban culture shock takes the form of strange ways and oddball characters Based on Ring Lardner 's novel ""The Big Town.""",https://www.imdb.com/title/tt0040810/?ref_=sr_i_221
222. God Bless You,1948,2h,Unrated,7.6,313,,"A player wife, Nancy, who holds elegance to disguise their poverty while waiting for a wealthy man appears and deal with it, talk to the old man begging at the door of a casino. Soon after, a mysterious suitor offers a life of luxury.",https://www.imdb.com/title/tt0040292/?ref_=sr_i_222
223. Smart Girls Don't Talk,1948,1h 21m,Approved,6.5,540,,"A socialite in financial trouble gets involved with a nightclub and gambling club owner, whose hoodlums are not afraid to kill, only to regret it and finally help a police lieutenant incriminate him and his gunman.",https://www.imdb.com/title/tt0040802/?ref_=sr_i_223
224. Der Prozeß,1948,1h 48m,,7.4,167,,"In 1882 a country girl disappears from a small Hungarian village. The inhabitants suggest that she was murdered by the Jews. Everything is done to accuse them before the trial. A study in stubbornness, racism and intolerance and how to fight against it.",https://www.imdb.com/title/tt0040714/?ref_=sr_i_224
225. The Return of October,1948,1h 38m,Approved,6.2,318,,"Terry Moore believes her late uncle reincarnated as a racehorse named October. She's tried for insanity, attracting a psychologist's interest. He writes a book about her case and falls for her.",https://www.imdb.com/title/tt0040730/?ref_=sr_i_225
226. The Shanghai Chest,1948,1h 5m,Approved,5.9,356,,Charlie attempts to solve a triple murder in which a dead man's finger prints show up at all three murder sites.,https://www.imdb.com/title/tt0040778/?ref_=sr_i_226
227. Good-Time Girl,1948,1h 21m,Approved,6.5,571,,"A young girl from the slums gets involved with some criminals. Driving while drunk, she knocks down and kills a policeman. She runs away with two G.I.s who are also on the run, and they start a crime wave.",https://www.imdb.com/title/tt0042515/?ref_=sr_i_227
228. Angelitos negros,1948,1h 40m,Not Rated,7.3,392,,"Angelitos Negros is a story of prejudice and sacrifice; the plot centers around a woman who does not realize her heritage, brought up as the ""white""wealthy patron's daughter, she is actually the daughter of the black maid.",https://www.imdb.com/title/tt0040096/?ref_=sr_i_228
229. Tenth Avenue Angel,1948,1h 14m,Approved,6.7,1K,,"While a man was in prison, a little girl who is very close to him was told that he was traveling the world. What will happen if she discovers the truth?",https://www.imdb.com/title/tt0040865/?ref_=sr_i_229
230. Spring in Park Lane,1948,1h 40m,,7.0,307,,A diamond merchant's niece falls for his new footman who is really an impoverished aristocrat.,https://www.imdb.com/title/tt0040830/?ref_=sr_i_230
231. Uneasy Terms,1948,1h 31m,,6.1,203,,"Private eye Slim Callaghan is summoned to the country home of a Colonel Stenhurst, but the latter is murdered before he can talk to the detective. Was one of the Colonel's three daughters responsible?",https://www.imdb.com/title/tt0040918/?ref_=sr_i_231
232. Caccia all'uomo,1948,1h 26m,,6.9,199,,"Jean Valjean, pursued through the years for a minor infraction by the implacable policeman Javert, attempts to create a life for himself and for his adopted daughter Cosette amid the revolutionary struggles of France.",https://www.imdb.com/title/tt0039629/?ref_=sr_i_232
"233. Texas, Brooklyn & Heaven",1948,1h 16m,,5.8,477,,A would-be playwright and a young woman escaping from a job at a gas station meet cute and fall in love.,https://www.imdb.com/title/tt0040868/?ref_=sr_i_233
234. Lulu Belle,1948,1h 26m,Approved,5.9,227,,"Lulu Belle and George Davis marry despite opposition. Financial struggles lead Lulu to work at a club, causing George's jealousy and imprisonment. Lulu becomes a Broadway star but chooses George over a wealthy suitor upon his release.",https://www.imdb.com/title/tt0040555/?ref_=sr_i_234
235. Counterblast,1948,1h 30m,,6.0,274,,An escaped World War 2 Nazi doctor impersonates a murdered English doctor so he can work on a vaccination to protect Germans in their planned germ warfare.,https://www.imdb.com/title/tt0040249/?ref_=sr_i_235
236. One Sunday Afternoon,1948,1h 30m,Approved,5.7,369,,"Biff Grimes has spent the last ten years regretting that he hadn't married Virginia Brush, the girl of his dreams. Virginia ran off and married his best friend - breaking his heart. Virginia's best friend, Amy, consoles Biff.",https://www.imdb.com/title/tt0040668/?ref_=sr_i_236
237. Luxury Liner,1948,1h 38m,Approved,6.4,691,,A young girl stows away aboard a luxury liner which is full of musical stars--and which her father just happens to be the captain.,https://www.imdb.com/title/tt0040556/?ref_=sr_i_237
238. Monelle,1948,1h 33m,,6.9,257,,A beautiful young pianist falls for her mentor.,https://www.imdb.com/title/tt0039150/?ref_=sr_i_238
239. The Return of the Whistler,1948,1h 2m,Approved,6.4,640,,"On his wedding eve, a groom's fiancée vanishes. Hiring a detective, he's drawn into a sinister conspiracy surrounding her ex-husband's death and his shady in-laws.",https://www.imdb.com/title/tt0040733/?ref_=sr_i_239
240. Women of the Night,1948,1h 15m,,7.2,1.7K,,A mistress of a drug dealer in post-war Japan is shocked when she discovers that he is having an affair with her sister.,https://www.imdb.com/title/tt0040980/?ref_=sr_i_240
241. Dedee,1948,1h 35m,,7.2,768,,"Dedee is a prostitute who works in Monsieur Rene's nightclub on Antwerp's harbour. The porter is Marco, her pimp. Dedee is not happy until she meets Francesco, an Italian sailor. They fall in love and Dedee starts to dream about escaping her daily dull grind.",https://www.imdb.com/title/tt0039344/?ref_=sr_i_241
"242. Esquina, bajan...!",1948,1h 55m,,7.4,94,,,https://www.imdb.com/title/tt0040327/?ref_=sr_i_242
243. Frontier Revenge,1948,56m,Approved,6.6,72,,"Marshals Lash and Fuzzy are sent to get the goods on Duce Rago. To join Rago's gang, Lash decides to pose as an outlaw by wearing the known belt buckle of a notorious outlaw.",https://www.imdb.com/title/tt0041393/?ref_=sr_i_243
244. When My Baby Smiles at Me,1948,1h 38m,,5.7,251,,"Vaudeville performers, Dailey and Grable, have marital difficulties when he hits the ""Big Time"", which are compounded by his drinking problem.",https://www.imdb.com/title/tt0040962/?ref_=sr_i_244
245. Lost Youth,1948,1h 20m,,6.8,260,,A psychopath leads students into crime. He is shot by the police after a detective has become involved with his sister.,https://www.imdb.com/title/tt0039424/?ref_=sr_i_245
246. Superman,1948,1h 28m,,5.7,22,,"Before the star Krypton explodes, a scientist sends his son to Earth. Here, he is told of his origin, and promises to use his amazing powers for good only. He saves a train in which Lois Lane and Jimmy Olsen, news reporters, are traveling.",https://www.imdb.com/title/tt32527236/?ref_=sr_i_246
247. My Brother's Keeper,1948,1h 26m,Approved,6.3,353,,"War hero George Martin escapes prison handcuffed to crook Willie Stannard. They obtain railway tickets. Pursued by police and press, George aims to break free from Willie and escape.",https://www.imdb.com/title/tt0040624/?ref_=sr_i_247
248. El supersabio,1948,1h 43m,,7.0,305,,"Cantinflas is the apprentice of a renowned scientist, Prof. Arquimides Monteagudo (Carlos Martinez Baena). But Cantinflas has the soul of a poet rather than a serious researcher, and he wants to find the formula that achieves the immortality of the roses. Nevertheless, after the death of Prof. Monteagudo, Cantinflas will be chased by a ferocious corporative group, who wants to steal the secret formula of a cheaper fuel named ""carburex"", because they think that our friend is the only person who knows the composition.",https://www.imdb.com/title/tt0161996/?ref_=sr_i_248
249. The Untamed Breed,1948,1h 19m,Approved,5.6,120,,"Tom Reed's adaptation of the ""Saturday Evening Post"" story by Eli Colter finds Texas wrangler Tom Kilpatrick persuading the ranchers of the Pecos area, led by John Rambeau, to buy a Brahma bull on a cooperative basis to improve their depleted cattle strain. The bull escapes, due to the carelessness of Windy Lucas. The mishap is seen by Larch Keegan, young rancher in love with Cherry Lucas, Windy's adopted daughter. Larch, jealous of Tom as a rival for Cherry and for water rights, fixes the blame on the wrangler. The bull terrorizes the countryside, injuring farm women and killing other bulls. Larch and his brothers, Hoy and Happy, incite the ranchers to shoot the bull on sight, but Tom begs for time to capture it alive. Tom corners and lassos the bull in the hills, but his horse is no match for the bull, who escapes again. Tom then sets out to capture the Widow Maker, a famous wild horse, knowing the horse is the only one capable of holding the lassoed bull. He does so and trains the horse in secret. Larch grows so jealous of Tom that he vows to burn down his ranch house. To prevent this, Cherry marries Tom but the latter, discovering why Cherry rushed into the marriage, refuses to live with her as man and wife.",https://www.imdb.com/title/tt0040921/?ref_=sr_i_249
250. This Was a Woman,1948,1h 42m,Approved,6.9,324,,A wife whose goal is power begins a game of manipulation that insidiously destroys her family.,https://www.imdb.com/title/tt0178061/?ref_=sr_i_250
251. Sotto il sole di Roma,1948,1h 35m,,6.9,387,,A story of teenager from Rome during World War II.,https://www.imdb.com/title/tt0038970/?ref_=sr_i_251
252. Madonna of the Desert,1948,1h,Approved,6.4,133,,"A jeweled Madonna, property of rancher Joe Salinas, attracts two crooks to his ranch, Monica Dell, a smooth operator, and ruthless Nick Julian. Joe believe that the statue has a miraculous power to ward off evil, and Monica, after a narrow escape from injury while trying to steal the statue, is converted to Joe's faith and refuses to go through with the robbery. Nick has no such intentions.",https://www.imdb.com/title/tt0040561/?ref_=sr_i_252
253. Castle Sinister,1948,49m,,3.6,262,,"1947. Drama. During the war, a British agent travels to the remote Glennye Castle in the wilds of Scotland to investigate a mysterious murder by a masked phantom. Directed by Oscar Burn.",https://www.imdb.com/title/tt0459083/?ref_=sr_i_253
254. Hazard,1948,1h 35m,Approved,6.1,109,,"As part of a bet, a compulsive gambler agrees to marry the winner, a professional gambler. Before he can ""collect,"" she skips town. The gambler hires a private detective to track her down so he can collect his ""winnings.""",https://www.imdb.com/title/tt0040426/?ref_=sr_i_254
255. Escape,1948,1h 18m,Approved,6.5,488,,A convict sentenced to three years for killing a detective escapes from a prison and goes on the run aided by a local girl.,https://www.imdb.com/title/tt0040325/?ref_=sr_i_255
256. Embraceable You,1948,1h 20m,Approved,6.5,328,,"Eddie accidentally hits Marie while fleeing a crime scene. Detective Hethron suspects Eddie, but instead of arresting him, Hethron has Eddie care for the Marie. Eddie falls for her and starts blackmailing a gangster to pay for her care.",https://www.imdb.com/title/tt0040315/?ref_=sr_i_256
257. Tempesta su Parigi,1948,1h 32m,,6.8,103,,"The story of Jean Valjean, still pursued by Javert, continues with a love developing between Cosette and radical student Marius, a blackmailing attempt by suspicious innkeeper Thenardier, and a climax on the barricades of Paris.",https://www.imdb.com/title/tt3097918/?ref_=sr_i_257
258. Thunderhoof,1948,1h 17m,Approved,6.5,183,,"Texas rancher Scotty Mason goes into the Mexican desert-country in search of a wild horse, and takes his young wife, Margarita and his hired-hand, The Kid, whose life Scotty had saved a few years earlier. The Kid falls in love with Magarita before they have crossed the Texas border, and spends more time plotting to get rid of Scotty than he does horse-hunting. Before long the two are engaged in fisticuffs in a mountain pass, but Scotty spots the horse he is hunting (Thunderhoof) and the chase is on. Scotty breaks his leg in the capture and, with a make-shift splint, Scotty, the Kid, Margarita and the horse start the return trek to Texas. Scotty and the Kid get into another fight, in a blinding sand-storm, and the Kid tosses Scott in a ravine, and tells Margarita that Scotty has deserted them. She joins the Kid, and learns the truth about Scotty after the delirious Kid drinks from a poisoned-water hole.",https://www.imdb.com/title/tt0040880/?ref_=sr_i_258
259. The Man from Texas,1948,1h 11m,Approved,5.4,132,,"Tobias is torn between his criminal career as the masked bandit named ‚El Paso Kid', and the life of a law-abiding citizen with his long-suffering wife Zoe. When he is caught he accepts his sentence only to prove himself a hero in chains.",https://www.imdb.com/title/tt0040565/?ref_=sr_i_259
260. Mexican Hayride,1948,1h 17m,Approved,6.2,1.4K,,"Two con men selling phony stock flee to Mexico ahead of the law, where they run into a woman friend from their earlier days, who is now a bullfighter.",https://www.imdb.com/title/tt0040582/?ref_=sr_i_260
261. Ziddi,1948,,,7.9,55,,Rich guy Puran is not allowed to marry poor girl Asha. Will his Zid (stubbornness) win over the family forms the plot of this film,https://www.imdb.com/title/tt0235094/?ref_=sr_i_261
262. The Argyle Secrets,1948,1h 4m,Approved,6.3,628,,"A reporter finds a WWII book listing traitors and profiteers. After he's killed in hospital, his assistant must evade police and criminals seeking the book for blackmail.",https://www.imdb.com/title/tt0040112/?ref_=sr_i_262
263. Open Secret,1948,1h 8m,Approved,6.4,398,,"Newlyweds come to visit groom's friend, only to discover him missing; and their investigation uncovers evidence of a ring of anti-semites terrorizing the neighborhood.",https://www.imdb.com/title/tt0040671/?ref_=sr_i_263
264. My Brother Jonathan,1948,1h 48m,Approved,7.2,250,,"Medical student Jonathan Dakers sacrifices his career to fund brother Harold's education. Harold and Edie fall in love but Harold dies in WWI leaving Edie pregnant. After Edie's death in childbirth, Jonathan raises their son Tony.",https://www.imdb.com/title/tt0040623/?ref_=sr_i_264
265. Sofka,1948,1h 38m,,6.2,52,,"In order to save her family from financial collapse, a young woman named Sofka marries 12-year-old son of a wealthy merchant. Grown up in different times and milieu, her husband shows no understanding for such move of hers.",https://www.imdb.com/title/tt0180180/?ref_=sr_i_265
266. Kalpana,1948,2h 2m,Not Rated,6.4,198,,"Kalpana is a dramatic dance fantasy, about the story of a young dancer and his dream of setting up a dance academy.",https://www.imdb.com/title/tt0311384/?ref_=sr_i_266
267. Big City,1948,1h 43m,Approved,6.4,399,,"Margaret O'Brien sings, dances and keeps the faith in this heartwarming musical drama co-starring Robert Preston, Danny Thomas and George Murphy.",https://www.imdb.com/title/tt0040159/?ref_=sr_i_267
268. Strange Victory,1948,1h 11m,,7.5,149,,"""Strange Victory"" is about racial bias in post World War II America. Folowing ""Native Land"" in Leo Hurwitz' filmography, it uses some of the same techniques: dramatized scenes interspersed with scenes of compilation news reel footage, and scenes of evocative imagery. An epilogue about the civil rights movement, added in 1964 makes the arc of the film more complete.",https://www.imdb.com/title/tt0469835/?ref_=sr_i_268
269. The Plunderers,1948,1h 27m,Approved,6.1,297,,"Cavalry officer John Drum attempts to track down outlaw Whit Lacey, but finds he must join forces with Lacey to fight a Sioux war party.",https://www.imdb.com/title/tt0040696/?ref_=sr_i_269
270. Family Honeymoon,1948,1h 30m,Approved,6.3,302,,A bachelor marries a widow and her three kids join the honeymoon.,https://www.imdb.com/title/tt0040342/?ref_=sr_i_270
271. Black Bart,1948,1h 20m,Approved,6.2,531,,California stage robber Black Bart meets European dancer Lola Montez.,https://www.imdb.com/title/tt0040167/?ref_=sr_i_271
272. River Lady,1948,1h 18m,Approved,5.9,305,,"During the 1850s, crooked lumber syndicate man Beauvais tries to take over the local mill while Sequin, the sensual owner of a gambling riverboat, tries to control the heart of Mississippi lumberjack Dan Corrigan.",https://www.imdb.com/title/tt0040738/?ref_=sr_i_272
273. Man to Men,1948,1h 36m,,5.9,79,,"The story of the Swiss soldier, Henri Dunant (Jean-Louis Barrault), who was responsible for the founding of the Red Cross, and who was offered the first Nobel Peace Prize.",https://www.imdb.com/title/tt0125054/?ref_=sr_i_273
274. Stage to Mesa City,1948,56m,Approved,6.1,129,,"Lash and Fuzzy sent to help John Watson with his stage line arrive to find him murdered. Recognizing the outlaws they trail them to their leader Baxter. But before Baxter can tell who the big boss is he is shot. After getting the stage through to assure the mail contract, Lash now realizes who the boss is.",https://www.imdb.com/title/tt0039863/?ref_=sr_i_274
275. Mystery in Mexico,1948,1h 6m,Approved,5.8,591,,"Insurance detective Steve Hastings investigates a fellow agent's disappearance. He follows the agent's sister, Victoria, to Mexico City, gains her trust, and together they unravel the mystery's cause.",https://www.imdb.com/title/tt0040631/?ref_=sr_i_275
276. The Bride Goes Wild,1948,1h 38m,Approved,6.2,570,,"McGrath publishes children's book, hires Martha as illustrator. Uncle Bumps battles alcoholism, writer's block. He schemes to keep Martha, involving Danny. Romantic feelings arise between Uncle Bumps and Martha amid personal challenges.",https://www.imdb.com/title/tt0040187/?ref_=sr_i_276
277. Daybreak,1948,1h 15m,Approved,6.7,324,,"A barber and part-time hangman finds love and settles with his partner on a barge on the Thames, but their quiet life unravels when a visiting Danish sailor becomes entangled in their lives.",https://www.imdb.com/title/tt0039304/?ref_=sr_i_277
278. Cortesana,1948,1h 31m,,7.0,20,,A young woman is seduced by her cousin's husband when the couple arrives at his house during the pianist's tour.,https://www.imdb.com/title/tt0221093/?ref_=sr_i_278
279. Morituri,1948,1h 28m,,6.9,115,,"As the end of the Second World War approaches and the Soviet Red Army is advancing, a group of concentration camp inmates is helped to escape by a Polish doctor. They hide in a wood where they meet other fugitives, who have been there for months, constantly in fear of being discovered. Out of fear of the German army patrols, they do not dare to leave the forest, even as the food supplies run low.",https://www.imdb.com/title/tt0040609/?ref_=sr_i_279
280. Will It Happen Again?,1948,1h,PG,5.1,24,,Shows Hitler's rise to power and the eventual fall of Nazism. The picture is composed of newsreel shots and captured German films of mobs and marching scenes interspersed with home movies made at the Nazi leader's Berchtesgaden retreat.,https://www.imdb.com/title/tt0204454/?ref_=sr_i_280
281. Belle Starr's Daughter,1948,1h 26m,Approved,5.8,315,,The daughter of famous outlaw Belle Starr arrives at the town where her mother was murdered to find her killer.,https://www.imdb.com/title/tt0040154/?ref_=sr_i_281
"282. Dick Barton, Detective",1948,1h 10m,,3.9,215,,Government agent Dick Barton battles a ring of Nazi spies who are planning to poison the entire London water supply.,https://www.imdb.com/title/tt0040289/?ref_=sr_i_282
283. Because of Eve,1948,1h 12m,,6.0,88,,"Sally and Bob have been married a year. She might be pregnant, so Dr. West picks up a test sample and tells them to come by in a week for the result. They recall problems they had just before marriage when they found out about each other's past (V.D. and pregnancy). Dr. West had helped them with good counsel and two films (""The Story of V.D."" and ""The Story of Reproduction""). A week later at his office he has good news and shows them another film, ""The Story of Life."" Dr. West wants them to know about modern medical science and to teach their kids the facts of life. The movie ends with a commercial for a new five-book-in-one, ""The Mid-Century Marriage Guide.""",https://www.imdb.com/title/tt0169596/?ref_=sr_i_283
284. There Is No Escape,1948,1h 3m,,4.5,83,,"An American journalist chronicles a young English thief's criminal career, from his first robbery to prison escape, partnership with a female crook in a swindle, and eventual downfall, sending weekly reports to his newspaper.",https://www.imdb.com/title/tt0174575/?ref_=sr_i_284
285. Adventures of Frank and Jesse James,1948,3h,Approved,7.1,158,,"Jesse James returns to Missouri, and he and brother Frank come to the aid of a young woman who owns a gold mine. Her father was murdered and she took over the mine, and now the villains who killed her father are trying to drive her out of the mine so they can take it over.",https://www.imdb.com/title/tt0040077/?ref_=sr_i_285
286. One Night with You,1948,1h 32m,Approved,6.7,106,,Two strangers meet after they miss their trains and end up spending a penniless day and night together.,https://www.imdb.com/title/tt0040667/?ref_=sr_i_286
287. Eyes of Texas,1948,1h 10m,Approved,6.3,191,,A ranch owner (Francis Ford) turns his place into a home for boys who have lost their fathers in World War II. His evil female lawyer (Nana Bryant) covets the ranch and works in cahoots with Ford's long-lost nephew and a pack of killer dogs to get it. U.S. Marshal Roy Rogers puts an end to her plans.,https://www.imdb.com/title/tt0040333/?ref_=sr_i_287
288. Sin of Esther Waters,1948,1h 48m,Approved,6.2,282,,"Esther (Kathleen Ryan) goes into service in Victorian England, only to be seduced by the sweet talking groom William (Sir Dirk Bogarde), who then takes off with his employer's daughter. Left alone to bring up the child, Esther manages, and after seven years, has a chance at happiness. Then William turns up again.",https://www.imdb.com/title/tt0040328/?ref_=sr_i_288
289. Test Tube Babies,1948,1h 10m,,3.5,476,,"A happily-married couple having no luck with starting their family finally discover that the husband is sterile. Their family doctor suggests that they think about artificial insemination, which at the time was considered to be quite scandalous.",https://www.imdb.com/title/tt0046416/?ref_=sr_i_289
290. Under Californian Stars,1948,1h 10m,Approved,5.6,381,,Rancher Roy and his boys track down a gang who have stolen Trigger and are holding him for ransom.,https://www.imdb.com/title/tt0040915/?ref_=sr_i_290
291. A Song for Tomorrow,1948,1h 2m,,5.6,85,,"Derek Wardell is struck with amnesia, and the last thing he remembers is the beautiful voice of the opera singer Helen Maxwell. When he regains consciousness, Wardell thinks that he's in love with her.",https://www.imdb.com/title/tt0040821/?ref_=sr_i_291
292. Race Street,1948,1h 19m,Approved,6.5,865,,"In San Francisco, when a bookie is murdered by a protection racket syndicate, his bookie friend Dan Gannin and police lieutenant Barney Runson investigate.",https://www.imdb.com/title/tt0040719/?ref_=sr_i_292
293. Sealed Verdict,1948,1h 23m,Approved,6.4,90,,"A former U.S. special prosecutor, Major Robert Lawson, begins to suspect that a Nazi war criminal on death row, General Otto Stiegman, has been wrongfully convicted of leveling a French village along with all of its inhabitants in WWII.",https://www.imdb.com/title/tt0040764/?ref_=sr_i_293
294. Kidnapped,1948,1h 21m,Approved,6.1,334,,"In Scotland in 1752, the 17-year-old David Balfour is cheated out of his birthright by his evil uncle Ebenezer.",https://www.imdb.com/title/tt0040507/?ref_=sr_i_294
295. No Minor Vices,1948,1h 36m,Approved,5.6,284,,"Perry Ashwell is a self-satisfied child psychologist who takes his colleagues and wife somewhat for granted. So confident is he of his position that he introduces rich attractive painter Octavio Quaglini to his office and home. Quaglini is no respecter of convention, and April Ashwell is extremely attractive.",https://www.imdb.com/title/tt0040646/?ref_=sr_i_295
296. Oklahoma Badlands,1948,59m,Approved,6.7,99,,"Oliver Budge is after the Rawlins ranch. His henchman Sanders kills Ken Rawlins but when he tries to kill Leslie Rawlins, Rocky Lane breaks it up. But Leslie is a woman and knowing the bad guys are looking for a man, Rocky now poses as Leslie, an Eastern dude, and goes after the man that killed his friend.",https://www.imdb.com/title/tt0040659/?ref_=sr_i_296
297. Jinx Money,1948,1h 8m,Approved,6.2,329,,"A man wins $50, 000 in a card game with gamblers, but is soon found dead and the money missing. Slip and Sach find the money near where the body was discovered, and soon find themselves the target of both the police and the gamblers.",https://www.imdb.com/title/tt0040489/?ref_=sr_i_297
298. A Southern Yankee,1948,1h 30m,Approved,6.6,583,,A hapless bellboy in a St. Louis hotel near the end of the Civil War is recruited by the Union secret service to impersonate a notorious Confederate spy.,https://www.imdb.com/title/tt0040825/?ref_=sr_i_298
299. Give My Regards to Broadway,1948,1h 32m,,6.0,140,,"The Norwick family has had a successful run on the vaudeville circuit, but now some of them want out. Mom is ready to retire on the family's farm, and daughter June wants to quit now that she's engaged. That only leaves Dad and his son Bert, who are happy to work as a twosome. Bert's love of baseball soon overtakes his showbiz ambitions, especially after he's offered a Major-League contract to play. Now he must figure out how to break the news to his dad.",https://www.imdb.com/title/tt0040390/?ref_=sr_i_299
300. Den hemmelighetsfulle leiligheten,1948,1h 15m,,6.3,105,,"A conservative old bachelor buys an apartment previously owned by an artist who died suddenly. He has a weird feeling about the place from the start, and gets more and more obsessed by the previous owner's possessions and way of living. Finding some loveletters written by the deceased's mistress, Dott, gives him an irressistible urge to get to know her better.",https://www.imdb.com/title/tt0040430/?ref_=sr_i_300
301. The Ballad of Berlin,1948,1h 20m,Passed,7.1,285,,"After he has luckily survived the war, Otto tries to build up his new life in the remains of Berlin.",https://www.imdb.com/title/tt0040156/?ref_=sr_i_301
302. The Tioga Kid,1948,54m,Approved,5.9,100,,"Eddie and Soapy go in search of the Tioga Kid, who looks just like Eddie and is causing problems for ranchers.",https://www.imdb.com/title/tt0178065/?ref_=sr_i_302
303. Aag,1948,2h 18m,,6.9,450,,"Failing to move on from his loss of childhood love, a man turns to his passion for theater.",https://www.imdb.com/title/tt0040067/?ref_=sr_i_303
304. Rogues' Regiment,1948,1h 26m,Approved,6.6,213,,"A post World War 2, US Army agent is assigned to join the Foreign Legion in search of high ranking Nazi war criminal who may have also enlisted.",https://www.imdb.com/title/tt0040744/?ref_=sr_i_304
305. 16 Fathoms Deep,1948,1h 22m,Approved,5.7,123,,"In post-WW2 Florida, a former Navy diver is hired by Greek-American sponge divers who are at the mercy of a crooked sponge-exchange owner.",https://www.imdb.com/title/tt0040797/?ref_=sr_i_305
306. Rosenda,1948,1h 38m,,7.8,79,,"In this love triangle set amid a revolution, a peasant woman ,abandoned by her roughhewn man, finds comfort with a local store owner, until her former lover returns as the head of an army of bandits.",https://www.imdb.com/title/tt0040748/?ref_=sr_i_306
307. Shed No Tears,1948,1h 10m,Approved,6.2,560,,"A wife convinces her husband to fake his death so they can collect on the life insurance. However, he doesn't know that she has been having an affair for some time, and she has plans for the money - and they don't include him.",https://www.imdb.com/title/tt0040779/?ref_=sr_i_307
"308. I, Jane Doe",1948,1h 25m,Approved,6.7,208,,"WWII pilot secretly marries French woman despite having wife at home. When war bride follows him to America and kills him, his widow becomes her defense attorney.",https://www.imdb.com/title/tt0040463/?ref_=sr_i_308
309. Mela,1948,2h 32m,,6.9,133,,A convicted murderer is released from prison. His only possession is a broken figurine--the last token of his love. The tragic story of how he came to be incarcerated and the significance of the figurine is the subject of this tale of star-crossed lovers whose destiny is molded by society's rigid rules and the villainy of a scoundrel.,https://www.imdb.com/title/tt0137947/?ref_=sr_i_309
310. Just William's Luck,1948,1h 32m,,5.9,127,,"William and ""the Nites of the Square Table"" haunt a house - the plan is complicated by fur rustlers.",https://www.imdb.com/title/tt0040503/?ref_=sr_i_310
311. Hills of Home,1948,1h 37m,Approved,6.6,741,,"William McClure is the villlage doctor in a remote Scottish glen. Tricked into buying Lassie, a collie afraid of water, he sets about teaching her to swim. At the same time he has the bigger problem that he is getting older and must ensure the glen will have a new local doctor ready.",https://www.imdb.com/title/tt0040438/?ref_=sr_i_311
312. Le bal des pompiers,1948,1h 35m,,6.7,28,,,https://www.imdb.com/title/tt0194685/?ref_=sr_i_312
313. Beszterce ostroma,1948,1h 40m,,6.6,73,,"István Pongrácz, the Lord of Nemec dislikes living in his age, so he lives his life like a medieval nobleman.",https://www.imdb.com/title/tt0045552/?ref_=sr_i_313
314. The Hunted,1948,1h 28m,Approved,6.5,761,,"Despite her pleas of innocence, an honest cop arrests his own girlfriend for her alleged part in a jewel robbery and he keeps hounding her after her release from prison, even though he still loves her.",https://www.imdb.com/title/tt0040455/?ref_=sr_i_314
315. If You Knew Susie,1948,1h 30m,Approved,5.9,228,,"In the small town of Brookford, everybody can trace their ancestors back to the Revolutionary War, except Sam and Susie Parker. One day, however, they find a letter written by George Washington that mentions the bravery of a Revolutionary War hero named Parker.",https://www.imdb.com/title/tt0040464/?ref_=sr_i_315
"316. Feudin', Fussin' and A-Fightin'",1948,1h 18m,Approved,6.3,187,,"A fast-talking salesman is ""kidnapped"" by a town, which intends to use him in its annual race with a rival community.",https://www.imdb.com/title/tt0040349/?ref_=sr_i_316
317. House of Darkness,1948,1h 3m,,5.4,193,,A young man visiting a house that turns out to be haunted is terrorized by the ghost of a man who had been murdered there years before.,https://www.imdb.com/title/tt0040452/?ref_=sr_i_317
318. Love of a Clown - Pagliacci,1948,1h 7m,,6.7,100,,"Recounts the tragedy of Canio, the lead clown in a commedia dell'arte troupe, his wife Nedda, and her lover, Silvio.",https://www.imdb.com/title/tt0039691/?ref_=sr_i_318
319. Are You with It?,1948,1h 33m,Approved,6.2,136,,"Milton Haskins, a math genius known for his infallibility with numbers, quits his job with an insurance company after he discovers he made a mistake, and hooks up with a traveling carnival. His knowledge of mathematics makes him a natural as an assistant at the wheel of fortune. His fiancée Vivian begs him to return to his job but he refuses, so she joins the carnival and becomes a striptease artist. When Milton attempts to drag her off the stage, a brawling mêlée breaks out and the entire troupe is arrested by the local police. The carnival is sold but Milton reveals that the new owner has conspired to defraud the insurance company. The firm has to accept the carnival in lieu of the money owed, and they allow Milton and Vivian to stay with, and help run, the carnival.",https://www.imdb.com/title/tt0040111/?ref_=sr_i_319
320. Vidya,1948,,,7.9,54,,"Born in a low-caste family of chamars (cobblers), Chandu alias Chandrashekhar (Dev Anand) helps his father repair shoes and other footware for a small pittance. One day a girl from a rich and wealthy family, Vidya (Suraiya) stops by to get her shoe repaired. She wants Chandu to stop doing this menial job, and go to school, study and become someone important. She offers help financially, and gets Chandu to school. Both grow up and are attracted to each other. Both intent to marry, but obstacles open up in the form of Harry alias Harilal (Madan Puri), and Vidya's alcoholic dad, who will not permit his daughter to mingle with a boy from a lower caste.",https://www.imdb.com/title/tt0274196/?ref_=sr_i_320
"321. Parole, Inc.",1948,1h 11m,Approved,5.8,489,,Parole officers fight against gangsters trying to infiltrate the parole system.,https://www.imdb.com/title/tt0041733/?ref_=sr_i_321
322. Adventures in Silverado,1948,1h 15m,Approved,6.3,179,,"Stevenson visits 1880s California for stories. Stagecoach driver Bill Foss races Zeke Butler, crashes, injuring his horse. Dr. Henderson treats it. Foss hauls water for Jeannie Manning. After ""The Monk"" steals Zeke's gold.",https://www.imdb.com/title/tt0040074/?ref_=sr_i_322
323. The Feathered Serpent,1948,1h 1m,Approved,5.9,469,,"Charlie Chan and his two eldest sons, investigate a murderous gang who is forcing an archaeologist to search for a treasure in Mexico.",https://www.imdb.com/title/tt0040347/?ref_=sr_i_323
324. Look Before You Love,1948,1h 36m,,4.8,16,,Romance in Rio for a girl of the embassy staff.,https://www.imdb.com/title/tt0040549/?ref_=sr_i_324
325. Smugglers' Cove,1948,1h 6m,Passed,6.4,402,,The Bowery Boys run into a smuggling operation when Slip checks out a manor he mistakenly believes he's inherited,https://www.imdb.com/title/tt0040805/?ref_=sr_i_325
326. Blondie's Reward,1948,1h 6m,Approved,6.7,210,,Dagwood gets in trouble at work when he buys the wrong property for his boss and when he is accused of punching out a client's son.,https://www.imdb.com/title/tt0040173/?ref_=sr_i_326
327. The Judge Steps Out,1948,1h 31m,Approved,6.8,379,,"A Boston judge, bored with his life, leaves his family and heads off for adventure. He gets a job as a short order cook at a roadside diner and soon finds romance with the pretty owner. He also gets involved in helping her adopt an orphan. His bliss may be short-lived when he has to choose between staying at the diner or returning home.",https://www.imdb.com/title/tt0041531/?ref_=sr_i_327
328. Juan Charrasqueado,1948,1h 38m,,7.3,50,,"Juan Charrasqueado is a drunk, womanizer, and brave Mexican Charro who falls in love with a girl of another class, her brothers will do everything possible to prevent them from joining.",https://www.imdb.com/title/tt0039520/?ref_=sr_i_328
329. Close-Up,1948,1h 16m,,5.7,246,,"After his photo is accidentally taken, that someone will do everything in his power to get hold of the negative.",https://www.imdb.com/title/tt0040237/?ref_=sr_i_329
330. The Hawk of Powder River,1948,54m,Approved,5.4,157,,Eddie and Soapy fight lawlessness in Powder River caused by the Hawk's gang of outlaws.,https://www.imdb.com/title/tt0179209/?ref_=sr_i_330
331. Tornado Range,1948,56m,Approved,6.0,95,,"Corrupt ranchers of Tornado Range fight to keep homesteaders out, so it's up to Eddie and Soapy to uphold the Homestead Act.",https://www.imdb.com/title/tt0040889/?ref_=sr_i_331
332. Check Your Guns,1948,55m,Approved,6.1,119,,Dean takes over as Sheriff of Red Gap and makes everyone check their guns at his office. But he is in trouble as Taggert's men continue their lawlessness and the crooked judge Hammond lets them go when they are caught.,https://www.imdb.com/title/tt0039259/?ref_=sr_i_332
333. Blazing Across the Pecos,1948,55m,Approved,5.7,136,,The Durango Kid and Marshal Smiley Burnette complicate a corrupt mayor and his henchman's efforts to take over a town.,https://www.imdb.com/title/tt0040171/?ref_=sr_i_333
334. Michael O'Halloran,1948,1h 19m,Approved,,,,The story of a young crippled girl and her love for a teenage newsboy despite her over-protective and alcoholic mother's objections.,https://www.imdb.com/title/tt0040584/?ref_=sr_i_334
335. The Swordsman,1948,1h 20m,,6.0,204,,Young lovers brings two fighting clans together.,https://www.imdb.com/title/tt0040855/?ref_=sr_i_335
336. The Denver Kid,1948,1h,Approved,6.4,120,,"When Border Patrol Lieut. Roberts is killed, it appears that his brother Tim was the killer. To clear the Robert's name for his boss, Lieut. Rocky Lane heads south of the border posing as an outlaw. He hopes to get in with the gang and find Tim who is using an assumed name. As always, Nugget is there to help.",https://www.imdb.com/title/tt0040282/?ref_=sr_i_336
337. Isn't It Romantic,1948,1h 27m,Approved,4.7,103,,"In rural 19th-century Indiana, the three daughters of a Civil War veteran are courted by three young men--one a sophisticated city slicker who sells phony oil stock, the second a local eccentric and the third a stolid country boy.",https://www.imdb.com/title/tt0040479/?ref_=sr_i_337
338. The Arizona Ranger,1948,1h 4m,Approved,6.4,218,,"Bob Morgan returns home but alienates his father by not staying at his ranch. Instead he becomes the head of the new Arizona Rangers. Matters get worse between father and son when when his father catches a man he believes to be a murderer and Bob breaks up his lynching party. When the outlaw is broken out of jail by his gang, Bob is relieved of his position. Not giving up, he now heads out alone to face the gang.",https://www.imdb.com/title/tt0040113/?ref_=sr_i_338
339. Nadiya Ke Paar,1948,2h 6m,Not Rated,7.2,68,,"Two friends, Kunwar and Samer, fall for Phulwa and Chanchal, respectively. Kunwar's brother is against the relationship and fixes his marriage with Chanchal.",https://www.imdb.com/title/tt0268480/?ref_=sr_i_339
340. The Eleven O'Clock Woman,1948,1h 37m,,6.5,222,,"Stanislas Oscar Seminario, aka SOS, is a young explorer, just back from Africa, visiting old friends: the Pescara's. But the father keeps receiving anonymous letters. And soon a mysterious murder is committed. SOS begins to investigate...",https://www.imdb.com/title/tt0039296/?ref_=sr_i_340
341. The Dead Don't Dream,1948,1h 2m,Approved,6.5,199,,Three bodies turn up in a frontier hotel. Hoppy solves the murders and chases the killers through unusually misty and dark locations.,https://www.imdb.com/title/tt0040276/?ref_=sr_i_341
342. Oi Germanoi xanarhontai...,1948,1h 30m,,7.8,673,,"A quiet and modest man, disappointed and embittered by the civil war that plagues Greece after WWII, faces Hitler and his Nazis who strike back to retake Greece.",https://www.imdb.com/title/tt0041410/?ref_=sr_i_342
343. The Cupboard Was Bare,1948,1h 22m,Approved,6.5,296,,"The aunt of Alfred Puc, a meek tax-collector in Paris, dies while riding in a moving van. The driver, not wishing to be bothered by a police interrogation, hides her corpse in a cupboard before notifying Alfred. But the van is stolen. Alfred, being the heir of a rich lady, begins a frantic search to locate the missing van and the cupboard because one can't claim an inheritance if there is no 'corpus delecti.' In his search, he gets caught up in an underworld web and finds the body of a murdered gangster in his room. He finally locates the cupboard but promptly loses it again. But, wait, it isn't ""finis' time, yet.",https://www.imdb.com/title/tt0040114/?ref_=sr_i_343
344. Drishtidan,1948,,,8.2,13,,,https://www.imdb.com/title/tt0156490/?ref_=sr_i_344
345. Angel on the Amazon,1948,1h 26m,Approved,5.6,190,,An expedition exploring the Amazon jungle comes across a jungle goddess who lives among the animals and fears none of them--and apparently has found the secret of eternal youth.,https://www.imdb.com/title/tt0040095/?ref_=sr_i_345
346. Sohag Raat,1948,2h 23m,,6.8,15,,"When Lajjo is at her deathbed, she summons her stepson, Rahu, so that he can look after her son, Beli. Rahu does attend her residence, just before her death, assists with the funeral and offers to take Beli with him and look after him. Rahu hires a hit-man named Jaggu and instructs him to kill Beli. Jaggu is unable to kill Beli, angering Rahu to no end. Rahu then pushes Jaggu and Beli from a cliff and hopes that they have met their respective ends. Rahu then sets about to claim Lajjo's property, by hiring a man to pose as Beli. Months later, Rahu approaches a wealthy woman for her only daughter's (Parvati) hand in marriage. While Paro's mother approves of Rahu, Paro is in love with someone else. While her mother finds out that she is in love with a mere employee, she dismisses him, and make arrangements for her marriage with Rahu. Watch the suspense and the climax unfold as Rahu prepares to get married to Paro, with the assurance that no one can ever get in his way.",https://www.imdb.com/title/tt0332419/?ref_=sr_i_346
347. Eva,1948,1h 38m,,6.4,506,,A young sailor during WWII is haunted by his past and struggles to find deliverance in his new relationship with Eva.,https://www.imdb.com/title/tt0040330/?ref_=sr_i_347
348. Guaglio,1948,1h 25m,,6.6,98,,"On his way to Africa, Don Pietro, a young missionary priest has his suitcase stolen in the station of Naples. While making every effort to retrieve his baggage he finds out how devastated and miserable the city of Naples is. Learning that he has been the victim of gang of local street urchins, he decides that is mission is here in Naples, not under distant skies. He creates a home for poor kids, assisted by Maddalena, the cook, with a view to putting the ""scugnizzi"" back on the right track. He is very successful with Peppinello, who shows gratitude for what the priest is doing and feels good in his new secure home. But other kids do not play by the rules and find the home a convenient place for hiding the product of their thefts...",https://www.imdb.com/title/tt0040713/?ref_=sr_i_348
349. El muchacho alegre,1948,1h 30m,,5.9,18,,"Three men want to marry a woman. Among these men, two of them are friends. The third man gets murdered. One of the two friends is suspected of being the author of the crime...",https://www.imdb.com/title/tt0039638/?ref_=sr_i_349
350. Boarding House Blues,1948,1h 30m,,5.9,158,,Tenants of a Harlem boarding house put on a show to save their home.,https://www.imdb.com/title/tt0040176/?ref_=sr_i_350
351. The Tender Years,1948,1h 21m,Approved,6.5,50,,"The first of the Edward L. Alperson ""Alson Productions"" for 20th Century-Fox distribution, featuring the return to the screen, after nearly a four-year absence, of comedian Joe E. Brown, in a non-comedic role. The story is set in a small mid-western town in the 1880's, where minister William ""Will"" Norris becomes involved in the vicious fights held in the local dog-pit when one of the injured animals escapes its brutal master and seeks refuge in the Norris home. Forced by law to return the dog to its owner, the minister goes against his religious teachings and, with his son Ted, steals the dog in an effort to rouse public sympathy against the dog fights and against cruelty to all animals. The film was endorsed in many locations by local chapters of the American Humane Society and/or the Society for the Prevention of Cruelty to Animals.",https://www.imdb.com/title/tt0039890/?ref_=sr_i_351
352. The Woman from Tangier,1948,1h 6m,Approved,5.6,57,,"This one has Nylon, an American dancer fleeing Morocco after her employer gets into trouble with the police, and she stops off at Tangiers on her way to Gibraltar. $50,000, in gold, is stolen from the ship's safe and the captain tells the police that the purser was the thief and that he had to kill him in self defense, but the purser must have hidden the money before he got dead. The purser isn't in any position to make a disclaimer. Everybody buys that with the exception of an insurance detective, Shapley, who, along with the audience, suspects the captain of being the thief shows up to investigate further.",https://www.imdb.com/title/tt0178991/?ref_=sr_i_352
353. The Olympic Games of 1948,1948,2h 18m,Approved,6.5,163,,"Here is the official and exclusive record of the 1948 Olympic Games. The 15 reels of Technicolor film run for 136 minutes, giving you a comprehensive view not only of the London games, but of the winter games which were held at St. Moritz.",https://www.imdb.com/title/tt0221719/?ref_=sr_i_353
354. Shaheed,1948,2h 44m,Not Rated,7.4,102,,"Circa 1940s India, a young freedom fighter faces opposition from his own father as well as an ambitious police officer, who is also his rival for affection of a mutual childhood sweetheart.",https://www.imdb.com/title/tt0141819/?ref_=sr_i_354
355. Angel in Exile,1948,1h 30m,Approved,6.4,136,,An ex-convict on his way to make his fortune in a gold mine in Arizona has his trip interrupted when the residents of a small Mexican village believe him to be a sacred religious figure.,https://www.imdb.com/title/tt0040094/?ref_=sr_i_355
356. The Last Vacation,1948,1h 35m,,7.0,196,,"A schoolboy remembers his last holiday in the big house of his family in the country, before it was sold.",https://www.imdb.com/title/tt0039310/?ref_=sr_i_356
357. Miraculous Journey,1948,1h 23m,Approved,6.5,86,,How a plane crash in the jungle affects the survivors after they are rescued.,https://www.imdb.com/title/tt0040596/?ref_=sr_i_357
358. Music Man,1948,1h 6m,Approved,6.9,82,,"In New York City, Italian-American songwriting brothers Phil and Freddie Russo turn out one successful song after another for their publisher, Sanders. One day, Freddie and Phil accept an invitation from attractive June Larkin to sing at a benefit that her parents are hosting. Kitty, the brothers' secretary, is secretly in love with Phil, but Phil is smitten with June. Following the benefit party, Kitty visits Phil and Freddie's mother, who lives alone in an East Side tenement, and asks her to help stop the bickering between her sons. Mrs. Russo tells Kitty that she has refused to play favorite with either son, and that she has turned down separate invitations from Phil and Freddie to live with them. Joe, a milkman and an aspiring songwriter who adores Mrs. Russo, drives Kitty home and, en route, recites the lyrics of one of his new songs. Later, Mrs. Russo throws a party to bring her sons together, and they sing a song written especially for her. Mrs. Russo eventually consents to live with her two sons in a large apartment, but the arrangement soon sours when the two brothers become embroiled in a jealous rivalry over June. The dispute results in Freddie moving into his own apartment. Although Freddie refuses to speak with Phil, the brothers manage to continue writing songs together. However, when the feud begins to take its toll on the quality of the brothers' songs, Sanders tells Freddie that he will no longer publish their work. Frustrated by his inability to find a new publisher, Freddie decides to start his own publishing business. The company makes little money, and goes bankrupt soon after, but Freddie refuses to accept financial help from bandleader Jimmy Dorsey. Later, Kitty enlists Joe's help to force a reconciliation between the estranged brothers. As part of Kitty's plan, Joe poses first as a lyricist and then as a composer, tricking the brothers into collaborating on a musical comedy without the other's knowledge. The show appears destined for success until the brothers discover the ruse and threaten to stop the show with an injunction. When Mrs. Russo tells her sons that she has invested heavily in their show, but they call off their injunctions and allow the show to continue. The show is a hit, and the brothers are finally reconciled.",https://www.imdb.com/title/tt0040621/?ref_=sr_i_358
359. Street Corner,1948,1h 13m,,5.2,134,,A naïve small-town girl gets pregnant on her prom night and falls into the clutches of the local abortionist.,https://www.imdb.com/title/tt0040842/?ref_=sr_i_359
360. The Three Weird Sisters,1948,1h 22m,Not Rated,6.5,219,,A secretary suspects that her employer's three elderly sisters are plotting to kill him after he announces he'll no longer finance their philanthropic endeavors.,https://www.imdb.com/title/tt0040877/?ref_=sr_i_360
361. The Young Guard,1948,2h 15m,,6.9,387,,The film is set in the city of Krasnodon (Sorokyne) in 1942 during the Nazi occupation of Ukrainian SSR (now Luhansk Oblast of Ukraine). Local teenagers are organizing the underground resistance. The teens manage to outsmart the Nazis in their fight. They blow up the Nazi recruitment offices. Their activity lifts the spirits of the surviving citizens. They organize other school-friends in the groups of five to help the citizens in their struggle for survival. Their courage helps many others to survive.,https://www.imdb.com/title/tt0040601/?ref_=sr_i_361
362. The Dude Goes West,1948,1h 26m,Approved,6.8,374,,"Eastern gunsmith Daniel Bone goes out west to ply his trade, encounters a girl searching for the murderer of her father.",https://www.imdb.com/title/tt0040305/?ref_=sr_i_362
363. Nederlands in zeven lessen,1948,1h 19m,,7.0,106,,A cameraman is given a week to photograph the aerial highlights of Holland for a travelogue.,https://www.imdb.com/title/tt0040639/?ref_=sr_i_363
364. Aux yeux du souvenir,1948,1h 45m,,6.0,78,,"A small private airplane crashes in the desert, not far from Dakar. It is a miracle that the pilot, Jacques Forestier, and his mechanic, Paul Marcadout, survived, since both were drunk when they lost control of the plane.",https://www.imdb.com/title/tt0040826/?ref_=sr_i_364
365. Broken Journey,1948,1h 29m,Approved,5.8,311,,"A plane crashes on a Swiss glacier. With the radio broken and food limited, the survivors debate whether to stay put and await uncertain rescue or embark into harsh conditions toward civilization.",https://www.imdb.com/title/tt0040189/?ref_=sr_i_365
366. Asu wa nipponbare,1948,1h 5m,,7.7,40,,"A group of people travel through a mountain pass. When their jaunty bus unceremoniously breaks down, a bittersweet sadness overcomes the passengers as unexpected reunions take place, but nothing can be what it was before the war.",https://www.imdb.com/title/tt5124414/?ref_=sr_i_366
367. Who Killed 'Doc' Robbin?,1948,55m,Approved,4.6,385,,"A group of people find themselves trapped in a creepy mansion, complete with secret passageways, a mad doctor and a murderous gorilla.",https://www.imdb.com/title/tt0040966/?ref_=sr_i_367
368. The Pearl,1948,1h 17m,,8.0,16,,,https://www.imdb.com/title/tt5115690/?ref_=sr_i_368
369. To the Victor,1948,1h 40m,Approved,5.6,176,,"A WWII American veteran turned black marketeer in France falls for Christine, whose husband is jailed for Nazi collaboration. Their love faces obstacles from their troubled pasts.",https://www.imdb.com/title/tt0040888/?ref_=sr_i_369
370. Frau Holle,1948,58m,,,,,,https://www.imdb.com/title/tt1464211/?ref_=sr_i_370
371. The Gallant Legion,1948,1h 28m,Approved,6.6,140,,"When power-hungry Faulkner and Laroux want to divide Texas into smaller sections, instead of allowing it to enter the Union as a single state, Gary Conway and the Texas Rangers must step in to thwart their chicanery.",https://www.imdb.com/title/tt0040383/?ref_=sr_i_371
372. Appointment with Murder,1948,1h 7m,Approved,5.4,193,,"The Falcon is hired by an insurance company to recover two stolen paintings, a job that takes him across the country and then across the Atlantic to Italy. Before he knows it, his investigation leads him into a world of double-crosses and big-time art fraud.",https://www.imdb.com/title/tt0040106/?ref_=sr_i_372
373. Woman Hater,1948,1h 45m,,5.7,247,,"Terence is a bachelor who doesn't have much use for women. He meets Colette and takes a dislike to her. He pretends to be a real-estate agent trying to sell her his country estate, all the while planning to expose her.",https://www.imdb.com/title/tt0042051/?ref_=sr_i_373
374. Hr. Petit,1948,1h 41m,,6.3,31,,"Under the guise of being a family man and a businessman, the mass murderer Hr. Petit methodical and discreet: He chooses lonely women with money in the bank book, wins their trust and then takes both their savings and their lives. But can he continue undetected as the number of corpses increases?",https://www.imdb.com/title/tt0040454/?ref_=sr_i_374
375. The Betrayal,1948,3h 3m,,7.0,22,,"Martin Eden is a successful African-American farmer in South Dakota. He is in love with Deborah Stewart, but he believes that she is white and that she would not be interested in him. He is unaware that Deborah also loves him.",https://www.imdb.com/title/tt0135160/?ref_=sr_i_375
376. La muerte camina en la lluvia,1948,1h 13m,,7.1,190,,"A murderer terrorizes a city by attacking on the streets on rainy days and always leaving a card with the name ""S. López"".",https://www.imdb.com/title/tt0121574/?ref_=sr_i_376
377. Hermoso ideal,1948,1h 21m,TV-14,6.0,36,,"As children in Mexico, Rafael and Pablo swear loyalty to one another, even though both love their friend Isabel. When, as adults, Isabel learns that Pablo, whom she loves, has joined the French Foreign Legion and been sent to a harsh disciplinary unit, she begs Rafael to find him and save him. Though Rafael deeply loves Isabel and wants her for himself, he joins the Legion in Africa in hopes of rescuing Pablo for the woman they both love.",https://www.imdb.com/title/tt0039458/?ref_=sr_i_377
378. Fight Without Hate,1948,1h 24m,Not Rated,6.0,91,,A documentary covering the 1948 Olympic Games in St. Moritz.,https://www.imdb.com/title/tt7254920/?ref_=sr_i_378
379. Date with a Dream,1948,55m,,5.3,88,,"Four war-time performers known for their concert parties, have a reunion. They decide they are still good together and form a successful nightclub act.",https://www.imdb.com/title/tt0040272/?ref_=sr_i_379
380. La belle meunière,1948,1h 39m,,5.8,105,,"Franz Schubert retired from Vienna in country for musical writing. He draws his inspiration from a romance with the watermiller's daughter. An operetta in the fifties Vienna style. This is the only movie from Marcel Pagnol in color and the only movie in rouxcolor, a French experimental process derivated from the agfacolor German process.",https://www.imdb.com/title/tt0039179/?ref_=sr_i_380
381. The Strawberry Roan,1948,1h 19m,Approved,6.6,167,,"Young Joe is paralyzed as he is bucked by a wild horse, a strawberry roan. Angered, his father, Walt, tries to shoot the horse but is stopped by his foreman, Gene Autry. The roan escapes and Autry, told to leave the ranch by Walt, finds and trains the horse, now named Champ, in hopes that by returning it to Joe it will provide him with the will to overcome his disability.",https://www.imdb.com/title/tt0040840/?ref_=sr_i_381
382. Incident,1948,1h 6m,Approved,6.4,136,,"Stockbroker Joe Downey (Warren Douglas), mistaken in the dark for gangster ""Slats"" Slattery (Robert Osterloh), is brutally beaten by a rival gangster, ""Knuckles"" Morgan (Meyer Grace), and Downey winds up in jail on a drunk charge. His sweetheart, Marion Roberts (Jane Frazee), and friend, Bill (Harry Lauter), obtain his release, and then the three set out to find and warn the intended-victim. This pulls them into some violent incidents, including a hijacking and a murder.",https://www.imdb.com/title/tt0041508/?ref_=sr_i_382
383. Trouble Makers,1948,1h 6m,Approved,6.5,301,,"Slip and Sach are in the sidewalk star-gazing business when they see a murder committed in a room at the El Royale Hotel, blocks away. In spite of the fussy-and-fidget objections of the hotel manager, Andre Schmidtlapp, the Bowery Boys and their friend Police Officer Gabe Moreno search the murder room and find nothing beyond learning that the room is occupied by ""Silky"" Thomas. Police Captain Madison reprimands Gabe for leaving his beat on a false alarm, but later tips from Slip and Sach help Gabe lead raids on Silky's gambling operations. The latter sends Gabe's former friend ""Feathers"" to Gabe with a bribe offer but Gabe refuses. The boys read about the killing of a Professor Prescott and identify him as the man they saw murdered. Slip and Sach tell the professor's daughter, Ann Prescott, they will find her father's killers, and they get jobs as bellhops at the hotel. ""Hatchet"", one of the gangsters, thinks Sach is a former cell-mate and this causes a complication or two along the way.",https://www.imdb.com/title/tt0040905/?ref_=sr_i_383
384. Smart Woman,1948,1h 33m,Approved,6.3,320,,"A crusading district attorney, Robert Larrimore, butts heads in court with defense attorney Paula Rogers.",https://www.imdb.com/title/tt0040804/?ref_=sr_i_384
385. Anokha Pyar,1948,,,7.2,58,,"The phases of our life are governed by circumstances. You and I feel these circumstances every day, every hour, every minute and every second, so much so that they rule the strings of our feelings, sentiments and actions. We simply can not avoid them. . Bindiya, the innocent, simple, active yet charming young girl used to stay in a hut and maintained her living by selling flowers. She used to pluck her flowers from the garden created by Nature on the bank of the rippling river. It was adorned by the ruins of the ancient palace. The scanty shadows designed by the sunbeams on the cracked floor of the palace and the reflections of the crystal clear water on the broken walls bounded by the luxuriant growth of the flowers made it an ideal spot. Ashok a young dreamer, a thinker and a writer selected this secluded spot to inspire him to write his novel. Bindiya, thinking this handsome youth as her customer, approached him and asked him in her childlike voice,Babu, wouldnt you buy the flowers from me ?Ashok looked at her and said,No. Bindiya told him that she could not find any customer to buy her flowers on that day. Ashok felt his pockets. They were almost empty. He had hardly a two anna piece in it. He placed it in her shapely hands. Bindiya threw away the piece and said,"" What do you think I am ?"" Ashok admired her. He smiled and took from her a glowing bud of rose. She thought he was grand. She began to like him. Yes,then she began to love him. . In the meantime Bindiya while returning home, met a tramp who used to take away her earning. He began to harass her. She cried and shouted for help. Ashok heard her cry and ran to help her. A herculean fist of the tramp sent him reeling on the ground, depriving him of his eyesight. . the circumstances sometimes behave with us very mathematically. Bindiya took him to the nearest doctor, who was a very kindhearted social worker. He admitted him in his small hospital-which was incidentally his home-and began to treat him for his eye trouble. Ashok met Geeta the doctors daughter,refined and cultured. Her chisel carved face and the graceful body impressed him as an angel of sublimity and beauty. In the absence of her father, she nursed his physique and soul. She sang a song which inspired Ashok to work on his novel. . The circumstances play the game of chess in mans life. Ashok thought of his weakness of economic condition and felt it too bad to visit Geeta. He resolved to meet her after getting sufficiently rich to stand with her family on the same level. He began to work on his novel with vigorous spirit and enthusiasm. . He often met Bindiya while he was writing his novel on the river bank. He liked to talk to her and listened to her innocent, lovely, chirping voice. She imagined the world too beautiful. . He liked her for her fancies and dreams. She loved him sincerely, truly. She thought he also loved her. Ashok loved Geeta, the paragon of beauty, culture and learning. Sometimes circustances play the game of hide and seek with human beings. Once Bindiya and Geeta met at the river bank. They went sentimental over theirboy. Their emotions clashed. There was a mighty storm in their hearts. Ultimately,Sublimity gave way to Innocence. . But the fate calculated their lives to be different. Ashok loved Geeta. He liked Bindiya but never loved her. But Geeta had given him up and had never shown a sign of remembering him. Once she very politely turned him out of her house. Ashok was flabbergasted, stunned. He couldnt read his future. It was all darkness. . The circustances were playing with him. They were responsible for many tears and blood. They alone can determine the shape of the lives of Bindiya, Geeta and Ashok. Let us watch them.",https://www.imdb.com/title/tt0131781/?ref_=sr_i_385
386. Totò al giro d'Italia,1948,1h 28m,,6.5,465,,Totò Casamandrei sells his soul to a demon to win the Tour of Italy.,https://www.imdb.com/title/tt0040891/?ref_=sr_i_386
387. Bond Street,1948,1h 49m,,6.4,136,,"A young British woman is getting married and, as she goes through her trousseau, the stories unfold behind four of the items that were bought on Bond Street in London.",https://www.imdb.com/title/tt0039206/?ref_=sr_i_387
388. Miracle in Harlem,1948,1h 11m,Approved,5.7,126,,"A crooked real estate tycoon tricks a trusting young woman out of her small candy store. When he is found dead, the girl is suspected of the crime.",https://www.imdb.com/title/tt0040593/?ref_=sr_i_388
389. Främmande hamn,1948,1h 25m,,5.8,113,,A Swedish cargo ship is in the winter of 1938 at the dock in Gdynia in Poland. In a port tavern a Polish dockworkers tries to tell something to the Swedish sailors. Later in the evening he is found dead.,https://www.imdb.com/title/tt0040376/?ref_=sr_i_389
390. Border Street,1948,1h 50m,,7.2,294,,The story of Polish and Jewish families living side by side in one Warsaw street. Everything changes once and for all with the Nazi invasion.,https://www.imdb.com/title/tt0041999/?ref_=sr_i_390
391. Botón de ancla,1948,1h 40m,,5.9,95,,Three navy comrades known as Botón de Ancla (Anchor Button) get into sentimental troubles which will endanger their friendship and their graduation at the naval academy.,https://www.imdb.com/title/tt0039214/?ref_=sr_i_391
392. Affairs of a Rogue,1948,1h 31m,Approved,6.0,91,,The story of a romance between the daughter of the Prince Regent and Prince Leopold of Saxe-Coburg.,https://www.imdb.com/title/tt0040358/?ref_=sr_i_392
393. Juan Moreira,1948,1h 26m,,4.9,14,,"Based of Eduardo Gutiérrez's book, inspired by a real police chronicle, starring a gaucho killed by police in 1874. The life of Juan Moreira was full of injustices and has been considered as representative of those suffered by the gauchos.",https://www.imdb.com/title/tt0194993/?ref_=sr_i_393
394. Forbidden Women,1948,1h 2m,Approved,4.2,69,,"After studying in America, South Seas Prince Sigore returns home with plans to change things on his island. He's opposed by the sultan's sister-in-law, who has plans to control the paradise, and is infatuated with the Forbidden Women and their sensuous ways.",https://www.imdb.com/title/tt0126917/?ref_=sr_i_394
395. Carson City Raiders,1948,1h,Approved,7.3,64,,Frazier is out to stop Nugget's freight line. He has Starky impersonate the notorious outlaw Fargo Jack. But Rocky quickly realizes that the new Sheriff Tom was the real Fargo Jack and he sets out to trap the gang.,https://www.imdb.com/title/tt0040213/?ref_=sr_i_395
396. Emigrantes,1948,2h,,7.1,44,,"An argumentative man and wife leave Rome and take a boat with other immigrants to Argentina, in search of a new life in Latin America.",https://www.imdb.com/title/tt0040316/?ref_=sr_i_396
397. Smoky Mountain Melody,1948,1h 1m,Approved,6.3,34,,"Range minstrel Roy Acuff takes over the county-wide Corby Ranch which, under the terms of the owner's will, must be operated by Roy for ninety days, and at the end of that time, family friend Doc Moffit, must decide whether to turn over the ranch to Roy or the rough Corby boys, Roy's cousins Bruce ""Kid"" Corby and Joab. Corby foreman ""Saddle Grease"" tries to run Roy off the place, but eases off when Roy saves his life during a wild drive with a truck full of dynamite. Roy opens the range to migratory workers, discovers new water wells, tears down electric fences, cures ailing cattle, plays his fiddle, and treats the neighbors and kids with barbecues and and barn dances, where he plays his fiddle some more. Kid Corby gives Roy a beating, but is so ashamed of himself that he helps Roy from then on. Joab, working with a crooked lawyer, rigs a scheme to destroy Roy's reputation. The frame-up fails, but Roy returns the ranch to the now-reformed brothers and takes to the road again with his Smoky Mountain Boys.",https://www.imdb.com/title/tt0041888/?ref_=sr_i_397
398. My Girl Tisa,1948,1h 35m,Approved,6.5,146,,"1905 was a period of heavy immigration from Europe to America before laws were passed restricting the flow of immigrants. Almost every character in this movie is a recent arrival. Tisa has been in America only four months, yet she is holding four jobs to save enough money to pay for her father's boat passage to America. She works in a garment factory in Greenwich Village owned by Mr. Grumbach, who is studying to pass his citizenship test. Denek, a brash young man, tries to help her but gets her into trouble and her deportation is ordered by an immigration judge.",https://www.imdb.com/title/tt0040628/?ref_=sr_i_398
399. Che tempi!,1948,1h 30m,,6.6,46,,,https://www.imdb.com/title/tt0040227/?ref_=sr_i_399
400. April Showers,1948,1h 34m,Approved,6.1,394,,"The 'Two Tymes', Joe and June, need to change up their dogeared vaudeville act - fast. Cue their son Buster; a cocky hoofer who bolts from boarding school and joins them, propelling the trio into the big time. But success brings trouble.",https://www.imdb.com/title/tt0040107/?ref_=sr_i_400
401. Blondie's Secret,1948,1h 8m,Approved,6.6,227,,The Bumsteads are trying to leave on their vacation but one thing after another (including Radcliffe stealing their luggage) is stopping them.,https://www.imdb.com/title/tt0040174/?ref_=sr_i_401
402. Jiggs and Maggie in Court,1948,1h 6m,Approved,8.2,27,,"Maggie is resentful of being pointed out and laughed at in public because she resembles the cartoon character in the George McManus comic strip ""Bringing Up Father."" She visits McManus in his studio office and tries to persuade him to stop drawing the syndicated comic-strip. He tells her he will...in 1959. Maggie, not getting any younger, retains counsel and takes McManus to court.",https://www.imdb.com/title/tt0040488/?ref_=sr_i_402
403. Fifa e arena,1948,1h 20m,,6.4,305,,"In Napoli, truthful pharmacist clerk Nicolino Capece becomes erroneously recognized as a dangerous Spanish criminal and decides to escape to Spain. In Siviglia, he is blackmailed by the bandit Cast who wants him to marry rich Patricia Cotten and then kill her. So Nicolino play the bullfighter and heads to the arena..",https://www.imdb.com/title/tt0040352/?ref_=sr_i_403
404. The Portrait,1948,1h 13m,,6.7,213,,"A couple plan to take advantage of an artist and his family, but his kind nature causes problems in their plan.",https://www.imdb.com/title/tt0040782/?ref_=sr_i_404
405. The Ghost of Rashmon Hall,1948,52m,,5.0,263,,A doctor is summoned to an old dark house to rid it of evil spirits.,https://www.imdb.com/title/tt0039658/?ref_=sr_i_405
406. Homicide for Three,1948,1h,Approved,5.5,171,,"On their honeymoon,a young navy officer and his wife are having difficulties in finding a hotel room in Los Angeles until a lady lends them her suite. There, they receive a mysterious telephone call warning them of a murder that is about to be committed. After finding two dead women they hire two private detectives to help them. They learn that the third woman marked for death is the woman who lent them her hotel suite. She is the aerial artist at a circus and the other two women were her friends. The police arrive and arrest the navy officer and his wife, and two clowns who were attempting to kill the aerial performer.",https://www.imdb.com/title/tt0040447/?ref_=sr_i_406
407. Let's Live a Little,1948,1h 25m,Approved,5.3,286,,"A harried, overworked advertising executive is being pursued romantically by one of his clients, a successful perfume magnate ... and his former fiancée. The latest client of the agency is a psychiatrist and author of a new book. When the executive goes over to discuss the ad campaign, the psychiatrist turns out to be a woman. But what does he really need? Romance? Or analysis?",https://www.imdb.com/title/tt0040535/?ref_=sr_i_407
408. Dream Girl,1948,1h 25m,Approved,5.4,180,,"A daydreaming young lady, until she meets her reality man.",https://www.imdb.com/title/tt0040302/?ref_=sr_i_408
409. Alias a Gentleman,1948,1h 16m,Approved,6.2,179,,Aging ex-con tries to stop his daughter from getting involved with shady characters.,https://www.imdb.com/title/tt0040085/?ref_=sr_i_409
410. Si ça peut vous faire plaisir,1948,1h 40m,,6.0,30,,"Gonfaron is barking at the auction of Cassis. He accepted with good heart to believe that he was the proud custodian of the jackpot of the National Lottery , to avoid marital trouble his friend Viala, which is the real winner with his mistress Ginette . Millionaire become false as false Ginette lover until one day ...",https://www.imdb.com/title/tt0185685/?ref_=sr_i_410
411. Keto and Kote,1948,1h 29m,,7.5,238,,"Using a marriage broker,a Prince in dire financial straits plans to marry the wealthy daughter of a merchant, The girl is in love with the nephew of the prince. Forced by her father into the unwelcome match, she finds a friend in another matchmaker. They arrange it so that the prince will not like the girl when he meets her.",https://www.imdb.com/title/tt0045957/?ref_=sr_i_411
412. Last of the Wild Horses,1948,1h 24m,Approved,2.4,821,,A cowboy must clear himself of a murder he did not commit.,https://www.imdb.com/title/tt0040530/?ref_=sr_i_412
413. Woman Trouble,1948,1h 24m,,6.9,198,,"Driven by the constant quarrels with his wife and humiliated by a rich Milanese industrialist after asking him for a job, an unemployed person decides to steal a car from a garage guarded by a friend.",https://www.imdb.com/title/tt0040602/?ref_=sr_i_413
414. Le secret de Monte-Cristo,1948,1h 25m,,5.8,13,,"One of Alexandre Dumas's most popular adventure novels is ""The Count of Monte-Cristo"". What is little known is that the famous writer made up neither its plot nor its characters. Dumas actually heard the true story of a man named François Picault during a stay at a private mansion and only adapted it into the novel everybody knows . Picault (who in the book would become Edmond Dantès) was about to marry the beautiful Marguerite (Mercédès in the novel) when he was denounced by three jealous friends who falsely accused him of being a spy for England. Picault was placed under a form of house arrest. In his prison, he made friends with an Italian abbot. When the man died, he left his fortune to Picault whom he had begun to treat as a son. On his release, Picault, who had become wealthy, was able to pursue his ruthless revenge on the three men who were responsible for his misfortune.",https://www.imdb.com/title/tt0217033/?ref_=sr_i_414
415. Bill and Coo,1948,1h 1m,Approved,5.6,351,,"The feathered residents of Chirpendale are terrorized by an evil black crow by the name of ""The Black Menace"". But to the citizen's rescue comes a brave young taxi puller named Bill.",https://www.imdb.com/title/tt0039188/?ref_=sr_i_415
416. Apostasy,1948,1h 39m,,6.3,171,,"While revelations of his lower class past threaten his job, a school teacher fights for freedom and equality.",https://www.imdb.com/title/tt0040413/?ref_=sr_i_416
417. Scarred,1948,1h 31m,,6.6,165,,"Assunta, a commoner of Naples, is scarred by her lover Michele for jealousy.",https://www.imdb.com/title/tt0039163/?ref_=sr_i_417
418. Fíjate qué suave,1948,,,7.0,44,,"Worried that a gold-digging uncle will forcibly wed his girlfriend, Shilinsky, convinces sidekick Manolito to pose as the girl's godmother.",https://www.imdb.com/title/tt0218292/?ref_=sr_i_418
419. Thunder in the Pines,1948,1h 1m,Approved,6.2,102,,Loggers Jeff Collins and Boomer Benson compete for a mail-order bride by means of a timber-cutting contest.,https://www.imdb.com/title/tt0040879/?ref_=sr_i_419
420. Fly Away Peter,1948,1h,,6.4,69,,Family ties are strained as grown up offspring start to leave the nest.,https://www.imdb.com/title/tt0177782/?ref_=sr_i_420
"421. One, Two, Three: Corona",1948,1h 26m,,6.2,38,,Two rival boys gangs join forces when their leaders Gerhard and Dietrich fall for pretty circus artist Corona. To free her from the tyrannical circus manager they sabotage the circus. Inadvertently Corona gets badly injured in the process.,https://www.imdb.com/title/tt0235951/?ref_=sr_i_421
422. Quick on the Trigger,1948,54m,Approved,6.7,30,,"Steve Warren is the local sheriff and is searching for the outlaw gang that is holding up the stages on the line owned by Nora Reed. He captures one of the gang-members, Frank Reed, Nora's brother and tosses him in jail. Frank's jail-stay is a short one as he is soon murdered. The town's crooked lawyer Garvey Yager and a surveyor named Alfred Murdock conspire to accuse Steve of the killing, and have him arrested and dismissed as the sheriff. Steve escapes and goes after Murdock whom Smiley Burnette had seen near the jail at the time of the murder. Yager and Murdock, actually the leaders behind the outlaw gang, are out to get Steve, whose father had once jailed them elsewhere. Martin Oaks, the newly-appointed sheriff dupes Smiley into capturing Steve. Steve escapes jail again and, in the guise of the Durango Kid, renews the pursuit and capture of Yager and Murdock.",https://www.imdb.com/title/tt0041778/?ref_=sr_i_422
423. Dragotsennye zyorna,1948,1h 29m,,5.7,27,,,https://www.imdb.com/title/tt0171242/?ref_=sr_i_423
424. In This Corner,1948,59m,Approved,7.1,30,,"During a naval battle in the South Pacific, Jimmy Weston is forced to strike a shipmate who has gone berserk. The sailor falls and is accidentally killed, and as a result of the incident, Jimmy's right arm becomes paralyzed. Navy doctors suggest boxing as a means to rehabilitate him and he becomes the Navy's middleweight champ. On discharge, Jimmy turns professional, over the objections of his girl friend, Navy nurse Sally Rivers, and trains with Doc Fuller. Tug Martin, a crooked manager, signs them both to a contract, and Jimmy easily wins a number of fights, becoming a big success. Tug and his girl friend, Birdie Bronson, then try to get Jimmy to throw his next fight but he refuses. As Tug has already bet a sizable sum that Jimmy will lose, he hires a punch-drunk, old fighter, Johnny Hart, as a sparring partner for Jimmy. During a workout, Jimmy knocks out Johnny and is later informed that he has killed him. Afraid to use his right hand, the one that killed the sailor and Johnny, Jimmy is defeated in his big fight, but signs for a rematch, intending to give his purse money to Johnny's family. However, when Sally finds no record of Johnny's funeral, she and Doc discover where Tug has hidden him and bring him to the arena just as Jimmy is taking a bad beating. When Jimmy sees Johnny, he realizes that he has been tricked and unleashes a terrific right cross that knocks out his opponent. As the police close in on Tug, Jimmy and Sally embrace.",https://www.imdb.com/title/tt0189604/?ref_=sr_i_424
425. Bungalow 13,1948,1h 10m,Approved,6.2,22,,"Private detective Christopher Adams chases a precious antique jade lion through the Mexican cafes, auto courts, and the seamy side of Los Angeles.",https://www.imdb.com/title/tt0040193/?ref_=sr_i_425
426. Bajo el cielo de Sonora,1948,1h 30m,,6.3,19,,A rancher wants to steal lands that belong to the Yaqui tribe in the Mexico state of Sonora .,https://www.imdb.com/title/tt0249382/?ref_=sr_i_426
427. Nargass,1948,1h 45m,,5.5,17,,"(Nour Al-Huda) the only daughter of a wealthy family. The girl is lost in mysterious circumstances, and she is raised by an average person. The girl grows up and becomes attached to a poor young man. Her parents manages to find their daughter, and bring her back to a life of riches. They try to marry her to a rich young man, but she refuses him and chooses the poor young man she knew before she got rich.",https://www.imdb.com/title/tt0300249/?ref_=sr_i_427
428. The Far Frontier,1948,1h 7m,Approved,6.2,170,,"Willis Newcomb and Bart Carroll head a gang engaged in smuggling wanted-American criminals back into the United States from Mexico. Operating from Sharperville, an oil town on the American side of the border, they transport their human cargo in oil drums loaded on trucks. Border Patrolman Tom Sharper intercepts one of the trucks but is overpowered and left for dead. Carroll, having already been paid for the job and not wanting any evidence to walk around, get caught and lead back to him, backs the human-cargo trucks to the edge of a cliff and sends the drums crashing to the boulder far below. Judge Cookie Bullfincher and Border Patrolman Roy Rogers conduct a search for the missing Tom, but the crooks have gone back for him and find him in a state of amnesia. They rob the bank and pin it on Tom. It is now up to Roy to clear his friend and also put an end to Carroll's human-smuggling racket.",https://www.imdb.com/title/tt0041347/?ref_=sr_i_428
429. The Challenge,1948,1h 8m,,6.4,101,,A sea captain is murdered before he can reveal the location of hidden gold. Bulldog Drummond is on the case.,https://www.imdb.com/title/tt0040224/?ref_=sr_i_429
430. The Wreck of the Hesperus,1948,1h 10m,Approved,6.7,98,,A disgraced sea captain goes into the ship-salvage business but he suspects that his partner uses misplaced lanterns to intentionally wreck ships during stormy nights.,https://www.imdb.com/title/tt0040977/?ref_=sr_i_430
431. Nach dem Sturm,1948,1h 36m,,,,,,https://www.imdb.com/title/tt0040635/?ref_=sr_i_431
432. Marshal of Amarillo,1948,1h,Approved,6.7,97,,"At a stagecoach relay station near Amarillo, Marshal Rocky Lane, aided by a prospector, investigates the murder of a stagecoach passenger and the disappearance of another one.",https://www.imdb.com/title/tt0040574/?ref_=sr_i_432
433. Symphony of Life,1948,1h 54m,,6.3,141,,"His right hand having been wounded during the war, concert pianist Andrei Balashov is unable to perform his art. As a result, the young man feels so depressed that he considers his life wasted. One day, he decides to leave the capital and flee from the woman he loves, Natasha, a rising singing star. Andrei takes refuge in Siberia, his native land. Once there, he gets a job in a sawmill, where he entertains his fellow-workers playing the accordion during leisure hours. Some time later, Natasha and her company are expected in America where they are to do a tour. But an airplane breakdown forces the pilot to land next to the village in which Andrei lives and works...",https://www.imdb.com/title/tt0039833/?ref_=sr_i_433
434. Dead Man's Gold,1948,1h,Approved,6.9,70,,"Jim Thornton, having found gold, has sent for Lash. But when he and Fuzzy arrive they find him dead. Lash knows that Conway and his gang are involved but that they have a boss. Lash thinks he knows who it is and sets a trap to flush him out.",https://www.imdb.com/title/tt0040277/?ref_=sr_i_434
435. Brindis a Manolete,1948,1h 28m,,4.0,27,,"Biographic film about the life of the bullfighter Manuel Rodríguez alias ""Manolete"".",https://www.imdb.com/title/tt0040188/?ref_=sr_i_435
436. Guns of Hate,1948,1h 1m,Approved,6.0,212,,"Ben Jason has found a lost gold mine. When Morgan learns this from Wyatt, he and his henchman Rocky chase down Jason and kill him. Banning and sidekick Rafferty arrive on the scene only to be arrested and jailed for the murder. They escape from jail and now have to find the real killers to clear their name.",https://www.imdb.com/title/tt0040411/?ref_=sr_i_436
437. My Dog Rusty,1948,1h 7m,Approved,5.6,109,,"Hugh Mitchell is campaigning for Mayor of Lawtonville against the incumbent, Fulderwilder, but his having trouble with his son, Danny, who persists in telling lies. Trouble starts brewing when Danny, who is ""assisting"" the town's new doctor, Antonia Cordell, slips his father's campaign handbills into the envelopes containing the doctor's announcement cards. Mayor Fulderwilder accuses Mitchell of complicity in the affair.",https://www.imdb.com/title/tt0040627/?ref_=sr_i_437
438. The Secret Land,1948,1h 11m,Approved,6.8,485,,"The 1946-1947 U.S. military expedition to explore and map Antarctica, led by Admiral Richard E. Byrd, is presented from its planning stages through its successful completion.",https://www.imdb.com/title/tt0040767/?ref_=sr_i_438
439. The Private Life of an Actor,1948,1h 35m,,6.8,160,,"Biography of Lucien Guitry, stage comedian, by his son, movie director, and a poetic reflection on the passionate love of both men for their chosen art forms.",https://www.imdb.com/title/tt0039273/?ref_=sr_i_439
440. The Counterfeiters,1948,1h 13m,Approved,6.0,121,,Scotland Yard cop goes undercover to catch a gang of counterfeiters.,https://www.imdb.com/title/tt0040250/?ref_=sr_i_440
441. Borrowed Trouble,1948,58m,Approved,6.3,219,,"Teacher Lucy Abbot is against building the saloon right next to her schoolhouse. When she is kidnapped, Hoppy rescues her and forces the saloon keepers to relocate.",https://www.imdb.com/title/tt0039213/?ref_=sr_i_441
442. Der Engel mit der Posaune,1948,2h 18m,,7.5,127,,A long time-span of Austrian history (from the late 19th century to the years after world war II) is reflected in the ups and downs of a family of piano-makers in Vienna.,https://www.imdb.com/title/tt0040322/?ref_=sr_i_442
443. Grand Canyon Trail,1948,1h 7m,Approved,5.6,189,,"Sintown is just a deserted ghost town until Vanderpool starts looking for silver. Cookie and Roy's partners put $20,000 into the business only to find that the mine is worthless and Vanderpool is bankrupt. Carol comes out to look for silver to save the company, but does not know that their engineer, named Regan, is crooked and wants all the silver for himself. But only Old Ed knows where the mother lode is located.",https://www.imdb.com/title/tt0040399/?ref_=sr_i_443
444. Algo flota sobre el agua,1948,1h 31m,,7.3,22,,A fisherman finds a young woman passed out on the shore of the beach and soon feels an irresistible attraction for her.,https://www.imdb.com/title/tt0224602/?ref_=sr_i_444
445. Anokhi Ada,1948,2h 21m,Not Rated,6.9,39,,A traumatized beautiful woman loses her memory in a train accident.,https://www.imdb.com/title/tt0231156/?ref_=sr_i_445
446. Das andere Leben,1948,1h 38m,,7.3,18,,,https://www.imdb.com/title/tt0040093/?ref_=sr_i_446
447. A Happy Vacation,1948,1h 13m,,4.9,21,,,https://www.imdb.com/title/tt0040083/?ref_=sr_i_447
448. Mandir,1948,,,,,,,https://www.imdb.com/title/tt0251826/?ref_=sr_i_448
449. La novia del mar,1948,1h 40m,,7.6,12,,"After being left at the altar by his bride for his chronic tardiness, a wealthy carefree young man faces humiliation and chooses to leave civilization behind in search of solitude.",https://www.imdb.com/title/tt0039669/?ref_=sr_i_449
450. Madalasa,1948,1h 54m,Not Rated,,,,,https://www.imdb.com/title/tt0247491/?ref_=sr_i_450
451. It's Hard to Be Good,1948,1h 33m,,5.5,83,,"A conscientious captain emerges from the war with ambitions to spread peace and goodwill, but finds that his message is misunderstood.",https://www.imdb.com/title/tt0042606/?ref_=sr_i_451
452. Ahí vienen los Mendoza,1948,1h 30m,,,,,,https://www.imdb.com/title/tt0139819/?ref_=sr_i_452
453. William Comes to Town,1948,1h 29m,,6.1,56,,William Brown attempts to secure more pay and shorter hours for schoolboys.,https://www.imdb.com/title/tt0123326/?ref_=sr_i_453
454. Tex Granger: Midnight Rider of the Plains,1948,4h 30m,Approved,6.7,36,,"When Tex Granger rides into Three Buttes, Helen Kent persuades him to buy the local newspaper. However, loan shark Rance Carson appoints the bandit Blaze Talbot as town marshal to act as his enforcer and soon the town is in chaos. With fighting between rival gangs, Tex dons a mask to become The Midnight Rider of the Plains and bring the criminals to justice.",https://www.imdb.com/title/tt0040867/?ref_=sr_i_454
455. Las aguas bajan negras,1948,1h 40m,,5.7,58,,"During the first Carlist war, Beatriz, daughter of an Isabeline colonel, secretly marries a Carlist captain who gets killed. Years later she returns to Rubiercos, an Asturian lost hamlet where she left her daughter, to find a troubled village where traditional rural lifestyle is threatened by the emerging coal mining industry and a new way of life darkening the river waters.",https://www.imdb.com/title/tt0040081/?ref_=sr_i_455
456. Canavar,1948,,,,,,A businessman who left his wife and child in love with a singer.,https://www.imdb.com/title/tt0308086/?ref_=sr_i_456
457. Rusty Leads the Way,1948,59m,Approved,6.6,122,,"Thirteen-year-old Danny Mitchell befriends Penny Waters, a little blind girl who is shy who is shy and lonely. Danny intercedes for Penny when she is about to be sent to the State Institution for the Blind and she is sent to a guide-dog school.",https://www.imdb.com/title/tt0040750/?ref_=sr_i_457
458. Trapped by Boston Blackie,1948,1h 7m,Approved,6.4,349,,Blackie is the natural suspect when an expensive pearl necklace is stolen while he is supposed to be guarding it.,https://www.imdb.com/title/tt0040896/?ref_=sr_i_458
459. Strange Gamble,1948,1h 1m,Approved,6.7,175,,"Hoppy is an agent of the federal government investigating the counterfeiting of both U.S. and Mexican money. His only clues are the name ""Mordigan"" and a drawing of a comet.",https://www.imdb.com/title/tt0040837/?ref_=sr_i_459
460. Fighting Mustang,1948,56m,Approved,7.3,83,,Sunset has two problems. Rustlers and the disertion of the Kid he helped make a Ranger. The rustlers reside in an area not as yet part of the state and out of the Rangers jurisdiction.,https://www.imdb.com/title/tt0040356/?ref_=sr_i_460
"461. Músico, poeta y loco",1948,1h 30m,,7.2,77,,,https://www.imdb.com/title/tt0249826/?ref_=sr_i_461
462. La mano del muertito,1948,1h 25m,,4.7,26,,,https://www.imdb.com/title/tt0181671/?ref_=sr_i_462
463. Si Adelita se fuera con otro,1948,,,6.1,43,,Director Chano Urueta is inspired by the classic Pancho Villa to narrate in musical style the romance between a privileged rich girl (Gloria Martin) and a revolutionary scoundrel (Jorge Negrete).,https://www.imdb.com/title/tt0220758/?ref_=sr_i_463
464. Sanbyaku rokujû-go ya: Tôkyô-hen,1948,1h 18m,,6.5,10,,,https://www.imdb.com/title/tt0425420/?ref_=sr_i_464
465. Fighting Father Dunne,1948,1h 33m,Approved,6.6,273,,"In 1905, a crusading priest tries to help poor newsboys.",https://www.imdb.com/title/tt0040355/?ref_=sr_i_465
466. Heart and Soul,1948,1h 31m,,6.1,127,,"A young student of an upper-class background who is surrounded by classmates that are of working-class backgrounds, after a novel in diary format by Enrico Bottini.",https://www.imdb.com/title/tt0039291/?ref_=sr_i_466
467. G-Men Never Forget,1948,2h 47m,Approved,6.6,115,,"G-Man and a female detective sergeant pursue racketeers, unaware that her police commissioner is actually a gang boss altered by plastic surgery.",https://www.imdb.com/title/tt0040381/?ref_=sr_i_467
468. Cup-Tie Honeymoon,1948,1h 33m,,4.4,28,,"Filmed in Rusholme, Manchester, for the great Mancunian Film Corporation, Cup-tie Honeymoon is a riotous post-war comedy from the North of England where the gags come quicker than the team's wingers!",https://www.imdb.com/title/tt0174569/?ref_=sr_i_468
469. Mickey,1948,1h 27m,Approved,6.5,154,,"Young girl is constantly getting into trouble and embarrassing her father, who finally puts his foot down.",https://www.imdb.com/title/tt0040586/?ref_=sr_i_469
470. Strike It Rich,1948,1h 21m,Approved,6.9,39,,"In 1930, in the heart of East Texas oil country, unemployed wildcat oil well drillers Delbert Lane, Tex Warren and Duke Massey roam the state looking for work. Soon after arriving in Kilmer County, Duke meets newspaper editor Matt Brady and Matt's attractive daughter Julie. Julie tells Duke that there is plenty of oil under Kilmer County but that no one has dug deep enough to find it. Though Julie is Tex's old sweetheart, Duke pursues a romance with her. Julie later rejects Tex's marriage proposal, telling him that she does not want to marry an oil man or a newspaperman like her father because they live unsettled, transient lives. Always searching for a way to make an easy profit, Duke devises a plan to fleece the people of Kilmer by having them invest in oil drilling that is unlikely to yield oil. After drilling for several days without striking oil, Duke declares the well dry and makes preparations to leave town with the remainder of the investors' money. Tex, however, refuses to abandon the project without fulfilling his obligation to the people of Kilmer, and insists on digging another thousand feet. Tex demands that Duke turn over his share of the money to complete the drilling, and a fistfight ensues when Duke accuses Tex of using the drilling to impress Julie and win her affections. Duke leaves town for West Texas, but Julie, who is in love with Duke, follows him and offers to marry him. Julie and Duke wed, while Duke earns little money building wells in West Texas, Tex and Delbert, who have continued their digging in Kilmer, strike oil. Later, Julie realizes that Duke has been abusive to her because he is too proud to accept money from her and is uncomfortable with newly acquired oil wealth. Months later, Julie gives birth to baby boy, and Duke finally strikes oil, making him a millionaire. When the governor of Texas and other legislators meet at Duke's house to discuss oil matters, Duke persuades them that it is time to create laws that will force all oil producers to pro-rate the amount of oil they take from each well. Though he does not reveal his motives to the legislators, Duke knows that such a law will badly hurt Tex. Tex, however, decides to disobey the new law and continue producing oil at full capacity. Many independent oil drillers resort to violence against the state oil inspectors in order to keep their wells running. Julie leaves Duke when the militia is sent to Kilmer as a result of Duke's heartlessness in enforcing the law. Duke eventually realizes his foolishness, and goes to Kilmer to settle his differences with Tex. Duke and Tex engage in a bruising hand-to-hand fight, then having cleared the air, resume their friendship.",https://www.imdb.com/title/tt0040845/?ref_=sr_i_470
471. Fuga in Francia,1948,1h 35m,,7.3,163,,"A former Fascist takes his son and escapes across the border into France, where he tries to avoid being recognized and having to pay for his wartime crimes.",https://www.imdb.com/title/tt0040378/?ref_=sr_i_471
472. Old Los Angeles,1948,1h 28m,Approved,6.8,120,,"Old Los Angeles finds Bill Stockton leaving Missouri to join his brother Larry, and prospect for gold in California. Bill and his pal, Sam Bowie, arrive in the picturesque town of old Los Angeles in 1848, but find that the outlaws rule... attacking mines and trains, burning ranches, looting stores and killing those who oppose them. Bill learns that Larry has been murdered for the gold claim he had staked for them. He sets out to avenge his brother's death but runs into difficulty when Estelita Del Rey misleads him to protect her lawless lover, Johnny Morrell. Bill also suspects Luis Savarin, gambling house proprietor, and Marie Marlowe, an entertainer at Savarin's place.",https://www.imdb.com/title/tt0040469/?ref_=sr_i_472
473. Der Herr vom andern Stern,1948,1h 33m,,6.5,95,,"""Der Herr vom andern Stern"" (The Man From Another Star) has the ability to travel the universe by concentration alone. But his concentration is disturbed as he passes earth. Once landed he is immediately targeted by the police and since he does not have a passport he has to go to the registration office. No one knows exactly how to deal with this strange and dangerous man, who can deform and double objects. So they give him an ID card, but at the same time have him followed by the secret service. At the registration office the traveler meets the beautiful Flora and they fall in love. Now he wants to stay on earth, but in his attempt to gain a foothold he quickly encounters the negative aspects of earthly society. In the end he even ends up in jail where he finally finds the concentration to leave earth.",https://www.imdb.com/title/tt0040434/?ref_=sr_i_473
474. Rocky,1948,1h 16m,Approved,6.5,51,,"Out fishing one day, painter John Hammond and his son Chris come across Bert Hillman, the foreman of a local ranch. He and his ranch hand are searching for a wild dog that killed one of their sheep. They find the animal and kill it, along with one of its puppies, but after they leave Hammond and his son discover another puppy still alive. They take it home and call it Rocky. John believes that a dog descended from sheep-killers will himself become a sheep-killer someday, but he gives his son a chance to raise and train the dog, hoping that he can train the killer instinct from it. Unfortunately, local farmers have reported an epidemic of sheep-killings, and they suspect that Rocky is responsible for them.",https://www.imdb.com/title/tt0040743/?ref_=sr_i_474
475. Embrujo,1948,1h 20m,,6.2,84,,"Manolo has discovered in Lola not only the great artist that the public is captivated for but an obsession, a love that transcends the limits of reason and that will make him fall into disgrace. Following the success of their company, Lola is contracted to export flamenco art to the biggest cities in the world. The triumph of Lola finds his correspondence in Manolo's failure and addiction to alcohol. But the feeling that Manolo has left in Lola is so deep that she will return to Spain to be reunited with him again.",https://www.imdb.com/title/tt0039353/?ref_=sr_i_475
476. Na svoji zemlji,1948,1h 50m,,6.9,213,,"Set in a small Slovenian village , it tells the story of its residents who lived under German occupation after the Italian defeat in 1943. While helping the partisans, the residents look forward to the upcoming liberation.",https://www.imdb.com/title/tt0040634/?ref_=sr_i_476
477. Song of My Heart,1948,1h 25m,Approved,3.7,24,,The portrait of Russian composer Peter Ilich Tchaikovsky focuses on his failed love affair.,https://www.imdb.com/title/tt0039851/?ref_=sr_i_477
478. The Gay Intruders,1948,1h 8m,Approved,6.2,53,,"John and Maria are successful onstage but have marriage problems offstage. When they go to married psychiatrists Dr. Matson and Dr. Nash, they grow together as the doctors begin to fight.",https://www.imdb.com/title/tt0040384/?ref_=sr_i_478
479. La secta del trébol,1948,1h 18m,,6.6,48,,A writer wrapped in a brilliant police case belonging to a Chinese sect.,https://www.imdb.com/title/tt0201074/?ref_=sr_i_479
480. The Story of Shirley Yorke,1948,1h 32m,,6.0,111,,"Nurse Yorke assists her boss, Dr Napier, who is able of effecting a new treatment on the ailing wife of a Lord.",https://www.imdb.com/title/tt0176186/?ref_=sr_i_480
481. But Not in Vain,1948,1h 13m,,7.4,8,,"The film is set in 1944, in German-occupied Netherlands. There is an ongoing famine. Jan Alting is a a Dutch patriotic farmer, who uses his farm as a place of refuge for Jews, communists, and Dutch resistance members. He has disinherited his son Anton Alting, who is a German collaborator. One day, Anton unexpectedly visits his father's residence and discovers a group of subversives hiding there. He orders his father to kick them out, threatening to shoot them if he refuses. Jan is torn between his patriotic duty and his desire to avoid direct conflict with his estranged son.",https://www.imdb.com/title/tt0040195/?ref_=sr_i_481
482. Onna,1948,1h 24m,,6.6,184,,A dark secret awaits a dance-hall girl when she goes to meet her former lover.,https://www.imdb.com/title/tt0040670/?ref_=sr_i_482
483. Another Shore,1948,1h 17m,Approved,6.0,170,,A young Irishman comes up with an unusual plan to get the money to emigrate to Tahiti.,https://www.imdb.com/title/tt0040103/?ref_=sr_i_483
484. Mad About Opera,1948,1h 35m,,6.0,89,,"There has been no Catholic church in the Italian district of London since the only one was bombed during the Blitz. Guido Marchi, a journalist wishing it to be restored, decides to organize a show in which great names of the Italian opera will appear, deceitfully using Carlo Scala's restaurant as collateral to get the loan so as to organize the show. Despite formidable, self-interested opposition he will finally realize his goal, and he will manage to marry the one he loves.",https://www.imdb.com/title/tt0040362/?ref_=sr_i_484
485. Anna Roditi,1948,1h 18m,,6.5,62,,"In Italian-occupied Rhodes, a brave lieutenant of the Greek Navy risks his life to extract vital information. But, his mission leads to an unforeseen love affair with the daughter of his unaware host. Is she prepared to die for Greece?",https://www.imdb.com/title/tt0136709/?ref_=sr_i_485
486. The Strange Mrs. Crane,1948,1h 2m,Approved,6.5,141,,"Hoping to bury her criminal past, Jenny Hadley settles into a comfortable existence as Gina, the wife of the politician Clinton Crane. When her former associate Floyd Durant shows up to blackmail Gina, she has no choice but to murder him. Things take a bizarre turn when Barbara Arnold is charged with Durant's murder and Gina is selected to serve on the jury.",https://www.imdb.com/title/tt0040838/?ref_=sr_i_486
487. Sundown in Santa Fe,1948,1h,Approved,7.0,65,,"A dagger has been left in every robbery by Walter Durant, fugitive leader of the President Lincoln murder ring. Rocky is sent to Santa Fe to find Durant and arrest him and the gang of outlaws he controls. Rocky soon finds that the information for every robbery comes from Tom, who is the son of the sheriff. But Rocky has to arrest the whole gang, and he does not know who is part of the gang and where Durant may be hiding.",https://www.imdb.com/title/tt0040850/?ref_=sr_i_487
488. Caged Fury,1948,1h,Approved,5.7,73,,Psycho lion tamer uses the big cats to commit murders.,https://www.imdb.com/title/tt0040196/?ref_=sr_i_488
489. The Loves of Colette,1948,1h 36m,,7.3,66,,"A young provincial college boy likes the daughter of the headmaster. However, his colleague, who wanted to die, left a diary where he wrote about his good luck with the same girl.",https://www.imdb.com/title/tt0136603/?ref_=sr_i_489
490. Ôshô,1948,1h 34m,,7.1,53,,A difficult family situation pushes Sakata Sankichi to become a shogi master.,https://www.imdb.com/title/tt0262670/?ref_=sr_i_490
491. May God Forgive Me,1948,1h 37m,,6.4,66,,Lena is a spy who manages to seduce rich men only to obtain information.,https://www.imdb.com/title/tt0039742/?ref_=sr_i_491
492. Call of the Blood,1948,1h 28m,,4.4,13,,,https://www.imdb.com/title/tt0039766/?ref_=sr_i_492
493. Madness of Love,1948,1h 52m,,6.2,195,,"Queen Juana of Castile go insane as a result of a conspiracy based on the infidelities of her husband, King Philip of Flanders.",https://www.imdb.com/title/tt0040544/?ref_=sr_i_493
494. Idol of Paris,1948,1h 46m,,7.2,27,,The story of the journey of a poor rag-man's daughter all the way to the Paris high-life.,https://www.imdb.com/title/tt0163002/?ref_=sr_i_494
"495. Nine Boys, One Heart",1948,1h 25m,,5.6,40,,"During the Christmas season, Christine, a singer and her friends find themselves penniless. She falls asleep and dreams that she goes to heaven, followed by her friends. Waking her back on the ground and in reality. Miraculously, a generous customer is their commitment.",https://www.imdb.com/title/tt0140417/?ref_=sr_i_495
496. Easy Money,1948,1h 34m,Approved,6.1,227,,An anthology of four short stories centered around the topic of honestly--or dishonestly--winning the pools in postwar Britain.,https://www.imdb.com/title/tt0040309/?ref_=sr_i_496
497. Sofia,1948,1h 22m,Approved,6.0,69,,"In this Cold-War thriller Steve Roark (Gene Raymond) helps nuclear scientists in their desperate attempt to escape the ruthless Russian Communist agents who are chasing after them. Roark is a former OSS man assigned to rescue two atomic scientists from Russia and spirit them away from the Iron Curtain. Steve is shocked to discover that one of the scientists is his former lover Linda Carlsen (Sigrid Gurie). In the meantime, sexy cabaret singer-turned-spy Magda Onescu (Patricia Morison) acts as a double agent for both the Allies and the Communists, hoping to gain double profits by giving vital information to both sides.",https://www.imdb.com/title/tt0040815/?ref_=sr_i_497
498. The Valiant Hombre,1948,1h,Approved,6.1,37,,"The Cisco Kid (Duncan Renaldo) and Pancho (Leo Carrillo) find a dog, Daisy (played by Daisy), grieving for its lost master. Cisco senses a plot when he later learns that the missing man, Paul Mason (John James), recently discovered a gold lode in the nearby hills. The trail leads to the owner of a gambling hall, Lon Lansdell (John Litel). Linda Mason (Barbara Billingsley), searching for her lost brother, is met when she arrives by Cisco, who tries to hell her the true story as he sees it, but she prefers to believe Landell's version of her brother's disappearance. Lansdell leads Linda to her brother, and she is used in an attempt to make Mason disclose the location of his gold strike. But Cisco and Pancho are close by.",https://www.imdb.com/title/tt0040929/?ref_=sr_i_498
499. Mademoiselle s'amuse,1948,1h 35m,,4.7,21,,"Christine, the daughter of a rich American, acquires from her father the jazz band of Ray Ventura who will be made responsible for accompanying her from morning till evening wherever she goes. From an endless number of amusing situations, the fiancée of the girl despairs. But soon the musicians rebel in in the face of the requirements of their patroness. More than a job, it is for them misery. Christine excuses them and she goes back to America with her band. Things go bad, degenerate, but the kindness of the musicians and the firmness of the fiancée of Christine really quiet down the moods of the young woman .",https://www.imdb.com/title/tt0039592/?ref_=sr_i_499
500. Ward Shah,1948,,,,,,,https://www.imdb.com/title/tt0300635/?ref_=sr_i_500
501. Lady at Midnight,1948,1h 2m,Passed,6.1,126,,"A young couple struggles to raise their adopted daughter, but a mysterious murder reveals the child's unknown fortune and a greedy lawyer who is out to steal it.",https://www.imdb.com/title/tt0040524/?ref_=sr_i_501
502. Renegades of Sonora,1948,1h,Approved,7.1,44,,"As a valuable Indian tribal belt is being brought to the Indian Agent, Rocky Lane breaks up an attack on the courier. When the courier dies, Rocky delivers the belt to the Agent. But he quickly finds himself arrested for murder and learns not only is the belt missing, but the murdered Agent is not the man he gave the belt to.",https://www.imdb.com/title/tt0040728/?ref_=sr_i_502
503. Keloglan,1948,,,6.2,37,,It is the first Keloglan movie shot in Turkey.,https://www.imdb.com/title/tt0309766/?ref_=sr_i_503
504. Colonel Bogey,1948,51m,,6.6,20,,A young Victorian couple spends time with the wife's aunt who behaves as if her late husband were still alive and his ghostly voice is heard.,https://www.imdb.com/title/tt0177645/?ref_=sr_i_504
505. Northwest Stampede,1948,1h 19m,Approved,5.5,170,,"After his father dies, rodeo star Dan Bennett returns to his ranch but hires on as a ranch hand. A horse known as the White Outlaw is the leader of a herd of wild horses and Dan's obsession now is to capture and tame that horse. Foreman Christine Johnson learns of his true identity and that he plans to sell the ranch after taming the horse. Her objective now becomes to keep him from selling and she starts by releasing the White Outlaw he has just captured.",https://www.imdb.com/title/tt0040654/?ref_=sr_i_505
506. Campus Sleuth,1948,57m,Approved,6.4,60,,"When a magazine photographer is found dead on campus, a group of students decides to find out who committed the crime.",https://www.imdb.com/title/tt0040208/?ref_=sr_i_506
507. Balaraju,1948,2h 43m,Not Rated,8.5,24,,"When a yaksha and his lover are cursed to be reborn as humans, they should overcome several hurdles to get united again.",https://www.imdb.com/title/tt0154193/?ref_=sr_i_507
508. Grube Morgenrot,1948,1h 28m,,,,,"During the global economic crisis, the pit ""Morgenrot"" is due to be closed due to unprofitable results. With the use of a machine forbidden for security reasons, the mates try to work more effectively and thus save their jobs.",https://www.imdb.com/title/tt0236269/?ref_=sr_i_508
509. Nighttime in Nevada,1948,1h 7m,Approved,6.5,167,,The bad guy steals a gold mine from his partner and then murders him. Next he turns to rustling cattle.,https://www.imdb.com/title/tt0040644/?ref_=sr_i_509
510. Russkiy vopros,1948,1h 31m,,6.0,139,,"McPherson and Gould, the owners of a dozen reactionary American newspapers, are systematically conducting a slanderous campaign against the Soviet Union. In order to get ""fresh"" material, they send journalist Harry Smith to Russia. Returning from Russia, Smith feels that he is not able to fulfill the order of the newspaper owners. Contrary to everything, Smith decides to write the truth about the Russian people. McPherson widely advertises a future book. But after reading the true work of a journalist, McPherson enters into a frantic rage.",https://www.imdb.com/title/tt0039790/?ref_=sr_i_510
511. Yuwaku,1948,1h 46m,,7.0,93,,"Mourning the death of her father, a grieving daughter (Hara, Setsuko) meets one of his students (Saburi, Shin) and the two set out to travel to Tokyo. The two share a room en route and subsequently the former student asks Hara to work for him as a maid given that his wife is confined to a sanitarium and she could use the help as well. The relationship that evolves from there, and the complication of there being another man as well, forms a dramatic story.",https://www.imdb.com/title/tt0274224/?ref_=sr_i_511
512. Ojos de juventud,1948,1h 43m,,7.2,29,,"An older man visits a woman at the hospital, a woman he hasn't seen in many years. Seeing her leads him to remember the past they once shared together.",https://www.imdb.com/title/tt0251311/?ref_=sr_i_512
513. Desperadoes of Dodge City,1948,1h,Approved,7.0,56,,"Rocky and the Land agent riders need to get an important message to the Army post. The message is stolen but Rocky knows one of the four men on the stagecoach has it. When Rocky and the four get trapped in a shack by the outlaw gang, he learns that one of the four is the gang leader. Rocky has to learn his identity and retrieve the message",https://www.imdb.com/title/tt0040286/?ref_=sr_i_513
514. Marinai senza stelle,1948,1h 9m,,7.1,39,,"An educational sailing trip is cut short by the outbreak of war, and the boys must decide what to do.",https://www.imdb.com/title/tt0036143/?ref_=sr_i_514
515. Reaching from Heaven,1948,1h 20m,Approved,6.3,48,,"Just as church services are letting out, a shabbily-dressed stranger is run over by an automobile in front of the church. The stranger is helped mentally and physically by the minister and congregation members, who help him regain his self-confidence and also to accept the death of his wife as she was about to embark from Europe, as a displaced person, to join him in America. They help bring his five-year-old daughter to the United States, and the congregation makes a home for him and his daughter. The young lady who caused his accident, the town banker's daughter, takes a job to pay for his hospital expenses. Do unto others as you.",https://www.imdb.com/title/tt0046229/?ref_=sr_i_515
516. Sins of the Fathers,1948,1h 36m,,3.3,16,,"Story about a town where illegal activities are allowed to thrive, but a doctor and couple of colleagues try to help townspeople see that public health measures, especially those that might control syphilis, are necessary.",https://www.imdb.com/title/tt0178026/?ref_=sr_i_516
517. The Mysterious Rider,1948,1h 30m,,6.2,208,,"Giacomo Casanova returns to Venice, to help his brother, falsely accused of robbery.",https://www.imdb.com/title/tt0039255/?ref_=sr_i_517
518. The Bold Frontiersman,1948,59m,Approved,7.2,44,,Lane and his horse Black Jack must protect the gold which drought bedeviled ranchers have raised to build a dam from bad guy Smiling Jack.,https://www.imdb.com/title/tt0040180/?ref_=sr_i_518
519. Historia de una mala mujer,1948,1h 32m,,7.3,36,,"Lord Windermere appears to all - including to his young wife Margaret - as the perfect husband. But their happy marriage is placed at risk when Lord Windermere starts spending his afternoons with an adventuress who is working her way through London's high society, Mrs. Erlynne. Worse, Windermere gives her big sums of money. To crown it all he asks his wife to invite the detestable woman to her own birthday party. Upset and outraged, the puritan Lady Windermere decides to leave her husband and goes to Lord Robert Darlington, who has been courting her for some time. Unfortunately she leaves her fan - the one Robert offered her for her birthday - in Robert's house.",https://www.imdb.com/title/tt0040441/?ref_=sr_i_519
520. Mens porten var lukket,1948,1h 28m,,7.2,31,,One night of dramatic events in the life of a number of people who all live in the same rental building.,https://www.imdb.com/title/tt0125401/?ref_=sr_i_520
521. Here Comes Trouble,1948,55m,Approved,5.4,321,,A newspaper publisher sends his future son-in-law to handle a job that ends up with unexpected trouble.,https://www.imdb.com/title/tt0040432/?ref_=sr_i_521
522. Wallflower,1948,1h 17m,Approved,6.0,219,,"Joy (Janis Paige) is used to getting male attention, while her step-sister, Jackie (Joyce Reynolds), stands on the sidelines. The pair, who have a strong bond, come home from college and meet the handsome Warren (Robert Hutton) at a dance. Despite initially being attracted to Jackie, those feelings are instantly forgotten when he meets Joy. The two sisters vie for his attention, and Jackie decides to undergo a makeover in order to gain his affections. Her makeover has surprising consequences.",https://www.imdb.com/title/tt0040948/?ref_=sr_i_522
523. Mare nostrum,1948,1h 30m,,6.2,69,,"The Spanish merchant ""Mare Nostrum"", captained by Ulises Ferragut, docked in September 1939 at the port of Naples to repair a breakdown. Walking through the ruins of Pompeii, Ferragut meets Freyra, an enigmatic and beautiful woman of whom she instantly falls madly in love, unaware that the girl is in fact a dangerous spy of the Third Reich.",https://www.imdb.com/title/tt0040568/?ref_=sr_i_523
524. Film Without a Name,1948,1h 19m,,7.3,247,,A screenwriter comes up with a story about an affair between a maid and her employer,https://www.imdb.com/title/tt0039382/?ref_=sr_i_524
525. Gunning for Justice,1948,55m,Approved,7.0,32,,"After Johnny breaks up a gunfight, the dying man gives him a map of the location of hidden gold bullion and tells him to give it to Ed. The outlaws know of the gold and try to get the map from Johnny. Their leader Blake realizes Ed is Edwina, the girl Johnny knows as Winnie. He gets Johnny to give the map to Winnie, gets the Sheriff to arrest Johnny, and gets Winnie to lead him to the gold.",https://www.imdb.com/title/tt0040410/?ref_=sr_i_525
526. Hidden Danger,1948,55m,Approved,5.3,22,,"Rancher Terry Mason's cattle are scattered by James Carson's henchmen after his refusal to join the latter's crooked Cattlemen's Protective Association. Mason's ranch-hand, Perry, is secretly working for Carson, and he blames the raid on the Russell outfit. Meanwhile, Russell, packing company owner, sends for his ace trouble-shooter, Johnny Mack, to help combat the Carson gang. When Mason accuses Russell Russell of the raid, Johnny, in pretended anger, quits Russell and, with his sidekick, Juniper, works with Mason as an investigator. Carson has his visiting niece, Valerie, befriend Mason in the hopes she will convince Mason to join the association. Johnny saves Mason's foreman, Alibi, when Carson's henchmen, led by Bender, attempt an ambush. Johnny wounds Trigger, Carson's hired gunman, in a gun duel after killing another outlaw, Loop. Carson forges a letter to make it appear that Russell wants Johnny to wreck the association. The sheriff arrests Johnny and Juniper, but Alibi helps them escape. Meanwhile Velerie overhears her uncle and Bender plot to ruin Mason's ranch.",https://www.imdb.com/title/tt0040436/?ref_=sr_i_526
527. El canto de la sirena,1948,,,,,,,https://www.imdb.com/title/tt0243809/?ref_=sr_i_527
528. Intill helvetets portar,1948,1h 38m,,5.5,57,,"Professor Barring is awarded the Nobel Prize in physics. According to Barring the scientist's sole duty is to seek the truth, even if this leads to the ""gates of hell"".",https://www.imdb.com/title/tt0040476/?ref_=sr_i_528
529. Tierra del fuego,1948,2h,,7.2,10,,,https://www.imdb.com/title/tt0201263/?ref_=sr_i_529
530. Heart of Virginia,1948,1h,Approved,5.2,18,,"Moments before the start of a horse race, horse breeder Whit Galtry tells one of his employees, jockey Jimmy Easter, that he has bet a great deal of money on Jimmy's horse and that he expects him to win at any cost. When Galtry tells Jimmy that he plans to use the prize money to buy an automobile for his daughter Virginia, Jimmy, who is in love with Virginia, promises to do everything he can to ensure a victory. Tragedy strikes during the race, however, when Jimmy tries to squeeze between two horses and causes another horse to unseat its jockey. Jimmy visits the injured jockey in his hospital room and apologizes to him, but the jockey dies a short time later. Despondent over the accident, Jimmy decides to quit racing for a time, but returns to enter the prestigious Gold Cup competition. When Jimmy loses the Gold Cup race, Galtry, who bet all his money on Jimmy's horse, goes broke. Angered by the loss, Galtry dismisses Jimmy and gives his horse, Virginia's Pride, to his daughter. Jimmy later fails in all his attempts to find another racing job, and eventually takes a job at a service station with his former stable hand, Sunflower Jones. Two years pass, and Galtry becomes his interested in horse racing again when his daughter enters her horse in a race at Beverly Park. Soon after, Galtry introduces his daughter to wealthy horse owner Dan Lockwood, and Dan falls instantly in love with her and offers to house her horse at his ranch. With Virginia's help, Jimmy then gets a job working at Dan's ranch, and is soon put in charge of training her horse. Jimmy eventually learns that Virginia is Dan's sweetheart, and sadly realizes that he misunderstood her motives. Jimmy quits his job, but Dan prevents his departure by appealing to his love for Virginia. After consenting to ride Virginia's horse, Jimmy takes the animal on a practice run. The session, however, is brought to an unexpected halt when Virginia's Pride is injured in a fall. When Galtry discovers that Jimmy rode his daughter's horse, he gives him a whipping. Later, Virginia breaks her engagement to Dan after mistakenly concluding that Dan is only interested in marrying her to ensure his profits at the racetrack. Jimmy, who has given up his romantic pursuit of Virginia, agrees to help Dan regain her trust by riding her horse to victory. The plan works, and all ends happily as Dan and Virginia resume their romance, and Jimmy is invited to continue working for them.",https://www.imdb.com/title/tt0040709/?ref_=sr_i_530
531. Qun mo,1948,1h 20m,,6.6,5,,"After the beginning of the War of Resistance in the 26th year of the Republic of China, in a small town in the occupied area, a group of dregs from the great era, under the auspices of the Japanese invaders, performed the following ugly drama.",https://www.imdb.com/title/tt24656944/?ref_=sr_i_531
532. Majboor,1948,,,,,,,https://www.imdb.com/title/tt0302748/?ref_=sr_i_532
533. Mountain Cat Woman,1948,1h 25m,,,,,,https://www.imdb.com/title/tt9617280/?ref_=sr_i_533
534. Shachô to onna-tenin,1948,,,,,,,https://www.imdb.com/title/tt0040776/?ref_=sr_i_534
535. 13 Lead Soldiers,1948,1h 4m,Approved,6.0,170,,"Captain Hugh ""Bulldog"" Drummond is called in to solve the murder of a man from whom two lead soldiers were stolen. Drummond learns that the two soldiers were part of a set of thirteen which formed the key to a hidden vault of treasure. Following some clever sleuthing and set-up on Drummond's part, the guilty man is trapped in the vault,which is hidden behind the fireplace.",https://www.imdb.com/title/tt0040063/?ref_=sr_i_535
536. Una aventura en la noche,1948,1h 30m,,6.7,58,,"A film director and a scriptwriter, ride two mysterious girls in the road, just to find out later that they had died months ago.",https://www.imdb.com/title/tt0039165/?ref_=sr_i_536
537. Il fiacre N. 13,1948,1h 30m,,6.3,28,,"First episode: The old countess of Latour Vaudieu dies leaving all her possessions to the first-born Philip. The second son, Giorgio, instigated by his lover Claudia, kills his brother and his doctor. Pietro Maroy is accused of murdering his uncle and sentenced to life imprisonment. Second episode: Twenty years later, Pietro's wife and daughter managed to get the reopening of the trial.",https://www.imdb.com/title/tt0039373/?ref_=sr_i_537
538. Khulud,1948,2h 5m,,6.1,30,,"Leila and Mahmoud have been in love since childhood, but Hassan, Mahmoud's cousin, also loves her and grows jealous. On their wedding day, Hassan tries to kill Mahmoud, but Leila saves him and dies. Years later, Mahmoud seeks revenge.",https://www.imdb.com/title/tt0300074/?ref_=sr_i_538
539. The Idol,1948,1h 30m,,5.0,29,,"A young woodcutter turned into a boxer, learns the sad fact that some of his triumphs have been stage managed, and confronts his nasty manager.",https://www.imdb.com/title/tt0151028/?ref_=sr_i_539
540. El rif el hazine,1948,,,,,,"In one village, two children from two conflicting families meet in the village book, and the innocent passion combines their hearts. Love connects a girl from one of the two families and a young man from the other family. Love does not know family disputes, differences continue, love grows, and the lovers promise to be a cause of serenity and affection between the two families.",https://www.imdb.com/title/tt0300411/?ref_=sr_i_540
541. Povest o nastoyashchem cheloveke,1948,1h 36m,,7.1,328,,"Alexey Meresyev was a fighter pilot during the war. One day he was shot down by Nazis, and because of his wounds both of his legs had to be cut off up to his knees. Because of his spirit and courage, Alexey was able to overcome his disability. He learned not only to walk on his artificial limps, but even dance and fly the plane again. Based on a real-life story.",https://www.imdb.com/title/tt0040707/?ref_=sr_i_541
542. Dangers of the Canadian Mounted,1948,2h 47m,Approved,5.5,148,,"On the Alaska-Canada border, a prospector finds an ancient Chinese junk which is believed to be part of a fleet of treasure hunting ships sent out by Genghis Khan in the 13th Century. This ship supposedly holds the clue to a vast treasure.",https://www.imdb.com/title/tt0040268/?ref_=sr_i_542
543. Adventures of Gallant Bess,1948,1h 11m,Approved,5.0,134,,"Ted Daniels, a ranch hand working for a rodeo, captures a magnificent wild horse that he tames and trains. As Ted is recovering from an accident that happened during a rodeo, the rodeo owner cheats him out of his horse.",https://www.imdb.com/title/tt0040078/?ref_=sr_i_543
544. The Fighting Ranger,1948,57m,Approved,6.2,31,,"Texas Ranger Johnny Brown shoots fugitive Sinclair after a long chase, and before the latter dies he accuses his cousin Hack of framing him for a murder, so he can inherit the ranch of his Uncle Henderson. Johnny places Sinclair's ten-year-old son Dave at Ranger headquarters for safety, while he gets a job at the ranch with the help of his friend Banty. Johnny catches henchman Gill cutting fences in preparation for rustling the cattle, and Henderson's locks him up, but Gill escapes that night with the aid of Hack. Hack, the ranch foreman, has his henchmen ambush himself and his uncle while carrying the money for new cattle purchases. Johnny regains the money after killing Gill. Suspicious of his nephew, Henderson rides the range and is shot by Hack's henchmen. Before he dies, he makes anew will naming Dave as heir and Johnny as his guardian. Johnny beats up Hack for assaulting Banty when the latter catches Hack snooping for the new will. Hack attempts to make Sinclair's widow, Julia, suspicious of Johnny and she goes to see if her son Dave is at the Ranger headquarters. Hack follows, intending to do away with the two of them, but Johnny and Banty foil his plans in a blazing gun battle.",https://www.imdb.com/title/tt0040357/?ref_=sr_i_544
545. La bien pagada,1948,1h 33m,,5.3,27,,"After his wife cheats on him, a millionaire leaves her, only to return several years later to find her dancing at a cabaret.",https://www.imdb.com/title/tt0235227/?ref_=sr_i_545
546. Ibn el fellah,1948,1h 20m,,6.6,13,,"Hussein, a village boy with a beautiful voice, dreams of fame. His jealous cousin tries to separate him from his love, Setta. Hussein travels to Cairo, finds success as a singer, and falls in love with a dancer.",https://www.imdb.com/title/tt0300022/?ref_=sr_i_546
547. Hayat haira,1948,,,4.1,21,,,https://www.imdb.com/title/tt0299969/?ref_=sr_i_547
548. Samsun el kabir,1948,1h 50m,,,,,,https://www.imdb.com/title/tt0300447/?ref_=sr_i_548
549. Hvor fartøy flyte kan,1948,45m,,,,,"The film depicts the Norwegian merchant fleet during World War II and is largely based on photos taken by a number of photographers with aboard the ships, both Norwegian and foreign.",https://www.imdb.com/title/tt0273272/?ref_=sr_i_549
550. Vi seiler,1948,1h 27m,,,,,"The film depicts a voyage with Oslo Seamen's School's ship ""Christian Radich"" in the summer of 1947. The ship visits ports in Lisbon, Casablanca, Madeira and the Azores.",https://www.imdb.com/title/tt0274195/?ref_=sr_i_550
551. Train to Alcatraz,1948,1h,Approved,6.4,85,,A group of prisoners being transported by train to Alcatraz prison plot an escape.,https://www.imdb.com/title/tt0040895/?ref_=sr_i_551
552. Le coeur sur la main,1948,1h 35m,,5.8,86,,"Léon Ménard, the village verger, is a decent young man whose hobby is to play the accordion. One day he is fired for having accompanied Mary Pinson, a singer deemed scandalous by the right-minded parishioners. Blinded by his love for Mary, Léon follows her to Paris where he becomes her plaything. With Mary's complicity, a gang of swindlers make him the puppet proprietor of a night club. But Léon can't live in a fool's paradise forever and soon finds himself on the street, forsaken and desperate. Luckily, the manager of a circus notices him while he is busking and he hires Léon at once. Not only will success come to him but he will win the love of sweet Solange.",https://www.imdb.com/title/tt0040240/?ref_=sr_i_552
553. Best Man Wins,1948,1h 18m,Approved,5.7,84,,"Jim Smiley has a frog that can jump further than anyone else's frog, and Jim becomes obsessed with entering the frog in all of the local jumping-frog contests, not realizing that his obsession is about to cost him his marriage.",https://www.imdb.com/title/tt0040157/?ref_=sr_i_553
554. The Last Load,1948,57m,,6.2,47,,Two sisters enlist the help of two brothers to find out who's sabotaging their father's lorries.,https://www.imdb.com/title/tt0168943/?ref_=sr_i_554
"555. Danke, es geht mir gut",1948,1h 10m,,6.9,20,,"Boys are usually busy playing ""Indians"", but when their uncle decides to rent part of their home to a Doctor Höflin, they took an oath to cast him out with a series of pranks.",https://www.imdb.com/title/tt0244478/?ref_=sr_i_555
556. Triple Threat,1948,1h 11m,Approved,5.5,27,,"American football script number one-through 101 is the usual one about an egotistical college football star (amatuer) who is drafted into the National Football League (professional), and he takes a long time to learn that his attitude is having a major effect on his team, his playing and his romance.",https://www.imdb.com/title/tt0040904/?ref_=sr_i_556
557. La cigarra,1948,1h 18m,,6.0,9,,,https://www.imdb.com/title/tt0040232/?ref_=sr_i_557
558. Los secretos del buzón,1948,1h 20m,,6.4,7,,,https://www.imdb.com/title/tt0183750/?ref_=sr_i_558
559. Hareb min el sijn,1948,,,,,,,https://www.imdb.com/title/tt0299963/?ref_=sr_i_559
560. Azadi Ki Raah Par,1948,,,,,,,https://www.imdb.com/title/tt0386305/?ref_=sr_i_560
561. Scandals of Clochemerle,1948,1h 30m,,7.2,101,,"A little town erupts in turmoil about the construction of a public urinal. The army is sent in to restore order, but the military add to the confusion by getting involved with the local women.",https://www.imdb.com/title/tt0040236/?ref_=sr_i_561
562. Elizabeth of Ladymead,1948,1h 37m,,6.0,146,,"Four generations of a British family live through their experiences in the Crimean War, Boer War, WWI and WWII.",https://www.imdb.com/title/tt0040313/?ref_=sr_i_562
563. Sunset Carson Rides Again,1948,1h 3m,Approved,5.4,131,,"Sunset Carson is trying to raise money for a new school and his partner Sam Webster is out to stop him. When Carson plans a benefit prize-fight, Webster plans to make off with the proceeds.",https://www.imdb.com/title/tt0040851/?ref_=sr_i_563
564. The Cobra Strikes,1948,1h 2m,Approved,5.4,73,,Hard-boiled reporter Mike Kent investigates the murder of a prominent scientist and stumbles upon a sinister plot to steal a fortune in jewels.,https://www.imdb.com/title/tt0040239/?ref_=sr_i_564
565. Trouble Preferred,1948,1h 3m,Approved,6.2,33,,A suicide attempt is investigated by a pair of female police rookies.,https://www.imdb.com/title/tt0041990/?ref_=sr_i_565
566. La casa de la Troya,1948,,,6.8,17,,,https://www.imdb.com/title/tt0221056/?ref_=sr_i_566
567. Pyaar Ki Jeet,1948,,,6.1,10,,,https://www.imdb.com/title/tt0215091/?ref_=sr_i_567
568. Silent Conflict,1948,1h 1m,Approved,6.4,178,,One of Hoppy's Bar 20 ranch hands is tricked into participating in nefarious activities after being subjected to hypnosis.,https://www.imdb.com/title/tt0040787/?ref_=sr_i_568
569. The Big Punch,1948,1h 20m,,5.9,166,,A boxer turned minister offers shelter to a tank fighter framed for killing a policeman.,https://www.imdb.com/title/tt0040161/?ref_=sr_i_569
570. Fahrt ins Glück,1948,1h 28m,,8.1,22,,"Celia Lövengaart was formerly involved with the theatre and was able to live a carefree life. But now she's in financial difficulties. The court appointed trustee grants her enough money for a trip to Tirol, where she's going to visit her daughter Susanne, who was raised by her grandparents. Susanne is supposed to marry Richard, whom she can't stand and her mother tolerates him even less. Celia wants to help her daughter, but that's easier said than done: Richard knows about her lively past and is blackmailing her to keep her nose out of his affairs. If she doesn't agree to this wedding, he'll tell everything the consul Hoyermann, Susanme's guardian, and there will be a big stink.",https://www.imdb.com/title/tt0037689/?ref_=sr_i_570
571. Pasaporte a Río,1948,1h 40m,,7.0,26,,,https://www.imdb.com/title/tt0040685/?ref_=sr_i_571
572. Croisière pour l'inconnu,1948,1h 30m,,6.0,26,,"Kohlman, the attorney for the Fournil bank, diverts money from the institution. To hide his malpractices, he imagines to remove the director, the young and overconfident Clement Fournil, during a cruise at sea on the yacht Emile Frechisse.",https://www.imdb.com/title/tt0039285/?ref_=sr_i_572
573. Silver Trails,1948,53m,Approved,5.7,35,,"Jimmy Wakely and ""Cannonball"" find the body of Don Muquel after he has been shot and robbed by henchmen Ramsay and Sturgis. Jimmy is accused of the crime by Jose Esteban but the latter's rich uncle, Don Esteban, clears his friend Jimmy. Jose accuses the the settlers, led by John Chambers, of confiscating the land of the native Californians, through murder and theft. Actually, surveyor Willard Jackson is making forged copies of stolen land-grant papers after his men have killed the rightful owners. Playing both ends against the middle, Ramsay urges Chambers and his daughter, Diane, to drive off the Californians.",https://www.imdb.com/title/tt0040790/?ref_=sr_i_573
574. L'assassin est à l'écoute,1948,1h 28m,,5.8,19,,April fools in a studio where a radio host pretends to shoot dead all the performers....till a true crime occurs.,https://www.imdb.com/title/tt0140822/?ref_=sr_i_574
575. Song of Idaho,1948,1h 9m,Approved,,,,"When sponsor Nottingham cancels King Russell's radio program, The Hot Shots try to change his mind. They not only fail but Nottingham's son forces them to take him back to Russell's ranch. Once there he starts playing practical jokes. With everyone disliking him and learning his father is coming, he has a plan to redeem himself.",https://www.imdb.com/title/tt0175191/?ref_=sr_i_575
576. Jungle Patrol,1948,1h 11m,Approved,6.1,120,,"A visit from a USO entertainer lifts the spirits of the pilots stationed in New Guinea, who are beginning to worry that their luck will soon run short.",https://www.imdb.com/title/tt0040502/?ref_=sr_i_576
577. The Fatal Night,1948,50m,,7.1,59,,A young American accepts a bet to spend a night in a haunted house in Mayfair.,https://www.imdb.com/title/tt0040345/?ref_=sr_i_577
578. Éternel conflit,1948,1h 35m,,6.0,68,,"Janvier, an embittered teacher, is fed up with his colorless, monotonous life. One day he breaks away and ends up becoming a circus clown. In his new world, he meets a beautiful acrobat nicknamed Lili and grows fonder and fonder of her every day of his life. The trouble is that the lady bestows her favors to two different lovers : wealthy married man Chardeuil and good-looking but listless young Antonio. He now considers his duty to make Lili recover her dignity...",https://www.imdb.com/title/tt0202713/?ref_=sr_i_578
579. La serpiente de cascabel,1948,1h 13m,,6.7,35,,"A police inspector who must solve the mystery of the death of the warden of a ladies' institute, for which he pretends to be a music teacher. The main suspect is the naughty schoolgirl María Duval.",https://www.imdb.com/title/tt0039814/?ref_=sr_i_579
580. The Mozart Story,1948,1h 31m,,6.6,33,,Story of the life and work of famed composer Wolfgang Amadeus Mozart.,https://www.imdb.com/title/tt0040612/?ref_=sr_i_580
581. Out of the Storm,1948,1h 1m,Approved,5.7,47,,"A young man with financial problems works in the payroll office of a factory. One payday the payroll office is held up by an armed gang, but they miss a sizable amount of money, and only the struggling payroll clerk knows it. He's torn between keeping the much-needed money for himself or doing the right thing and turning it in.",https://www.imdb.com/title/tt0040676/?ref_=sr_i_581
582. La muralla feliz,1948,1h 25m,,5.8,18,,"Old captain retired from the merchant navy, Filiberto Aguirre abandons his career for having well-founded hopes of receiving a large inheritance. But time is passing, the inheritance does not arrive and the economic situation of his family worsens. The cash delivery of a thief may be the solution to his problems.",https://www.imdb.com/title/tt0039640/?ref_=sr_i_582
583. Anjangarh,1948,2h 6m,,,,,,https://www.imdb.com/title/tt0267264/?ref_=sr_i_583
584. Livet på Forsbyholm,1948,1h 26m,,,,,"At Forsbyholm's boarding school, the problem-maker Rutger Von Hake reads. In order for the school to receive government funding, a new teacher comes to the school to solve the problem.",https://www.imdb.com/title/tt0040542/?ref_=sr_i_584
585. Vow,1948,1h 33m,,,,,"Three brothers make a vow on their father's deathbed to be devoted to one another. As each grows into his own way, they struggle to retain their bond as adults.",https://www.imdb.com/title/tt0442506/?ref_=sr_i_585
586. Whirlwind Raiders,1948,54m,Approved,6.8,75,,"The Durango Kid battles a gang of outlaws that trick people by calling themselves the ""Texas State Police.""",https://www.imdb.com/title/tt0040964/?ref_=sr_i_586
587. Big Town Scandal,1948,1h,Approved,5.3,105,,"Steve Wilson, crusading editor of the Big Town's Illustrated Press, with the aid of police-beat reporter Lorelei Kilbourne battles against the core of the city's vice - its young delinquents. He takes five of the worst young offenders and molds them into the town's best basketball team. The leader of the kid gang, Tommy Malone, ties in with two hoodlums and agrees to throw the basketball game.",https://www.imdb.com/title/tt0040162/?ref_=sr_i_587
588. A Gunman Has Escaped,1948,58m,,4.7,124,,Three armed robbers kill a passer-by in a robbery and flee the city.,https://www.imdb.com/title/tt0175693/?ref_=sr_i_588
589. Gángsters contra charros,1948,1h 19m,,5.9,73,,"Gangster Johnny Carmenta must confront the ""Charro of the Slums"" Pancho Domínguez, who has control over the city, but their rivalry gets worse when rumba dancer Rosa befriends both men.",https://www.imdb.com/title/tt0249559/?ref_=sr_i_589
590. Joe Palooka in Winner Take All,1948,1h 4m,Approved,6.5,46,,"The troubles begin for Joe Palooka, the heavyweight champion of the boxing-world, when his manager, Knobby Walsh, receives an anonymous note from a racketeer-group intent on lowering the odds o Joe in his upcoming defense of his title. And he mistakenly believes that a young hoodlum he has befriended has turned against him.",https://www.imdb.com/title/tt0040493/?ref_=sr_i_590
591. The Gallant Blade,1948,1h 21m,Approved,5.5,64,,"1648. French people are relieved: the Thirty Years War is over and they will be able to live in peace. This feeling is shared by General Cadeau, the hero of the war, and his loyal aide, Lieutenant David Picard. But not at all by Marshall of France Mordore, who plans to plunder Spain. Cadeau decides to try to dissuade Mordore from implementing his plan but before meeting him he presents David with his sword dubbed ""the gallant blade"". This wonderful arm as well as David's talent as a swordsman will come handy as Mordore not only will not hear of peace but will prove treacherous as well.",https://www.imdb.com/title/tt0040382/?ref_=sr_i_591
592. It Happened in Soho,1948,52m,,4.5,97,,"Murder drama set in Soho involving a police inspector, a newspaper reporter and a country girl.",https://www.imdb.com/title/tt0178645/?ref_=sr_i_592
593. Black Eagle,1948,1h 16m,Approved,6.7,36,,"Jason Bond hops a ride on a freight-train car, containing a saddled horse, Black Eagle, and some rifles. When the boxcar is placed on a railway siding in a Texas town, Jason meets Ginny Long, the sister of the horse-owner who is missing and has been murdered. The rifles are for a group of horse-ranchers, led by Bengy Laughton, who are being swindled by Frank Hayden. The latter forces Bond to go to work for him by framing him for the murder. When one of Hayden's men, Si, tries to kill Bond, the horse recognizes him as the real murderer and pushes him off a cliff.",https://www.imdb.com/title/tt0040168/?ref_=sr_i_593
594. Kalle Aaltosen morsian,1948,1h 31m,,4.8,51,,,https://www.imdb.com/title/tt0133040/?ref_=sr_i_594
595. El tambor del Bruch,1948,1h 35m,,5.1,21,,"1808. When Napoléon's Armée crosses the Pirinées to invade Spain, the Catalan people are prompt to resist. With much smaller forces, the legend goes that a drummer boy's strategy would be decisive to win the battle at Montserrat mountains.",https://www.imdb.com/title/tt0040860/?ref_=sr_i_595
596. The Ironmaster,1948,,,6.2,12,,"Third French film version of the Georges Ohnet novel: A young noblewoman regrets having to marry the village ironmaster for money reasons, but later comes to appreciate her new husband.",https://www.imdb.com/title/tt0197674/?ref_=sr_i_596
597. The Checkered Coat,1948,1h 6m,,4.8,17,,"Psychiatrist Dr. Michael Madden is visited by a man, Steve ""Creepy"" Bolin, wearing a weird checkered coat, and after Madden learns that Creepy is subject to death-like trances and the fear of being buried alive, Madden concludes Creepy is obviously a psychopath (at least, until a real one comes along) with possible criminal tendencies. When leaving, Creepy tells Madden he is a friend of the doctor's no-good brother Fred, while also throwing a few sinister and leering glances in the direction of Madden's wife Betty. Madden wastes no time in notifying the police to pick up Creepy, evidently on a general nuisance charge of looking like Dorian Gray. But Creepy is also sneaky and eludes the police and, when next seen, he and Fred are robbing the Anson Jewelry store across the street from Dr. Madden's office and he shoots and kills both the owner and his son in the process. Dr. Madden hears the shots and rushes over but is slugged by Creepy and he and no-good Fred carry off Madden in their getaway. The police show up and immediately tab Dr. Madden as the prime suspect based, evidently, on him having an office across the street.",https://www.imdb.com/title/tt0040228/?ref_=sr_i_597
598. Oh Citizens!,1948,1h 9m,,,,,,https://www.imdb.com/title/tt0283591/?ref_=sr_i_598
599. Money Madness,1948,1h 13m,Approved,6.0,383,,"Bank robber Steve hides out in a small town, working as a cab driver. He meets Julie who is caring for her ill aunt. Steve courts her and they eventually marry because he needs a legitmate front with which to launder the loot money.",https://www.imdb.com/title/tt0040604/?ref_=sr_i_599
600. Trail to Laredo,1948,54m,Approved,6.0,52,,"Dan Parks is framed by his partner in their freight hauling company by using assets to smuggle stolen government gold, but T-men Steve Ellison and Smiley Burnette work to expose the real culprits.",https://www.imdb.com/title/tt0040894/?ref_=sr_i_600
601. Au coeur de l'orage,1948,1h 20m,,6.6,33,,"This documentary about WW II, composed of clandestine Allied film takes and German Wochenschaubilder, focuses on the French Resistance, especially the heroic but disastrous battle of the Vercors plateau in July 1944, where German troops mercilessly slaughtered the Maquis and the inhabitants.",https://www.imdb.com/title/tt0242291/?ref_=sr_i_601
602. Beast of the East,1948,1h 18m,,4.4,38,,Recreation of the widespread rapes and murders of Filipina women by Japanese soldiers during WWII.,https://www.imdb.com/title/tt0127049/?ref_=sr_i_602
603. The Enchanted Valley,1948,1h 17m,Approved,6.0,16,,"Timmy, a crippled youngster, and his grandfather live an idyllic existence on a remote farm, where Timmy enjoys the company of many wildlife friends. One night, their peace is disturbed by the arrival of armored car robber Johnny Nelson, his girl friend, Midge Gray, and sidekick, Bugs Mason, who are on the run not only from the police, but from gangster Menelli, who thinks that Johnny has double-crossed him. When Johnny, who intends to use the farm as a hideout until they can arrange to leave the country, passes out, Grandpa removes a bullet from his chest. Later, after Timmy takes them fishing and they meet many of his wildlife companions, Johnny and Midge begin to fall under the spell of the peaceful valley. However, Pretty Boy, one of Menelli's henchmen, finds them and tells Johnny that Menelli wants half of the robbery money. Johnny and Pretty Boy then struggle for possession of a gun, and Pretty Boy is killed. Later, Grandpa is escorted by Midge and Bugs to a nearby village to do some shopping and, upon his return, shows Johnny a poster he found at the post office, announcing a $10,000 reward for his capture. Police Chief Scott, who has been tailing Pretty Boy, comes to the cabin and confronts Johnny, but decides not to arrest him yet as he wants to recover the money, which Johnny has hidden. Later, Scott tells Johnny that Menelli has found out about Pretty Boy and is coming after him, and suggests that if he turns himself in, he may only receive a four-year sentence. Aware that the reward money could be claimed by Grandpa, who has been saving for an operation on Timmy's foot, Johnny agrees to consider this, as both he and Midge have grown fond of the youngster. However, Grandpa has a heart attack while plowing and, before dying, asks Johnny to take care of Timmy. Johnny and Bugs decide to give themselves up, but as they are about to leave, Menelli and his men show up and kill Bugs. Menelli is about to kill Johnny, but is distracted by a bear cub, which he then shoots. After the cub's mother attacks and kills Menelli, Johnny gives himself up. The next day, as Johnny leaves with Scott, Timmy and Midge tell him that they will wait for his return.",https://www.imdb.com/title/tt0040320/?ref_=sr_i_603
604. Stalowe serca,1948,1h 9m,,4.9,14,,"In occupied Silesia, resistance is organizing. In close contact with the miners and led by an engineer, a group of partisans prepare the sabotage of the steel combine. The going will be tough as the place is closely guarded by the Germans. But despite a denunciation from a traitor and several violent deaths, they get going and the operation is a success, but the Red Army is approaching and now the coal production must not be sabotaged anymore. On the contrary, the partisans must prevent the Germans from destroying the steel mill and the coal mine.",https://www.imdb.com/title/tt0040833/?ref_=sr_i_604
605. Manugang at Biyenan,1948,,,,,,,https://www.imdb.com/title/tt37321088/?ref_=sr_i_605
606. Somewhere in Politics,1948,1h 48m,,,,,"Joe Smart is a radio repairman who enters the political arena competing in an upcoming election against his own boss. Joe wins the election, but encounters loads of trouble in the process.",https://www.imdb.com/title/tt0176162/?ref_=sr_i_606
607. Phool Aur Kaante,1948,,,,,,,https://www.imdb.com/title/tt0261173/?ref_=sr_i_607
608. Chaman,1948,,,,,,,https://www.imdb.com/title/tt6151790/?ref_=sr_i_608
609. Sorrows of the Forbidden City,1948,2h,,6.8,75,,"Set in the Qing Dynasty, years of emperor Guangxu. Guangxu feels involuntarily like a puppet because of dowager Cixi's reigning behind the curtain. He wants to support a political reform.",https://www.imdb.com/title/tt0205345/?ref_=sr_i_609
610. Madam Sousou,1948,1h 20m,,7.9,53,,Sousou is a poor Greek woman who behaves like an aristocrat causing trouble to her honest husband and laughs to the people of her neighborhood.,https://www.imdb.com/title/tt0137089/?ref_=sr_i_610
611. Shades of Gray,1948,45m,Approved,6.7,21,,This film is a summary of experience gained in the prevention and treatment of neuropsychiatric cases in World War II.,https://www.imdb.com/title/tt0487171/?ref_=sr_i_611
612. Vozvrashchenie s pobedoy,1948,1h 26m,,5.9,29,,"In July 1941 when German troops invaded Latvia the Soviet army retreated, along with it also the commander of the Latvian army Augusts Grieze.",https://www.imdb.com/title/tt0202664/?ref_=sr_i_612
613. Lal Dupatta,1948,,,7.4,11,,"Kanwar, a young zamindar of Amirpur, who falls for a farmer's daughter named Shobha. When the Manager of Amirpur, who is a close relative of Kanwar and is jealous of his riches and property gets to learn this, he tries creating misunderstandings between Shobha and Kanwar.",https://www.imdb.com/title/tt0141534/?ref_=sr_i_613
614. Métier de fous,1948,1h 30m,,4.9,25,,,https://www.imdb.com/title/tt0197721/?ref_=sr_i_614
615. Le cavalier de Croix-Mort,1948,1h 30m,,,,,"Elisabeth D'Anthar cheats on her husband François with Simon De Chabre.François ,who suspects something,surprises his rival and wounds him.",https://www.imdb.com/title/tt0242352/?ref_=sr_i_615
616. Jang Chuhwa mu-yong,1948,,,,,,A documentary on Korean national dances sponsored by the US Information Service to introduce the United States to contemporary Jang Chuhwa ballet.,https://www.imdb.com/title/tt27882817/?ref_=sr_i_616
617. El gallero,1948,1h 40m,,,,,"In Michoacan in the 1920s, Gabriel, a young farmer and champion cockfighter, finds himself in violent opposition to Roman, who not only wants to beat Gabriel's fighting cock, but to steal Gabriel's wife Rosa.",https://www.imdb.com/title/tt0233769/?ref_=sr_i_617
618. Arche Nora,1948,1h 22m,,7.7,25,,"Best friends Peter and Klaus have made a beached old barge their home. When Klaus saves the life of suicidal Nora, they offer her shelter, and gratefully she takes over their bachelor household. But then her past catches up with her.",https://www.imdb.com/title/tt0040110/?ref_=sr_i_618
619. Dos de la vida airada,1948,1h 30m,,7.3,16,,,https://www.imdb.com/title/tt0223160/?ref_=sr_i_619
620. I cavalieri dalle maschere nere (I beati paoli),1948,1h 28m,,5.5,25,,,https://www.imdb.com/title/tt0039256/?ref_=sr_i_620
621. Cab Calloway Home Movies,1948,1h 10m,Not Rated,6.1,14,,A collection of home movies filmed from 1948-1951 featuring the legendary entertainer Cab Calloway and his wife Nuffie in their home on Long Beach and on their travels across both of the Americas.,https://www.imdb.com/title/tt24441672/?ref_=sr_i_621
622. El último chinaco,1948,1h 31m,,6.7,11,,,https://www.imdb.com/title/tt0233009/?ref_=sr_i_622
623. Morgen ist alles besser,1948,1h 37m,,5.0,8,,"Highschool girl Christiane, an actor wannabe, needs to financially support her hospitalized dad, so sports reporter Thomas lands her a job as a radio performer. Soon radio director Axel and Thomas are both vieing for her attention.",https://www.imdb.com/title/tt0040608/?ref_=sr_i_623
624. A Girl Knew,1948,1h 50m,,3.8,17,,,https://www.imdb.com/title/tt0191615/?ref_=sr_i_624
625. Bohemian Rapture,1948,1h 28m,,,,,,https://www.imdb.com/title/tt0040179/?ref_=sr_i_625
626. La última noche,1948,1h 30m,,,,,,https://www.imdb.com/title/tt0252119/?ref_=sr_i_626
627. La renégate,1948,1h 30m,,,,,"In a small town in Spanish Morocco, old Ricardo, who runs a café, lives with his daughter, Conchita. She believes that Ricardo is her father. In reality, he took her in at the age of eighteen months in a douar abandoned during the conquest. One day a Berber chief, Tamar, sees Conchita, tells her that she is from his tribe and wants to take her away. She rejects it, then accepts later to find that Muslim civilization is incompatible with the Christian training she received. She escapes and succeeds in obtaining forgiveness from Tamar. A French officer from the Intelligence Service offers to collect it.",https://www.imdb.com/title/tt0195213/?ref_=sr_i_627
628. Der Herr Kanzleirat,1948,1h 44m,,6.4,78,,,https://www.imdb.com/title/tt0040433/?ref_=sr_i_628
629. Mughamarat Antar wa Abla,1948,1h 45m,,6.2,40,,"The knight and poet Antar fights for his love, Abla.",https://www.imdb.com/title/tt0040617/?ref_=sr_i_629
630. Amanti senza amore,1948,1h 13m,,6.3,36,,,https://www.imdb.com/title/tt0039149/?ref_=sr_i_630
631. Moruchi Maushi,1948,,,7.6,23,,"Set in the post-Independence era when different sansthans (princely states) of India were being demolished, the play deals with three college friends Moru (Prashant Damle), Bhaiyya (Pradeep Patwardhan) and Bandya (Vijay Chavan). Moru and Bhaiyya are sharing a bungalow they have rented. Moru's aunt, the queen of Kanda Sansthan, is coming visiting. So Moru and Bhaiyya call their girlfriends from their neighborhood to give her company but at the last minute the aunt's visit is cancelled and Bandya, who is playing a female part for a theatre group is coaxed by his two friends to become Moru's aunt. What follows is a fun-filled drama with Bhaiyya's uncle and the girls' uncle proposing to mavshi and the arrival of the real mavshi and her niece who happens to be Bandya's girlfriend.",https://www.imdb.com/title/tt0154900/?ref_=sr_i_631
632. Rubens,1948,45m,,6.9,29,,"This film represents the meeting of art criticism and cinema, 'the complete Rubens' expressed in sound and movement.",https://www.imdb.com/title/tt0041828/?ref_=sr_i_632
"633. Love, Sunshine and Songs",1948,1h 44m,,4.4,50,,"Two photographers from Stockholm go to the west coast on behalf of their employer, who is a swimwear manufacturer. They will look for the season's most beautiful bathing girl, but it will be harder than they think to find the ideal model.",https://www.imdb.com/title/tt0040520/?ref_=sr_i_633
634. Die Zeit mit dir,1948,1h 40m,,8.6,12,,,https://www.imdb.com/title/tt0136623/?ref_=sr_i_634
635. Venus de fuego,1948,1h 45m,,7.4,13,,,https://www.imdb.com/title/tt0252083/?ref_=sr_i_635
636. Scandale,1948,1h 30m,,5.5,25,,,https://www.imdb.com/title/tt0207724/?ref_=sr_i_636
637. King of the Gamblers,1948,1h,Approved,6.1,14,,"At the Pair-O-Dice Club, owner Bernie Dupal correctly ""guesses"" the outcome of a football game he knows to be fixed. Shortly thereafter, Bernie goes to the offices of the Sportsman's Gazette , where editor James F. ""Pop"" Morgan shows Bernie an editorial which he has written denouncing the sports gambling syndicate. Pop and his secretary, Elise Pringle, who are secretly working for the syndicate, express their concern about Pop's adopted son, Dave Fowler, a deputy district attorney crusading against the syndicate. Meanwhile, on board a train, Dave is listening to a radio broadcast of the football game, when one of the players, Speed Lacey, whom Bernie paid to throw the game, begins fighting on the field with teammate Jerry Muller. After their team loses, Jean Lacey, Speed's sister, and Jean's friend, Lorraine, offer Speed their sympathy, but he rushes off to ask Bernie for more money. When Bernie refuses, Speed asks Pop for $10,000 in exchange for evidence against the syndicate, and Pop tells him to return the next day. Meanwhile, Bernie plots to frame Jerry for Speed's murder. Impersonating Jean on the phone, Elise convinces Jerry to come to Speed's home. When he arrives, the two players fight, and Bernie's henchman, Mike Burns, shoots Speed with Jerry's gun. Pop enters and asks Mike to forge a letter from Jerry confessing to the shooting. After Jerry is arrested, Dave instructs his office to postpone the prosecution until he returns to town. After Dave guesses that Jerry has been framed, he goes to the office of district attorney Sam Hyland. There, he tells Pop that he suspects the attorney who has offered to represent Jerry, Earl Lorrenz, is involved with the syndicate. When he resigns from his job to take up Jerry's defense, Pop offers Dave the office next door to his own. At the nightclub, Elise informs Bernie that Dave has decided to take the case. Mike then eavesdrops on Dave and Jean as they talk about the case at Jerry's. After Dave notices Mike through the window, he follows him to Bernie's club. Later, Pop tells Bernie that Dave has become suspicious, and they arrange for Mike to be killed by a hit-and-run driver. After Jerry is sent to jail, Jean remembers that Speed had been working with Pop at the Gazette . When Elise overhears Dave questioning Pop about Speed, she convinces Bernie that she will be called to testify, so that he will buy her a ticket to Chicago immediately. Instead, he sends a henchman to kill her. Meanwhile, Dave discovers that his father has been working with the syndicate. Later, homicide detective Cassidy reports that Elise was found dead, the victim of an apparent suicide. Pop tells Dave that he will attend the trial in order to cover it for the paper. At the trial, Saunders, a ballistics expert, testifies that the bullet taken from Speed's body came from Jerry's gun. Before Dave calls Pop to the stand, he explains to the jury that he owes a lot to Pop, who adopted him when he was orphaned. When Pop confesses everything, Bernie shoots and kills him. At Hyland's office, Dave learns that he will become district attorney after Hyland is promoted by the governor. After Jerry is acquitted, he returns to his football career.",https://www.imdb.com/title/tt0040511/?ref_=sr_i_637
638. Harpoon,1948,1h 23m,Approved,5.0,16,,A tale of feuding and revenge among whalers in Alaska in the late 19th century.,https://www.imdb.com/title/tt0040424/?ref_=sr_i_638
639. María la O,1948,,,6.5,10,,,https://www.imdb.com/title/tt0249787/?ref_=sr_i_639
640. Urubu,1948,1h 6m,Approved,4.6,17,,"Planning to make an expedition into the Matto Grosso jungle, George Breakston and Yorke Coplen fly from Los Angeles to Brazil. Their Brazilian guide is explorer Mike Roginsky. Accompanied by Brazilian natives, Breakston and Coplen search for an English explorer who disappeared in the jungle twenty-five years earlier and is now rumored to be the leader of a group of Indians. Along the way, Coplen wrestles with an alligator. On the river, a native falls into the water and is eaten alive by piranhas. The expedition arrives at a small village, where they meet a white doctor. Although he has no information about the lost explorer, he tells them about a white woman who has been captured by a band of Urubu Indians. Led by the doctor, they rescue the woman, a schoolteacher. When the men are about to leave, they discover the body of a white man dressed in Indian garb. Because he is dead, however, Breakston and Coplen realize they will never know if he is the man for whom they were searching.",https://www.imdb.com/title/tt0040927/?ref_=sr_i_640
641. Sotlugg och Linlugg,1948,50m,,4.9,16,,,https://www.imdb.com/title/tt7678374/?ref_=sr_i_641
642. Chakradhari,1948,,,,,,,https://www.imdb.com/title/tt1492764/?ref_=sr_i_642
643. Siete Dolores,1948,,,,,,,https://www.imdb.com/title/tt0475724/?ref_=sr_i_643
644. Night Wind,1948,1h 8m,Approved,,,,"During World War Two,Big Dan (Flame) is a K-9 dog trained in warfare, and his American soldier mast is killed by the Germans. Years later, three men show up at a hunting lodge in America, where Big Dan is a pet of the young son of the lodge-owners. One of the men is wearing a trench coat worn by the his former master's killer. Big Dan attacks the man, who is revealed as a Nazi agent, spying on a nearby Atomic project.",https://www.imdb.com/title/tt0040645/?ref_=sr_i_644
645. Daedoshi,1948,,,,,,A young millionaire and his close friend fall in love with the same woman and compete fiercely for her affection while trying to maintain their friendship.,https://www.imdb.com/title/tt0381117/?ref_=sr_i_645
646. Nikutai no mon,1948,1h 31m,,,,,,https://www.imdb.com/title/tt0317947/?ref_=sr_i_646
647. La rubia Mireya,1948,1h 21m,,8.4,17,,"The misadventures of a woman who is unhappily married, divorced and rejected by her daughter.",https://www.imdb.com/title/tt0040749/?ref_=sr_i_647
648. Bob and Sally,1948,1h 11m,,6.2,15,,,https://www.imdb.com/title/tt0040177/?ref_=sr_i_648
649. Chemie und Liebe,1948,1h 38m,,5.8,17,,A chemist and his assistant make a groundbreaking discovery. They manage to make butter directly from pasture grass without having to deal with either the cow or the use of dairy products. An industrialist attempts to seize the invention.,https://www.imdb.com/title/tt0236097/?ref_=sr_i_649
650. Pugree,1948,,,7.2,8,,,https://www.imdb.com/title/tt5295386/?ref_=sr_i_650
651. The Flamingo Affair,1948,58m,,5.4,10,,,https://www.imdb.com/title/tt0150580/?ref_=sr_i_651
652. Mary Lou,1948,1h 5m,Approved,,,,"Airline hostess Ann Parker is fired for being undignified when she sang to calm the passengers during a storm. Mike Connors, publicity man for Frankie Carle's orchestra, invites her to try out as the band's vocalist since the regular singer, Mary Lou, had just quit the band on the eve of an engagement at a swanky New York night club. Encouraged by her boyfriend, Steve Roberts, Ann lands the job and assumes the name of ""Mary Lou"", a trademark almost for Frankie Carle singers. But the departed Mary Lou shows up and threatens to sue if she is not rehired. Ann returns to her former job. Meanwhile, Steve locates the woman who was the original Mary Lou with the band, and urges Mike to keep the current Mary Lou off the bandstand until he can return with Ann.",https://www.imdb.com/title/tt0039613/?ref_=sr_i_652
653. Shahnaz,1948,,,,,,,https://www.imdb.com/title/tt0448748/?ref_=sr_i_653
654. Fatat men Falastin,1948,1h 22m,,,,,"During an air strike, the plane of an Egyptian pilot officer who is used to defend the Palestinian land against the Zionist enemy crashes in a Palestinian village. The Palestinian Salma finds him injured in the foot. She hosts him in her house and works to heal his wounds, bringing the Egyptian and Palestinian hearts closer. Then the film exposes the the stories of the Palestinian guerrillas who prefer to die against the Zionist occupation. Then we know that Salma's house is only a center for the guerrilla fighters. The Egyptian pilot admires the girl Salma and her courage until they exchange love and get married in a Palestinian wedding ordained by the fighters in the traditional Palestinian way. The Egyptian pilot returns to finish his studies in defending his girl, Palestine.",https://www.imdb.com/title/tt0303997/?ref_=sr_i_654
655. Budda,1948,,,,,,,https://www.imdb.com/title/tt0420173/?ref_=sr_i_655
656. Rambaan,1948,,,,,,,https://www.imdb.com/title/tt0156932/?ref_=sr_i_656
657. 1948 French Grand Prix,1948,,,,,,,https://www.imdb.com/title/tt9008144/?ref_=sr_i_657
658. Racing Luck,1948,1h 6m,Approved,,,,"Brother and sister ""Boots"" Warren and Phyllis Warren inherit two race horses. One of the horses is claimed by a rival horse-owner, Jeff Stuart, when it wins a claiming race at Santa Anita. Then Stuart learns that the horse will not run without its former stablemate. But neither Stuart nor the Warrens want to give up their respective horses. It is finally agreed that both horses will be entered in the same race, and the winning owner will gain possession of both horses. The only complication is that Phyllis has fallen in love with Stuart.",https://www.imdb.com/title/tt0126630/?ref_=sr_i_658
659. Sa Tokyo ikinasal,1948,,,,,,,https://www.imdb.com/title/tt0442461/?ref_=sr_i_659
660. Gnanasoundari,1948,,,,,,,https://www.imdb.com/title/tt0245135/?ref_=sr_i_660
661. Xiang si zhai,1948,,,,,,,https://www.imdb.com/title/tt1003212/?ref_=sr_i_661
662. Hin und her,1948,1h 27m,,,,,,https://www.imdb.com/title/tt0122532/?ref_=sr_i_662
663. Sazae-san: Nanakorobi-yaoki no maki,1948,53m,,,,,,https://www.imdb.com/title/tt0468106/?ref_=sr_i_663
664. Deadline,1948,57m,Approved,7.1,39,,"A Pony Express rider discovers some mysterious goings-on during the construction of a telegraph line. When a murder is committed, he is blamed for it.",https://www.imdb.com/title/tt0040278/?ref_=sr_i_664
665. På dessa skuldror,1948,1h 43m,,5.3,36,,Kjell Loväng returns to his parent's farm after a few years of work in Stockholm. He discovers that his father Arvid neglects the farm and spends too much time drinking and meeting other women. Kjell has to prove to his father his ability to manage the farm.,https://www.imdb.com/title/tt0040716/?ref_=sr_i_665
666. Raja Mukthi,1948,,,8.5,13,,"King Rajendra Varman and Queen Mrinalini are reigning the Vyjayanti empire. Mahendra Varman is the rival and the neighbouring king. Kannika is the minister's daughter, who is in love with King Rajendra Varman and aims to attain him at any cost. This convoluted tale of palace intrigue, suspicion, unreciprocated love, seduction, villainy and piety was interspersed with excellent music.",https://www.imdb.com/title/tt0158138/?ref_=sr_i_666
667. Aventuras de don Juan de Mairena,1948,1h 53m,,4.9,25,,"During King Fernando's reign an Andalusian gentleman adventures as much with bulls as with women, and also politically joining the liberal cause against the absolutist King.",https://www.imdb.com/title/tt0040139/?ref_=sr_i_667
668. El deseo,1948,,,6.5,9,,,https://www.imdb.com/title/tt0130613/?ref_=sr_i_668
669. Une mort sans importance,1948,1h 20m,,5.1,13,,"To delay his own death, Gervais makes a pact with the Grim Reaper: he must choose a member of the corrupt Duvernay family to die. Disgusted by the family's greed and crimes, he makes a tragic choice to save a pure soul from their infamy.",https://www.imdb.com/title/tt0447508/?ref_=sr_i_669
670. Fogo na Canjica,1948,,,4.1,10,,,https://www.imdb.com/title/tt0180701/?ref_=sr_i_670
671. Pista sa nayon,1948,,,,,,A story about two sisters who were saved from a carriage mishap by two men during a town festival.,https://www.imdb.com/title/tt0442413/?ref_=sr_i_671
672. Fath Masr,1948,,,,,,"The film deals with a historical era in which the Egyptian people were suffering various types of torment and extermination at the hands of the Romans and idolators, and it also presents the salvation that was carried out in the harmony of the Muslim army with the Christians, where the cloud of the Romans and the destruction they left.",https://www.imdb.com/title/tt0299871/?ref_=sr_i_672
673. 24 na pag-ibig,1948,,,,,,,https://www.imdb.com/title/tt1330553/?ref_=sr_i_673
674. Bichon,1948,1h 20m,,,,,"Augustin, the bashful but model secretary of Fontange,a tyrannical industrialist, is desperately in love with Christiane,his boss's daughter. Of course Daddy will never allow. On the contrary he wants to force his daughter to marry his business partner, a single man, whose money would be a welcome help. To escape such an unfortunate lot, Christiane must find a subterfuge. The solution is Bichon, the baby that Jacques, her younger brother, is supposed to have had from a certain Loulou. By claiming that the baby is hers and that Augustin is the father, she hopes to compel her father not to marry a man she does not love...",https://www.imdb.com/title/tt0188451/?ref_=sr_i_674
675. Omokage,1948,1h 36m,,6.7,42,,"During his summer holiday, Kawasaki Ryuichi (Ryuzaki Ichiro), a handsome engineer in his late twenties, visits his teacher and mentor, Professor Inagaki (Sugai Ichiro), at his seaside home. There he meets the professor's lovely young wife, Sachiko (Hamada Yuriko), and is unsettled by the striking resemblance she bears to his wife, who died three years earlier. Attracted to Sachiko, he does his best to hide his feelings. The couple, however, senses a deep-seated melancholy in him. Attributing it to the loss of his wife, they urge him to marry their niece, Kaoru, but he is not interested. Shortly after, Fumiko , Sachiko's older sister, realizes that Sachiko and Kawasaki have feelings for each other, but she keeps her counsel. One day Kawasaki, Sachiko, and Kaoru go boating when a storm forces them to stay overnight at a hotel. Unable to sleep, Kawasaki takes a walk along the beach where he finds Sachiko, also unable to sleep. He declares his love for her.",https://www.imdb.com/title/tt0040663/?ref_=sr_i_675
676. É com Este Que Eu Vou,1948,1h 37m,,7.1,28,,,https://www.imdb.com/title/tt0182061/?ref_=sr_i_676
677. Flottans kavaljerer,1948,1h 39m,,5.9,52,,"Conrad Crusenhielm is a Count who is engaged to be married to Margareta. During his bachelor party he is hit on the head and loses his memory. Deserting Marine private Karlsson beats him up and changes clothes with him and makes it look like Conrad Crusenhielm has been murdered. Some other marines find Conrad and, since he is dressed like a Marine, they think he is the Marine 325 Karlsson, and he can't prove he isn't since he lost his memory. During a voyage to a foreign country, he must be taught everything about being a Marine, including not to speak snobbishly. During the voyage, he encounters many events, particularly the Corsican girl Lucretia, whom he will not be able to explain to his fiancée Margareta, if he would regain his memory.",https://www.imdb.com/title/tt0040360/?ref_=sr_i_677
678. Sydämeni laulu,1948,1h 28m,,6.2,29,,,https://www.imdb.com/title/tt0138845/?ref_=sr_i_678
679. Intimitäten,1948,1h 13m,,7.9,16,,,https://www.imdb.com/title/tt0036958/?ref_=sr_i_679
680. Émile l'Africain,1948,1h 25m,,4.8,48,,"Emile Boulard is a props man in a Paris movie studio. He has a wife, Suzanne. Or to be more accurate, let's say he HAD a wife since she left him fifteen years before, allegedly ... to go buy a post stamp. But now that their daughter Martine , who lives with her, is old enough to marry, she resurfaces. She confesses that, in order to explain his absence, she has told Martine her father was a great explorer and lion hunter in Africa. Not to disappoint his daughter, Emile accepts to pose as the adventurer he is supposed to be. At the same time he will help Daniel, Martine's bashful fiancé, not to become a henpecked husband like him.",https://www.imdb.com/title/tt0170859/?ref_=sr_i_680
681. No te dejaré nunca,1948,,,,,,,https://www.imdb.com/title/tt0249845/?ref_=sr_i_681
682. Adithan Kanavu,1948,,,,,,,https://www.imdb.com/title/tt0388682/?ref_=sr_i_682
683. Bhagya Rekha,1948,,,,,,,https://www.imdb.com/title/tt0154219/?ref_=sr_i_683
684. Die Söhne des Herrn Gaspary,1948,1h 33m,,,,,"In 1933, a family is divided when the father and one son emigrate to democratic Switzerland while the mother and other son remain in Nazi Germany. The two branches of the family develop along very different paths.",https://www.imdb.com/title/tt0136553/?ref_=sr_i_684
685. The Clouded Crystal,1948,57m,,,,,,https://www.imdb.com/title/tt0040238/?ref_=sr_i_685
686. First Opera Film Festival,1948,1h 30m,,,,,"Summarized versions of four operas; William Tell, Marriage of Figaro, Don Pasquale, and Carmen.",https://www.imdb.com/title/tt0240504/?ref_=sr_i_686
687. Pisau berachun,1948,,,,,,,https://www.imdb.com/title/tt0922556/?ref_=sr_i_687
688. Sinister Journey,1948,59m,Approved,6.5,184,,Lee Garvin has eloped with the daughter of a railroad man who didn't approve of the marriage. Hoppy steps in when the young man is framed for murder.,https://www.imdb.com/title/tt0040793/?ref_=sr_i_688
689. Killer Diller,1948,1h 13m,,5.6,174,,An all-Black comedy and dance revue with stars of stage and screen.,https://www.imdb.com/title/tt0040508/?ref_=sr_i_689
690. Cartas marcadas,1948,1h 32m,,7.6,82,,"A tale of intrigue and deceit concerning two young lovers who, despite the fact that their relationship was originally founded on greed, soon discover that their feelings for one and other have grown more genuine than they ever expected.",https://www.imdb.com/title/tt0039246/?ref_=sr_i_690
"691. 100,000 Pounds",1948,1h 19m,,5.9,68,,"When his niece is left an orphan, but with a dowry of 100,000 pounds, a stingy businessman persuades his partner to marry her, in order to earn half of it himself.",https://www.imdb.com/title/tt0136686/?ref_=sr_i_691
692. Let's Live Again,1948,1h 7m,Approved,5.9,68,,"The brother of a nuclear scientist dies, but is reincarnated as a dog so he can return to Earth to protect his brother.",https://www.imdb.com/title/tt0174866/?ref_=sr_i_692
693. Angels' Alley,1948,1h 7m,Approved,6.0,300,,"Slip invites his cousin Jimmy to stay with his family after he is released from prison. However, Jimmy soon gets mixed up with an auto-theft ring. While trying to help Jimmy get out of the gang, Slip is implicated in a warehouse break-in that was actually committed by Jimmy and the auto theft ring.",https://www.imdb.com/title/tt0040097/?ref_=sr_i_693
694. Soldat Bom,1948,1h 29m,,6.2,278,,"The station-master Fabian Bom is a very meticulous person, and he makes sure that the train leaves exactly - on the second. To him, nothing could be more important than duty, efficiency and punctuality, in fact, his sense of duty is clearly perverted. His beloved Plum-Plum, the major's daughter, is infatuated with army officers. To regain her attention, he joins the army. Bom becomes a soldier who loves the military training, long marches as well as hard labour as punishment. He meets Agnes, who falls madly in love with him.",https://www.imdb.com/title/tt0040816/?ref_=sr_i_694
695. Sati Vijay,1948,,,,,,,https://www.imdb.com/title/tt0427816/?ref_=sr_i_695
696. The Lame Devil,1948,2h 5m,,6.9,305,,"From the late 18th thru the early 19th century Talleyrand, known for his skill at compromise, serves 6 regimes.A George Arliss style vehicle gave Guitry, accused of opportunism during the Occupation, a chance to defend himself.",https://www.imdb.com/title/tt0040288/?ref_=sr_i_696
697. Dance of Death,1948,1h 28m,,6.1,83,,A sinister fortress on an island where the sun never seems to shine. An officer whose values have long gone a thing of the past.,https://www.imdb.com/title/tt0039731/?ref_=sr_i_697
698. Adventures of Casanova,1948,1h 23m,Approved,6.3,75,,"After Palermo falls in 1793, a notorious ladies man joins the underground resistance movement--but still finds time for the ladies.",https://www.imdb.com/title/tt0040075/?ref_=sr_i_698
699. El marqués de Salamanca,1948,1h 33m,,6.0,52,,Biographic film about José de Salamanca,https://www.imdb.com/title/tt0040573/?ref_=sr_i_699
700. De pecado en pecado,1948,1h 25m,,,,,"This post-World War II drama, (released to a world-wide audience on July 9, 1949), is definitively unique for the caliber of each of its contributing writers, who are clearly better-known for their cinematic talents in black and white . For instance, the film's Director Chano Urueta ( who became an acclaimed actor in his own right), actually co-wrote the script along with one of its principal actresses, namely Esther Fernandez, as well as adding in the literary abilities of a well-known movie-producer of the era named Luis Marique. As such, its is somewhat ironic the final co- writer who contributed to this joint-effort was actually its only full-time, professional writer, (and best-selling Novelist at the time), author Jose Maria Carretero. In fact, by all accounts, the original idea for this movie was loosely based on his book, entitled ""El Caballero Audaz"" . It is also interesting to note that in this particular film, it was decided that actor Jose Pulido's singing voice was to be uncharacteristically ""dubbed-over"" and replaced by that of falsetto crooner Miguel Aceves Mejia, who is credited as ""the voice"" but does not otherwise visually appear on film at an.y time during this 1 hour and 25 minute movie.",https://www.imdb.com/title/tt0223117/?ref_=sr_i_700
701. The Affair Blum,1948,1h 49m,,7.4,146,,"This early postwar suspense story, based on a well-known 1926 murder trial with Dreyfus-like overtones also represents an East German reflection on Nazism. Dr. Blum, a Jewish manufacturer living in Germany, is falsely accused of killing his booker. Even when the real killer's identity becomes evident, the state prosecutor refuses to accept Blum's innocence. The film explores German reaction to the trial and investigates the relationship between the legal system, antisemitism, and fascism, providing insight into the historical context that allowed Nazism to flourish.",https://www.imdb.com/title/tt0040079/?ref_=sr_i_701
702. Gun Smugglers,1948,1h 1m,Approved,6.0,180,,"Young Danny leads an Army detail into a trap enabling his brother Steve and his gang to capture their load of gattling guns. Tim and Chito capture the brothers but don't find the guns. Tim takes over care of the boy hoping he will lead a new life and tell where the guns are located. Just when is appears to be working, Tim learns Danny has helped his brother escape.",https://www.imdb.com/title/tt0040409/?ref_=sr_i_702
703. L'ebreo errante,1948,1h 37m,,6.5,77,,"Matthew, a rich nationalist Jew and a contemporary of Jesus, regards the latter as an obstacle in this struggle to free their people from the Roman yoke by means of revolt. He incites the people against Jesus and prevents his own wife, a true Christian in her heart, from offering the Redeemer a drink of water at his crucifixion on Golgotha. For this act Matthew is condemned to wander eternally on the earth with every rest denied to him, even that of the grave. We go forward to Paris in 1940. Matthew, miraculously still alive, is now the young banker Matthew Blumenthal. Rich and powerful, it would be easy to escape from Nazi persecution, but he chooses not to do so. He wishes to share the lot of his fellow Jews and, with many others, is despatched to Germany and detained in a concentration camp where everyone is brutally ill-treated. Being young, robust and full of energy, he does not resign himself to the situation, but succeeds in organizing a rebellion and flees with several comrades. He manages to reach safety, but when he learns that a hundred hostages will be killed if he does not return to captivity, he surrenders voluntarily and undergoes martyrdom, whereupon the curse of the Wandering Jew is finally lifted.",https://www.imdb.com/title/tt0039348/?ref_=sr_i_703
704. Secret Service Investigator,1948,1h,Approved,6.0,65,,A returning war hero who looks like a forger gets mixed up with gangsters and the Secret Service.,https://www.imdb.com/title/tt0040768/?ref_=sr_i_704
705. Leather Gloves,1948,1h 15m,Approved,7.5,18,,"A man's social and ethical regeneration after his downfall from a successful boxing career. In a small town he meets two romantic interests, an innocent young thing engaged to the local boxing champion, and a wealthy widow.",https://www.imdb.com/title/tt0040531/?ref_=sr_i_705
706. Les casse-pieds,1948,1h 11m,Approved,6.5,110,,"A series of vignettes, in which Noel-Noel appears as the moderator, lecturer, commentator and leading actor, that examine the bores and pests of everyday life much like Pete Smith and Robert Benchley had done for years in American short subjects. Among those are the Practical Joker who will do anything for a laugh; the Party Entertainer who never stops singing; the Talkative Neigbor who forgets the time; the noisy neighbors who dance the tango all night; and women drivers, people who telephone at meal time, the friend you never saw before and amatuer medical experts. Much use of trick photography, montages, puppets and animation along with some adult Gallic wit and gentle satire. The title was changed to ""The Spice of Life"" when it was released in the USA in 1953.",https://www.imdb.com/title/tt0040215/?ref_=sr_i_706
707. Chandralekha,1948,3h 13m,,7.3,80,,"The two brothers named Veerasimhan and Sasankan, who fight with each other over ruling their father's kingdom and for marrying the village dancer Chandralekha.",https://www.imdb.com/title/tt0361434/?ref_=sr_i_707
708. Le dessous des cartes,1948,1h 26m,,6.1,87,,"A banker responsible for a financial crisis dies, and his death is covered up.",https://www.imdb.com/title/tt0154395/?ref_=sr_i_708
709. People in the Summer Night,1948,1h 6m,,6.6,260,,"A visual poem based on a story by Nobel laureate F.E. Sillanpää. The fates of various characters become interlaced over a long and light-filled summer night in the Finnish countryside. Lumberjacks, a deer-eyed young man Nokia, a family of poor farmers, a young girl and her lover... New life is born, old life dies, man is slain in his prime, and his widow continues her life.",https://www.imdb.com/title/tt0040465/?ref_=sr_i_709
710. Horror Maniacs,1948,1h 20m,,5.1,273,,"A story of body snatchers in Edinburgh, based on Burke and Hare.",https://www.imdb.com/title/tt0040401/?ref_=sr_i_710
711. Stage Struck,1948,1h 11m,Approved,5.5,209,,"The police find the body of hostess Helen Howard (Wanda McKay), disposed of by petty racketeer Nick Mantee (Kane Richmond) after she was shot in his Bluejay night club by Benny Nordick (John Gallaudet) because she knew too much about Mantee's rackets. Police Lieutenant Williams (Conrad Nagel) and police Sergeant Tom Ramey (Ralph Byrd) inform the dead girl's parents and sister Nancy (Audrey Long) of the run-away's death. Nancy, inpatient waiting for the police to get a solid case together, signs with the Mercer Agency operated by Nordick, training girls for an excessive sum which they work off as hostesses at the Bluejay Club. Nancy becomes a hostess at the club and after a party for Latin-American night club owner Barda (Anthony Warde), she uncovers evidence that places Helen at the club. She accuses Nick and Benny of the murder and the two mobsters realize they must do away with her.",https://www.imdb.com/title/tt0040832/?ref_=sr_i_711
712. The Vicious Circle,1948,1h 17m,Approved,5.7,127,,"An Hungarian baron discovers oil deposits under properties owned by villagers. He convinces all the property owners to sell to him, except for a few owned by Jewish families. Infuriated, he frames the villagers for murder.",https://www.imdb.com/title/tt0040941/?ref_=sr_i_712
713. Dueña y señora,1948,1h 29m,,7.3,26,,An old maid who controls the house of a widower and his children has an important secret.,https://www.imdb.com/title/tt0154433/?ref_=sr_i_713
714. Joe Palooka in Fighting Mad,1948,1h 14m,Approved,6.2,35,,"Joe Palooka goes blind during a fight. An operation restores his vision, but he's told not to fight for a year. His trainer Knobby has picked up another fighter, but gangsters are pressing him to fix fights. Joe decides to risk his eyesight to save Knobby's honor.",https://www.imdb.com/title/tt0040492/?ref_=sr_i_714
715. A Piece of Cake,1948,46m,,5.2,87,,A mysterious stranger magics up luxuries in rationing-ravaged Britain.,https://www.imdb.com/title/tt0038844/?ref_=sr_i_715
716. Western Heritage,1948,1h 1m,Approved,5.9,170,,"A man with a Spanish land grant upsets a small town, so Ross and Chito set out to find the truth.",https://www.imdb.com/title/tt0040956/?ref_=sr_i_716
717. Lang ist der Weg,1948,1h 17m,,7.4,67,,"Written by Israel Becker, this is the first feature film to represent the Holocaust from a Jewish perspective. Shot on location at Landsberg, the largest DP camp in U.S.-occupied Germany, and mixing neorealist and expressionist styles, the film follows a Polish Jew and his family from pre-war Warsaw through Auschwitz and the DP camps.",https://www.imdb.com/title/tt0040527/?ref_=sr_i_717
718. Chandra,1948,3h 27m,,7.4,47,,Two brothers fight with each other for their father's kingdom and also for marrying a dancer.,https://www.imdb.com/title/tt0040225/?ref_=sr_i_718
719. Smart Politics,1948,1h 5m,Approved,7.0,34,,"The growth of juvenile crime in a small town starts a movement for the building of a youth center. The project leaders discuss with the town mayor Phineas Wharton Sr. about buying an old warehouse from the city and rebuilding it as the Center. However, the mayor has plans to buy it himself for another project from which he would profit. Freddie Trimball, Dodie Rogers, Lee Watson, Betty Rogers, Roy Donne, and Monogram's other non-delinquent juveniles, now attending San Juan Junior College, think otherwise, and while the mayor does buy the warehouse, he is forced to donate it to the Youth Center committee.",https://www.imdb.com/title/tt0040803/?ref_=sr_i_719
720. El cuarto mandamiento,1948,1h 30m,,7.0,21,,,https://www.imdb.com/title/tt0251648/?ref_=sr_i_720
721. Glamour Girl,1948,1h 8m,Approved,6.3,28,,"The marriage of Ray Royle (Jack Leonard) to recording company talent scout Lorraine (Virginia Grey) ends in divorce after she tries to dictate both his personal and professional life. Her boss, T. J. Hopkins (Pierre Watkin) sends her to Memphis to sign a trio he admires. En route, she is forced to spend the night at a farmhouse where she hears Jennie Higgins (Susan Reed) sing folk songs and play the zither. Sensing that she would be a recording sensation, Lorraine takes Jennie back to New York without signing the trio. Higgins is furious and refuses to hear Jennie, so Lorraine and employees Johnny Evans (Michael Duane) and Buddy Butterfield ('Jimmy Lloyd') quit and start their own small record company. Johnny tells Lorraine they need a bigger name for their initial record, so Lorraine gets her ex-husband Ray arrange to have Jennie sing at the night club where he and Gene Krupa (Gene Krupa) and his Orchestra are appearing.",https://www.imdb.com/title/tt0040392/?ref_=sr_i_721
722. Arthur Takes Over,1948,1h 3m,Approved,5.5,40,,"A young girl from a rich family hides from them her marriage to a sailor, knowing they wouldn't approve. Complications arise when her mother announces plans to marry her off to a wealthy young suitor.",https://www.imdb.com/title/tt0040118/?ref_=sr_i_722
723. Janne Vängmans bravader,1948,1h 24m,,4.3,20,,Janne Vängman is heavy drinker who always stands up for the poor and oppressed.,https://www.imdb.com/title/tt0040485/?ref_=sr_i_723
724. Impasse des deux anges,1948,1h 25m,,6.6,228,,"Stage actress Marianne has decided to give up her career to marry wealthy nobleman Marquis Antoine de Fontaines. As a wedding present, Antoine gives his future wife a precious diamond necklace, which is coveted by a gang of crooks. Jean, one of them, is given the mission to approach Marianne and steal the necklace from her. The only trouble is that when he meets her, she recognizes him as the man she once loved.",https://www.imdb.com/title/tt0040467/?ref_=sr_i_724
725. The Train Goes East,1948,1h 33m,,6.9,140,,"On the evening of May 9, 1945, when Moscow is noisily and cheerfully celebrating the Victory Day, a young girl agronomist Zina Sokolova and a sailor officer Lavrentyev meet in the compartment of the Moscow-Vladivostok train. The sailor takes the lively, direct character of the girl for windiness and frivolity. Sokolova also reacted frowningly and mockingly to the satellite. To get to know each other better, travelers are helped by nuisance: they are behind the train, and the rest of the way they are together, getting to know people and the life of the country along the way.",https://www.imdb.com/title/tt0041755/?ref_=sr_i_725
726. Range Renegades,1948,54m,Approved,6.6,33,,"After Marshal Jordan is honored by Jimmy, Cannonball and others for his forty years as a law officer, the Sawyer mine is blown up by Belle's foreman, Kern, following Sawyer's refusal to sell out. Dan Jordan, the Marshal's son, interested in Belle, secretly the head of the outlaws, is lured by her from scouting the road on which his father guards a ore shipment. Jimmy and Cannonball drive off the outlaws, headed by Kern and Burton, but the Marshal is fatally wounded. The town council appoints Jimmy the new Marshal, which disappoints Dan, but Belle persuades him to become Jimmy's deputy, in order to get information from him about ore and payroll shipments. Dan quits as deputy and fights Jimmy when the latter suspects Belle of involvement in the robberies.",https://www.imdb.com/title/tt0163174/?ref_=sr_i_726
727. Perilous Waters,1948,1h 6m,Approved,5.5,19,,"U.S. Navy veteran Willie Hunter returns home to find that he is jobless. He soon finds temporary employment, however, when Slade, known as ""The Boss,"" hires him to kill reform-minded newspaper publisher Dana Ferris for $10,000. To get close to Dana, Willie takes a job as an electrician on the Mexico-bound yacht on which Dana will be sailing. Before leaving port, Willie meets Dana's wife, Jenny Ferris, and his glib daughter Pat, who are brought on board by Carter Larkin. Pat is attracted to Willie and makes her best attempt to seduce him, but he shows no interest in her. While waiting for an opportunity to kill Dana, Willie overhears Larkin trying to blackmail Judy Gage, Dana's secretary, by threatening to expose her involvement in a fake securities scheme. Willie orders Larkin to leave Judy alone, after which Judy confides in Willie that she has been indicted in the past and was used as a decoy in another scheme. Judy and Willie soon fall in love, and Willie later overhears Larkin arguing with Dana about the fake securities Larkin tried to sell him. One evening, Dana is thrown overboard by an unseen assailant, and Willie dives into the water to save him. While recovering from the attack, Dana is visited by his wife, but he throws her out when she accuses him of having an affair with Judy. When Judy finds Willie sharing a dance with Pat, she warns Pat privately to keep away from him. Pat, however, tells Judy that she is merely toying with the naive Willie and that she has no romantic interest in him. Now fearing for his safety, Dana offers Willie a job as his bodyguard, and Willie accepts. One night, Willie sneaks into Dana's cabin with a gun, but is caught in the act by Dana. Willie refuses to tell Dana who hired him, but Dana decides to let him go nevertheless. After bidding farewell to Judy, Willie is prevented from leaving the yacht by Pat, who tries in vain to seduce him again. As revenge for the rejection, Pat calls the captain and orders him to detain Willie on trumped-up charges of theft. Willie escapes, however, by jumping overboard and swimming to the Mexican shore. On land, he meets a fisherman, who gives him a place to stay. Two of Slade's men then show up in Mexico to check on Willie's ""assignment,"" but Willie lies to them, telling them that he killed Dana. While one of the gunmen checks on Dana, the other stays behind to keep an eye on Willie. Judy eventually finds Willie and tells him that Slade has been arrested, but he tells her that it is too late because the gunmen will kill him the moment they find out Dana is still alive. With Judy's help, Willie manages to overpower the gunmen and kill them. After he takes Judy back to the yacht, Willie promises to go straight and stay on as Dana's electrician.",https://www.imdb.com/title/tt0039489/?ref_=sr_i_727
728. Maridos modernos,1948,1h 25m,,5.7,13,,,https://www.imdb.com/title/tt0319824/?ref_=sr_i_728
729. Banketten,1948,1h 46m,,6.9,242,,"Jacob Cotten is a rich banker quickly approaching his 60th birthday. He is concerned that neither of his sons are willing or able to be in charge of the bank. One is a spoiled parasite unable to do an honest day's work; the other has devoted his life to the communist youth club. Meanwhile, his beloved daughter Vica is unable to divorce her masochistic husband and gets herself a lover, an idealistic young medical student.",https://www.imdb.com/title/tt0040148/?ref_=sr_i_729
730. Ruy Blas,1948,1h 33m,,6.3,180,,"Exiled from the court of Spain, Don Salluste, the chief of police, wants to take revenge on the Queen. One day he meets Ruy Blas, a young student who happens to be a lookalike of Don Cesar, his nephew. Salluste disguises Ruy Blas and presents him as Don Cesar. It doesn't take long before Ruy Blas, intelligent, virtuous and generous as he is becomes popular and the Queen, who has fallen in love with him, appoints him Prime Minister. All seems for the best in the best of worlds but Salluste has not forgotten his revenge, far from that ...",https://www.imdb.com/title/tt0039792/?ref_=sr_i_730
731. La calle sin sol,1948,1h 35m,,6.7,135,,"Mauricio is a Frenchman who arrived in Barcelona fleeing from justice. He takes refuge in a pension in Chinatown (today called Raval) and falls in love with Pilar, the niece of the owner. Soon after, a murder is committed in the neighborhood and Mauricio, whose past is dark enough, it becomes the prime suspect.",https://www.imdb.com/title/tt0040204/?ref_=sr_i_731
732. Those Who Came Back,1948,1h 18m,Not Rated,6.2,75,,"A small disparate group of people are aboard a multi-day, multi-stop flight from Mexico City to Buenos Aires. Beyond the crew of pilot, Roberto Beltrán, a loner, his co-pilot Carlos Cervantes who is always looking for love, and Paco the flight steward, the passengers are: spoiled and rich Jorge Mancera and his innocent fiancée Margarita Téllez, who are posing as a businessman and his secretary but who are really running away to elope in Venezuela; elderly Marta Ortos and her henpecked husband, Professor Enrique Ortos, a botanist and anthropologist, the two who probably only have stayed married for as long as they have out of inertia; ""Pibe"", a young adolescent boy who is traveling with his male nanny, Pedro, ahead of the boy's professional polo playing father who will join them in Buenos Aires on a later flight; Lucy Alcázar, who most of the other passengers believe to be a trollop as a young woman traveling alone; and Sr. Ibáñez, a bounty hunter, who is transporting Sr. Vázquez, a bank robber and murderer, back to Argentina, the country of the crimes, so that Ibáñez can collect his reward and Vázquez face certain execution. On the second leg of the flight, the plane is thrown far off course in a tropical storm, and combined with mechanical difficulties, they are forced to crash land somewhere in the jungle. Those that live through the crash have to band together for their survival, they needing to figure out if the natural order of their civilized lives applies in who will do what, most specifically who will make the important decisions. The plane may be repairable, but as time progresses and they learn of certain hazards in the area, they will have to make some difficult decisions in this matter, and in matters that may affect life or will affect certain death.",https://www.imdb.com/title/tt0179948/?ref_=sr_i_732
733. Wege im Zwielicht,1948,1h 30m,,7.9,43,,"Three homeless youths commit petty crimes to get by in the difficult time just after the end of WW2 in Germany. When they become suspects in a murder case, a witness of the events comes forward with evidence that they are innocent of the crime. He offers them a chance to break with their ways and make a new beginning in his village, not knowing what this will ultimately cost him.",https://www.imdb.com/title/tt0040953/?ref_=sr_i_733
734. The Decision of Christopher Blake,1948,1h 15m,Approved,5.5,80,,"Evelyn and Ken Blake are about to break up their marriage and get a divorce. While she still loves him, she can not forgive his infidelity. Their son, 12-year-old Christopher, is hurt and confused. The divorce suit goes to court and Ted must choose which of his parents he wants to stay with, and is unable to decide.",https://www.imdb.com/title/tt0040280/?ref_=sr_i_734
735. California Firebrand,1948,1h 3m,Approved,6.2,48,,Hale finding a wounded Lowery assumes his identity. This gets him the job of town Marshal and puts him in the middle of the battle between Dawson and the Mason family. More trouble occurs for Hale when Lowery arrives and exposes him as a fake.,https://www.imdb.com/title/tt0040201/?ref_=sr_i_735
736. Los viejos somos así,1948,1h 29m,,7.1,33,,"Dalia is a cabaret singer who tries to help her best friend, Lidia, get the money that her boyfriend has taken from her. For that, Dalia asks Roberto for money, without imagining the love conflicts in which she will end up involved.",https://www.imdb.com/title/tt0251464/?ref_=sr_i_736
737. Partners of the Sunset,1948,53m,Approved,5.7,39,,"Middle-aged Bill Thompson (Steve Darrell) returns to his ranch with his much younger bride, Janice (Christine Larson), and her supposed brother Lon (Leonard Penn). When Thompson's son Dan (Jay Kirby) disapproves of the surprise re-marriage of his father, the latter orders him off the ranch, without his promised horses, despite the pleas of ranch foreman Jimmy Wakely (Jimmy Wakely) and cowhand ""Cannonball"" (Dub Taylor). Janice and Lon, in reality sweethearts, plot to gain Thompson's rich holdings. In town, outlaws Kirk Danvers (Marshall Reed (I)') and Hashknife (Carl Sepulveda) try to persuade the intoxicated Dan to let them steal the horses. Thompson breaks with his son again when he sees him drinking. Jimmy and ""Cannonball"" thwart the horse rustlers and Janice swears secrecy when the trusting-Jimmy tells her that Dan led the horse thieves, but she has Lon inform her husband. Thompson hits Dan, tells him to leave and sends for his attorney to draw up the papers to disinherit his son. Lon kills Thompson, and Dan is jailed on circumstantial evidence. Jimmy and ""Cannonball"" help him escape jail, but he is wounded and brought to the ranch to have Janice dress his wound. The trusting-Jimmy departs, while Lon awaits in the next room to get rid of the last obstacle in his and Janice's scheme.",https://www.imdb.com/title/tt0040684/?ref_=sr_i_737
738. Secrets of a Soul,1948,1h 38m,,5.5,32,,,https://www.imdb.com/title/tt0040938/?ref_=sr_i_738
739. French Leave,1948,1h 3m,Approved,6.6,17,,"Merchant seaman Skitch Kilroy (Jackie Cooper) and ""Pappy"" Reagan (Jackie Coogan)arrive in Marseilles, eager to resume their combative rivalry for Mimi. But they are ordered by their skipper Muldoon (Ralph Sanford) to remain on board and guard against theft of foodstuffs by a black market gang. They are lured from the ship by Simone (Robin Raymond, while the gang she works for steals the shipment. Skitch and Pappy set out to break up the gang, but first decide to visit Mimi (Renée Godfrey) at her apartment. There, they find her apartment filled with canned goods, thus linking her to the gang, of which Schultz is the leader.",https://www.imdb.com/title/tt0040372/?ref_=sr_i_739
740. Actress,1948,,,6.0,9,,"A love triangle. Two sisters; a well known singer and a stage actress, fall in love with same person, a singer.",https://www.imdb.com/title/tt0247151/?ref_=sr_i_740
741. Dos mujeres en la niebla,1948,1h 39m,,,,,"Romo, the lighthouse keeper's grandson, falls in love with a young woman during his visit to the port. At the same time, three castaways with different pasts take refuge in the lighthouse.",https://www.imdb.com/title/tt0039333/?ref_=sr_i_741
742. Mi esposa busca novio,1948,1h 40m,,,,,,https://www.imdb.com/title/tt0242675/?ref_=sr_i_742
743. False Paradise,1948,59m,Approved,6.4,186,,A banker is trying to cheat people out of their silver-rich land. Hoppy learns that the banker is in league with an outlaw gang.,https://www.imdb.com/title/tt0040339/?ref_=sr_i_743
744. Loaded Pistols,1948,1h 18m,Approved,6.0,178,,"Gene protects young Larry Evans, wrongly accused of murder, while trying to find the real badguys.",https://www.imdb.com/title/tt0040543/?ref_=sr_i_744
745. The Octopussy,1948,1h 20m,,7.8,82,,A provincial woman arrives in the city in love with a young novelist whom she betrays.,https://www.imdb.com/title/tt0184838/?ref_=sr_i_745
746. The Countess of Monte Cristo,1948,1h 17m,Approved,5.7,129,,This musical tells the tales of two movie extras who abscond to an expensive resort with their costumes and pretend to be aristocrats. Included in the film are ice skating numbers and songs.,https://www.imdb.com/title/tt0040251/?ref_=sr_i_746
747. Mr. Reckless,1948,1h 6m,Approved,5.4,126,,"Oil field worker William Eythe returns to his hometown to discover his former girlfriend is going to marry an older cafe owner. Despite his best efforts to stay away, he is continually involved with the couple with tragic results.",https://www.imdb.com/title/tt0040616/?ref_=sr_i_747
748. Golubye dorogi,1948,1h 21m,,6.2,38,,Captain Ratanov is working on de-mining the port of Odessa after WWII.,https://www.imdb.com/title/tt0175679/?ref_=sr_i_748
749. Wench,1948,1h 30m,,5.8,36,,"Singled out by Tavernier in his documentary on French film: A proud femme fatale who works at a mountainous farm property manages, after being prodded by her lover, to become the heiress ,but she plays the rival men against each other.",https://www.imdb.com/title/tt0040146/?ref_=sr_i_749
750. Just a Big Simple Girl,1948,1h 40m,,3.6,14,,"Romance among theater folk trying to put on a play: the leading lady's relationship with the director is threatened by the arrival of a new woman, but the latter then finds comfort with a concert pianist.",https://www.imdb.com/title/tt0175280/?ref_=sr_i_750
751. Spurs of Gold,1948,1h 30m,,,,,,https://www.imdb.com/title/tt0249499/?ref_=sr_i_751
752. Fantasmi del mare,1948,1h 39m,,6.5,33,,"Evocation of a dramatic episode of the Second World War told by an old guard. Boarded as a non-commissioned officer on the battleship sailed from Pola and headed south. In time of danger, the man is forced to sacrifice the lives of seven sailors and the son of the Captain, his good friend, in order to save the rest of the crew.",https://www.imdb.com/title/tt0040344/?ref_=sr_i_752
753. Frontier Agent,1948,56m,Approved,6.3,30,,"This one begins after the Civil War when the Overland Telegraph Company is persuaded by rancher Jim Kerrigan to allow his own men to extend the line to Baxter Springs, guaranteeing to pay for the construction himself if it isn't finished at the end of two months. Land promoter Burton Wheelock will lose money if the line is completed and gets ex-rustler Larry Foster, fiancée of Sandra Kerrigan, to sabotage the work. Telegraph company trouble-shooter Johnny Mack, investigating the sabotage, saves Kerrigan's men Joe Farr and Cappy from masked outlaws. Henchman Mugsy is captured by Johnny, while Larry, Slim and the other henchmen escape after shooting telegraph patrolman Nevada. Larry kills Mugsy before he can identify the gang leader. Henchman Straker is captured by Johnny and jailed. Slim steals Johnny's identification card from his saddle bag, and it is found near the jail when Wheelock's men help Straker break jail and kill a deputy sheriff. Because of the card, the Marshal arrests Johnny, but Joe comes to his rescue. An attempt to fire the Kerrigan ranch is foiled, and Larry's hat is found, which proves to Sandra her fiancée's crookness. Larry is trailed to Wheelock's office, and both are killed in a shootout with Johnny, Cappy and Joe.",https://www.imdb.com/title/tt0040374/?ref_=sr_i_753
754. Finale,1948,1h 36m,,5.3,42,,,https://www.imdb.com/title/tt0377918/?ref_=sr_i_754
755. Señora Tentación,1948,1h 23m,,6.1,19,,,https://www.imdb.com/title/tt0138096/?ref_=sr_i_755
756. The Rangers Ride,1948,56m,Approved,5.7,23,,"After the Texas Rangers are disbanded, the the reconstruction years following the Civil War, a private state-police force extorts money from the citizens in a ""protection"" scheme. Ex-Rangers Jimmy Wakely and ""Cannonball"" Taylor foil an arrest by state-police officers Hamon and Kelly. Commissioner Jed Brant tells his nephew that his old friend Jimmy is plotting against the law-and-order forces. Vic's fiancée and ranch-owner, Sheila Carol, refuses to sign up with the crooked police outfit, and believes Jimmy is an outlaw. On Chief Barton's order, Hamon shoots ex-Rangers Murphy and Payson, so they can be blamed for a raid on Sheila's ranch.",https://www.imdb.com/title/tt0179444/?ref_=sr_i_756
757. The Most Beautiful Day of My Life,1948,1h 41m,,6.4,13,,A retired officer who killed a pacifist governor becomes a dance club door man.,https://www.imdb.com/title/tt0183996/?ref_=sr_i_757
758. Sword of the Avenger,1948,1h 16m,Approved,5.9,17,,"In 1827, in the Philippines, Robert Balagtas is framed by his romantic rival and condemned to prison without trial. Years later, he escapes, finds a hidden treasure and returns to Manila a rich man. He generously distributes and shares his wealth among the natives who have been oppressed for so long by their Spanish rulers. His past is eventually discovered by the authorities, but he exposes their thieving ways to the government, and settles down for a happy life with Maria Louise.",https://www.imdb.com/title/tt0040854/?ref_=sr_i_758
759. Life Is Ours,1948,1h 33m,,4.7,14,,"Milan leaves his home and joins the ""youth brigade"", a group of young people who worked on a railway track. Tragedy strikes when Milan is injured operating one of the mechanical drills that make the building of tunnels possible. But his dedication is greater than his pain, and so he rushes back to the building site instead of staying in the hospital so that he can help the brigade meet the deadline for the completion of the tunnel.",https://www.imdb.com/title/tt0250835/?ref_=sr_i_759
760. Pervoklassnitsa,1948,1h 13m,,7.2,168,,"Marusya is a capricious, spoiled, but kind girl. Now she needs to go to school. It was very difficult for the girl to get used to the school system. But the help of a wise teacher and sensitive companions really help her in this.",https://www.imdb.com/title/tt0040689/?ref_=sr_i_760
761. Oklahoma Blues,1948,56m,Approved,5.3,92,,"Jimmy arrives in Rainbow's End, mistaken for an outlaw. He joins the sheriff's deputies to stop the Drago gang, from sabotaging the town's bid to become the new county seat through criminal means.",https://www.imdb.com/title/tt0040660/?ref_=sr_i_761
762. Holiday's with Pay,1948,1h 55m,,5.5,52,,"The Rogers family head off by car to Blackpool where, after a musical interlude and fun on the prom, they have an adventure in a haunted house.",https://www.imdb.com/title/tt0129145/?ref_=sr_i_762
763. Ruusu ja kulkuri,1948,1h 31m,,5.8,41,,,https://www.imdb.com/title/tt0134071/?ref_=sr_i_763
764. The Return of Wildfire,1948,1h 23m,Approved,5.6,32,,A rancher is killed after refusing to sell his stock of horses to a villain trying to corner the market in the valley.,https://www.imdb.com/title/tt0040731/?ref_=sr_i_764
765. Crossed Trails,1948,53m,Approved,5.8,31,,"Thirteen-year-old Melissa Hendrix runs away from school to return to her ranch near Mesa City. Her family friend Johnny Mack meets her stage coach, on which Maggie Flynn, on her way to become a faro dealer at Hudson's saloon, is also a passenger. Melisssa's guardian, Bodie Clark, refuses the offer by Jim Hudson to buy Melissa's ranch, which contains valuable water rights for the whole basin. Bodie threatens Hudson's lawyer, Anderson, when he accuses Bodie of holding onto the ranch for selfish reasons. Bodie and rancher Laswell hear gunshots, and Bodie finds Anderson dead in the bunkhouse. Hudson and Blake accuse Bodie of the murder and have him jailed. After being threatened by Hudson's men, Curtin and Eddie, Laswell refuses to clear Bodie at his trial by revealing he was outside with him when they heard the shots, and Bodie is found guilty. Johnny rescues Laswell from the outlaws and kills Eddie in a gun duel. Hudson's attempt to get a mob to hang Bodie backfires when Johnny arrives in time with Laswell, who now admits the truth. The outlaws are apprehended and Maggie convinces Melissa that she should go back to school.",https://www.imdb.com/title/tt0040256/?ref_=sr_i_765
766. The Arkansas Swing,1948,1h 2m,Approved,6.5,20,,"Ken, Gil, Hezzie and Gabe are members of the Country and Western band 'The Hoosier Hotshots.' They get involved with the beautiful Margie MacGregor, the scheming villain Pamela Trent and horse races. The Hoosier Hotshots discover that a horse will trot like a champion only when he hears a march played on a washboard.",https://www.imdb.com/title/tt0309299/?ref_=sr_i_766
767. Marinos Kontaras,1948,1h 20m,,6.8,18,,"Marinos Kontaras, a pirate in the Aegean, falls in love and abducts beautiful Lemonia.",https://www.imdb.com/title/tt0137093/?ref_=sr_i_767
768. Overland Trails,1948,58m,Approved,,,,"Johnny Murdock, who hasn't seen his father for some time, learns at Gold Flats that he has been killed by road agents, according to mining engineer Carter Morgan of Brandon Enterprises. He doesn't inform Johnny that Mark Brandon has secretly inherited the rich claim. Johnny's old friend, Dusty Hanover, gives Johnny an old poster which shows Brandon to be an escaped convict. They advise prospector Cramer to keep quiet about his own gold strike, but he partly reveals the location to Morgan before he is killed by Brandon's henchmen, while en route to the recorder's office. Mary Cramer is informed by Johnny of her husband's murder. Their young son, Bud, has a letter from his father which indicates the strike to be under a peculiarly-shaped rock. Brand kills himself when Johnny confronts him with the old wanted poster. Brandon's daughter, Marcia, blames Johnny and in revenge reveals to the public that Cramer's strike is on Dead Man's Basin. Morgan order the wagon train destined for the gold area to be wiped out by his men posing as Indians, but Johnny and Dusty help Mary and Marcia escape. The strange rock and the gold are discovered by Johnny, and Mary becomes a rich woman. Morgan is killed by Johnny in a gun fight, and he and Marcia make plans for their future happiness.",https://www.imdb.com/title/tt0040678/?ref_=sr_i_768
769. No Room at the Inn,1948,1h 3m,,6.7,186,,Two children are evacuated during World War Two into the care of an alcoholic woman.,https://www.imdb.com/title/tt0151771/?ref_=sr_i_769
770. The Viking Watch of the Danish Seaman,1948,1h 45m,,6.3,82,,"On the 9th of April 1940, the crew of a Danish merchant ship receives the news of Germany's invasion of Denmark. Instead of returning home, they vote in favor of setting course for England. The crew will undergo much hardship over the next five years ...",https://www.imdb.com/title/tt0125521/?ref_=sr_i_770
771. Ram Bhakta Hanuman,1948,,,7.2,23,,"Lankeshwar Ravan abducts Devi Maa Sita from Panchvati during their 14-year exile, defeating Jatayu, who lives long enough to inform Sita's husband, Bhagwan Shri Ram, and his brother, Lakshman, that Sitaji has been forcibly taken in the Southern direction in Ravanji's flying chariot. Shri Ramji enlists the help of Bhagwan Shri Hanuman initially by slaying his brother, Bali, who had dethroned Sugreev and abducted his wife. The search then commences for Sitaji with Hanumanji leaping across the seas to Lanka, killing Ravan's son, Akshaye, and passing on Ramji's message to Sitaji, who is being held in the Ashok Vatica and refuses to give in to Ravan's demands as she is fully aware that he is cursed and will be torn in seven pieces if he dares to molest any woman against her wish. After being captured by Ravan's son, Meghnath, Hanuman does escape, but not before setting Lanka afire with his tail. Ramji, along with an army of apes and bears, descends upon Lanka, kills Ravan's brother, Khumbakaran; while Hanumanji resurrects Lakshman, who was fatally wounded by Meghnath. Lakshman eventually kills Meghnath, while Ramji, with the help of Ravan's brother, Vibhishan, kills 10-headed Ravan. After letting Sitaji sit on a fire-lit pyre to ensure her purification, they return triumphantly to Ayodhaya where Ramji is crowned king. Watch what happens when Hanumanji knowingly insults Sitaji and the impact this has on Ramji and his Darbar.",https://www.imdb.com/title/tt0379502/?ref_=sr_i_771
772. El gallo giro,1948,1h 37m,,7.4,14,,"A young man goes to the city to make his fortune, unaware that fate is preparing a surprise for him. He will fall in love on the train.",https://www.imdb.com/title/tt0251709/?ref_=sr_i_772
773. Song of the Drifter,1948,53m,Approved,,,,"Jimmy (Jimmy Wakely) joins Cannonball (Dub Taylor) on a visit to the widow Fennamore (Patsy Moran), Cannonball's old girlfriend, at Firehole. Engineer Colton (Gary Garrett) is killed by henchman Smoky Morgan (Carl Mathews) and Philip JUdson (William Ruhl) hides the body. The engineer, at the request of the widow's niece, Martha (Mildred Coles), had come to inspect a polluted reservoir. Land Company head Turner (Frank LaRue)and Judson contaminated the water to get the ranchers to vacate so they can grab the land. Judson hires Easy (Marshall Reed) to pose as the engineer, and he reports the reservoir useless but Jimmy's test proves the waters are not deeply polluted. Judson kills Easy to keep him from talking, and casts the blame on Cannonball. But Jimmy has a trick up his sleeve, right after the next song.",https://www.imdb.com/title/tt0163265/?ref_=sr_i_773
774. The Angry God,1948,57m,Approved,,,,"The god Colima tries to win the love of a beautiful young Indian maiden, who won't betray the man she loves.",https://www.imdb.com/title/tt1147457/?ref_=sr_i_774
775. El Dorado Pass,1948,55m,Approved,,,,,https://www.imdb.com/title/tt0041331/?ref_=sr_i_775
776. The Original Sin,1948,1h 45m,,6.8,109,,"An apple juice producer can't decide between his wife and his secretary and tries to commit suicide. Being committed to psychiatry, he falls asleep and dreams of adventures as Adam and Eve in heaven and hell.",https://www.imdb.com/title/tt0040105/?ref_=sr_i_776
777. Svedomí,1948,1h 34m,,7.6,75,,"Insurer Dolezal, uncompromising in his office, a regular husband and father of twelve-year-old Jirka and little Alice, spends a business trip a night with secretary Vlasta. In the morning, on the way back, accidentally runs over a little boy.",https://www.imdb.com/title/tt0173280/?ref_=sr_i_777
778. Unknown Men of San Marino,1948,1h 25m,,5.8,91,,"Among the numerous refugees arriving in San Marino during the Second World War, one day a stranger arrives who seems to have lost his memory. The stranger attracts the inhabitants' sympathy, especially those of a young prostitute, for his mild and gentle character.",https://www.imdb.com/title/tt0038914/?ref_=sr_i_778
779. Lilla Märta kommer tillbaka eller Grevinnans snedsteg eller Den vilda jakten efter det hemliga dokumentet,1948,1h 20m,,4.6,108,,"Sture Letterström and Kurre Svensson take the task of saving secret documents from Swedish Nazis. Since both of them are known by the local Nazis, Sture has the role of Miss Märta Letterström.",https://www.imdb.com/title/tt0040540/?ref_=sr_i_779
780. Han matado a Tongolele,1948,1h 12m,,6.3,47,,"A club's star dancer Tongolele plans to wed a journalist, angering her boss who fears losing her. A Chinese magician and other admirers, jealous of the match, scheme to prevent the marriage.",https://www.imdb.com/title/tt0040419/?ref_=sr_i_780
781. Te o tsunagu kora,1948,1h 26m,,7.2,30,,,https://www.imdb.com/title/tt0040230/?ref_=sr_i_781
782. Triggerman,1948,56m,Approved,6.2,34,,"Johnny Mack (Johnny Mack Brown ) is hired by Lois Benton (Virginia Carroll)as a hand on her ranch, formerly run by Daley, who is in jail on a payroll theft charge. Despite the warning for foreman Rusty Steele (Raymond Hatton), Johnny sees real estate agent Kirby (Bill Kennedy), who wants to buy the Benton ranch. When Johnny refuses to align with Kirby, he is forced to knock out henchman Moran (Marshall Reed) in a fist fight. Rusty finds on henchman Harris (Forrest Matthews), when he is caught spying on the ranch, half a map revealing the location of the missing payroll. Johnny tells Rusty he is an undecover Wells Fargo agent, and with Rusty's aid tricks KIrby into admitting he has the other half of the map. Lois is kidnapped by the outlaws, and the outlaws agree to free her in exchange for the half of the map Rusty now has. Kirby, once he has the other half, refuses to let Lois go until the pay chest has been located, and holds Johnny and Rusty prisoners. They escape, rescue Lois and Johnny captures the gang when they dig up the chest. Lois finds a written agreement in the chest that proves Daley was not involved, and reveals that Daley is her father.",https://www.imdb.com/title/tt0040903/?ref_=sr_i_782
783. Una lettera all'alba,1948,1h 31m,,6.7,28,,"Carlo Marini is a cocaine trafficker. While at the bedside of Anna, a former lover who is dying, Carlo learns that he is the father of Mario, a young man and - incidentally - a coke dealer like him. Mario lives under the influence of his mate Renata, a girl who is greedy for luxury. Not knowing that Carlo is his father and that he is trying to help him, the young man takes part in a burglary at a countess's. The old woman, also a drug supplier , is found murdered and everything points Mario's guilt. Carlo decides to investigate...",https://www.imdb.com/title/tt0041588/?ref_=sr_i_783
784. I Surrender Dear,1948,1h 7m,Approved,6.0,15,,"Patty Nelson, using the name of Parry Hart, auditions for and gets the job as a band-singer with Al Tyler's orchestra. Al, of course, falls in love with her and she with him. Back in Los Angeles, her father is a disc jockey and objects to her career choice. At a party, Al announces he is leaving the band and going to Hollywood to replace a disc jockey named Russ Nelson, who is too old and out-of-touch. Not knowing the man is Patty's father, Al does not know why she ran away. She flies to Hollywood to help her father. Al shows up, and after a couple more plot developments, all three team up on the air.",https://www.imdb.com/title/tt0178610/?ref_=sr_i_784
785. Manù il contrabbandiere,1948,1h 31m,,5.1,17,,"Manu unwittingly accompanies a fugitive conman across the French border into Italy. Agreeing to meet later, the conman doesn't arrive at the arranged meeting point and is then discovered dead, with Manu the prime suspect.",https://www.imdb.com/title/tt0039605/?ref_=sr_i_785
786. Se la llevó el Remington,1948,1h 30m,,6.1,11,,"While tracking down the three men that killed his father, a notorious bad-ass commits other misdeeds, seemingly based on his desire to wreck as many lives as possible.",https://www.imdb.com/title/tt0251986/?ref_=sr_i_786
787. Il barone Carlo Mazza,1948,1h 25m,,4.7,22,,,https://www.imdb.com/title/tt0040149/?ref_=sr_i_787
788. A la sombra del puente,1948,,,5.8,12,,In this Mexican version of Winterset (inspired by the 20s Sacco Vanzetti case) an idealistic youth searches for the culprit behind a crime that his father was wrongly accused of several years before.,https://www.imdb.com/title/tt0243738/?ref_=sr_i_788
789. La nuit blanche,1948,1h 40m,,,,,,https://www.imdb.com/title/tt0216950/?ref_=sr_i_789
790. Amapola,1948,,,,,,,https://www.imdb.com/title/tt6265374/?ref_=sr_i_790
791. Outrages of the Orient,1948,1h 18m,,,,,To those unknown heroes who have fought unknown battles and lie buried in unknown places.,https://www.imdb.com/title/tt2094945/?ref_=sr_i_791
792. La carne manda,1948,1h 40m,,,,,"La Carne Manda, (The Flesh Commands is yet another romantic drama from the well-known Director and Actor, Chano Urueta. It tells the tale of a man who finds himself caught up in a torrid love triangle with two beautiful women. One is a talented outgoing blonde cabaret performer played by actress (and singer in her own right), Rosita Fornes. The other woman in this three-way relationship is played by the dark-haired siren, Esther Fernandez, (who was married to actor Antonio Badu at this time). Interestingly, although Fornes starred in only a half-dozen or so films during her entire career, she was able to make an impact as an the Golden Age of Mexican Cinema. The film also features performances by Jose Pulido and Eva Calo, and is highlighted by several musical numbers.",https://www.imdb.com/title/tt0249426/?ref_=sr_i_792
793. Wanjia denghuo,1948,2h 4m,Not Rated,7.1,168,,"This tale of familial warfare and sacrifice takes place in hard-pressed Shanghai at the end of the 1940s. Hu Zhiqing can barely support his wife and children, and his situation is worsened by the unexpected arrival of his mother, brother and sister-in-law. When he is fired by his unscrupulous boss, the whole family becomes embroiled in one emotional/economic struggle after another.",https://www.imdb.com/title/tt0195402/?ref_=sr_i_793
794. Speed to Spare,1948,57m,Approved,5.4,70,,"Stunt driver Cliff Jordan takes a job with his old pal Jerry McGee, branch manager of an express trucking firm. Jerry is married to Mary, Cliff's former girl friend. Also working for Jerry is Pete Simmons, son of the owner Al Simmons, and office secretary Jane Chandler, who is Pete's sweetheart. Before long, Cliff has made enemies of Pusher Wilks, a trucker whose run he takes over, and also Pete, whose girl he is trying to take over. Pusher sabotages Cliff's rig at every opportunity causing several near-fatal accidents.",https://www.imdb.com/title/tt0040827/?ref_=sr_i_794
795. Waterfront at Midnight,1948,1h 3m,,6.5,46,,"While in pursuit of a dangerous crime boss, a detective unwittingly shoots his own brother, who has fallen into a life of crime.",https://www.imdb.com/title/tt0040951/?ref_=sr_i_795
796. Trouble in the Air,1948,55m,,5.7,57,,A radio commentator is sent to a village to broadcast a bell-ringing team. Meanwhile a property speculator tries to buy a plot of land for less than it is worth.,https://www.imdb.com/title/tt0040906/?ref_=sr_i_796
797. Daredevils of the Clouds,1948,1h,Approved,5.8,43,,"Terry O'Rourke, an American operating a small airline in Canada, is having a tough time making a go of it; he has to cope with unfavorable weather conditions, a rocky terrain, and a large Americam company determined to buy him out at their low price. In addition, one of his primary employees is working against him. One of his airplanes is transporting a cargo of gold and the pilot arranges for the gold to be stolen. He planned to parachute to safety, letting the airplane be looted when it crashed, but a co-worker cuts his parachute cord and he is killed. O'Rourke, with the air of one of his best pilots, Kay Cameron, sets out to track down the culprits.",https://www.imdb.com/title/tt0040269/?ref_=sr_i_797
798. My Sister and I,1948,1h 37m,,7.0,15,,An actor and a lawyer both fall for the new young lady who is designing the sets at a provincial theater.Then the elderly proprietress is found dead.,https://www.imdb.com/title/tt0040630/?ref_=sr_i_798
799. Always Another Dawn,1948,1h 48m,,5.5,28,,'Always Another Dawn' celebrates the Australian Navy's contribution to the Allied victory in WW2.,https://www.imdb.com/title/tt0039147/?ref_=sr_i_799
800. Ulli und Marei,1948,1h 25m,,6.8,18,,,https://www.imdb.com/title/tt0247004/?ref_=sr_i_800
801. Crossroads of Passion,1948,1h 30m,,5.8,19,,,https://www.imdb.com/title/tt0039946/?ref_=sr_i_801
802. Nu börjar livet,1948,1h 31m,,3.9,20,,"Vera Ullman is a seamstress who meets the priest Tore, whom she has known before. Tore woos Vera but does not talk about already being married.",https://www.imdb.com/title/tt0040657/?ref_=sr_i_802
803. Trollfossen,1948,1h 26m,,,,,"A skilled pianist is forced by her husband, an unscrupulous hydro-power developer to sacrifice her music. She falls in love with a dam keeper, but then the workers start sabotaging the construction work for foreign interests to get it",https://www.imdb.com/title/tt0204699/?ref_=sr_i_803
804. Assigned to Danger,1948,1h 6m,Approved,5.8,176,,Insurance investigator Dan Sullivan is forced to pose as a doctor while investigating a huge payroll robbery.,https://www.imdb.com/title/tt0040119/?ref_=sr_i_804
805. Phantom Valley,1948,53m,Approved,6.4,97,,"The Durango Kid--with ""unable"" assistance from Smiley ""Sherlock Holmes"" Burnette--investigates a pair of murders that threaten to fuel a range war.",https://www.imdb.com/title/tt0040691/?ref_=sr_i_805
806. Mark of the Lash,1948,1h,,6.5,77,,"When Taggart closes off the rancher's water supply, Lash La Rue is sent for. Learning he is arriving, Taggart sends his gang to kill him. But they get the wrong man and Lash and Fuzzy set out to bring Taggart in. But he not only controls the town but has also appointed himself Sheriff.",https://www.imdb.com/title/tt0040571/?ref_=sr_i_806
807. Tretiy udar,1948,1h 48m,,6.6,73,,"One of the first Soviet films made after WWII that, looking back at the conflict (here specifically the counteroffensive to liberate the Crimea and Sevastopol) stresses the supposed role of Stalin in planning every detail of strategy.",https://www.imdb.com/title/tt0040900/?ref_=sr_i_807
808. Fighting Back,1948,1h 1m,Approved,6.0,61,,"Nick Sanders is honorably discharged from the army, with a full pardon for his pre-war crimes, and settles into a happy home life with his wife, June, and their son, Jimmy, and the family dog, ""Snuffy."" The latter likes to steal and hide things. When Nick brushes off his ex-partner in crime, Sam Lang, the smooth crook uses ""Snuffy"" to rob the Higby home of a valuable diamond. The dog bolts with the loot. The police suspect Nick of the crime.",https://www.imdb.com/title/tt0040354/?ref_=sr_i_808
809. River Patrol,1948,48m,,4.3,131,,River detectives go undercover to foil a ruthless gang of nylon smugglers.,https://www.imdb.com/title/tt0040739/?ref_=sr_i_809
810. Vedhala Ulagam,1948,2h 40m,,8.5,20,,,https://www.imdb.com/title/tt0241028/?ref_=sr_i_810
811. Teri Yaad,1948,,,7.0,20,,,https://www.imdb.com/title/tt0212552/?ref_=sr_i_811
812. Samapika,1948,,,8.0,12,,,https://www.imdb.com/title/tt0152276/?ref_=sr_i_812
813. Campus Honeymoon,1948,1h 1m,,6.4,19,,"War vets Bob Watson and Ricky Adams, and the Hughes twins, Skipper and Patricia, cannot register at Opalocka University until they find lodgings in the school's overcrowded quarters. They pretend they are married to get the last two units in the married veteran's housing project, with the girls in one unit and the boys in the other. A noisy kid, Junior Ormsbee, the nephew of the landlords, voices his suspicions and nearly gets them evicted. And a U.S. Senator, investigating veteran's projects, adds new complications.",https://www.imdb.com/title/tt0040207/?ref_=sr_i_813
814. En la Hacienda de la Flor,1948,1h 29m,,6.6,18,,"Juan Robledo returns to his town and his girlfriend, but her brothers, Fernando and Felipe, reject him for not being of the same social class.",https://www.imdb.com/title/tt0251683/?ref_=sr_i_814
"815. ¡Ay, Palillo, no te rajes!",1948,1h 26m,,7.2,12,,,https://www.imdb.com/title/tt0252117/?ref_=sr_i_815
816. Fandango,1948,1h 30m,,5.8,18,,"In the Basque Country, two friends, José and François, live a cheerful life. The two sly foxes use their wit to boost the business of an innkeeper they have a connection with. José is in love with Angélica, the innkeeper""s daughter, while François courts petite Annette. José also happens to have a beautiful voice and one day a night club manager hears him and wants to hire him. He will have to choose between Angelica, the inn, his roots... and a singing career in Paris.",https://www.imdb.com/title/tt0040343/?ref_=sr_i_816
817. Ten no yûgao,1948,1h 16m,,6.4,9,,"A love story that a young man carried with him from his school years, when he met the same girl on the street every Friday.",https://www.imdb.com/title/tt13870584/?ref_=sr_i_817
818. L'ultima cena,1948,1h 32m,,5.8,13,,,https://www.imdb.com/title/tt0040912/?ref_=sr_i_818
819. Nahwal majd,1948,,,4.5,13,,"Khaled falls in love with his friend Suhair. His father abandoned him and his family for another woman. He struggles to overcome the challenges and finally graduates from Law school. He strives to fight for the right of the workers in Suhair's father's firm. A bitter relationship results between the father and Khalid, but Khalid wins the case. He marries Suhair, who had supported him all along.",https://www.imdb.com/title/tt0304455/?ref_=sr_i_819
820. La hermana impura,1948,1h 37m,,4.4,10,,,https://www.imdb.com/title/tt0249578/?ref_=sr_i_820
821. Lohengrin,1948,1h 42m,,,,,,https://www.imdb.com/title/tt0039576/?ref_=sr_i_821
822. Paysans noirs,1948,1h 39m,,,,,"Guillon, a young administrator is appointed by the French government in Ivory Coast to replace the former one, who has been assassinated. He is soon confronted to a caste oppressing the local peasants. By joining forces with the doctor and engineer he manages to restore calm. The oppressors then try terror. But the administrator refuses to be intimidated, and with the support of the natives, will be able to avenge the former administrator.",https://www.imdb.com/title/tt0289384/?ref_=sr_i_822
823. Sextette,1948,1h 27m,,,,,A man remembers all the incredible stories that took place in his hotel.,https://www.imdb.com/title/tt0199040/?ref_=sr_i_823
824. Nai Reet,1948,,,,,,,https://www.imdb.com/title/tt0248221/?ref_=sr_i_824
825. Mining Review,1948,,,,,,,https://www.imdb.com/title/tt0040592/?ref_=sr_i_825
826. Sons of Adventure,1948,1h,Approved,,,,"After Andy Baldwin is discharged from the service, he locates his pal and fellow veteran Steve Malone, who is now working in Hollywood as a stunt man. Steve then arranges for executive producer J. L. Sterling to hire Andy as a stunt man despite his inexperience. As they rest between stunts, Steve and Andy reminisce about their time in the South Pacific and recall the day when Steve was shot by advancing Japanese troops, and Andy saved him despite being injured himself. Later, as the director, Leslie Bennett, prepares a shot, Steve mentions that he has become engaged to his sweetheart, Jean Taylor. Meanwhile, in his dressing room, star Paul Kenyon reads a threatening letter from a man named Peter Winslow, who demands that he stay away from Winslow's sweetheart, Laura Gifford. Just then Laura arrives for their clandestine meeting. On the set, production is held up while assistant director Billy Wilkes is sent to call Kenyon from his dressing room. After Kenyon moodily takes his place, he rips his shirt, then Steve, who has been doubling for Kenyon for the scene, must exchange shirts for the close-up. The cameras roll and Andy shoots Kenyon with a gun that is supposed to contain blanks, but when Kenyon is hit with real bullets, Andy is charged with murder. Later, Steve discovers the letter in Kenyon's pocket and they begin to suspect that Andy has been framed. After Bennett finds someone to replace Kenyon, the production continues on schedule. When Steve performs a difficult stunt in which he jumps aboard a coach racing out of control and stops it, he discovers that the horses' reins have been cut. Although Steve is unhurt, he and Andy now fear for their own lives, and they decide to pretend that they believe the reins were cut by accident. After lunch, however, Steve and Andy visit the studio's production office and examine crew sheets for all of the scenes in which accidents occurred. They narrow the investigation down to several suspects, including Billy. Later, Steve and Andy question Billy, but he convinces them of his innocence. Next, they question Winslow, but he also denies any involvement. Back at the studio lot, Steve and Andy set a trap for the suspect, leaving threatening notes for Steve and signing them ""Mr. X."" That evening at the cast party, Steve receives a message that Sterling wants to see him at the studio gate. Outside, someone throws a knife at Steve and attempts to escape by climbing up a tall scaffolding. Steve follows him to the top, where Billy is revealed as the murderer. Billy explains that he killed Kenyon to avenge his sister, who had committed suicide after being jilted by Kenyon. After he confesses his guilt, Billy falls from the scaffolding to his death. Sometime later, Sterling promotes Steve to director.",https://www.imdb.com/title/tt0040822/?ref_=sr_i_826
827. Outlaw Brand,1948,58m,Approved,,,,"Jimmy Wakely and his pal ""Cannonball"" are hired by rancher and horse breeder Tom Chadwick to capture Midnight, a wild stallion that has been interfering with local herds and has a reputation as a killer. After they capture the horse, Jimmy decides to break him. At the saloon in town, Tom, meanwhile, is being systematically fleeced of his money and property in crooked poker games run by owners Monica and Brent, and their employee Lannigan. Although Jimmy succeeds in taming Midnight, Laura, Tom's daughter, tells him the horse is an outlaw and refuses to allow it on the ranch. At the saloon, Jimmy observes a poker game Tom is involved in and reveals that Lannigan has been cheating by hiding cards up his sleeve. Lannigan slugs Jimmy and a fistfight ensues, which Jimmy wins. Monica pretends to be surprised that Lannigan was cheating, throws him out and apologizes to Tom. At the ranch, Midnight becomes agitated around Laura, frightening her, but Jimmy proves to her that the horse can be very docile. Later, on the ranch racetrack, Jimmy works out Midnight in a race against Tom's fastest horse and wins, while Monica and Brent look on from a distance. However, Gentry, Tom's trainer, has no enthusiasm for Midnight and does not want to breed him with their mares. Monica bets Tom that her horse, Ace High, can beat Midnight in a race and invites him to visit her the next day to finalize the details. Meanwhile, when Gentry complains to Monica and Brent about Tom's plan to use Midnight as a stud with his thoroughbred mares, Monica suggests to him that Tom might change his mind if Midnight were to lose the race. The next day, Monica tells Tom that she will bet him $40,000 on the race, which is to take place in two days' time. The night before the race, Tom discovers Gentry and Brent doping Midnight, and Brent slugs Tom, accidentally killing him, then makes it appear that Midnight was responsible. Later, Jimmy, Cannonball and Laura find Tom's body and Midnight gone. After her father's funeral, Laura fires Jimmy and Cannonball and is advised by Monica to sell the ranch. Laura intends to track down Midnight and kill him. After she sets off alone, Jimmy and Cannonball find evidence that suggests that Midnight is not guilty, ride after Laura and arrive in time to prevent her from shooting the horse. However, the evidence is tampered with and Jimmy suspects that Gentry is involved. When Jimmy asks Monica for work, she tells him that Laura has decided to sell the ranch to her and offers him the foreman's job. Meanwhile, Brent has allowed Gentry to win a lot of money in a poker game. After Jimmy tells Gentry that he is going to round up Midnight and prove his innocence, Gentry plots to destroy the device used to incriminate the horse, unaware that Monica has ordered Brent to have him killed afterward. Jimmy and Cannonball follow Gentry and surprise him, but Monica's henchman, Gurk, shoots Gentry before he can incriminate anyone. Jimmy chases after Gurk on horseback and shoots him. With his dying breath, Gentry tells Jimmy that Brent killed Tom and that Monica wanted Midnight to lose the race. Just as Laura is about to sign over the ranch to Monica and Brent, Cannonball arrives and asks her to come with him immediately to see Gentry, who wants to confess something about her father's death. When Brent shoots what he thinks is Gentry's injured body, Jimmy surprises him, chases him and lassos him off his horse. The sheriff tells Monica that he saw Brent shoot at ""Gentry,"" and when Jimmy returns with Brent, he arrests her and Brent. Laura apologizes to Jimmy, and before he and Cannonball move on to their next adventure, they leave Midnight with Laura.",https://www.imdb.com/title/tt0040677/?ref_=sr_i_827
828. Accidenti alla guerra!...,1948,1h 26m,,,,,,https://www.imdb.com/title/tt0040070/?ref_=sr_i_828
829. Taifuken no onna,1948,1h 8m,,6.9,78,,"A gang of 4 pirates, down on their luck, head for a weather-tracking station on an outlying island, intending to hold the weather-trackers hostage and raid their next incoming supply ship. at the station the weathermen tell them, however, that a serious typhoon is on the way and the ship will be delayed. holed up at the station while the typhoon rages round, the pirates manage to quarrel and ultimately kill each other off -- the slinky pirate moll (Hara) by stepping in front of a bullet meant for the station's clean-cut telegraph operator (Usami), from the gun of Hara's jealous lover (Yamamura).",https://www.imdb.com/title/tt0040858/?ref_=sr_i_829
830. Gopinath,1948,2h 35m,,7.6,52,,"Mohan is fascinated by films and eventually meets a big movie star. The actress, in turn, is charmed by his simple ways. His increasing affection for her is merely a game for the actress.",https://www.imdb.com/title/tt0040396/?ref_=sr_i_830
831. Fallen Angels,1948,1h 24m,,6.5,69,,"To help her sick mother, a girl is hired for what she believes to be a simple delivery service. That will cause her serious problems with her boyfriend and with justice.",https://www.imdb.com/title/tt0136981/?ref_=sr_i_831
832. Blanc comme neige,1948,1h 40m,,5.6,84,,"Naive and good-hearted Léon Ménard arrives in Paris, determined to find work in the capital. In a café, he meets Bob, a seedy guy, who helps him to get a job. On cloud nine, the ingenuous young man, does is unaware of how Bob manipulates him. Having become the night concierge of a hotel, the thankful Léon lets Bob and his accomplices get into the pace. Jewels are stolen as a result.When he is accused, Leon refuses to incriminate his ""friend"". Fortunately, Charlotte, Léon's fiancé, manages to find evidence of Bob's guilt and thanks to a premium paid by the diamond dealer the two lovebirds can buy a grocer's shop and tie the knot.",https://www.imdb.com/title/tt0186884/?ref_=sr_i_832
833. The Gentleman from Nowhere,1948,1h 5m,Approved,5.8,79,,"Security guard, wounded in a robbery of furs, arouses the suspicions of an insurance investigator.",https://www.imdb.com/title/tt0040386/?ref_=sr_i_833
834. Six-Gun Law,1948,54m,,6.2,48,,Decker uses a trick gun loaded with blanks to make Steve Norris think he killed the Sheriff. Then he makes him Sheriff and forces him to take orders. Things look bad for Steve so it's time for the Durango Kid to appear.,https://www.imdb.com/title/tt0040796/?ref_=sr_i_834
835. Variety Time,1948,59m,Approved,5.6,63,,"After master of ceremonies Jack Paar introduces himself to the audience, pianist and composer Frankie Carle plays an original jazz number with his band. Paar then jokes about the post-war housing shortage and sets up an extended excerpt from an Edgar Kennedy short:

Convinced that all contractors are crooks, Edgar decides to build an addition to his house without the aid of experts. Enlisting help from his wife Florence, brother-in-law Bert and their mother, the short-tempered Edgar begins construction full of confidence but is soon plagued by mishaps. In addition, he dismisses a state building inspector, thinking that he is another greedy contractor. After many weeks, the addition is still unfinished, and Edgar has accidentally destroyed his brick fireplace a number of times. Despite these setbacks, the stubborn Edgar perseveres, plastering the ceiling while Bert lays insulation above him. When Bert crashes through the ceiling and causes Edgar to fall into a vat of wet plaster, however, Edgar is beside himself with frustration. Before he can throttle Bert, however, Florence announces that the building inspector has returned. Recognizing the visitor from before, Edgar assumes he is really a contractor trying to pass himself off as the inspector and throws him into a trough of plaster. The plaster-covered Edgar then learns that the man in the trough is the inspector.

Back in the studio, Paar introduces the film audience to a traditional tap dance number performed by vaudevillian Pat Rooney, which is followed by a contemporary number executed by black tap dancers Jesse and James. Paar then presents excerpts from three silent films--a melodrama, a fashion newsreel and a western--and adds his own comic voice-over narration to them. The films are followed by a short featuring Leon Errol:

Upon returning home from work one day, Leon learns that his wife Dorothy has told her rich aunt Jessie, who is about to arrive for a visit, that she is still married to her first husband, because she fears that Jessie, who disapproves of divorce, will disinherit her. At Dorothy's insistence, Leon agrees to pose as the family butler during Jessie's visit, while Dorothy's ex-husband, Jack Drinkwater, poses as her spouse. Unaware of Leon's impersonation, Jack, a longtime drunk, inadvertently reveals to him his intention to win Dorothy back and collect Jessie's money. Outraged by Jack's boldness around Dorothy, Leon struggles to maintain his composure in front of the bossy Jessie and nearly gives himself away when she catches him kissing his wife in the kitchen. That night, after the two men and Dorothy engage in frenetic bedroom switching, Jessie finally discovers the truth. To Dorothy and Leon's relief, Jessie endorses their marriage, stating matter-of-factly that she would have divorced the drunken Jack years ago.

Following the short, dance trio Lynn, Royce and Vanya perform a comic adagio. Paar then introduces ""Rudy La Pays,"" a French café singer. While accompanying La Pays on the piano, Paar provides a comic English translation to La Pays's equally silly French song. The film concludes with a musical number performed by Miguelito Valdes and an accompanying dance duet by Harold and Lola.",https://www.imdb.com/title/tt0040932/?ref_=sr_i_835
836. I de lyse nætter,1948,1h 25m,,6.2,36,,"A lightly peeked young girl is discovered by a singing charmer, to much regret for the particular big sister.",https://www.imdb.com/title/tt0040461/?ref_=sr_i_836
837. El casado casa quiere,1948,1h 23m,,5.6,44,,Interfering relatives complicate a couple's attempt to build their dream house.,https://www.imdb.com/title/tt0039248/?ref_=sr_i_837
838. Tonto pillo,1948,1h 46m,,7.6,21,,,https://www.imdb.com/title/tt0181859/?ref_=sr_i_838
839. Par la fenêtre,1948,1h 25m,,5.4,40,,"Gaston, nicknamed Pilou, has left his native village and Yvette, the girl of his heart, to go to Paris where he has found work as a painter. He is a naive good-natured man who, like most of his fellow-workers, favors a little song or two while he works. For the time being he is busy repainting the exterior of a block of flats and, when he does not sing to pass the time, he looks through the windows, observing the tenants in their daily lives. As time goes by, he goes as far as intervening and changing the course of their lives. In the end, despite having found a lookalike of his fiancée, he returns to her.",https://www.imdb.com/title/tt0187386/?ref_=sr_i_839
840. Back Trail,1948,57m,Approved,5.9,31,,"Rancher Terry Dugan returns to Brentwood, ans is met by his sweetheart Helen Frazer and Cahoose. Unknown to Helen, her dad, town banker Bob Frazer is being blackmailed by Frank Gilmore into revealing routes of stages carrying payrolls. Johnny Mack, working for the State Protective League, fools the outlaws by filling a paybox with old newspapers and foils two attacks on him and Cahoose. Johnny is suspicious of Frazer, but the latter admits nothing. Gilmore's henchmen Pacos is jailed by Johnny after he is caught attacking a freighter. Gilmore forces Frazer to sneak a gun to Pacos. Johnny prevents Frazer from shooting Gilmore from ambush and Frazer reveals that he had once been a partner of Gilmore, and the latter had embezzled money from a client, for which Frazer was blamed and jailed. Helen, unaware of his past, overhears his confession and forgives him. As a ruse, Frazer is jailed, and gets Gilmore to go to the bank for a phony confession note.",https://www.imdb.com/title/tt0040144/?ref_=sr_i_840
841. Les aventures des Pieds-Nickelés,1948,1h 35m,,5.0,29,,,https://www.imdb.com/title/tt0039166/?ref_=sr_i_841
842. Revancha,1948,1h 26m,,6.1,18,,A man steals to buy medicine for his sick mother but when she dies he gets into the world of drug trafficking.,https://www.imdb.com/title/tt0138057/?ref_=sr_i_842
843. Do Kaliyan,1948,,,7.7,11,,,https://www.imdb.com/title/tt0250345/?ref_=sr_i_843
844. Jørund Smed,1948,1h 29m,,4.6,31,,"The Swedish blacksmith Jörund, who left Sweden innocently suspected of murder, arrives at a Norwegian farm and falls in love with the farmer Marja.",https://www.imdb.com/title/tt0040294/?ref_=sr_i_844
845. Man with the Grey Glove,1948,1h 42m,,6.1,13,,"A famous painting by Antonello da Messina, ""the man with a gray glove"", has been entrusted to an old restorer. When, subsequently, the painting is withdrawn from the restorer's studio and exposed, the art critic Drago discovers that it is not the original, but a copy.",https://www.imdb.com/title/tt0040924/?ref_=sr_i_845
846. Reina de reinas: La Virgen María,1948,1h 25m,,5.9,18,,"A biopic of Mary of Nazareth, the mother of Jesus Christ, based on the Holy Gospels and early Christian traditions.",https://www.imdb.com/title/tt0220002/?ref_=sr_i_846
847. El reino de los gángsters,1948,2h 2m,,6.8,12,,,https://www.imdb.com/title/tt0249912/?ref_=sr_i_847
848. Le mannequin assassiné,1948,1h 22m,,5.9,16,,"It is holiday time for inspector Malaise and there he is on the vacation train in the company of his wife. But Malaise as a holidaymaker, who could believe such a thing? Indeed the dead body of a murdered model placed on the track blocks the train. It does not take long before the sleuth in Malaise gains the upper hand of the traveler. He decides to stop at the small town nearby and starts investigating...",https://www.imdb.com/title/tt0195902/?ref_=sr_i_848
849. Porteña de corazón,1948,1h 23m,,6.8,11,,,https://www.imdb.com/title/tt0178839/?ref_=sr_i_849
850. Rendezvous im Salzkammergut,1948,1h 35m,,6.4,10,,,https://www.imdb.com/title/tt0040727/?ref_=sr_i_850
851. Und wieder 48,1948,1h 42m,,6.0,8,,"1948: Students from Berlin University take part as extras in the shooting of a film about the 1848 Revolution. Students form two camps, which fight each other violently about the historical events, commanded by Elsa and Heinz.",https://www.imdb.com/title/tt0040914/?ref_=sr_i_851
852. Menschen unter Haien,1948,1h 18m,,5.9,10,,,https://www.imdb.com/title/tt0246779/?ref_=sr_i_852
853. Hammarforsens brus,1948,1h 22m,,4.2,11,,"The young Anders is in love with Marit, whose father, the farmer Bjur-Erik opposes their relation. He watches jealously his daughter and becomes furious when he hears that she sneaks off to see Anders.",https://www.imdb.com/title/tt0040417/?ref_=sr_i_853
854. Fort de la solitude,1948,1h 30m,,,,,"On the borders of the desert, Péhu, a rather blunt creature on the verge of death, confesses to Charles Sigouane that some time before he stole and killed for the sake of a woman named Marie. Péhu recovers against all odds and returns to France with a view to finding Marie and to retrieve a loot he has hidden somewhere.",https://www.imdb.com/title/tt0201623/?ref_=sr_i_854
855. Zyankali,1948,1h 31m,,,,,,https://www.imdb.com/title/tt0041197/?ref_=sr_i_855
856. Daughter of the Sands,1948,1h 1m,,,,,"This Moroccan romance is a kind of Arab Tristan and Isolde: the heroine kills herself when she is convinced no one cares for her, the young nobleman she thought would love her is killed by a madwoman.",https://www.imdb.com/title/tt0040648/?ref_=sr_i_856
857. Bichchade Balam,1948,,,,,,,https://www.imdb.com/title/tt0139066/?ref_=sr_i_857
"858. Come On, Cowboy!",1948,1h 12m,,,,,A cowboy heads out west to prepare a ranch for a wedding. It has been deserted for years and outlaws are using it as a hideout.,https://www.imdb.com/title/tt0135233/?ref_=sr_i_858
859. Yeomyeong,1948,,,,,,An instructive film on the topic of the eradication of smuggling and democratic police.,https://www.imdb.com/title/tt27930271/?ref_=sr_i_859
860. Folias Cariocas,1948,1h 2m,,,,,,https://www.imdb.com/title/tt0261695/?ref_=sr_i_860
861. Hometown Girl,1948,1h 7m,Approved,,,,About an unplanned pregnancy that ruins the reputation of young girl in a small town.,https://www.imdb.com/title/tt0173905/?ref_=sr_i_861
862. La mujer del otro,1948,1h 41m,,,,,,https://www.imdb.com/title/tt0251872/?ref_=sr_i_862
863. Alguien se acerca,1948,,,,,,,https://www.imdb.com/title/tt0335845/?ref_=sr_i_863
864. Desh Seva,1948,,,,,,,https://www.imdb.com/title/tt0381991/?ref_=sr_i_864
865. Treasured Earth,1948,1h 37m,,7.4,185,,"A young peasant girl wants to marry her love, but due to the pressure of her parents she ends up with a wealthier man. Their real hardships begin when they escape together from her wedding.",https://www.imdb.com/title/tt0040859/?ref_=sr_i_865
866. Amar Prem,1948,,,8.2,45,,"The film portrays the decline of human values and relationships and contrasts it by presenting an illustrious example of a boy's innocent love for a neighbourhood tawaif(courtesan). The movie is about a school boy, who is ill-treated by his step mother, and becomes friends with a courtesan neighbour.",https://www.imdb.com/title/tt0040091/?ref_=sr_i_866
867. Fu gui fu yun,1948,,,7.2,45,,,https://www.imdb.com/title/tt0193178/?ref_=sr_i_867
868. West of Sonora,1948,55m,Approved,6.1,48,,"Steve becomes a Deputy to help find the outlaw Black Murphy whose one hand is a hook. Although the Sheriff and Murphy are grandfathers to the same little girl, they are bitter enemies. Meeting Murphy, Steve is not convinced he is the man they want. He is right as the Sheriff's brother has a hook he uses to place the blame on Murphy. When the little girl becomes owner of a valuable mine, the brother now plans to get rid of the Sheriff, Murphy, and the girl.",https://www.imdb.com/title/tt0040955/?ref_=sr_i_868
869. Half Past Midnight,1948,1h 9m,Approved,6.1,47,,"A man with an affinity for trouble meets a girl in distress in a nightclub. She becomes involved in the murder of a Spanish dancer and both of them become major suspects. The couple, eluding the police up, down and all around in Chinatown, search for the murderer.",https://www.imdb.com/title/tt0040414/?ref_=sr_i_869
870. Sheriff of Medicine Bow,1948,55m,Approved,6.8,42,,"Banty Prentiss returns to Medicine Bow after his parole on the recommendation of his friend Sheriff Johnny Mack Brown, who had arrested him for bank thefts. Outlaws, led by Buckeye, fail in an attempt to ambush Johnny and Banty. Nan Prentiss, Banty's daughter, dislikes Johnny for having imprisoned her father. She eludes Buckeye's men and arrives in town in time to pay taxes on her ranch, which banker Harry Stuart wants. When Banty and handyman Alibi Terhune find quartz on the ranch, assayer Jim Carson claims it is fool's gold. However, one of Johnny's deputies gets another report from the town of Baxter Forks, which proves the gold is real. Stuart has Buckeye hold up the bank, while Banty is there, so the latter can be blamed but Nan rescues her dad from jail. Johnny foils an attempt to kill Banty, and henchman Pardo kills Buckeye as he is about the reveal the name of the gang leader. Johnny and Banty are captured and jailed by Pardo, who has made himself the sheriff. Stuart tells Nan he will have Banty freed in exchange for the property, but Alibi informs Johnny what is happening and he and Banty make an escape. Carson and the other outlaws are killed in a blazing gun battle at the ranch, and Stuart is thrown as he tries to escape on Johnny's horse, Rebel.",https://www.imdb.com/title/tt0041868/?ref_=sr_i_870
871. Läpi usvan,1948,1h 39m,,5.0,58,,"Pertti works as a telegraph operator on a ship. When it arrives in Helsinki, Pertti looks forward to seeing his mother again, and also the neighbor girl, with whom he is in love. But his plans change when he steps into a restaurant with the first officer of the ship when they go ashore.",https://www.imdb.com/title/tt0137923/?ref_=sr_i_871
872. Lightnin' in the Forest,1948,58m,Approved,6.8,27,,"Psychiatrist David Lamont is pressured into ""analyzing"" the madcap but glamorous niece of a judge. Then crooks on the lam intrude...",https://www.imdb.com/title/tt0040539/?ref_=sr_i_872
873. Krasnyy galstuk,1948,1h 6m,,5.5,35,,A story about young pioneers life in USSR right after a victory in WWII.,https://www.imdb.com/title/tt0238359/?ref_=sr_i_873
874. Sabyasachi,1948,,,8.1,13,,,https://www.imdb.com/title/tt0152258/?ref_=sr_i_874
"875. Irmeli, seitsentoistavuotias",1948,1h 22m,,4.4,48,,"""Irmeli - seventeen"" - A story about a young girl who worships the memory of her deceased father and becomes infatuated in her mother's new lover. Unhappy Irmeli takes off to Sweden.",https://www.imdb.com/title/tt0137027/?ref_=sr_i_875
876. Charro a la fuerza,1948,1h 40m,,6.7,19,,"In order to claim a huge inheritance Clara must wed her grandfather's godson, but unsure if she will like him enough to marry she goes to her grandfather's Hacienda to meet him, but posing as her maid, and her maid as herself - The godson, Ricardo, hatches the same plan with his servant.",https://www.imdb.com/title/tt0221068/?ref_=sr_i_876
877. Shep Comes Home,1948,1h,Approved,5.8,27,,"Little Larry Havens, whose father died in WWII, runs away from home to keep from being separated from ""Shep,"" his father's dog. In Arizona, he is befriended by a kindly Mexican, Manuel Ortiz, who he is able to repay in time, with the aid of Sheriff ""Cap"" Weatherby, when Ortiz is suspected of crimes committed by local gangsters. ""Shep"" is instrumental in saving Ortiz from a lynching, and Larry, ""Shep"" and Ortiz all find a home with a couple they have befriended.",https://www.imdb.com/title/tt0038935/?ref_=sr_i_877
878. Ein Mann gehört ins Haus,1948,1h 29m,,6.4,15,,,https://www.imdb.com/title/tt0131469/?ref_=sr_i_878
879. Fiamme sul mare,1948,,,6.1,14,,,https://www.imdb.com/title/tt0039375/?ref_=sr_i_879
880. El millionaira el saghira,1948,,,6.1,14,,,https://www.imdb.com/title/tt0300199/?ref_=sr_i_880
881. Niet tevergeefs,1948,1h 14m,,4.0,30,,"Raymond Lovell plays a Dutch farmer. A strong opponent of the occupying German regime, Lovell does his patriotic duty by hiding resistance leaders in his barn. His activities are threatened by his own son, an avaricious type who threatens to notify the German authorities if Lovell doesn't fork over the resistance members' valuables. While most of the cast is English, But Not in Vain is convincingly Dutch in atmosphere and point of view. The film also incorporates authentic wartime footage filmed by members of the Dutch resistance. The Dutch version of the film was the first Dutch production of a feature film after the war.",https://www.imdb.com/title/tt0824374/?ref_=sr_i_881
882. Kvinnan gör mig galen,1948,1h 34m,,4.9,29,,Managing Director Erik Cassander is in financial strain and his only hope is a wealthy aunt.,https://www.imdb.com/title/tt0041567/?ref_=sr_i_882
883. Nocturno de amor,1948,1h 38m,,5.8,18,,"Luis Aguilar is a talented piano student who struggles to make ends meet. At the conservatory he meets the beautiful, rich, and also talented piano student Marta Reyes and romance ensues. One day, a full scholarship to study piano abroad is announced and both Luis and Marta fill out the necessary paperwork--but only one place is available. Luis is torn apart by his love for both the piano and Marta.",https://www.imdb.com/title/tt0039665/?ref_=sr_i_883
884. The Timber Trail,1948,1h 7m,Approved,3.5,34,,"Monte Hale is a stagecoach driver for Jed Baker's stage-line. Jed believes his brother, Ralph, is behind the many hold-ups of his stagecoaches but has no proof. Ralph, in turn, blames Jed for the attacks on the linemen of his pioneer telegraph company. Big Bart, a ruthless gunman and outlaw-gang leader working for crooked banker Jordan Weatherbee, is actually behind the troubles of both companies. Bart plans to frame Jed for a double-murder, then kill him. Monte saves his life, and together they devise their own plan to bring an end to the reign of lawlessness along the timber trail.",https://www.imdb.com/title/tt0040883/?ref_=sr_i_884
885. El wajeb,1948,,,4.0,12,,,https://www.imdb.com/title/tt0300631/?ref_=sr_i_885
886. Crimen entre bastidores,1948,,,,,,,https://www.imdb.com/title/tt0424913/?ref_=sr_i_886
887. El hawae wa el chabab,1948,1h 50m,,,,,,https://www.imdb.com/title/tt0299968/?ref_=sr_i_887
888. Las tinieblas quedaron atrás,1948,1h 20m,,,,,"Diana, an actress, suspects her husband could have a past of delinquency.",https://www.imdb.com/title/tt0039904/?ref_=sr_i_888
889. Cité de l'espérance,1948,1h 32m,,,,,,https://www.imdb.com/title/tt0445290/?ref_=sr_i_889
890. Eleven Men and a Ball,1948,1h 30m,,,,,"In post-war Rome, rival team executives orchestrate a chaotic series of comedic romantic schemes and sports-journalism kidnappings to sabotage a star soccer player before a championship match.",https://www.imdb.com/title/tt0040916/?ref_=sr_i_890
891. Anjuman,1948,,,,,,,https://www.imdb.com/title/tt0124984/?ref_=sr_i_891
892. Huimang-ui ma-eul,1948,,,,,,"A cultural film to promote Korean culture overseas, introducing the viewer to Korean rural customs.",https://www.imdb.com/title/tt27882544/?ref_=sr_i_892
893. Guerra alla guerra,1948,,,,,,,https://www.imdb.com/title/tt0037755/?ref_=sr_i_893
894. El bostagi,1948,,,,,,,https://www.imdb.com/title/tt0299582/?ref_=sr_i_894
895. Arlberg-Express,1948,1h 36m,,,,,,https://www.imdb.com/title/tt0042205/?ref_=sr_i_895
896. Unser Mittwochabend,1948,1h 30m,,,,,,https://www.imdb.com/title/tt0357274/?ref_=sr_i_896
897. Panic at Madame Tussaud's,1948,49m,,,,,Some stolen jewels are hidden under the feet of a model at Madame Tussauds.,https://www.imdb.com/title/tt0275582/?ref_=sr_i_897
898. The Winner's Circle,1948,1h 14m,Approved,,,,"The story of a race horse from the time it is born until it finally wins its first race, as told through the animal's own view-point.",https://www.imdb.com/title/tt0040969/?ref_=sr_i_898
899. Siraj,1948,,,,,,"The film depicts how Sirajuddin Ahmed and his widow sister Fatema raise Sita, daughter of a woman named Sabitri who dies in childbirth.",https://www.imdb.com/title/tt0332397/?ref_=sr_i_899
900. Five Rascals in the Eastern Capital,1948,,,,,,,https://www.imdb.com/title/tt0248805/?ref_=sr_i_900
901. Pobre mi madre querida,1948,1h 32m,,7.4,65,,"An old beggar girl, only followed by a crowd of dogs, stops in front of a yard. A succession of memories shakes the old woman: her only son, attracted by a woman of bad life, left the job, the girlfriend of the neighborhood and left for distant lands. The return of the boy did not resolve things, but, on the contrary, triggered conflict, betrayals and deaths.",https://www.imdb.com/title/tt0191363/?ref_=sr_i_901
902. La figure de proue,1948,1h 30m,,7.3,49,,"At sea,sailors have got to make do with what they have . François is in love with....the figurehead,the bust of a gorgeous woman..",https://www.imdb.com/title/tt0197463/?ref_=sr_i_902
903. El tango vuelve a París,1948,1h 25m,,7.8,20,,"Obsessed by a Mexican singer, an Argentine doctor arrives in Paris; Far from his land he begins to find his true identity transforming into a singer of tangos.",https://www.imdb.com/title/tt0197938/?ref_=sr_i_903
904. Le dolmen tragique,1948,,,5.8,39,,"Chatelard, one of Viscount de Kerlec's guests, has died in mysterious conditions. The police initiates an investigation and sends detective-inspector Pauc to de Kerlec's manor. Pauc decides to mingle with the viscount's guests , who are all likely to have committed the murder. Among them, there is Jacques Mauclerc, a naval officer, and a seedy character named Bartoli, in fact a spy in search of secret documents. Pauc will end up untangling the web during a dramatic séance.",https://www.imdb.com/title/tt0150367/?ref_=sr_i_904
905. Immortal Youth,1948,1h 50m,,5.2,39,,"Actual and dramatic events from the underground activity of the youths of Belgrade, against the German invaders and the local traitors.",https://www.imdb.com/title/tt0179675/?ref_=sr_i_905
906. Son of God's Country,1948,1h,Approved,6.1,24,,"During the Civil War many Trailhead ranchers have been killed or driven from their land by a ruthless gang of raiders. The secret leader of the gang is Bill Sanger (James Nolan), who poses as a rancher but is actually the head man of an eastern syndicate seeking to buy up the land through which railroads will be constructed at the war's end. Learning the newspaper publisher John Thornton (Jason Robards Sr.)has received a letter giving away the agenda of Sanger, and the latter kills Tornton, and then manages to cast the suspicion of the gang activities upon the dead man and his son, Frank (Jay Kirby) whom the gang has kidnapped. U. S. Marshal Monte Hale (Monte Hale)is convinced of the Thronton's innocence but finds himself opposed by the citizens and ranchers with the exception of Eli Walker (Paul Hurst), and Cathy Thornton (Pamela Blake), daughter of John and sister of Frank.",https://www.imdb.com/title/tt0040819/?ref_=sr_i_906
907. Port Said,1948,1h 6m,Approved,6.1,22,,"Travel author Leslie Sears arrives in Cairo, Egypt, to meet with Greg Stewart, an old war buddy who is a theater booking agent in Port Said. Leslie telephones Greg and arranges a rendezvous, but shortly after the conversation ends, Greg is murdered. Unaware that his friend has been killed, Leslie goes to the Hotel Siwa, where Greg was staying, and finds a blonde woman searching through Greg's belongings. The woman, Gila Lingallo, escapes, and later meets Jakoll, the man who murdered Greg and dumped his body in the river. Gila berates Jakoll for murdering Greg, and tells him that she only wanted Jakoll to keep him away long enough to search his room for evidence that might incriminate her and her father, the magician Paolo Lingallo. Leslie, meanwhile, becomes concerned about Greg's disappearance and begins an investigation into the matter. At the Café Daghla, Greg's friend, Bunnny Beacham, suggests that Leslie visit Alexis Tacca, the man who leased his theater to Greg. When Tacca takes Leslie to the theater, shots ring out from behind the billboard advertising The Great Lingallo's show. Leslie manages to escape injury, and when he returns to the hotel, he learns that Greg's body has been found in the canal. Leslie finds Gila and accuses her of breaking into Greg's room, but she denies the accusation and tells Leslie that she can prove that she and her father were in an airplane at the time of the murder. Late one night, Gila finds Jakoll in her room preparing to kill her, but her screams frighten him away. A short time later, Paolo tells Leslie that his niece, Helena Guistano, who resembles Gila, and Helena's father Mario were Nazi collaborators. Paolo also admits that he has followed the Guistanos to Port Said hoping to familiarize the townspeople with Gila's face so that Helena will be mistaken for Gila and captured. On the basis of Paolo's story, Leslie concludes that Greg was killed by the Guistanos for attempting to book Paolo's show at the Ramses theater. Later, Leslie and Paolo take Gila to the Daghla Café, and Bunny notices the similarity between Gila and Helena, but when he tries to tell Carlo, the club owner, he realizes that Carlo is one of Mario's men. Carlo sends Jakoll to kill Bunny, and the murder is witnessed by a young woman who was waiting for Bunny. After Jakoll's tries unsuccessfully to kill him, Leslie attends a rehearsal for the magic show. There, Mario's men knock Leslie unconscious, drug Gila and replace her with Helena, who has changed her hair color to match Gila's and is planning to kill Paolo during the show's sword fight. As the show begins, Leslie regains consciousness and rushes to the theater. At the same time, the woman who witnessed Bunny's murder finds Jakoll with Gila and stabs him. Leslie arrives at the theater in time to prevent Paolo's murder, and Mario and his accomplices are arrested.",https://www.imdb.com/title/tt0040702/?ref_=sr_i_907
908. Remorse at Death,1948,1h,,6.6,21,,"In this filmed version of a Peking opera, a famed male performer plays a woman who is captured during a foreign invasion and forced to marry another prisoner.",https://www.imdb.com/title/tt1003189/?ref_=sr_i_908
909. Bílá tma,1948,1h 52m,,5.9,29,,"Shot just three years after the war, it was presented at the 1st Workers' Film Festival in 1948 in Zlín. A group of Lazar's partisans hide in an underground cabin in the mountains, are located by the Germans, and will fight bravely.",https://www.imdb.com/title/tt0040164/?ref_=sr_i_909
910. Shaggy,1948,1h 12m,Approved,6.4,15,,"The film follows the story of a rancher's son, Robbie, his dog Shaggy and adventures they have with ranching neighbors and wild animals in the U.S. west.",https://www.imdb.com/title/tt0040777/?ref_=sr_i_910
911. Die kupferne Hochzeit,1948,1h 33m,,5.2,21,,,https://www.imdb.com/title/tt0040516/?ref_=sr_i_911
912. The Great Reunion,1948,1h 28m,,7.1,10,,"A big happy Peking family each rushing thing when the anti-Japanese War breaks out. The family reunites after the war, but drifts apart soon when the Chinese civil war breaks out.",https://www.imdb.com/title/tt9893922/?ref_=sr_i_912
913. Guo hun,1948,2h 21m,,6.4,12,,,https://www.imdb.com/title/tt0192100/?ref_=sr_i_913
914. La sirena negra,1948,1h 17m,,5.4,15,,"Gaspar is a saturnine, lackluster bachelor who falls in love with Rita, a moribund phthisic woman. When she passes away, Gaspar adopts her previous out-of-wedlock daughter, thus regaining faith in life. With the purpose of raising the girl, he brings home an English governess and an educated old friend. A toxic love triangle unfolds between the three adults.",https://www.imdb.com/title/tt0039830/?ref_=sr_i_914
915. Eine alltägliche Geschichte,1948,1h 24m,,6.4,10,,"Bernd gets commissioned to write a novel about common situations and begins to invent a story of 'Boy meets girl' with his friends, Susi and Herbert, and soon the fictional plot gets inseparably entangled with their real loves and woes.",https://www.imdb.com/title/tt0149630/?ref_=sr_i_915
916. Enrédate y verás,1948,1h 26m,,7.3,7,,,https://www.imdb.com/title/tt0251687/?ref_=sr_i_916
917. Tania la bella salvaje,1948,1h 36m,,5.0,13,,"Rolando, a millionaire, travels to a remote island and meets the tough Tania, a local woman with great dancing skills. He falls in love with her and takes the girl to Mexico but he soon discovers that Tania cheats on him with another man.",https://www.imdb.com/title/tt0250021/?ref_=sr_i_917
918. El nieto del Zorro,1948,1h 36m,,5.7,12,,,https://www.imdb.com/title/tt0249839/?ref_=sr_i_918
919. Synd,1948,1h 35m,,4.6,18,,"Fredrik seduces office girl Anna and she falls helplessly, passionately in love. Fredrik cheats Anna out of all her savings. He intends to manufacture beauty products; to market them he forges the signature of Anna's wealthy aunt.",https://www.imdb.com/title/tt0040857/?ref_=sr_i_919
920. Efe aski,1948,,,6.4,7,,The story of a warrior who took advantage of an amnesty to cross from a mountain to a city.,https://www.imdb.com/title/tt0308211/?ref_=sr_i_920
921. Las mañanitas,1948,,,5.8,10,,,https://www.imdb.com/title/tt0227038/?ref_=sr_i_921
922. Colomba,1948,1h 34m,,5.5,10,,"The film is set shortly after the 1815 Battle of Waterloo, around 1818, in which the hero Lieutenant Orso fought for the French. In Marseille, returning to Corsica and his family estate, of which is now the head, Orso meets the Irish widower Colonel Sir Thomas Nevil and his beautiful daughter Lydia. The Colonel also fought for the British at Waterloo and they strike up a military-based friendship. They also share a passion for hunting. Orso convinces the colonel to come and hunt there. France ruled Corsica then, as they still do. Sadly, in his absence Orso's father has been assassinated by the influential Barracini family. Orso's sister Colomba is bent on him revenging the murder - in the Sicilian vendetta style. Orso doesn't agree with these old ways and the scene is set for a terrible conflict involving Corsican bandits and the French prefect. The book was made into an Italian one with the same title in 1948 and remade in 1950 in Hollywood under the name of ""Vendetta"".",https://www.imdb.com/title/tt0171188/?ref_=sr_i_922
923. Lappblod,1948,1h 12m,,3.6,23,,"Lapland, Sweden. The Sami Arvi wants to marry young Aino but her mother will not give her permission as long as Arvi does not have a herd of 400 reindeer. The only one who has reindeer to sell is the rich Oula, but he wants to marry Aino as well. The only way for Arvi to get the animals is buying them from Norway - but this is highly illegal...",https://www.imdb.com/title/tt0040528/?ref_=sr_i_923
924. Under the Frozen Falls,1948,55m,,,,,,https://www.imdb.com/title/tt0205487/?ref_=sr_i_924
"925. Pototo, Boliche y Compañía",1948,1h 28m,,,,,,https://www.imdb.com/title/tt0040706/?ref_=sr_i_925
926. Romance sin palabras,1948,1h 20m,,,,,,https://www.imdb.com/title/tt0201896/?ref_=sr_i_926
927. 9 de Abril,1948,1h 20m,,,,,Register of the events which occurred between 9 and 15 April 1948 in Bogota as a result of the assassination of political leader Jorge Eliécer Gaitán.,https://www.imdb.com/title/tt2980304/?ref_=sr_i_927
928. La sin ventura,1948,1h 36m,,,,,,https://www.imdb.com/title/tt0242884/?ref_=sr_i_928
929. Doyô fujin,1948,,,,,,,https://www.imdb.com/title/tt29273532/?ref_=sr_i_929
930. ...E non dirsi addio!,1948,,,,,,,https://www.imdb.com/title/tt0040307/?ref_=sr_i_930
931. Courtin' Trouble,1948,56m,Approved,,,,"Jimmy Wakely, undercover lawman, has a singing job at Dawson's saloon, jails gunman Becker, after cattleman Curtis, accuses him of killing his friend, rancher Steve Graves. Rancher Reed, head of the Cattleman's Association, plans to move their headquarters after local cattleman are continuously victimized. Dawson, also the head of the Merchant's Association, hires Carol Madison, to defend Becker, but the gunman is freed when witness Curtis is killed. Judge Madison, Carol's father, returns to town after getting the railroad company to extend a spur line to the town. He, too, is killed and Jimmy begins an investigation to find the killers and the motive.",https://www.imdb.com/title/tt0040252/?ref_=sr_i_931
932. Dream No More,1948,1h 12m,,,,,,https://www.imdb.com/title/tt0042414/?ref_=sr_i_932
933. The Story of Life,1948,59m,,,,,"An educational film, made for high school students with the assistance of the California Department of Health and the University of California, among others. In the wake of the Kinsey report and social change hastened by postwar prosperity, themes of knowledge of the facts of life, open discussion of them, and appreciating modern medical science inform an emerging liberal world view. This film takes us into a hospital to observe the medical procedures of a normal birth and a Caesarean. The focus is on the technical aspects of delivering a child and the stages of labor, with constant reassurance that, in general, things will go well.",https://www.imdb.com/title/tt0040836/?ref_=sr_i_933
934. Vegas Nights,1948,1h,,,,,"After claiming that Las Vegas contains a large number of single women due to the availability of quick and simple marriages and divorces, the doors to the Club Paradise open to show Elvira Pagã performing an exotic dance onstage.",https://www.imdb.com/title/tt0190115/?ref_=sr_i_934
935. Nennella,1948,,,,,,Alberto Capuano is the natural son of a rich Italo-American and has inherited his money. A gang of mobsters want to cheat him out of the sum through one of the dolls in the mob.,https://www.imdb.com/title/tt0040640/?ref_=sr_i_935
936. Sajan Ka Ghar,1948,,,,,,,https://www.imdb.com/title/tt0386764/?ref_=sr_i_936
937. María de los Reyes,1948,1h 49m,,,,,,https://www.imdb.com/title/tt0040575/?ref_=sr_i_937
938. Hoy cumple años mamá,1948,1h 25m,,,,,,https://www.imdb.com/title/tt0264698/?ref_=sr_i_938
939. I Am Your Father,1948,1h 38m,,,,,,https://www.imdb.com/title/tt0227847/?ref_=sr_i_939
940. Kleine Melodie aus Wien,1948,1h 31m,,,,,"Vienna shortly after World War II. A music professor, in whose house a young widow with three children is quartered by the housing office, changes under the influence of the charming lady.",https://www.imdb.com/title/tt0041552/?ref_=sr_i_940
941. Kôun no isu,1948,1h 33m,,,,,,https://www.imdb.com/title/tt0183364/?ref_=sr_i_941
942. María de los Ángeles,1948,,,,,,"Maria de los Angeles, a noble woman, saves a Spanish soldier from death by getting married to him during the Argentine Independence Wars.",https://www.imdb.com/title/tt0040576/?ref_=sr_i_942
943. Portrait of Four Beauties,1948,1h 43m,,,,,"Qiuyue, Ye Ling, and Shali were members of the Shanghai Opera Troupe and would perform in Hong Kong. Dingxiang was Qiuyue's cousin, full of longing for stage performance. Pan Shao'an was a playboy and cynical. He first gave up on the vain Ye Ling and then played with the inexperienced feelings of Dingxiang.",https://www.imdb.com/title/tt13759846/?ref_=sr_i_943
944. En los altos de Jalisco,1948,1h 30m,,,,,"A Mexican Revolution soldier falls in love with a woman who killed his brother, then discovers she was more involved.",https://www.imdb.com/title/tt0251684/?ref_=sr_i_944
945. What a Guy,1948,,,,,,,https://www.imdb.com/title/tt0159829/?ref_=sr_i_945
946. Galmaegi,1948,1h 14m,,,,,"Jung-ae volunteers at a juvenile prison when she graduates from college; but the violent boys threaten her safety. Her boyfriend visits and begs Jung-ae to quit. She considers but feels compelled to continue; until the day when an escapee puts her methods at risk. Will she get to the escaped boy in time? Will his negative attitude convince her to quit, or will she affect him positively? And will there ever be happiness at the prison?",https://www.imdb.com/title/tt5226334/?ref_=sr_i_946
947. Hiram na pangalan,1948,,,,,,,https://www.imdb.com/title/tt2122356/?ref_=sr_i_947
948. Salang-ui gyosil,1948,,,,,,"Artist stays in the countryside to paint landscapes. During his work, he meets the child and his mother, the widow. Soon they fall in love with each other and open a school, which collects hardworking and gifted children.",https://www.imdb.com/title/tt27891594/?ref_=sr_i_948
949. Khidki,1948,,,,,,,https://www.imdb.com/title/tt0269438/?ref_=sr_i_949
950. Don Bildigerno de Pago Milagro,1948,,,,,,,https://www.imdb.com/title/tt0185287/?ref_=sr_i_950
951. Parai Aag,1948,,,,,,"Kind and sweet girl living with her family and sets her on the path to fight against the injustice done by an evil and wealthy kingpin- who has evil eyes over her and wanted to destruct her family. However, a kind man helped her in harsh situations and fells in love with her and together they fight against the cruel injustice.",https://www.imdb.com/title/tt0141707/?ref_=sr_i_951
952. Vlcie diery,1948,2h 3m,,6.8,122,,,https://www.imdb.com/title/tt0250814/?ref_=sr_i_952
953. The Secret Tunnel,1948,49m,,6.5,91,,Two boys thwart the efforts of antique smugglers at a British estate.,https://www.imdb.com/title/tt0427826/?ref_=sr_i_953
954. Bulbul Afandi,1948,1h 55m,,6.8,76,,"Kawakib, a rich actress quits he role in a movie which forces the director to find a look-like for her with the name of Bata; Kawakib runs away with her lover who is planning to steal her jewels. Bata's fiancée Bolbol is trying to find Bata and then trying to stop Kawakib's lover from stealing the jewels.",https://www.imdb.com/title/tt0038372/?ref_=sr_i_954
955. Cowboy Cavalier,1948,57m,Approved,5.3,90,,"Pat Croft is welcomed back home by her mother, Mary, owner of a stage and freight line, and by foreman Jimmy Wakely and Cannonball. A man, Lance Regan, that Pat met on the stage is hired by Mary when he tells her he knew a man in prison named Patrick Collins. Mason and his henchmen make an attack on an ore shipment, but are driven off by Jimmy, but Lance allows Mason to make a getaway. Later, Lance plots with Mason and his men to hold up another ore shipment after he abandons the stage to Cannonball, but Jimmy arrives in time to save the money chest. He fires Lance for leaving his post, but Mary, after being threatened with blackmail, hires him back. Suspicious of Lance, Jimmy has Cannonball trick him into posing for a picture in order to check up on him. Lanes kills prospector Pete on his way to record a rich mine strike. Jimmy visits convict Collins in prison, who reveals that Mary and Pat are his wife and daughter, and that Lance was his cell mate. Collins escapes from jail to thwart Lance's schemes, but is killed by Lance when his men rob Mary's safe. Jimmy shoots Mason and Lance as the latter flees after his plotting is disclosed.",https://www.imdb.com/title/tt0040253/?ref_=sr_i_955
956. Var sin väg,1948,1h 49m,,5.6,76,,A drama about a doctor and his wife. She used to be an actress but became a homemaker when she married. When she resumes her acting career the marriage crashes.,https://www.imdb.com/title/tt0040931/?ref_=sr_i_956
957. The Adventures of Fridolin,1948,1h 23m,,7.4,30,,,https://www.imdb.com/title/tt0040772/?ref_=sr_i_957
958. Palace Scandal,1948,1h 10m,,6.5,23,,,https://www.imdb.com/title/tt0037850/?ref_=sr_i_958
959. L'eroe della strada,1948,1h 26m,,6.2,23,,,https://www.imdb.com/title/tt0040324/?ref_=sr_i_959
960. El huésped de las tinieblas,1948,1h 49m,,6.5,21,,Film inspired by the dreams and life of the writer Gustavo Adolfo Bécquer.,https://www.imdb.com/title/tt0040456/?ref_=sr_i_960
961. Maresi,1948,1h 26m,,7.2,15,,,https://www.imdb.com/title/tt0040569/?ref_=sr_i_961
962. Tre år efter,1948,1h 34m,,6.8,20,,"Soya's satirist take on variations of Danes, who willingly or unwillingly came to deal with German troops during the five year Second World War occupation.",https://www.imdb.com/title/tt0124907/?ref_=sr_i_962
963. Der himmlische Walzer,1948,1h 30m,,6.5,20,,"The angels revolt in heaven against their boring robes. Like humans, they want to wear fancy clothes. The angel Angelika is sent to earth to look around at the fashion king Clemens Maria Weidenauer in Vienna. When he sees Angelika, he is appalled at the unimaginativeness of her angel costume and accidentally rips off one of her wings. Now she cannot go back to heaven unless she does a good deed.",https://www.imdb.com/title/tt0040439/?ref_=sr_i_963
964. El ikab,1948,,,5.3,28,,"The trio of a Wife and her lover plotting a murder for her husband. Their maid gets into Jail instead of them. This maid had a daughter that gets to be raised by her friend. The wife gets into jail shortly after she was arrested for misusing the well of her son. In Jail she meets with her maid and confess to her with her sin that led to this destiny, then she dies. After twenty years she gets out of Jail to see what has the fate introduce to her daughter and the killers daughter that share same lover.",https://www.imdb.com/title/tt0300025/?ref_=sr_i_964
965. Gottes Engel sind überall,1948,1h 27m,,7.2,14,,,https://www.imdb.com/title/tt0041422/?ref_=sr_i_965
966. The Princess of the Island,1948,1h 1m,,6.8,19,,"The pirate Handal seizes control of the emirate. The late prince's daughter is hidden away by a servant and falls in love with leader Adel. The pirate then takes her to his palace, winning her favor.",https://www.imdb.com/title/tt0303641/?ref_=sr_i_966
967. Manhattan Angel,1948,1h 8m,Approved,6.4,19,,"Gloria Cole and Eddie Swenson are working to keep an old firehouse, now being used as a youth center, from being razed to make room for a new skyscraper in Manhattan. Gloria enters a friend in a beauty contest with a $25,000 first prize, and after some iffy maneuvering, her friend wins the contest and the money goes to preserving the youth center.",https://www.imdb.com/title/tt0041632/?ref_=sr_i_967
968. Hvor er far?,1948,1h 18m,,5.0,26,,"Manufacturer Juehl's lovely daughter Else and the company's young clerk, Victor Pethersen, are in love, which Juehl is none to happy about.

Juehl's partner Møller is secretly in love with Juehl's charming sister-in-law Ingeborg. Juehl's spoiled son Henrik has a mistress, Dyveke the model, which he - unbeknownst to either of them - shares with his father.

Hilarity ensues when a messenger arrives with a baby, wanting to deliver it to ""dad"". Else takes advantage of this to try and get her father's approval for marrying Victor, now that she has an heir.",https://www.imdb.com/title/tt0125793/?ref_=sr_i_968
969. Abhimanyu,1948,2h 32m,,8.2,10,,The film tells the story of Pandava prince Abhimanyu. Based on Hindu epic 'Mahabharatha'.,https://www.imdb.com/title/tt0040069/?ref_=sr_i_969
970. Kashmir Hamara Hai,1948,,,7.2,12,,,https://www.imdb.com/title/tt0249642/?ref_=sr_i_970
971. Sir Sankarnath,1948,,,7.7,11,,,https://www.imdb.com/title/tt0157061/?ref_=sr_i_971
972. Nothing Venture,1948,1h 13m,,4.8,34,,,https://www.imdb.com/title/tt0169088/?ref_=sr_i_972
973. For Those Who Are at Sea,1948,1h 26m,,4.6,32,,,https://www.imdb.com/title/tt0166886/?ref_=sr_i_973
974. Alhucemas,1948,1h 35m,,4.8,32,,"It's 1922. From a Madrid that opposes the war, arrives destined to the North of Africa, without much enthusiasm, the Infantry Captain Fernando Salas, who will incorporate the battalion of the Commander Almendro, a veteran of the African war that soon observes a clear lack of vocation in the Captain.",https://www.imdb.com/title/tt0039141/?ref_=sr_i_974
975. An klingenden Ufern,1948,1h 29m,,7.2,10,,,https://www.imdb.com/title/tt0041121/?ref_=sr_i_975
976. Loffe som miljonär,1948,1h 30m,,4.6,29,,The vagabond Loffe is drifting along the Swedish summer landscape.,https://www.imdb.com/title/tt0040546/?ref_=sr_i_976
977. Una atrevida aventurita,1948,1h 20m,,8.0,7,,Owners of a hotel located in Sur try to sell it to an unwary.,https://www.imdb.com/title/tt0184230/?ref_=sr_i_977
978. Riders of the New Forest,1948,1h 22m,,7.2,9,,,https://www.imdb.com/title/tt0316488/?ref_=sr_i_978
979. Guan bu zhu de chun guang,1948,1h 39m,,7.2,9,,,https://www.imdb.com/title/tt1003146/?ref_=sr_i_979
980. Le colonel Durand,1948,1h 50m,,5.5,16,,"In his younger days , a dashing officer,Colonel Durand ,compromised Madame De Monthieux, who entered a convent.Now,he is garrisoned at Strasbourg.",https://www.imdb.com/title/tt0193831/?ref_=sr_i_980
981. The Fight Never Ends,1948,1h 4m,,5.8,16,,"Joe Louis, portraying himself, is a good influence on a group of Harlem youths who are tempted to ""go bad"" by a gangster known as Caper, an older brother of one of the youths.",https://www.imdb.com/title/tt0041359/?ref_=sr_i_981
982. The Trial of Madame X,1948,54m,,3.9,45,,"A brilliant French advocate unwittingly finds himself defending on a murder charge his own mother, who left home during his infancy.",https://www.imdb.com/title/tt0178076/?ref_=sr_i_982
983. Yao yuan de ai,1948,,,6.6,10,,,https://www.imdb.com/title/tt1003213/?ref_=sr_i_983
984. O sevci Matousovi,1948,1h 36m,,6.8,10,,,https://www.imdb.com/title/tt1399060/?ref_=sr_i_984
985. El ruh wa el-jisad,1948,2h 32m,,6.3,9,,"Two friends-a singer and a poet-fall for the same woman, a nightclub singer, unaware of each other's feelings.",https://www.imdb.com/title/tt0304650/?ref_=sr_i_985
986. Stolen Affections,1948,1h 35m,,5.6,13,,"Melodrama of a suffering woman: Her husband has left her, her child has died, and she finds that another man she has turned to is unfortunately married.",https://www.imdb.com/title/tt0209293/?ref_=sr_i_986
987. Lait al shabab,1948,,,5.9,12,,,https://www.imdb.com/title/tt0300103/?ref_=sr_i_987
988. Póker de ases,1948,1h 28m,Not Rated,6.0,8,,Adventures of three different men who become friends in the Foreign Legion and will meet again some time after. Then they will know that one of them was hiding his real identity.,https://www.imdb.com/title/tt0039738/?ref_=sr_i_988
989. Fregola,1948,1h 30m,,6.6,7,,"When Pablo, the fiance of show star Fregola, is killed, Dr. Santos is a suspect but escapes. Fregola follows him to Paris to meet and seduce him, get him to confess and have him convicted.",https://www.imdb.com/title/tt0040371/?ref_=sr_i_989
990. Flor de caña,1948,1h 35m,,6.5,7,,,https://www.imdb.com/title/tt0242461/?ref_=sr_i_990
991. Each Heart Has Its Own Story,1948,1h 44m,,5.2,7,,Baron Henric Löwencrona af Löwstaborg allows his daughter to marry a worker's son.,https://www.imdb.com/title/tt0040933/?ref_=sr_i_991
992. Kahraman Mehmet,1948,54m,,4.1,9,,,https://www.imdb.com/title/tt0304253/?ref_=sr_i_992
993. Die Verjüngungskur,1948,1h 20m,,,,,,https://www.imdb.com/title/tt0369043/?ref_=sr_i_993
994. Çildiran kadin,1948,,,,,,The story of an engineer who injured his wife who cheated on him and killed her lover.,https://www.imdb.com/title/tt0309112/?ref_=sr_i_994
995. Singin' Spurs,1948,1h 2m,Approved,,,,"In order to help neighboring Indians irrigate their farms, the Hotshots plan to put on a fair for tourists. But first they need $2000 for an advertising campaign, and the only way they can get it is to borrow it from a wealthy local woman, who has made it clear that she won't give them the money until Hezzie marries her.",https://www.imdb.com/title/tt0040792/?ref_=sr_i_995
996. Al marido hay que seguirlo,1948,1h 24m,,,,,"To work in the ranch of a misogynist, a doctor separates from his wife but she follows him.",https://www.imdb.com/title/tt0204796/?ref_=sr_i_996
997. Die Schatztruhe,1948,1h 25m,,,,,,https://www.imdb.com/title/tt0296182/?ref_=sr_i_997
998. Meri Kahani,1948,,,,,,,https://www.imdb.com/title/tt0451810/?ref_=sr_i_998
999. Gipfelkreuz,1948,1h 13m,,,,,,https://www.imdb.com/title/tt0860415/?ref_=sr_i_999
1000. Parade du rire,1948,1h 15m,,,,,,https://www.imdb.com/title/tt0446428/?ref_=sr_i_1000
